{
"type": "FeatureCollection",
"name": "blocks",
"crs": { "type": "name", "properties": { "name": "urn:ogc:def:crs:OGC:1.3:CRS84" } },
"xy_coordinate_resolution": 1e-07,
"features": [
{ "type": "Feature", "properties": { "vineyard_id": "V01", "n_rows": 3, "row_spacing_m": 3.0, "vine_spacing_m": 1.3, "area_m2": 41.64 }, "geometry": { "type": "Polygon", "coordinates": [ [ [ 28.7024806, 47.1280948 ], [ 28.7024808, 47.1280949 ], [ 28.702495, 47.1280996 ], [ 28.7024956, 47.1280999 ], [ 28.7025249, 47.1281112 ], [ 28.7025252, 47.1281113 ], [ 28.7025254, 47.1281111 ], [ 28.7025663, 47.1280617 ], [ 28.7025664, 47.1280615 ], [ 28.7025662, 47.1280614 ], [ 28.7025616, 47.1280596 ], [ 28.7025605, 47.1280592 ], [ 28.7025595, 47.1280587 ], [ 28.7025586, 47.1280581 ], [ 28.7025577, 47.1280574 ], [ 28.702557, 47.1280567 ], [ 28.7025567, 47.1280564 ], [ 28.7025564, 47.1280563 ], [ 28.7025429, 47.1280518 ], [ 28.7025417, 47.1280513 ], [ 28.7025407, 47.1280508 ], [ 28.7025397, 47.1280503 ], [ 28.7025388, 47.1280496 ], [ 28.702538, 47.1280489 ], [ 28.7025373, 47.1280482 ], [ 28.7025367, 47.1280474 ], [ 28.7025362, 47.1280466 ], [ 28.7025358, 47.1280457 ], [ 28.7025356, 47.1280449 ], [ 28.7025355, 47.128044 ], [ 28.7025355, 47.1280431 ], [ 28.7025357, 47.1280422 ], [ 28.702536, 47.1280414 ], [ 28.7025363, 47.1280405 ], [ 28.7025369, 47.1280397 ], [ 28.7025375, 47.1280389 ], [ 28.7025523, 47.1280226 ], [ 28.7025525, 47.1280224 ], [ 28.7025522, 47.1280223 ], [ 28.7025158, 47.1280069 ], [ 28.7025156, 47.1280068 ], [ 28.7025154, 47.128007 ], [ 28.7024878, 47.1280373 ], [ 28.7024877, 47.1280374 ], [ 28.7024871, 47.1280381 ], [ 28.702487, 47.1280382 ], [ 28.70248, 47.1280471 ], [ 28.7024799, 47.1280472 ], [ 28.7024801, 47.1280474 ], [ 28.7024963, 47.1280533 ], [ 28.7024974, 47.1280538 ], [ 28.7024984, 47.1280543 ], [ 28.7024994, 47.1280548 ], [ 28.7025002, 47.1280555 ], [ 28.702501, 47.1280562 ], [ 28.7025016, 47.1280569 ], [ 28.7025022, 47.1280577 ], [ 28.7025026, 47.1280585 ], [ 28.7025029, 47.1280593 ], [ 28.7025032, 47.1280602 ], [ 28.7025032, 47.128061 ], [ 28.7025032, 47.1280619 ], [ 28.7025031, 47.1280627 ], [ 28.7025028, 47.1280636 ], [ 28.7025024, 47.1280644 ], [ 28.7025019, 47.1280652 ], [ 28.7024807, 47.1280946 ], [ 28.7024806, 47.1280948 ] ] ] } },
{ "type": "Feature", "properties": { "vineyard_id": "V02", "n_rows": 8, "row_spacing_m": 3.0, "vine_spacing_m": 1.3, "area_m2": 71.37 }, "geometry": { "type": "MultiPolygon", "coordinates": [ [ [ [ 28.7027029, 47.12809 ], [ 28.702703, 47.1280901 ], [ 28.7027039, 47.1280908 ], [ 28.7027046, 47.1280915 ], [ 28.7027053, 47.1280923 ], [ 28.7027058, 47.1280931 ], [ 28.7027062, 47.128094 ], [ 28.7027063, 47.1280943 ], [ 28.7027064, 47.1280946 ], [ 28.7027067, 47.1280947 ], [ 28.7027254, 47.1280997 ], [ 28.7027265, 47.1281001 ], [ 28.7027276, 47.1281005 ], [ 28.7027391, 47.1281054 ], [ 28.7027394, 47.1281055 ], [ 28.7027395, 47.1281055 ], [ 28.7027408, 47.1281053 ], [ 28.7027421, 47.1281052 ], [ 28.7027434, 47.1281051 ], [ 28.7027448, 47.1281052 ], [ 28.7027461, 47.1281054 ], [ 28.7027464, 47.1281054 ], [ 28.7027469, 47.1281055 ], [ 28.702747, 47.1281053 ], [ 28.7027593, 47.128084 ], [ 28.7027598, 47.1280833 ], [ 28.7027604, 47.1280826 ], [ 28.7027906, 47.1280497 ], [ 28.7027908, 47.1280495 ], [ 28.7027905, 47.1280494 ], [ 28.7027542, 47.1280338 ], [ 28.702754, 47.1280337 ], [ 28.7027538, 47.1280339 ], [ 28.7027513, 47.1280365 ], [ 28.7027506, 47.1280372 ], [ 28.7027498, 47.1280379 ], [ 28.7027489, 47.1280385 ], [ 28.7027479, 47.128039 ], [ 28.7027469, 47.1280395 ], [ 28.7027458, 47.1280399 ], [ 28.7027446, 47.1280402 ], [ 28.7027434, 47.1280405 ], [ 28.7027421, 47.1280407 ], [ 28.7027409, 47.1280407 ], [ 28.7027396, 47.1280408 ], [ 28.7027384, 47.1280407 ], [ 28.7027377, 47.1280406 ], [ 28.7027376, 47.1280408 ], [ 28.7027213, 47.128069 ], [ 28.7027208, 47.1280698 ], [ 28.7027202, 47.1280705 ], [ 28.7027027, 47.1280896 ], [ 28.7027025, 47.1280897 ], [ 28.7027029, 47.12809 ] ] ], [ [ [ 28.7026246, 47.1279318 ], [ 28.7026248, 47.127932 ], [ 28.7026355, 47.1279364 ], [ 28.7026366, 47.1279369 ], [ 28.7026377, 47.1279375 ], [ 28.7026386, 47.1279382 ], [ 28.7026394, 47.1279389 ], [ 28.7026401, 47.1279397 ], [ 28.7026407, 47.1279405 ], [ 28.7026412, 47.1279413 ], [ 28.7026416, 47.1279422 ], [ 28.7026418, 47.1279431 ], [ 28.7026419, 47.127944 ], [ 28.7026418, 47.1279449 ], [ 28.7026416, 47.1279458 ], [ 28.7026413, 47.1279467 ], [ 28.7026409, 47.1279475 ], [ 28.7026403, 47.1279484 ], [ 28.7026332, 47.1279574 ], [ 28.702633, 47.1279576 ], [ 28.7026333, 47.1279577 ], [ 28.7026512, 47.1279643 ], [ 28.7026519, 47.1279646 ], [ 28.7026659, 47.1279704 ], [ 28.7026669, 47.1279709 ], [ 28.7026679, 47.1279715 ], [ 28.7026688, 47.1279721 ], [ 28.7026696, 47.1279728 ], [ 28.7026703, 47.1279735 ], [ 28.7026709, 47.1279743 ], [ 28.7026714, 47.1279751 ], [ 28.7026717, 47.127976 ], [ 28.702672, 47.1279768 ], [ 28.7026721, 47.1279777 ], [ 28.7026721, 47.1279786 ], [ 28.702672, 47.1279794 ], [ 28.7026717, 47.1279803 ], [ 28.7026713, 47.1279811 ], [ 28.7026708, 47.1279819 ], [ 28.7026702, 47.1279827 ], [ 28.7026684, 47.1279848 ], [ 28.7026683, 47.127985 ], [ 28.7026685, 47.1279851 ], [ 28.7027053, 47.1280001 ], [ 28.7027055, 47.1280002 ], [ 28.7027057, 47.1280001 ], [ 28.702723, 47.1279804 ], [ 28.7027232, 47.1279802 ], [ 28.7027229, 47.1279801 ], [ 28.7027047, 47.1279726 ], [ 28.7027036, 47.1279721 ], [ 28.7027026, 47.1279715 ], [ 28.7027017, 47.1279709 ], [ 28.7027009, 47.1279702 ], [ 28.7027001, 47.1279695 ], [ 28.7026995, 47.1279687 ], [ 28.702699, 47.1279679 ], [ 28.7026987, 47.127967 ], [ 28.7026984, 47.1279661 ], [ 28.7026983, 47.1279653 ], [ 28.7026983, 47.1279644 ], [ 28.7026985, 47.1279635 ], [ 28.7026987, 47.1279626 ], [ 28.7026991, 47.1279618 ], [ 28.7026996, 47.1279609 ], [ 28.7027003, 47.1279602 ], [ 28.7027043, 47.1279557 ], [ 28.7027045, 47.1279555 ], [ 28.7027042, 47.1279554 ], [ 28.702694, 47.1279511 ], [ 28.702693, 47.1279506 ], [ 28.702692, 47.1279501 ], [ 28.7026911, 47.1279494 ], [ 28.7026903, 47.1279488 ], [ 28.7026899, 47.1279484 ], [ 28.7026898, 47.1279482 ], [ 28.7026895, 47.1279481 ], [ 28.7026803, 47.1279447 ], [ 28.7026792, 47.1279443 ], [ 28.7026782, 47.1279438 ], [ 28.7026772, 47.1279432 ], [ 28.7026764, 47.1279426 ], [ 28.7026756, 47.1279419 ], [ 28.702675, 47.1279412 ], [ 28.7026744, 47.1279404 ], [ 28.702674, 47.1279396 ], [ 28.7026736, 47.1279387 ], [ 28.7026734, 47.1279379 ], [ 28.7026733, 47.127937 ], [ 28.7026734, 47.1279362 ], [ 28.7026735, 47.1279353 ], [ 28.7026738, 47.1279345 ], [ 28.7026742, 47.1279337 ], [ 28.7026747, 47.1279329 ], [ 28.7026753, 47.1279321 ], [ 28.7026886, 47.1279172 ], [ 28.7026888, 47.127917 ], [ 28.7026885, 47.1279169 ], [ 28.702652, 47.1279016 ], [ 28.7026517, 47.1279015 ], [ 28.7026515, 47.1279017 ], [ 28.7026247, 47.1279316 ], [ 28.7026246, 47.1279318 ] ] ], [ [ [ 28.7026164, 47.1280426 ], [ 28.7026166, 47.1280428 ], [ 28.7026423, 47.1280537 ], [ 28.7026435, 47.1280542 ], [ 28.7026598, 47.1280629 ], [ 28.7026601, 47.1280631 ], [ 28.7026603, 47.1280629 ], [ 28.7026807, 47.1280451 ], [ 28.7026809, 47.1280449 ], [ 28.7026806, 47.1280448 ], [ 28.7026743, 47.1280414 ], [ 28.7026732, 47.1280407 ], [ 28.7026722, 47.12804 ], [ 28.7026713, 47.1280392 ], [ 28.702671, 47.1280389 ], [ 28.7026708, 47.1280387 ], [ 28.7026643, 47.128036 ], [ 28.7026632, 47.1280354 ], [ 28.7026469, 47.1280267 ], [ 28.7026466, 47.1280266 ], [ 28.7026462, 47.1280266 ], [ 28.7026456, 47.1280266 ], [ 28.7026442, 47.1280265 ], [ 28.7026428, 47.1280264 ], [ 28.7026415, 47.1280261 ], [ 28.7026403, 47.1280257 ], [ 28.702639, 47.1280253 ], [ 28.7026344, 47.1280233 ], [ 28.7026341, 47.1280232 ], [ 28.7026339, 47.1280234 ], [ 28.7026165, 47.1280425 ], [ 28.7026164, 47.1280426 ] ] ] ] } },
{ "type": "Feature", "properties": { "vineyard_id": "V03", "n_rows": 6, "row_spacing_m": 3.0, "vine_spacing_m": 1.3, "area_m2": 55.52 }, "geometry": { "type": "Polygon", "coordinates": [ [ [ 28.7027121, 47.1279351 ], [ 28.7027124, 47.1279353 ], [ 28.702749, 47.1279505 ], [ 28.7027493, 47.1279506 ], [ 28.7027495, 47.1279504 ], [ 28.7027627, 47.1279355 ], [ 28.7027634, 47.1279348 ], [ 28.7027643, 47.1279341 ], [ 28.7027652, 47.1279335 ], [ 28.7027662, 47.1279329 ], [ 28.7027673, 47.1279324 ], [ 28.7027684, 47.127932 ], [ 28.7027696, 47.1279317 ], [ 28.7027708, 47.1279314 ], [ 28.7027721, 47.1279313 ], [ 28.7027734, 47.1279312 ], [ 28.7027747, 47.1279312 ], [ 28.7027759, 47.1279313 ], [ 28.7027772, 47.1279315 ], [ 28.7027784, 47.1279317 ], [ 28.7027796, 47.127932 ], [ 28.7027808, 47.1279325 ], [ 28.7027818, 47.1279329 ], [ 28.7027969, 47.1279405 ], [ 28.7027971, 47.1279407 ], [ 28.7027975, 47.1279404 ], [ 28.7027977, 47.1279403 ], [ 28.7027986, 47.1279397 ], [ 28.7027997, 47.1279392 ], [ 28.7028008, 47.1279387 ], [ 28.702802, 47.1279383 ], [ 28.7028032, 47.127938 ], [ 28.7028044, 47.1279378 ], [ 28.7028057, 47.1279377 ], [ 28.702807, 47.1279376 ], [ 28.7028083, 47.1279377 ], [ 28.7028096, 47.1279378 ], [ 28.7028109, 47.127938 ], [ 28.7028121, 47.1279383 ], [ 28.7028191, 47.1279403 ], [ 28.7028201, 47.1279407 ], [ 28.7028211, 47.1279411 ], [ 28.7028286, 47.1279443 ], [ 28.7028289, 47.1279444 ], [ 28.7028292, 47.1279445 ], [ 28.7028308, 47.1279451 ], [ 28.7028412, 47.1279495 ], [ 28.7028414, 47.1279496 ], [ 28.7028416, 47.1279494 ], [ 28.7028548, 47.1279349 ], [ 28.702855, 47.1279347 ], [ 28.7028549, 47.1279347 ], [ 28.7028541, 47.1279341 ], [ 28.7028532, 47.1279334 ], [ 28.7028524, 47.1279326 ], [ 28.7028517, 47.1279318 ], [ 28.7028512, 47.1279309 ], [ 28.7028509, 47.1279303 ], [ 28.7028508, 47.1279302 ], [ 28.7028506, 47.1279301 ], [ 28.7028324, 47.1279249 ], [ 28.7028313, 47.1279245 ], [ 28.7028301, 47.127924 ], [ 28.7028291, 47.1279235 ], [ 28.7028281, 47.1279229 ], [ 28.7028272, 47.1279222 ], [ 28.7028265, 47.1279215 ], [ 28.7028258, 47.1279207 ], [ 28.7028254, 47.1279201 ], [ 28.7028253, 47.12792 ], [ 28.7028251, 47.1279199 ], [ 28.7028033, 47.1279106 ], [ 28.7028024, 47.1279102 ], [ 28.7028003, 47.1279091 ], [ 28.7027993, 47.1279086 ], [ 28.7027983, 47.127908 ], [ 28.7027975, 47.1279073 ], [ 28.7027968, 47.1279065 ], [ 28.7027962, 47.1279057 ], [ 28.7027957, 47.1279049 ], [ 28.7027953, 47.1279041 ], [ 28.7027951, 47.1279032 ], [ 28.7027949, 47.1279023 ], [ 28.7027949, 47.1279014 ], [ 28.7027951, 47.1279005 ], [ 28.7027953, 47.1278997 ], [ 28.7027957, 47.1278988 ], [ 28.7027962, 47.127898 ], [ 28.7027968, 47.1278972 ], [ 28.7028324, 47.1278574 ], [ 28.7028325, 47.1278572 ], [ 28.7028323, 47.1278571 ], [ 28.7027957, 47.1278419 ], [ 28.7027954, 47.1278418 ], [ 28.7027952, 47.1278419 ], [ 28.7027123, 47.127935 ], [ 28.7027121, 47.1279351 ] ] ] } },
{ "type": "Feature", "properties": { "vineyard_id": "V04", "n_rows": 322, "row_spacing_m": 3.0, "vine_spacing_m": 1.3, "area_m2": 34485.37 }, "geometry": { "type": "MultiPolygon", "coordinates": [ [ [ [ 28.7009399, 47.1273742 ], [ 28.7009409, 47.1273747 ], [ 28.7009419, 47.1273753 ], [ 28.7009428, 47.1273759 ], [ 28.7009436, 47.1273766 ], [ 28.7009443, 47.1273773 ], [ 28.7009448, 47.1273781 ], [ 28.7009453, 47.1273788 ], [ 28.7009457, 47.1273797 ], [ 28.700946, 47.1273805 ], [ 28.7009461, 47.1273814 ], [ 28.7009461, 47.1273822 ], [ 28.700946, 47.1273831 ], [ 28.7009458, 47.1273839 ], [ 28.7009454, 47.1273848 ], [ 28.700945, 47.1273856 ], [ 28.7009444, 47.1273863 ], [ 28.7009358, 47.1273967 ], [ 28.7009357, 47.1273968 ], [ 28.7009359, 47.127397 ], [ 28.7009648, 47.1274082 ], [ 28.7009656, 47.1274085 ], [ 28.7009985, 47.1274233 ], [ 28.7009988, 47.1274234 ], [ 28.7009991, 47.1274234 ], [ 28.7009996, 47.1274235 ], [ 28.7010007, 47.1274237 ], [ 28.7010018, 47.127424 ], [ 28.7010029, 47.1274244 ], [ 28.7010039, 47.1274248 ], [ 28.701033, 47.127438 ], [ 28.7010332, 47.1274381 ], [ 28.7010338, 47.127438 ], [ 28.701035, 47.1274379 ], [ 28.7010363, 47.1274379 ], [ 28.7010375, 47.127438 ], [ 28.7010387, 47.1274382 ], [ 28.7010399, 47.1274384 ], [ 28.7010411, 47.1274387 ], [ 28.7010422, 47.1274391 ], [ 28.7010433, 47.1274395 ], [ 28.7010606, 47.1274478 ], [ 28.7010617, 47.1274484 ], [ 28.7010626, 47.127449 ], [ 28.7010635, 47.1274497 ], [ 28.7010642, 47.1274504 ], [ 28.7010643, 47.1274504 ], [ 28.7010645, 47.1274505 ], [ 28.7010871, 47.1274605 ], [ 28.7010881, 47.127461 ], [ 28.7010891, 47.1274616 ], [ 28.70109, 47.1274622 ], [ 28.7010907, 47.1274629 ], [ 28.7010914, 47.1274637 ], [ 28.701092, 47.1274644 ], [ 28.7010924, 47.1274653 ], [ 28.7010928, 47.1274661 ], [ 28.701093, 47.127467 ], [ 28.7010931, 47.1274678 ], [ 28.7010931, 47.1274687 ], [ 28.7010929, 47.1274696 ], [ 28.7010926, 47.1274704 ], [ 28.7010922, 47.1274713 ], [ 28.7010917, 47.1274721 ], [ 28.7010911, 47.1274728 ], [ 28.7010903, 47.1274736 ], [ 28.7010822, 47.1274807 ], [ 28.7010814, 47.1274814 ], [ 28.7010804, 47.127482 ], [ 28.7010794, 47.1274825 ], [ 28.7010783, 47.127483 ], [ 28.7010772, 47.1274834 ], [ 28.701076, 47.1274837 ], [ 28.7010747, 47.127484 ], [ 28.7010735, 47.1274841 ], [ 28.7010722, 47.1274842 ], [ 28.7010709, 47.1274842 ], [ 28.7010696, 47.1274841 ], [ 28.7010683, 47.1274839 ], [ 28.7010671, 47.1274836 ], [ 28.7010659, 47.1274832 ], [ 28.7010648, 47.1274828 ], [ 28.7010305, 47.1274681 ], [ 28.7010302, 47.127468 ], [ 28.70103, 47.1274682 ], [ 28.7009842, 47.1275181 ], [ 28.700984, 47.1275183 ], [ 28.7009843, 47.1275184 ], [ 28.7010206, 47.127534 ], [ 28.7010212, 47.1275342 ], [ 28.7010223, 47.1275347 ], [ 28.7010233, 47.1275352 ], [ 28.7010243, 47.1275358 ], [ 28.7010251, 47.1275365 ], [ 28.7010258, 47.1275372 ], [ 28.7010265, 47.1275379 ], [ 28.7010265, 47.127538 ], [ 28.7010268, 47.1275381 ], [ 28.7010632, 47.1275536 ], [ 28.7010635, 47.1275537 ], [ 28.7010636, 47.1275535 ], [ 28.7010894, 47.1275252 ], [ 28.7010901, 47.1275245 ], [ 28.7010909, 47.1275239 ], [ 28.7010919, 47.1275233 ], [ 28.7010928, 47.1275227 ], [ 28.7010939, 47.1275222 ], [ 28.701095, 47.1275218 ], [ 28.7010962, 47.1275215 ], [ 28.7010975, 47.1275213 ], [ 28.7010987, 47.1275211 ], [ 28.7011, 47.127521 ], [ 28.7011013, 47.127521 ], [ 28.7011025, 47.1275211 ], [ 28.7011038, 47.1275213 ], [ 28.701105, 47.1275215 ], [ 28.7011062, 47.1275218 ], [ 28.7011073, 47.1275223 ], [ 28.7011258, 47.1275298 ], [ 28.7011269, 47.1275302 ], [ 28.7011279, 47.1275308 ], [ 28.7011288, 47.1275314 ], [ 28.7011296, 47.1275321 ], [ 28.7011304, 47.1275328 ], [ 28.701131, 47.1275336 ], [ 28.7011315, 47.1275344 ], [ 28.7011318, 47.1275353 ], [ 28.7011321, 47.1275361 ], [ 28.7011322, 47.127537 ], [ 28.7011322, 47.1275379 ], [ 28.7011321, 47.1275388 ], [ 28.7011319, 47.1275397 ], [ 28.7011315, 47.1275405 ], [ 28.701131, 47.1275413 ], [ 28.7011304, 47.1275421 ], [ 28.7011031, 47.1275732 ], [ 28.701103, 47.1275734 ], [ 28.7011032, 47.1275735 ], [ 28.70114, 47.1275885 ], [ 28.7011403, 47.1275886 ], [ 28.7011405, 47.1275885 ], [ 28.7012009, 47.1275195 ], [ 28.7012016, 47.1275187 ], [ 28.7012024, 47.127518 ], [ 28.7012034, 47.1275174 ], [ 28.7012044, 47.1275168 ], [ 28.7012055, 47.1275163 ], [ 28.7012066, 47.1275159 ], [ 28.7012079, 47.1275156 ], [ 28.7012091, 47.1275153 ], [ 28.7012104, 47.1275152 ], [ 28.7012117, 47.1275151 ], [ 28.701213, 47.1275151 ], [ 28.7012143, 47.1275152 ], [ 28.7012156, 47.1275154 ], [ 28.7012169, 47.1275157 ], [ 28.7012181, 47.127516 ], [ 28.7012192, 47.1275165 ], [ 28.7012365, 47.1275239 ], [ 28.7012377, 47.1275245 ], [ 28.7012381, 47.1275248 ], [ 28.7012385, 47.127525 ], [ 28.7012387, 47.1275251 ], [ 28.7012642, 47.1275354 ], [ 28.7012653, 47.1275359 ], [ 28.7012663, 47.1275365 ], [ 28.7012672, 47.1275372 ], [ 28.701268, 47.1275379 ], [ 28.7012688, 47.1275386 ], [ 28.7012694, 47.1275394 ], [ 28.7012699, 47.1275403 ], [ 28.7012702, 47.1275411 ], [ 28.7012705, 47.127542 ], [ 28.7012706, 47.1275429 ], [ 28.7012706, 47.1275438 ], [ 28.7012704, 47.1275447 ], [ 28.7012701, 47.1275456 ], [ 28.7012697, 47.1275465 ], [ 28.7012578, 47.1275671 ], [ 28.7012575, 47.1275675 ], [ 28.7012473, 47.1275828 ], [ 28.701247, 47.1275833 ], [ 28.7012224, 47.1276153 ], [ 28.7012223, 47.1276155 ], [ 28.7012225, 47.1276156 ], [ 28.7012605, 47.1276292 ], [ 28.7012608, 47.1276292 ], [ 28.7012609, 47.1276291 ], [ 28.7012859, 47.1275966 ], [ 28.701286, 47.1275964 ], [ 28.7012864, 47.1275958 ], [ 28.7012865, 47.1275957 ], [ 28.7012959, 47.1275816 ], [ 28.7012965, 47.1275808 ], [ 28.7012972, 47.1275801 ], [ 28.7012981, 47.1275794 ], [ 28.701299, 47.1275787 ], [ 28.7013, 47.1275781 ], [ 28.7013011, 47.1275776 ], [ 28.7013022, 47.1275772 ], [ 28.7013035, 47.1275769 ], [ 28.7013047, 47.1275766 ], [ 28.701306, 47.1275764 ], [ 28.7013073, 47.1275764 ], [ 28.7013086, 47.1275764 ], [ 28.7013099, 47.1275765 ], [ 28.7013112, 47.1275766 ], [ 28.7013125, 47.1275769 ], [ 28.7013137, 47.1275773 ], [ 28.7013148, 47.1275777 ], [ 28.7013159, 47.1275782 ], [ 28.7013169, 47.1275788 ], [ 28.7013178, 47.1275794 ], [ 28.7013187, 47.1275801 ], [ 28.7013194, 47.1275809 ], [ 28.7013197, 47.1275813 ], [ 28.7013198, 47.1275815 ], [ 28.7013201, 47.1275816 ], [ 28.7013551, 47.1275985 ], [ 28.7013554, 47.1275986 ], [ 28.7013558, 47.1275984 ], [ 28.7013569, 47.1275979 ], [ 28.701358, 47.1275975 ], [ 28.7013592, 47.1275972 ], [ 28.7013604, 47.127597 ], [ 28.7013617, 47.1275968 ], [ 28.701363, 47.1275968 ], [ 28.7013643, 47.1275968 ], [ 28.7013656, 47.1275969 ], [ 28.7013668, 47.1275971 ], [ 28.701368, 47.1275973 ], [ 28.7013692, 47.1275977 ], [ 28.7013703, 47.1275981 ], [ 28.7013815, 47.1276028 ], [ 28.7013826, 47.1276034 ], [ 28.7013836, 47.1276039 ], [ 28.7013845, 47.1276046 ], [ 28.7013853, 47.1276053 ], [ 28.701386, 47.127606 ], [ 28.7013866, 47.1276068 ], [ 28.7013871, 47.1276077 ], [ 28.7013874, 47.1276085 ], [ 28.7013876, 47.1276094 ], [ 28.7013877, 47.1276103 ], [ 28.7013877, 47.1276112 ], [ 28.7013875, 47.1276121 ], [ 28.7013872, 47.127613 ], [ 28.7013868, 47.1276138 ], [ 28.7013862, 47.1276147 ], [ 28.7013855, 47.1276154 ], [ 28.701333, 47.12767 ], [ 28.7013328, 47.1276702 ], [ 28.7013331, 47.1276703 ], [ 28.7013689, 47.1276864 ], [ 28.7013691, 47.1276865 ], [ 28.7013693, 47.1276863 ], [ 28.7013947, 47.1276599 ], [ 28.7013955, 47.1276592 ], [ 28.7013964, 47.1276585 ], [ 28.7013974, 47.1276579 ], [ 28.7013984, 47.1276574 ], [ 28.7013996, 47.1276569 ], [ 28.7014007, 47.1276566 ], [ 28.701402, 47.1276563 ], [ 28.7014033, 47.127656 ], [ 28.7014046, 47.1276559 ], [ 28.7014059, 47.1276559 ], [ 28.7014072, 47.1276559 ], [ 28.7014085, 47.1276561 ], [ 28.7014098, 47.1276563 ], [ 28.701411, 47.1276566 ], [ 28.7014122, 47.127657 ], [ 28.7014196, 47.1276599 ], [ 28.7014207, 47.1276603 ], [ 28.7014217, 47.1276609 ], [ 28.7014227, 47.1276615 ], [ 28.7014235, 47.1276622 ], [ 28.7014243, 47.1276629 ], [ 28.7014249, 47.1276636 ], [ 28.7014255, 47.1276645 ], [ 28.7014259, 47.1276653 ], [ 28.7014262, 47.1276662 ], [ 28.7014263, 47.127667 ], [ 28.7014263, 47.1276679 ], [ 28.7014263, 47.1276688 ], [ 28.701426, 47.1276697 ], [ 28.7014257, 47.1276705 ], [ 28.7014252, 47.1276714 ], [ 28.7014246, 47.1276722 ], [ 28.7014239, 47.1276729 ], [ 28.7013987, 47.1276973 ], [ 28.7013985, 47.1276975 ], [ 28.7013988, 47.1276976 ], [ 28.7014338, 47.1277145 ], [ 28.701434, 47.1277146 ], [ 28.7014342, 47.1277144 ], [ 28.7014409, 47.127708 ], [ 28.7014417, 47.1277073 ], [ 28.7014426, 47.1277066 ], [ 28.7014436, 47.1277061 ], [ 28.7014446, 47.1277055 ], [ 28.7014458, 47.1277051 ], [ 28.701447, 47.1277048 ], [ 28.7014482, 47.1277045 ], [ 28.7014494, 47.1277043 ], [ 28.7014507, 47.1277042 ], [ 28.701452, 47.1277042 ], [ 28.7014533, 47.1277042 ], [ 28.7014546, 47.1277044 ], [ 28.7014558, 47.1277046 ], [ 28.701457, 47.1277049 ], [ 28.7014582, 47.1277053 ], [ 28.7014593, 47.1277058 ], [ 28.7014603, 47.1277063 ], [ 28.7014612, 47.127707 ], [ 28.7014621, 47.1277076 ], [ 28.7014628, 47.1277083 ], [ 28.7014635, 47.1277091 ], [ 28.7014636, 47.1277092 ], [ 28.7014638, 47.1277093 ], [ 28.7015038, 47.1277199 ], [ 28.7015041, 47.1277199 ], [ 28.7015042, 47.1277198 ], [ 28.7015119, 47.1277062 ], [ 28.7015124, 47.1277054 ], [ 28.7015131, 47.1277046 ], [ 28.7015138, 47.1277039 ], [ 28.7015146, 47.1277033 ], [ 28.7015155, 47.1277027 ], [ 28.7015165, 47.1277021 ], [ 28.7015176, 47.1277016 ], [ 28.7015187, 47.1277012 ], [ 28.7015199, 47.1277009 ], [ 28.7015211, 47.1277007 ], [ 28.7015223, 47.1277005 ], [ 28.7015236, 47.1277004 ], [ 28.7015248, 47.1277004 ], [ 28.7015261, 47.1277005 ], [ 28.7015273, 47.1277007 ], [ 28.7015285, 47.1277009 ], [ 28.7015297, 47.1277012 ], [ 28.7015308, 47.1277016 ], [ 28.7015357, 47.1277036 ], [ 28.7015368, 47.127704 ], [ 28.7015378, 47.1277046 ], [ 28.7015388, 47.1277052 ], [ 28.7015396, 47.1277059 ], [ 28.7015404, 47.1277066 ], [ 28.701541, 47.1277074 ], [ 28.7015415, 47.1277082 ], [ 28.7015419, 47.1277091 ], [ 28.7015422, 47.1277099 ], [ 28.7015423, 47.1277108 ], [ 28.7015423, 47.1277111 ], [ 28.7015426, 47.1277112 ], [ 28.7015823, 47.1277222 ], [ 28.7015826, 47.1277223 ], [ 28.7015827, 47.1277221 ], [ 28.7015866, 47.1277157 ], [ 28.7015873, 47.1277146 ], [ 28.7015913, 47.1277098 ], [ 28.701592, 47.127709 ], [ 28.7015928, 47.1277083 ], [ 28.7015937, 47.1277077 ], [ 28.7015947, 47.1277071 ], [ 28.7015958, 47.1277066 ], [ 28.701597, 47.1277061 ], [ 28.7015982, 47.1277058 ], [ 28.7015995, 47.1277055 ], [ 28.7016008, 47.1277053 ], [ 28.7016022, 47.1277052 ], [ 28.7016035, 47.1277052 ], [ 28.7016048, 47.1277053 ], [ 28.7016061, 47.1277055 ], [ 28.7016074, 47.1277058 ], [ 28.7016086, 47.1277062 ], [ 28.7016098, 47.1277066 ], [ 28.7016151, 47.1277089 ], [ 28.7016162, 47.1277094 ], [ 28.7016172, 47.12771 ], [ 28.701618, 47.1277106 ], [ 28.7016188, 47.1277113 ], [ 28.7016195, 47.127712 ], [ 28.7016201, 47.1277128 ], [ 28.7016206, 47.1277136 ], [ 28.7016209, 47.1277145 ], [ 28.7016212, 47.1277154 ], [ 28.7016213, 47.1277162 ], [ 28.7016212, 47.1277171 ], [ 28.7016211, 47.127718 ], [ 28.7016208, 47.1277189 ], [ 28.7016204, 47.1277197 ], [ 28.7016199, 47.1277205 ], [ 28.7016193, 47.1277213 ], [ 28.7016132, 47.1277279 ], [ 28.7016131, 47.1277281 ], [ 28.7016133, 47.1277282 ], [ 28.7016496, 47.1277437 ], [ 28.7016499, 47.1277438 ], [ 28.7016501, 47.1277436 ], [ 28.7016539, 47.1277394 ], [ 28.7016547, 47.1277387 ], [ 28.7016555, 47.1277381 ], [ 28.7016564, 47.1277375 ], [ 28.7016574, 47.1277369 ], [ 28.7016585, 47.1277364 ], [ 28.7016596, 47.127736 ], [ 28.7016608, 47.1277357 ], [ 28.701662, 47.1277355 ], [ 28.7016633, 47.1277353 ], [ 28.7016646, 47.1277352 ], [ 28.7016658, 47.1277352 ], [ 28.7016671, 47.1277353 ], [ 28.7016684, 47.1277355 ], [ 28.7016696, 47.1277358 ], [ 28.7016708, 47.1277361 ], [ 28.7016719, 47.1277365 ], [ 28.701673, 47.127737 ], [ 28.7016918, 47.1277465 ], [ 28.7016921, 47.1277467 ], [ 28.7016922, 47.1277467 ], [ 28.7016935, 47.1277466 ], [ 28.7016947, 47.1277467 ], [ 28.701696, 47.1277468 ], [ 28.7016973, 47.127747 ], [ 28.7016985, 47.1277473 ], [ 28.7016996, 47.1277477 ], [ 28.7017008, 47.1277481 ], [ 28.7017016, 47.1277486 ], [ 28.701702, 47.1277487 ], [ 28.7017187, 47.1277555 ], [ 28.7017198, 47.127756 ], [ 28.7017208, 47.1277566 ], [ 28.7017217, 47.1277572 ], [ 28.7017225, 47.1277579 ], [ 28.7017233, 47.1277586 ], [ 28.7017239, 47.1277594 ], [ 28.7017244, 47.1277603 ], [ 28.7017248, 47.1277611 ], [ 28.701725, 47.127762 ], [ 28.7017251, 47.1277629 ], [ 28.7017251, 47.1277638 ], [ 28.701725, 47.1277647 ], [ 28.7017247, 47.1277655 ], [ 28.7017243, 47.1277664 ], [ 28.7017238, 47.1277672 ], [ 28.7017231, 47.127768 ], [ 28.701716, 47.1277758 ], [ 28.7017159, 47.127776 ], [ 28.7017161, 47.1277761 ], [ 28.7017525, 47.1277916 ], [ 28.7017528, 47.1277917 ], [ 28.7017529, 47.1277915 ], [ 28.7017556, 47.1277886 ], [ 28.7017563, 47.1277879 ], [ 28.7017571, 47.1277872 ], [ 28.7017581, 47.1277866 ], [ 28.7017591, 47.127786 ], [ 28.7017602, 47.1277856 ], [ 28.7017613, 47.1277852 ], [ 28.7017625, 47.1277848 ], [ 28.7017638, 47.1277846 ], [ 28.701765, 47.1277844 ], [ 28.7017663, 47.1277844 ], [ 28.7017676, 47.1277844 ], [ 28.7017689, 47.1277845 ], [ 28.7017702, 47.1277847 ], [ 28.7017714, 47.1277849 ], [ 28.7017726, 47.1277853 ], [ 28.7017737, 47.1277857 ], [ 28.7017748, 47.1277862 ], [ 28.7017912, 47.1277948 ], [ 28.7017915, 47.127795 ], [ 28.7017917, 47.1277949 ], [ 28.7017929, 47.1277946 ], [ 28.7017942, 47.1277944 ], [ 28.7017954, 47.1277943 ], [ 28.7017967, 47.1277943 ], [ 28.701798, 47.1277943 ], [ 28.7017992, 47.1277944 ], [ 28.7018005, 47.1277947 ], [ 28.7018017, 47.127795 ], [ 28.7018028, 47.1277953 ], [ 28.7018039, 47.1277958 ], [ 28.7018244, 47.1278052 ], [ 28.7018247, 47.1278053 ], [ 28.7018249, 47.1278051 ], [ 28.7018398, 47.12779 ], [ 28.7018405, 47.1277893 ], [ 28.7018414, 47.1277886 ], [ 28.7018423, 47.127788 ], [ 28.7018434, 47.1277875 ], [ 28.7018445, 47.1277871 ], [ 28.7018456, 47.1277867 ], [ 28.7018468, 47.1277864 ], [ 28.701848, 47.1277862 ], [ 28.7018493, 47.127786 ], [ 28.7018506, 47.127786 ], [ 28.7018519, 47.127786 ], [ 28.7018531, 47.1277861 ], [ 28.7018544, 47.1277863 ], [ 28.7018556, 47.1277866 ], [ 28.7018567, 47.127787 ], [ 28.7018578, 47.1277874 ], [ 28.7018825, 47.1277982 ], [ 28.7018828, 47.1277983 ], [ 28.7018832, 47.1277984 ], [ 28.7018834, 47.1277985 ], [ 28.7018844, 47.1277987 ], [ 28.7018855, 47.1277991 ], [ 28.7018865, 47.1277995 ], [ 28.7019023, 47.1278064 ], [ 28.7019033, 47.1278069 ], [ 28.7019043, 47.1278075 ], [ 28.7019052, 47.1278082 ], [ 28.701906, 47.1278089 ], [ 28.7019067, 47.1278097 ], [ 28.7019072, 47.1278105 ], [ 28.7019077, 47.1278113 ], [ 28.701908, 47.1278122 ], [ 28.7019082, 47.127813 ], [ 28.7019083, 47.1278139 ], [ 28.7019082, 47.1278148 ], [ 28.7019081, 47.1278157 ], [ 28.7019077, 47.1278166 ], [ 28.7019073, 47.1278174 ], [ 28.7019068, 47.1278182 ], [ 28.7019061, 47.127819 ], [ 28.7019007, 47.1278245 ], [ 28.7019005, 47.1278246 ], [ 28.7019008, 47.1278248 ], [ 28.7019183, 47.1278327 ], [ 28.7019193, 47.1278333 ], [ 28.7019203, 47.1278339 ], [ 28.7019211, 47.1278345 ], [ 28.7019219, 47.1278352 ], [ 28.7019226, 47.127836 ], [ 28.7019231, 47.1278368 ], [ 28.7019236, 47.1278376 ], [ 28.7019239, 47.1278385 ], [ 28.7019241, 47.1278394 ], [ 28.7019241, 47.1278402 ], [ 28.7019241, 47.1278411 ], [ 28.7019239, 47.127842 ], [ 28.7019235, 47.1278429 ], [ 28.7019231, 47.1278437 ], [ 28.7019225, 47.1278445 ], [ 28.7019219, 47.1278453 ], [ 28.7019069, 47.1278604 ], [ 28.7019067, 47.1278606 ], [ 28.701907, 47.1278607 ], [ 28.7019425, 47.1278771 ], [ 28.7019428, 47.1278772 ], [ 28.7019434, 47.1278771 ], [ 28.7019434, 47.1278771 ], [ 28.7019435, 47.127877 ], [ 28.7019448, 47.1278769 ], [ 28.7019462, 47.1278768 ], [ 28.7019475, 47.1278768 ], [ 28.7019488, 47.1278769 ], [ 28.7019502, 47.1278771 ], [ 28.7019514, 47.1278774 ], [ 28.7019527, 47.1278778 ], [ 28.7019538, 47.1278783 ], [ 28.7019811, 47.1278907 ], [ 28.7019814, 47.1278908 ], [ 28.7019816, 47.1278908 ], [ 28.7019827, 47.1278912 ], [ 28.7019837, 47.1278917 ], [ 28.7019847, 47.1278922 ], [ 28.7019856, 47.1278928 ], [ 28.7019864, 47.1278935 ], [ 28.7019871, 47.1278942 ], [ 28.7019877, 47.1278949 ], [ 28.7019882, 47.1278957 ], [ 28.7019883, 47.1278958 ], [ 28.7019886, 47.127896 ], [ 28.702025, 47.1279114 ], [ 28.7020252, 47.1279115 ], [ 28.7020254, 47.1279113 ], [ 28.7020275, 47.127909 ], [ 28.7020283, 47.1279083 ], [ 28.7020291, 47.1279076 ], [ 28.70203, 47.127907 ], [ 28.702031, 47.1279065 ], [ 28.7020321, 47.127906 ], [ 28.7020333, 47.1279056 ], [ 28.7020345, 47.1279052 ], [ 28.7020357, 47.127905 ], [ 28.702037, 47.1279048 ], [ 28.7020383, 47.1279048 ], [ 28.7020396, 47.1279048 ], [ 28.7020408, 47.1279049 ], [ 28.7020421, 47.1279051 ], [ 28.7020433, 47.1279053 ], [ 28.7020445, 47.1279057 ], [ 28.7020456, 47.1279061 ], [ 28.7020467, 47.1279066 ], [ 28.7020472, 47.1279068 ], [ 28.7020482, 47.1279074 ], [ 28.7020491, 47.127908 ], [ 28.7020499, 47.1279087 ], [ 28.7020506, 47.1279095 ], [ 28.7020512, 47.1279103 ], [ 28.7020517, 47.1279111 ], [ 28.702052, 47.1279119 ], [ 28.7020523, 47.1279128 ], [ 28.7020524, 47.1279137 ], [ 28.7020524, 47.1279146 ], [ 28.7020522, 47.1279155 ], [ 28.7020519, 47.1279163 ], [ 28.7020516, 47.1279172 ], [ 28.702051, 47.127918 ], [ 28.7020504, 47.1279188 ], [ 28.7020146, 47.1279581 ], [ 28.7020145, 47.1279583 ], [ 28.7020147, 47.1279584 ], [ 28.7020511, 47.1279739 ], [ 28.7020514, 47.127974 ], [ 28.7020516, 47.1279738 ], [ 28.7020519, 47.1279735 ], [ 28.7020526, 47.1279728 ], [ 28.7020534, 47.1279721 ], [ 28.7020543, 47.1279715 ], [ 28.7020553, 47.127971 ], [ 28.7020563, 47.1279705 ], [ 28.7020575, 47.1279701 ], [ 28.7020586, 47.1279697 ], [ 28.7020599, 47.1279695 ], [ 28.7020611, 47.1279693 ], [ 28.7020624, 47.1279692 ], [ 28.7020636, 47.1279692 ], [ 28.7020649, 47.1279693 ], [ 28.7020661, 47.1279695 ], [ 28.7020674, 47.1279697 ], [ 28.7020685, 47.12797 ], [ 28.7020697, 47.1279704 ], [ 28.7020707, 47.1279709 ], [ 28.7020717, 47.1279714 ], [ 28.7020726, 47.127972 ], [ 28.7020735, 47.1279727 ], [ 28.7020742, 47.1279734 ], [ 28.7020748, 47.1279742 ], [ 28.7020753, 47.127975 ], [ 28.7020757, 47.1279758 ], [ 28.7020758, 47.127976 ], [ 28.7020759, 47.1279763 ], [ 28.7020762, 47.1279765 ], [ 28.7021102, 47.1279943 ], [ 28.7021104, 47.1279944 ], [ 28.7021106, 47.1279942 ], [ 28.7021388, 47.1279692 ], [ 28.7021396, 47.1279686 ], [ 28.7021406, 47.127968 ], [ 28.7021416, 47.1279674 ], [ 28.7021427, 47.1279669 ], [ 28.7021438, 47.1279665 ], [ 28.702145, 47.1279662 ], [ 28.7021463, 47.127966 ], [ 28.7021475, 47.1279658 ], [ 28.7021488, 47.1279657 ], [ 28.7021501, 47.1279658 ], [ 28.7021514, 47.1279659 ], [ 28.7021527, 47.127966 ], [ 28.7021539, 47.1279663 ], [ 28.7021551, 47.1279667 ], [ 28.7021562, 47.1279671 ], [ 28.7021783, 47.1279765 ], [ 28.7021786, 47.1279766 ], [ 28.7021792, 47.1279767 ], [ 28.7021804, 47.127977 ], [ 28.7021815, 47.1279774 ], [ 28.7021826, 47.1279778 ], [ 28.7022111, 47.1279911 ], [ 28.7022113, 47.1279912 ], [ 28.7022115, 47.1279911 ], [ 28.7022119, 47.1279907 ], [ 28.7022128, 47.1279901 ], [ 28.7022138, 47.1279896 ], [ 28.7022149, 47.1279891 ], [ 28.702216, 47.1279887 ], [ 28.7022171, 47.1279883 ], [ 28.7022183, 47.1279881 ], [ 28.7022196, 47.1279879 ], [ 28.7022208, 47.1279878 ], [ 28.7022221, 47.1279878 ], [ 28.7022234, 47.1279879 ], [ 28.7022246, 47.127988 ], [ 28.7022258, 47.1279883 ], [ 28.702227, 47.1279886 ], [ 28.7022281, 47.127989 ], [ 28.7022292, 47.1279894 ], [ 28.7022328, 47.1279912 ], [ 28.7022339, 47.1279917 ], [ 28.7022348, 47.1279923 ], [ 28.7022357, 47.127993 ], [ 28.7022364, 47.1279937 ], [ 28.7022371, 47.1279945 ], [ 28.7022376, 47.1279953 ], [ 28.702238, 47.1279962 ], [ 28.7022383, 47.1279971 ], [ 28.7022384, 47.127998 ], [ 28.7022384, 47.1279989 ], [ 28.7022383, 47.1279998 ], [ 28.7022381, 47.1280006 ], [ 28.7022377, 47.1280015 ], [ 28.7022372, 47.1280023 ], [ 28.7022366, 47.1280031 ], [ 28.7022359, 47.1280039 ], [ 28.702235, 47.1280046 ], [ 28.7022075, 47.1280253 ], [ 28.7022072, 47.1280255 ], [ 28.7022056, 47.1280269 ], [ 28.7022054, 47.1280272 ], [ 28.7021972, 47.1280354 ], [ 28.702197, 47.1280356 ], [ 28.7021972, 47.1280357 ], [ 28.7022327, 47.1280522 ], [ 28.702233, 47.1280523 ], [ 28.7022334, 47.1280522 ], [ 28.7022347, 47.128052 ], [ 28.702236, 47.128052 ], [ 28.7022373, 47.128052 ], [ 28.7022386, 47.1280521 ], [ 28.7022399, 47.1280522 ], [ 28.7022411, 47.1280525 ], [ 28.7022423, 47.1280529 ], [ 28.7022435, 47.1280533 ], [ 28.7022446, 47.1280538 ], [ 28.7022456, 47.1280544 ], [ 28.7022465, 47.1280551 ], [ 28.7022473, 47.1280558 ], [ 28.702248, 47.1280565 ], [ 28.7022486, 47.1280573 ], [ 28.702249, 47.1280582 ], [ 28.7022494, 47.1280591 ], [ 28.7022496, 47.1280599 ], [ 28.7022496, 47.1280602 ], [ 28.7022499, 47.1280603 ], [ 28.702287, 47.128075 ], [ 28.7022872, 47.1280751 ], [ 28.7022874, 47.128075 ], [ 28.7023369, 47.1280168 ], [ 28.7023376, 47.1280161 ], [ 28.7023383, 47.1280154 ], [ 28.7023392, 47.1280148 ], [ 28.7023402, 47.1280142 ], [ 28.7023412, 47.1280137 ], [ 28.7023423, 47.1280133 ], [ 28.7023434, 47.128013 ], [ 28.7023446, 47.1280127 ], [ 28.7023459, 47.1280125 ], [ 28.7023471, 47.1280124 ], [ 28.7023484, 47.1280123 ], [ 28.7023496, 47.1280124 ], [ 28.7023509, 47.1280125 ], [ 28.7023521, 47.1280127 ], [ 28.7023533, 47.128013 ], [ 28.7023544, 47.1280134 ], [ 28.702378, 47.1280218 ], [ 28.7023782, 47.1280219 ], [ 28.7023784, 47.1280217 ], [ 28.7023904, 47.1280062 ], [ 28.7023907, 47.1280057 ], [ 28.7024037, 47.127991 ], [ 28.7024038, 47.1279909 ], [ 28.7026538, 47.1277133 ], [ 28.7026545, 47.1277126 ], [ 28.7026554, 47.1277119 ], [ 28.7026563, 47.1277112 ], [ 28.7026574, 47.1277107 ], [ 28.7026585, 47.1277102 ], [ 28.7026596, 47.1277098 ], [ 28.7026608, 47.1277095 ], [ 28.7026621, 47.1277092 ], [ 28.7026634, 47.1277091 ], [ 28.7026647, 47.127709 ], [ 28.702666, 47.127709 ], [ 28.7026673, 47.1277091 ], [ 28.7026686, 47.1277093 ], [ 28.7026698, 47.1277096 ], [ 28.702671, 47.12771 ], [ 28.7026758, 47.1277116 ], [ 28.7026769, 47.1277121 ], [ 28.7026779, 47.1277126 ], [ 28.7026789, 47.1277132 ], [ 28.7026798, 47.1277138 ], [ 28.7026806, 47.1277145 ], [ 28.7026813, 47.1277152 ], [ 28.7026818, 47.127716 ], [ 28.7026823, 47.1277168 ], [ 28.7026826, 47.1277177 ], [ 28.7026829, 47.1277185 ], [ 28.702683, 47.1277194 ], [ 28.7026829, 47.1277203 ], [ 28.7026828, 47.1277212 ], [ 28.7026825, 47.127722 ], [ 28.7026821, 47.1277229 ], [ 28.7026816, 47.1277237 ], [ 28.702681, 47.1277244 ], [ 28.7025944, 47.127819 ], [ 28.7025942, 47.1278192 ], [ 28.7025945, 47.1278193 ], [ 28.7026308, 47.1278348 ], [ 28.7026311, 47.1278349 ], [ 28.7026313, 47.1278348 ], [ 28.7026545, 47.1278093 ], [ 28.7026553, 47.1278086 ], [ 28.7026561, 47.1278079 ], [ 28.702657, 47.1278073 ], [ 28.702658, 47.1278068 ], [ 28.7026591, 47.1278063 ], [ 28.7026603, 47.1278059 ], [ 28.7026615, 47.1278056 ], [ 28.7026627, 47.1278053 ], [ 28.702664, 47.1278052 ], [ 28.7026653, 47.1278051 ], [ 28.7026665, 47.1278051 ], [ 28.7026678, 47.1278052 ], [ 28.7026691, 47.1278054 ], [ 28.7026703, 47.1278057 ], [ 28.7026715, 47.127806 ], [ 28.7026726, 47.1278065 ], [ 28.7026737, 47.1278069 ], [ 28.7026747, 47.1278075 ], [ 28.7026756, 47.1278081 ], [ 28.7026764, 47.1278088 ], [ 28.7026771, 47.1278096 ], [ 28.7026777, 47.1278104 ], [ 28.7026782, 47.1278112 ], [ 28.7026785, 47.127812 ], [ 28.7026788, 47.1278129 ], [ 28.7026789, 47.1278138 ], [ 28.7026789, 47.1278146 ], [ 28.7026787, 47.1278155 ], [ 28.7026785, 47.1278164 ], [ 28.7026781, 47.1278172 ], [ 28.7026776, 47.127818 ], [ 28.7026498, 47.1278571 ], [ 28.7026497, 47.1278573 ], [ 28.70265, 47.1278574 ], [ 28.7026686, 47.1278636 ], [ 28.7026699, 47.1278641 ], [ 28.7026892, 47.1278723 ], [ 28.7026895, 47.1278724 ], [ 28.7026897, 47.1278723 ], [ 28.7027519, 47.1278044 ], [ 28.7027521, 47.1278042 ], [ 28.7027518, 47.1278041 ], [ 28.7027456, 47.1278014 ], [ 28.7027445, 47.1278009 ], [ 28.7027434, 47.1278003 ], [ 28.7027425, 47.1277996 ], [ 28.7027417, 47.1277988 ], [ 28.7027409, 47.127798 ], [ 28.7027407, 47.1277977 ], [ 28.7027405, 47.1277974 ], [ 28.7027402, 47.1277973 ], [ 28.7027219, 47.1277913 ], [ 28.7027207, 47.1277908 ], [ 28.7027155, 47.1277886 ], [ 28.7027152, 47.1277885 ], [ 28.7027151, 47.1277885 ], [ 28.7027137, 47.1277883 ], [ 28.7027123, 47.127788 ], [ 28.7027109, 47.1277876 ], [ 28.7027017, 47.1277846 ], [ 28.7027014, 47.1277845 ], [ 28.7027009, 47.1277845 ], [ 28.7026997, 47.1277844 ], [ 28.7026984, 47.1277843 ], [ 28.7026972, 47.1277841 ], [ 28.702696, 47.1277838 ], [ 28.7026948, 47.1277834 ], [ 28.7026937, 47.127783 ], [ 28.7026927, 47.1277824 ], [ 28.7026918, 47.1277819 ], [ 28.7026909, 47.1277812 ], [ 28.7026902, 47.1277805 ], [ 28.7026895, 47.1277798 ], [ 28.7026889, 47.127779 ], [ 28.7026885, 47.1277782 ], [ 28.7026882, 47.1277774 ], [ 28.702688, 47.1277765 ], [ 28.7026879, 47.1277757 ], [ 28.7026879, 47.1277748 ], [ 28.7026881, 47.1277739 ], [ 28.7026883, 47.1277731 ], [ 28.7026887, 47.1277723 ], [ 28.7026893, 47.1277715 ], [ 28.7026899, 47.1277707 ], [ 28.7027036, 47.1277557 ], [ 28.7027044, 47.127755 ], [ 28.7027052, 47.1277543 ], [ 28.7027062, 47.1277537 ], [ 28.7027072, 47.1277531 ], [ 28.7027083, 47.1277526 ], [ 28.7027094, 47.1277522 ], [ 28.7027107, 47.1277519 ], [ 28.7027119, 47.1277517 ], [ 28.7027132, 47.1277515 ], [ 28.7027145, 47.1277515 ], [ 28.7027158, 47.1277515 ], [ 28.7027171, 47.1277516 ], [ 28.7027184, 47.1277518 ], [ 28.7027196, 47.1277521 ], [ 28.7027208, 47.1277524 ], [ 28.7027219, 47.1277529 ], [ 28.7027223, 47.1277531 ], [ 28.7027226, 47.1277532 ], [ 28.7027617, 47.1277651 ], [ 28.702762, 47.1277652 ], [ 28.7027622, 47.127765 ], [ 28.7027844, 47.1277312 ], [ 28.7027846, 47.127731 ], [ 28.7027852, 47.1277301 ], [ 28.7027858, 47.1277293 ], [ 28.7027866, 47.1277286 ], [ 28.7027874, 47.1277279 ], [ 28.7027883, 47.1277273 ], [ 28.7027893, 47.1277267 ], [ 28.7027904, 47.1277262 ], [ 28.7027915, 47.1277258 ], [ 28.7027927, 47.1277255 ], [ 28.7027939, 47.1277253 ], [ 28.7027952, 47.1277251 ], [ 28.7027964, 47.127725 ], [ 28.7027977, 47.127725 ], [ 28.702799, 47.1277251 ], [ 28.7028003, 47.1277253 ], [ 28.7028015, 47.1277255 ], [ 28.7028027, 47.1277258 ], [ 28.7028038, 47.1277263 ], [ 28.7028175, 47.1277318 ], [ 28.7028177, 47.1277319 ], [ 28.702818, 47.127732 ], [ 28.7028181, 47.1277321 ], [ 28.702836, 47.1277393 ], [ 28.7028363, 47.1277394 ], [ 28.7028365, 47.1277392 ], [ 28.7028378, 47.1277378 ], [ 28.7028385, 47.127737 ], [ 28.7028393, 47.1277363 ], [ 28.7028402, 47.1277357 ], [ 28.7028412, 47.1277352 ], [ 28.7028422, 47.1277347 ], [ 28.7028434, 47.1277342 ], [ 28.7028445, 47.1277339 ], [ 28.7028458, 47.1277336 ], [ 28.702847, 47.1277335 ], [ 28.7028483, 47.1277334 ], [ 28.7028496, 47.1277334 ], [ 28.7028509, 47.1277334 ], [ 28.7028522, 47.1277336 ], [ 28.7028534, 47.1277338 ], [ 28.7028546, 47.1277342 ], [ 28.7028557, 47.1277346 ], [ 28.7028667, 47.127739 ], [ 28.702867, 47.1277391 ], [ 28.7028672, 47.1277389 ], [ 28.7028874, 47.1277152 ], [ 28.7028881, 47.1277144 ], [ 28.7028889, 47.1277138 ], [ 28.7028898, 47.1277132 ], [ 28.7028907, 47.1277126 ], [ 28.7028918, 47.1277121 ], [ 28.7028929, 47.1277117 ], [ 28.702894, 47.1277113 ], [ 28.7028952, 47.127711 ], [ 28.7028964, 47.1277109 ], [ 28.7028977, 47.1277107 ], [ 28.7028989, 47.1277107 ], [ 28.7029002, 47.1277108 ], [ 28.7029015, 47.1277109 ], [ 28.7029027, 47.1277111 ], [ 28.7029039, 47.1277114 ], [ 28.702905, 47.1277118 ], [ 28.7029061, 47.1277122 ], [ 28.7029232, 47.1277199 ], [ 28.7029234, 47.12772 ], [ 28.7029236, 47.1277199 ], [ 28.7029262, 47.1277171 ], [ 28.702927, 47.1277164 ], [ 28.7029279, 47.1277157 ], [ 28.7029289, 47.1277151 ], [ 28.70293, 47.1277146 ], [ 28.7029311, 47.1277141 ], [ 28.7029323, 47.1277138 ], [ 28.7029335, 47.1277135 ], [ 28.7029348, 47.1277133 ], [ 28.7029361, 47.1277131 ], [ 28.7029375, 47.1277131 ], [ 28.7029388, 47.1277132 ], [ 28.7029401, 47.1277133 ], [ 28.7029414, 47.1277136 ], [ 28.7029426, 47.1277139 ], [ 28.7029519, 47.1277167 ], [ 28.7029534, 47.1277172 ], [ 28.7029558, 47.1277182 ], [ 28.702956, 47.1277183 ], [ 28.7029567, 47.1277184 ], [ 28.7029568, 47.1277184 ], [ 28.7029582, 47.1277187 ], [ 28.7029595, 47.127719 ], [ 28.7029708, 47.1277224 ], [ 28.7029711, 47.1277225 ], [ 28.7029712, 47.1277223 ], [ 28.703009, 47.1276642 ], [ 28.7030096, 47.1276634 ], [ 28.7030103, 47.1276627 ], [ 28.7030111, 47.127662 ], [ 28.703012, 47.1276613 ], [ 28.703013, 47.1276607 ], [ 28.703014, 47.1276602 ], [ 28.7030152, 47.1276598 ], [ 28.7030163, 47.1276594 ], [ 28.7030176, 47.1276592 ], [ 28.7030188, 47.127659 ], [ 28.7030201, 47.1276589 ], [ 28.7030214, 47.1276588 ], [ 28.7030227, 47.1276589 ], [ 28.703024, 47.1276591 ], [ 28.7030252, 47.1276593 ], [ 28.7030264, 47.1276596 ], [ 28.7030276, 47.12766 ], [ 28.7030491, 47.1276684 ], [ 28.7030491, 47.1276684 ], [ 28.7030503, 47.1276688 ], [ 28.7030513, 47.1276693 ], [ 28.7030523, 47.1276699 ], [ 28.7030532, 47.1276705 ], [ 28.703054, 47.1276713 ], [ 28.7030547, 47.127672 ], [ 28.7030553, 47.1276728 ], [ 28.7030557, 47.1276736 ], [ 28.7030561, 47.1276745 ], [ 28.7030563, 47.1276754 ], [ 28.7030564, 47.1276762 ], [ 28.7030563, 47.1276771 ], [ 28.7030561, 47.127678 ], [ 28.7030559, 47.1276789 ], [ 28.7030554, 47.1276797 ], [ 28.7030549, 47.1276807 ], [ 28.7030548, 47.1276809 ], [ 28.703055, 47.127681 ], [ 28.7030671, 47.1276843 ], [ 28.7030683, 47.1276846 ], [ 28.7030694, 47.1276851 ], [ 28.7030705, 47.1276856 ], [ 28.7030715, 47.1276862 ], [ 28.7030724, 47.1276869 ], [ 28.7030732, 47.1276876 ], [ 28.7030738, 47.1276883 ], [ 28.7030744, 47.1276891 ], [ 28.7030749, 47.12769 ], [ 28.7030752, 47.1276909 ], [ 28.7030752, 47.127691 ], [ 28.7030755, 47.1276911 ], [ 28.7031122, 47.1277062 ], [ 28.7031125, 47.1277063 ], [ 28.7031131, 47.1277063 ], [ 28.7031144, 47.1277063 ], [ 28.7031157, 47.1277064 ], [ 28.703117, 47.1277067 ], [ 28.7031182, 47.127707 ], [ 28.7031194, 47.1277074 ], [ 28.7031385, 47.1277145 ], [ 28.7031388, 47.1277146 ], [ 28.7031389, 47.1277145 ], [ 28.7031584, 47.1276904 ], [ 28.7031587, 47.1276899 ], [ 28.7032001, 47.127645 ], [ 28.7032002, 47.1276448 ], [ 28.7032, 47.1276447 ], [ 28.703178, 47.1276353 ], [ 28.7031769, 47.1276348 ], [ 28.7031759, 47.1276342 ], [ 28.703175, 47.1276335 ], [ 28.7031748, 47.1276333 ], [ 28.7031745, 47.1276331 ], [ 28.7031742, 47.127633 ], [ 28.7031524, 47.1276246 ], [ 28.7031514, 47.1276241 ], [ 28.7031503, 47.1276235 ], [ 28.7031494, 47.1276229 ], [ 28.7031486, 47.1276223 ], [ 28.7031478, 47.1276216 ], [ 28.7031472, 47.1276208 ], [ 28.7031466, 47.12762 ], [ 28.7031462, 47.1276191 ], [ 28.703146, 47.1276183 ], [ 28.7031458, 47.1276174 ], [ 28.7031458, 47.1276165 ], [ 28.7031459, 47.1276157 ], [ 28.7031461, 47.1276148 ], [ 28.7031464, 47.1276139 ], [ 28.7031469, 47.1276131 ], [ 28.7031474, 47.1276123 ], [ 28.7031494, 47.1276099 ], [ 28.7031496, 47.1276097 ], [ 28.7031493, 47.1276096 ], [ 28.7031465, 47.1276086 ], [ 28.7031454, 47.1276081 ], [ 28.7031444, 47.1276076 ], [ 28.7031435, 47.127607 ], [ 28.7031426, 47.1276063 ], [ 28.7031419, 47.1276056 ], [ 28.7031412, 47.1276048 ], [ 28.7031407, 47.127604 ], [ 28.7031403, 47.1276032 ], [ 28.7031403, 47.1276031 ], [ 28.70314, 47.1276031 ], [ 28.7031245, 47.1275991 ], [ 28.7031234, 47.1275988 ], [ 28.7031223, 47.1275984 ], [ 28.7031212, 47.1275979 ], [ 28.7031112, 47.1275927 ], [ 28.7031109, 47.1275926 ], [ 28.7031104, 47.1275927 ], [ 28.7031102, 47.1275927 ], [ 28.7031088, 47.1275929 ], [ 28.7031075, 47.1275929 ], [ 28.7031062, 47.1275928 ], [ 28.7031049, 47.1275927 ], [ 28.7031036, 47.1275925 ], [ 28.7031023, 47.1275921 ], [ 28.7031012, 47.1275917 ], [ 28.7030869, 47.1275862 ], [ 28.7030858, 47.1275857 ], [ 28.7030848, 47.1275852 ], [ 28.7030839, 47.1275846 ], [ 28.7030831, 47.127584 ], [ 28.7030823, 47.1275833 ], [ 28.7030817, 47.1275825 ], [ 28.7030812, 47.1275817 ], [ 28.7030808, 47.1275809 ], [ 28.7030805, 47.1275801 ], [ 28.7030803, 47.1275793 ], [ 28.7030802, 47.1275784 ], [ 28.7030803, 47.1275775 ], [ 28.7030804, 47.1275767 ], [ 28.7030807, 47.1275758 ], [ 28.7030811, 47.127575 ], [ 28.7030817, 47.1275743 ], [ 28.7030886, 47.1275651 ], [ 28.703089, 47.1275645 ], [ 28.7031154, 47.1275345 ], [ 28.7031155, 47.1275344 ], [ 28.7031153, 47.1275342 ], [ 28.7030915, 47.1275245 ], [ 28.703091, 47.1275243 ], [ 28.7030847, 47.1275214 ], [ 28.7030836, 47.1275209 ], [ 28.7030827, 47.1275204 ], [ 28.7030819, 47.1275198 ], [ 28.7030811, 47.1275191 ], [ 28.7030804, 47.1275184 ], [ 28.7030799, 47.1275176 ], [ 28.7030794, 47.1275168 ], [ 28.7030791, 47.127516 ], [ 28.7030788, 47.1275152 ], [ 28.7030788, 47.1275147 ], [ 28.7030785, 47.1275146 ], [ 28.7030598, 47.1275092 ], [ 28.7030586, 47.1275089 ], [ 28.7030575, 47.1275084 ], [ 28.7030565, 47.1275079 ], [ 28.7030556, 47.1275073 ], [ 28.7030547, 47.1275066 ], [ 28.7030539, 47.1275059 ], [ 28.7030533, 47.1275051 ], [ 28.7030527, 47.1275043 ], [ 28.7030523, 47.1275035 ], [ 28.703052, 47.1275027 ], [ 28.7030518, 47.1275018 ], [ 28.7030518, 47.1275009 ], [ 28.7030518, 47.1275 ], [ 28.703052, 47.1274992 ], [ 28.7030523, 47.1274983 ], [ 28.7030528, 47.1274975 ], [ 28.7030533, 47.1274967 ], [ 28.703054, 47.1274959 ], [ 28.7030785, 47.1274711 ], [ 28.7030787, 47.1274709 ], [ 28.7030784, 47.1274708 ], [ 28.7030429, 47.1274544 ], [ 28.7030426, 47.1274543 ], [ 28.7030424, 47.1274545 ], [ 28.7030132, 47.1274842 ], [ 28.7030131, 47.1274842 ], [ 28.7030128, 47.1274846 ], [ 28.7030127, 47.1274847 ], [ 28.7029998, 47.1274989 ], [ 28.702999, 47.1274996 ], [ 28.7029982, 47.1275003 ], [ 28.7029973, 47.1275009 ], [ 28.7029963, 47.1275014 ], [ 28.7029952, 47.1275019 ], [ 28.7029941, 47.1275023 ], [ 28.7029929, 47.1275026 ], [ 28.7029916, 47.1275029 ], [ 28.7029904, 47.127503 ], [ 28.7029891, 47.1275031 ], [ 28.7029878, 47.1275031 ], [ 28.7029865, 47.127503 ], [ 28.7029853, 47.1275028 ], [ 28.7029841, 47.1275026 ], [ 28.7029829, 47.1275022 ], [ 28.7029817, 47.1275018 ], [ 28.7029754, 47.1274992 ], [ 28.7029751, 47.1274991 ], [ 28.7029749, 47.1274992 ], [ 28.7029738, 47.1274997 ], [ 28.7029726, 47.1275001 ], [ 28.7029714, 47.1275003 ], [ 28.7029702, 47.1275006 ], [ 28.7029689, 47.1275007 ], [ 28.7029676, 47.1275007 ], [ 28.7029664, 47.1275007 ], [ 28.7029651, 47.1275006 ], [ 28.7029638, 47.1275004 ], [ 28.7029626, 47.1275001 ], [ 28.7029615, 47.1274997 ], [ 28.7029604, 47.1274993 ], [ 28.7029593, 47.1274987 ], [ 28.7029584, 47.1274982 ], [ 28.7029575, 47.1274975 ], [ 28.7029567, 47.1274968 ], [ 28.7029561, 47.1274961 ], [ 28.7029555, 47.1274953 ], [ 28.702955, 47.1274945 ], [ 28.7029547, 47.1274936 ], [ 28.7029545, 47.1274928 ], [ 28.7029544, 47.1274919 ], [ 28.7029545, 47.127491 ], [ 28.7029546, 47.1274902 ], [ 28.7029549, 47.1274893 ], [ 28.7029553, 47.1274885 ], [ 28.7029558, 47.1274877 ], [ 28.7029869, 47.1274456 ], [ 28.7029875, 47.1274449 ], [ 28.7031393, 47.1272788 ], [ 28.70314, 47.127278 ], [ 28.7031409, 47.1272774 ], [ 28.7031418, 47.1272768 ], [ 28.7031428, 47.1272762 ], [ 28.7031438, 47.1272757 ], [ 28.703145, 47.1272753 ], [ 28.7031462, 47.127275 ], [ 28.7031474, 47.1272748 ], [ 28.7031486, 47.1272746 ], [ 28.7031499, 47.1272745 ], [ 28.7031512, 47.1272745 ], [ 28.7031525, 47.1272746 ], [ 28.7031537, 47.1272748 ], [ 28.7031549, 47.1272751 ], [ 28.7031561, 47.1272754 ], [ 28.7031573, 47.1272758 ], [ 28.7031583, 47.1272763 ], [ 28.7031593, 47.1272768 ], [ 28.7031602, 47.1272775 ], [ 28.703161, 47.1272781 ], [ 28.7031617, 47.1272789 ], [ 28.7031624, 47.1272796 ], [ 28.7031629, 47.1272804 ], [ 28.7031632, 47.1272813 ], [ 28.7031635, 47.1272821 ], [ 28.7031636, 47.127283 ], [ 28.7031637, 47.1272838 ], [ 28.7031635, 47.1272847 ], [ 28.7031633, 47.1272856 ], [ 28.703163, 47.1272864 ], [ 28.7031286, 47.1273555 ], [ 28.7031284, 47.1273559 ], [ 28.7031192, 47.1273721 ], [ 28.7031191, 47.1273724 ], [ 28.7031114, 47.1273847 ], [ 28.703111, 47.1273853 ], [ 28.7031105, 47.1273859 ], [ 28.7030964, 47.1274013 ], [ 28.7030961, 47.1274017 ], [ 28.703084, 47.1274136 ], [ 28.7030838, 47.1274138 ], [ 28.7030843, 47.1274141 ], [ 28.7030843, 47.1274141 ], [ 28.7030851, 47.1274145 ], [ 28.7030861, 47.1274151 ], [ 28.703087, 47.1274158 ], [ 28.7030877, 47.1274166 ], [ 28.7030884, 47.1274174 ], [ 28.7030889, 47.1274183 ], [ 28.7030893, 47.1274192 ], [ 28.7030894, 47.1274194 ], [ 28.7030895, 47.1274198 ], [ 28.7030898, 47.1274199 ], [ 28.7031062, 47.1274246 ], [ 28.7031074, 47.127425 ], [ 28.7031085, 47.1274255 ], [ 28.7031193, 47.1274306 ], [ 28.7031195, 47.1274307 ], [ 28.7031201, 47.1274306 ], [ 28.7031201, 47.1274306 ], [ 28.7031203, 47.1274306 ], [ 28.7031216, 47.1274304 ], [ 28.703123, 47.1274304 ], [ 28.7031244, 47.1274304 ], [ 28.7031257, 47.1274305 ], [ 28.7031271, 47.1274308 ], [ 28.7031284, 47.1274311 ], [ 28.7031292, 47.1274313 ], [ 28.7031295, 47.1274314 ], [ 28.7031296, 47.1274314 ], [ 28.7031309, 47.1274313 ], [ 28.7031323, 47.1274313 ], [ 28.7031336, 47.1274314 ], [ 28.7031348, 47.1274316 ], [ 28.7031361, 47.1274319 ], [ 28.7031373, 47.1274322 ], [ 28.7031384, 47.1274327 ], [ 28.7031395, 47.1274332 ], [ 28.7031405, 47.1274338 ], [ 28.7031414, 47.1274344 ], [ 28.7031422, 47.1274351 ], [ 28.7031429, 47.1274359 ], [ 28.7031435, 47.1274367 ], [ 28.703144, 47.1274375 ], [ 28.7031443, 47.1274384 ], [ 28.7031445, 47.1274393 ], [ 28.7031446, 47.1274402 ], [ 28.7031446, 47.1274411 ], [ 28.7031444, 47.127442 ], [ 28.7031441, 47.1274428 ], [ 28.7031436, 47.1274437 ], [ 28.7031378, 47.1274534 ], [ 28.7031374, 47.1274541 ], [ 28.7031368, 47.1274548 ], [ 28.7031221, 47.1274709 ], [ 28.703122, 47.1274711 ], [ 28.7031222, 47.1274713 ], [ 28.7031229, 47.1274721 ], [ 28.7031236, 47.1274729 ], [ 28.7031242, 47.1274737 ], [ 28.7031246, 47.1274746 ], [ 28.7031247, 47.127475 ], [ 28.7031248, 47.1274753 ], [ 28.7031251, 47.1274754 ], [ 28.7031439, 47.1274806 ], [ 28.7031449, 47.1274809 ], [ 28.7031459, 47.1274813 ], [ 28.7031586, 47.1274867 ], [ 28.7031589, 47.1274868 ], [ 28.7031593, 47.1274867 ], [ 28.7031607, 47.1274865 ], [ 28.7031621, 47.1274864 ], [ 28.7031634, 47.1274864 ], [ 28.7031648, 47.1274864 ], [ 28.7031651, 47.1274865 ], [ 28.7031654, 47.1274864 ], [ 28.7031666, 47.1274861 ], [ 28.7031679, 47.127486 ], [ 28.7031692, 47.1274859 ], [ 28.7031704, 47.1274859 ], [ 28.7031717, 47.1274859 ], [ 28.703173, 47.1274861 ], [ 28.7031742, 47.1274864 ], [ 28.7031816, 47.1274881 ], [ 28.7031828, 47.1274885 ], [ 28.703184, 47.1274889 ], [ 28.7031851, 47.1274894 ], [ 28.7031861, 47.12749 ], [ 28.703187, 47.1274906 ], [ 28.7031879, 47.1274913 ], [ 28.7031886, 47.1274921 ], [ 28.7031892, 47.1274929 ], [ 28.7031897, 47.1274937 ], [ 28.7031901, 47.1274946 ], [ 28.7031903, 47.1274954 ], [ 28.7031904, 47.1274963 ], [ 28.7031904, 47.1274972 ], [ 28.7031902, 47.1274981 ], [ 28.7031899, 47.127499 ], [ 28.7031895, 47.1274999 ], [ 28.703189, 47.1275007 ], [ 28.7031852, 47.1275058 ], [ 28.7031849, 47.1275061 ], [ 28.7031499, 47.1275487 ], [ 28.7031498, 47.1275489 ], [ 28.70315, 47.127549 ], [ 28.7031506, 47.1275494 ], [ 28.7031516, 47.12755 ], [ 28.7031524, 47.1275508 ], [ 28.7031531, 47.1275516 ], [ 28.7031537, 47.1275524 ], [ 28.703154, 47.1275531 ], [ 28.7031541, 47.1275532 ], [ 28.7031543, 47.1275533 ], [ 28.7031731, 47.1275629 ], [ 28.7031741, 47.1275634 ], [ 28.703175, 47.1275641 ], [ 28.7031758, 47.1275648 ], [ 28.7031765, 47.1275655 ], [ 28.7031771, 47.1275663 ], [ 28.7031776, 47.1275671 ], [ 28.703178, 47.127568 ], [ 28.7031782, 47.1275688 ], [ 28.7031783, 47.1275697 ], [ 28.7031783, 47.1275706 ], [ 28.7031782, 47.1275715 ], [ 28.7031779, 47.1275724 ], [ 28.7031775, 47.1275732 ], [ 28.703177, 47.127574 ], [ 28.7031764, 47.1275748 ], [ 28.7031627, 47.1275899 ], [ 28.7031625, 47.12759 ], [ 28.7031628, 47.1275902 ], [ 28.7031992, 47.1276056 ], [ 28.7031994, 47.1276057 ], [ 28.7031996, 47.1276055 ], [ 28.703206, 47.1275985 ], [ 28.7032068, 47.1275978 ], [ 28.7032076, 47.1275971 ], [ 28.7032086, 47.1275964 ], [ 28.7032096, 47.1275959 ], [ 28.7032107, 47.1275954 ], [ 28.7032119, 47.127595 ], [ 28.7032132, 47.1275947 ], [ 28.7032144, 47.1275945 ], [ 28.7032157, 47.1275943 ], [ 28.7032171, 47.1275943 ], [ 28.7032184, 47.1275943 ], [ 28.7032197, 47.1275944 ], [ 28.703221, 47.1275946 ], [ 28.7032222, 47.1275949 ], [ 28.7032262, 47.127596 ], [ 28.7032272, 47.1275963 ], [ 28.7032282, 47.1275967 ], [ 28.7032396, 47.1276016 ], [ 28.7032396, 47.1276016 ], [ 28.7032677, 47.1276136 ], [ 28.7032679, 47.1276137 ], [ 28.7032681, 47.1276135 ], [ 28.703289, 47.1275908 ], [ 28.7032898, 47.1275901 ], [ 28.7032906, 47.1275894 ], [ 28.7032915, 47.1275888 ], [ 28.7032925, 47.1275883 ], [ 28.7032936, 47.1275878 ], [ 28.7032948, 47.1275874 ], [ 28.703296, 47.1275871 ], [ 28.7032972, 47.1275868 ], [ 28.7032985, 47.1275867 ], [ 28.7032998, 47.1275866 ], [ 28.7033011, 47.1275866 ], [ 28.7033024, 47.1275867 ], [ 28.7033036, 47.1275869 ], [ 28.7033049, 47.1275872 ], [ 28.703306, 47.1275876 ], [ 28.7033072, 47.127588 ], [ 28.7033082, 47.1275885 ], [ 28.7033229, 47.1275962 ], [ 28.7032846, 47.1276427 ], [ 28.7032844, 47.127643 ], [ 28.7032444, 47.1276884 ], [ 28.7032443, 47.1276886 ], [ 28.7032445, 47.1276887 ], [ 28.7032813, 47.1277037 ], [ 28.7032815, 47.1277038 ], [ 28.7032817, 47.1277037 ], [ 28.7032826, 47.1277027 ], [ 28.7032833, 47.1277019 ], [ 28.7032842, 47.1277012 ], [ 28.7032851, 47.1277006 ], [ 28.7032861, 47.1277 ], [ 28.7032872, 47.1276995 ], [ 28.7032884, 47.1276991 ], [ 28.7032896, 47.1276988 ], [ 28.7032908, 47.1276985 ], [ 28.7032921, 47.1276984 ], [ 28.7032934, 47.1276983 ], [ 28.7032947, 47.1276983 ], [ 28.703296, 47.1276984 ], [ 28.7032973, 47.1276986 ], [ 28.7032986, 47.1276989 ], [ 28.7032998, 47.1276992 ], [ 28.7033009, 47.1276997 ], [ 28.7033064, 47.127702 ], [ 28.7033231, 47.1277091 ], [ 28.7033234, 47.1277092 ], [ 28.7033236, 47.127709 ], [ 28.7033745, 47.1276533 ], [ 28.7033746, 47.1276531 ], [ 28.7033744, 47.1276529 ], [ 28.7033493, 47.1276423 ], [ 28.7033483, 47.1276418 ], [ 28.7033473, 47.1276413 ], [ 28.7033464, 47.1276406 ], [ 28.7033457, 47.12764 ], [ 28.703345, 47.1276393 ], [ 28.7033444, 47.1276385 ], [ 28.7033439, 47.1276377 ], [ 28.7033435, 47.1276369 ], [ 28.7033433, 47.127636 ], [ 28.7033431, 47.1276352 ], [ 28.7033431, 47.1276343 ], [ 28.7033432, 47.1276335 ], [ 28.7033434, 47.1276326 ], [ 28.7033438, 47.1276318 ], [ 28.7033442, 47.127631 ], [ 28.7033448, 47.1276302 ], [ 28.7033609, 47.1276107 ], [ 28.7033611, 47.1276105 ], [ 28.7033608, 47.1276104 ], [ 28.703324, 47.1275963 ], [ 28.7033712, 47.1275546 ], [ 28.703372, 47.1275539 ], [ 28.7033729, 47.1275533 ], [ 28.7033739, 47.1275528 ], [ 28.703375, 47.1275523 ], [ 28.7033761, 47.1275519 ], [ 28.7033773, 47.1275516 ], [ 28.7033785, 47.1275513 ], [ 28.7033798, 47.1275511 ], [ 28.703381, 47.1275511 ], [ 28.7033823, 47.1275511 ], [ 28.7033836, 47.1275512 ], [ 28.7033848, 47.1275513 ], [ 28.703386, 47.1275516 ], [ 28.7033872, 47.1275519 ], [ 28.7033883, 47.1275523 ], [ 28.7034032, 47.1275584 ], [ 28.7034034, 47.1275585 ], [ 28.7034036, 47.1275583 ], [ 28.7034237, 47.1275353 ], [ 28.7034245, 47.1275345 ], [ 28.7034392, 47.1275214 ], [ 28.7034394, 47.1275212 ], [ 28.7034392, 47.1275211 ], [ 28.7034051, 47.1275033 ], [ 28.7034049, 47.1275032 ], [ 28.7034045, 47.1275031 ], [ 28.7034041, 47.1275031 ], [ 28.7034029, 47.127503 ], [ 28.7034017, 47.1275028 ], [ 28.7034006, 47.1275025 ], [ 28.7033995, 47.1275022 ], [ 28.7033985, 47.1275018 ], [ 28.7033975, 47.1275013 ], [ 28.7033845, 47.1274945 ], [ 28.7033843, 47.1274944 ], [ 28.7033838, 47.1274943 ], [ 28.7033825, 47.1274942 ], [ 28.7033813, 47.127494 ], [ 28.7033801, 47.1274936 ], [ 28.703379, 47.1274933 ], [ 28.7033779, 47.1274928 ], [ 28.7033743, 47.1274911 ], [ 28.703374, 47.127491 ], [ 28.7033738, 47.1274912 ], [ 28.7033227, 47.1275424 ], [ 28.7033219, 47.1275431 ], [ 28.703321, 47.1275438 ], [ 28.7033201, 47.1275443 ], [ 28.7033191, 47.1275449 ], [ 28.703318, 47.1275453 ], [ 28.7033169, 47.1275457 ], [ 28.7033157, 47.127546 ], [ 28.7033145, 47.1275462 ], [ 28.7033132, 47.1275463 ], [ 28.7033119, 47.1275464 ], [ 28.7033107, 47.1275463 ], [ 28.7033094, 47.1275462 ], [ 28.7033082, 47.127546 ], [ 28.703307, 47.1275458 ], [ 28.7033058, 47.1275454 ], [ 28.7033047, 47.127545 ], [ 28.7032872, 47.1275375 ], [ 28.7032869, 47.1275373 ], [ 28.7032866, 47.1275374 ], [ 28.7032861, 47.1275376 ], [ 28.7032849, 47.1275379 ], [ 28.7032837, 47.1275381 ], [ 28.7032824, 47.1275382 ], [ 28.7032812, 47.1275382 ], [ 28.7032799, 47.1275382 ], [ 28.7032787, 47.127538 ], [ 28.7032775, 47.1275378 ], [ 28.7032763, 47.1275375 ], [ 28.7032654, 47.1275345 ], [ 28.7032644, 47.1275342 ], [ 28.7032635, 47.1275338 ], [ 28.7032557, 47.1275305 ], [ 28.7032546, 47.12753 ], [ 28.7032536, 47.1275294 ], [ 28.7032527, 47.1275288 ], [ 28.7032519, 47.1275281 ], [ 28.7032512, 47.1275273 ], [ 28.7032506, 47.1275265 ], [ 28.7032501, 47.1275257 ], [ 28.7032498, 47.1275248 ], [ 28.7032496, 47.1275239 ], [ 28.7032495, 47.127523 ], [ 28.7032495, 47.1275221 ], [ 28.7032497, 47.1275212 ], [ 28.70325, 47.1275203 ], [ 28.7032505, 47.1275195 ], [ 28.703251, 47.1275187 ], [ 28.7032517, 47.1275179 ], [ 28.7032525, 47.1275172 ], [ 28.7032549, 47.1275152 ], [ 28.7032551, 47.127515 ], [ 28.7032558, 47.1275144 ], [ 28.7032559, 47.1275143 ], [ 28.7032867, 47.1274853 ], [ 28.7032868, 47.1274851 ], [ 28.7032866, 47.127485 ], [ 28.7032616, 47.1274726 ], [ 28.7032605, 47.127472 ], [ 28.7032595, 47.1274713 ], [ 28.7032586, 47.1274706 ], [ 28.7032579, 47.1274698 ], [ 28.7032578, 47.1274698 ], [ 28.7032576, 47.1274697 ], [ 28.7032535, 47.1274684 ], [ 28.7032526, 47.1274681 ], [ 28.7032517, 47.1274677 ], [ 28.7032516, 47.1274677 ], [ 28.7032513, 47.1274677 ], [ 28.7032496, 47.1274672 ], [ 28.7032364, 47.1274632 ], [ 28.7032352, 47.1274628 ], [ 28.703234, 47.1274623 ], [ 28.703233, 47.1274617 ], [ 28.703232, 47.1274611 ], [ 28.7032312, 47.1274604 ], [ 28.7032304, 47.1274596 ], [ 28.7032298, 47.1274588 ], [ 28.7032293, 47.127458 ], [ 28.7032289, 47.1274571 ], [ 28.7032287, 47.1274562 ], [ 28.7032286, 47.1274553 ], [ 28.7032286, 47.1274544 ], [ 28.7032287, 47.1274535 ], [ 28.7032289, 47.1274531 ], [ 28.7032289, 47.1274528 ], [ 28.7032289, 47.1274528 ], [ 28.7032281, 47.1274521 ], [ 28.7032274, 47.1274513 ], [ 28.7032268, 47.1274505 ], [ 28.7032264, 47.1274497 ], [ 28.703226, 47.1274488 ], [ 28.7032259, 47.1274484 ], [ 28.7032256, 47.1274484 ], [ 28.7032144, 47.1274457 ], [ 28.7032132, 47.1274453 ], [ 28.7032121, 47.1274449 ], [ 28.703211, 47.1274445 ], [ 28.70321, 47.1274439 ], [ 28.7032091, 47.1274433 ], [ 28.7032083, 47.1274426 ], [ 28.7032075, 47.1274419 ], [ 28.7032069, 47.1274412 ], [ 28.7032064, 47.1274404 ], [ 28.703206, 47.1274396 ], [ 28.7032057, 47.1274387 ], [ 28.7032056, 47.1274379 ], [ 28.7032055, 47.127437 ], [ 28.7032056, 47.1274361 ], [ 28.7032058, 47.1274353 ], [ 28.7032058, 47.1274352 ], [ 28.7032056, 47.1274351 ], [ 28.7032046, 47.1274345 ], [ 28.7032038, 47.1274338 ], [ 28.703203, 47.1274331 ], [ 28.7032024, 47.1274324 ], [ 28.7032019, 47.1274316 ], [ 28.7032014, 47.1274308 ], [ 28.7032011, 47.1274299 ], [ 28.703201, 47.1274291 ], [ 28.7032009, 47.1274282 ], [ 28.703201, 47.1274273 ], [ 28.7032011, 47.1274265 ], [ 28.7032015, 47.1274256 ], [ 28.7032019, 47.1274248 ], [ 28.703203, 47.1274229 ], [ 28.7032031, 47.1274227 ], [ 28.7032029, 47.1274226 ], [ 28.7031829, 47.127417 ], [ 28.7031818, 47.1274167 ], [ 28.7031806, 47.1274162 ], [ 28.7031796, 47.1274157 ], [ 28.7031786, 47.1274151 ], [ 28.7031778, 47.1274145 ], [ 28.703177, 47.1274137 ], [ 28.7031763, 47.127413 ], [ 28.7031758, 47.1274122 ], [ 28.7031753, 47.1274114 ], [ 28.703175, 47.1274105 ], [ 28.7031748, 47.1274096 ], [ 28.7031747, 47.1274088 ], [ 28.7031748, 47.1274079 ], [ 28.703175, 47.127407 ], [ 28.7031753, 47.1274062 ], [ 28.7031757, 47.1274053 ], [ 28.7031868, 47.1273867 ], [ 28.7031872, 47.1273859 ], [ 28.7031972, 47.1273726 ], [ 28.7031978, 47.1273718 ], [ 28.7031986, 47.1273711 ], [ 28.7031994, 47.1273705 ], [ 28.7032003, 47.1273699 ], [ 28.7032013, 47.1273693 ], [ 28.7032024, 47.1273688 ], [ 28.7032036, 47.1273685 ], [ 28.7032048, 47.1273681 ], [ 28.703206, 47.1273679 ], [ 28.7032073, 47.1273677 ], [ 28.7032086, 47.1273677 ], [ 28.7032098, 47.1273677 ], [ 28.7032111, 47.1273678 ], [ 28.7032124, 47.127368 ], [ 28.7032136, 47.1273683 ], [ 28.7032148, 47.1273686 ], [ 28.7032159, 47.127369 ], [ 28.7032519, 47.1273843 ], [ 28.7032521, 47.1273844 ], [ 28.7032523, 47.1273842 ], [ 28.7032663, 47.1273689 ], [ 28.703267, 47.1273682 ], [ 28.7032679, 47.1273675 ], [ 28.7032689, 47.1273669 ], [ 28.7032699, 47.1273663 ], [ 28.703271, 47.1273658 ], [ 28.7032722, 47.1273654 ], [ 28.7032735, 47.1273651 ], [ 28.7032748, 47.1273649 ], [ 28.7032761, 47.1273647 ], [ 28.7032774, 47.1273647 ], [ 28.7032788, 47.1273647 ], [ 28.7032801, 47.1273649 ], [ 28.7032814, 47.1273651 ], [ 28.7032826, 47.1273654 ], [ 28.7032838, 47.1273658 ], [ 28.7032966, 47.1273706 ], [ 28.7032969, 47.1273707 ], [ 28.7032974, 47.1273707 ], [ 28.7032988, 47.1273706 ], [ 28.7033002, 47.1273706 ], [ 28.7033015, 47.1273707 ], [ 28.7033028, 47.1273709 ], [ 28.7033041, 47.1273712 ], [ 28.7033054, 47.1273716 ], [ 28.7033345, 47.1273821 ], [ 28.7033348, 47.1273822 ], [ 28.7033349, 47.1273821 ], [ 28.7033355, 47.1273813 ], [ 28.7033362, 47.1273805 ], [ 28.7033369, 47.1273798 ], [ 28.7033378, 47.1273792 ], [ 28.7033387, 47.1273786 ], [ 28.7033398, 47.1273781 ], [ 28.7033408, 47.1273776 ], [ 28.703342, 47.1273772 ], [ 28.7033432, 47.1273769 ], [ 28.7033444, 47.1273767 ], [ 28.7033457, 47.1273765 ], [ 28.7033469, 47.1273765 ], [ 28.7033482, 47.1273765 ], [ 28.7033495, 47.1273766 ], [ 28.7033507, 47.1273768 ], [ 28.7033519, 47.1273771 ], [ 28.7033726, 47.1273825 ], [ 28.7033729, 47.1273826 ], [ 28.703373, 47.1273825 ], [ 28.7033736, 47.1273817 ], [ 28.7033743, 47.1273809 ], [ 28.7033751, 47.1273802 ], [ 28.703376, 47.1273796 ], [ 28.703377, 47.127379 ], [ 28.703378, 47.1273785 ], [ 28.7033792, 47.1273781 ], [ 28.7033803, 47.1273777 ], [ 28.7033816, 47.1273774 ], [ 28.7033828, 47.1273772 ], [ 28.7033841, 47.1273771 ], [ 28.7033854, 47.1273771 ], [ 28.7033867, 47.1273772 ], [ 28.703388, 47.1273773 ], [ 28.7033892, 47.1273776 ], [ 28.7033904, 47.1273779 ], [ 28.7033916, 47.1273783 ], [ 28.7033927, 47.1273788 ], [ 28.7034035, 47.127384 ], [ 28.7034038, 47.1273841 ], [ 28.7034041, 47.1273841 ], [ 28.7034054, 47.127384 ], [ 28.7034067, 47.127384 ], [ 28.7034079, 47.1273841 ], [ 28.7034092, 47.1273843 ], [ 28.7034104, 47.1273846 ], [ 28.7034116, 47.1273849 ], [ 28.7034127, 47.1273853 ], [ 28.7034137, 47.1273858 ], [ 28.7034147, 47.1273864 ], [ 28.7034156, 47.127387 ], [ 28.7034164, 47.1273877 ], [ 28.7034171, 47.1273884 ], [ 28.7034177, 47.1273892 ], [ 28.7034182, 47.12739 ], [ 28.7034185, 47.1273908 ], [ 28.7034188, 47.1273917 ], [ 28.7034189, 47.1273926 ], [ 28.7034189, 47.1273929 ], [ 28.7034189, 47.1273932 ], [ 28.7034192, 47.1273933 ], [ 28.7034548, 47.1274095 ], [ 28.7034551, 47.1274096 ], [ 28.7034552, 47.1274095 ], [ 28.7034645, 47.1274 ], [ 28.7034652, 47.1273993 ], [ 28.7034661, 47.1273987 ], [ 28.703467, 47.1273981 ], [ 28.7034681, 47.1273976 ], [ 28.7034691, 47.1273971 ], [ 28.7034703, 47.1273967 ], [ 28.7034715, 47.1273964 ], [ 28.7034727, 47.1273962 ], [ 28.7034739, 47.1273961 ], [ 28.7034752, 47.127396 ], [ 28.7034765, 47.127396 ], [ 28.7034777, 47.1273961 ], [ 28.703479, 47.1273963 ], [ 28.7034802, 47.1273966 ], [ 28.7034813, 47.127397 ], [ 28.7034825, 47.1273974 ], [ 28.7034842, 47.1273981 ], [ 28.7034846, 47.1273983 ], [ 28.7034869, 47.1273993 ], [ 28.7034869, 47.1273993 ], [ 28.7034925, 47.1274017 ], [ 28.7034937, 47.1274023 ], [ 28.7034948, 47.1274029 ], [ 28.7034952, 47.1274032 ], [ 28.7034955, 47.1274033 ], [ 28.7035138, 47.1274107 ], [ 28.7035141, 47.1274108 ], [ 28.7035211, 47.1274138 ], [ 28.7035213, 47.1274139 ], [ 28.7035219, 47.1274141 ], [ 28.7035219, 47.1274141 ], [ 28.7035221, 47.1274141 ], [ 28.7035234, 47.1274146 ], [ 28.7035235, 47.1274146 ], [ 28.7034754, 47.1275029 ], [ 28.7034753, 47.127503 ], [ 28.7034147, 47.1276107 ], [ 28.7034137, 47.1276118 ], [ 28.7034135, 47.127612 ], [ 28.7034138, 47.1276121 ], [ 28.7034139, 47.1276122 ], [ 28.7033525, 47.1277212 ], [ 28.7031723, 47.1280445 ], [ 28.7031718, 47.1280453 ], [ 28.7031711, 47.1280461 ], [ 28.7031704, 47.1280469 ], [ 28.7031695, 47.1280475 ], [ 28.7031686, 47.1280481 ], [ 28.7031675, 47.1280487 ], [ 28.7031664, 47.1280492 ], [ 28.7031653, 47.1280496 ], [ 28.703164, 47.1280499 ], [ 28.7031628, 47.1280501 ], [ 28.7031615, 47.1280503 ], [ 28.7031602, 47.1280503 ], [ 28.7031589, 47.1280503 ], [ 28.7031576, 47.1280502 ], [ 28.7031563, 47.12805 ], [ 28.7031551, 47.1280497 ], [ 28.703139, 47.1280453 ], [ 28.7031387, 47.1280452 ], [ 28.7031386, 47.1280454 ], [ 28.7031082, 47.1280971 ], [ 28.7030853, 47.1280878 ], [ 28.7030851, 47.1280877 ], [ 28.7030849, 47.1280879 ], [ 28.7030788, 47.1280948 ], [ 28.7030781, 47.1280956 ], [ 28.7030773, 47.1280962 ], [ 28.7030763, 47.1280969 ], [ 28.7030753, 47.1280974 ], [ 28.7030743, 47.1280979 ], [ 28.7030731, 47.1280983 ], [ 28.7030719, 47.1280987 ], [ 28.7030707, 47.1280989 ], [ 28.7030694, 47.1280991 ], [ 28.7030681, 47.1280992 ], [ 28.7030668, 47.1280992 ], [ 28.7030655, 47.1280991 ], [ 28.7030642, 47.1280989 ], [ 28.703063, 47.1280987 ], [ 28.7030618, 47.1280983 ], [ 28.7030607, 47.1280979 ], [ 28.7030596, 47.1280974 ], [ 28.7030586, 47.1280968 ], [ 28.7030577, 47.1280962 ], [ 28.7030568, 47.1280955 ], [ 28.7030561, 47.1280948 ], [ 28.7030555, 47.128094 ], [ 28.7030552, 47.1280934 ], [ 28.7030551, 47.1280933 ], [ 28.7030548, 47.1280932 ], [ 28.7030172, 47.1280792 ], [ 28.7030169, 47.1280791 ], [ 28.7030168, 47.1280793 ], [ 28.7030071, 47.1280914 ], [ 28.7030064, 47.1280922 ], [ 28.7030056, 47.1280929 ], [ 28.7030048, 47.1280935 ], [ 28.7030038, 47.1280941 ], [ 28.7030027, 47.1280946 ], [ 28.7030016, 47.1280951 ], [ 28.7030005, 47.1280955 ], [ 28.7029992, 47.1280958 ], [ 28.702998, 47.128096 ], [ 28.7029967, 47.1280961 ], [ 28.7029954, 47.1280961 ], [ 28.7029941, 47.1280961 ], [ 28.7029929, 47.1280959 ], [ 28.7029916, 47.1280957 ], [ 28.7029904, 47.1280954 ], [ 28.7029892, 47.128095 ], [ 28.7029881, 47.1280946 ], [ 28.7029871, 47.1280941 ], [ 28.7029861, 47.1280935 ], [ 28.7029853, 47.1280928 ], [ 28.7029845, 47.1280921 ], [ 28.7029839, 47.1280913 ], [ 28.7029834, 47.1280907 ], [ 28.7029834, 47.1280906 ], [ 28.7029831, 47.1280905 ], [ 28.7029464, 47.1280754 ], [ 28.7029461, 47.1280753 ], [ 28.702946, 47.1280755 ], [ 28.7029014, 47.1281259 ], [ 28.7029007, 47.1281266 ], [ 28.7028999, 47.1281273 ], [ 28.7028989, 47.1281279 ], [ 28.7028979, 47.1281285 ], [ 28.7028968, 47.128129 ], [ 28.7028957, 47.1281294 ], [ 28.7028945, 47.1281297 ], [ 28.7028932, 47.12813 ], [ 28.7028919, 47.1281301 ], [ 28.7028906, 47.1281302 ], [ 28.7028893, 47.1281302 ], [ 28.702888, 47.1281301 ], [ 28.7028868, 47.1281299 ], [ 28.7028855, 47.1281296 ], [ 28.7028843, 47.1281293 ], [ 28.7028832, 47.1281289 ], [ 28.7028708, 47.1281236 ], [ 28.7028705, 47.1281235 ], [ 28.7028703, 47.1281237 ], [ 28.7028593, 47.1281358 ], [ 28.7028586, 47.1281365 ], [ 28.7028577, 47.1281372 ], [ 28.7028568, 47.1281378 ], [ 28.7028558, 47.1281383 ], [ 28.7028548, 47.1281388 ], [ 28.7028537, 47.1281392 ], [ 28.7028525, 47.1281395 ], [ 28.7028513, 47.1281398 ], [ 28.70285, 47.1281399 ], [ 28.7028488, 47.12814 ], [ 28.7028475, 47.12814 ], [ 28.7028462, 47.1281399 ], [ 28.702845, 47.1281398 ], [ 28.7028437, 47.1281395 ], [ 28.7028426, 47.1281392 ], [ 28.7028414, 47.1281388 ], [ 28.7028267, 47.1281329 ], [ 28.7028265, 47.1281328 ], [ 28.7028263, 47.128133 ], [ 28.702807, 47.1281556 ], [ 28.7028069, 47.1281557 ], [ 28.7028071, 47.1281559 ], [ 28.7028441, 47.1281706 ], [ 28.7028444, 47.1281707 ], [ 28.7028446, 47.1281705 ], [ 28.7028454, 47.1281699 ], [ 28.7028464, 47.1281693 ], [ 28.7028474, 47.1281688 ], [ 28.7028484, 47.1281683 ], [ 28.7028496, 47.1281679 ], [ 28.7028508, 47.1281676 ], [ 28.702852, 47.1281674 ], [ 28.7028533, 47.1281672 ], [ 28.7028545, 47.1281672 ], [ 28.7028558, 47.1281672 ], [ 28.7028571, 47.1281673 ], [ 28.7028583, 47.1281675 ], [ 28.7028595, 47.1281678 ], [ 28.7028607, 47.1281681 ], [ 28.7028618, 47.1281685 ], [ 28.7028751, 47.1281742 ], [ 28.7028754, 47.1281743 ], [ 28.7028756, 47.1281741 ], [ 28.7028842, 47.1281647 ], [ 28.7028849, 47.128164 ], [ 28.7028857, 47.1281633 ], [ 28.7028866, 47.1281627 ], [ 28.7028876, 47.1281622 ], [ 28.7028887, 47.1281617 ], [ 28.7028899, 47.1281613 ], [ 28.702891, 47.128161 ], [ 28.7028923, 47.1281607 ], [ 28.7028935, 47.1281605 ], [ 28.7028948, 47.1281605 ], [ 28.7028961, 47.1281605 ], [ 28.7028974, 47.1281606 ], [ 28.7028986, 47.1281607 ], [ 28.7028999, 47.128161 ], [ 28.702901, 47.1281613 ], [ 28.7029022, 47.1281618 ], [ 28.7029153, 47.1281672 ], [ 28.7029156, 47.1281673 ], [ 28.7029157, 47.1281672 ], [ 28.7029166, 47.1281666 ], [ 28.7029176, 47.1281661 ], [ 28.7029187, 47.1281657 ], [ 28.7029198, 47.1281653 ], [ 28.702921, 47.128165 ], [ 28.7029222, 47.1281648 ], [ 28.7029235, 47.1281647 ], [ 28.7029247, 47.1281646 ], [ 28.702926, 47.1281646 ], [ 28.7029272, 47.1281647 ], [ 28.7029285, 47.1281649 ], [ 28.7029297, 47.1281652 ], [ 28.7029308, 47.1281656 ], [ 28.7029319, 47.128166 ], [ 28.7029353, 47.1281674 ], [ 28.7029363, 47.1281679 ], [ 28.7029373, 47.1281684 ], [ 28.7029381, 47.1281691 ], [ 28.7029389, 47.1281697 ], [ 28.7029396, 47.1281704 ], [ 28.7029402, 47.1281712 ], [ 28.7029407, 47.128172 ], [ 28.7029411, 47.1281728 ], [ 28.7029413, 47.1281737 ], [ 28.7029414, 47.1281745 ], [ 28.7029415, 47.1281754 ], [ 28.7029413, 47.1281762 ], [ 28.7029411, 47.1281771 ], [ 28.7029408, 47.1281779 ], [ 28.7029403, 47.1281787 ], [ 28.7029397, 47.1281795 ], [ 28.7029327, 47.1281879 ], [ 28.7029326, 47.1281881 ], [ 28.7029328, 47.1281882 ], [ 28.7029501, 47.1281949 ], [ 28.7029507, 47.1281952 ], [ 28.7029507, 47.1281952 ], [ 28.7029874, 47.1282107 ], [ 28.7029877, 47.1282108 ], [ 28.7029879, 47.1282106 ], [ 28.7030265, 47.128168 ], [ 28.7030272, 47.1281672 ], [ 28.703028, 47.1281666 ], [ 28.7030289, 47.128166 ], [ 28.7030299, 47.1281654 ], [ 28.703031, 47.1281649 ], [ 28.7030321, 47.1281645 ], [ 28.7030333, 47.1281642 ], [ 28.7030345, 47.1281639 ], [ 28.7030358, 47.1281638 ], [ 28.7030371, 47.1281637 ], [ 28.7030384, 47.1281637 ], [ 28.7030396, 47.1281638 ], [ 28.7030409, 47.128164 ], [ 28.7030421, 47.1281642 ], [ 28.7030433, 47.1281646 ], [ 28.7030444, 47.128165 ], [ 28.7030615, 47.1281719 ], [ 28.7030618, 47.128172 ], [ 28.703062, 47.1281719 ], [ 28.7030841, 47.1281466 ], [ 28.7030986, 47.1281506 ], [ 28.7030998, 47.1281509 ], [ 28.7031009, 47.1281514 ], [ 28.7031019, 47.1281519 ], [ 28.7031029, 47.1281525 ], [ 28.7031038, 47.1281531 ], [ 28.7031046, 47.1281538 ], [ 28.7031052, 47.1281545 ], [ 28.7031058, 47.1281553 ], [ 28.7031063, 47.1281562 ], [ 28.7031066, 47.128157 ], [ 28.7031068, 47.1281579 ], [ 28.7031069, 47.1281587 ], [ 28.7031068, 47.1281596 ], [ 28.7031067, 47.1281605 ], [ 28.7031064, 47.1281613 ], [ 28.703106, 47.1281622 ], [ 28.703087, 47.1281954 ], [ 28.7030869, 47.1281956 ], [ 28.7030872, 47.1281957 ], [ 28.7031057, 47.1282006 ], [ 28.7031069, 47.128201 ], [ 28.7031081, 47.1282014 ], [ 28.7031091, 47.1282019 ], [ 28.7031101, 47.1282025 ], [ 28.703111, 47.1282031 ], [ 28.7031118, 47.1282039 ], [ 28.7031125, 47.1282046 ], [ 28.703113, 47.1282054 ], [ 28.7031135, 47.1282062 ], [ 28.7031138, 47.1282071 ], [ 28.703114, 47.128208 ], [ 28.7031141, 47.1282089 ], [ 28.7031141, 47.1282098 ], [ 28.7031139, 47.1282106 ], [ 28.7031136, 47.1282115 ], [ 28.7031132, 47.1282123 ], [ 28.7031092, 47.128219 ], [ 28.7031004, 47.1282294 ], [ 28.7030997, 47.1282302 ], [ 28.7030989, 47.1282308 ], [ 28.703098, 47.1282315 ], [ 28.703097, 47.128232 ], [ 28.703096, 47.1282325 ], [ 28.7030949, 47.128233 ], [ 28.7030937, 47.1282333 ], [ 28.7030925, 47.1282336 ], [ 28.7030913, 47.1282338 ], [ 28.70309, 47.1282339 ], [ 28.7030887, 47.1282339 ], [ 28.7030874, 47.1282339 ], [ 28.7030862, 47.1282337 ], [ 28.7030849, 47.1282335 ], [ 28.7030837, 47.1282332 ], [ 28.7030826, 47.1282328 ], [ 28.7030815, 47.1282323 ], [ 28.7030805, 47.1282318 ], [ 28.7030796, 47.1282312 ], [ 28.7030787, 47.1282306 ], [ 28.703078, 47.1282299 ], [ 28.7030773, 47.1282291 ], [ 28.7030768, 47.1282283 ], [ 28.7030767, 47.1282281 ], [ 28.7030764, 47.128228 ], [ 28.7030645, 47.1282241 ], [ 28.7030634, 47.1282237 ], [ 28.7030623, 47.1282233 ], [ 28.7030614, 47.1282227 ], [ 28.7030605, 47.1282221 ], [ 28.7030597, 47.1282214 ], [ 28.7030589, 47.1282207 ], [ 28.7030583, 47.12822 ], [ 28.7030578, 47.1282192 ], [ 28.7030575, 47.1282184 ], [ 28.7030572, 47.1282175 ], [ 28.703057, 47.1282167 ], [ 28.703057, 47.1282158 ], [ 28.7030571, 47.128215 ], [ 28.7030573, 47.1282141 ], [ 28.7030575, 47.1282137 ], [ 28.7030575, 47.1282135 ], [ 28.7030573, 47.1282134 ], [ 28.7030209, 47.1281979 ], [ 28.7030206, 47.1281978 ], [ 28.7030205, 47.128198 ], [ 28.7030066, 47.1282131 ], [ 28.7030059, 47.1282139 ], [ 28.7030051, 47.1282145 ], [ 28.7030041, 47.1282151 ], [ 28.7030031, 47.1282157 ], [ 28.7030021, 47.1282161 ], [ 28.7030009, 47.1282166 ], [ 28.7029997, 47.1282169 ], [ 28.7029985, 47.1282171 ], [ 28.7029973, 47.1282173 ], [ 28.702996, 47.1282174 ], [ 28.7029947, 47.1282174 ], [ 28.7029934, 47.1282173 ], [ 28.7029922, 47.1282171 ], [ 28.702991, 47.1282168 ], [ 28.7029898, 47.1282165 ], [ 28.7029886, 47.1282161 ], [ 28.7029767, 47.1282112 ], [ 28.7029764, 47.1282111 ], [ 28.7029763, 47.1282113 ], [ 28.7029405, 47.128252 ], [ 28.7029397, 47.1282528 ], [ 28.7029389, 47.1282534 ], [ 28.702938, 47.128254 ], [ 28.7029371, 47.1282546 ], [ 28.702936, 47.1282551 ], [ 28.7029349, 47.1282555 ], [ 28.7029337, 47.1282558 ], [ 28.7029325, 47.1282561 ], [ 28.7029312, 47.1282563 ], [ 28.70293, 47.1282564 ], [ 28.7029287, 47.1282564 ], [ 28.7029274, 47.1282563 ], [ 28.7029262, 47.1282562 ], [ 28.7029249, 47.1282559 ], [ 28.7029238, 47.1282556 ], [ 28.7029226, 47.1282552 ], [ 28.7029009, 47.1282468 ], [ 28.7028998, 47.1282463 ], [ 28.7028988, 47.1282457 ], [ 28.7028978, 47.1282451 ], [ 28.702897, 47.1282444 ], [ 28.7028962, 47.1282437 ], [ 28.7028956, 47.1282429 ], [ 28.7028951, 47.128242 ], [ 28.7028947, 47.1282412 ], [ 28.7028944, 47.1282403 ], [ 28.7028943, 47.1282394 ], [ 28.7028943, 47.1282385 ], [ 28.7028944, 47.1282376 ], [ 28.7028947, 47.1282367 ], [ 28.7028951, 47.1282358 ], [ 28.7028956, 47.128235 ], [ 28.7028963, 47.1282342 ], [ 28.7029046, 47.1282251 ], [ 28.7029047, 47.1282249 ], [ 28.7029045, 47.1282248 ], [ 28.7028681, 47.1282093 ], [ 28.7028678, 47.1282092 ], [ 28.7028677, 47.1282092 ], [ 28.7028666, 47.1282095 ], [ 28.7028653, 47.1282097 ], [ 28.702864, 47.1282098 ], [ 28.7028627, 47.1282098 ], [ 28.7028613, 47.1282097 ], [ 28.70286, 47.1282096 ], [ 28.7028587, 47.1282093 ], [ 28.7028575, 47.128209 ], [ 28.7028563, 47.1282086 ], [ 28.7028365, 47.1282005 ], [ 28.7028362, 47.1282004 ], [ 28.7028358, 47.1282004 ], [ 28.7028346, 47.1282003 ], [ 28.7028334, 47.1282002 ], [ 28.7028322, 47.1282 ], [ 28.7028311, 47.1281998 ], [ 28.70283, 47.1281995 ], [ 28.7028289, 47.1281991 ], [ 28.7028095, 47.1281909 ], [ 28.7028092, 47.1281908 ], [ 28.702809, 47.128191 ], [ 28.7027707, 47.1282335 ], [ 28.70277, 47.1282342 ], [ 28.7027692, 47.1282349 ], [ 28.7027682, 47.1282355 ], [ 28.7027672, 47.1282361 ], [ 28.7027662, 47.1282366 ], [ 28.702765, 47.128237 ], [ 28.7027638, 47.1282373 ], [ 28.7027626, 47.1282375 ], [ 28.7027613, 47.1282377 ], [ 28.70276, 47.1282378 ], [ 28.7027587, 47.1282378 ], [ 28.7027574, 47.1282377 ], [ 28.7027562, 47.1282375 ], [ 28.702755, 47.1282372 ], [ 28.7027538, 47.1282369 ], [ 28.7027526, 47.1282365 ], [ 28.7027184, 47.1282222 ], [ 28.7027181, 47.1282221 ], [ 28.7027179, 47.1282223 ], [ 28.7027084, 47.1282329 ], [ 28.7027077, 47.1282337 ], [ 28.7027069, 47.1282343 ], [ 28.702706, 47.1282349 ], [ 28.702705, 47.1282355 ], [ 28.702704, 47.128236 ], [ 28.7027028, 47.1282364 ], [ 28.7027017, 47.1282367 ], [ 28.7027005, 47.128237 ], [ 28.7026992, 47.1282371 ], [ 28.702698, 47.1282372 ], [ 28.7026967, 47.1282373 ], [ 28.7026954, 47.1282372 ], [ 28.7026942, 47.128237 ], [ 28.7026929, 47.1282368 ], [ 28.7026918, 47.1282365 ], [ 28.7026906, 47.1282361 ], [ 28.7026896, 47.1282356 ], [ 28.7026873, 47.1282345 ], [ 28.7026863, 47.128234 ], [ 28.7026854, 47.1282334 ], [ 28.7026845, 47.1282327 ], [ 28.7026838, 47.128232 ], [ 28.7026831, 47.1282313 ], [ 28.7026826, 47.1282305 ], [ 28.7026822, 47.1282296 ], [ 28.7026819, 47.1282288 ], [ 28.7026819, 47.1282286 ], [ 28.7026816, 47.1282285 ], [ 28.7026687, 47.1282252 ], [ 28.7026674, 47.1282248 ], [ 28.7026663, 47.1282244 ], [ 28.7026659, 47.1282242 ], [ 28.7026654, 47.1282242 ], [ 28.7026652, 47.1282241 ], [ 28.702664, 47.128224 ], [ 28.7026628, 47.1282237 ], [ 28.7026627, 47.1282237 ], [ 28.7026616, 47.1282233 ], [ 28.7026604, 47.1282229 ], [ 28.7026544, 47.1282204 ], [ 28.7026541, 47.1282202 ], [ 28.7026505, 47.1282186 ], [ 28.7026495, 47.1282181 ], [ 28.7026485, 47.1282175 ], [ 28.7026477, 47.1282169 ], [ 28.7026469, 47.1282162 ], [ 28.7026462, 47.1282154 ], [ 28.7026456, 47.1282147 ], [ 28.7026452, 47.1282138 ], [ 28.7026449, 47.128213 ], [ 28.7026447, 47.1282121 ], [ 28.7026446, 47.1282113 ], [ 28.7026446, 47.1282104 ], [ 28.7026448, 47.1282095 ], [ 28.7026451, 47.1282087 ], [ 28.7026455, 47.1282079 ], [ 28.702646, 47.1282071 ], [ 28.7026466, 47.1282063 ], [ 28.702666, 47.1281854 ], [ 28.7026661, 47.1281852 ], [ 28.7026659, 47.1281851 ], [ 28.7026296, 47.1281695 ], [ 28.7026294, 47.1281694 ], [ 28.7026292, 47.1281695 ], [ 28.7026193, 47.1281802 ], [ 28.7026186, 47.1281809 ], [ 28.7026178, 47.1281816 ], [ 28.7026168, 47.1281822 ], [ 28.7026158, 47.1281827 ], [ 28.7026147, 47.1281832 ], [ 28.7026136, 47.1281836 ], [ 28.7026124, 47.1281839 ], [ 28.7026111, 47.1281841 ], [ 28.7026098, 47.1281843 ], [ 28.7026086, 47.1281844 ], [ 28.7026073, 47.1281843 ], [ 28.702606, 47.1281842 ], [ 28.7026047, 47.128184 ], [ 28.7026035, 47.1281838 ], [ 28.7026023, 47.1281834 ], [ 28.7026012, 47.128183 ], [ 28.7025723, 47.1281706 ], [ 28.7025717, 47.1281703 ], [ 28.7025676, 47.1281684 ], [ 28.7025666, 47.1281678 ], [ 28.7025656, 47.1281672 ], [ 28.7025648, 47.1281665 ], [ 28.702564, 47.1281658 ], [ 28.7025634, 47.128165 ], [ 28.7025629, 47.1281642 ], [ 28.7025625, 47.1281633 ], [ 28.7025622, 47.1281624 ], [ 28.7025621, 47.1281615 ], [ 28.7025621, 47.1281606 ], [ 28.7025622, 47.1281597 ], [ 28.7025625, 47.1281588 ], [ 28.7025629, 47.1281579 ], [ 28.7025634, 47.1281571 ], [ 28.702564, 47.1281563 ], [ 28.7025762, 47.1281429 ], [ 28.7025764, 47.1281428 ], [ 28.7025761, 47.1281426 ], [ 28.7025656, 47.1281382 ], [ 28.7025645, 47.1281377 ], [ 28.7025635, 47.1281371 ], [ 28.7025626, 47.1281365 ], [ 28.7025618, 47.1281358 ], [ 28.7025618, 47.1281357 ], [ 28.7025615, 47.1281356 ], [ 28.7025576, 47.1281341 ], [ 28.7025565, 47.1281337 ], [ 28.7025555, 47.1281332 ], [ 28.7025546, 47.1281326 ], [ 28.7025538, 47.1281319 ], [ 28.702553, 47.1281312 ], [ 28.7025525, 47.1281307 ], [ 28.7025525, 47.1281306 ], [ 28.7025522, 47.1281305 ], [ 28.7025255, 47.1281219 ], [ 28.7025248, 47.1281216 ], [ 28.702524, 47.1281214 ], [ 28.7025236, 47.1281212 ], [ 28.7025134, 47.128118 ], [ 28.7025131, 47.1281179 ], [ 28.702513, 47.1281181 ], [ 28.7024982, 47.1281394 ], [ 28.7024976, 47.1281402 ], [ 28.7024969, 47.128141 ], [ 28.702496, 47.1281417 ], [ 28.7024951, 47.1281423 ], [ 28.7024941, 47.1281428 ], [ 28.702493, 47.1281433 ], [ 28.7024918, 47.1281438 ], [ 28.7024906, 47.1281441 ], [ 28.7024894, 47.1281443 ], [ 28.7024881, 47.1281445 ], [ 28.7024868, 47.1281446 ], [ 28.7024855, 47.1281446 ], [ 28.7024842, 47.1281445 ], [ 28.7024829, 47.1281443 ], [ 28.7024817, 47.128144 ], [ 28.7024805, 47.1281437 ], [ 28.7024718, 47.1281407 ], [ 28.7024708, 47.1281404 ], [ 28.702455, 47.1281338 ], [ 28.7024547, 47.1281337 ], [ 28.7024545, 47.1281338 ], [ 28.7024531, 47.128134 ], [ 28.7024525, 47.128134 ], [ 28.7024521, 47.1281341 ], [ 28.7024519, 47.1281343 ], [ 28.7024422, 47.1281478 ], [ 28.7024416, 47.1281484 ], [ 28.7023781, 47.1282201 ], [ 28.702378, 47.1282203 ], [ 28.7023782, 47.1282204 ], [ 28.7024149, 47.1282356 ], [ 28.7024152, 47.1282357 ], [ 28.7024154, 47.1282355 ], [ 28.7024171, 47.1282336 ], [ 28.7024178, 47.1282328 ], [ 28.7024186, 47.1282322 ], [ 28.7024195, 47.1282316 ], [ 28.7024204, 47.128231 ], [ 28.7024215, 47.1282305 ], [ 28.7024226, 47.1282301 ], [ 28.7024237, 47.1282298 ], [ 28.7024249, 47.1282295 ], [ 28.7024262, 47.1282293 ], [ 28.7024274, 47.1282292 ], [ 28.7024287, 47.1282292 ], [ 28.7024299, 47.1282293 ], [ 28.7024312, 47.1282294 ], [ 28.7024315, 47.1282295 ], [ 28.7024316, 47.1282293 ], [ 28.7024482, 47.1282064 ], [ 28.7024488, 47.1282056 ], [ 28.7024496, 47.1282049 ], [ 28.7024504, 47.1282043 ], [ 28.7024513, 47.1282037 ], [ 28.7024523, 47.1282031 ], [ 28.7024534, 47.1282026 ], [ 28.7024545, 47.1282022 ], [ 28.7024557, 47.1282019 ], [ 28.7024569, 47.1282017 ], [ 28.7024582, 47.1282015 ], [ 28.7024594, 47.1282014 ], [ 28.7024607, 47.1282014 ], [ 28.702462, 47.1282015 ], [ 28.7024633, 47.1282017 ], [ 28.7024645, 47.1282019 ], [ 28.7024657, 47.1282023 ], [ 28.7024703, 47.1282038 ], [ 28.7024712, 47.1282041 ], [ 28.7024907, 47.1282118 ], [ 28.7024918, 47.1282122 ], [ 28.7024928, 47.1282128 ], [ 28.7024937, 47.1282134 ], [ 28.7024945, 47.128214 ], [ 28.7024952, 47.1282147 ], [ 28.7024959, 47.1282155 ], [ 28.7024964, 47.1282163 ], [ 28.7024968, 47.1282171 ], [ 28.7024971, 47.1282179 ], [ 28.7024972, 47.1282188 ], [ 28.7024973, 47.1282197 ], [ 28.7024972, 47.1282205 ], [ 28.702497, 47.1282214 ], [ 28.7024967, 47.1282222 ], [ 28.7024963, 47.128223 ], [ 28.7024957, 47.1282238 ], [ 28.7024951, 47.1282246 ], [ 28.7024948, 47.1282248 ], [ 28.702495, 47.1282249 ], [ 28.7025099, 47.1282325 ], [ 28.7025107, 47.1282329 ], [ 28.7025109, 47.128233 ], [ 28.7025111, 47.1282331 ], [ 28.702512, 47.1282335 ], [ 28.7025261, 47.1282407 ], [ 28.7025271, 47.1282413 ], [ 28.702528, 47.1282419 ], [ 28.7025289, 47.1282426 ], [ 28.7025296, 47.1282433 ], [ 28.7025302, 47.1282441 ], [ 28.7025307, 47.1282449 ], [ 28.7025311, 47.1282457 ], [ 28.7025313, 47.1282466 ], [ 28.7025314, 47.1282475 ], [ 28.7025314, 47.1282483 ], [ 28.7025313, 47.1282492 ], [ 28.7025311, 47.1282501 ], [ 28.7025307, 47.1282509 ], [ 28.7025302, 47.1282517 ], [ 28.7025296, 47.1282525 ], [ 28.7024525, 47.1283408 ], [ 28.7024523, 47.128341 ], [ 28.7024526, 47.1283411 ], [ 28.7024894, 47.1283561 ], [ 28.7024898, 47.1283562 ], [ 28.7024907, 47.1283565 ], [ 28.7024918, 47.128357 ], [ 28.7024928, 47.1283575 ], [ 28.7024938, 47.1283581 ], [ 28.7024947, 47.1283587 ], [ 28.7024954, 47.1283594 ], [ 28.7024961, 47.1283602 ], [ 28.7024967, 47.128361 ], [ 28.7024971, 47.1283618 ], [ 28.7024974, 47.1283626 ], [ 28.7024976, 47.1283635 ], [ 28.7024977, 47.1283644 ], [ 28.7024976, 47.1283653 ], [ 28.7024975, 47.1283661 ], [ 28.7024972, 47.128367 ], [ 28.7024968, 47.1283678 ], [ 28.7024962, 47.1283686 ], [ 28.7024956, 47.1283694 ], [ 28.7024948, 47.1283701 ], [ 28.7024862, 47.1283774 ], [ 28.7024853, 47.1283781 ], [ 28.7024844, 47.1283787 ], [ 28.7024833, 47.1283792 ], [ 28.7024822, 47.1283797 ], [ 28.7024811, 47.1283801 ], [ 28.7024799, 47.1283804 ], [ 28.7024786, 47.1283806 ], [ 28.7024773, 47.1283808 ], [ 28.702476, 47.1283808 ], [ 28.7024748, 47.1283808 ], [ 28.7024735, 47.1283807 ], [ 28.7024722, 47.1283805 ], [ 28.702471, 47.1283802 ], [ 28.7024698, 47.1283798 ], [ 28.7024687, 47.1283794 ], [ 28.7024677, 47.1283789 ], [ 28.7024649, 47.1283774 ], [ 28.7024647, 47.1283772 ], [ 28.7024645, 47.1283774 ], [ 28.702437, 47.128401 ], [ 28.7024361, 47.1284016 ], [ 28.7024351, 47.1284023 ], [ 28.7024341, 47.1284028 ], [ 28.702433, 47.1284033 ], [ 28.7024318, 47.1284036 ], [ 28.7024306, 47.128404 ], [ 28.7024293, 47.1284042 ], [ 28.702428, 47.1284043 ], [ 28.7024267, 47.1284044 ], [ 28.702426, 47.1284043 ], [ 28.7024264, 47.1284047 ], [ 28.7024271, 47.1284054 ], [ 28.7024277, 47.1284061 ], [ 28.7024282, 47.128407 ], [ 28.7024286, 47.1284078 ], [ 28.7024287, 47.128408 ], [ 28.7024289, 47.1284082 ], [ 28.7024331, 47.1284104 ], [ 28.702434, 47.128411 ], [ 28.7024349, 47.1284116 ], [ 28.7024356, 47.1284123 ], [ 28.7024363, 47.128413 ], [ 28.7024369, 47.1284138 ], [ 28.7024373, 47.1284146 ], [ 28.7024377, 47.1284154 ], [ 28.7024379, 47.1284162 ], [ 28.702438, 47.1284171 ], [ 28.702438, 47.128418 ], [ 28.7024379, 47.1284188 ], [ 28.7024376, 47.1284196 ], [ 28.7024373, 47.1284205 ], [ 28.7024368, 47.1284213 ], [ 28.7024362, 47.128422 ], [ 28.7024355, 47.1284227 ], [ 28.7024298, 47.1284281 ], [ 28.7024296, 47.1284283 ], [ 28.7024299, 47.1284285 ], [ 28.7024433, 47.1284351 ], [ 28.7024443, 47.1284356 ], [ 28.7024452, 47.1284362 ], [ 28.7024461, 47.1284369 ], [ 28.7024468, 47.1284376 ], [ 28.7024474, 47.1284384 ], [ 28.7024479, 47.1284392 ], [ 28.7024483, 47.12844 ], [ 28.7024486, 47.1284409 ], [ 28.7024488, 47.1284417 ], [ 28.7024488, 47.1284426 ], [ 28.7024487, 47.1284435 ], [ 28.7024485, 47.1284443 ], [ 28.7024481, 47.1284452 ], [ 28.7024477, 47.128446 ], [ 28.7024471, 47.1284468 ], [ 28.7024464, 47.1284475 ], [ 28.702446, 47.1284479 ], [ 28.7024231, 47.1284731 ], [ 28.7024229, 47.1284733 ], [ 28.7024232, 47.1284734 ], [ 28.7024317, 47.128477 ], [ 28.7024327, 47.1284775 ], [ 28.7024337, 47.1284781 ], [ 28.7024346, 47.1284787 ], [ 28.7024354, 47.1284794 ], [ 28.7024361, 47.1284802 ], [ 28.7024367, 47.128481 ], [ 28.7024372, 47.1284818 ], [ 28.7024375, 47.1284827 ], [ 28.7024378, 47.1284835 ], [ 28.7024379, 47.1284844 ], [ 28.7024378, 47.1284853 ], [ 28.7024377, 47.1284862 ], [ 28.7024374, 47.1284871 ], [ 28.702437, 47.1284879 ], [ 28.7024365, 47.1284887 ], [ 28.7024358, 47.1284895 ], [ 28.7024291, 47.1284967 ], [ 28.702429, 47.1284969 ], [ 28.7024292, 47.128497 ], [ 28.702456, 47.1285086 ], [ 28.7024571, 47.1285091 ], [ 28.702458, 47.1285097 ], [ 28.7024589, 47.1285103 ], [ 28.7024597, 47.128511 ], [ 28.7024604, 47.1285118 ], [ 28.702461, 47.1285125 ], [ 28.7024614, 47.1285134 ], [ 28.7024618, 47.1285142 ], [ 28.702462, 47.1285151 ], [ 28.7024621, 47.1285159 ], [ 28.7024621, 47.1285168 ], [ 28.702462, 47.1285177 ], [ 28.7024617, 47.1285185 ], [ 28.7024613, 47.1285194 ], [ 28.7024459, 47.1285475 ], [ 28.7024455, 47.1285481 ], [ 28.7024401, 47.1285562 ], [ 28.7024395, 47.128557 ], [ 28.7024388, 47.1285577 ], [ 28.7024379, 47.1285584 ], [ 28.702437, 47.1285591 ], [ 28.702436, 47.1285596 ], [ 28.7024349, 47.1285601 ], [ 28.7024341, 47.1285604 ], [ 28.7024343, 47.1285605 ], [ 28.7024355, 47.1285608 ], [ 28.7024366, 47.1285613 ], [ 28.7024369, 47.1285614 ], [ 28.7024602, 47.1285687 ], [ 28.7024613, 47.1285691 ], [ 28.7024624, 47.1285696 ], [ 28.7024635, 47.1285702 ], [ 28.7024644, 47.1285708 ], [ 28.7024652, 47.1285715 ], [ 28.702466, 47.1285722 ], [ 28.7024666, 47.128573 ], [ 28.7024671, 47.1285739 ], [ 28.7024675, 47.1285747 ], [ 28.7024677, 47.1285756 ], [ 28.7024678, 47.1285765 ], [ 28.7024678, 47.1285774 ], [ 28.7024677, 47.1285783 ], [ 28.7024674, 47.1285792 ], [ 28.702467, 47.1285801 ], [ 28.7024664, 47.1285809 ], [ 28.7024468, 47.1286077 ], [ 28.7024467, 47.1286079 ], [ 28.702447, 47.128608 ], [ 28.7024644, 47.128614 ], [ 28.7024655, 47.1286144 ], [ 28.7024666, 47.1286149 ], [ 28.7024676, 47.1286155 ], [ 28.7024685, 47.1286161 ], [ 28.7024693, 47.1286169 ], [ 28.70247, 47.1286176 ], [ 28.7024706, 47.1286184 ], [ 28.7024711, 47.1286193 ], [ 28.7024714, 47.1286201 ], [ 28.7024716, 47.128621 ], [ 28.7024717, 47.1286219 ], [ 28.7024717, 47.1286228 ], [ 28.7024715, 47.1286237 ], [ 28.7024712, 47.1286245 ], [ 28.7024712, 47.1286245 ], [ 28.7024714, 47.1286246 ], [ 28.7025012, 47.1286366 ], [ 28.7025023, 47.1286371 ], [ 28.7025033, 47.1286376 ], [ 28.7025042, 47.1286382 ], [ 28.702505, 47.1286389 ], [ 28.7025057, 47.1286396 ], [ 28.7025064, 47.1286404 ], [ 28.7025069, 47.1286412 ], [ 28.7025073, 47.128642 ], [ 28.7025075, 47.1286429 ], [ 28.7025077, 47.1286437 ], [ 28.7025077, 47.1286446 ], [ 28.7025076, 47.1286455 ], [ 28.7025074, 47.1286463 ], [ 28.7025071, 47.1286472 ], [ 28.7025066, 47.128648 ], [ 28.7024882, 47.1286764 ], [ 28.7024877, 47.1286772 ], [ 28.7024793, 47.1286874 ], [ 28.7024791, 47.1286876 ], [ 28.7024794, 47.1286877 ], [ 28.7025167, 47.128702 ], [ 28.702517, 47.1287021 ], [ 28.7025174, 47.128702 ], [ 28.7025177, 47.1287018 ], [ 28.7025188, 47.1287014 ], [ 28.70252, 47.1287011 ], [ 28.7025212, 47.1287009 ], [ 28.7025225, 47.1287007 ], [ 28.7025237, 47.1287006 ], [ 28.702525, 47.1287007 ], [ 28.7025263, 47.1287007 ], [ 28.7025275, 47.1287009 ], [ 28.7025287, 47.1287012 ], [ 28.7025299, 47.1287015 ], [ 28.702531, 47.1287019 ], [ 28.7025479, 47.1287088 ], [ 28.7025482, 47.1287089 ], [ 28.7025485, 47.1287089 ], [ 28.7025492, 47.128709 ], [ 28.7025504, 47.1287091 ], [ 28.7025517, 47.1287093 ], [ 28.7025529, 47.1287096 ], [ 28.7025541, 47.12871 ], [ 28.7025552, 47.1287104 ], [ 28.7025562, 47.128711 ], [ 28.7025572, 47.1287115 ], [ 28.7025581, 47.1287122 ], [ 28.7025588, 47.1287129 ], [ 28.7025595, 47.1287137 ], [ 28.7025596, 47.1287138 ], [ 28.7025599, 47.1287139 ], [ 28.7025966, 47.128729 ], [ 28.7025969, 47.1287291 ], [ 28.702597, 47.128729 ], [ 28.7025976, 47.1287285 ], [ 28.7025984, 47.1287278 ], [ 28.7025994, 47.1287273 ], [ 28.7026004, 47.1287267 ], [ 28.7026015, 47.1287263 ], [ 28.7026027, 47.1287259 ], [ 28.7026039, 47.1287256 ], [ 28.7026051, 47.1287254 ], [ 28.7026064, 47.1287252 ], [ 28.7026077, 47.1287252 ], [ 28.7026089, 47.1287252 ], [ 28.7026102, 47.1287254 ], [ 28.7026115, 47.1287256 ], [ 28.7026127, 47.1287258 ], [ 28.7026138, 47.1287262 ], [ 28.7026149, 47.1287267 ], [ 28.702616, 47.1287272 ], [ 28.7026169, 47.1287278 ], [ 28.7026178, 47.1287284 ], [ 28.7026186, 47.1287291 ], [ 28.7026193, 47.1287298 ], [ 28.7026198, 47.1287306 ], [ 28.7026203, 47.1287314 ], [ 28.7026206, 47.1287323 ], [ 28.7026208, 47.1287332 ], [ 28.7026209, 47.128734 ], [ 28.7026209, 47.1287349 ], [ 28.7026207, 47.1287358 ], [ 28.7026204, 47.1287366 ], [ 28.70262, 47.1287375 ], [ 28.7026195, 47.1287383 ], [ 28.7026166, 47.1287422 ], [ 28.7026165, 47.1287424 ], [ 28.7026167, 47.1287425 ], [ 28.7026426, 47.1287514 ], [ 28.7026438, 47.1287519 ], [ 28.7026449, 47.1287524 ], [ 28.7026459, 47.128753 ], [ 28.7026468, 47.1287537 ], [ 28.7026476, 47.1287544 ], [ 28.7026483, 47.1287552 ], [ 28.7026489, 47.1287561 ], [ 28.7026493, 47.128757 ], [ 28.7026496, 47.1287579 ], [ 28.7026497, 47.1287583 ], [ 28.70265, 47.1287584 ], [ 28.7026885, 47.1287713 ], [ 28.7026888, 47.1287713 ], [ 28.7026889, 47.1287712 ], [ 28.7026958, 47.1287616 ], [ 28.7026964, 47.1287608 ], [ 28.7026972, 47.1287601 ], [ 28.702698, 47.1287594 ], [ 28.7026989, 47.1287588 ], [ 28.7026999, 47.1287582 ], [ 28.702701, 47.1287577 ], [ 28.7027022, 47.1287573 ], [ 28.7027034, 47.128757 ], [ 28.7027046, 47.1287568 ], [ 28.7027059, 47.1287566 ], [ 28.7027071, 47.1287565 ], [ 28.7027084, 47.1287565 ], [ 28.7027097, 47.1287566 ], [ 28.702711, 47.1287568 ], [ 28.7027122, 47.1287571 ], [ 28.7027134, 47.1287574 ], [ 28.7027145, 47.1287579 ], [ 28.7027156, 47.1287583 ], [ 28.7027163, 47.1287587 ], [ 28.7027164, 47.1287588 ], [ 28.7027167, 47.1287589 ], [ 28.7027212, 47.1287606 ], [ 28.7027211, 47.1287607 ], [ 28.7027214, 47.1287608 ], [ 28.7027232, 47.1287613 ], [ 28.7027458, 47.1287698 ], [ 28.702746, 47.1287699 ], [ 28.7027466, 47.1287707 ], [ 28.7027471, 47.1287714 ], [ 28.7027475, 47.1287723 ], [ 28.7027478, 47.1287731 ], [ 28.702748, 47.128774 ], [ 28.7027481, 47.1287748 ], [ 28.702748, 47.1287757 ], [ 28.7027478, 47.1287765 ], [ 28.7027475, 47.1287774 ], [ 28.7027473, 47.1287779 ], [ 28.7027473, 47.1287779 ], [ 28.7027471, 47.1287783 ], [ 28.7027473, 47.1287784 ], [ 28.7027683, 47.1287842 ], [ 28.7027695, 47.1287846 ], [ 28.7027705, 47.128785 ], [ 28.7027716, 47.1287855 ], [ 28.7027725, 47.128786 ], [ 28.7027733, 47.1287867 ], [ 28.7027741, 47.1287873 ], [ 28.7027748, 47.128788 ], [ 28.7027754, 47.1287888 ], [ 28.7027758, 47.1287896 ], [ 28.7027762, 47.1287904 ], [ 28.7027764, 47.1287912 ], [ 28.7027765, 47.128792 ], [ 28.7027765, 47.128792 ], [ 28.7027768, 47.1287921 ], [ 28.7028105, 47.1288015 ], [ 28.7028108, 47.1288015 ], [ 28.7028109, 47.1288015 ], [ 28.7028118, 47.1288011 ], [ 28.7028129, 47.1288006 ], [ 28.7028142, 47.1288003 ], [ 28.7028155, 47.1288 ], [ 28.7028168, 47.1287999 ], [ 28.7028181, 47.1287998 ], [ 28.7028195, 47.1287998 ], [ 28.7028208, 47.1287999 ], [ 28.7028221, 47.1288001 ], [ 28.7028234, 47.1288004 ], [ 28.7028445, 47.1288061 ], [ 28.7028448, 47.1288062 ], [ 28.7028451, 47.1288061 ], [ 28.7028463, 47.128806 ], [ 28.7028475, 47.128806 ], [ 28.7028487, 47.1288061 ], [ 28.7028498, 47.1288062 ], [ 28.702851, 47.1288064 ], [ 28.7028521, 47.1288066 ], [ 28.7028761, 47.1288132 ], [ 28.7028764, 47.1288132 ], [ 28.7028765, 47.1288132 ], [ 28.702878, 47.1288133 ], [ 28.7028794, 47.1288136 ], [ 28.7028809, 47.1288139 ], [ 28.7028952, 47.1288178 ], [ 28.7028963, 47.1288181 ], [ 28.7028974, 47.1288186 ], [ 28.7028984, 47.128819 ], [ 28.7028994, 47.1288196 ], [ 28.7029002, 47.1288202 ], [ 28.702901, 47.1288209 ], [ 28.7029017, 47.1288216 ], [ 28.7029023, 47.1288224 ], [ 28.7029027, 47.1288232 ], [ 28.7029031, 47.128824 ], [ 28.7029033, 47.1288248 ], [ 28.7029035, 47.1288257 ], [ 28.7029035, 47.1288261 ], [ 28.7029038, 47.1288262 ], [ 28.7029374, 47.1288355 ], [ 28.7029377, 47.1288356 ], [ 28.7029383, 47.1288357 ], [ 28.70294, 47.1288361 ], [ 28.7029524, 47.1288394 ], [ 28.7029535, 47.1288398 ], [ 28.7029546, 47.1288402 ], [ 28.7029557, 47.1288407 ], [ 28.7029566, 47.1288413 ], [ 28.7029575, 47.1288419 ], [ 28.7029583, 47.1288426 ], [ 28.702959, 47.1288433 ], [ 28.7029596, 47.1288441 ], [ 28.70296, 47.1288449 ], [ 28.7029604, 47.1288457 ], [ 28.7029606, 47.1288466 ], [ 28.7029607, 47.1288475 ], [ 28.7029607, 47.1288483 ], [ 28.7029605, 47.1288492 ], [ 28.7029603, 47.1288501 ], [ 28.7029599, 47.1288509 ], [ 28.7029426, 47.1288827 ], [ 28.7029425, 47.1288829 ], [ 28.7029428, 47.128883 ], [ 28.7029768, 47.1288916 ], [ 28.7029771, 47.1288917 ], [ 28.7029772, 47.1288915 ], [ 28.703005, 47.1288404 ], [ 28.7030051, 47.1288403 ], [ 28.7030269, 47.1288019 ], [ 28.7030274, 47.1288011 ], [ 28.7030281, 47.1288003 ], [ 28.7030288, 47.1287996 ], [ 28.7030297, 47.1287989 ], [ 28.7030306, 47.1287983 ], [ 28.7030317, 47.1287978 ], [ 28.7030328, 47.1287973 ], [ 28.7030339, 47.1287969 ], [ 28.7030352, 47.1287966 ], [ 28.7030364, 47.1287964 ], [ 28.7030377, 47.1287962 ], [ 28.703039, 47.1287962 ], [ 28.7030403, 47.1287962 ], [ 28.7030416, 47.1287963 ], [ 28.7030429, 47.1287965 ], [ 28.7030441, 47.1287968 ], [ 28.7030497, 47.1287983 ], [ 28.7030508, 47.1287987 ], [ 28.7030519, 47.1287992 ], [ 28.703053, 47.1287997 ], [ 28.7030539, 47.1288003 ], [ 28.7030548, 47.1288009 ], [ 28.7030556, 47.1288016 ], [ 28.7030563, 47.1288023 ], [ 28.7030568, 47.1288031 ], [ 28.7030573, 47.128804 ], [ 28.7030576, 47.1288048 ], [ 28.7030578, 47.1288057 ], [ 28.7030579, 47.1288066 ], [ 28.7030579, 47.1288074 ], [ 28.7030577, 47.1288083 ], [ 28.7030574, 47.1288092 ], [ 28.703057, 47.12881 ], [ 28.7030073, 47.1288955 ], [ 28.7030072, 47.1288957 ], [ 28.7030075, 47.1288957 ], [ 28.7030265, 47.1289009 ], [ 28.7030276, 47.1289012 ], [ 28.7030287, 47.1289016 ], [ 28.7030297, 47.1289021 ], [ 28.7030307, 47.1289027 ], [ 28.7030316, 47.1289033 ], [ 28.7030323, 47.128904 ], [ 28.703033, 47.1289047 ], [ 28.7030336, 47.1289055 ], [ 28.7030341, 47.1289062 ], [ 28.7030344, 47.1289071 ], [ 28.7030347, 47.1289079 ], [ 28.7030348, 47.1289087 ], [ 28.7030348, 47.1289096 ], [ 28.7030348, 47.1289097 ], [ 28.7030351, 47.1289098 ], [ 28.7030541, 47.1289151 ], [ 28.7030553, 47.1289154 ], [ 28.7030564, 47.1289159 ], [ 28.7030574, 47.1289164 ], [ 28.7030584, 47.128917 ], [ 28.7030593, 47.1289176 ], [ 28.70306, 47.1289183 ], [ 28.7030607, 47.1289191 ], [ 28.7030613, 47.1289199 ], [ 28.7030617, 47.1289207 ], [ 28.7030621, 47.1289215 ], [ 28.7030623, 47.1289224 ], [ 28.7030623, 47.1289233 ], [ 28.7030623, 47.1289242 ], [ 28.7030621, 47.1289251 ], [ 28.7030618, 47.1289259 ], [ 28.7030614, 47.1289267 ], [ 28.7030437, 47.1289569 ], [ 28.7030436, 47.1289571 ], [ 28.7030439, 47.1289572 ], [ 28.7030673, 47.1289636 ], [ 28.7030685, 47.128964 ], [ 28.7030697, 47.1289644 ], [ 28.7030708, 47.128965 ], [ 28.7030717, 47.1289656 ], [ 28.7030726, 47.1289663 ], [ 28.7030734, 47.128967 ], [ 28.7030741, 47.1289678 ], [ 28.7030747, 47.1289686 ], [ 28.7030748, 47.1289688 ], [ 28.703075, 47.1289691 ], [ 28.7030753, 47.1289692 ], [ 28.7031039, 47.1289766 ], [ 28.7031049, 47.1289769 ], [ 28.7031059, 47.1289773 ], [ 28.7031061, 47.1289774 ], [ 28.7031064, 47.1289775 ], [ 28.7031067, 47.1289776 ], [ 28.7031363, 47.1289854 ], [ 28.7031372, 47.1289857 ], [ 28.7031381, 47.128986 ], [ 28.7031381, 47.128986 ], [ 28.7031384, 47.1289861 ], [ 28.7031573, 47.1289911 ], [ 28.7031585, 47.1289915 ], [ 28.7031596, 47.1289919 ], [ 28.7031607, 47.1289924 ], [ 28.7031616, 47.128993 ], [ 28.7031625, 47.1289936 ], [ 28.7031633, 47.1289943 ], [ 28.703164, 47.1289951 ], [ 28.7031646, 47.1289959 ], [ 28.703165, 47.1289967 ], [ 28.7031654, 47.1289976 ], [ 28.7031656, 47.1289984 ], [ 28.7031657, 47.1289993 ], [ 28.7031656, 47.1290002 ], [ 28.7031655, 47.1290011 ], [ 28.7031652, 47.1290019 ], [ 28.7031648, 47.1290028 ], [ 28.7031475, 47.1290327 ], [ 28.7031474, 47.1290329 ], [ 28.7031477, 47.129033 ], [ 28.7031682, 47.1290385 ], [ 28.7031693, 47.1290388 ], [ 28.7031703, 47.1290392 ], [ 28.7031713, 47.1290397 ], [ 28.7031723, 47.1290403 ], [ 28.7031731, 47.1290409 ], [ 28.7031739, 47.1290415 ], [ 28.7031746, 47.1290422 ], [ 28.7031752, 47.1290429 ], [ 28.7031757, 47.1290437 ], [ 28.7031758, 47.1290439 ], [ 28.703176, 47.129044 ], [ 28.7032098, 47.1290531 ], [ 28.7032101, 47.1290532 ], [ 28.7032104, 47.1290532 ], [ 28.7032109, 47.1290533 ], [ 28.703212, 47.1290535 ], [ 28.7032131, 47.1290537 ], [ 28.7032408, 47.1290617 ], [ 28.7032411, 47.1290617 ], [ 28.7032416, 47.1290615 ], [ 28.7032417, 47.1290615 ], [ 28.7032429, 47.129061 ], [ 28.7032441, 47.1290607 ], [ 28.7032454, 47.1290604 ], [ 28.7032468, 47.1290603 ], [ 28.7032481, 47.1290602 ], [ 28.7032494, 47.1290602 ], [ 28.7032507, 47.1290604 ], [ 28.7032521, 47.1290606 ], [ 28.7032533, 47.1290609 ], [ 28.7032737, 47.1290664 ], [ 28.703274, 47.1290665 ], [ 28.7032743, 47.1290663 ], [ 28.7032752, 47.1290656 ], [ 28.7032763, 47.129065 ], [ 28.7032773, 47.1290645 ], [ 28.7032785, 47.1290641 ], [ 28.7032797, 47.1290638 ], [ 28.7032809, 47.1290635 ], [ 28.7032822, 47.1290633 ], [ 28.7032835, 47.1290632 ], [ 28.7032848, 47.1290632 ], [ 28.7032861, 47.1290633 ], [ 28.7032874, 47.1290635 ], [ 28.7032886, 47.1290637 ], [ 28.7032986, 47.1290662 ], [ 28.7032998, 47.1290665 ], [ 28.703301, 47.1290669 ], [ 28.703302, 47.1290674 ], [ 28.703303, 47.129068 ], [ 28.7033035, 47.1290683 ], [ 28.7033037, 47.1290684 ], [ 28.703304, 47.1290685 ], [ 28.7033376, 47.1290779 ], [ 28.7033379, 47.1290779 ], [ 28.7033381, 47.1290778 ], [ 28.7033777, 47.1290115 ], [ 28.7033782, 47.1290107 ], [ 28.7033789, 47.1290099 ], [ 28.7033796, 47.1290092 ], [ 28.7033805, 47.1290086 ], [ 28.7033814, 47.129008 ], [ 28.7033824, 47.1290075 ], [ 28.7033835, 47.129007 ], [ 28.7033847, 47.1290066 ], [ 28.7033859, 47.1290063 ], [ 28.7033871, 47.1290061 ], [ 28.7033884, 47.1290059 ], [ 28.7033896, 47.1290059 ], [ 28.7033909, 47.1290059 ], [ 28.7033922, 47.129006 ], [ 28.7033934, 47.1290062 ], [ 28.7033947, 47.1290065 ], [ 28.7033997, 47.1290078 ], [ 28.7034009, 47.1290082 ], [ 28.703402, 47.1290086 ], [ 28.7034031, 47.1290092 ], [ 28.7034041, 47.1290098 ], [ 28.703405, 47.1290104 ], [ 28.7034058, 47.1290111 ], [ 28.7034065, 47.1290119 ], [ 28.703407, 47.1290127 ], [ 28.7034075, 47.1290135 ], [ 28.7034078, 47.1290144 ], [ 28.703408, 47.1290153 ], [ 28.7034081, 47.1290162 ], [ 28.703408, 47.1290171 ], [ 28.7034078, 47.129018 ], [ 28.7034075, 47.1290188 ], [ 28.7034071, 47.1290197 ], [ 28.7033914, 47.1290452 ], [ 28.7033913, 47.1290454 ], [ 28.7033916, 47.1290455 ], [ 28.7034082, 47.1290502 ], [ 28.7034094, 47.1290506 ], [ 28.7034105, 47.1290511 ], [ 28.7034116, 47.1290517 ], [ 28.7034125, 47.1290523 ], [ 28.7034134, 47.1290529 ], [ 28.7034142, 47.1290537 ], [ 28.7034149, 47.1290545 ], [ 28.7034154, 47.1290553 ], [ 28.7034158, 47.1290562 ], [ 28.7034161, 47.129057 ], [ 28.7034163, 47.1290579 ], [ 28.7034163, 47.1290589 ], [ 28.7034162, 47.1290598 ], [ 28.703416, 47.1290602 ], [ 28.703416, 47.1290604 ], [ 28.7034163, 47.1290605 ], [ 28.70345, 47.1290698 ], [ 28.7034503, 47.1290699 ], [ 28.7034504, 47.1290698 ], [ 28.7034517, 47.1290696 ], [ 28.7034531, 47.1290694 ], [ 28.7034544, 47.1290693 ], [ 28.7034558, 47.1290693 ], [ 28.7034572, 47.1290694 ], [ 28.7034585, 47.1290696 ], [ 28.7034598, 47.1290699 ], [ 28.7034808, 47.1290755 ], [ 28.7034811, 47.1290756 ], [ 28.7034812, 47.1290754 ], [ 28.7034992, 47.1290442 ], [ 28.7034998, 47.1290434 ], [ 28.7035004, 47.1290427 ], [ 28.7035011, 47.129042 ], [ 28.703502, 47.1290413 ], [ 28.7035029, 47.1290407 ], [ 28.703504, 47.1290401 ], [ 28.7035051, 47.1290397 ], [ 28.7035062, 47.1290393 ], [ 28.7035074, 47.129039 ], [ 28.7035087, 47.1290387 ], [ 28.7035099, 47.1290386 ], [ 28.7035112, 47.1290385 ], [ 28.7035125, 47.1290386 ], [ 28.7035138, 47.1290387 ], [ 28.7035151, 47.1290389 ], [ 28.7035163, 47.1290391 ], [ 28.7035344, 47.129044 ], [ 28.7035347, 47.129044 ], [ 28.7035348, 47.1290439 ], [ 28.7035901, 47.1289472 ], [ 28.7035903, 47.1289469 ], [ 28.703642, 47.1288647 ], [ 28.7036421, 47.1288645 ], [ 28.7036419, 47.1288645 ], [ 28.7036217, 47.1288585 ], [ 28.7036205, 47.1288581 ], [ 28.7036194, 47.1288577 ], [ 28.7036184, 47.1288571 ], [ 28.7036174, 47.1288565 ], [ 28.7036166, 47.1288559 ], [ 28.7036158, 47.1288551 ], [ 28.7036152, 47.1288544 ], [ 28.7036146, 47.1288536 ], [ 28.7036142, 47.1288527 ], [ 28.7036139, 47.1288518 ], [ 28.7036138, 47.128851 ], [ 28.7036137, 47.1288501 ], [ 28.7036138, 47.1288492 ], [ 28.7036141, 47.1288483 ], [ 28.7036144, 47.1288474 ], [ 28.7036149, 47.1288466 ], [ 28.7036325, 47.1288196 ], [ 28.7036325, 47.1288195 ], [ 28.7036328, 47.1288191 ], [ 28.7036329, 47.128819 ], [ 28.7037566, 47.1286011 ], [ 28.7037567, 47.1286009 ], [ 28.7037564, 47.1286008 ], [ 28.7037419, 47.128597 ], [ 28.7037407, 47.1285966 ], [ 28.7037395, 47.1285962 ], [ 28.7037385, 47.1285956 ], [ 28.7037375, 47.1285951 ], [ 28.7037366, 47.1285944 ], [ 28.7037358, 47.1285937 ], [ 28.7037351, 47.1285929 ], [ 28.7037345, 47.1285921 ], [ 28.7037341, 47.1285913 ], [ 28.7037337, 47.1285904 ], [ 28.7037335, 47.1285895 ], [ 28.7037335, 47.1285887 ], [ 28.7037335, 47.1285878 ], [ 28.7037337, 47.1285869 ], [ 28.703734, 47.128586 ], [ 28.7037344, 47.1285852 ], [ 28.7037775, 47.1285137 ], [ 28.7037776, 47.1285135 ], [ 28.7037773, 47.1285134 ], [ 28.7037437, 47.128504 ], [ 28.7037434, 47.1285039 ], [ 28.7037429, 47.128504 ], [ 28.7037416, 47.1285042 ], [ 28.7037403, 47.1285043 ], [ 28.7037389, 47.1285043 ], [ 28.7037376, 47.1285042 ], [ 28.7037363, 47.128504 ], [ 28.7037351, 47.1285037 ], [ 28.7037338, 47.1285034 ], [ 28.7037327, 47.1285029 ], [ 28.7037316, 47.1285024 ], [ 28.7037306, 47.1285018 ], [ 28.7037297, 47.1285012 ], [ 28.7037289, 47.1285005 ], [ 28.7037282, 47.1284997 ], [ 28.7037276, 47.1284989 ], [ 28.7037271, 47.128498 ], [ 28.7037268, 47.1284972 ], [ 28.7037266, 47.1284966 ], [ 28.7037303, 47.1284887 ], [ 28.7037303, 47.1284885 ], [ 28.7037301, 47.1284885 ], [ 28.7037152, 47.1284852 ], [ 28.7037152, 47.1284849 ], [ 28.7037155, 47.1284841 ], [ 28.7037159, 47.1284832 ], [ 28.7037292, 47.1284602 ], [ 28.7037621, 47.1284687 ], [ 28.7037626, 47.1284688 ], [ 28.7037636, 47.128469 ], [ 28.7037648, 47.1284693 ], [ 28.7037659, 47.1284697 ], [ 28.7037662, 47.1284698 ], [ 28.7038001, 47.1284787 ], [ 28.7038004, 47.1284788 ], [ 28.7038007, 47.1284788 ], [ 28.703802, 47.1284791 ], [ 28.7038032, 47.1284794 ], [ 28.703804, 47.1284796 ], [ 28.7038044, 47.1284798 ], [ 28.7038383, 47.1284887 ], [ 28.7038386, 47.1284888 ], [ 28.7038388, 47.1284886 ], [ 28.7038405, 47.1284855 ], [ 28.703841, 47.1284847 ], [ 28.7038417, 47.1284839 ], [ 28.7038424, 47.1284832 ], [ 28.7038433, 47.1284825 ], [ 28.7038443, 47.1284819 ], [ 28.7038453, 47.1284813 ], [ 28.7038465, 47.1284809 ], [ 28.7038477, 47.1284805 ], [ 28.7038489, 47.1284802 ], [ 28.7038502, 47.1284799 ], [ 28.7038515, 47.1284798 ], [ 28.7038528, 47.1284798 ], [ 28.7038541, 47.1284798 ], [ 28.7038555, 47.12848 ], [ 28.7038567, 47.1284802 ], [ 28.703858, 47.1284805 ], [ 28.7038592, 47.1284809 ], [ 28.7038603, 47.1284814 ], [ 28.7038607, 47.1284816 ], [ 28.703861, 47.1284817 ], [ 28.703895, 47.1284904 ], [ 28.7038953, 47.1284905 ], [ 28.7038954, 47.1284903 ], [ 28.7039076, 47.1284683 ], [ 28.7039081, 47.1284675 ], [ 28.7039088, 47.1284667 ], [ 28.7039095, 47.128466 ], [ 28.7039103, 47.1284653 ], [ 28.7039113, 47.1284647 ], [ 28.7039123, 47.1284642 ], [ 28.7039134, 47.1284637 ], [ 28.7039145, 47.1284633 ], [ 28.7039157, 47.128463 ], [ 28.703917, 47.1284627 ], [ 28.7039183, 47.1284626 ], [ 28.7039196, 47.1284625 ], [ 28.7039209, 47.1284625 ], [ 28.7039221, 47.1284626 ], [ 28.7039234, 47.1284628 ], [ 28.7039246, 47.1284631 ], [ 28.7039266, 47.1284636 ], [ 28.7039278, 47.128464 ], [ 28.7039289, 47.1284644 ], [ 28.70393, 47.1284649 ], [ 28.703931, 47.1284655 ], [ 28.7039319, 47.1284661 ], [ 28.7039327, 47.1284668 ], [ 28.7039334, 47.1284675 ], [ 28.703934, 47.1284683 ], [ 28.7039344, 47.1284692 ], [ 28.7039348, 47.12847 ], [ 28.703935, 47.1284709 ], [ 28.7039351, 47.1284718 ], [ 28.7039351, 47.1284726 ], [ 28.7039349, 47.1284735 ], [ 28.7039346, 47.1284744 ], [ 28.7039342, 47.1284752 ], [ 28.7038682, 47.1285926 ], [ 28.7038681, 47.1285928 ], [ 28.7038684, 47.1285929 ], [ 28.7038721, 47.1285938 ], [ 28.7038631, 47.128609 ], [ 28.7038627, 47.1286096 ], [ 28.7038398, 47.1286411 ], [ 28.7038397, 47.1286413 ], [ 28.7038392, 47.1286419 ], [ 28.7038392, 47.128642 ], [ 28.7038176, 47.1286774 ], [ 28.703817, 47.1286782 ], [ 28.7038164, 47.1286789 ], [ 28.7038156, 47.1286796 ], [ 28.7038148, 47.1286803 ], [ 28.7038139, 47.1286808 ], [ 28.7038128, 47.1286814 ], [ 28.7038118, 47.1286818 ], [ 28.7038106, 47.1286822 ], [ 28.7038095, 47.1286825 ], [ 28.7038082, 47.1286827 ], [ 28.703807, 47.1286829 ], [ 28.7038057, 47.1286829 ], [ 28.7038045, 47.1286829 ], [ 28.7038032, 47.1286828 ], [ 28.703802, 47.1286826 ], [ 28.7038008, 47.1286824 ], [ 28.7037996, 47.128682 ], [ 28.7037867, 47.1286777 ], [ 28.7037864, 47.1286777 ], [ 28.7037863, 47.1286778 ], [ 28.7037517, 47.1287262 ], [ 28.7037516, 47.1287264 ], [ 28.7037512, 47.1287271 ], [ 28.7037511, 47.1287272 ], [ 28.7037257, 47.1287708 ], [ 28.7037256, 47.128771 ], [ 28.7037258, 47.1287711 ], [ 28.7037441, 47.1287761 ], [ 28.7037453, 47.1287765 ], [ 28.7037464, 47.1287769 ], [ 28.7037475, 47.1287774 ], [ 28.7037485, 47.128778 ], [ 28.7037493, 47.1287787 ], [ 28.7037501, 47.1287794 ], [ 28.7037508, 47.1287801 ], [ 28.7037514, 47.1287809 ], [ 28.7037518, 47.1287818 ], [ 28.7037522, 47.1287826 ], [ 28.7037524, 47.1287835 ], [ 28.7037524, 47.1287844 ], [ 28.7037524, 47.1287852 ], [ 28.7037522, 47.1287861 ], [ 28.7037519, 47.128787 ], [ 28.7037515, 47.1287878 ], [ 28.703732, 47.1288209 ], [ 28.7037315, 47.1288216 ], [ 28.7037247, 47.1288307 ], [ 28.7037241, 47.1288315 ], [ 28.7037233, 47.1288322 ], [ 28.7037224, 47.1288329 ], [ 28.7037215, 47.1288335 ], [ 28.7037204, 47.128834 ], [ 28.7037193, 47.1288345 ], [ 28.7037181, 47.1288349 ], [ 28.7037169, 47.1288352 ], [ 28.7037156, 47.1288354 ], [ 28.7037143, 47.1288355 ], [ 28.703713, 47.1288356 ], [ 28.7037117, 47.1288355 ], [ 28.7037104, 47.1288354 ], [ 28.7037091, 47.1288352 ], [ 28.7037079, 47.1288349 ], [ 28.7037067, 47.1288345 ], [ 28.7037025, 47.128833 ], [ 28.7037023, 47.1288329 ], [ 28.7037021, 47.1288331 ], [ 28.7036644, 47.1288806 ], [ 28.7036643, 47.1288807 ], [ 28.7036638, 47.1288814 ], [ 28.7036637, 47.1288815 ], [ 28.703654, 47.128896 ], [ 28.7036539, 47.1288962 ], [ 28.7036542, 47.1288963 ], [ 28.703671, 47.1289015 ], [ 28.7036721, 47.1289019 ], [ 28.7036731, 47.1289023 ], [ 28.7036741, 47.1289029 ], [ 28.703675, 47.1289035 ], [ 28.7036759, 47.1289041 ], [ 28.7036766, 47.1289048 ], [ 28.7036772, 47.1289056 ], [ 28.7036777, 47.1289063 ], [ 28.7036781, 47.1289071 ], [ 28.7036784, 47.128908 ], [ 28.7036786, 47.1289088 ], [ 28.7036787, 47.1289097 ], [ 28.7036786, 47.1289105 ], [ 28.7036784, 47.1289114 ], [ 28.7036781, 47.1289122 ], [ 28.7036777, 47.128913 ], [ 28.7036414, 47.1289746 ], [ 28.7036409, 47.1289754 ], [ 28.7036038, 47.1290245 ], [ 28.7036036, 47.1290247 ], [ 28.7036039, 47.1290248 ], [ 28.7036318, 47.1290346 ], [ 28.7036329, 47.129035 ], [ 28.7036339, 47.1290356 ], [ 28.7036349, 47.1290361 ], [ 28.7036358, 47.1290368 ], [ 28.7036366, 47.1290375 ], [ 28.7036373, 47.1290382 ], [ 28.7036378, 47.129039 ], [ 28.7036383, 47.1290399 ], [ 28.7036386, 47.1290407 ], [ 28.7036388, 47.1290416 ], [ 28.7036389, 47.1290425 ], [ 28.7036388, 47.1290434 ], [ 28.7036387, 47.1290442 ], [ 28.7036384, 47.1290451 ], [ 28.703638, 47.1290459 ], [ 28.7036177, 47.1290804 ], [ 28.7036176, 47.1290806 ], [ 28.7036179, 47.1290807 ], [ 28.7036497, 47.1290894 ], [ 28.7036511, 47.1290898 ], [ 28.7036515, 47.12909 ], [ 28.703652, 47.1290902 ], [ 28.7036523, 47.1290903 ], [ 28.7036702, 47.1290949 ], [ 28.7036714, 47.1290953 ], [ 28.7036725, 47.1290957 ], [ 28.7036736, 47.1290962 ], [ 28.7036746, 47.1290968 ], [ 28.7036755, 47.1290975 ], [ 28.7036763, 47.1290982 ], [ 28.703677, 47.1290989 ], [ 28.7036776, 47.1290997 ], [ 28.703678, 47.1291006 ], [ 28.7036784, 47.1291014 ], [ 28.7036786, 47.1291023 ], [ 28.7036787, 47.1291032 ], [ 28.7036786, 47.1291041 ], [ 28.7036784, 47.129105 ], [ 28.7036781, 47.1291059 ], [ 28.7036777, 47.1291067 ], [ 28.7036359, 47.1291768 ], [ 28.7036358, 47.129177 ], [ 28.7036361, 47.1291771 ], [ 28.7036698, 47.1291864 ], [ 28.7036701, 47.1291865 ], [ 28.7036702, 47.1291863 ], [ 28.7036873, 47.1291576 ], [ 28.7036878, 47.1291568 ], [ 28.7036885, 47.1291561 ], [ 28.7036892, 47.1291553 ], [ 28.7036901, 47.1291547 ], [ 28.703691, 47.1291541 ], [ 28.7036921, 47.1291536 ], [ 28.7036932, 47.1291531 ], [ 28.7036943, 47.1291527 ], [ 28.7036955, 47.1291524 ], [ 28.7036967, 47.1291522 ], [ 28.703698, 47.1291521 ], [ 28.7036993, 47.129152 ], [ 28.7037006, 47.129152 ], [ 28.7037019, 47.1291521 ], [ 28.7037031, 47.1291523 ], [ 28.7037043, 47.1291526 ], [ 28.7037063, 47.1291532 ], [ 28.7037075, 47.1291535 ], [ 28.7037086, 47.129154 ], [ 28.7037097, 47.1291545 ], [ 28.7037106, 47.1291551 ], [ 28.7037115, 47.1291557 ], [ 28.7037123, 47.1291564 ], [ 28.703713, 47.1291572 ], [ 28.7037136, 47.129158 ], [ 28.703714, 47.1291588 ], [ 28.7037144, 47.1291597 ], [ 28.7037146, 47.1291605 ], [ 28.7037147, 47.1291614 ], [ 28.7037146, 47.1291623 ], [ 28.7037144, 47.1291632 ], [ 28.7037141, 47.1291641 ], [ 28.7037137, 47.1291649 ], [ 28.7037052, 47.1291792 ], [ 28.7037051, 47.1291794 ], [ 28.7037054, 47.1291795 ], [ 28.703728, 47.1291857 ], [ 28.7037292, 47.1291861 ], [ 28.7037303, 47.1291865 ], [ 28.7037314, 47.1291871 ], [ 28.7037324, 47.1291877 ], [ 28.7037332, 47.1291883 ], [ 28.703734, 47.129189 ], [ 28.7037347, 47.1291898 ], [ 28.7037353, 47.1291906 ], [ 28.7037357, 47.1291914 ], [ 28.703736, 47.1291923 ], [ 28.7037362, 47.1291932 ], [ 28.7037363, 47.129194 ], [ 28.7037362, 47.1291949 ], [ 28.703736, 47.1291958 ], [ 28.7037357, 47.1291967 ], [ 28.7037353, 47.1291975 ], [ 28.7037328, 47.1292015 ], [ 28.7037327, 47.1292017 ], [ 28.703733, 47.1292018 ], [ 28.7037665, 47.1292114 ], [ 28.7037668, 47.1292114 ], [ 28.703767, 47.1292112 ], [ 28.7037673, 47.1292107 ], [ 28.7037678, 47.1292099 ], [ 28.7037685, 47.1292092 ], [ 28.7037693, 47.1292085 ], [ 28.7037701, 47.1292078 ], [ 28.7037711, 47.1292072 ], [ 28.7037722, 47.1292067 ], [ 28.7037733, 47.1292062 ], [ 28.7037745, 47.1292059 ], [ 28.7037757, 47.1292056 ], [ 28.7037769, 47.1292054 ], [ 28.7037782, 47.1292052 ], [ 28.7037795, 47.1292052 ], [ 28.7037808, 47.1292052 ], [ 28.7037821, 47.1292054 ], [ 28.7037834, 47.1292056 ], [ 28.7037846, 47.1292059 ], [ 28.7037851, 47.129206 ], [ 28.7037862, 47.1292064 ], [ 28.7037873, 47.1292069 ], [ 28.7037883, 47.1292074 ], [ 28.7037893, 47.129208 ], [ 28.7037901, 47.1292087 ], [ 28.7037909, 47.1292094 ], [ 28.7037916, 47.1292101 ], [ 28.7037921, 47.1292109 ], [ 28.7037925, 47.1292118 ], [ 28.7037928, 47.1292126 ], [ 28.703793, 47.1292135 ], [ 28.7037931, 47.1292143 ], [ 28.703793, 47.1292152 ], [ 28.7037928, 47.1292161 ], [ 28.7037925, 47.1292169 ], [ 28.7037921, 47.1292178 ], [ 28.7037886, 47.1292235 ], [ 28.7037885, 47.1292237 ], [ 28.7037888, 47.1292238 ], [ 28.7038223, 47.1292333 ], [ 28.7038226, 47.1292333 ], [ 28.7038228, 47.1292332 ], [ 28.7038337, 47.1292152 ], [ 28.7038342, 47.1292144 ], [ 28.7038349, 47.1292137 ], [ 28.7038356, 47.129213 ], [ 28.7038365, 47.1292123 ], [ 28.7038374, 47.1292118 ], [ 28.7038384, 47.1292112 ], [ 28.7038395, 47.1292108 ], [ 28.7038407, 47.1292104 ], [ 28.7038419, 47.1292101 ], [ 28.7038431, 47.1292099 ], [ 28.7038443, 47.1292097 ], [ 28.7038456, 47.1292097 ], [ 28.7038469, 47.1292097 ], [ 28.7038482, 47.1292098 ], [ 28.7038494, 47.12921 ], [ 28.7038506, 47.1292103 ], [ 28.7038567, 47.1292119 ], [ 28.7038579, 47.1292123 ], [ 28.703859, 47.1292127 ], [ 28.70386, 47.1292132 ], [ 28.7038609, 47.1292137 ], [ 28.7038618, 47.1292143 ], [ 28.7038626, 47.129215 ], [ 28.7038633, 47.1292157 ], [ 28.7038639, 47.1292164 ], [ 28.7038643, 47.1292172 ], [ 28.7038647, 47.129218 ], [ 28.703865, 47.1292189 ], [ 28.703865, 47.129219 ], [ 28.7038653, 47.1292191 ], [ 28.703882, 47.1292236 ], [ 28.7038832, 47.129224 ], [ 28.7038843, 47.1292245 ], [ 28.7038854, 47.129225 ], [ 28.7038864, 47.1292256 ], [ 28.7038872, 47.1292262 ], [ 28.703888, 47.1292269 ], [ 28.7038887, 47.1292277 ], [ 28.7038893, 47.1292284 ], [ 28.7038897, 47.1292293 ], [ 28.7038901, 47.1292301 ], [ 28.7038903, 47.129231 ], [ 28.7038903, 47.1292319 ], [ 28.7038903, 47.1292328 ], [ 28.7038901, 47.1292336 ], [ 28.7038898, 47.1292345 ], [ 28.7038894, 47.1292353 ], [ 28.7038573, 47.1292903 ], [ 28.7038572, 47.1292905 ], [ 28.7038575, 47.1292906 ], [ 28.7038912, 47.1292997 ], [ 28.7038915, 47.1292998 ], [ 28.7038916, 47.1292997 ], [ 28.7038923, 47.1292993 ], [ 28.7038932, 47.1292987 ], [ 28.7038943, 47.1292982 ], [ 28.7038953, 47.1292978 ], [ 28.7038965, 47.1292975 ], [ 28.7038977, 47.1292972 ], [ 28.7038989, 47.129297 ], [ 28.7039001, 47.1292969 ], [ 28.7039014, 47.1292968 ], [ 28.7039026, 47.1292969 ], [ 28.7039039, 47.129297 ], [ 28.7039051, 47.1292972 ], [ 28.7039062, 47.1292975 ], [ 28.7039149, 47.1292999 ], [ 28.703916, 47.1293002 ], [ 28.7039171, 47.1293007 ], [ 28.7039181, 47.1293012 ], [ 28.703919, 47.1293017 ], [ 28.7039199, 47.1293023 ], [ 28.7039206, 47.129303 ], [ 28.7039213, 47.1293037 ], [ 28.7039219, 47.1293045 ], [ 28.7039224, 47.1293052 ], [ 28.7039227, 47.1293061 ], [ 28.703923, 47.1293069 ], [ 28.7039231, 47.1293073 ], [ 28.7039233, 47.1293074 ], [ 28.703957, 47.1293167 ], [ 28.7039573, 47.1293168 ], [ 28.7039574, 47.1293166 ], [ 28.7039594, 47.1293133 ], [ 28.7039599, 47.1293125 ], [ 28.7039606, 47.1293118 ], [ 28.7039613, 47.1293111 ], [ 28.7039622, 47.1293104 ], [ 28.7039631, 47.1293098 ], [ 28.7039641, 47.1293093 ], [ 28.7039652, 47.1293088 ], [ 28.7039664, 47.1293084 ], [ 28.7039676, 47.1293081 ], [ 28.7039689, 47.1293079 ], [ 28.7039701, 47.1293078 ], [ 28.7039714, 47.1293077 ], [ 28.7039727, 47.1293077 ], [ 28.703974, 47.1293079 ], [ 28.7039752, 47.1293081 ], [ 28.7039765, 47.1293084 ], [ 28.7039833, 47.1293102 ], [ 28.7039845, 47.1293106 ], [ 28.7039856, 47.129311 ], [ 28.7039867, 47.1293115 ], [ 28.7039876, 47.1293121 ], [ 28.7039885, 47.1293128 ], [ 28.7039893, 47.1293135 ], [ 28.70399, 47.1293142 ], [ 28.7039905, 47.129315 ], [ 28.703991, 47.1293158 ], [ 28.7039913, 47.1293166 ], [ 28.7039915, 47.1293175 ], [ 28.7039916, 47.1293184 ], [ 28.7039916, 47.1293193 ], [ 28.7039914, 47.1293201 ], [ 28.7039912, 47.129321 ], [ 28.7039908, 47.1293218 ], [ 28.7039881, 47.1293265 ], [ 28.703988, 47.1293267 ], [ 28.7039883, 47.1293267 ], [ 28.7040222, 47.1293356 ], [ 28.7040225, 47.1293357 ], [ 28.7040229, 47.1293356 ], [ 28.7040233, 47.1293354 ], [ 28.7040244, 47.1293349 ], [ 28.7040256, 47.1293346 ], [ 28.7040269, 47.1293343 ], [ 28.7040282, 47.1293341 ], [ 28.7040295, 47.129334 ], [ 28.7040308, 47.129334 ], [ 28.7040321, 47.1293341 ], [ 28.7040334, 47.1293342 ], [ 28.7040346, 47.1293345 ], [ 28.7040359, 47.1293348 ], [ 28.704037, 47.1293352 ], [ 28.7040381, 47.1293357 ], [ 28.7040391, 47.1293363 ], [ 28.7040401, 47.1293369 ], [ 28.7040409, 47.1293376 ], [ 28.7040416, 47.1293384 ], [ 28.7040422, 47.1293392 ], [ 28.7040427, 47.12934 ], [ 28.7040431, 47.1293408 ], [ 28.7040434, 47.1293417 ], [ 28.7040435, 47.1293426 ], [ 28.7040435, 47.1293435 ], [ 28.7040433, 47.1293444 ], [ 28.7040431, 47.1293453 ], [ 28.7040427, 47.1293461 ], [ 28.7040248, 47.1293787 ], [ 28.7040247, 47.1293789 ], [ 28.704025, 47.129379 ], [ 28.704059, 47.1293876 ], [ 28.7040594, 47.1293877 ], [ 28.7040594, 47.1293877 ], [ 28.7040605, 47.1293875 ], [ 28.7040617, 47.1293874 ], [ 28.7040629, 47.1293874 ], [ 28.7040641, 47.1293874 ], [ 28.7040653, 47.1293875 ], [ 28.7040665, 47.1293877 ], [ 28.7040676, 47.1293879 ], [ 28.7040908, 47.1293938 ], [ 28.7040911, 47.1293939 ], [ 28.7040912, 47.1293937 ], [ 28.7041103, 47.129359 ], [ 28.7041108, 47.1293581 ], [ 28.7041114, 47.1293574 ], [ 28.7041122, 47.1293566 ], [ 28.704113, 47.1293559 ], [ 28.704114, 47.1293553 ], [ 28.704115, 47.1293548 ], [ 28.7041161, 47.1293543 ], [ 28.7041173, 47.1293539 ], [ 28.7041185, 47.1293536 ], [ 28.7041197, 47.1293533 ], [ 28.704121, 47.1293532 ], [ 28.7041223, 47.1293531 ], [ 28.7041236, 47.1293531 ], [ 28.7041249, 47.1293533 ], [ 28.7041262, 47.1293535 ], [ 28.7041274, 47.1293537 ], [ 28.7041354, 47.1293559 ], [ 28.7041366, 47.1293562 ], [ 28.7041377, 47.1293567 ], [ 28.7041388, 47.1293572 ], [ 28.7041398, 47.1293578 ], [ 28.7041407, 47.1293585 ], [ 28.7041415, 47.1293592 ], [ 28.7041422, 47.12936 ], [ 28.7041427, 47.1293608 ], [ 28.7041432, 47.1293616 ], [ 28.7041433, 47.1293621 ], [ 28.7041434, 47.1293623 ], [ 28.7041437, 47.1293624 ], [ 28.7041779, 47.1293709 ], [ 28.7041781, 47.129371 ], [ 28.7041783, 47.1293708 ], [ 28.7042065, 47.1293179 ], [ 28.7042066, 47.1293177 ], [ 28.7042063, 47.1293176 ], [ 28.704189, 47.1293133 ], [ 28.7041878, 47.129313 ], [ 28.7041866, 47.1293125 ], [ 28.7041856, 47.129312 ], [ 28.7041846, 47.1293115 ], [ 28.7041836, 47.1293108 ], [ 28.7041828, 47.1293101 ], [ 28.7041821, 47.1293094 ], [ 28.7041815, 47.1293086 ], [ 28.704181, 47.1293077 ], [ 28.7041807, 47.1293069 ], [ 28.7041805, 47.129306 ], [ 28.7041804, 47.1293051 ], [ 28.7041804, 47.1293042 ], [ 28.7041805, 47.1293033 ], [ 28.7041808, 47.1293024 ], [ 28.7041813, 47.1293016 ], [ 28.7042004, 47.1292682 ], [ 28.7042005, 47.129268 ], [ 28.7042003, 47.1292679 ], [ 28.7041797, 47.1292624 ], [ 28.7041785, 47.129262 ], [ 28.7041773, 47.1292616 ], [ 28.7041763, 47.1292611 ], [ 28.7041753, 47.1292605 ], [ 28.7041744, 47.1292598 ], [ 28.7041736, 47.1292591 ], [ 28.7041729, 47.1292584 ], [ 28.7041724, 47.1292576 ], [ 28.7041719, 47.1292567 ], [ 28.7041716, 47.1292559 ], [ 28.7041714, 47.129255 ], [ 28.7041713, 47.1292541 ], [ 28.7041713, 47.1292532 ], [ 28.7041715, 47.1292524 ], [ 28.7041718, 47.1292515 ], [ 28.7041722, 47.1292507 ], [ 28.7041917, 47.1292175 ], [ 28.7041918, 47.1292173 ], [ 28.7041915, 47.1292172 ], [ 28.7041734, 47.1292122 ], [ 28.7041722, 47.1292119 ], [ 28.7041711, 47.1292114 ], [ 28.7041701, 47.1292109 ], [ 28.7041691, 47.1292103 ], [ 28.7041682, 47.1292097 ], [ 28.7041674, 47.129209 ], [ 28.7041668, 47.1292082 ], [ 28.7041662, 47.1292075 ], [ 28.7041657, 47.1292066 ], [ 28.7041654, 47.1292058 ], [ 28.7041652, 47.1292049 ], [ 28.7041651, 47.129204 ], [ 28.7041652, 47.1292031 ], [ 28.7041653, 47.1292023 ], [ 28.7041656, 47.1292014 ], [ 28.704166, 47.1292006 ], [ 28.7041853, 47.1291673 ], [ 28.7041854, 47.1291671 ], [ 28.7041851, 47.129167 ], [ 28.7041691, 47.1291627 ], [ 28.704168, 47.1291623 ], [ 28.7041669, 47.1291619 ], [ 28.7041658, 47.1291614 ], [ 28.7041648, 47.1291608 ], [ 28.704164, 47.1291601 ], [ 28.7041632, 47.1291594 ], [ 28.7041625, 47.1291587 ], [ 28.7041619, 47.1291579 ], [ 28.7041615, 47.1291571 ], [ 28.7041611, 47.1291562 ], [ 28.7041609, 47.1291554 ], [ 28.7041608, 47.1291545 ], [ 28.7041608, 47.1291536 ], [ 28.704161, 47.1291527 ], [ 28.7041613, 47.1291519 ], [ 28.7041617, 47.129151 ], [ 28.7042028, 47.129079 ], [ 28.7042029, 47.1290788 ], [ 28.7042026, 47.1290787 ], [ 28.7041846, 47.1290739 ], [ 28.7041834, 47.1290736 ], [ 28.7041823, 47.1290731 ], [ 28.7041812, 47.1290726 ], [ 28.7041803, 47.129072 ], [ 28.7041794, 47.1290714 ], [ 28.7041786, 47.1290707 ], [ 28.7041779, 47.1290699 ], [ 28.7041773, 47.1290691 ], [ 28.7041768, 47.1290683 ], [ 28.7041765, 47.1290674 ], [ 28.7041763, 47.1290666 ], [ 28.7041762, 47.1290657 ], [ 28.7041763, 47.1290648 ], [ 28.7041764, 47.1290639 ], [ 28.7041767, 47.1290631 ], [ 28.7041771, 47.1290622 ], [ 28.7041985, 47.1290256 ], [ 28.7041986, 47.1290254 ], [ 28.7041983, 47.1290253 ], [ 28.7041815, 47.1290208 ], [ 28.7041803, 47.1290204 ], [ 28.7041792, 47.12902 ], [ 28.7041781, 47.1290194 ], [ 28.7041771, 47.1290189 ], [ 28.7041763, 47.1290182 ], [ 28.7041755, 47.1290175 ], [ 28.7041748, 47.1290168 ], [ 28.7041742, 47.129016 ], [ 28.7041738, 47.1290151 ], [ 28.7041734, 47.1290143 ], [ 28.7041732, 47.1290134 ], [ 28.7041731, 47.1290125 ], [ 28.7041732, 47.1290117 ], [ 28.7041734, 47.1290108 ], [ 28.7041737, 47.1290099 ], [ 28.7041741, 47.1290091 ], [ 28.7041918, 47.1289788 ], [ 28.7041919, 47.1289786 ], [ 28.7041916, 47.1289785 ], [ 28.7041729, 47.1289734 ], [ 28.7041718, 47.1289731 ], [ 28.7041706, 47.1289726 ], [ 28.7041696, 47.1289721 ], [ 28.7041686, 47.1289715 ], [ 28.7041677, 47.1289709 ], [ 28.704167, 47.1289702 ], [ 28.7041663, 47.1289694 ], [ 28.7041657, 47.1289686 ], [ 28.7041653, 47.1289678 ], [ 28.7041649, 47.128967 ], [ 28.7041647, 47.1289661 ], [ 28.7041646, 47.1289652 ], [ 28.7041647, 47.1289643 ], [ 28.7041648, 47.1289635 ], [ 28.7041651, 47.1289626 ], [ 28.7041655, 47.1289618 ], [ 28.7041865, 47.1289255 ], [ 28.7041866, 47.1289253 ], [ 28.7041863, 47.1289252 ], [ 28.7041651, 47.1289195 ], [ 28.704164, 47.1289192 ], [ 28.7041628, 47.1289187 ], [ 28.7041618, 47.1289182 ], [ 28.7041608, 47.1289176 ], [ 28.7041599, 47.128917 ], [ 28.7041591, 47.1289163 ], [ 28.7041585, 47.1289155 ], [ 28.7041579, 47.1289147 ], [ 28.7041574, 47.1289139 ], [ 28.7041571, 47.128913 ], [ 28.7041569, 47.1289122 ], [ 28.7041568, 47.1289113 ], [ 28.7041568, 47.1289104 ], [ 28.704157, 47.1289095 ], [ 28.7041573, 47.1289086 ], [ 28.7041577, 47.1289078 ], [ 28.7041665, 47.1288928 ], [ 28.7041666, 47.1288928 ], [ 28.7041667, 47.1288925 ], [ 28.7041668, 47.1288924 ], [ 28.7041939, 47.128842 ], [ 28.704194, 47.1288418 ], [ 28.7041937, 47.1288417 ], [ 28.7041778, 47.1288377 ], [ 28.7041766, 47.1288374 ], [ 28.7041755, 47.1288369 ], [ 28.7041744, 47.1288364 ], [ 28.7041734, 47.1288359 ], [ 28.7041725, 47.1288352 ], [ 28.7041717, 47.1288345 ], [ 28.7041709, 47.1288337 ], [ 28.7041703, 47.1288329 ], [ 28.7041699, 47.1288321 ], [ 28.7041695, 47.1288312 ], [ 28.7041693, 47.1288304 ], [ 28.7041692, 47.1288295 ], [ 28.7041692, 47.1288286 ], [ 28.7041694, 47.1288277 ], [ 28.7041697, 47.1288268 ], [ 28.7041701, 47.128826 ], [ 28.7041929, 47.1287869 ], [ 28.704193, 47.1287867 ], [ 28.7041927, 47.1287866 ], [ 28.7041733, 47.1287813 ], [ 28.7041721, 47.128781 ], [ 28.704171, 47.1287805 ], [ 28.7041699, 47.12878 ], [ 28.704169, 47.1287794 ], [ 28.7041681, 47.1287788 ], [ 28.7041673, 47.1287781 ], [ 28.7041666, 47.1287773 ], [ 28.704166, 47.1287765 ], [ 28.7041656, 47.1287757 ], [ 28.7041653, 47.1287748 ], [ 28.704165, 47.128774 ], [ 28.704165, 47.1287731 ], [ 28.704165, 47.1287722 ], [ 28.7041652, 47.1287713 ], [ 28.7041655, 47.1287705 ], [ 28.7041659, 47.1287696 ], [ 28.7041865, 47.1287343 ], [ 28.7041866, 47.1287341 ], [ 28.7041863, 47.128734 ], [ 28.7041684, 47.1287292 ], [ 28.7041672, 47.1287288 ], [ 28.7041661, 47.1287284 ], [ 28.7041651, 47.1287278 ], [ 28.7041641, 47.1287273 ], [ 28.7041632, 47.1287266 ], [ 28.7041624, 47.1287259 ], [ 28.7041618, 47.1287252 ], [ 28.7041612, 47.1287244 ], [ 28.7041607, 47.1287235 ], [ 28.7041604, 47.1287227 ], [ 28.7041602, 47.1287218 ], [ 28.7041601, 47.1287209 ], [ 28.7041601, 47.12872 ], [ 28.7041603, 47.1287192 ], [ 28.7041606, 47.1287183 ], [ 28.704161, 47.1287175 ], [ 28.7041711, 47.1287001 ], [ 28.7041712, 47.1286999 ], [ 28.704171, 47.1286998 ], [ 28.7041372, 47.1286907 ], [ 28.7041369, 47.1286906 ], [ 28.7041368, 47.1286908 ], [ 28.7040987, 47.1287562 ], [ 28.7040982, 47.128757 ], [ 28.7040975, 47.1287578 ], [ 28.7040968, 47.1287585 ], [ 28.7040959, 47.1287592 ], [ 28.704095, 47.1287598 ], [ 28.704094, 47.1287603 ], [ 28.7040929, 47.1287608 ], [ 28.7040917, 47.1287612 ], [ 28.7040905, 47.1287615 ], [ 28.7040892, 47.1287617 ], [ 28.7040879, 47.1287618 ], [ 28.7040867, 47.1287619 ], [ 28.7040854, 47.1287619 ], [ 28.7040841, 47.1287617 ], [ 28.7040828, 47.1287615 ], [ 28.7040816, 47.1287613 ], [ 28.7040776, 47.1287602 ], [ 28.7040764, 47.1287598 ], [ 28.7040753, 47.1287594 ], [ 28.7040743, 47.1287588 ], [ 28.7040733, 47.1287583 ], [ 28.7040724, 47.1287576 ], [ 28.7040717, 47.1287569 ], [ 28.704071, 47.1287562 ], [ 28.7040704, 47.1287554 ], [ 28.7040699, 47.1287546 ], [ 28.7040696, 47.1287537 ], [ 28.7040694, 47.1287528 ], [ 28.7040693, 47.128752 ], [ 28.7040694, 47.1287511 ], [ 28.7040695, 47.1287502 ], [ 28.7040698, 47.1287493 ], [ 28.7040703, 47.1287485 ], [ 28.7041673, 47.1285814 ], [ 28.7041674, 47.1285812 ], [ 28.7041671, 47.1285811 ], [ 28.7041367, 47.1285729 ], [ 28.7041355, 47.1285725 ], [ 28.7041349, 47.1285723 ], [ 28.704101, 47.1285633 ], [ 28.7041007, 47.1285632 ], [ 28.7041006, 47.1285634 ], [ 28.7040768, 47.1286049 ], [ 28.7040763, 47.1286057 ], [ 28.7040756, 47.1286065 ], [ 28.7040749, 47.1286072 ], [ 28.7040741, 47.1286078 ], [ 28.7040731, 47.1286084 ], [ 28.7040721, 47.128609 ], [ 28.704071, 47.1286094 ], [ 28.7040699, 47.1286098 ], [ 28.7040687, 47.1286102 ], [ 28.7040675, 47.1286104 ], [ 28.7040662, 47.1286105 ], [ 28.7040649, 47.1286106 ], [ 28.7040636, 47.1286106 ], [ 28.7040624, 47.1286105 ], [ 28.7040611, 47.1286103 ], [ 28.7040599, 47.12861 ], [ 28.7040546, 47.1286087 ], [ 28.7040534, 47.1286083 ], [ 28.7040523, 47.1286079 ], [ 28.7040512, 47.1286074 ], [ 28.7040502, 47.1286068 ], [ 28.7040493, 47.1286062 ], [ 28.7040485, 47.1286055 ], [ 28.7040478, 47.1286047 ], [ 28.7040472, 47.1286039 ], [ 28.7040467, 47.1286031 ], [ 28.7040464, 47.1286022 ], [ 28.7040462, 47.1286013 ], [ 28.7040461, 47.1286005 ], [ 28.7040461, 47.1285996 ], [ 28.7040463, 47.1285987 ], [ 28.7040466, 47.1285978 ], [ 28.704047, 47.128597 ], [ 28.7040497, 47.1285923 ], [ 28.7040499, 47.1285923 ], [ 28.70405, 47.1285921 ], [ 28.7040693, 47.1285586 ], [ 28.7040699, 47.1285578 ], [ 28.7040705, 47.128557 ], [ 28.7040713, 47.1285563 ], [ 28.7040721, 47.1285556 ], [ 28.7040731, 47.128555 ], [ 28.7040741, 47.1285545 ], [ 28.7040752, 47.128554 ], [ 28.7040764, 47.1285536 ], [ 28.7040776, 47.1285533 ], [ 28.7040788, 47.1285531 ], [ 28.7040801, 47.1285529 ], [ 28.7040814, 47.1285529 ], [ 28.7040827, 47.1285529 ], [ 28.704084, 47.128553 ], [ 28.7040852, 47.1285532 ], [ 28.7040865, 47.1285535 ], [ 28.7041157, 47.1285614 ], [ 28.704116, 47.1285615 ], [ 28.7041161, 47.1285613 ], [ 28.704174, 47.1284613 ], [ 28.7041741, 47.1284611 ], [ 28.7041739, 47.128461 ], [ 28.7041442, 47.128453 ], [ 28.7041431, 47.1284526 ], [ 28.704142, 47.1284522 ], [ 28.7041409, 47.1284517 ], [ 28.7041399, 47.1284511 ], [ 28.704139, 47.1284505 ], [ 28.7041383, 47.1284498 ], [ 28.7041376, 47.128449 ], [ 28.704137, 47.1284482 ], [ 28.7041365, 47.1284474 ], [ 28.7041362, 47.1284465 ], [ 28.704136, 47.1284457 ], [ 28.7041359, 47.1284448 ], [ 28.704136, 47.1284439 ], [ 28.7041361, 47.128443 ], [ 28.7041364, 47.1284422 ], [ 28.7041368, 47.1284413 ], [ 28.7041776, 47.1283704 ], [ 28.7041777, 47.1283703 ], [ 28.7043159, 47.1281242 ], [ 28.7043164, 47.1281234 ], [ 28.7043171, 47.1281226 ], [ 28.7043178, 47.1281219 ], [ 28.7043187, 47.1281212 ], [ 28.7043196, 47.1281206 ], [ 28.7043206, 47.1281201 ], [ 28.7043217, 47.1281196 ], [ 28.7043228, 47.1281192 ], [ 28.704324, 47.1281189 ], [ 28.7043253, 47.1281186 ], [ 28.7043266, 47.1281185 ], [ 28.7043278, 47.1281184 ], [ 28.7043291, 47.1281184 ], [ 28.7043304, 47.1281185 ], [ 28.7043317, 47.1281187 ], [ 28.7043329, 47.128119 ], [ 28.7043514, 47.1281238 ], [ 28.7043517, 47.1281238 ], [ 28.7043518, 47.1281236 ], [ 28.7043533, 47.1281209 ], [ 28.7043538, 47.1281201 ], [ 28.7043544, 47.1281193 ], [ 28.7043551, 47.1281186 ], [ 28.704356, 47.128118 ], [ 28.7043569, 47.1281173 ], [ 28.7043579, 47.1281168 ], [ 28.7043589, 47.1281163 ], [ 28.70436, 47.1281159 ], [ 28.7043612, 47.1281156 ], [ 28.7043624, 47.1281153 ], [ 28.7043636, 47.1281152 ], [ 28.7043649, 47.1281151 ], [ 28.7043662, 47.1281151 ], [ 28.7043674, 47.1281152 ], [ 28.7043687, 47.1281153 ], [ 28.7043699, 47.1281156 ], [ 28.7043835, 47.1281187 ], [ 28.7043838, 47.1281188 ], [ 28.7043839, 47.1281186 ], [ 28.7043871, 47.1281123 ], [ 28.7043875, 47.1281115 ], [ 28.7043881, 47.1281107 ], [ 28.7043888, 47.12811 ], [ 28.7043895, 47.1281093 ], [ 28.7043904, 47.1281087 ], [ 28.7043914, 47.1281081 ], [ 28.7043924, 47.1281076 ], [ 28.7043935, 47.1281072 ], [ 28.7043946, 47.1281069 ], [ 28.7043958, 47.1281066 ], [ 28.704397, 47.1281064 ], [ 28.7043983, 47.1281062 ], [ 28.7043995, 47.1281062 ], [ 28.7044008, 47.1281062 ], [ 28.704402, 47.1281064 ], [ 28.7044032, 47.1281066 ], [ 28.7044044, 47.1281068 ], [ 28.7044237, 47.1281121 ], [ 28.704424, 47.1281121 ], [ 28.7044241, 47.1281121 ], [ 28.7044251, 47.1281115 ], [ 28.7044262, 47.128111 ], [ 28.7044274, 47.1281106 ], [ 28.7044287, 47.1281102 ], [ 28.7044299, 47.1281099 ], [ 28.7044313, 47.1281098 ], [ 28.7044326, 47.1281097 ], [ 28.7044339, 47.1281097 ], [ 28.7044353, 47.1281098 ], [ 28.7044366, 47.12811 ], [ 28.7044379, 47.1281103 ], [ 28.7044588, 47.1281159 ], [ 28.7044591, 47.1281159 ], [ 28.7044592, 47.1281159 ], [ 28.7044599, 47.1281155 ], [ 28.704461, 47.128115 ], [ 28.7044621, 47.1281145 ], [ 28.7044634, 47.1281142 ], [ 28.7044646, 47.1281139 ], [ 28.7044659, 47.1281137 ], [ 28.7044672, 47.1281136 ], [ 28.7044686, 47.1281136 ], [ 28.7044699, 47.1281137 ], [ 28.7044712, 47.1281139 ], [ 28.7044724, 47.1281141 ], [ 28.7044785, 47.1281156 ], [ 28.7044797, 47.128116 ], [ 28.7044808, 47.1281164 ], [ 28.7044819, 47.1281169 ], [ 28.7044829, 47.1281174 ], [ 28.7044838, 47.1281181 ], [ 28.7044846, 47.1281188 ], [ 28.7044853, 47.1281195 ], [ 28.7044859, 47.1281203 ], [ 28.7044864, 47.1281211 ], [ 28.7044868, 47.128122 ], [ 28.704487, 47.1281228 ], [ 28.7044872, 47.1281237 ], [ 28.7044871, 47.1281246 ], [ 28.704487, 47.1281255 ], [ 28.7044867, 47.1281264 ], [ 28.7044863, 47.1281272 ], [ 28.7044859, 47.1281281 ], [ 28.7044858, 47.1281283 ], [ 28.7044861, 47.1281284 ], [ 28.7045201, 47.128137 ], [ 28.7045204, 47.1281371 ], [ 28.7045205, 47.1281369 ], [ 28.7045213, 47.1281363 ], [ 28.7045221, 47.1281356 ], [ 28.7045231, 47.1281351 ], [ 28.7045241, 47.1281345 ], [ 28.7045252, 47.1281341 ], [ 28.7045263, 47.1281337 ], [ 28.7045275, 47.1281334 ], [ 28.7045287, 47.1281332 ], [ 28.7045299, 47.1281331 ], [ 28.7045312, 47.128133 ], [ 28.7045325, 47.1281331 ], [ 28.7045337, 47.1281332 ], [ 28.7045349, 47.1281334 ], [ 28.7045361, 47.1281336 ], [ 28.7045538, 47.1281382 ], [ 28.7045541, 47.1281383 ], [ 28.7045542, 47.1281381 ], [ 28.7045692, 47.1281114 ], [ 28.7045697, 47.1281106 ], [ 28.7045704, 47.1281099 ], [ 28.7045711, 47.1281091 ], [ 28.704572, 47.1281085 ], [ 28.7045729, 47.1281078 ], [ 28.7045739, 47.1281073 ], [ 28.704575, 47.1281068 ], [ 28.7045762, 47.1281064 ], [ 28.7045774, 47.1281061 ], [ 28.7045786, 47.1281059 ], [ 28.7045799, 47.1281057 ], [ 28.7045812, 47.1281057 ], [ 28.7045825, 47.1281057 ], [ 28.7045838, 47.1281058 ], [ 28.7045851, 47.128106 ], [ 28.7045863, 47.1281063 ], [ 28.7046058, 47.1281115 ], [ 28.7046061, 47.1281115 ], [ 28.7046063, 47.1281113 ], [ 28.7046189, 47.1280891 ], [ 28.7046195, 47.1280883 ], [ 28.7046201, 47.1280875 ], [ 28.7046208, 47.1280868 ], [ 28.7046217, 47.1280862 ], [ 28.7046226, 47.1280856 ], [ 28.7046236, 47.128085 ], [ 28.7046247, 47.1280845 ], [ 28.7046259, 47.1280841 ], [ 28.7046271, 47.1280838 ], [ 28.7046283, 47.1280836 ], [ 28.7046296, 47.1280835 ], [ 28.7046309, 47.1280834 ], [ 28.7046322, 47.1280834 ], [ 28.7046335, 47.1280835 ], [ 28.7046347, 47.1280837 ], [ 28.704636, 47.128084 ], [ 28.7046371, 47.1280843 ], [ 28.7046383, 47.1280848 ], [ 28.7046393, 47.1280853 ], [ 28.7046403, 47.1280859 ], [ 28.7046412, 47.1280865 ], [ 28.704642, 47.1280872 ], [ 28.7046427, 47.1280879 ], [ 28.7046433, 47.1280887 ], [ 28.7046437, 47.1280896 ], [ 28.7046441, 47.1280904 ], [ 28.7046443, 47.1280913 ], [ 28.7046444, 47.1280922 ], [ 28.7046444, 47.128093 ], [ 28.7046442, 47.1280939 ], [ 28.7046439, 47.1280948 ], [ 28.7046435, 47.1280956 ], [ 28.7046311, 47.1281178 ], [ 28.704631, 47.128118 ], [ 28.7046312, 47.128118 ], [ 28.7046652, 47.1281269 ], [ 28.7046655, 47.128127 ], [ 28.7046656, 47.1281268 ], [ 28.7046676, 47.1281231 ], [ 28.7046682, 47.1281223 ], [ 28.7046688, 47.1281216 ], [ 28.7046695, 47.1281208 ], [ 28.7046704, 47.1281202 ], [ 28.7046713, 47.1281196 ], [ 28.7046723, 47.128119 ], [ 28.7046734, 47.1281185 ], [ 28.7046746, 47.1281181 ], [ 28.7046758, 47.1281178 ], [ 28.704677, 47.1281176 ], [ 28.7046783, 47.1281174 ], [ 28.7046796, 47.1281174 ], [ 28.7046809, 47.1281174 ], [ 28.7046822, 47.1281175 ], [ 28.7046834, 47.1281177 ], [ 28.7046847, 47.128118 ], [ 28.7046858, 47.1281183 ], [ 28.704687, 47.1281188 ], [ 28.704688, 47.1281193 ], [ 28.704689, 47.1281198 ], [ 28.7046899, 47.1281205 ], [ 28.7046907, 47.1281212 ], [ 28.7046914, 47.1281219 ], [ 28.7046919, 47.1281226 ], [ 28.704692, 47.1281227 ], [ 28.7046922, 47.1281228 ], [ 28.7047255, 47.1281328 ], [ 28.7047258, 47.1281328 ], [ 28.7047259, 47.1281326 ], [ 28.7047787, 47.1280509 ], [ 28.7047787, 47.1280508 ], [ 28.7047789, 47.1280506 ], [ 28.7047789, 47.1280506 ], [ 28.704799, 47.1280175 ], [ 28.7047991, 47.1280173 ], [ 28.7047988, 47.1280172 ], [ 28.7047964, 47.1280166 ], [ 28.7047952, 47.1280162 ], [ 28.7047941, 47.1280157 ], [ 28.7047931, 47.1280152 ], [ 28.7047921, 47.1280146 ], [ 28.7047912, 47.1280139 ], [ 28.7047904, 47.1280132 ], [ 28.7047898, 47.1280124 ], [ 28.7047892, 47.1280116 ], [ 28.7047888, 47.1280108 ], [ 28.7047885, 47.1280099 ], [ 28.7047883, 47.128009 ], [ 28.7047883, 47.1280081 ], [ 28.7047884, 47.1280072 ], [ 28.7047886, 47.1280063 ], [ 28.7047889, 47.1280055 ], [ 28.7047894, 47.1280046 ], [ 28.7047926, 47.1279996 ], [ 28.7047927, 47.1279995 ], [ 28.7047929, 47.1279991 ], [ 28.704793, 47.127999 ], [ 28.7048408, 47.1279154 ], [ 28.7048409, 47.1279152 ], [ 28.7048406, 47.1279152 ], [ 28.7048067, 47.1279061 ], [ 28.7048064, 47.1279061 ], [ 28.7048063, 47.1279061 ], [ 28.704805, 47.1279061 ], [ 28.7048037, 47.127906 ], [ 28.7048024, 47.1279059 ], [ 28.7048012, 47.1279056 ], [ 28.7048, 47.1279053 ], [ 28.7047989, 47.1279049 ], [ 28.7047978, 47.1279045 ], [ 28.7047967, 47.1279039 ], [ 28.7047958, 47.1279033 ], [ 28.704795, 47.1279026 ], [ 28.7047942, 47.1279019 ], [ 28.7047936, 47.1279012 ], [ 28.7047931, 47.1279004 ], [ 28.704793, 47.1279002 ], [ 28.7047927, 47.1279002 ], [ 28.7047588, 47.1278913 ], [ 28.7047585, 47.1278912 ], [ 28.7047584, 47.1278914 ], [ 28.7047238, 47.1279529 ], [ 28.7047233, 47.1279537 ], [ 28.7047226, 47.1279545 ], [ 28.7047219, 47.1279552 ], [ 28.7047211, 47.1279559 ], [ 28.7047201, 47.1279565 ], [ 28.7047191, 47.127957 ], [ 28.704718, 47.1279575 ], [ 28.7047169, 47.1279579 ], [ 28.7047157, 47.1279582 ], [ 28.7047144, 47.1279584 ], [ 28.7047132, 47.1279586 ], [ 28.7047119, 47.1279587 ], [ 28.7047106, 47.1279587 ], [ 28.7047093, 47.1279586 ], [ 28.7047081, 47.1279584 ], [ 28.7047068, 47.1279581 ], [ 28.7047057, 47.1279578 ], [ 28.7047045, 47.1279573 ], [ 28.7047035, 47.1279568 ], [ 28.7047025, 47.1279563 ], [ 28.7047016, 47.1279556 ], [ 28.7047008, 47.1279549 ], [ 28.7047001, 47.1279542 ], [ 28.7046995, 47.1279534 ], [ 28.704699, 47.1279526 ], [ 28.7046987, 47.1279518 ], [ 28.7046984, 47.1279509 ], [ 28.7046983, 47.12795 ], [ 28.7046983, 47.1279492 ], [ 28.7046985, 47.1279483 ], [ 28.7047016, 47.1279346 ], [ 28.7047019, 47.1279335 ], [ 28.7047228, 47.1278828 ], [ 28.7047229, 47.1278826 ], [ 28.7047226, 47.1278825 ], [ 28.7047152, 47.1278811 ], [ 28.7047139, 47.1278808 ], [ 28.7047127, 47.1278804 ], [ 28.7047116, 47.12788 ], [ 28.7047105, 47.1278794 ], [ 28.7047095, 47.1278789 ], [ 28.7047086, 47.1278782 ], [ 28.7047078, 47.1278775 ], [ 28.7047072, 47.1278767 ], [ 28.7047066, 47.1278759 ], [ 28.7047061, 47.1278751 ], [ 28.7047058, 47.1278742 ], [ 28.7047056, 47.1278733 ], [ 28.7047056, 47.1278724 ], [ 28.7047056, 47.1278715 ], [ 28.7047058, 47.1278706 ], [ 28.7047061, 47.1278698 ], [ 28.7047209, 47.1278373 ], [ 28.7047209, 47.1278371 ], [ 28.7047206, 47.1278371 ], [ 28.7046859, 47.1278297 ], [ 28.7046856, 47.1278297 ], [ 28.7046853, 47.1278298 ], [ 28.7046841, 47.1278302 ], [ 28.7046829, 47.1278305 ], [ 28.7046817, 47.1278308 ], [ 28.7046804, 47.127831 ], [ 28.7046791, 47.127831 ], [ 28.7046778, 47.127831 ], [ 28.7046765, 47.1278309 ], [ 28.7046753, 47.1278308 ], [ 28.704674, 47.1278305 ], [ 28.7046708, 47.1278297 ], [ 28.7046696, 47.1278293 ], [ 28.7046685, 47.1278289 ], [ 28.7046674, 47.1278284 ], [ 28.7046664, 47.1278278 ], [ 28.7046655, 47.1278272 ], [ 28.7046647, 47.1278265 ], [ 28.704664, 47.1278257 ], [ 28.7046634, 47.1278249 ], [ 28.7046629, 47.1278241 ], [ 28.7046625, 47.1278233 ], [ 28.7046623, 47.1278224 ], [ 28.7046622, 47.1278215 ], [ 28.7046622, 47.1278206 ], [ 28.7046624, 47.1278197 ], [ 28.7046627, 47.1278188 ], [ 28.7046631, 47.127818 ], [ 28.7046762, 47.1277951 ], [ 28.7046764, 47.1277947 ], [ 28.7046864, 47.1277792 ], [ 28.7046867, 47.1277787 ], [ 28.7047104, 47.1277472 ], [ 28.7047105, 47.127747 ], [ 28.704711, 47.1277462 ], [ 28.7047112, 47.127746 ], [ 28.7047308, 47.1277129 ], [ 28.7047309, 47.1277127 ], [ 28.7047306, 47.1277126 ], [ 28.7046969, 47.1277033 ], [ 28.7046966, 47.1277033 ], [ 28.7046965, 47.1277034 ], [ 28.7046875, 47.1277186 ], [ 28.704687, 47.1277194 ], [ 28.7046864, 47.1277201 ], [ 28.7046856, 47.1277208 ], [ 28.7046848, 47.1277215 ], [ 28.7046838, 47.127722 ], [ 28.7046828, 47.1277226 ], [ 28.7046818, 47.127723 ], [ 28.7046806, 47.1277234 ], [ 28.7046794, 47.1277237 ], [ 28.7046782, 47.127724 ], [ 28.704677, 47.1277241 ], [ 28.7046757, 47.1277242 ], [ 28.7046744, 47.1277242 ], [ 28.7046732, 47.1277241 ], [ 28.7046719, 47.1277239 ], [ 28.7046707, 47.1277236 ], [ 28.7046576, 47.1277203 ], [ 28.7046564, 47.1277199 ], [ 28.7046553, 47.1277195 ], [ 28.7046542, 47.127719 ], [ 28.7046532, 47.1277184 ], [ 28.7046523, 47.1277178 ], [ 28.7046515, 47.1277171 ], [ 28.7046508, 47.1277164 ], [ 28.7046502, 47.1277156 ], [ 28.7046497, 47.1277148 ], [ 28.7046494, 47.127714 ], [ 28.7046491, 47.1277131 ], [ 28.704649, 47.1277123 ], [ 28.704649, 47.1277114 ], [ 28.7046491, 47.1277105 ], [ 28.7046494, 47.1277097 ], [ 28.7046497, 47.1277088 ], [ 28.704664, 47.1276814 ], [ 28.7046641, 47.1276812 ], [ 28.7046638, 47.1276811 ], [ 28.7046296, 47.1276728 ], [ 28.7046293, 47.1276727 ], [ 28.7046292, 47.1276729 ], [ 28.7046154, 47.1276993 ], [ 28.7046149, 47.1277002 ], [ 28.7046143, 47.127701 ], [ 28.7046136, 47.1277017 ], [ 28.7046128, 47.1277024 ], [ 28.7046118, 47.127703 ], [ 28.7046108, 47.1277036 ], [ 28.7046097, 47.1277041 ], [ 28.7046086, 47.1277045 ], [ 28.7046074, 47.1277048 ], [ 28.7046061, 47.1277051 ], [ 28.7046048, 47.1277052 ], [ 28.7046035, 47.1277053 ], [ 28.7046022, 47.1277053 ], [ 28.7046009, 47.1277052 ], [ 28.7045996, 47.127705 ], [ 28.7045984, 47.1277048 ], [ 28.7045844, 47.1277012 ], [ 28.7045842, 47.1277011 ], [ 28.7045533, 47.1276929 ], [ 28.704553, 47.1276928 ], [ 28.7045527, 47.127693 ], [ 28.7045516, 47.1276935 ], [ 28.7045506, 47.1276939 ], [ 28.7045494, 47.1276942 ], [ 28.7045483, 47.1276945 ], [ 28.7045471, 47.1276947 ], [ 28.7045458, 47.1276948 ], [ 28.7045446, 47.1276949 ], [ 28.7045434, 47.1276948 ], [ 28.7045421, 47.1276947 ], [ 28.7045409, 47.1276945 ], [ 28.7045398, 47.1276942 ], [ 28.704538, 47.1276938 ], [ 28.7045368, 47.1276934 ], [ 28.7045357, 47.127693 ], [ 28.7045346, 47.1276924 ], [ 28.7045337, 47.1276919 ], [ 28.7045328, 47.1276912 ], [ 28.704532, 47.1276905 ], [ 28.7045313, 47.1276898 ], [ 28.7045307, 47.127689 ], [ 28.7045303, 47.1276882 ], [ 28.7045299, 47.1276873 ], [ 28.7045297, 47.1276865 ], [ 28.7045296, 47.1276856 ], [ 28.7045297, 47.1276847 ], [ 28.7045298, 47.1276838 ], [ 28.7045301, 47.127683 ], [ 28.7045305, 47.1276822 ], [ 28.7045437, 47.1276587 ], [ 28.7045442, 47.1276579 ], [ 28.7045449, 47.1276571 ], [ 28.7045456, 47.1276564 ], [ 28.7045465, 47.1276557 ], [ 28.7045475, 47.1276551 ], [ 28.7045485, 47.1276545 ], [ 28.7045496, 47.1276541 ], [ 28.7045508, 47.1276537 ], [ 28.7045521, 47.1276534 ], [ 28.7045533, 47.1276531 ], [ 28.7045546, 47.127653 ], [ 28.704556, 47.1276529 ], [ 28.7045573, 47.127653 ], [ 28.7045586, 47.1276531 ], [ 28.7045599, 47.1276533 ], [ 28.7045611, 47.1276536 ], [ 28.7045623, 47.127654 ], [ 28.704568, 47.1276562 ], [ 28.7045683, 47.1276563 ], [ 28.7045684, 47.1276561 ], [ 28.7045793, 47.1276425 ], [ 28.7045794, 47.1276423 ], [ 28.7045791, 47.1276422 ], [ 28.7045472, 47.1276304 ], [ 28.7045469, 47.1276303 ], [ 28.7045468, 47.1276304 ], [ 28.704544, 47.127634 ], [ 28.7045433, 47.1276347 ], [ 28.7045426, 47.1276354 ], [ 28.7045417, 47.127636 ], [ 28.7045408, 47.1276366 ], [ 28.7045398, 47.1276371 ], [ 28.7045387, 47.1276376 ], [ 28.7045375, 47.127638 ], [ 28.7045363, 47.1276383 ], [ 28.7045351, 47.1276385 ], [ 28.7045339, 47.1276386 ], [ 28.7045326, 47.1276387 ], [ 28.7045313, 47.1276386 ], [ 28.7045301, 47.1276385 ], [ 28.7045289, 47.1276383 ], [ 28.7045277, 47.1276381 ], [ 28.7045175, 47.1276354 ], [ 28.7045171, 47.1276353 ], [ 28.7045164, 47.1276352 ], [ 28.7045154, 47.127635 ], [ 28.7044877, 47.1276275 ], [ 28.7044874, 47.1276274 ], [ 28.7044864, 47.1276273 ], [ 28.7044853, 47.1276271 ], [ 28.7044843, 47.1276269 ], [ 28.7044522, 47.1276182 ], [ 28.7044519, 47.1276181 ], [ 28.7044515, 47.1276181 ], [ 28.7044502, 47.1276179 ], [ 28.704449, 47.1276177 ], [ 28.7044478, 47.1276174 ], [ 28.7044271, 47.127611 ], [ 28.7044268, 47.127611 ], [ 28.7044265, 47.1276112 ], [ 28.7044257, 47.1276119 ], [ 28.7044248, 47.1276125 ], [ 28.7044237, 47.127613 ], [ 28.7044226, 47.1276135 ], [ 28.7044215, 47.1276139 ], [ 28.7044203, 47.1276142 ], [ 28.704419, 47.1276144 ], [ 28.7044177, 47.1276146 ], [ 28.7044164, 47.1276146 ], [ 28.7044151, 47.1276146 ], [ 28.7044139, 47.1276145 ], [ 28.7044126, 47.1276143 ], [ 28.7044114, 47.127614 ], [ 28.7044102, 47.1276137 ], [ 28.7044091, 47.1276132 ], [ 28.704408, 47.1276127 ], [ 28.704407, 47.1276121 ], [ 28.7044061, 47.1276115 ], [ 28.7044054, 47.1276108 ], [ 28.7044047, 47.12761 ], [ 28.7044041, 47.1276092 ], [ 28.7044036, 47.1276084 ], [ 28.7044033, 47.1276075 ], [ 28.7044031, 47.1276067 ], [ 28.704403, 47.1276058 ], [ 28.704403, 47.1276049 ], [ 28.7044032, 47.127604 ], [ 28.7044035, 47.1276032 ], [ 28.7044168, 47.1275715 ], [ 28.7044168, 47.1275713 ], [ 28.7044165, 47.1275712 ], [ 28.7043816, 47.1275644 ], [ 28.7043813, 47.1275644 ], [ 28.7043812, 47.1275646 ], [ 28.7043702, 47.127591 ], [ 28.7043697, 47.1275918 ], [ 28.7043692, 47.1275926 ], [ 28.7043686, 47.1275934 ], [ 28.7043678, 47.1275941 ], [ 28.7043669, 47.1275948 ], [ 28.704366, 47.1275954 ], [ 28.704365, 47.1275959 ], [ 28.7043639, 47.1275964 ], [ 28.7043627, 47.1275968 ], [ 28.7043615, 47.1275971 ], [ 28.7043603, 47.1275973 ], [ 28.704359, 47.1275974 ], [ 28.7043577, 47.1275975 ], [ 28.7043564, 47.1275975 ], [ 28.7043551, 47.1275974 ], [ 28.7043538, 47.1275972 ], [ 28.7043526, 47.1275969 ], [ 28.7043514, 47.1275965 ], [ 28.7043503, 47.1275961 ], [ 28.7043495, 47.1275957 ], [ 28.7043494, 47.1275956 ], [ 28.7043491, 47.1275955 ], [ 28.704317, 47.1275855 ], [ 28.7043158, 47.1275851 ], [ 28.7043147, 47.1275846 ], [ 28.7043136, 47.1275841 ], [ 28.7043127, 47.1275834 ], [ 28.7043118, 47.1275827 ], [ 28.7043111, 47.127582 ], [ 28.7043105, 47.1275812 ], [ 28.70431, 47.1275803 ], [ 28.7043096, 47.1275795 ], [ 28.7043093, 47.1275786 ], [ 28.7043092, 47.1275777 ], [ 28.7043092, 47.1275768 ], [ 28.7043094, 47.1275759 ], [ 28.7043097, 47.127575 ], [ 28.7043101, 47.1275741 ], [ 28.7043301, 47.1275384 ], [ 28.7043302, 47.1275382 ], [ 28.70433, 47.1275382 ], [ 28.704296, 47.1275293 ], [ 28.7042957, 47.1275292 ], [ 28.7042956, 47.1275294 ], [ 28.704289, 47.1275412 ], [ 28.7042885, 47.127542 ], [ 28.7042878, 47.1275428 ], [ 28.7042871, 47.1275435 ], [ 28.7042863, 47.1275442 ], [ 28.7042854, 47.1275448 ], [ 28.7042844, 47.1275453 ], [ 28.7042833, 47.1275458 ], [ 28.7042822, 47.1275462 ], [ 28.704281, 47.1275465 ], [ 28.7042798, 47.1275467 ], [ 28.7042786, 47.1275469 ], [ 28.7042773, 47.127547 ], [ 28.704276, 47.127547 ], [ 28.7042748, 47.1275469 ], [ 28.7042735, 47.1275467 ], [ 28.7042723, 47.1275465 ], [ 28.7042609, 47.1275437 ], [ 28.7042596, 47.1275434 ], [ 28.7042585, 47.127543 ], [ 28.7042574, 47.1275425 ], [ 28.7042564, 47.1275419 ], [ 28.7042555, 47.1275413 ], [ 28.7042546, 47.1275406 ], [ 28.7042539, 47.1275398 ], [ 28.7042533, 47.1275391 ], [ 28.7042528, 47.1275382 ], [ 28.7042524, 47.1275374 ], [ 28.7042522, 47.1275365 ], [ 28.7042521, 47.1275356 ], [ 28.7042521, 47.1275347 ], [ 28.7042522, 47.1275338 ], [ 28.7042525, 47.1275329 ], [ 28.7042529, 47.1275321 ], [ 28.7042596, 47.1275199 ], [ 28.7042597, 47.1275197 ], [ 28.7042594, 47.1275196 ], [ 28.7042255, 47.1275109 ], [ 28.7042252, 47.1275108 ], [ 28.7042248, 47.1275111 ], [ 28.7042246, 47.1275112 ], [ 28.7042236, 47.1275118 ], [ 28.7042225, 47.1275123 ], [ 28.7042213, 47.1275128 ], [ 28.7042201, 47.1275131 ], [ 28.7042188, 47.1275134 ], [ 28.7042175, 47.1275136 ], [ 28.7042162, 47.1275137 ], [ 28.7042148, 47.1275137 ], [ 28.7042135, 47.1275136 ], [ 28.7042122, 47.1275134 ], [ 28.7042109, 47.1275132 ], [ 28.7041871, 47.1275073 ], [ 28.7041868, 47.1275072 ], [ 28.7041867, 47.1275074 ], [ 28.7041653, 47.1275474 ], [ 28.7041648, 47.1275482 ], [ 28.7041642, 47.127549 ], [ 28.7041635, 47.1275498 ], [ 28.7041626, 47.1275504 ], [ 28.7041617, 47.1275511 ], [ 28.7041607, 47.1275516 ], [ 28.7041596, 47.1275521 ], [ 28.7041584, 47.1275525 ], [ 28.7041572, 47.1275528 ], [ 28.704156, 47.1275531 ], [ 28.7041547, 47.1275533 ], [ 28.7041534, 47.1275533 ], [ 28.7041521, 47.1275533 ], [ 28.7041508, 47.1275532 ], [ 28.7041495, 47.127553 ], [ 28.7041483, 47.1275528 ], [ 28.7041462, 47.1275522 ], [ 28.7041451, 47.1275519 ], [ 28.7041439, 47.1275515 ], [ 28.7041429, 47.1275509 ], [ 28.7041419, 47.1275504 ], [ 28.704141, 47.1275497 ], [ 28.7041402, 47.127549 ], [ 28.7041395, 47.1275483 ], [ 28.7041389, 47.1275475 ], [ 28.7041384, 47.1275467 ], [ 28.7041381, 47.1275458 ], [ 28.7041378, 47.127545 ], [ 28.7041377, 47.1275441 ], [ 28.7041377, 47.1275432 ], [ 28.7041379, 47.1275423 ], [ 28.7041382, 47.1275415 ], [ 28.7041386, 47.1275406 ], [ 28.7041639, 47.1274949 ], [ 28.704164, 47.1274947 ], [ 28.7041637, 47.1274946 ], [ 28.7041327, 47.1274866 ], [ 28.7041313, 47.1274862 ], [ 28.70413, 47.1274856 ], [ 28.7041298, 47.1274855 ], [ 28.7041295, 47.1274854 ], [ 28.7041142, 47.1274817 ], [ 28.7041131, 47.1274813 ], [ 28.7041119, 47.1274809 ], [ 28.7041109, 47.1274805 ], [ 28.7041099, 47.1274799 ], [ 28.704109, 47.1274793 ], [ 28.7041082, 47.1274786 ], [ 28.7041075, 47.1274779 ], [ 28.7041069, 47.1274772 ], [ 28.7041064, 47.1274764 ], [ 28.704106, 47.1274756 ], [ 28.7041057, 47.1274747 ], [ 28.7041056, 47.1274739 ], [ 28.7041055, 47.127473 ], [ 28.7041056, 47.1274721 ], [ 28.7041058, 47.1274713 ], [ 28.7041062, 47.1274704 ], [ 28.7041066, 47.1274696 ], [ 28.7041167, 47.1274538 ], [ 28.7041168, 47.1274536 ], [ 28.7041165, 47.1274535 ], [ 28.7040942, 47.1274469 ], [ 28.7040931, 47.1274465 ], [ 28.704092, 47.127446 ], [ 28.7040909, 47.1274455 ], [ 28.70409, 47.1274449 ], [ 28.7040891, 47.1274442 ], [ 28.7040884, 47.1274435 ], [ 28.7040877, 47.1274427 ], [ 28.7040872, 47.1274419 ], [ 28.704087, 47.1274414 ], [ 28.7040869, 47.1274413 ], [ 28.7040866, 47.1274412 ], [ 28.7040526, 47.1274324 ], [ 28.7040523, 47.1274323 ], [ 28.7040523, 47.1274323 ], [ 28.7040512, 47.1274321 ], [ 28.7040501, 47.1274318 ], [ 28.7040246, 47.1274247 ], [ 28.7040243, 47.1274246 ], [ 28.7040242, 47.1274248 ], [ 28.7039942, 47.1274745 ], [ 28.7039941, 47.1274745 ], [ 28.7039939, 47.1274748 ], [ 28.7039939, 47.1274749 ], [ 28.7039539, 47.1275476 ], [ 28.7039534, 47.1275484 ], [ 28.7039527, 47.1275492 ], [ 28.703952, 47.1275499 ], [ 28.7039511, 47.1275506 ], [ 28.7039502, 47.1275512 ], [ 28.7039492, 47.1275517 ], [ 28.7039481, 47.1275522 ], [ 28.703947, 47.1275526 ], [ 28.7039457, 47.1275529 ], [ 28.7039445, 47.1275532 ], [ 28.7039432, 47.1275533 ], [ 28.7039419, 47.1275534 ], [ 28.7039406, 47.1275534 ], [ 28.7039393, 47.1275533 ], [ 28.7039381, 47.1275531 ], [ 28.7039368, 47.1275528 ], [ 28.7039327, 47.1275517 ], [ 28.7039315, 47.1275514 ], [ 28.7039304, 47.1275509 ], [ 28.7039293, 47.1275504 ], [ 28.7039283, 47.1275499 ], [ 28.7039274, 47.1275492 ], [ 28.7039266, 47.1275485 ], [ 28.7039259, 47.1275477 ], [ 28.7039253, 47.1275469 ], [ 28.7039248, 47.1275461 ], [ 28.7039245, 47.1275452 ], [ 28.7039243, 47.1275444 ], [ 28.7039242, 47.1275435 ], [ 28.7039242, 47.1275426 ], [ 28.7039244, 47.1275417 ], [ 28.7039247, 47.1275408 ], [ 28.7039252, 47.12754 ], [ 28.7039752, 47.1274549 ], [ 28.7039753, 47.1274547 ], [ 28.703975, 47.1274546 ], [ 28.7039413, 47.1274454 ], [ 28.703941, 47.1274453 ], [ 28.7039409, 47.1274455 ], [ 28.7039013, 47.1275128 ], [ 28.7039007, 47.1275136 ], [ 28.7039001, 47.1275144 ], [ 28.7038993, 47.1275151 ], [ 28.7038985, 47.1275158 ], [ 28.7038975, 47.1275164 ], [ 28.7038965, 47.1275169 ], [ 28.7038954, 47.1275174 ], [ 28.7038942, 47.1275178 ], [ 28.703893, 47.1275181 ], [ 28.7038918, 47.1275183 ], [ 28.7038905, 47.1275184 ], [ 28.7038892, 47.1275185 ], [ 28.7038879, 47.1275185 ], [ 28.7038867, 47.1275183 ], [ 28.7038854, 47.1275181 ], [ 28.7038842, 47.1275179 ], [ 28.7038819, 47.1275173 ], [ 28.7038808, 47.1275169 ], [ 28.7038796, 47.1275165 ], [ 28.7038786, 47.1275159 ], [ 28.7038776, 47.1275154 ], [ 28.7038768, 47.1275147 ], [ 28.703876, 47.127514 ], [ 28.7038753, 47.1275133 ], [ 28.7038747, 47.1275125 ], [ 28.7038743, 47.1275117 ], [ 28.7038739, 47.1275109 ], [ 28.7038737, 47.12751 ], [ 28.7038736, 47.1275091 ], [ 28.7038736, 47.1275083 ], [ 28.7038738, 47.1275074 ], [ 28.7038741, 47.1275065 ], [ 28.7038744, 47.1275057 ], [ 28.7039239, 47.1274167 ], [ 28.703924, 47.1274165 ], [ 28.7039237, 47.1274164 ], [ 28.7039058, 47.1274117 ], [ 28.7039046, 47.1274114 ], [ 28.7039035, 47.1274109 ], [ 28.7039024, 47.1274104 ], [ 28.7039014, 47.1274098 ], [ 28.7039005, 47.1274092 ], [ 28.7038997, 47.1274085 ], [ 28.703899, 47.1274077 ], [ 28.7038984, 47.1274069 ], [ 28.703898, 47.1274061 ], [ 28.7038976, 47.1274052 ], [ 28.7038974, 47.1274043 ], [ 28.7038973, 47.1274035 ], [ 28.7038974, 47.1274026 ], [ 28.7038975, 47.1274017 ], [ 28.7038979, 47.1274008 ], [ 28.7038983, 47.1274 ], [ 28.7039345, 47.1273388 ], [ 28.7039346, 47.1273386 ], [ 28.7039344, 47.1273385 ], [ 28.7039007, 47.1273292 ], [ 28.7039004, 47.1273291 ], [ 28.7039003, 47.1273293 ], [ 28.7038782, 47.1273666 ], [ 28.7038776, 47.1273674 ], [ 28.703877, 47.1273682 ], [ 28.7038762, 47.1273689 ], [ 28.7038754, 47.1273696 ], [ 28.7038744, 47.1273702 ], [ 28.7038734, 47.1273707 ], [ 28.7038723, 47.1273711 ], [ 28.7038711, 47.1273715 ], [ 28.7038699, 47.1273718 ], [ 28.7038687, 47.1273721 ], [ 28.7038674, 47.1273722 ], [ 28.7038661, 47.1273723 ], [ 28.7038649, 47.1273722 ], [ 28.7038636, 47.1273721 ], [ 28.7038623, 47.1273719 ], [ 28.7038611, 47.1273716 ], [ 28.7038406, 47.1273661 ], [ 28.7038403, 47.1273661 ], [ 28.7038402, 47.1273663 ], [ 28.7038371, 47.1273717 ], [ 28.7038365, 47.1273725 ], [ 28.7038359, 47.1273732 ], [ 28.7038352, 47.1273739 ], [ 28.7038343, 47.1273746 ], [ 28.7038334, 47.1273752 ], [ 28.7038324, 47.1273757 ], [ 28.7038313, 47.1273762 ], [ 28.7038301, 47.1273766 ], [ 28.7038289, 47.1273769 ], [ 28.7038277, 47.1273771 ], [ 28.7038264, 47.1273773 ], [ 28.7038252, 47.1273774 ], [ 28.7038239, 47.1273773 ], [ 28.7038226, 47.1273772 ], [ 28.7038214, 47.1273771 ], [ 28.7038201, 47.1273768 ], [ 28.7038198, 47.1273767 ], [ 28.7038186, 47.1273763 ], [ 28.7038175, 47.1273759 ], [ 28.7038164, 47.1273754 ], [ 28.7038154, 47.1273748 ], [ 28.7038145, 47.1273742 ], [ 28.7038137, 47.1273735 ], [ 28.703813, 47.1273727 ], [ 28.7038124, 47.1273719 ], [ 28.7038119, 47.1273711 ], [ 28.7038116, 47.1273702 ], [ 28.7038114, 47.1273693 ], [ 28.7038113, 47.1273684 ], [ 28.7038113, 47.1273675 ], [ 28.7038115, 47.1273666 ], [ 28.7038118, 47.1273658 ], [ 28.7038122, 47.1273649 ], [ 28.7038137, 47.1273624 ], [ 28.703814, 47.127362 ], [ 28.7038246, 47.1273464 ], [ 28.7038247, 47.1273462 ], [ 28.7038245, 47.1273461 ], [ 28.7037915, 47.1273356 ], [ 28.7037912, 47.1273355 ], [ 28.7037911, 47.1273357 ], [ 28.703782, 47.1273491 ], [ 28.7037813, 47.1273499 ], [ 28.7037806, 47.1273507 ], [ 28.7037798, 47.1273514 ], [ 28.7037789, 47.127352 ], [ 28.7037778, 47.1273526 ], [ 28.7037767, 47.1273531 ], [ 28.7037756, 47.1273535 ], [ 28.7037744, 47.1273538 ], [ 28.7037731, 47.1273541 ], [ 28.7037718, 47.1273542 ], [ 28.7037705, 47.1273543 ], [ 28.7037692, 47.1273543 ], [ 28.7037679, 47.1273542 ], [ 28.7037666, 47.127354 ], [ 28.7037653, 47.1273538 ], [ 28.7037421, 47.1273478 ], [ 28.7037419, 47.1273477 ], [ 28.7037417, 47.1273479 ], [ 28.7037235, 47.1273808 ], [ 28.703723, 47.1273816 ], [ 28.7037223, 47.1273824 ], [ 28.7037216, 47.1273831 ], [ 28.7037208, 47.1273838 ], [ 28.7037198, 47.1273844 ], [ 28.7037188, 47.127385 ], [ 28.7037177, 47.1273855 ], [ 28.7037166, 47.1273859 ], [ 28.7037154, 47.1273862 ], [ 28.7037141, 47.1273864 ], [ 28.7037128, 47.1273866 ], [ 28.7037116, 47.1273866 ], [ 28.7037103, 47.1273866 ], [ 28.703709, 47.1273865 ], [ 28.7037077, 47.1273863 ], [ 28.7037065, 47.1273861 ], [ 28.7037031, 47.1273852 ], [ 28.7037019, 47.1273848 ], [ 28.7037007, 47.1273844 ], [ 28.7036997, 47.1273839 ], [ 28.7036987, 47.1273833 ], [ 28.7036978, 47.1273827 ], [ 28.703697, 47.127382 ], [ 28.7036963, 47.1273812 ], [ 28.7036957, 47.1273804 ], [ 28.7036952, 47.1273796 ], [ 28.7036949, 47.1273787 ], [ 28.7036947, 47.1273779 ], [ 28.7036946, 47.127377 ], [ 28.7036946, 47.1273761 ], [ 28.7036948, 47.1273752 ], [ 28.7036951, 47.1273743 ], [ 28.7036955, 47.1273735 ], [ 28.703713, 47.1273428 ], [ 28.7037131, 47.1273426 ], [ 28.7037128, 47.1273425 ], [ 28.7036886, 47.1273361 ], [ 28.7036889, 47.1273355 ], [ 28.703689, 47.1273353 ], [ 28.7036887, 47.1273352 ], [ 28.703649, 47.1273243 ], [ 28.7036487, 47.1273243 ], [ 28.7036485, 47.1273245 ], [ 28.7036306, 47.127355 ], [ 28.7035968, 47.1273464 ], [ 28.7035965, 47.1273463 ], [ 28.7035964, 47.1273465 ], [ 28.7035925, 47.1273537 ], [ 28.7035923, 47.1273531 ], [ 28.7035922, 47.1273522 ], [ 28.7035922, 47.1273514 ], [ 28.7035924, 47.1273505 ], [ 28.7035926, 47.1273497 ], [ 28.703593, 47.1273488 ], [ 28.7035935, 47.127348 ], [ 28.703594, 47.1273473 ], [ 28.7035958, 47.1273453 ], [ 28.7035959, 47.1273451 ], [ 28.7036233, 47.1273149 ], [ 28.7036234, 47.1273147 ], [ 28.7036232, 47.1273146 ], [ 28.7035867, 47.1272992 ], [ 28.7035864, 47.1272991 ], [ 28.7035858, 47.1272992 ], [ 28.7035846, 47.1272993 ], [ 28.7035834, 47.1272993 ], [ 28.7035822, 47.1272993 ], [ 28.703581, 47.1272992 ], [ 28.7035798, 47.127299 ], [ 28.7035786, 47.1272987 ], [ 28.7035775, 47.1272984 ], [ 28.7035764, 47.127298 ], [ 28.7035705, 47.1272954 ], [ 28.7035694, 47.1272949 ], [ 28.7035685, 47.1272943 ], [ 28.7035676, 47.1272937 ], [ 28.7035668, 47.127293 ], [ 28.7035661, 47.1272923 ], [ 28.7035655, 47.1272915 ], [ 28.703565, 47.1272907 ], [ 28.7035647, 47.1272899 ], [ 28.7035644, 47.127289 ], [ 28.7035643, 47.1272881 ], [ 28.7035643, 47.1272873 ], [ 28.7035645, 47.1272864 ], [ 28.7035647, 47.1272855 ], [ 28.7035651, 47.1272847 ], [ 28.7035656, 47.1272839 ], [ 28.7035662, 47.1272831 ], [ 28.7035878, 47.1272589 ], [ 28.7035879, 47.1272587 ], [ 28.7035877, 47.1272586 ], [ 28.7035511, 47.1272434 ], [ 28.7035508, 47.1272433 ], [ 28.7035506, 47.1272435 ], [ 28.7035426, 47.1272525 ], [ 28.7035418, 47.1272532 ], [ 28.703541, 47.1272539 ], [ 28.7035401, 47.1272545 ], [ 28.7035391, 47.1272551 ], [ 28.703538, 47.1272556 ], [ 28.7035369, 47.127256 ], [ 28.7035357, 47.1272563 ], [ 28.7035344, 47.1272566 ], [ 28.7035332, 47.1272567 ], [ 28.7035319, 47.1272568 ], [ 28.7035306, 47.1272568 ], [ 28.7035293, 47.1272567 ], [ 28.703528, 47.1272566 ], [ 28.7035268, 47.1272563 ], [ 28.7035256, 47.127256 ], [ 28.7035245, 47.1272555 ], [ 28.7035234, 47.127255 ], [ 28.7035036, 47.1272449 ], [ 28.7035033, 47.1272447 ], [ 28.7035028, 47.1272447 ], [ 28.7035026, 47.1272447 ], [ 28.7035014, 47.1272446 ], [ 28.7035002, 47.1272444 ], [ 28.703499, 47.1272441 ], [ 28.7034979, 47.1272438 ], [ 28.7034968, 47.1272433 ], [ 28.7034958, 47.1272428 ], [ 28.7034949, 47.1272423 ], [ 28.703494, 47.1272417 ], [ 28.7034934, 47.1272412 ], [ 28.7034933, 47.1272411 ], [ 28.703493, 47.127241 ], [ 28.7034738, 47.1272338 ], [ 28.7034727, 47.1272333 ], [ 28.7034716, 47.1272327 ], [ 28.7034706, 47.1272321 ], [ 28.7034697, 47.1272314 ], [ 28.7034689, 47.1272306 ], [ 28.7034686, 47.1272303 ], [ 28.7034684, 47.1272302 ], [ 28.7034304, 47.1272166 ], [ 28.7034301, 47.1272165 ], [ 28.7034299, 47.1272167 ], [ 28.703418, 47.1272324 ], [ 28.7034173, 47.1272331 ], [ 28.7034173, 47.1272331 ], [ 28.7034172, 47.1272333 ], [ 28.7034168, 47.1272341 ], [ 28.7033863, 47.127281 ], [ 28.7033857, 47.1272818 ], [ 28.703385, 47.1272826 ], [ 28.7033842, 47.1272833 ], [ 28.7033833, 47.1272839 ], [ 28.7033822, 47.1272845 ], [ 28.7033812, 47.127285 ], [ 28.70338, 47.1272855 ], [ 28.7033788, 47.1272858 ], [ 28.7033775, 47.1272861 ], [ 28.7033762, 47.1272863 ], [ 28.7033749, 47.1272863 ], [ 28.7033736, 47.1272864 ], [ 28.7033723, 47.1272863 ], [ 28.703371, 47.1272861 ], [ 28.7033697, 47.1272858 ], [ 28.7033685, 47.1272855 ], [ 28.7033674, 47.127285 ], [ 28.7033663, 47.1272845 ], [ 28.7033653, 47.127284 ], [ 28.7033647, 47.1272835 ], [ 28.7033645, 47.1272834 ], [ 28.7033642, 47.1272833 ], [ 28.7033615, 47.1272823 ], [ 28.7033604, 47.1272818 ], [ 28.7033594, 47.1272813 ], [ 28.7033585, 47.1272807 ], [ 28.7033577, 47.1272801 ], [ 28.7033569, 47.1272794 ], [ 28.7033563, 47.1272787 ], [ 28.7033557, 47.1272779 ], [ 28.7033553, 47.1272771 ], [ 28.703355, 47.1272763 ], [ 28.7033548, 47.1272754 ], [ 28.7033547, 47.1272746 ], [ 28.7033547, 47.1272737 ], [ 28.7033549, 47.1272729 ], [ 28.7033552, 47.127272 ], [ 28.7033556, 47.1272712 ], [ 28.7033561, 47.1272704 ], [ 28.7033567, 47.1272697 ], [ 28.7033676, 47.1272576 ], [ 28.7033677, 47.1272575 ], [ 28.7033682, 47.127257 ], [ 28.7033683, 47.1272569 ], [ 28.7033932, 47.1272261 ], [ 28.7033937, 47.1272255 ], [ 28.7033937, 47.1272254 ], [ 28.7033935, 47.1272253 ], [ 28.7033743, 47.127218 ], [ 28.7033732, 47.1272176 ], [ 28.7033722, 47.1272171 ], [ 28.7033713, 47.1272165 ], [ 28.7033704, 47.1272158 ], [ 28.7033697, 47.1272151 ], [ 28.703369, 47.1272143 ], [ 28.7033685, 47.1272135 ], [ 28.703368, 47.1272127 ], [ 28.7033677, 47.1272119 ], [ 28.7033676, 47.127211 ], [ 28.7033675, 47.1272101 ], [ 28.7033676, 47.1272093 ], [ 28.7033678, 47.1272084 ], [ 28.7033681, 47.1272075 ], [ 28.7033685, 47.1272067 ], [ 28.7033691, 47.1272059 ], [ 28.7033793, 47.1271928 ], [ 28.7033795, 47.1271926 ], [ 28.7033792, 47.1271925 ], [ 28.7033482, 47.1271812 ], [ 28.7033472, 47.1271808 ], [ 28.7033468, 47.1271806 ], [ 28.7033459, 47.1271803 ], [ 28.7033454, 47.1271802 ], [ 28.7033414, 47.1271787 ], [ 28.7033411, 47.1271786 ], [ 28.7033409, 47.1271785 ], [ 28.7033401, 47.1271784 ], [ 28.7033389, 47.127178 ], [ 28.7033082, 47.127168 ], [ 28.7033079, 47.1271679 ], [ 28.7033077, 47.1271681 ], [ 28.7032965, 47.1271842 ], [ 28.7032964, 47.1271843 ], [ 28.7032959, 47.1271851 ], [ 28.7032958, 47.1271852 ], [ 28.7032896, 47.1271957 ], [ 28.7032891, 47.1271965 ], [ 28.7032885, 47.1271973 ], [ 28.7032877, 47.127198 ], [ 28.7032869, 47.1271986 ], [ 28.703286, 47.1271992 ], [ 28.703285, 47.1271998 ], [ 28.7032839, 47.1272002 ], [ 28.7032828, 47.1272006 ], [ 28.7032816, 47.1272009 ], [ 28.7032804, 47.1272012 ], [ 28.7032791, 47.1272013 ], [ 28.7032778, 47.1272014 ], [ 28.7032766, 47.1272014 ], [ 28.7032753, 47.1272013 ], [ 28.7032741, 47.1272011 ], [ 28.7032729, 47.1272008 ], [ 28.7032717, 47.1272005 ], [ 28.7032706, 47.1272001 ], [ 28.7032695, 47.1271996 ], [ 28.7032685, 47.1271991 ], [ 28.7032676, 47.1271984 ], [ 28.7032668, 47.1271978 ], [ 28.7032664, 47.1271974 ], [ 28.7032662, 47.1271973 ], [ 28.7032348, 47.1271861 ], [ 28.7032338, 47.1271858 ], [ 28.7032329, 47.1271853 ], [ 28.703232, 47.1271848 ], [ 28.7032315, 47.1271845 ], [ 28.7032313, 47.1271844 ], [ 28.7031957, 47.1271681 ], [ 28.7031954, 47.127168 ], [ 28.7031952, 47.1271682 ], [ 28.7031653, 47.1271986 ], [ 28.7031646, 47.1271993 ], [ 28.7031637, 47.1272 ], [ 28.7031627, 47.1272006 ], [ 28.7031616, 47.1272011 ], [ 28.7031605, 47.1272015 ], [ 28.7031593, 47.1272019 ], [ 28.703158, 47.1272022 ], [ 28.7031567, 47.1272024 ], [ 28.7031554, 47.1272025 ], [ 28.7031541, 47.1272026 ], [ 28.7031528, 47.1272025 ], [ 28.7031515, 47.1272023 ], [ 28.7031502, 47.1272021 ], [ 28.703149, 47.1272018 ], [ 28.7031478, 47.1272014 ], [ 28.7031291, 47.127194 ], [ 28.7031289, 47.1271939 ], [ 28.7031287, 47.1271941 ], [ 28.7031157, 47.1272094 ], [ 28.7031156, 47.1272095 ], [ 28.7031153, 47.1272099 ], [ 28.7031153, 47.12721 ], [ 28.703073, 47.1272642 ], [ 28.7030724, 47.127265 ], [ 28.7030716, 47.1272657 ], [ 28.7030707, 47.1272664 ], [ 28.7030698, 47.1272669 ], [ 28.7030687, 47.1272675 ], [ 28.7030676, 47.1272679 ], [ 28.7030664, 47.1272683 ], [ 28.7030652, 47.1272686 ], [ 28.703064, 47.1272688 ], [ 28.7030627, 47.127269 ], [ 28.7030614, 47.127269 ], [ 28.7030601, 47.127269 ], [ 28.7030588, 47.1272688 ], [ 28.7030576, 47.1272686 ], [ 28.7030563, 47.1272683 ], [ 28.7030552, 47.1272679 ], [ 28.7030541, 47.1272675 ], [ 28.7030477, 47.1272646 ], [ 28.7030467, 47.1272641 ], [ 28.7030457, 47.1272634 ], [ 28.7030448, 47.1272628 ], [ 28.703044, 47.127262 ], [ 28.7030433, 47.1272613 ], [ 28.7030428, 47.1272604 ], [ 28.7030424, 47.1272596 ], [ 28.7030421, 47.1272587 ], [ 28.7030419, 47.1272578 ], [ 28.7030419, 47.1272569 ], [ 28.703042, 47.127256 ], [ 28.7030422, 47.1272551 ], [ 28.7030426, 47.1272542 ], [ 28.7030431, 47.1272534 ], [ 28.7030669, 47.1272178 ], [ 28.703067, 47.1272176 ], [ 28.7031092, 47.1271517 ], [ 28.7031096, 47.1271511 ], [ 28.7031212, 47.1271361 ], [ 28.7031213, 47.1271359 ], [ 28.7031211, 47.1271358 ], [ 28.7030831, 47.1271222 ], [ 28.7030828, 47.1271221 ], [ 28.7030827, 47.1271223 ], [ 28.7030706, 47.127138 ], [ 28.7030705, 47.1271381 ], [ 28.7030699, 47.1271389 ], [ 28.7030698, 47.1271391 ], [ 28.7030591, 47.1271558 ], [ 28.7030586, 47.1271566 ], [ 28.7030579, 47.1271573 ], [ 28.7030571, 47.127158 ], [ 28.7030563, 47.1271586 ], [ 28.7030553, 47.1271592 ], [ 28.7030543, 47.1271597 ], [ 28.7030532, 47.1271602 ], [ 28.7030521, 47.1271605 ], [ 28.7030509, 47.1271608 ], [ 28.7030497, 47.127161 ], [ 28.7030485, 47.1271612 ], [ 28.7030472, 47.1271612 ], [ 28.703046, 47.1271612 ], [ 28.7030447, 47.1271611 ], [ 28.7030435, 47.1271609 ], [ 28.7030423, 47.1271606 ], [ 28.7030411, 47.1271603 ], [ 28.70304, 47.1271599 ], [ 28.7030264, 47.127154 ], [ 28.7030261, 47.1271539 ], [ 28.703026, 47.1271541 ], [ 28.7028964, 47.1272954 ], [ 28.7028956, 47.1272961 ], [ 28.7028948, 47.1272968 ], [ 28.7028938, 47.1272974 ], [ 28.7028927, 47.127298 ], [ 28.7028916, 47.1272985 ], [ 28.7028904, 47.1272989 ], [ 28.7028892, 47.1272992 ], [ 28.7028879, 47.1272994 ], [ 28.7028866, 47.1272995 ], [ 28.7028852, 47.1272996 ], [ 28.7028839, 47.1272995 ], [ 28.7028826, 47.1272994 ], [ 28.7028813, 47.1272992 ], [ 28.70288, 47.1272989 ], [ 28.7028788, 47.1272985 ], [ 28.702867, 47.127294 ], [ 28.7028659, 47.1272935 ], [ 28.7028649, 47.127293 ], [ 28.7028639, 47.1272924 ], [ 28.7028631, 47.1272917 ], [ 28.7028623, 47.127291 ], [ 28.7028617, 47.1272902 ], [ 28.7028611, 47.1272894 ], [ 28.7028607, 47.1272886 ], [ 28.7028604, 47.1272877 ], [ 28.7028603, 47.1272868 ], [ 28.7028602, 47.127286 ], [ 28.7028603, 47.1272851 ], [ 28.7028605, 47.1272842 ], [ 28.7028609, 47.1272833 ], [ 28.7028613, 47.1272825 ], [ 28.7028619, 47.1272817 ], [ 28.7028626, 47.127281 ], [ 28.7029291, 47.1272157 ], [ 28.7029293, 47.1272155 ], [ 28.702929, 47.1272153 ], [ 28.7029019, 47.1272024 ], [ 28.7029008, 47.1272019 ], [ 28.7028999, 47.1272013 ], [ 28.702899, 47.1272006 ], [ 28.7028982, 47.1271999 ], [ 28.7028976, 47.1271991 ], [ 28.7028971, 47.1271982 ], [ 28.7028966, 47.1271974 ], [ 28.7028964, 47.1271965 ], [ 28.7028962, 47.1271956 ], [ 28.7028962, 47.1271947 ], [ 28.7028963, 47.1271938 ], [ 28.7028966, 47.1271929 ], [ 28.702897, 47.1271921 ], [ 28.7028975, 47.1271912 ], [ 28.7028981, 47.1271904 ], [ 28.7029523, 47.1271289 ], [ 28.7029524, 47.1271288 ], [ 28.7029938, 47.1270833 ], [ 28.702994, 47.1270831 ], [ 28.7029937, 47.127083 ], [ 28.7029573, 47.1270676 ], [ 28.7029571, 47.1270675 ], [ 28.7029569, 47.1270676 ], [ 28.7029153, 47.1271133 ], [ 28.7029152, 47.1271135 ], [ 28.70291, 47.1271193 ], [ 28.7029093, 47.12712 ], [ 28.7029085, 47.1271207 ], [ 28.7029075, 47.1271213 ], [ 28.7029065, 47.1271219 ], [ 28.7029054, 47.1271224 ], [ 28.7029042, 47.1271228 ], [ 28.702903, 47.1271231 ], [ 28.7029017, 47.1271234 ], [ 28.7029004, 47.1271236 ], [ 28.7028991, 47.1271236 ], [ 28.7028978, 47.1271236 ], [ 28.7028965, 47.1271235 ], [ 28.7028952, 47.1271233 ], [ 28.702894, 47.127123 ], [ 28.7028927, 47.1271226 ], [ 28.7028809, 47.1271185 ], [ 28.7028798, 47.1271181 ], [ 28.7028787, 47.1271176 ], [ 28.7028778, 47.127117 ], [ 28.7028769, 47.1271163 ], [ 28.7028761, 47.1271157 ], [ 28.7028754, 47.1271149 ], [ 28.7028748, 47.1271141 ], [ 28.7028744, 47.1271133 ], [ 28.702874, 47.1271124 ], [ 28.7028738, 47.1271116 ], [ 28.7028737, 47.1271107 ], [ 28.7028738, 47.1271098 ], [ 28.7028739, 47.127109 ], [ 28.7028742, 47.1271081 ], [ 28.7028746, 47.1271073 ], [ 28.7028751, 47.1271065 ], [ 28.7028795, 47.1271005 ], [ 28.7028796, 47.1271003 ], [ 28.7028794, 47.1271002 ], [ 28.7028411, 47.1270871 ], [ 28.7028408, 47.127087 ], [ 28.7028407, 47.1270872 ], [ 28.7028372, 47.1270919 ], [ 28.7028365, 47.1270926 ], [ 28.7028358, 47.1270934 ], [ 28.702835, 47.127094 ], [ 28.702834, 47.1270946 ], [ 28.702833, 47.1270952 ], [ 28.7028319, 47.1270957 ], [ 28.7028307, 47.1270961 ], [ 28.7028295, 47.1270964 ], [ 28.7028283, 47.1270966 ], [ 28.702827, 47.1270968 ], [ 28.7028257, 47.1270968 ], [ 28.7028244, 47.1270968 ], [ 28.7028231, 47.1270967 ], [ 28.7028219, 47.1270965 ], [ 28.7028206, 47.1270962 ], [ 28.7028195, 47.1270958 ], [ 28.7028183, 47.1270954 ], [ 28.7028031, 47.1270888 ], [ 28.7028028, 47.1270887 ], [ 28.7028027, 47.1270888 ], [ 28.7028022, 47.1270892 ], [ 28.7028013, 47.1270898 ], [ 28.7028003, 47.1270904 ], [ 28.7027993, 47.1270909 ], [ 28.7027982, 47.1270913 ], [ 28.7027971, 47.1270917 ], [ 28.7027959, 47.127092 ], [ 28.7027947, 47.1270922 ], [ 28.7027934, 47.1270923 ], [ 28.7027922, 47.1270923 ], [ 28.7027909, 47.1270923 ], [ 28.7027897, 47.1270922 ], [ 28.7027884, 47.127092 ], [ 28.7027873, 47.1270917 ], [ 28.7027861, 47.1270913 ], [ 28.702785, 47.1270909 ], [ 28.7027769, 47.1270873 ], [ 28.7027759, 47.1270868 ], [ 28.7027749, 47.1270862 ], [ 28.7027741, 47.1270856 ], [ 28.7027733, 47.1270849 ], [ 28.7027726, 47.1270842 ], [ 28.702772, 47.1270834 ], [ 28.7027716, 47.1270826 ], [ 28.7027712, 47.1270817 ], [ 28.702771, 47.1270809 ], [ 28.7027709, 47.12708 ], [ 28.7027709, 47.1270791 ], [ 28.7027711, 47.1270783 ], [ 28.7027714, 47.1270774 ], [ 28.7027718, 47.1270766 ], [ 28.7027723, 47.1270758 ], [ 28.7027729, 47.127075 ], [ 28.7027845, 47.1270622 ], [ 28.7027846, 47.1270621 ], [ 28.7027844, 47.1270619 ], [ 28.702748, 47.1270465 ], [ 28.7027477, 47.1270464 ], [ 28.7027475, 47.1270466 ], [ 28.7027456, 47.1270487 ], [ 28.7027449, 47.1270494 ], [ 28.702744, 47.1270501 ], [ 28.7027431, 47.1270507 ], [ 28.7027421, 47.1270513 ], [ 28.702741, 47.1270517 ], [ 28.7027399, 47.1270521 ], [ 28.7027386, 47.1270525 ], [ 28.7027374, 47.1270527 ], [ 28.7027361, 47.1270529 ], [ 28.7027348, 47.1270529 ], [ 28.7027335, 47.1270529 ], [ 28.7027322, 47.1270528 ], [ 28.702731, 47.1270526 ], [ 28.7027297, 47.1270524 ], [ 28.7027285, 47.127052 ], [ 28.7027274, 47.1270516 ], [ 28.7027147, 47.1270461 ], [ 28.7027136, 47.1270456 ], [ 28.7027126, 47.127045 ], [ 28.7027117, 47.1270443 ], [ 28.7027108, 47.1270436 ], [ 28.7027101, 47.1270429 ], [ 28.7027096, 47.127042 ], [ 28.7027091, 47.1270412 ], [ 28.7027088, 47.1270403 ], [ 28.7027086, 47.1270394 ], [ 28.7027085, 47.1270385 ], [ 28.7027086, 47.1270376 ], [ 28.7027088, 47.1270367 ], [ 28.7027091, 47.1270358 ], [ 28.7027096, 47.1270349 ], [ 28.7027102, 47.1270341 ], [ 28.7027183, 47.1270242 ], [ 28.7027186, 47.1270238 ], [ 28.7027458, 47.126994 ], [ 28.702746, 47.1269938 ], [ 28.7027457, 47.1269936 ], [ 28.7027093, 47.1269782 ], [ 28.702709, 47.1269781 ], [ 28.7027089, 47.1269783 ], [ 28.7026812, 47.1270086 ], [ 28.7026812, 47.1270087 ], [ 28.7026807, 47.1270092 ], [ 28.7026806, 47.1270093 ], [ 28.702659, 47.1270358 ], [ 28.7026583, 47.1270365 ], [ 28.7026576, 47.1270372 ], [ 28.7026567, 47.1270378 ], [ 28.7026558, 47.1270384 ], [ 28.7026548, 47.1270389 ], [ 28.7026537, 47.1270394 ], [ 28.7026525, 47.1270397 ], [ 28.7026514, 47.12704 ], [ 28.7026501, 47.1270402 ], [ 28.7026489, 47.1270404 ], [ 28.7026476, 47.1270404 ], [ 28.7026464, 47.1270404 ], [ 28.7026451, 47.1270403 ], [ 28.7026439, 47.1270401 ], [ 28.7026427, 47.1270398 ], [ 28.7026416, 47.1270395 ], [ 28.7026405, 47.127039 ], [ 28.7026237, 47.1270318 ], [ 28.7025911, 47.1270181 ], [ 28.7025909, 47.127018 ], [ 28.7025906, 47.1270183 ], [ 28.7025897, 47.1270191 ], [ 28.7025888, 47.1270197 ], [ 28.7025878, 47.1270203 ], [ 28.7025867, 47.1270208 ], [ 28.7025856, 47.1270213 ], [ 28.7025843, 47.1270217 ], [ 28.7025831, 47.1270219 ], [ 28.7025818, 47.1270221 ], [ 28.7025804, 47.1270222 ], [ 28.7025791, 47.1270222 ], [ 28.7025778, 47.1270221 ], [ 28.7025765, 47.1270219 ], [ 28.7025752, 47.1270217 ], [ 28.7025739, 47.1270213 ], [ 28.7025728, 47.1270209 ], [ 28.7025608, 47.1270159 ], [ 28.7025598, 47.1270154 ], [ 28.7025588, 47.1270148 ], [ 28.702558, 47.1270142 ], [ 28.7025572, 47.1270135 ], [ 28.7025565, 47.1270128 ], [ 28.7025559, 47.1270121 ], [ 28.7025554, 47.1270113 ], [ 28.702555, 47.1270105 ], [ 28.7025548, 47.1270096 ], [ 28.7025546, 47.1270088 ], [ 28.7025546, 47.1270079 ], [ 28.7025547, 47.1270071 ], [ 28.7025549, 47.1270062 ], [ 28.7025552, 47.1270054 ], [ 28.7025557, 47.1270046 ], [ 28.7025563, 47.1270038 ], [ 28.7025691, 47.1269881 ], [ 28.7025693, 47.1269879 ], [ 28.702569, 47.1269878 ], [ 28.7025316, 47.1269735 ], [ 28.7025313, 47.1269734 ], [ 28.7025312, 47.1269736 ], [ 28.7025254, 47.1269807 ], [ 28.7025247, 47.1269814 ], [ 28.7025239, 47.1269821 ], [ 28.7025231, 47.1269827 ], [ 28.7025221, 47.1269833 ], [ 28.7025211, 47.1269838 ], [ 28.70252, 47.1269842 ], [ 28.7025189, 47.1269846 ], [ 28.7025177, 47.1269849 ], [ 28.7025165, 47.1269851 ], [ 28.7025152, 47.1269852 ], [ 28.702514, 47.1269853 ], [ 28.7025127, 47.1269852 ], [ 28.7025115, 47.1269851 ], [ 28.7025102, 47.1269849 ], [ 28.702509, 47.1269847 ], [ 28.7025079, 47.1269843 ], [ 28.7025068, 47.1269839 ], [ 28.7024907, 47.1269769 ], [ 28.7024904, 47.1269768 ], [ 28.70249, 47.1269769 ], [ 28.7024897, 47.126977 ], [ 28.7024885, 47.1269771 ], [ 28.7024873, 47.1269773 ], [ 28.702486, 47.1269773 ], [ 28.7024848, 47.1269772 ], [ 28.7024836, 47.1269771 ], [ 28.7024824, 47.1269769 ], [ 28.7024812, 47.1269766 ], [ 28.7024801, 47.1269763 ], [ 28.7024791, 47.1269759 ], [ 28.7024707, 47.1269722 ], [ 28.7024696, 47.1269717 ], [ 28.7024686, 47.1269711 ], [ 28.7024677, 47.1269704 ], [ 28.7024668, 47.1269697 ], [ 28.7024661, 47.1269689 ], [ 28.7024656, 47.1269681 ], [ 28.7024651, 47.1269672 ], [ 28.7024648, 47.1269663 ], [ 28.7024646, 47.1269654 ], [ 28.7024646, 47.1269645 ], [ 28.7024646, 47.1269644 ], [ 28.7024643, 47.1269643 ], [ 28.7024279, 47.1269488 ], [ 28.7024276, 47.1269487 ], [ 28.7024276, 47.1269488 ], [ 28.7024267, 47.1269492 ], [ 28.7024256, 47.1269496 ], [ 28.7024244, 47.12695 ], [ 28.7024233, 47.1269503 ], [ 28.702422, 47.1269505 ], [ 28.7024208, 47.1269506 ], [ 28.7024195, 47.1269507 ], [ 28.7024183, 47.1269506 ], [ 28.702417, 47.1269505 ], [ 28.7024158, 47.1269503 ], [ 28.7024146, 47.12695 ], [ 28.7024135, 47.1269497 ], [ 28.7024124, 47.1269492 ], [ 28.7023858, 47.1269376 ], [ 28.7023855, 47.1269375 ], [ 28.7023849, 47.1269374 ], [ 28.7023837, 47.1269373 ], [ 28.7023824, 47.126937 ], [ 28.7023812, 47.1269367 ], [ 28.70238, 47.1269363 ], [ 28.702379, 47.1269358 ], [ 28.7023638, 47.1269284 ], [ 28.7023628, 47.1269279 ], [ 28.7023619, 47.1269273 ], [ 28.7023611, 47.1269266 ], [ 28.7023603, 47.1269259 ], [ 28.7023597, 47.1269251 ], [ 28.7023592, 47.1269244 ], [ 28.7023588, 47.1269235 ], [ 28.7023585, 47.1269227 ], [ 28.7023583, 47.1269218 ], [ 28.7023583, 47.1269209 ], [ 28.7023583, 47.1269207 ], [ 28.7023583, 47.1269204 ], [ 28.7023581, 47.1269203 ], [ 28.7023217, 47.1269048 ], [ 28.7023214, 47.1269047 ], [ 28.7023209, 47.1269047 ], [ 28.7023197, 47.1269045 ], [ 28.7023186, 47.1269043 ], [ 28.7023174, 47.126904 ], [ 28.7023163, 47.1269037 ], [ 28.7023153, 47.1269033 ], [ 28.7022889, 47.1268917 ], [ 28.7022886, 47.1268916 ], [ 28.7022884, 47.1268918 ], [ 28.7022797, 47.126901 ], [ 28.7022789, 47.1269018 ], [ 28.7022781, 47.1269024 ], [ 28.7022771, 47.126903 ], [ 28.7022761, 47.1269036 ], [ 28.702275, 47.1269041 ], [ 28.7022738, 47.1269044 ], [ 28.7022726, 47.1269048 ], [ 28.7022713, 47.126905 ], [ 28.7022701, 47.1269051 ], [ 28.7022688, 47.1269052 ], [ 28.7022675, 47.1269051 ], [ 28.7022662, 47.126905 ], [ 28.7022649, 47.1269048 ], [ 28.7022637, 47.1269045 ], [ 28.7022625, 47.1269042 ], [ 28.7022614, 47.1269037 ], [ 28.7022549, 47.1269008 ], [ 28.7022538, 47.1269003 ], [ 28.7022529, 47.1268997 ], [ 28.702252, 47.126899 ], [ 28.7022512, 47.1268983 ], [ 28.7022505, 47.1268975 ], [ 28.70225, 47.1268967 ], [ 28.7022495, 47.1268959 ], [ 28.7022492, 47.126895 ], [ 28.702249, 47.1268941 ], [ 28.7022489, 47.1268932 ], [ 28.702249, 47.1268924 ], [ 28.7022492, 47.1268915 ], [ 28.7022495, 47.1268906 ], [ 28.70225, 47.1268898 ], [ 28.7022506, 47.126889 ], [ 28.7022512, 47.1268882 ], [ 28.7022543, 47.1268852 ], [ 28.7022544, 47.126885 ], [ 28.7022542, 47.1268849 ], [ 28.7022188, 47.1268684 ], [ 28.7022186, 47.1268682 ], [ 28.7022182, 47.1268683 ], [ 28.7022176, 47.1268684 ], [ 28.7022164, 47.1268686 ], [ 28.7022151, 47.1268687 ], [ 28.7022139, 47.1268687 ], [ 28.7022126, 47.1268686 ], [ 28.7022113, 47.1268684 ], [ 28.7022101, 47.1268681 ], [ 28.7022089, 47.1268678 ], [ 28.7022078, 47.1268674 ], [ 28.7021769, 47.1268548 ], [ 28.7021766, 47.1268547 ], [ 28.7021761, 47.1268547 ], [ 28.7021757, 47.1268548 ], [ 28.7021744, 47.1268548 ], [ 28.702173, 47.1268548 ], [ 28.7021717, 47.1268546 ], [ 28.7021704, 47.1268544 ], [ 28.7021691, 47.1268541 ], [ 28.7021679, 47.1268536 ], [ 28.7021668, 47.1268531 ], [ 28.702145, 47.1268425 ], [ 28.7021448, 47.1268424 ], [ 28.7021446, 47.1268425 ], [ 28.7021233, 47.1268627 ], [ 28.7021225, 47.1268634 ], [ 28.7021216, 47.126864 ], [ 28.7021206, 47.1268646 ], [ 28.7021195, 47.1268651 ], [ 28.7021183, 47.1268656 ], [ 28.7021171, 47.1268659 ], [ 28.7021158, 47.1268662 ], [ 28.7021145, 47.1268663 ], [ 28.7021132, 47.1268664 ], [ 28.7021119, 47.1268664 ], [ 28.7021106, 47.1268663 ], [ 28.7021093, 47.1268661 ], [ 28.702108, 47.1268659 ], [ 28.7021068, 47.1268655 ], [ 28.7021057, 47.1268651 ], [ 28.7021004, 47.1268628 ], [ 28.7020994, 47.1268623 ], [ 28.7020984, 47.1268618 ], [ 28.7020976, 47.1268612 ], [ 28.7020968, 47.1268605 ], [ 28.7020961, 47.1268598 ], [ 28.7020955, 47.126859 ], [ 28.702095, 47.1268582 ], [ 28.7020946, 47.1268574 ], [ 28.7020944, 47.1268566 ], [ 28.7020943, 47.1268557 ], [ 28.7020942, 47.1268549 ], [ 28.7020944, 47.126854 ], [ 28.7020946, 47.1268532 ], [ 28.7020949, 47.1268523 ], [ 28.7020954, 47.1268515 ], [ 28.702096, 47.1268508 ], [ 28.7020966, 47.12685 ], [ 28.7021018, 47.126845 ], [ 28.7021019, 47.1268448 ], [ 28.7021017, 47.1268447 ], [ 28.7020728, 47.1268309 ], [ 28.7020718, 47.1268303 ], [ 28.7020708, 47.1268297 ], [ 28.70207, 47.1268291 ], [ 28.7020692, 47.1268283 ], [ 28.7020686, 47.1268275 ], [ 28.702068, 47.1268267 ], [ 28.7020676, 47.1268259 ], [ 28.7020674, 47.126825 ], [ 28.7020672, 47.1268241 ], [ 28.7020672, 47.1268232 ], [ 28.7020673, 47.1268223 ], [ 28.7020675, 47.1268214 ], [ 28.7020679, 47.1268206 ], [ 28.7020684, 47.1268198 ], [ 28.702069, 47.126819 ], [ 28.7020767, 47.12681 ], [ 28.7020768, 47.1268099 ], [ 28.7020774, 47.1268092 ], [ 28.7020775, 47.1268091 ], [ 28.702101, 47.1267774 ], [ 28.7021012, 47.126777 ], [ 28.7021136, 47.126762 ], [ 28.7021138, 47.1267618 ], [ 28.7021135, 47.1267617 ], [ 28.7020762, 47.1267473 ], [ 28.7020759, 47.1267473 ], [ 28.7020757, 47.1267474 ], [ 28.702063, 47.1267629 ], [ 28.7020629, 47.126763 ], [ 28.7020625, 47.1267635 ], [ 28.7020625, 47.1267636 ], [ 28.7020484, 47.1267825 ], [ 28.7020478, 47.1267833 ], [ 28.702047, 47.126784 ], [ 28.7020461, 47.1267847 ], [ 28.7020452, 47.1267853 ], [ 28.7020441, 47.1267858 ], [ 28.702043, 47.1267863 ], [ 28.7020418, 47.1267867 ], [ 28.7020405, 47.126787 ], [ 28.7020392, 47.1267872 ], [ 28.7020379, 47.1267874 ], [ 28.7020366, 47.1267874 ], [ 28.7020353, 47.1267874 ], [ 28.702034, 47.1267872 ], [ 28.7020327, 47.126787 ], [ 28.7020314, 47.1267867 ], [ 28.7020057, 47.1267791 ], [ 28.7020046, 47.1267787 ], [ 28.7020035, 47.1267782 ], [ 28.7020025, 47.1267777 ], [ 28.7020015, 47.1267771 ], [ 28.7020007, 47.1267765 ], [ 28.7019999, 47.1267758 ], [ 28.7019993, 47.126775 ], [ 28.7019988, 47.1267742 ], [ 28.7019983, 47.1267734 ], [ 28.701998, 47.1267726 ], [ 28.7019978, 47.1267717 ], [ 28.7019978, 47.1267709 ], [ 28.7019978, 47.12677 ], [ 28.701998, 47.1267691 ], [ 28.7019983, 47.1267683 ], [ 28.7019987, 47.1267675 ], [ 28.7019992, 47.1267667 ], [ 28.7019999, 47.1267659 ], [ 28.7020006, 47.1267652 ], [ 28.7020029, 47.1267633 ], [ 28.702003, 47.1267631 ], [ 28.7020028, 47.126763 ], [ 28.7019693, 47.1267448 ], [ 28.701969, 47.1267447 ], [ 28.7019688, 47.1267448 ], [ 28.7019601, 47.1267523 ], [ 28.7019592, 47.126753 ], [ 28.7019582, 47.1267536 ], [ 28.7019572, 47.1267542 ], [ 28.7019561, 47.1267546 ], [ 28.7019549, 47.126755 ], [ 28.7019537, 47.1267553 ], [ 28.7019524, 47.1267555 ], [ 28.7019511, 47.1267557 ], [ 28.7019498, 47.1267557 ], [ 28.7019485, 47.1267557 ], [ 28.7019472, 47.1267556 ], [ 28.701946, 47.1267554 ], [ 28.7019447, 47.1267551 ], [ 28.7019436, 47.1267547 ], [ 28.7019424, 47.1267542 ], [ 28.7019414, 47.1267537 ], [ 28.7019404, 47.1267531 ], [ 28.7019395, 47.1267524 ], [ 28.7019388, 47.1267517 ], [ 28.7019384, 47.1267514 ], [ 28.7019381, 47.1267513 ], [ 28.7018994, 47.1267387 ], [ 28.7018992, 47.1267386 ], [ 28.701899, 47.1267388 ], [ 28.7018837, 47.1267607 ], [ 28.7018831, 47.1267615 ], [ 28.7018824, 47.1267622 ], [ 28.7018815, 47.1267629 ], [ 28.7018806, 47.1267635 ], [ 28.7018795, 47.1267641 ], [ 28.7018784, 47.1267646 ], [ 28.7018772, 47.126765 ], [ 28.701876, 47.1267653 ], [ 28.7018747, 47.1267656 ], [ 28.7018734, 47.1267657 ], [ 28.7018721, 47.1267658 ], [ 28.7018708, 47.1267658 ], [ 28.7018695, 47.1267656 ], [ 28.7018682, 47.1267654 ], [ 28.7018669, 47.1267651 ], [ 28.7018657, 47.1267648 ], [ 28.7018646, 47.1267643 ], [ 28.7018556, 47.1267602 ], [ 28.7018545, 47.1267597 ], [ 28.7018534, 47.126759 ], [ 28.7018525, 47.1267583 ], [ 28.7018517, 47.1267575 ], [ 28.7018516, 47.1267575 ], [ 28.7018514, 47.1267573 ], [ 28.7018152, 47.1267416 ], [ 28.701815, 47.1267415 ], [ 28.7018148, 47.1267417 ], [ 28.7018139, 47.1267427 ], [ 28.7018131, 47.1267434 ], [ 28.7018123, 47.1267441 ], [ 28.7018113, 47.1267447 ], [ 28.7018103, 47.1267452 ], [ 28.7018092, 47.1267457 ], [ 28.7018081, 47.1267461 ], [ 28.7018069, 47.1267464 ], [ 28.7018056, 47.1267466 ], [ 28.7018043, 47.1267468 ], [ 28.7018031, 47.1267468 ], [ 28.7018018, 47.1267468 ], [ 28.7018005, 47.1267467 ], [ 28.7017992, 47.1267465 ], [ 28.701798, 47.1267462 ], [ 28.7017968, 47.1267459 ], [ 28.7017966, 47.1267458 ], [ 28.7017832, 47.1267417 ], [ 28.701782, 47.1267414 ], [ 28.701781, 47.1267409 ], [ 28.70178, 47.1267404 ], [ 28.7017791, 47.1267398 ], [ 28.7017782, 47.1267391 ], [ 28.7017775, 47.1267385 ], [ 28.7017768, 47.1267377 ], [ 28.7017763, 47.1267369 ], [ 28.7017759, 47.1267361 ], [ 28.7017756, 47.1267353 ], [ 28.7017754, 47.1267344 ], [ 28.7017753, 47.1267336 ], [ 28.7017754, 47.1267327 ], [ 28.7017755, 47.1267319 ], [ 28.7017758, 47.126731 ], [ 28.7017762, 47.1267302 ], [ 28.7017767, 47.1267294 ], [ 28.7017774, 47.1267287 ], [ 28.7018176, 47.1266855 ], [ 28.7018178, 47.1266853 ], [ 28.7018175, 47.1266852 ], [ 28.7017998, 47.1266775 ], [ 28.7017988, 47.126677 ], [ 28.7017978, 47.1266764 ], [ 28.7017969, 47.1266758 ], [ 28.7017961, 47.1266751 ], [ 28.7017954, 47.1266744 ], [ 28.7017948, 47.1266736 ], [ 28.7017944, 47.1266728 ], [ 28.701794, 47.1266719 ], [ 28.7017938, 47.126671 ], [ 28.7017937, 47.1266702 ], [ 28.7017937, 47.1266693 ], [ 28.7017939, 47.1266684 ], [ 28.7017942, 47.1266676 ], [ 28.7017946, 47.1266667 ], [ 28.7017951, 47.1266659 ], [ 28.7017957, 47.1266652 ], [ 28.7017965, 47.1266644 ], [ 28.7017969, 47.126664 ], [ 28.7017971, 47.1266638 ], [ 28.7017969, 47.1266637 ], [ 28.701771, 47.1266501 ], [ 28.7017701, 47.1266495 ], [ 28.7017692, 47.1266489 ], [ 28.7017684, 47.1266482 ], [ 28.7017677, 47.1266475 ], [ 28.7017671, 47.1266467 ], [ 28.7017666, 47.1266458 ], [ 28.7017662, 47.126645 ], [ 28.701766, 47.1266441 ], [ 28.7017659, 47.1266432 ], [ 28.7017659, 47.1266424 ], [ 28.7017661, 47.1266415 ], [ 28.7017664, 47.1266406 ], [ 28.7017668, 47.1266398 ], [ 28.7017673, 47.126639 ], [ 28.7017679, 47.1266382 ], [ 28.7017804, 47.1266246 ], [ 28.7017806, 47.1266244 ], [ 28.7017803, 47.1266243 ], [ 28.701744, 47.1266088 ], [ 28.7017437, 47.1266086 ], [ 28.7017436, 47.1266088 ], [ 28.7016829, 47.1266749 ], [ 28.7016821, 47.1266757 ], [ 28.7016812, 47.1266764 ], [ 28.7016803, 47.126677 ], [ 28.7016792, 47.1266775 ], [ 28.7016781, 47.126678 ], [ 28.7016769, 47.1266784 ], [ 28.7016757, 47.1266787 ], [ 28.7016744, 47.126679 ], [ 28.7016731, 47.1266791 ], [ 28.7016718, 47.1266792 ], [ 28.7016705, 47.1266791 ], [ 28.7016692, 47.126679 ], [ 28.7016679, 47.1266788 ], [ 28.7016666, 47.1266785 ], [ 28.7016654, 47.1266781 ], [ 28.7016643, 47.1266776 ], [ 28.7016499, 47.126671 ], [ 28.7016497, 47.1266709 ], [ 28.7016495, 47.126671 ], [ 28.7016353, 47.1266854 ], [ 28.701635, 47.1266857 ], [ 28.7016042, 47.1267144 ], [ 28.701604, 47.1267145 ], [ 28.7016034, 47.1267152 ], [ 28.7016033, 47.1267153 ], [ 28.7015324, 47.1267909 ], [ 28.7015324, 47.126791 ], [ 28.7014602, 47.1268661 ], [ 28.7014601, 47.1268663 ], [ 28.701318, 47.1270179 ], [ 28.7013179, 47.127018 ], [ 28.7012818, 47.1270573 ], [ 28.7012811, 47.127058 ], [ 28.7012803, 47.1270587 ], [ 28.7012794, 47.1270593 ], [ 28.7012784, 47.1270599 ], [ 28.7012773, 47.1270603 ], [ 28.7012761, 47.1270607 ], [ 28.701275, 47.1270611 ], [ 28.7012737, 47.1270613 ], [ 28.7012725, 47.1270615 ], [ 28.7012712, 47.1270615 ], [ 28.7012699, 47.1270615 ], [ 28.7012686, 47.1270614 ], [ 28.7012674, 47.1270613 ], [ 28.7012661, 47.127061 ], [ 28.701265, 47.1270607 ], [ 28.7012638, 47.1270603 ], [ 28.7012637, 47.1270602 ], [ 28.7012626, 47.1270597 ], [ 28.7012616, 47.1270591 ], [ 28.7012606, 47.1270585 ], [ 28.7012598, 47.1270578 ], [ 28.7012591, 47.127057 ], [ 28.7012585, 47.1270562 ], [ 28.701258, 47.1270554 ], [ 28.7012576, 47.1270545 ], [ 28.7012574, 47.1270536 ], [ 28.7012573, 47.1270527 ], [ 28.7012573, 47.1270518 ], [ 28.7012575, 47.1270509 ], [ 28.7012578, 47.1270501 ], [ 28.7012582, 47.1270492 ], [ 28.7012587, 47.1270484 ], [ 28.7012594, 47.1270476 ], [ 28.7012671, 47.1270394 ], [ 28.7012673, 47.1270392 ], [ 28.701267, 47.1270391 ], [ 28.701231, 47.1270233 ], [ 28.7012307, 47.1270232 ], [ 28.7012305, 47.1270234 ], [ 28.7011452, 47.127114 ], [ 28.7011449, 47.1271142 ], [ 28.7009515, 47.1273287 ], [ 28.7009514, 47.1273288 ], [ 28.700951, 47.1273293 ], [ 28.7009509, 47.1273294 ], [ 28.7009381, 47.127345 ], [ 28.7009381, 47.1273451 ], [ 28.7009376, 47.1273456 ], [ 28.7009376, 47.1273457 ], [ 28.7009216, 47.1273677 ], [ 28.7009214, 47.1273679 ], [ 28.7009217, 47.127368 ], [ 28.7009388, 47.1273738 ], [ 28.7009399, 47.1273742 ] ], [ [ 28.7030656, 47.1276642 ], [ 28.7030646, 47.1276636 ], [ 28.7030637, 47.127663 ], [ 28.703063, 47.1276622 ], [ 28.7030623, 47.1276615 ], [ 28.7030617, 47.1276606 ], [ 28.7030613, 47.1276598 ], [ 28.703061, 47.1276589 ], [ 28.7030608, 47.127658 ], [ 28.7030607, 47.1276571 ], [ 28.7030608, 47.1276562 ], [ 28.703061, 47.1276553 ], [ 28.7030614, 47.1276544 ], [ 28.7030619, 47.1276536 ], [ 28.7030624, 47.1276528 ], [ 28.7030681, 47.127646 ], [ 28.7030688, 47.1276453 ], [ 28.7030696, 47.1276446 ], [ 28.7030704, 47.127644 ], [ 28.7030714, 47.1276434 ], [ 28.7030724, 47.1276429 ], [ 28.7030736, 47.1276425 ], [ 28.7030747, 47.1276421 ], [ 28.7030759, 47.1276418 ], [ 28.7030772, 47.1276416 ], [ 28.7030785, 47.1276415 ], [ 28.7030797, 47.1276415 ], [ 28.703081, 47.1276415 ], [ 28.7030823, 47.1276417 ], [ 28.7030835, 47.1276419 ], [ 28.7030915, 47.1276436 ], [ 28.7030928, 47.127644 ], [ 28.7030942, 47.1276444 ], [ 28.7030954, 47.127645 ], [ 28.7030996, 47.1276471 ], [ 28.7031006, 47.1276477 ], [ 28.7031015, 47.1276483 ], [ 28.7031023, 47.127649 ], [ 28.703103, 47.1276497 ], [ 28.7031036, 47.1276505 ], [ 28.7031041, 47.1276513 ], [ 28.7031045, 47.1276521 ], [ 28.7031047, 47.1276529 ], [ 28.7031049, 47.1276538 ], [ 28.7031049, 47.1276547 ], [ 28.7031048, 47.1276555 ], [ 28.7031046, 47.1276564 ], [ 28.7031042, 47.1276572 ], [ 28.7031038, 47.127658 ], [ 28.7031032, 47.1276588 ], [ 28.703098, 47.1276651 ], [ 28.7030973, 47.1276658 ], [ 28.7030965, 47.1276665 ], [ 28.7030957, 47.1276671 ], [ 28.7030947, 47.1276677 ], [ 28.7030937, 47.1276682 ], [ 28.7030926, 47.1276686 ], [ 28.7030915, 47.127669 ], [ 28.7030903, 47.1276693 ], [ 28.7030891, 47.1276695 ], [ 28.7030878, 47.1276696 ], [ 28.7030866, 47.1276696 ], [ 28.7030853, 47.1276696 ], [ 28.7030841, 47.1276695 ], [ 28.7030828, 47.1276693 ], [ 28.7030816, 47.127669 ], [ 28.7030691, 47.1276656 ], [ 28.7030678, 47.1276652 ], [ 28.7030667, 47.1276648 ], [ 28.7030656, 47.1276642 ] ], [ [ 28.7029783, 47.1273004 ], [ 28.7029774, 47.1272999 ], [ 28.7029765, 47.1272993 ], [ 28.7029757, 47.1272986 ], [ 28.702975, 47.1272978 ], [ 28.7029744, 47.1272971 ], [ 28.7029739, 47.1272963 ], [ 28.7029735, 47.1272954 ], [ 28.7029733, 47.1272946 ], [ 28.7029732, 47.1272937 ], [ 28.7029732, 47.1272928 ], [ 28.7029733, 47.1272919 ], [ 28.7029735, 47.1272911 ], [ 28.7029739, 47.1272902 ], [ 28.7029744, 47.1272894 ], [ 28.702975, 47.1272887 ], [ 28.7029757, 47.1272879 ], [ 28.7029765, 47.1272873 ], [ 28.7029774, 47.1272866 ], [ 28.7029784, 47.1272861 ], [ 28.7029795, 47.1272856 ], [ 28.7029806, 47.1272852 ], [ 28.7029818, 47.1272848 ], [ 28.702983, 47.1272846 ], [ 28.7029843, 47.1272844 ], [ 28.7029856, 47.1272843 ], [ 28.7029868, 47.1272843 ], [ 28.7029881, 47.1272844 ], [ 28.7029894, 47.1272845 ], [ 28.7029906, 47.1272848 ], [ 28.7029918, 47.1272851 ], [ 28.7030163, 47.1272928 ], [ 28.7030166, 47.1272928 ], [ 28.7030166, 47.1272928 ], [ 28.7030176, 47.1272922 ], [ 28.7030186, 47.1272917 ], [ 28.7030197, 47.1272912 ], [ 28.7030209, 47.1272908 ], [ 28.7030221, 47.1272905 ], [ 28.7030234, 47.1272903 ], [ 28.7030247, 47.1272902 ], [ 28.703026, 47.1272901 ], [ 28.7030273, 47.1272901 ], [ 28.7030286, 47.1272903 ], [ 28.7030299, 47.1272905 ], [ 28.7030311, 47.1272908 ], [ 28.7030323, 47.1272912 ], [ 28.7030334, 47.1272916 ], [ 28.7030374, 47.1272935 ], [ 28.7030385, 47.127294 ], [ 28.7030394, 47.1272946 ], [ 28.7030403, 47.1272952 ], [ 28.703041, 47.1272959 ], [ 28.7030417, 47.1272966 ], [ 28.7030422, 47.1272974 ], [ 28.7030427, 47.1272982 ], [ 28.703043, 47.1272991 ], [ 28.7030432, 47.1272999 ], [ 28.7030433, 47.1273008 ], [ 28.7030433, 47.1273017 ], [ 28.7030431, 47.1273025 ], [ 28.7030428, 47.1273034 ], [ 28.7030424, 47.1273042 ], [ 28.7030419, 47.127305 ], [ 28.7030238, 47.1273295 ], [ 28.7030232, 47.1273302 ], [ 28.7030225, 47.127331 ], [ 28.7030216, 47.1273316 ], [ 28.7030207, 47.1273322 ], [ 28.7030197, 47.1273328 ], [ 28.7030186, 47.1273333 ], [ 28.7030174, 47.1273337 ], [ 28.7030162, 47.127334 ], [ 28.703015, 47.1273342 ], [ 28.7030137, 47.1273344 ], [ 28.7030124, 47.1273344 ], [ 28.7030112, 47.1273344 ], [ 28.7030099, 47.1273343 ], [ 28.7030086, 47.1273341 ], [ 28.7030074, 47.1273339 ], [ 28.7030062, 47.1273335 ], [ 28.7030051, 47.1273331 ], [ 28.7029919, 47.1273275 ], [ 28.7029917, 47.1273274 ], [ 28.7029914, 47.1273276 ], [ 28.7029904, 47.1273281 ], [ 28.7029894, 47.1273287 ], [ 28.7029882, 47.1273291 ], [ 28.702987, 47.1273295 ], [ 28.7029858, 47.1273298 ], [ 28.7029845, 47.12733 ], [ 28.7029832, 47.1273301 ], [ 28.7029819, 47.1273301 ], [ 28.7029806, 47.12733 ], [ 28.7029793, 47.1273299 ], [ 28.702978, 47.1273296 ], [ 28.7029768, 47.1273293 ], [ 28.7029756, 47.1273289 ], [ 28.7029745, 47.1273284 ], [ 28.7029735, 47.1273278 ], [ 28.7029726, 47.1273272 ], [ 28.7029717, 47.1273265 ], [ 28.702971, 47.1273258 ], [ 28.7029704, 47.127325 ], [ 28.7029698, 47.1273241 ], [ 28.7029695, 47.1273233 ], [ 28.7029692, 47.1273224 ], [ 28.7029691, 47.1273215 ], [ 28.7029691, 47.1273206 ], [ 28.7029692, 47.1273197 ], [ 28.7029695, 47.1273188 ], [ 28.7029699, 47.127318 ], [ 28.7029704, 47.1273172 ], [ 28.702971, 47.1273164 ], [ 28.7029833, 47.1273028 ], [ 28.7029834, 47.1273026 ], [ 28.7029832, 47.1273025 ], [ 28.7029794, 47.1273009 ], [ 28.7029783, 47.1273004 ] ], [ [ 28.7029471, 47.1276382 ], [ 28.7029458, 47.1276381 ], [ 28.7029445, 47.127638 ], [ 28.7029433, 47.1276377 ], [ 28.7029421, 47.1276374 ], [ 28.7029409, 47.1276369 ], [ 28.7029399, 47.1276364 ], [ 28.7029388, 47.1276359 ], [ 28.7029379, 47.1276352 ], [ 28.7029371, 47.1276346 ], [ 28.7029364, 47.1276338 ], [ 28.7029358, 47.127633 ], [ 28.7029353, 47.1276322 ], [ 28.7029349, 47.1276313 ], [ 28.7029347, 47.1276305 ], [ 28.7029346, 47.1276296 ], [ 28.7029346, 47.1276287 ], [ 28.7029347, 47.1276278 ], [ 28.702935, 47.1276269 ], [ 28.7029354, 47.1276261 ], [ 28.7029359, 47.1276253 ], [ 28.7029365, 47.1276245 ], [ 28.7029498, 47.1276099 ], [ 28.7029505, 47.1276092 ], [ 28.7029514, 47.1276086 ], [ 28.7029523, 47.1276079 ], [ 28.7029533, 47.1276074 ], [ 28.7029544, 47.1276069 ], [ 28.7029555, 47.1276065 ], [ 28.7029567, 47.1276062 ], [ 28.702958, 47.1276059 ], [ 28.7029593, 47.1276058 ], [ 28.7029606, 47.1276057 ], [ 28.7029618, 47.1276057 ], [ 28.7029631, 47.1276058 ], [ 28.7029644, 47.127606 ], [ 28.7029656, 47.1276063 ], [ 28.7029668, 47.1276066 ], [ 28.7029679, 47.1276071 ], [ 28.7029796, 47.127612 ], [ 28.7029799, 47.1276121 ], [ 28.7029801, 47.1276119 ], [ 28.7030024, 47.1275874 ], [ 28.7030031, 47.1275867 ], [ 28.7030039, 47.1275861 ], [ 28.7030048, 47.1275855 ], [ 28.7030058, 47.1275849 ], [ 28.7030068, 47.1275845 ], [ 28.7030079, 47.127584 ], [ 28.7030091, 47.1275837 ], [ 28.7030103, 47.1275835 ], [ 28.7030115, 47.1275833 ], [ 28.7030128, 47.1275832 ], [ 28.7030141, 47.1275832 ], [ 28.7030153, 47.1275833 ], [ 28.7030165, 47.1275834 ], [ 28.7030178, 47.1275836 ], [ 28.7030189, 47.127584 ], [ 28.703022, 47.1275849 ], [ 28.7030232, 47.1275853 ], [ 28.703024, 47.1275856 ], [ 28.7030244, 47.1275858 ], [ 28.7030388, 47.1275909 ], [ 28.70304, 47.1275914 ], [ 28.7030452, 47.1275937 ], [ 28.7030457, 47.1275939 ], [ 28.7030463, 47.1275941 ], [ 28.7030474, 47.1275946 ], [ 28.7030484, 47.1275951 ], [ 28.7030493, 47.1275957 ], [ 28.7030502, 47.1275964 ], [ 28.7030509, 47.1275971 ], [ 28.7030515, 47.1275979 ], [ 28.703052, 47.1275987 ], [ 28.7030524, 47.1275995 ], [ 28.7030527, 47.1276004 ], [ 28.7030528, 47.1276013 ], [ 28.7030528, 47.1276021 ], [ 28.7030527, 47.127603 ], [ 28.7030525, 47.1276039 ], [ 28.7030522, 47.1276047 ], [ 28.7030517, 47.1276055 ], [ 28.7030511, 47.1276063 ], [ 28.7030136, 47.1276513 ], [ 28.7030129, 47.1276521 ], [ 28.7030121, 47.1276528 ], [ 28.7030112, 47.1276535 ], [ 28.7030101, 47.127654 ], [ 28.703009, 47.1276546 ], [ 28.7030079, 47.127655 ], [ 28.7030066, 47.1276553 ], [ 28.7030053, 47.1276556 ], [ 28.703004, 47.1276558 ], [ 28.7030027, 47.1276559 ], [ 28.7030014, 47.1276559 ], [ 28.703, 47.1276558 ], [ 28.7029987, 47.1276556 ], [ 28.7029974, 47.1276553 ], [ 28.7029795, 47.1276506 ], [ 28.7029785, 47.1276503 ], [ 28.7029774, 47.1276499 ], [ 28.7029748, 47.1276488 ], [ 28.7029743, 47.1276486 ], [ 28.7029511, 47.1276381 ], [ 28.7029508, 47.127638 ], [ 28.7029506, 47.127638 ], [ 28.7029497, 47.1276381 ], [ 28.7029484, 47.1276382 ], [ 28.7029471, 47.1276382 ] ], [ [ 28.702767, 47.1274016 ], [ 28.7027659, 47.1274011 ], [ 28.7027649, 47.1274005 ], [ 28.702764, 47.1273999 ], [ 28.7027632, 47.1273992 ], [ 28.7027625, 47.1273985 ], [ 28.7027618, 47.1273977 ], [ 28.7027614, 47.1273969 ], [ 28.702761, 47.127396 ], [ 28.7027607, 47.1273951 ], [ 28.7027606, 47.1273942 ], [ 28.7027606, 47.1273934 ], [ 28.7027608, 47.1273925 ], [ 28.702761, 47.1273916 ], [ 28.7027614, 47.1273908 ], [ 28.7027619, 47.12739 ], [ 28.7027626, 47.1273892 ], [ 28.7027919, 47.1273566 ], [ 28.7027926, 47.1273559 ], [ 28.7027934, 47.1273552 ], [ 28.7027943, 47.1273546 ], [ 28.7027953, 47.127354 ], [ 28.7027964, 47.1273535 ], [ 28.7027975, 47.1273531 ], [ 28.7027987, 47.1273528 ], [ 28.7028, 47.1273526 ], [ 28.7028012, 47.1273524 ], [ 28.7028025, 47.1273523 ], [ 28.7028038, 47.1273523 ], [ 28.7028051, 47.1273524 ], [ 28.7028063, 47.1273526 ], [ 28.7028076, 47.1273528 ], [ 28.7028088, 47.1273532 ], [ 28.7028099, 47.1273536 ], [ 28.7028317, 47.1273625 ], [ 28.702832, 47.1273626 ], [ 28.7028321, 47.1273625 ], [ 28.7028449, 47.127348 ], [ 28.7028449, 47.127348 ], [ 28.7028452, 47.1273476 ], [ 28.7028453, 47.1273475 ], [ 28.702872, 47.1273147 ], [ 28.7028726, 47.127314 ], [ 28.7028734, 47.1273133 ], [ 28.7028743, 47.1273126 ], [ 28.7028752, 47.1273121 ], [ 28.7028762, 47.1273116 ], [ 28.7028773, 47.1273111 ], [ 28.7028784, 47.1273108 ], [ 28.7028796, 47.1273105 ], [ 28.7028808, 47.1273103 ], [ 28.7028821, 47.1273101 ], [ 28.7028833, 47.1273101 ], [ 28.7028846, 47.1273101 ], [ 28.7028858, 47.1273102 ], [ 28.7028871, 47.1273104 ], [ 28.7028883, 47.1273107 ], [ 28.7028894, 47.127311 ], [ 28.7028905, 47.1273114 ], [ 28.7029208, 47.1273244 ], [ 28.702921, 47.1273245 ], [ 28.702921, 47.1273245 ], [ 28.7029223, 47.1273242 ], [ 28.7029236, 47.127324 ], [ 28.702925, 47.1273239 ], [ 28.7029263, 47.1273238 ], [ 28.7029277, 47.1273239 ], [ 28.702929, 47.1273241 ], [ 28.7029303, 47.1273244 ], [ 28.7029316, 47.1273247 ], [ 28.7029328, 47.1273252 ], [ 28.7029545, 47.1273343 ], [ 28.7029547, 47.1273344 ], [ 28.7029549, 47.1273343 ], [ 28.7029555, 47.1273339 ], [ 28.7029566, 47.1273334 ], [ 28.7029577, 47.127333 ], [ 28.7029588, 47.1273326 ], [ 28.70296, 47.1273323 ], [ 28.7029613, 47.1273321 ], [ 28.7029625, 47.127332 ], [ 28.7029638, 47.1273319 ], [ 28.7029651, 47.127332 ], [ 28.7029663, 47.1273321 ], [ 28.7029676, 47.1273323 ], [ 28.7029688, 47.1273326 ], [ 28.7029699, 47.127333 ], [ 28.702971, 47.1273334 ], [ 28.702972, 47.1273339 ], [ 28.702973, 47.1273345 ], [ 28.7029739, 47.1273351 ], [ 28.7029746, 47.1273358 ], [ 28.7029753, 47.1273366 ], [ 28.7029759, 47.1273373 ], [ 28.7029763, 47.1273382 ], [ 28.7029767, 47.127339 ], [ 28.7029769, 47.1273399 ], [ 28.702977, 47.1273407 ], [ 28.7029769, 47.1273416 ], [ 28.7029768, 47.1273425 ], [ 28.7029765, 47.1273433 ], [ 28.7029761, 47.1273441 ], [ 28.7029756, 47.1273449 ], [ 28.702975, 47.1273457 ], [ 28.702949, 47.1273742 ], [ 28.7029489, 47.1273744 ], [ 28.7029493, 47.1273747 ], [ 28.70295, 47.1273754 ], [ 28.7029507, 47.1273762 ], [ 28.7029512, 47.127377 ], [ 28.7029516, 47.1273779 ], [ 28.7029519, 47.1273787 ], [ 28.7029521, 47.1273796 ], [ 28.7029521, 47.1273805 ], [ 28.702952, 47.1273814 ], [ 28.7029518, 47.1273823 ], [ 28.7029514, 47.1273832 ], [ 28.702951, 47.127384 ], [ 28.7029504, 47.1273848 ], [ 28.7029497, 47.1273855 ], [ 28.7029488, 47.1273862 ], [ 28.7029479, 47.1273869 ], [ 28.7029469, 47.1273875 ], [ 28.7029458, 47.127388 ], [ 28.7029447, 47.1273884 ], [ 28.7029435, 47.1273887 ], [ 28.7029422, 47.127389 ], [ 28.702941, 47.1273892 ], [ 28.7029396, 47.1273893 ], [ 28.7029383, 47.1273893 ], [ 28.702937, 47.1273892 ], [ 28.7029357, 47.127389 ], [ 28.7029357, 47.127389 ], [ 28.7029355, 47.1273891 ], [ 28.7029349, 47.1273895 ], [ 28.7029338, 47.12739 ], [ 28.7029326, 47.1273904 ], [ 28.7029314, 47.1273907 ], [ 28.7029302, 47.127391 ], [ 28.7029289, 47.1273911 ], [ 28.7029276, 47.1273912 ], [ 28.7029263, 47.1273912 ], [ 28.702925, 47.1273911 ], [ 28.7029238, 47.127391 ], [ 28.7029225, 47.1273907 ], [ 28.7029213, 47.1273904 ], [ 28.7029202, 47.1273899 ], [ 28.7029191, 47.1273894 ], [ 28.7029181, 47.1273889 ], [ 28.7029172, 47.1273882 ], [ 28.7029164, 47.1273875 ], [ 28.7029157, 47.1273868 ], [ 28.702915, 47.127386 ], [ 28.7029146, 47.1273852 ], [ 28.7029142, 47.1273843 ], [ 28.702914, 47.1273835 ], [ 28.7029138, 47.1273826 ], [ 28.7029139, 47.1273817 ], [ 28.702914, 47.1273808 ], [ 28.7029143, 47.1273799 ], [ 28.7029147, 47.1273791 ], [ 28.7029152, 47.1273783 ], [ 28.7029158, 47.1273775 ], [ 28.7029168, 47.1273763 ], [ 28.702917, 47.1273762 ], [ 28.7029167, 47.127376 ], [ 28.7028803, 47.1273607 ], [ 28.70288, 47.1273606 ], [ 28.7028798, 47.1273608 ], [ 28.7028233, 47.1274233 ], [ 28.7028225, 47.127424 ], [ 28.7028217, 47.1274247 ], [ 28.7028208, 47.1274253 ], [ 28.7028197, 47.1274259 ], [ 28.7028186, 47.1274263 ], [ 28.7028175, 47.1274267 ], [ 28.7028163, 47.1274271 ], [ 28.702815, 47.1274273 ], [ 28.7028138, 47.1274275 ], [ 28.7028125, 47.1274275 ], [ 28.7028112, 47.1274275 ], [ 28.7028099, 47.1274274 ], [ 28.7028086, 47.1274272 ], [ 28.7028074, 47.127427 ], [ 28.7028062, 47.1274266 ], [ 28.702805, 47.1274262 ], [ 28.7027947, 47.1274218 ], [ 28.7027937, 47.1274212 ], [ 28.7027926, 47.1274206 ], [ 28.7027917, 47.12742 ], [ 28.7027909, 47.1274193 ], [ 28.7027902, 47.1274185 ], [ 28.7027896, 47.1274177 ], [ 28.7027892, 47.1274169 ], [ 28.7027888, 47.127416 ], [ 28.7027886, 47.1274151 ], [ 28.7027886, 47.1274142 ], [ 28.7027886, 47.1274133 ], [ 28.7027888, 47.1274124 ], [ 28.7027891, 47.1274115 ], [ 28.7027893, 47.1274111 ], [ 28.7027895, 47.1274109 ], [ 28.7027892, 47.1274108 ], [ 28.702767, 47.1274016 ] ], [ [ 28.7026922, 47.1275679 ], [ 28.7026913, 47.1275686 ], [ 28.7026904, 47.1275692 ], [ 28.7026894, 47.1275697 ], [ 28.7026883, 47.1275702 ], [ 28.7026871, 47.1275706 ], [ 28.7026859, 47.127571 ], [ 28.7026847, 47.1275712 ], [ 28.7026834, 47.1275714 ], [ 28.7026821, 47.1275714 ], [ 28.7026808, 47.1275714 ], [ 28.7026795, 47.1275713 ], [ 28.7026782, 47.1275711 ], [ 28.702677, 47.1275708 ], [ 28.7026758, 47.1275705 ], [ 28.7026747, 47.12757 ], [ 28.7026634, 47.1275652 ], [ 28.7026624, 47.1275647 ], [ 28.7026614, 47.1275641 ], [ 28.7026605, 47.1275635 ], [ 28.7026597, 47.1275628 ], [ 28.702659, 47.1275621 ], [ 28.7026584, 47.1275613 ], [ 28.702658, 47.1275605 ], [ 28.7026576, 47.1275597 ], [ 28.7026574, 47.1275588 ], [ 28.7026573, 47.1275579 ], [ 28.7026573, 47.1275571 ], [ 28.7026574, 47.1275562 ], [ 28.7026577, 47.1275554 ], [ 28.702658, 47.1275545 ], [ 28.7026585, 47.1275537 ], [ 28.7026591, 47.127553 ], [ 28.7026769, 47.1275327 ], [ 28.702677, 47.1275327 ], [ 28.7026926, 47.1275155 ], [ 28.7026933, 47.1275148 ], [ 28.7026942, 47.1275141 ], [ 28.7026951, 47.1275135 ], [ 28.7026962, 47.1275129 ], [ 28.7026973, 47.1275124 ], [ 28.7026984, 47.127512 ], [ 28.7026997, 47.1275117 ], [ 28.7027009, 47.1275114 ], [ 28.7027022, 47.1275113 ], [ 28.7027035, 47.1275112 ], [ 28.7027049, 47.1275113 ], [ 28.7027062, 47.1275114 ], [ 28.7027074, 47.1275116 ], [ 28.7027087, 47.1275119 ], [ 28.7027099, 47.1275123 ], [ 28.702711, 47.1275127 ], [ 28.7027355, 47.1275237 ], [ 28.7027357, 47.1275238 ], [ 28.7027359, 47.1275236 ], [ 28.7027788, 47.127479 ], [ 28.702779, 47.1274788 ], [ 28.7028047, 47.1274509 ], [ 28.7028054, 47.1274502 ], [ 28.7028063, 47.1274495 ], [ 28.7028072, 47.1274489 ], [ 28.7028082, 47.1274483 ], [ 28.7028093, 47.1274479 ], [ 28.7028104, 47.1274475 ], [ 28.7028116, 47.1274471 ], [ 28.7028129, 47.1274469 ], [ 28.7028141, 47.1274467 ], [ 28.7028154, 47.1274467 ], [ 28.7028167, 47.1274467 ], [ 28.702818, 47.1274468 ], [ 28.7028192, 47.127447 ], [ 28.7028205, 47.1274472 ], [ 28.7028217, 47.1274476 ], [ 28.7028228, 47.127448 ], [ 28.7028437, 47.1274568 ], [ 28.7028439, 47.1274569 ], [ 28.7028441, 47.1274567 ], [ 28.702851, 47.1274492 ], [ 28.7028517, 47.1274485 ], [ 28.7028525, 47.1274478 ], [ 28.7028534, 47.1274472 ], [ 28.7028544, 47.1274467 ], [ 28.7028555, 47.1274462 ], [ 28.7028566, 47.1274458 ], [ 28.7028578, 47.1274454 ], [ 28.702859, 47.1274452 ], [ 28.7028602, 47.127445 ], [ 28.7028615, 47.1274449 ], [ 28.7028628, 47.1274449 ], [ 28.702864, 47.127445 ], [ 28.7028653, 47.1274452 ], [ 28.7028665, 47.1274454 ], [ 28.7028677, 47.1274457 ], [ 28.7028709, 47.1274468 ], [ 28.7028721, 47.1274472 ], [ 28.7028732, 47.1274477 ], [ 28.7028742, 47.1274482 ], [ 28.7028751, 47.1274488 ], [ 28.7028759, 47.1274495 ], [ 28.7028767, 47.1274503 ], [ 28.7028773, 47.127451 ], [ 28.7028778, 47.1274519 ], [ 28.7028782, 47.1274527 ], [ 28.7028785, 47.1274536 ], [ 28.7028786, 47.1274545 ], [ 28.7028786, 47.1274554 ], [ 28.7028785, 47.1274562 ], [ 28.7028782, 47.1274571 ], [ 28.7028778, 47.127458 ], [ 28.7028773, 47.1274588 ], [ 28.7028767, 47.1274596 ], [ 28.7028735, 47.1274632 ], [ 28.7028734, 47.1274634 ], [ 28.7028736, 47.1274635 ], [ 28.7028953, 47.1274724 ], [ 28.7028964, 47.1274728 ], [ 28.7028974, 47.1274734 ], [ 28.7028983, 47.127474 ], [ 28.7028991, 47.1274747 ], [ 28.7028998, 47.1274755 ], [ 28.7029004, 47.1274763 ], [ 28.7029009, 47.1274771 ], [ 28.7029013, 47.127478 ], [ 28.7029016, 47.1274788 ], [ 28.7029017, 47.1274797 ], [ 28.7029017, 47.1274806 ], [ 28.7029015, 47.1274815 ], [ 28.7029012, 47.1274824 ], [ 28.7029008, 47.1274832 ], [ 28.7029003, 47.127484 ], [ 28.7028997, 47.1274848 ], [ 28.7028943, 47.1274908 ], [ 28.7028941, 47.1274909 ], [ 28.7028944, 47.1274911 ], [ 28.7028962, 47.1274918 ], [ 28.7028972, 47.1274923 ], [ 28.7028982, 47.1274929 ], [ 28.7028991, 47.1274936 ], [ 28.7028999, 47.1274943 ], [ 28.7029006, 47.127495 ], [ 28.7029012, 47.1274958 ], [ 28.7029017, 47.1274966 ], [ 28.7029017, 47.1274966 ], [ 28.702902, 47.1274967 ], [ 28.7029206, 47.1275023 ], [ 28.7029222, 47.1275029 ], [ 28.7029307, 47.1275065 ], [ 28.702931, 47.1275066 ], [ 28.7029311, 47.1275066 ], [ 28.7029322, 47.1275066 ], [ 28.7029335, 47.1275067 ], [ 28.7029348, 47.1275068 ], [ 28.7029361, 47.1275071 ], [ 28.7029373, 47.1275074 ], [ 28.7029411, 47.1275085 ], [ 28.7029414, 47.1275086 ], [ 28.7029418, 47.1275086 ], [ 28.7029431, 47.1275085 ], [ 28.7029444, 47.1275085 ], [ 28.7029456, 47.1275087 ], [ 28.7029469, 47.1275088 ], [ 28.7029481, 47.1275091 ], [ 28.7029493, 47.1275095 ], [ 28.7029504, 47.1275099 ], [ 28.7029515, 47.1275104 ], [ 28.7029524, 47.127511 ], [ 28.7029533, 47.1275116 ], [ 28.7029541, 47.1275123 ], [ 28.7029548, 47.127513 ], [ 28.7029554, 47.1275138 ], [ 28.7029559, 47.1275146 ], [ 28.7029563, 47.1275154 ], [ 28.7029565, 47.1275163 ], [ 28.7029566, 47.1275172 ], [ 28.7029566, 47.127518 ], [ 28.7029565, 47.1275189 ], [ 28.7029562, 47.1275198 ], [ 28.7029558, 47.1275206 ], [ 28.7029553, 47.1275214 ], [ 28.7029547, 47.1275222 ], [ 28.7029322, 47.1275476 ], [ 28.7029315, 47.1275483 ], [ 28.7029307, 47.127549 ], [ 28.7029298, 47.1275496 ], [ 28.7029288, 47.1275502 ], [ 28.7029278, 47.1275506 ], [ 28.7029267, 47.127551 ], [ 28.7029255, 47.1275514 ], [ 28.7029243, 47.1275516 ], [ 28.7029231, 47.1275518 ], [ 28.7029218, 47.1275519 ], [ 28.7029206, 47.127552 ], [ 28.7029193, 47.1275519 ], [ 28.7029181, 47.1275517 ], [ 28.7029169, 47.1275515 ], [ 28.7029157, 47.1275512 ], [ 28.7029145, 47.1275508 ], [ 28.7029136, 47.1275504 ], [ 28.7029132, 47.1275503 ], [ 28.7029023, 47.1275467 ], [ 28.7029013, 47.1275463 ], [ 28.7029003, 47.1275458 ], [ 28.7028993, 47.1275453 ], [ 28.7028985, 47.1275447 ], [ 28.7028977, 47.1275441 ], [ 28.7028975, 47.1275439 ], [ 28.7028972, 47.1275437 ], [ 28.702897, 47.1275436 ], [ 28.7028758, 47.1275346 ], [ 28.7028747, 47.1275341 ], [ 28.7028738, 47.1275335 ], [ 28.7028729, 47.1275329 ], [ 28.7028721, 47.1275322 ], [ 28.7028714, 47.1275315 ], [ 28.7028708, 47.1275307 ], [ 28.7028703, 47.1275299 ], [ 28.7028699, 47.127529 ], [ 28.7028697, 47.1275282 ], [ 28.7028696, 47.1275273 ], [ 28.7028696, 47.1275264 ], [ 28.7028697, 47.1275255 ], [ 28.70287, 47.1275247 ], [ 28.7028704, 47.1275238 ], [ 28.7028709, 47.127523 ], [ 28.7028715, 47.1275222 ], [ 28.702877, 47.1275162 ], [ 28.7028771, 47.127516 ], [ 28.7028769, 47.1275159 ], [ 28.7028753, 47.1275152 ], [ 28.7028742, 47.1275147 ], [ 28.7028731, 47.1275141 ], [ 28.7028722, 47.1275134 ], [ 28.7028714, 47.1275127 ], [ 28.7028707, 47.1275119 ], [ 28.7028701, 47.1275111 ], [ 28.7028698, 47.1275107 ], [ 28.7028695, 47.1275106 ], [ 28.7028503, 47.1275047 ], [ 28.7028488, 47.1275041 ], [ 28.7028403, 47.1275006 ], [ 28.7028401, 47.1275005 ], [ 28.7028394, 47.1275005 ], [ 28.7028394, 47.1275005 ], [ 28.7028393, 47.1275005 ], [ 28.702838, 47.1275004 ], [ 28.7028367, 47.1275003 ], [ 28.7028354, 47.1275 ], [ 28.7028341, 47.1274997 ], [ 28.7028305, 47.1274986 ], [ 28.7028302, 47.1274985 ], [ 28.70283, 47.1274987 ], [ 28.7028132, 47.1275241 ], [ 28.7028126, 47.1275249 ], [ 28.7028119, 47.1275257 ], [ 28.7028111, 47.1275264 ], [ 28.7028102, 47.127527 ], [ 28.7028091, 47.1275276 ], [ 28.702808, 47.1275281 ], [ 28.7028069, 47.1275285 ], [ 28.7028057, 47.1275289 ], [ 28.7028044, 47.1275291 ], [ 28.7028031, 47.1275293 ], [ 28.7028018, 47.1275294 ], [ 28.7028005, 47.1275294 ], [ 28.7027991, 47.1275293 ], [ 28.7027978, 47.1275291 ], [ 28.7027966, 47.1275288 ], [ 28.7027954, 47.1275285 ], [ 28.7027942, 47.127528 ], [ 28.7027785, 47.1275213 ], [ 28.7027782, 47.1275212 ], [ 28.7027781, 47.1275214 ], [ 28.7027506, 47.1275514 ], [ 28.7027498, 47.1275521 ], [ 28.702749, 47.1275528 ], [ 28.7027481, 47.1275534 ], [ 28.702747, 47.1275539 ], [ 28.702746, 47.1275544 ], [ 28.7027448, 47.1275548 ], [ 28.7027436, 47.1275551 ], [ 28.7027424, 47.1275554 ], [ 28.7027411, 47.1275555 ], [ 28.7027398, 47.1275556 ], [ 28.7027385, 47.1275556 ], [ 28.7027372, 47.1275555 ], [ 28.702736, 47.1275553 ], [ 28.7027348, 47.127555 ], [ 28.7027336, 47.1275547 ], [ 28.7027324, 47.1275543 ], [ 28.7027126, 47.1275459 ], [ 28.7027123, 47.1275458 ], [ 28.7027122, 47.1275459 ], [ 28.7026929, 47.1275672 ], [ 28.7026922, 47.1275679 ] ], [ [ 28.7026118, 47.1277032 ], [ 28.7026109, 47.1277039 ], [ 28.70261, 47.1277045 ], [ 28.702609, 47.1277051 ], [ 28.7026079, 47.1277055 ], [ 28.7026067, 47.1277059 ], [ 28.7026055, 47.1277063 ], [ 28.7026043, 47.1277065 ], [ 28.702603, 47.1277067 ], [ 28.7026017, 47.1277068 ], [ 28.7026004, 47.1277067 ], [ 28.7025991, 47.1277066 ], [ 28.7025979, 47.1277065 ], [ 28.7025966, 47.1277062 ], [ 28.7025954, 47.1277058 ], [ 28.7025943, 47.1277054 ], [ 28.7025876, 47.1277026 ], [ 28.7025865, 47.1277021 ], [ 28.7025855, 47.1277015 ], [ 28.7025847, 47.1277009 ], [ 28.7025839, 47.1277002 ], [ 28.7025832, 47.1276995 ], [ 28.7025826, 47.1276987 ], [ 28.7025821, 47.1276979 ], [ 28.7025817, 47.1276971 ], [ 28.7025815, 47.1276962 ], [ 28.7025814, 47.1276953 ], [ 28.7025814, 47.1276945 ], [ 28.7025815, 47.1276936 ], [ 28.7025817, 47.1276927 ], [ 28.7025821, 47.1276919 ], [ 28.7025826, 47.1276911 ], [ 28.7025832, 47.1276903 ], [ 28.7026303, 47.1276359 ], [ 28.7026305, 47.1276357 ], [ 28.7026349, 47.1276309 ], [ 28.7026356, 47.1276302 ], [ 28.7026365, 47.1276296 ], [ 28.7026374, 47.127629 ], [ 28.7026384, 47.1276284 ], [ 28.7026395, 47.1276279 ], [ 28.7026406, 47.1276275 ], [ 28.7026418, 47.1276272 ], [ 28.7026431, 47.127627 ], [ 28.7026443, 47.1276268 ], [ 28.7026456, 47.1276267 ], [ 28.7026469, 47.1276268 ], [ 28.7026482, 47.1276269 ], [ 28.7026495, 47.127627 ], [ 28.7026507, 47.1276273 ], [ 28.7026519, 47.1276277 ], [ 28.702653, 47.1276281 ], [ 28.7026786, 47.1276389 ], [ 28.7026788, 47.127639 ], [ 28.702679, 47.1276388 ], [ 28.7027371, 47.1275748 ], [ 28.7027379, 47.1275741 ], [ 28.7027387, 47.1275734 ], [ 28.7027396, 47.1275728 ], [ 28.7027407, 47.1275722 ], [ 28.7027417, 47.1275718 ], [ 28.7027429, 47.1275714 ], [ 28.7027441, 47.127571 ], [ 28.7027454, 47.1275708 ], [ 28.7027466, 47.1275706 ], [ 28.7027479, 47.1275706 ], [ 28.7027492, 47.1275706 ], [ 28.7027505, 47.1275707 ], [ 28.7027518, 47.1275709 ], [ 28.702753, 47.1275711 ], [ 28.7027542, 47.1275715 ], [ 28.7027553, 47.1275719 ], [ 28.702775, 47.1275803 ], [ 28.7027753, 47.1275804 ], [ 28.7027764, 47.1275805 ], [ 28.7027776, 47.1275806 ], [ 28.7027787, 47.1275808 ], [ 28.7027798, 47.127581 ], [ 28.702791, 47.127584 ], [ 28.7027922, 47.1275844 ], [ 28.7027934, 47.1275849 ], [ 28.7027944, 47.1275854 ], [ 28.7027954, 47.127586 ], [ 28.7027963, 47.1275867 ], [ 28.7027971, 47.1275874 ], [ 28.7027978, 47.1275882 ], [ 28.7027984, 47.127589 ], [ 28.7027988, 47.1275898 ], [ 28.7027991, 47.1275907 ], [ 28.7027993, 47.1275916 ], [ 28.7027994, 47.1275925 ], [ 28.7027993, 47.1275934 ], [ 28.7027991, 47.1275943 ], [ 28.7027988, 47.1275952 ], [ 28.7027983, 47.127596 ], [ 28.702798, 47.1275964 ], [ 28.7027983, 47.1275965 ], [ 28.7028347, 47.127612 ], [ 28.702835, 47.1276121 ], [ 28.7028351, 47.1276119 ], [ 28.7028394, 47.1276072 ], [ 28.7028402, 47.1276064 ], [ 28.702841, 47.1276058 ], [ 28.7028419, 47.1276052 ], [ 28.7028429, 47.1276046 ], [ 28.702844, 47.1276041 ], [ 28.7028452, 47.1276037 ], [ 28.7028464, 47.1276034 ], [ 28.7028476, 47.1276032 ], [ 28.7028489, 47.127603 ], [ 28.7028501, 47.1276029 ], [ 28.7028514, 47.1276029 ], [ 28.7028527, 47.127603 ], [ 28.702854, 47.1276032 ], [ 28.7028552, 47.1276035 ], [ 28.7028564, 47.1276038 ], [ 28.7028635, 47.1276062 ], [ 28.7028647, 47.1276066 ], [ 28.7028657, 47.1276071 ], [ 28.7028667, 47.1276077 ], [ 28.7028676, 47.1276083 ], [ 28.7028684, 47.127609 ], [ 28.7028691, 47.1276097 ], [ 28.7028697, 47.1276105 ], [ 28.7028702, 47.1276113 ], [ 28.7028706, 47.1276122 ], [ 28.7028708, 47.127613 ], [ 28.7028709, 47.1276139 ], [ 28.7028709, 47.1276148 ], [ 28.7028708, 47.1276157 ], [ 28.7028705, 47.1276165 ], [ 28.7028702, 47.1276174 ], [ 28.7028697, 47.1276182 ], [ 28.7028691, 47.127619 ], [ 28.702841, 47.1276506 ], [ 28.7028409, 47.1276508 ], [ 28.7028411, 47.127651 ], [ 28.7028417, 47.1276518 ], [ 28.7028423, 47.1276526 ], [ 28.7028425, 47.127653 ], [ 28.7028429, 47.127653 ], [ 28.7028443, 47.127653 ], [ 28.7028455, 47.1276532 ], [ 28.7028468, 47.1276535 ], [ 28.702848, 47.1276538 ], [ 28.7028492, 47.1276542 ], [ 28.7028594, 47.1276585 ], [ 28.7028595, 47.1276585 ], [ 28.7028677, 47.127662 ], [ 28.7028688, 47.1276625 ], [ 28.7028698, 47.1276631 ], [ 28.7028707, 47.1276637 ], [ 28.7028715, 47.1276644 ], [ 28.7028722, 47.1276651 ], [ 28.7028728, 47.1276659 ], [ 28.7028732, 47.1276667 ], [ 28.7028736, 47.1276676 ], [ 28.7028738, 47.1276685 ], [ 28.7028739, 47.1276693 ], [ 28.7028739, 47.1276702 ], [ 28.7028738, 47.1276711 ], [ 28.7028735, 47.127672 ], [ 28.7028731, 47.1276728 ], [ 28.7028726, 47.1276736 ], [ 28.7028719, 47.1276744 ], [ 28.7028716, 47.1276747 ], [ 28.7028716, 47.1276748 ], [ 28.7028713, 47.1276751 ], [ 28.7028713, 47.1276752 ], [ 28.7028505, 47.1276994 ], [ 28.7028498, 47.1277002 ], [ 28.702849, 47.1277009 ], [ 28.7028481, 47.1277015 ], [ 28.702847, 47.1277021 ], [ 28.702846, 47.1277026 ], [ 28.7028448, 47.127703 ], [ 28.7028436, 47.1277034 ], [ 28.7028423, 47.1277036 ], [ 28.702841, 47.1277038 ], [ 28.7028397, 47.1277039 ], [ 28.7028384, 47.1277039 ], [ 28.7028371, 47.1277038 ], [ 28.7028358, 47.1277036 ], [ 28.7028345, 47.1277033 ], [ 28.7028333, 47.127703 ], [ 28.7028322, 47.1277025 ], [ 28.7028213, 47.1276979 ], [ 28.7028203, 47.1276974 ], [ 28.7028193, 47.1276969 ], [ 28.7028184, 47.1276962 ], [ 28.7028176, 47.1276955 ], [ 28.7028169, 47.1276948 ], [ 28.7028163, 47.127694 ], [ 28.7028158, 47.1276932 ], [ 28.7028155, 47.1276924 ], [ 28.7028152, 47.1276915 ], [ 28.7028151, 47.1276906 ], [ 28.7028151, 47.1276897 ], [ 28.7028153, 47.1276889 ], [ 28.7028155, 47.127688 ], [ 28.7028159, 47.1276872 ], [ 28.7028164, 47.1276863 ], [ 28.7028306, 47.1276664 ], [ 28.7028308, 47.1276662 ], [ 28.7028307, 47.1276661 ], [ 28.7028301, 47.1276653 ], [ 28.70283, 47.127665 ], [ 28.7028292, 47.127665 ], [ 28.702828, 47.1276649 ], [ 28.7028267, 47.1276647 ], [ 28.7028255, 47.1276644 ], [ 28.7028243, 47.1276641 ], [ 28.7028092, 47.1276591 ], [ 28.7028081, 47.1276586 ], [ 28.702807, 47.1276581 ], [ 28.702806, 47.1276576 ], [ 28.7028051, 47.1276569 ], [ 28.7028043, 47.1276562 ], [ 28.7028036, 47.1276555 ], [ 28.702803, 47.1276547 ], [ 28.7028025, 47.1276539 ], [ 28.7028022, 47.127653 ], [ 28.7028019, 47.1276522 ], [ 28.7028018, 47.1276513 ], [ 28.7028019, 47.1276504 ], [ 28.702802, 47.1276495 ], [ 28.7028023, 47.1276487 ], [ 28.7028027, 47.1276478 ], [ 28.7028032, 47.127647 ], [ 28.7028038, 47.1276462 ], [ 28.702808, 47.1276417 ], [ 28.7028081, 47.1276415 ], [ 28.7028079, 47.1276414 ], [ 28.7027784, 47.1276288 ], [ 28.702777, 47.1276281 ], [ 28.7027766, 47.1276279 ], [ 28.7027763, 47.1276278 ], [ 28.7027397, 47.1276126 ], [ 28.7027394, 47.1276125 ], [ 28.7027393, 47.1276127 ], [ 28.7026985, 47.1276586 ], [ 28.7026983, 47.1276587 ], [ 28.7026976, 47.1276596 ], [ 28.7026974, 47.1276599 ], [ 28.7026968, 47.1276608 ], [ 28.7026967, 47.127661 ], [ 28.7026883, 47.1276756 ], [ 28.7026878, 47.1276763 ], [ 28.7026872, 47.1276771 ], [ 28.7026864, 47.1276778 ], [ 28.7026856, 47.1276785 ], [ 28.7026847, 47.1276791 ], [ 28.7026837, 47.1276796 ], [ 28.7026826, 47.1276801 ], [ 28.7026814, 47.1276805 ], [ 28.7026802, 47.1276808 ], [ 28.702679, 47.127681 ], [ 28.7026777, 47.1276812 ], [ 28.7026765, 47.1276813 ], [ 28.7026752, 47.1276812 ], [ 28.7026739, 47.1276811 ], [ 28.7026727, 47.127681 ], [ 28.7026715, 47.1276807 ], [ 28.7026703, 47.1276803 ], [ 28.7026692, 47.1276799 ], [ 28.702643, 47.127669 ], [ 28.7026428, 47.1276689 ], [ 28.7026426, 47.127669 ], [ 28.7026125, 47.1277025 ], [ 28.7026118, 47.1277032 ] ], [ [ 28.7020953, 47.1279585 ], [ 28.7020942, 47.127959 ], [ 28.702093, 47.1279594 ], [ 28.7020918, 47.1279597 ], [ 28.7020906, 47.12796 ], [ 28.7020893, 47.1279601 ], [ 28.702088, 47.1279602 ], [ 28.7020867, 47.1279602 ], [ 28.7020854, 47.1279601 ], [ 28.7020842, 47.1279599 ], [ 28.7020829, 47.1279596 ], [ 28.7020818, 47.1279593 ], [ 28.7020806, 47.1279589 ], [ 28.7020796, 47.1279584 ], [ 28.7020786, 47.1279578 ], [ 28.7020777, 47.1279572 ], [ 28.7020769, 47.1279565 ], [ 28.7020762, 47.1279557 ], [ 28.7020756, 47.1279549 ], [ 28.7020751, 47.1279541 ], [ 28.7020748, 47.1279533 ], [ 28.7020745, 47.1279524 ], [ 28.7020744, 47.1279515 ], [ 28.7020744, 47.1279506 ], [ 28.7020746, 47.1279498 ], [ 28.7020749, 47.1279489 ], [ 28.7020753, 47.1279481 ], [ 28.7020758, 47.1279473 ], [ 28.7020764, 47.1279465 ], [ 28.7020863, 47.1279356 ], [ 28.7020871, 47.1279348 ], [ 28.7020879, 47.1279341 ], [ 28.7020889, 47.1279335 ], [ 28.70209, 47.1279329 ], [ 28.7020911, 47.1279325 ], [ 28.7020923, 47.127932 ], [ 28.7020935, 47.1279317 ], [ 28.7020948, 47.1279315 ], [ 28.7020961, 47.1279314 ], [ 28.7020974, 47.1279313 ], [ 28.7020988, 47.1279313 ], [ 28.7021001, 47.1279315 ], [ 28.7021014, 47.1279317 ], [ 28.7021026, 47.127932 ], [ 28.7021038, 47.1279324 ], [ 28.7021055, 47.127933 ], [ 28.7021066, 47.1279335 ], [ 28.7021076, 47.127934 ], [ 28.7021085, 47.1279346 ], [ 28.7021094, 47.1279352 ], [ 28.7021101, 47.1279359 ], [ 28.7021108, 47.1279366 ], [ 28.7021113, 47.1279374 ], [ 28.7021118, 47.1279382 ], [ 28.7021121, 47.1279391 ], [ 28.7021123, 47.1279399 ], [ 28.7021124, 47.1279408 ], [ 28.7021124, 47.1279416 ], [ 28.7021122, 47.1279425 ], [ 28.7021119, 47.1279433 ], [ 28.7021115, 47.1279442 ], [ 28.702111, 47.1279449 ], [ 28.7021104, 47.1279457 ], [ 28.7021097, 47.1279464 ], [ 28.702098, 47.1279567 ], [ 28.7020972, 47.1279574 ], [ 28.7020963, 47.127958 ], [ 28.7020953, 47.1279585 ] ], [ [ 28.7019436, 47.1267974 ], [ 28.7019424, 47.1267973 ], [ 28.7019413, 47.1267971 ], [ 28.7019401, 47.1267968 ], [ 28.701939, 47.1267965 ], [ 28.701938, 47.126796 ], [ 28.7019242, 47.1267901 ], [ 28.7019232, 47.1267896 ], [ 28.7019222, 47.1267891 ], [ 28.7019213, 47.1267884 ], [ 28.7019205, 47.1267878 ], [ 28.7019198, 47.126787 ], [ 28.7019193, 47.1267862 ], [ 28.7019188, 47.1267854 ], [ 28.7019184, 47.1267846 ], [ 28.7019182, 47.1267837 ], [ 28.7019181, 47.1267829 ], [ 28.7019181, 47.126782 ], [ 28.7019182, 47.1267811 ], [ 28.7019185, 47.1267803 ], [ 28.7019189, 47.1267795 ], [ 28.7019194, 47.1267786 ], [ 28.7019268, 47.126768 ], [ 28.7019274, 47.1267672 ], [ 28.7019281, 47.1267665 ], [ 28.7019289, 47.1267658 ], [ 28.7019298, 47.1267652 ], [ 28.7019308, 47.1267647 ], [ 28.7019318, 47.1267642 ], [ 28.7019329, 47.1267638 ], [ 28.7019341, 47.1267634 ], [ 28.7019353, 47.1267632 ], [ 28.7019366, 47.126763 ], [ 28.7019378, 47.1267629 ], [ 28.7019391, 47.1267629 ], [ 28.7019403, 47.1267629 ], [ 28.7019416, 47.1267631 ], [ 28.7019428, 47.1267633 ], [ 28.701944, 47.1267636 ], [ 28.7019451, 47.126764 ], [ 28.7019462, 47.1267645 ], [ 28.7019465, 47.1267646 ], [ 28.7019471, 47.1267649 ], [ 28.7019827, 47.12678 ], [ 28.7019838, 47.1267805 ], [ 28.7019848, 47.1267811 ], [ 28.7019857, 47.1267818 ], [ 28.7019865, 47.1267825 ], [ 28.7019872, 47.1267833 ], [ 28.7019878, 47.1267841 ], [ 28.7019883, 47.126785 ], [ 28.7019886, 47.1267859 ], [ 28.7019888, 47.1267868 ], [ 28.7019889, 47.1267877 ], [ 28.7019888, 47.1267886 ], [ 28.7019886, 47.1267895 ], [ 28.7019883, 47.1267904 ], [ 28.7019878, 47.1267912 ], [ 28.701982, 47.1268004 ], [ 28.7019814, 47.1268012 ], [ 28.7019808, 47.1268019 ], [ 28.70198, 47.1268026 ], [ 28.7019792, 47.1268032 ], [ 28.7019782, 47.1268038 ], [ 28.7019772, 47.1268043 ], [ 28.7019761, 47.1268048 ], [ 28.701975, 47.1268051 ], [ 28.7019738, 47.1268054 ], [ 28.7019726, 47.1268056 ], [ 28.7019713, 47.1268058 ], [ 28.7019701, 47.1268058 ], [ 28.7019688, 47.1268058 ], [ 28.7019676, 47.1268057 ], [ 28.7019663, 47.1268055 ], [ 28.7019651, 47.1268052 ], [ 28.701964, 47.1268049 ], [ 28.7019629, 47.1268045 ], [ 28.7019466, 47.1267975 ], [ 28.7019463, 47.1267974 ], [ 28.701946, 47.1267974 ], [ 28.7019448, 47.1267974 ], [ 28.7019436, 47.1267974 ] ], [ [ 28.7017108, 47.1267955 ], [ 28.7017098, 47.1267961 ], [ 28.7017087, 47.1267966 ], [ 28.7017076, 47.126797 ], [ 28.7017064, 47.1267973 ], [ 28.7017052, 47.1267976 ], [ 28.7017039, 47.1267977 ], [ 28.7017027, 47.1267978 ], [ 28.7017014, 47.1267978 ], [ 28.7017001, 47.1267978 ], [ 28.7016988, 47.1267976 ], [ 28.7016976, 47.1267973 ], [ 28.7016964, 47.126797 ], [ 28.7016953, 47.1267966 ], [ 28.701686, 47.1267929 ], [ 28.7016849, 47.1267924 ], [ 28.7016839, 47.1267919 ], [ 28.701683, 47.1267912 ], [ 28.7016821, 47.1267905 ], [ 28.7016814, 47.1267898 ], [ 28.7016808, 47.126789 ], [ 28.7016803, 47.1267882 ], [ 28.7016799, 47.1267873 ], [ 28.7016796, 47.1267864 ], [ 28.7016795, 47.1267855 ], [ 28.7016795, 47.1267846 ], [ 28.7016797, 47.1267838 ], [ 28.7016799, 47.1267829 ], [ 28.7016803, 47.126782 ], [ 28.7016808, 47.1267812 ], [ 28.7016815, 47.1267804 ], [ 28.7016938, 47.1267669 ], [ 28.701694, 47.1267667 ], [ 28.7017016, 47.1267588 ], [ 28.7017024, 47.126758 ], [ 28.7017033, 47.1267574 ], [ 28.7017042, 47.1267567 ], [ 28.7017053, 47.1267562 ], [ 28.7017064, 47.1267558 ], [ 28.7017076, 47.1267554 ], [ 28.7017089, 47.1267551 ], [ 28.7017102, 47.1267549 ], [ 28.7017115, 47.1267547 ], [ 28.7017128, 47.1267547 ], [ 28.7017141, 47.1267548 ], [ 28.7017154, 47.1267549 ], [ 28.7017167, 47.1267551 ], [ 28.7017179, 47.1267555 ], [ 28.7017191, 47.1267559 ], [ 28.7017272, 47.126759 ], [ 28.7017283, 47.1267595 ], [ 28.7017293, 47.12676 ], [ 28.7017302, 47.1267606 ], [ 28.7017311, 47.1267613 ], [ 28.7017318, 47.126762 ], [ 28.7017324, 47.1267627 ], [ 28.701733, 47.1267636 ], [ 28.7017334, 47.1267644 ], [ 28.7017337, 47.1267652 ], [ 28.7017338, 47.1267661 ], [ 28.7017339, 47.126767 ], [ 28.7017338, 47.1267679 ], [ 28.7017336, 47.1267687 ], [ 28.7017332, 47.1267696 ], [ 28.7017328, 47.1267704 ], [ 28.7017322, 47.1267712 ], [ 28.7017239, 47.1267813 ], [ 28.7017237, 47.1267816 ], [ 28.7017132, 47.1267935 ], [ 28.7017125, 47.1267942 ], [ 28.7017117, 47.1267949 ], [ 28.7017108, 47.1267955 ] ], [ [ 28.702899, 47.1285896 ], [ 28.7028993, 47.1285897 ], [ 28.7028994, 47.1285895 ], [ 28.7029153, 47.1285663 ], [ 28.7029153, 47.1285663 ], [ 28.7029165, 47.1285659 ], [ 28.7029176, 47.1285656 ], [ 28.7029189, 47.1285654 ], [ 28.7029201, 47.1285652 ], [ 28.7029214, 47.1285651 ], [ 28.7029227, 47.1285651 ], [ 28.7029239, 47.1285652 ], [ 28.7029252, 47.1285654 ], [ 28.7029264, 47.1285657 ], [ 28.7029319, 47.1285671 ], [ 28.7029331, 47.1285674 ], [ 28.7029343, 47.1285678 ], [ 28.7029354, 47.1285683 ], [ 28.7029364, 47.1285689 ], [ 28.7029373, 47.1285695 ], [ 28.7029381, 47.1285702 ], [ 28.7029388, 47.128571 ], [ 28.7029394, 47.1285718 ], [ 28.7029399, 47.1285726 ], [ 28.7029403, 47.1285735 ], [ 28.7029405, 47.1285744 ], [ 28.7029406, 47.1285753 ], [ 28.7029406, 47.1285762 ], [ 28.7029404, 47.1285771 ], [ 28.7029401, 47.1285779 ], [ 28.7029397, 47.1285788 ], [ 28.7029148, 47.1286223 ], [ 28.7029148, 47.1286224 ], [ 28.7028657, 47.1287055 ], [ 28.7028656, 47.1287057 ], [ 28.7028349, 47.1287545 ], [ 28.7028344, 47.1287553 ], [ 28.7028337, 47.128756 ], [ 28.7028329, 47.1287567 ], [ 28.702832, 47.1287574 ], [ 28.7028311, 47.128758 ], [ 28.7028301, 47.1287585 ], [ 28.702829, 47.1287589 ], [ 28.7028278, 47.1287593 ], [ 28.7028266, 47.1287596 ], [ 28.7028254, 47.1287598 ], [ 28.7028241, 47.1287599 ], [ 28.7028228, 47.12876 ], [ 28.7028215, 47.1287599 ], [ 28.7028203, 47.1287598 ], [ 28.702819, 47.1287596 ], [ 28.7028178, 47.1287593 ], [ 28.7028133, 47.128758 ], [ 28.7028121, 47.1287576 ], [ 28.702811, 47.1287572 ], [ 28.7028099, 47.1287567 ], [ 28.702809, 47.1287561 ], [ 28.7028081, 47.1287554 ], [ 28.7028073, 47.1287547 ], [ 28.7028067, 47.128754 ], [ 28.7028061, 47.1287532 ], [ 28.7028056, 47.1287524 ], [ 28.7028053, 47.1287515 ], [ 28.7028051, 47.1287506 ], [ 28.7028051, 47.1287497 ], [ 28.7028051, 47.1287489 ], [ 28.7028053, 47.128748 ], [ 28.7028056, 47.1287471 ], [ 28.702806, 47.1287463 ], [ 28.7028826, 47.1286178 ], [ 28.7028827, 47.1286177 ], [ 28.7028989, 47.1285896 ], [ 28.702899, 47.1285896 ] ], [ [ 28.7029923, 47.128423 ], [ 28.7029924, 47.1284229 ], [ 28.7029929, 47.1284223 ], [ 28.702993, 47.1284221 ], [ 28.7030277, 47.1283743 ], [ 28.7030281, 47.1283738 ], [ 28.7030954, 47.1282945 ], [ 28.7031016, 47.1282963 ], [ 28.7031019, 47.1282964 ], [ 28.7031022, 47.1282964 ], [ 28.7031036, 47.1282965 ], [ 28.703105, 47.1282967 ], [ 28.7031063, 47.128297 ], [ 28.7031271, 47.1283026 ], [ 28.7031283, 47.128303 ], [ 28.7031295, 47.1283034 ], [ 28.7031305, 47.1283039 ], [ 28.7031315, 47.1283045 ], [ 28.7031324, 47.1283052 ], [ 28.7031332, 47.1283059 ], [ 28.7031339, 47.1283067 ], [ 28.7031345, 47.1283075 ], [ 28.7031349, 47.1283084 ], [ 28.7031352, 47.1283093 ], [ 28.7031354, 47.1283102 ], [ 28.7031355, 47.1283111 ], [ 28.7031354, 47.128312 ], [ 28.7031352, 47.1283129 ], [ 28.7031301, 47.1283287 ], [ 28.7031301, 47.1283289 ], [ 28.7031244, 47.128345 ], [ 28.7031239, 47.1283461 ], [ 28.7031221, 47.1283492 ], [ 28.7031221, 47.1283494 ], [ 28.7031223, 47.1283495 ], [ 28.7031563, 47.1283583 ], [ 28.7031565, 47.1283584 ], [ 28.7031567, 47.1283582 ], [ 28.7031591, 47.1283539 ], [ 28.7031592, 47.1283537 ], [ 28.7031598, 47.1283524 ], [ 28.7031599, 47.1283521 ], [ 28.7031636, 47.1283418 ], [ 28.7031639, 47.1283409 ], [ 28.7031644, 47.1283401 ], [ 28.703165, 47.1283393 ], [ 28.7031658, 47.1283385 ], [ 28.7031666, 47.1283379 ], [ 28.7031676, 47.1283372 ], [ 28.7031686, 47.1283366 ], [ 28.7031697, 47.1283361 ], [ 28.7031709, 47.1283357 ], [ 28.7031721, 47.1283354 ], [ 28.7031734, 47.1283351 ], [ 28.7031747, 47.128335 ], [ 28.703176, 47.1283349 ], [ 28.7031773, 47.1283349 ], [ 28.7031786, 47.128335 ], [ 28.7031799, 47.1283352 ], [ 28.7031812, 47.1283355 ], [ 28.7031876, 47.1283373 ], [ 28.7031879, 47.1283373 ], [ 28.703188, 47.1283371 ], [ 28.7031913, 47.1283314 ], [ 28.7031918, 47.1283306 ], [ 28.7031925, 47.1283299 ], [ 28.7031932, 47.1283292 ], [ 28.703194, 47.1283285 ], [ 28.703195, 47.1283279 ], [ 28.703196, 47.1283274 ], [ 28.703197, 47.1283269 ], [ 28.7031982, 47.1283265 ], [ 28.7031993, 47.1283262 ], [ 28.7032006, 47.1283259 ], [ 28.7032018, 47.1283258 ], [ 28.7032031, 47.1283257 ], [ 28.7032043, 47.1283257 ], [ 28.7032056, 47.1283258 ], [ 28.7032068, 47.128326 ], [ 28.7032081, 47.1283262 ], [ 28.7032143, 47.1283278 ], [ 28.7032155, 47.1283281 ], [ 28.7032166, 47.1283285 ], [ 28.7032177, 47.128329 ], [ 28.7032187, 47.1283296 ], [ 28.7032196, 47.1283302 ], [ 28.7032204, 47.1283309 ], [ 28.7032212, 47.1283316 ], [ 28.7032218, 47.1283324 ], [ 28.7032223, 47.1283332 ], [ 28.7032226, 47.128334 ], [ 28.7032229, 47.1283349 ], [ 28.703223, 47.1283358 ], [ 28.703223, 47.1283367 ], [ 28.7032229, 47.1283375 ], [ 28.7032226, 47.1283384 ], [ 28.7032223, 47.1283392 ], [ 28.7032073, 47.1283679 ], [ 28.7032072, 47.1283681 ], [ 28.7032075, 47.1283682 ], [ 28.7032417, 47.1283765 ], [ 28.703242, 47.1283766 ], [ 28.7032421, 47.1283764 ], [ 28.7032468, 47.1283674 ], [ 28.7032473, 47.1283666 ], [ 28.7032479, 47.1283658 ], [ 28.7032486, 47.1283651 ], [ 28.7032495, 47.1283644 ], [ 28.7032504, 47.1283637 ], [ 28.7032514, 47.1283632 ], [ 28.7032515, 47.1283631 ], [ 28.7032514, 47.128363 ], [ 28.7032512, 47.1283621 ], [ 28.7032511, 47.1283612 ], [ 28.7032511, 47.1283604 ], [ 28.7032512, 47.1283595 ], [ 28.7032515, 47.1283586 ], [ 28.7032518, 47.1283578 ], [ 28.7032577, 47.1283466 ], [ 28.7032582, 47.1283457 ], [ 28.7032588, 47.128345 ], [ 28.7032595, 47.1283442 ], [ 28.7032604, 47.1283435 ], [ 28.7032613, 47.1283429 ], [ 28.7032623, 47.1283423 ], [ 28.7032635, 47.1283418 ], [ 28.7032646, 47.1283414 ], [ 28.7032658, 47.1283411 ], [ 28.7032671, 47.1283408 ], [ 28.7032684, 47.1283407 ], [ 28.7032697, 47.1283406 ], [ 28.703271, 47.1283406 ], [ 28.7032723, 47.1283407 ], [ 28.7032736, 47.1283409 ], [ 28.7032749, 47.1283412 ], [ 28.7032755, 47.1283414 ], [ 28.7032767, 47.1283417 ], [ 28.7032778, 47.1283422 ], [ 28.7032789, 47.1283427 ], [ 28.7032798, 47.1283433 ], [ 28.7032807, 47.1283439 ], [ 28.7032815, 47.1283446 ], [ 28.7032822, 47.1283454 ], [ 28.7032828, 47.1283462 ], [ 28.7032833, 47.128347 ], [ 28.7032836, 47.1283478 ], [ 28.7032838, 47.1283487 ], [ 28.7032839, 47.1283496 ], [ 28.7032838, 47.1283505 ], [ 28.7032837, 47.1283513 ], [ 28.7032811, 47.1283562 ], [ 28.7032765, 47.1283641 ], [ 28.703276, 47.1283649 ], [ 28.7032753, 47.1283657 ], [ 28.7032746, 47.1283664 ], [ 28.7032737, 47.1283671 ], [ 28.7032728, 47.1283677 ], [ 28.703272, 47.1283681 ], [ 28.703272, 47.1283681 ], [ 28.7032723, 47.128369 ], [ 28.7032724, 47.1283699 ], [ 28.7032724, 47.1283708 ], [ 28.7032724, 47.1283712 ], [ 28.7032727, 47.1283713 ], [ 28.7032732, 47.1283714 ], [ 28.703263, 47.1283912 ], [ 28.7032628, 47.1283914 ], [ 28.7032123, 47.1284804 ], [ 28.7032118, 47.1284812 ], [ 28.7032111, 47.128482 ], [ 28.7032104, 47.1284827 ], [ 28.7032095, 47.1284834 ], [ 28.7032086, 47.128484 ], [ 28.7032075, 47.1284846 ], [ 28.7032064, 47.128485 ], [ 28.7032052, 47.1284854 ], [ 28.703204, 47.1284857 ], [ 28.7032028, 47.128486 ], [ 28.7032015, 47.1284861 ], [ 28.7032002, 47.1284862 ], [ 28.7031988, 47.1284861 ], [ 28.7031976, 47.128486 ], [ 28.7031963, 47.1284858 ], [ 28.703195, 47.1284855 ], [ 28.7031897, 47.128484 ], [ 28.7031886, 47.1284836 ], [ 28.7031875, 47.1284832 ], [ 28.7031864, 47.1284827 ], [ 28.7031855, 47.1284821 ], [ 28.7031846, 47.1284815 ], [ 28.7031838, 47.1284808 ], [ 28.7031832, 47.12848 ], [ 28.7031826, 47.1284792 ], [ 28.7031822, 47.1284784 ], [ 28.7031818, 47.1284776 ], [ 28.7031816, 47.1284767 ], [ 28.7031815, 47.1284759 ], [ 28.7031816, 47.128475 ], [ 28.7031817, 47.1284741 ], [ 28.703182, 47.1284733 ], [ 28.7031824, 47.1284724 ], [ 28.7032136, 47.1284171 ], [ 28.7032137, 47.1284169 ], [ 28.7032134, 47.1284168 ], [ 28.7031956, 47.1284121 ], [ 28.7031945, 47.1284118 ], [ 28.7031934, 47.1284114 ], [ 28.7031924, 47.1284109 ], [ 28.7031914, 47.1284103 ], [ 28.7031905, 47.1284097 ], [ 28.7031897, 47.1284091 ], [ 28.7031891, 47.1284084 ], [ 28.7031885, 47.1284076 ], [ 28.703188, 47.1284068 ], [ 28.7031876, 47.128406 ], [ 28.7031874, 47.1284052 ], [ 28.7031872, 47.1284043 ], [ 28.7031872, 47.1284034 ], [ 28.7031873, 47.1284026 ], [ 28.7031873, 47.1284026 ], [ 28.703187, 47.1284025 ], [ 28.7031532, 47.1283935 ], [ 28.7031529, 47.1283934 ], [ 28.7031528, 47.1283936 ], [ 28.7031111, 47.1284663 ], [ 28.7031106, 47.1284671 ], [ 28.70311, 47.1284678 ], [ 28.7031092, 47.1284685 ], [ 28.7031084, 47.1284692 ], [ 28.7031075, 47.1284698 ], [ 28.7031064, 47.1284703 ], [ 28.7031054, 47.1284708 ], [ 28.7031042, 47.1284712 ], [ 28.703103, 47.1284715 ], [ 28.7031018, 47.1284717 ], [ 28.7031005, 47.1284719 ], [ 28.7030992, 47.128472 ], [ 28.703098, 47.128472 ], [ 28.7030967, 47.1284718 ], [ 28.7030954, 47.1284717 ], [ 28.7030942, 47.1284714 ], [ 28.7030816, 47.1284681 ], [ 28.7030806, 47.1284679 ], [ 28.70308, 47.1284677 ], [ 28.7030796, 47.1284675 ], [ 28.7030458, 47.1284584 ], [ 28.7030455, 47.1284583 ], [ 28.7030453, 47.1284585 ], [ 28.7029989, 47.1285387 ], [ 28.7029984, 47.1285395 ], [ 28.7029977, 47.1285402 ], [ 28.702997, 47.1285409 ], [ 28.7029961, 47.1285416 ], [ 28.7029952, 47.1285422 ], [ 28.7029942, 47.1285427 ], [ 28.7029931, 47.1285432 ], [ 28.7029919, 47.1285436 ], [ 28.7029907, 47.1285439 ], [ 28.7029895, 47.1285441 ], [ 28.7029882, 47.1285443 ], [ 28.7029869, 47.1285443 ], [ 28.7029856, 47.1285443 ], [ 28.7029843, 47.1285442 ], [ 28.7029831, 47.128544 ], [ 28.7029818, 47.1285437 ], [ 28.7029778, 47.1285426 ], [ 28.7029766, 47.1285423 ], [ 28.7029755, 47.1285418 ], [ 28.7029744, 47.1285413 ], [ 28.7029734, 47.1285407 ], [ 28.7029725, 47.1285401 ], [ 28.7029717, 47.1285394 ], [ 28.702971, 47.1285387 ], [ 28.7029705, 47.1285379 ], [ 28.70297, 47.128537 ], [ 28.7029697, 47.1285362 ], [ 28.7029695, 47.1285353 ], [ 28.7029694, 47.1285344 ], [ 28.7029694, 47.1285335 ], [ 28.7029696, 47.1285327 ], [ 28.7029699, 47.1285318 ], [ 28.7029703, 47.128531 ], [ 28.7029924, 47.1284927 ], [ 28.7029925, 47.1284925 ], [ 28.7029922, 47.1284924 ], [ 28.7029601, 47.1284838 ], [ 28.7029596, 47.1284836 ], [ 28.7029594, 47.1284835 ], [ 28.7029449, 47.1284797 ], [ 28.7029923, 47.128423 ] ], [ [ 28.7025067, 47.1286111 ], [ 28.7025056, 47.1286106 ], [ 28.7025045, 47.1286101 ], [ 28.7025036, 47.1286094 ], [ 28.7025028, 47.1286087 ], [ 28.702502, 47.128608 ], [ 28.7025014, 47.1286072 ], [ 28.7025009, 47.1286063 ], [ 28.7025005, 47.1286055 ], [ 28.7025003, 47.1286046 ], [ 28.7025002, 47.1286037 ], [ 28.7025002, 47.1286028 ], [ 28.7025003, 47.1286019 ], [ 28.7025006, 47.128601 ], [ 28.702501, 47.1286002 ], [ 28.7025016, 47.1285993 ], [ 28.7025136, 47.1285829 ], [ 28.7025137, 47.1285827 ], [ 28.7025145, 47.1285816 ], [ 28.7025146, 47.1285814 ], [ 28.7025529, 47.1285132 ], [ 28.702553, 47.128513 ], [ 28.7025527, 47.1285129 ], [ 28.702533, 47.1285078 ], [ 28.7025318, 47.1285074 ], [ 28.7025307, 47.128507 ], [ 28.7025296, 47.1285065 ], [ 28.7025287, 47.1285059 ], [ 28.7025278, 47.1285053 ], [ 28.702527, 47.1285046 ], [ 28.7025263, 47.1285039 ], [ 28.7025257, 47.1285031 ], [ 28.7025252, 47.1285023 ], [ 28.7025249, 47.1285014 ], [ 28.7025246, 47.1285006 ], [ 28.7025245, 47.1284997 ], [ 28.7025246, 47.1284988 ], [ 28.7025247, 47.1284979 ], [ 28.702525, 47.1284971 ], [ 28.7025254, 47.1284962 ], [ 28.7025259, 47.1284954 ], [ 28.7025275, 47.1284932 ], [ 28.7025275, 47.1284931 ], [ 28.7025279, 47.1284926 ], [ 28.702528, 47.1284925 ], [ 28.7025385, 47.1284759 ], [ 28.7025386, 47.1284758 ], [ 28.7025388, 47.1284753 ], [ 28.7025389, 47.1284752 ], [ 28.7025663, 47.1284265 ], [ 28.7025668, 47.1284258 ], [ 28.7025675, 47.128425 ], [ 28.7025682, 47.1284243 ], [ 28.702569, 47.1284236 ], [ 28.7025699, 47.128423 ], [ 28.7025709, 47.1284225 ], [ 28.7025719, 47.128422 ], [ 28.7025731, 47.1284216 ], [ 28.7025742, 47.1284213 ], [ 28.7025754, 47.128421 ], [ 28.7025767, 47.1284209 ], [ 28.7025779, 47.1284208 ], [ 28.7025792, 47.1284208 ], [ 28.7025804, 47.1284209 ], [ 28.7025817, 47.128421 ], [ 28.7025829, 47.1284213 ], [ 28.7025841, 47.1284216 ], [ 28.7025852, 47.128422 ], [ 28.702621, 47.128436 ], [ 28.7026213, 47.1284361 ], [ 28.7026215, 47.1284359 ], [ 28.7026301, 47.1284257 ], [ 28.7026307, 47.128425 ], [ 28.7026315, 47.1284243 ], [ 28.7026324, 47.1284237 ], [ 28.7026334, 47.1284231 ], [ 28.7026344, 47.1284226 ], [ 28.7026356, 47.1284222 ], [ 28.7026367, 47.1284218 ], [ 28.7026379, 47.1284216 ], [ 28.7026392, 47.1284214 ], [ 28.7026404, 47.1284212 ], [ 28.7026417, 47.1284212 ], [ 28.702643, 47.1284213 ], [ 28.7026443, 47.1284214 ], [ 28.7026455, 47.1284216 ], [ 28.7026467, 47.128422 ], [ 28.7026478, 47.1284223 ], [ 28.7026618, 47.1284276 ], [ 28.7026621, 47.1284277 ], [ 28.7026626, 47.1284275 ], [ 28.7026638, 47.1284272 ], [ 28.702665, 47.128427 ], [ 28.7026662, 47.1284268 ], [ 28.7026675, 47.1284267 ], [ 28.7026687, 47.1284267 ], [ 28.70267, 47.1284268 ], [ 28.7026712, 47.128427 ], [ 28.7026725, 47.1284272 ], [ 28.7026736, 47.1284276 ], [ 28.7026748, 47.128428 ], [ 28.7026853, 47.1284322 ], [ 28.7026856, 47.1284323 ], [ 28.7026858, 47.1284321 ], [ 28.7027548, 47.1283517 ], [ 28.7027556, 47.128351 ], [ 28.7027564, 47.1283503 ], [ 28.7027573, 47.1283496 ], [ 28.7027583, 47.1283491 ], [ 28.7027594, 47.1283486 ], [ 28.7027606, 47.1283481 ], [ 28.7027618, 47.1283478 ], [ 28.7027631, 47.1283475 ], [ 28.7027643, 47.1283474 ], [ 28.7027657, 47.1283473 ], [ 28.702767, 47.1283473 ], [ 28.7027683, 47.1283474 ], [ 28.7027696, 47.1283476 ], [ 28.7027708, 47.1283478 ], [ 28.702772, 47.1283482 ], [ 28.7027732, 47.1283486 ], [ 28.7027818, 47.1283523 ], [ 28.7027828, 47.1283528 ], [ 28.7027838, 47.1283533 ], [ 28.7027847, 47.128354 ], [ 28.7027855, 47.1283547 ], [ 28.7027858, 47.128355 ], [ 28.7027861, 47.1283547 ], [ 28.7027863, 47.1283546 ], [ 28.7027867, 47.1283544 ], [ 28.7027869, 47.1283542 ], [ 28.7028366, 47.1282996 ], [ 28.7028373, 47.1282989 ], [ 28.7028382, 47.1282982 ], [ 28.7028391, 47.1282976 ], [ 28.70284, 47.1282971 ], [ 28.7028411, 47.1282966 ], [ 28.7028422, 47.1282962 ], [ 28.7028434, 47.1282959 ], [ 28.7028446, 47.1282956 ], [ 28.7028458, 47.1282955 ], [ 28.7028471, 47.1282954 ], [ 28.7028483, 47.1282954 ], [ 28.7028496, 47.1282954 ], [ 28.7028508, 47.1282956 ], [ 28.702852, 47.1282958 ], [ 28.7028532, 47.1282961 ], [ 28.7028543, 47.1282965 ], [ 28.7028583, 47.1282981 ], [ 28.7028595, 47.1282986 ], [ 28.7028606, 47.1282992 ], [ 28.7028616, 47.1282999 ], [ 28.7028623, 47.1283005 ], [ 28.7028624, 47.1283006 ], [ 28.7028627, 47.1283007 ], [ 28.702877, 47.128306 ], [ 28.7028782, 47.1283065 ], [ 28.7028792, 47.1283071 ], [ 28.7028802, 47.1283077 ], [ 28.7028811, 47.1283084 ], [ 28.7028818, 47.1283091 ], [ 28.7028825, 47.1283099 ], [ 28.702883, 47.1283107 ], [ 28.7028834, 47.1283116 ], [ 28.7028837, 47.1283125 ], [ 28.7028839, 47.1283134 ], [ 28.7028839, 47.1283143 ], [ 28.7028838, 47.1283152 ], [ 28.7028835, 47.1283161 ], [ 28.7028831, 47.1283169 ], [ 28.7028826, 47.1283178 ], [ 28.702882, 47.1283186 ], [ 28.7028685, 47.128334 ], [ 28.7028683, 47.1283342 ], [ 28.7028686, 47.1283343 ], [ 28.7028882, 47.1283423 ], [ 28.7028884, 47.1283424 ], [ 28.702907, 47.1283503 ], [ 28.7029081, 47.1283508 ], [ 28.702909, 47.1283514 ], [ 28.7029099, 47.128352 ], [ 28.7029107, 47.1283527 ], [ 28.7029114, 47.1283534 ], [ 28.702912, 47.1283541 ], [ 28.7029125, 47.1283549 ], [ 28.7029128, 47.1283558 ], [ 28.7029131, 47.1283566 ], [ 28.7029132, 47.1283575 ], [ 28.7029132, 47.1283583 ], [ 28.7029131, 47.1283592 ], [ 28.7029129, 47.12836 ], [ 28.7029125, 47.1283609 ], [ 28.7029121, 47.1283617 ], [ 28.7029115, 47.1283624 ], [ 28.7028718, 47.1284097 ], [ 28.7028711, 47.1284104 ], [ 28.7028704, 47.1284111 ], [ 28.7028695, 47.1284117 ], [ 28.7028685, 47.1284123 ], [ 28.7028675, 47.1284128 ], [ 28.7028664, 47.1284132 ], [ 28.7028652, 47.1284136 ], [ 28.702864, 47.1284139 ], [ 28.7028628, 47.1284141 ], [ 28.7028615, 47.1284142 ], [ 28.7028602, 47.1284142 ], [ 28.702859, 47.1284142 ], [ 28.7028577, 47.128414 ], [ 28.7028565, 47.1284138 ], [ 28.7028553, 47.1284135 ], [ 28.7028541, 47.1284131 ], [ 28.702853, 47.1284127 ], [ 28.702852, 47.1284122 ], [ 28.7028512, 47.1284116 ], [ 28.7028511, 47.1284116 ], [ 28.7028508, 47.1284115 ], [ 28.7028431, 47.1284083 ], [ 28.702842, 47.1284078 ], [ 28.7028409, 47.1284072 ], [ 28.70284, 47.1284066 ], [ 28.7028392, 47.1284059 ], [ 28.7028384, 47.1284051 ], [ 28.7028378, 47.1284043 ], [ 28.7028373, 47.1284034 ], [ 28.702837, 47.1284026 ], [ 28.7028367, 47.1284017 ], [ 28.7028367, 47.1284007 ], [ 28.7028367, 47.1283998 ], [ 28.7028369, 47.1283989 ], [ 28.7028372, 47.128398 ], [ 28.7028376, 47.1283972 ], [ 28.7028382, 47.1283964 ], [ 28.7028422, 47.1283913 ], [ 28.7028423, 47.1283911 ], [ 28.702842, 47.128391 ], [ 28.7028267, 47.1283854 ], [ 28.7028256, 47.128385 ], [ 28.7028246, 47.1283845 ], [ 28.7028237, 47.1283839 ], [ 28.7028228, 47.1283833 ], [ 28.7028221, 47.1283826 ], [ 28.7028214, 47.1283819 ], [ 28.7028212, 47.1283817 ], [ 28.702821, 47.1283814 ], [ 28.7028208, 47.1283813 ], [ 28.7027888, 47.128369 ], [ 28.7027877, 47.1283686 ], [ 28.7027867, 47.128368 ], [ 28.7027857, 47.1283674 ], [ 28.7027849, 47.1283667 ], [ 28.7027843, 47.1283662 ], [ 28.7027834, 47.1283667 ], [ 28.7027832, 47.1283669 ], [ 28.702783, 47.1283671 ], [ 28.7027215, 47.1284416 ], [ 28.7027214, 47.1284418 ], [ 28.7027216, 47.1284419 ], [ 28.702759, 47.1284563 ], [ 28.7027592, 47.1284564 ], [ 28.7027594, 47.1284562 ], [ 28.7027843, 47.128426 ], [ 28.702785, 47.1284252 ], [ 28.7027858, 47.1284245 ], [ 28.7027867, 47.1284239 ], [ 28.7027877, 47.1284233 ], [ 28.7027888, 47.1284228 ], [ 28.7027899, 47.1284223 ], [ 28.7027911, 47.128422 ], [ 28.7027924, 47.1284217 ], [ 28.7027937, 47.1284215 ], [ 28.702795, 47.1284214 ], [ 28.7027963, 47.1284214 ], [ 28.7027976, 47.1284215 ], [ 28.7027989, 47.1284217 ], [ 28.7028002, 47.1284219 ], [ 28.7028014, 47.1284223 ], [ 28.7028025, 47.1284227 ], [ 28.7028118, 47.1284265 ], [ 28.7028121, 47.1284266 ], [ 28.7028121, 47.1284266 ], [ 28.7028349, 47.1284362 ], [ 28.702836, 47.1284368 ], [ 28.702837, 47.1284374 ], [ 28.7028379, 47.128438 ], [ 28.7028387, 47.1284387 ], [ 28.7028394, 47.1284395 ], [ 28.70284, 47.1284403 ], [ 28.7028405, 47.1284412 ], [ 28.7028408, 47.128442 ], [ 28.702841, 47.1284429 ], [ 28.7028411, 47.1284439 ], [ 28.702841, 47.1284448 ], [ 28.7028408, 47.1284457 ], [ 28.7028405, 47.1284465 ], [ 28.7028401, 47.1284474 ], [ 28.7028395, 47.1284482 ], [ 28.7028394, 47.1284484 ], [ 28.7028393, 47.1284485 ], [ 28.7028271, 47.1284643 ], [ 28.702827, 47.1284644 ], [ 28.7028266, 47.1284649 ], [ 28.7028266, 47.128465 ], [ 28.7028149, 47.128482 ], [ 28.7028142, 47.1284828 ], [ 28.7028135, 47.1284835 ], [ 28.7028127, 47.1284842 ], [ 28.7028118, 47.1284848 ], [ 28.7028108, 47.1284854 ], [ 28.7028097, 47.1284859 ], [ 28.7028086, 47.1284863 ], [ 28.7028074, 47.1284866 ], [ 28.7028061, 47.1284869 ], [ 28.7028049, 47.1284871 ], [ 28.7028036, 47.1284872 ], [ 28.7028023, 47.1284872 ], [ 28.702801, 47.1284871 ], [ 28.7027997, 47.1284869 ], [ 28.7027985, 47.1284867 ], [ 28.7027973, 47.1284863 ], [ 28.7027962, 47.1284859 ], [ 28.7027695, 47.128475 ], [ 28.7027692, 47.1284749 ], [ 28.7027691, 47.1284751 ], [ 28.7027481, 47.128499 ], [ 28.7027479, 47.1284992 ], [ 28.7027482, 47.1284993 ], [ 28.7027763, 47.1285108 ], [ 28.7027774, 47.1285113 ], [ 28.7027784, 47.1285119 ], [ 28.7027793, 47.1285125 ], [ 28.7027802, 47.1285132 ], [ 28.7027809, 47.128514 ], [ 28.7027815, 47.1285147 ], [ 28.702782, 47.1285156 ], [ 28.7027824, 47.1285164 ], [ 28.7027826, 47.1285173 ], [ 28.7027827, 47.1285182 ], [ 28.7027827, 47.1285191 ], [ 28.7027826, 47.12852 ], [ 28.7027823, 47.1285208 ], [ 28.7027819, 47.1285217 ], [ 28.7027814, 47.1285225 ], [ 28.7027808, 47.1285233 ], [ 28.7027628, 47.1285432 ], [ 28.7027626, 47.1285434 ], [ 28.7027629, 47.1285435 ], [ 28.7027705, 47.1285467 ], [ 28.7027716, 47.1285472 ], [ 28.7027725, 47.1285477 ], [ 28.7027734, 47.1285484 ], [ 28.7027742, 47.128549 ], [ 28.7027744, 47.1285492 ], [ 28.7027747, 47.1285495 ], [ 28.702775, 47.1285496 ], [ 28.7027931, 47.1285563 ], [ 28.7027942, 47.1285567 ], [ 28.7027952, 47.1285572 ], [ 28.7027961, 47.1285578 ], [ 28.702797, 47.1285584 ], [ 28.7027977, 47.1285591 ], [ 28.7027984, 47.1285599 ], [ 28.7027989, 47.1285606 ], [ 28.7027994, 47.1285614 ], [ 28.7027997, 47.1285623 ], [ 28.7027999, 47.1285631 ], [ 28.7028, 47.128564 ], [ 28.7028, 47.1285648 ], [ 28.7027998, 47.1285657 ], [ 28.7027996, 47.1285665 ], [ 28.7027992, 47.1285674 ], [ 28.7027979, 47.1285697 ], [ 28.7027974, 47.1285705 ], [ 28.7027967, 47.1285713 ], [ 28.7027773, 47.1285926 ], [ 28.7027771, 47.1285928 ], [ 28.7027758, 47.1285942 ], [ 28.7027751, 47.1285949 ], [ 28.7027742, 47.1285955 ], [ 28.7027733, 47.1285961 ], [ 28.7027723, 47.1285966 ], [ 28.7027712, 47.1285971 ], [ 28.7027701, 47.1285975 ], [ 28.7027689, 47.1285978 ], [ 28.7027676, 47.128598 ], [ 28.7027664, 47.1285981 ], [ 28.7027651, 47.1285982 ], [ 28.7027638, 47.1285982 ], [ 28.7027626, 47.1285981 ], [ 28.7027613, 47.1285979 ], [ 28.7027601, 47.1285976 ], [ 28.702759, 47.1285973 ], [ 28.7027578, 47.1285969 ], [ 28.7027265, 47.1285837 ], [ 28.7027262, 47.1285835 ], [ 28.7027261, 47.1285837 ], [ 28.7027042, 47.1286078 ], [ 28.7027041, 47.128608 ], [ 28.7027043, 47.1286081 ], [ 28.7027195, 47.1286146 ], [ 28.7027206, 47.128615 ], [ 28.7027215, 47.1286156 ], [ 28.7027224, 47.1286162 ], [ 28.7027232, 47.1286169 ], [ 28.7027239, 47.1286176 ], [ 28.7027245, 47.1286183 ], [ 28.702725, 47.1286191 ], [ 28.7027253, 47.1286199 ], [ 28.7027256, 47.1286208 ], [ 28.7027257, 47.1286216 ], [ 28.7027258, 47.1286225 ], [ 28.7027257, 47.1286233 ], [ 28.7027255, 47.1286242 ], [ 28.7027251, 47.128625 ], [ 28.7027247, 47.1286258 ], [ 28.7027237, 47.1286273 ], [ 28.7027237, 47.1286274 ], [ 28.7027234, 47.1286279 ], [ 28.7027233, 47.128628 ], [ 28.7027127, 47.1286468 ], [ 28.7027122, 47.1286476 ], [ 28.7027115, 47.1286484 ], [ 28.7027108, 47.1286491 ], [ 28.7027099, 47.1286498 ], [ 28.7027089, 47.1286504 ], [ 28.7027079, 47.128651 ], [ 28.7027068, 47.1286515 ], [ 28.7027056, 47.1286518 ], [ 28.7027043, 47.1286522 ], [ 28.7027031, 47.1286524 ], [ 28.7027018, 47.1286525 ], [ 28.7027004, 47.1286526 ], [ 28.7026991, 47.1286525 ], [ 28.7026978, 47.1286524 ], [ 28.7026965, 47.1286522 ], [ 28.7026953, 47.1286519 ], [ 28.7026941, 47.1286515 ], [ 28.7026861, 47.1286485 ], [ 28.7026858, 47.1286484 ], [ 28.7026857, 47.1286486 ], [ 28.7026807, 47.1286548 ], [ 28.7026801, 47.1286555 ], [ 28.7026793, 47.1286562 ], [ 28.7026784, 47.1286569 ], [ 28.7026774, 47.1286575 ], [ 28.7026763, 47.128658 ], [ 28.7026752, 47.1286585 ], [ 28.702674, 47.1286588 ], [ 28.7026728, 47.1286591 ], [ 28.7026715, 47.1286593 ], [ 28.7026702, 47.1286594 ], [ 28.7026689, 47.1286595 ], [ 28.7026676, 47.1286594 ], [ 28.7026663, 47.1286592 ], [ 28.702665, 47.128659 ], [ 28.7026638, 47.1286587 ], [ 28.702644, 47.1286526 ], [ 28.7026437, 47.1286526 ], [ 28.7026436, 47.1286526 ], [ 28.7026429, 47.1286531 ], [ 28.7026419, 47.1286536 ], [ 28.7026408, 47.1286541 ], [ 28.7026397, 47.1286545 ], [ 28.7026385, 47.1286548 ], [ 28.7026373, 47.128655 ], [ 28.702636, 47.1286552 ], [ 28.7026348, 47.1286553 ], [ 28.7026335, 47.1286553 ], [ 28.7026322, 47.1286552 ], [ 28.702631, 47.128655 ], [ 28.7026298, 47.1286547 ], [ 28.7026286, 47.1286544 ], [ 28.7026275, 47.128654 ], [ 28.7026165, 47.1286495 ], [ 28.7026162, 47.1286494 ], [ 28.702616, 47.1286496 ], [ 28.7025868, 47.1286828 ], [ 28.7025861, 47.1286836 ], [ 28.7025853, 47.1286843 ], [ 28.7025843, 47.1286849 ], [ 28.7025833, 47.1286855 ], [ 28.7025821, 47.128686 ], [ 28.702581, 47.1286864 ], [ 28.7025797, 47.1286867 ], [ 28.7025784, 47.1286869 ], [ 28.7025771, 47.1286871 ], [ 28.7025758, 47.1286872 ], [ 28.7025745, 47.1286871 ], [ 28.7025731, 47.128687 ], [ 28.7025718, 47.1286868 ], [ 28.7025706, 47.1286865 ], [ 28.7025694, 47.1286861 ], [ 28.7025682, 47.1286857 ], [ 28.7025682, 47.1286857 ], [ 28.7025478, 47.1286773 ], [ 28.7025468, 47.1286768 ], [ 28.7025458, 47.1286763 ], [ 28.7025449, 47.1286757 ], [ 28.7025441, 47.128675 ], [ 28.7025433, 47.1286743 ], [ 28.7025427, 47.1286735 ], [ 28.7025422, 47.1286727 ], [ 28.7025418, 47.1286719 ], [ 28.7025416, 47.1286711 ], [ 28.7025414, 47.1286702 ], [ 28.7025414, 47.1286693 ], [ 28.7025415, 47.1286685 ], [ 28.7025417, 47.1286676 ], [ 28.7025421, 47.1286668 ], [ 28.7025425, 47.128666 ], [ 28.7025482, 47.1286571 ], [ 28.7025487, 47.1286564 ], [ 28.7025605, 47.1286417 ], [ 28.7025607, 47.1286415 ], [ 28.7025604, 47.1286414 ], [ 28.7025319, 47.1286308 ], [ 28.7025309, 47.1286303 ], [ 28.7025298, 47.1286298 ], [ 28.7025289, 47.1286292 ], [ 28.702528, 47.1286286 ], [ 28.7025273, 47.1286279 ], [ 28.7025266, 47.1286271 ], [ 28.7025261, 47.1286263 ], [ 28.7025256, 47.1286255 ], [ 28.7025253, 47.1286247 ], [ 28.7025251, 47.1286238 ], [ 28.7025251, 47.1286229 ], [ 28.7025251, 47.128622 ], [ 28.7025253, 47.1286212 ], [ 28.7025256, 47.1286203 ], [ 28.702526, 47.1286195 ], [ 28.7025262, 47.1286193 ], [ 28.7025263, 47.128619 ], [ 28.7025261, 47.1286189 ], [ 28.7025067, 47.1286111 ] ], [ [ 28.7026611, 47.1283236 ], [ 28.7026603, 47.1283229 ], [ 28.7026595, 47.1283222 ], [ 28.7026588, 47.1283215 ], [ 28.7026583, 47.1283207 ], [ 28.7026578, 47.1283199 ], [ 28.7026575, 47.1283191 ], [ 28.7026573, 47.1283182 ], [ 28.7026572, 47.1283174 ], [ 28.7026573, 47.1283165 ], [ 28.7026574, 47.1283156 ], [ 28.7026577, 47.1283148 ], [ 28.7026581, 47.128314 ], [ 28.7026586, 47.1283132 ], [ 28.7026592, 47.1283124 ], [ 28.7026901, 47.1282787 ], [ 28.7026902, 47.1282785 ], [ 28.70269, 47.1282784 ], [ 28.7026812, 47.1282747 ], [ 28.7026802, 47.1282742 ], [ 28.7026792, 47.1282736 ], [ 28.7026783, 47.1282729 ], [ 28.7026775, 47.1282722 ], [ 28.7026768, 47.1282715 ], [ 28.7026762, 47.1282707 ], [ 28.7026757, 47.1282699 ], [ 28.7026754, 47.128269 ], [ 28.7026751, 47.1282682 ], [ 28.702675, 47.1282673 ], [ 28.7026751, 47.1282664 ], [ 28.7026752, 47.1282655 ], [ 28.7026755, 47.1282646 ], [ 28.7026759, 47.1282638 ], [ 28.7026765, 47.128263 ], [ 28.7026771, 47.1282622 ], [ 28.7026778, 47.1282615 ], [ 28.7026787, 47.1282608 ], [ 28.7026796, 47.1282602 ], [ 28.7026807, 47.1282597 ], [ 28.7026818, 47.1282592 ], [ 28.7026829, 47.1282588 ], [ 28.7026835, 47.1282586 ], [ 28.7026837, 47.1282585 ], [ 28.7026953, 47.1282472 ], [ 28.7026961, 47.1282465 ], [ 28.7026971, 47.1282459 ], [ 28.7026981, 47.1282453 ], [ 28.7026991, 47.1282448 ], [ 28.7027003, 47.1282443 ], [ 28.7027015, 47.128244 ], [ 28.7027028, 47.1282437 ], [ 28.7027041, 47.1282435 ], [ 28.7027054, 47.1282434 ], [ 28.7027067, 47.1282434 ], [ 28.702708, 47.1282435 ], [ 28.7027093, 47.1282437 ], [ 28.7027106, 47.128244 ], [ 28.7027118, 47.1282443 ], [ 28.702713, 47.1282447 ], [ 28.7027388, 47.1282555 ], [ 28.7027391, 47.1282556 ], [ 28.7027393, 47.1282554 ], [ 28.7027471, 47.1282466 ], [ 28.7027479, 47.1282459 ], [ 28.7027487, 47.1282452 ], [ 28.7027496, 47.1282446 ], [ 28.7027506, 47.128244 ], [ 28.7027517, 47.1282436 ], [ 28.7027529, 47.1282432 ], [ 28.7027541, 47.1282428 ], [ 28.7027553, 47.1282426 ], [ 28.7027566, 47.1282424 ], [ 28.7027579, 47.1282423 ], [ 28.7027592, 47.1282423 ], [ 28.7027605, 47.1282424 ], [ 28.7027617, 47.1282426 ], [ 28.702763, 47.1282429 ], [ 28.7027642, 47.1282432 ], [ 28.7027653, 47.1282437 ], [ 28.7027785, 47.1282492 ], [ 28.7027795, 47.1282497 ], [ 28.7027805, 47.1282502 ], [ 28.7027814, 47.1282509 ], [ 28.7027822, 47.1282515 ], [ 28.7027829, 47.1282523 ], [ 28.7027835, 47.128253 ], [ 28.702784, 47.1282539 ], [ 28.7027844, 47.1282547 ], [ 28.7027846, 47.1282556 ], [ 28.7027847, 47.1282564 ], [ 28.7027847, 47.1282573 ], [ 28.7027846, 47.1282582 ], [ 28.7027844, 47.128259 ], [ 28.702784, 47.1282599 ], [ 28.7027835, 47.1282607 ], [ 28.7027829, 47.1282614 ], [ 28.7027692, 47.1282771 ], [ 28.7027691, 47.1282773 ], [ 28.7027693, 47.1282774 ], [ 28.7027843, 47.1282835 ], [ 28.7027854, 47.128284 ], [ 28.7027864, 47.1282845 ], [ 28.7027873, 47.1282852 ], [ 28.7027881, 47.1282859 ], [ 28.7027888, 47.1282866 ], [ 28.7027895, 47.1282874 ], [ 28.70279, 47.1282882 ], [ 28.7027903, 47.1282891 ], [ 28.7027906, 47.12829 ], [ 28.7027907, 47.1282908 ], [ 28.7027907, 47.1282917 ], [ 28.7027905, 47.1282926 ], [ 28.7027903, 47.1282935 ], [ 28.7027899, 47.1282943 ], [ 28.7027893, 47.1282952 ], [ 28.7027887, 47.128296 ], [ 28.7027619, 47.1283254 ], [ 28.7027611, 47.1283261 ], [ 28.7027603, 47.1283268 ], [ 28.7027594, 47.1283274 ], [ 28.7027584, 47.1283279 ], [ 28.7027573, 47.1283284 ], [ 28.7027562, 47.1283288 ], [ 28.702755, 47.1283291 ], [ 28.7027538, 47.1283294 ], [ 28.7027526, 47.1283295 ], [ 28.7027513, 47.1283296 ], [ 28.70275, 47.1283296 ], [ 28.7027488, 47.1283295 ], [ 28.7027475, 47.1283294 ], [ 28.7027463, 47.1283291 ], [ 28.7027451, 47.1283288 ], [ 28.702744, 47.1283284 ], [ 28.7027297, 47.1283227 ], [ 28.7027294, 47.1283226 ], [ 28.7027293, 47.1283228 ], [ 28.7027189, 47.1283348 ], [ 28.7027182, 47.1283356 ], [ 28.7027174, 47.1283363 ], [ 28.7027165, 47.1283369 ], [ 28.7027155, 47.1283375 ], [ 28.7027144, 47.128338 ], [ 28.7027132, 47.1283384 ], [ 28.702712, 47.1283387 ], [ 28.7027108, 47.128339 ], [ 28.7027095, 47.1283392 ], [ 28.7027082, 47.1283393 ], [ 28.7027069, 47.1283393 ], [ 28.7027056, 47.1283392 ], [ 28.7027043, 47.128339 ], [ 28.702703, 47.1283387 ], [ 28.7027018, 47.1283384 ], [ 28.7026882, 47.1283339 ], [ 28.7026877, 47.1283337 ], [ 28.7026642, 47.1283251 ], [ 28.7026631, 47.1283247 ], [ 28.7026621, 47.1283242 ], [ 28.7026611, 47.1283236 ] ], [ [ 28.7025402, 47.128344 ], [ 28.7025389, 47.1283438 ], [ 28.7025377, 47.1283436 ], [ 28.7025365, 47.1283432 ], [ 28.7025353, 47.1283428 ], [ 28.7025343, 47.1283423 ], [ 28.7025333, 47.1283417 ], [ 28.7025324, 47.128341 ], [ 28.7025316, 47.1283403 ], [ 28.7025309, 47.1283396 ], [ 28.7025303, 47.1283388 ], [ 28.7025298, 47.128338 ], [ 28.7025294, 47.1283371 ], [ 28.7025292, 47.1283362 ], [ 28.7025291, 47.1283353 ], [ 28.7025292, 47.1283345 ], [ 28.7025293, 47.1283336 ], [ 28.7025296, 47.1283327 ], [ 28.70253, 47.1283319 ], [ 28.7025306, 47.128331 ], [ 28.7025312, 47.1283303 ], [ 28.7025399, 47.128321 ], [ 28.7025407, 47.1283202 ], [ 28.7025415, 47.1283196 ], [ 28.7025425, 47.128319 ], [ 28.7025435, 47.1283184 ], [ 28.7025446, 47.128318 ], [ 28.7025458, 47.1283176 ], [ 28.702547, 47.1283173 ], [ 28.7025482, 47.128317 ], [ 28.7025495, 47.1283169 ], [ 28.7025508, 47.1283168 ], [ 28.7025521, 47.1283168 ], [ 28.7025533, 47.128317 ], [ 28.7025546, 47.1283172 ], [ 28.7025558, 47.1283174 ], [ 28.702557, 47.1283178 ], [ 28.7025581, 47.1283182 ], [ 28.7025592, 47.1283187 ], [ 28.7025616, 47.12832 ], [ 28.7025619, 47.1283202 ], [ 28.7025621, 47.12832 ], [ 28.7025973, 47.1282894 ], [ 28.7025974, 47.1282892 ], [ 28.7025972, 47.1282891 ], [ 28.702573, 47.1282761 ], [ 28.7025721, 47.1282756 ], [ 28.7025712, 47.1282749 ], [ 28.7025704, 47.1282742 ], [ 28.7025697, 47.1282735 ], [ 28.7025691, 47.1282727 ], [ 28.7025687, 47.1282719 ], [ 28.7025683, 47.1282711 ], [ 28.7025681, 47.1282703 ], [ 28.702568, 47.1282694 ], [ 28.702568, 47.1282685 ], [ 28.7025681, 47.1282677 ], [ 28.7025684, 47.1282668 ], [ 28.7025688, 47.128266 ], [ 28.7025692, 47.1282652 ], [ 28.7025698, 47.1282644 ], [ 28.7025763, 47.1282571 ], [ 28.7025764, 47.1282569 ], [ 28.7025762, 47.1282568 ], [ 28.7025617, 47.1282509 ], [ 28.7025606, 47.1282504 ], [ 28.7025596, 47.1282498 ], [ 28.7025587, 47.1282492 ], [ 28.7025578, 47.1282485 ], [ 28.7025571, 47.1282477 ], [ 28.7025565, 47.1282469 ], [ 28.702556, 47.1282461 ], [ 28.7025556, 47.1282453 ], [ 28.7025554, 47.1282444 ], [ 28.7025553, 47.1282435 ], [ 28.7025553, 47.1282426 ], [ 28.7025554, 47.1282417 ], [ 28.7025557, 47.1282408 ], [ 28.7025561, 47.12824 ], [ 28.7025566, 47.1282391 ], [ 28.7025573, 47.1282384 ], [ 28.7025842, 47.128209 ], [ 28.702585, 47.1282083 ], [ 28.7025858, 47.1282076 ], [ 28.7025868, 47.128207 ], [ 28.7025878, 47.1282064 ], [ 28.7025889, 47.128206 ], [ 28.70259, 47.1282056 ], [ 28.7025912, 47.1282052 ], [ 28.7025925, 47.128205 ], [ 28.7025938, 47.1282048 ], [ 28.702595, 47.1282048 ], [ 28.7025963, 47.1282048 ], [ 28.7025976, 47.1282049 ], [ 28.7025989, 47.1282051 ], [ 28.7026001, 47.1282054 ], [ 28.7026013, 47.1282057 ], [ 28.7026024, 47.1282062 ], [ 28.7026136, 47.128211 ], [ 28.7026147, 47.1282115 ], [ 28.7026157, 47.1282121 ], [ 28.7026165, 47.1282127 ], [ 28.7026173, 47.1282134 ], [ 28.702618, 47.1282141 ], [ 28.7026186, 47.1282149 ], [ 28.7026191, 47.1282158 ], [ 28.7026194, 47.1282166 ], [ 28.7026197, 47.1282175 ], [ 28.7026197, 47.1282184 ], [ 28.7026197, 47.1282193 ], [ 28.7026196, 47.1282201 ], [ 28.7026193, 47.128221 ], [ 28.7026189, 47.1282218 ], [ 28.7026183, 47.1282226 ], [ 28.7026177, 47.1282234 ], [ 28.7026169, 47.1282241 ], [ 28.7026162, 47.1282248 ], [ 28.702616, 47.1282249 ], [ 28.7026163, 47.1282251 ], [ 28.702617, 47.1282255 ], [ 28.7026179, 47.128226 ], [ 28.7026188, 47.1282266 ], [ 28.7026195, 47.1282273 ], [ 28.7026202, 47.1282279 ], [ 28.7026205, 47.1282283 ], [ 28.7026208, 47.1282284 ], [ 28.7026238, 47.1282298 ], [ 28.7026249, 47.1282304 ], [ 28.702626, 47.128231 ], [ 28.7026261, 47.1282311 ], [ 28.7026266, 47.1282314 ], [ 28.7026275, 47.128232 ], [ 28.7026284, 47.1282327 ], [ 28.7026291, 47.1282334 ], [ 28.7026298, 47.1282341 ], [ 28.7026303, 47.1282349 ], [ 28.7026307, 47.1282358 ], [ 28.702631, 47.1282366 ], [ 28.702631, 47.1282366 ], [ 28.7026313, 47.1282367 ], [ 28.7026422, 47.1282395 ], [ 28.7026434, 47.1282399 ], [ 28.7026446, 47.1282403 ], [ 28.7026457, 47.1282408 ], [ 28.70265, 47.1282431 ], [ 28.7026503, 47.1282433 ], [ 28.7026508, 47.1282434 ], [ 28.7026509, 47.1282434 ], [ 28.7026521, 47.1282437 ], [ 28.7026533, 47.1282441 ], [ 28.7026544, 47.1282446 ], [ 28.7026586, 47.1282466 ], [ 28.7026596, 47.1282471 ], [ 28.7026605, 47.1282478 ], [ 28.7026613, 47.1282484 ], [ 28.7026621, 47.1282491 ], [ 28.7026627, 47.1282499 ], [ 28.7026633, 47.1282507 ], [ 28.7026637, 47.1282515 ], [ 28.7026639, 47.1282524 ], [ 28.7026641, 47.1282533 ], [ 28.7026641, 47.1282542 ], [ 28.702664, 47.128255 ], [ 28.7026638, 47.1282559 ], [ 28.7026635, 47.1282568 ], [ 28.702663, 47.1282576 ], [ 28.7026624, 47.1282584 ], [ 28.7026618, 47.1282591 ], [ 28.702661, 47.1282598 ], [ 28.7026601, 47.1282604 ], [ 28.7026591, 47.128261 ], [ 28.7026581, 47.1282615 ], [ 28.7026569, 47.128262 ], [ 28.7026558, 47.1282623 ], [ 28.7026545, 47.1282626 ], [ 28.7026535, 47.1282628 ], [ 28.7026534, 47.1282628 ], [ 28.7026532, 47.128263 ], [ 28.7026151, 47.1283046 ], [ 28.702615, 47.1283047 ], [ 28.7026152, 47.1283049 ], [ 28.7026517, 47.1283204 ], [ 28.7026527, 47.1283209 ], [ 28.7026537, 47.1283215 ], [ 28.7026547, 47.1283222 ], [ 28.7026555, 47.1283229 ], [ 28.7026562, 47.1283236 ], [ 28.7026568, 47.1283244 ], [ 28.7026572, 47.1283253 ], [ 28.7026576, 47.1283262 ], [ 28.7026578, 47.1283271 ], [ 28.7026579, 47.128328 ], [ 28.7026578, 47.1283289 ], [ 28.7026576, 47.1283297 ], [ 28.7026573, 47.1283306 ], [ 28.7026569, 47.1283315 ], [ 28.7026563, 47.1283323 ], [ 28.7026252, 47.1283718 ], [ 28.7026251, 47.1283721 ], [ 28.7026214, 47.1283764 ], [ 28.7026207, 47.1283772 ], [ 28.7026199, 47.1283779 ], [ 28.702619, 47.1283785 ], [ 28.702618, 47.1283791 ], [ 28.7026169, 47.1283796 ], [ 28.7026158, 47.12838 ], [ 28.7026146, 47.1283804 ], [ 28.7026134, 47.1283807 ], [ 28.7026121, 47.1283808 ], [ 28.7026108, 47.1283809 ], [ 28.7026095, 47.128381 ], [ 28.7026082, 47.1283809 ], [ 28.702607, 47.1283807 ], [ 28.7026057, 47.1283805 ], [ 28.7026045, 47.1283802 ], [ 28.7026034, 47.1283798 ], [ 28.7026023, 47.1283793 ], [ 28.7026012, 47.1283787 ], [ 28.7026003, 47.1283781 ], [ 28.7025995, 47.1283774 ], [ 28.7025993, 47.1283773 ], [ 28.7025986, 47.1283766 ], [ 28.702598, 47.1283758 ], [ 28.7025975, 47.128375 ], [ 28.7025971, 47.1283742 ], [ 28.7025968, 47.1283734 ], [ 28.7025967, 47.1283728 ], [ 28.7025967, 47.1283727 ], [ 28.7025964, 47.1283726 ], [ 28.7025876, 47.1283703 ], [ 28.7025864, 47.1283699 ], [ 28.7025853, 47.1283695 ], [ 28.7025843, 47.128369 ], [ 28.7025833, 47.1283684 ], [ 28.7025824, 47.1283678 ], [ 28.7025816, 47.1283671 ], [ 28.7025809, 47.1283664 ], [ 28.7025803, 47.1283656 ], [ 28.7025799, 47.1283648 ], [ 28.7025795, 47.1283639 ], [ 28.7025793, 47.1283631 ], [ 28.7025792, 47.1283622 ], [ 28.7025792, 47.1283613 ], [ 28.7025792, 47.1283609 ], [ 28.702579, 47.1283607 ], [ 28.7025436, 47.1283442 ], [ 28.7025434, 47.1283441 ], [ 28.7025428, 47.1283441 ], [ 28.7025415, 47.1283441 ], [ 28.7025402, 47.128344 ] ], [ [ 28.7034027, 47.1284708 ], [ 28.7034492, 47.1283892 ], [ 28.7034497, 47.1283884 ], [ 28.7034503, 47.1283876 ], [ 28.7034511, 47.1283869 ], [ 28.7034519, 47.1283862 ], [ 28.7034528, 47.1283856 ], [ 28.7034539, 47.1283851 ], [ 28.703455, 47.1283846 ], [ 28.7034561, 47.1283842 ], [ 28.7034573, 47.1283839 ], [ 28.7034586, 47.1283837 ], [ 28.7034598, 47.1283835 ], [ 28.7034611, 47.1283834 ], [ 28.7034624, 47.1283835 ], [ 28.7034637, 47.1283836 ], [ 28.7034649, 47.1283838 ], [ 28.7034662, 47.128384 ], [ 28.7034684, 47.1283846 ], [ 28.7034696, 47.128385 ], [ 28.7034707, 47.1283854 ], [ 28.7034718, 47.1283859 ], [ 28.7034728, 47.1283865 ], [ 28.7034737, 47.1283872 ], [ 28.7034745, 47.1283879 ], [ 28.7034752, 47.1283886 ], [ 28.7034757, 47.1283894 ], [ 28.7034762, 47.1283902 ], [ 28.7034764, 47.1283907 ], [ 28.7034764, 47.1283907 ], [ 28.7034762, 47.1283909 ], [ 28.7034371, 47.1284634 ], [ 28.7034283, 47.1284786 ], [ 28.7034283, 47.1284787 ], [ 28.7034274, 47.1284794 ], [ 28.7034265, 47.12848 ], [ 28.7034255, 47.1284805 ], [ 28.7034244, 47.128481 ], [ 28.7034232, 47.1284814 ], [ 28.703422, 47.1284818 ], [ 28.7034207, 47.128482 ], [ 28.7034194, 47.1284822 ], [ 28.7034181, 47.1284822 ], [ 28.7034168, 47.1284822 ], [ 28.7034155, 47.1284821 ], [ 28.7034142, 47.1284819 ], [ 28.703413, 47.1284816 ], [ 28.7034105, 47.1284809 ], [ 28.7034093, 47.1284806 ], [ 28.7034082, 47.1284801 ], [ 28.7034071, 47.1284796 ], [ 28.7034061, 47.128479 ], [ 28.7034053, 47.1284784 ], [ 28.7034045, 47.1284777 ], [ 28.7034038, 47.1284769 ], [ 28.7034032, 47.1284762 ], [ 28.7034027, 47.1284753 ], [ 28.7034024, 47.1284745 ], [ 28.7034022, 47.1284736 ], [ 28.7034021, 47.1284727 ], [ 28.7034022, 47.1284718 ], [ 28.7034023, 47.128471 ], [ 28.7034025, 47.128471 ], [ 28.7034027, 47.1284708 ] ], [ [ 28.703706, 47.1285409 ], [ 28.7037061, 47.1285408 ], [ 28.7037063, 47.1285408 ], [ 28.7037075, 47.1285412 ], [ 28.7037087, 47.1285416 ], [ 28.7037098, 47.1285421 ], [ 28.7037108, 47.1285427 ], [ 28.7037117, 47.1285434 ], [ 28.7037125, 47.1285441 ], [ 28.7037133, 47.1285448 ], [ 28.7037139, 47.1285456 ], [ 28.7037143, 47.1285465 ], [ 28.7037147, 47.1285474 ], [ 28.7037149, 47.1285483 ], [ 28.703715, 47.1285492 ], [ 28.7037149, 47.1285501 ], [ 28.7037148, 47.128551 ], [ 28.7037145, 47.1285519 ], [ 28.703714, 47.1285527 ], [ 28.7036933, 47.1285871 ], [ 28.7036932, 47.1285872 ], [ 28.703688, 47.1285961 ], [ 28.7036875, 47.1285969 ], [ 28.7036869, 47.1285977 ], [ 28.7036861, 47.1285984 ], [ 28.7036852, 47.1285991 ], [ 28.7036843, 47.1285997 ], [ 28.7036833, 47.1286002 ], [ 28.7036821, 47.1286007 ], [ 28.703681, 47.1286011 ], [ 28.7036798, 47.1286014 ], [ 28.7036785, 47.1286016 ], [ 28.7036772, 47.1286017 ], [ 28.7036759, 47.1286018 ], [ 28.7036746, 47.1286017 ], [ 28.7036733, 47.1286016 ], [ 28.7036721, 47.1286014 ], [ 28.7036708, 47.1286011 ], [ 28.7036649, 47.1285995 ], [ 28.7036637, 47.1285991 ], [ 28.7036626, 47.1285987 ], [ 28.7036616, 47.1285982 ], [ 28.7036606, 47.1285976 ], [ 28.7036598, 47.128597 ], [ 28.703659, 47.1285963 ], [ 28.7036583, 47.1285956 ], [ 28.7036578, 47.1285948 ], [ 28.7036573, 47.128594 ], [ 28.703657, 47.1285931 ], [ 28.7036567, 47.1285923 ], [ 28.7036566, 47.1285914 ], [ 28.7036567, 47.1285906 ], [ 28.7036568, 47.1285897 ], [ 28.703657, 47.1285889 ], [ 28.7036574, 47.128588 ], [ 28.7036807, 47.1285444 ], [ 28.7036813, 47.1285436 ], [ 28.7036819, 47.1285428 ], [ 28.7036826, 47.1285421 ], [ 28.7036835, 47.1285414 ], [ 28.7036845, 47.1285407 ], [ 28.7036855, 47.1285402 ], [ 28.7036866, 47.1285397 ], [ 28.7036878, 47.1285393 ], [ 28.7036891, 47.128539 ], [ 28.7036903, 47.1285387 ], [ 28.7036917, 47.1285386 ], [ 28.703693, 47.1285385 ], [ 28.7036943, 47.1285386 ], [ 28.7036956, 47.1285387 ], [ 28.7036958, 47.1285387 ], [ 28.7037057, 47.1285409 ], [ 28.703706, 47.1285409 ] ], [ [ 28.7039285, 47.1285633 ], [ 28.7039297, 47.1285629 ], [ 28.7039309, 47.1285627 ], [ 28.7039322, 47.1285625 ], [ 28.7039335, 47.1285625 ], [ 28.7039348, 47.1285625 ], [ 28.7039361, 47.1285626 ], [ 28.7039373, 47.1285628 ], [ 28.7039385, 47.1285631 ], [ 28.703954, 47.1285671 ], [ 28.7039534, 47.1285674 ], [ 28.7039522, 47.1285679 ], [ 28.703951, 47.1285682 ], [ 28.7039498, 47.1285685 ], [ 28.7039485, 47.1285687 ], [ 28.7039472, 47.1285688 ], [ 28.7039459, 47.1285689 ], [ 28.7039446, 47.1285688 ], [ 28.7039433, 47.1285686 ], [ 28.703942, 47.1285684 ], [ 28.7039408, 47.1285681 ], [ 28.703927, 47.1285638 ], [ 28.7039273, 47.1285637 ], [ 28.7039285, 47.1285633 ] ], [ [ 28.7042503, 47.1278048 ], [ 28.7042494, 47.1278041 ], [ 28.7042487, 47.1278033 ], [ 28.7042481, 47.1278025 ], [ 28.7042476, 47.1278017 ], [ 28.7042472, 47.1278008 ], [ 28.704247, 47.1277999 ], [ 28.7042468, 47.127799 ], [ 28.7042469, 47.1277981 ], [ 28.704247, 47.1277972 ], [ 28.7042473, 47.1277963 ], [ 28.7042477, 47.1277955 ], [ 28.7042522, 47.1277875 ], [ 28.7042527, 47.1277868 ], [ 28.7042533, 47.127786 ], [ 28.704254, 47.1277853 ], [ 28.7042549, 47.1277846 ], [ 28.7042558, 47.127784 ], [ 28.7042568, 47.1277835 ], [ 28.7042578, 47.127783 ], [ 28.704259, 47.1277826 ], [ 28.7042602, 47.1277823 ], [ 28.7042614, 47.127782 ], [ 28.7042626, 47.1277819 ], [ 28.7042639, 47.1277818 ], [ 28.7042652, 47.1277818 ], [ 28.7042664, 47.1277819 ], [ 28.7042677, 47.1277821 ], [ 28.7042689, 47.1277823 ], [ 28.7042701, 47.1277826 ], [ 28.7042746, 47.1277841 ], [ 28.7042758, 47.1277845 ], [ 28.7042768, 47.127785 ], [ 28.7042779, 47.1277856 ], [ 28.7042788, 47.1277862 ], [ 28.7042796, 47.1277869 ], [ 28.7042803, 47.1277877 ], [ 28.704281, 47.1277884 ], [ 28.7042814, 47.1277893 ], [ 28.7042818, 47.1277901 ], [ 28.7042821, 47.127791 ], [ 28.7042822, 47.1277919 ], [ 28.7042821, 47.1277928 ], [ 28.704282, 47.1277937 ], [ 28.7042817, 47.1277946 ], [ 28.7042813, 47.1277954 ], [ 28.7042769, 47.1278033 ], [ 28.7042764, 47.1278041 ], [ 28.7042757, 47.1278049 ], [ 28.704275, 47.1278056 ], [ 28.7042742, 47.1278063 ], [ 28.7042733, 47.1278069 ], [ 28.7042723, 47.1278074 ], [ 28.7042712, 47.1278079 ], [ 28.7042701, 47.1278083 ], [ 28.704269, 47.1278086 ], [ 28.7042677, 47.1278089 ], [ 28.7042665, 47.127809 ], [ 28.7042652, 47.1278091 ], [ 28.704264, 47.1278091 ], [ 28.7042627, 47.127809 ], [ 28.7042615, 47.1278089 ], [ 28.7042603, 47.1278086 ], [ 28.7042591, 47.1278083 ], [ 28.7042545, 47.1278069 ], [ 28.7042534, 47.1278065 ], [ 28.7042523, 47.127806 ], [ 28.7042512, 47.1278054 ], [ 28.7042503, 47.1278048 ] ], [ [ 28.7040682, 47.128116 ], [ 28.7040692, 47.1281154 ], [ 28.7040702, 47.1281148 ], [ 28.7040713, 47.1281143 ], [ 28.7040724, 47.1281139 ], [ 28.7040736, 47.1281136 ], [ 28.7040748, 47.1281134 ], [ 28.7040761, 47.1281132 ], [ 28.7040774, 47.1281132 ], [ 28.7040787, 47.1281132 ], [ 28.70408, 47.1281133 ], [ 28.7040812, 47.1281135 ], [ 28.7040824, 47.1281137 ], [ 28.7040863, 47.1281147 ], [ 28.7040875, 47.1281151 ], [ 28.7040886, 47.1281155 ], [ 28.7040897, 47.128116 ], [ 28.7040907, 47.1281166 ], [ 28.7040916, 47.1281172 ], [ 28.7040924, 47.1281179 ], [ 28.7040931, 47.1281186 ], [ 28.7040937, 47.1281194 ], [ 28.7040941, 47.1281203 ], [ 28.7040945, 47.1281211 ], [ 28.7040947, 47.128122 ], [ 28.7040948, 47.1281229 ], [ 28.7040948, 47.1281238 ], [ 28.7040946, 47.1281246 ], [ 28.7040944, 47.1281255 ], [ 28.704094, 47.1281263 ], [ 28.7040822, 47.1281473 ], [ 28.7040817, 47.1281481 ], [ 28.7040811, 47.1281489 ], [ 28.7040803, 47.1281496 ], [ 28.7040795, 47.1281503 ], [ 28.7040785, 47.1281509 ], [ 28.7040775, 47.1281515 ], [ 28.7040764, 47.1281519 ], [ 28.7040752, 47.1281523 ], [ 28.704074, 47.1281527 ], [ 28.7040728, 47.1281529 ], [ 28.7040715, 47.128153 ], [ 28.7040702, 47.1281531 ], [ 28.7040689, 47.1281531 ], [ 28.7040676, 47.128153 ], [ 28.7040663, 47.1281528 ], [ 28.7040651, 47.1281525 ], [ 28.7040612, 47.1281514 ], [ 28.70406, 47.1281511 ], [ 28.7040589, 47.1281506 ], [ 28.7040579, 47.1281501 ], [ 28.7040569, 47.1281496 ], [ 28.704056, 47.1281489 ], [ 28.7040552, 47.1281482 ], [ 28.7040545, 47.1281475 ], [ 28.704054, 47.1281467 ], [ 28.7040535, 47.1281459 ], [ 28.7040532, 47.128145 ], [ 28.7040529, 47.1281442 ], [ 28.7040528, 47.1281433 ], [ 28.7040529, 47.1281424 ], [ 28.704053, 47.1281415 ], [ 28.7040533, 47.1281407 ], [ 28.7040537, 47.1281398 ], [ 28.7040655, 47.1281189 ], [ 28.704066, 47.1281181 ], [ 28.7040667, 47.1281173 ], [ 28.7040674, 47.1281166 ], [ 28.7040682, 47.128116 ] ] ], [ [ [ 28.7022888, 47.1283103 ], [ 28.7023048, 47.1282831 ], [ 28.7023053, 47.1282825 ], [ 28.7023058, 47.1282818 ], [ 28.7023178, 47.1282683 ], [ 28.702318, 47.1282681 ], [ 28.7023177, 47.128268 ], [ 28.7022811, 47.1282528 ], [ 28.7022808, 47.1282527 ], [ 28.7022806, 47.1282529 ], [ 28.7022672, 47.128268 ], [ 28.7022671, 47.1282681 ], [ 28.7022664, 47.128269 ], [ 28.7022661, 47.1282693 ], [ 28.7022656, 47.1282702 ], [ 28.7022655, 47.1282703 ], [ 28.7022484, 47.1282993 ], [ 28.7022483, 47.1282995 ], [ 28.7022486, 47.1282996 ], [ 28.7022883, 47.1283105 ], [ 28.7022886, 47.1283105 ], [ 28.7022888, 47.1283103 ] ] ], [ [ [ 28.7021752, 47.1284796 ], [ 28.7021877, 47.1284647 ], [ 28.7021884, 47.1284639 ], [ 28.7021892, 47.1284632 ], [ 28.7021901, 47.1284626 ], [ 28.7021911, 47.128462 ], [ 28.7021922, 47.1284615 ], [ 28.7021933, 47.1284611 ], [ 28.7021945, 47.1284608 ], [ 28.7021958, 47.1284605 ], [ 28.702197, 47.1284603 ], [ 28.7021979, 47.1284602 ], [ 28.7021981, 47.1284602 ], [ 28.7021983, 47.12846 ], [ 28.7022093, 47.1284455 ], [ 28.7022094, 47.1284453 ], [ 28.7022101, 47.1284442 ], [ 28.7022102, 47.128444 ], [ 28.7022216, 47.1284247 ], [ 28.7022224, 47.1284236 ], [ 28.7022508, 47.1283899 ], [ 28.7022515, 47.1283891 ], [ 28.7022523, 47.1283884 ], [ 28.7022533, 47.1283878 ], [ 28.7022543, 47.1283872 ], [ 28.7022554, 47.1283867 ], [ 28.7022565, 47.1283863 ], [ 28.7022577, 47.1283859 ], [ 28.702259, 47.1283856 ], [ 28.7022603, 47.1283855 ], [ 28.7022616, 47.1283854 ], [ 28.7022629, 47.1283854 ], [ 28.7022642, 47.1283855 ], [ 28.7022655, 47.1283856 ], [ 28.7022667, 47.1283859 ], [ 28.702268, 47.1283862 ], [ 28.7022691, 47.1283867 ], [ 28.7022702, 47.1283872 ], [ 28.7022706, 47.1283874 ], [ 28.7022709, 47.1283875 ], [ 28.702288, 47.1283939 ], [ 28.7022891, 47.1283944 ], [ 28.7022901, 47.1283949 ], [ 28.702291, 47.1283955 ], [ 28.7022919, 47.1283961 ], [ 28.7022926, 47.1283968 ], [ 28.7022933, 47.1283975 ], [ 28.7022938, 47.1283983 ], [ 28.7022943, 47.1283991 ], [ 28.7022946, 47.1283999 ], [ 28.7022948, 47.1284008 ], [ 28.7022949, 47.1284016 ], [ 28.7022949, 47.1284025 ], [ 28.7022947, 47.1284033 ], [ 28.7022944, 47.1284042 ], [ 28.702294, 47.128405 ], [ 28.7022935, 47.1284058 ], [ 28.7022929, 47.1284065 ], [ 28.7022033, 47.1285055 ], [ 28.7022032, 47.1285056 ], [ 28.7022034, 47.1285058 ], [ 28.7022301, 47.128517 ], [ 28.7022311, 47.1285175 ], [ 28.7022321, 47.1285181 ], [ 28.702233, 47.1285187 ], [ 28.7022338, 47.1285194 ], [ 28.7022345, 47.1285201 ], [ 28.7022351, 47.1285209 ], [ 28.7022356, 47.1285217 ], [ 28.702236, 47.1285225 ], [ 28.7022362, 47.1285234 ], [ 28.7022363, 47.1285242 ], [ 28.7022363, 47.1285251 ], [ 28.7022363, 47.1285255 ], [ 28.7022363, 47.1285257 ], [ 28.7022365, 47.1285258 ], [ 28.7022652, 47.1285338 ], [ 28.7022664, 47.1285342 ], [ 28.7022675, 47.1285347 ], [ 28.7022686, 47.1285352 ], [ 28.7022695, 47.1285358 ], [ 28.7022702, 47.1285363 ], [ 28.7022703, 47.1285364 ], [ 28.7022706, 47.1285365 ], [ 28.702296, 47.1285493 ], [ 28.7022971, 47.12855 ], [ 28.7022981, 47.1285507 ], [ 28.7022989, 47.1285514 ], [ 28.7022989, 47.1285514 ], [ 28.7022992, 47.1285516 ], [ 28.702334, 47.1285686 ], [ 28.7023343, 47.1285687 ], [ 28.7023346, 47.1285686 ], [ 28.7023358, 47.1285683 ], [ 28.7023371, 47.1285681 ], [ 28.7023384, 47.1285679 ], [ 28.7023397, 47.1285679 ], [ 28.702341, 47.1285679 ], [ 28.7023423, 47.1285681 ], [ 28.7023436, 47.1285683 ], [ 28.7023449, 47.1285686 ], [ 28.702346, 47.1285689 ], [ 28.7023472, 47.1285694 ], [ 28.7023482, 47.1285699 ], [ 28.7023492, 47.1285705 ], [ 28.7023501, 47.1285712 ], [ 28.7023509, 47.1285719 ], [ 28.7023515, 47.1285727 ], [ 28.7023521, 47.1285735 ], [ 28.7023525, 47.1285744 ], [ 28.7023528, 47.1285753 ], [ 28.702353, 47.1285761 ], [ 28.702353, 47.128577 ], [ 28.7023529, 47.1285779 ], [ 28.7023527, 47.1285788 ], [ 28.7023524, 47.1285797 ], [ 28.7023523, 47.1285799 ], [ 28.7023525, 47.12858 ], [ 28.7023888, 47.1285956 ], [ 28.7023891, 47.1285957 ], [ 28.7023893, 47.1285955 ], [ 28.7024183, 47.128564 ], [ 28.702419, 47.1285633 ], [ 28.7024199, 47.1285626 ], [ 28.7024208, 47.128562 ], [ 28.7024219, 47.1285615 ], [ 28.702423, 47.128561 ], [ 28.7024234, 47.1285608 ], [ 28.7024222, 47.1285605 ], [ 28.7024211, 47.12856 ], [ 28.7023852, 47.1285446 ], [ 28.7023849, 47.1285445 ], [ 28.7023843, 47.1285447 ], [ 28.7023831, 47.1285449 ], [ 28.7023819, 47.1285451 ], [ 28.7023806, 47.1285452 ], [ 28.7023794, 47.1285453 ], [ 28.7023781, 47.1285452 ], [ 28.7023768, 47.1285451 ], [ 28.7023756, 47.1285449 ], [ 28.7023744, 47.1285446 ], [ 28.7023733, 47.1285442 ], [ 28.7023722, 47.1285438 ], [ 28.7023712, 47.1285432 ], [ 28.7023702, 47.1285427 ], [ 28.7023694, 47.128542 ], [ 28.7023686, 47.1285413 ], [ 28.702368, 47.1285406 ], [ 28.7023674, 47.1285398 ], [ 28.702367, 47.128539 ], [ 28.7023666, 47.1285382 ], [ 28.7023666, 47.128538 ], [ 28.7023663, 47.1285378 ], [ 28.7023466, 47.1285282 ], [ 28.7023456, 47.1285276 ], [ 28.7023447, 47.1285271 ], [ 28.7023439, 47.1285264 ], [ 28.7023432, 47.1285257 ], [ 28.7023425, 47.128525 ], [ 28.702342, 47.1285242 ], [ 28.7023416, 47.1285234 ], [ 28.7023413, 47.1285226 ], [ 28.7023411, 47.1285217 ], [ 28.7023411, 47.1285212 ], [ 28.7023411, 47.1285211 ], [ 28.7023408, 47.1285209 ], [ 28.7023071, 47.1285039 ], [ 28.7023061, 47.1285033 ], [ 28.7023052, 47.1285027 ], [ 28.7023043, 47.128502 ], [ 28.7023036, 47.1285012 ], [ 28.702303, 47.1285004 ], [ 28.7023025, 47.1284995 ], [ 28.7023021, 47.1284986 ], [ 28.7023019, 47.1284977 ], [ 28.7023018, 47.1284968 ], [ 28.7023019, 47.1284959 ], [ 28.702302, 47.128495 ], [ 28.7023024, 47.1284941 ], [ 28.7023028, 47.1284933 ], [ 28.702304, 47.1284913 ], [ 28.7023043, 47.1284908 ], [ 28.7023388, 47.1284428 ], [ 28.7023389, 47.1284428 ], [ 28.702339, 47.1284425 ], [ 28.7023391, 47.1284425 ], [ 28.7023482, 47.1284291 ], [ 28.7023488, 47.1284283 ], [ 28.7023495, 47.1284276 ], [ 28.7023503, 47.1284269 ], [ 28.7023513, 47.1284262 ], [ 28.7023523, 47.1284257 ], [ 28.7023534, 47.1284252 ], [ 28.7023545, 47.1284248 ], [ 28.7023557, 47.1284244 ], [ 28.702357, 47.1284242 ], [ 28.7023583, 47.128424 ], [ 28.7023596, 47.1284239 ], [ 28.7023609, 47.1284239 ], [ 28.7023622, 47.128424 ], [ 28.7023635, 47.1284242 ], [ 28.7023647, 47.1284245 ], [ 28.7023659, 47.1284248 ], [ 28.7023671, 47.1284253 ], [ 28.7023808, 47.1284311 ], [ 28.7023811, 47.1284312 ], [ 28.7023813, 47.128431 ], [ 28.7024047, 47.1284053 ], [ 28.7024054, 47.1284046 ], [ 28.7024062, 47.128404 ], [ 28.7024071, 47.1284034 ], [ 28.7024081, 47.1284028 ], [ 28.7024092, 47.1284023 ], [ 28.7024103, 47.1284019 ], [ 28.7024115, 47.1284016 ], [ 28.7024127, 47.1284014 ], [ 28.702414, 47.1284012 ], [ 28.7024153, 47.1284011 ], [ 28.7024165, 47.1284011 ], [ 28.7024164, 47.128401 ], [ 28.7024156, 47.1284003 ], [ 28.7024149, 47.1283995 ], [ 28.7024144, 47.1283987 ], [ 28.702414, 47.1283979 ], [ 28.7024137, 47.128397 ], [ 28.7024135, 47.1283961 ], [ 28.7024135, 47.1283957 ], [ 28.7024132, 47.1283956 ], [ 28.7023904, 47.1283859 ], [ 28.7023893, 47.1283854 ], [ 28.7023884, 47.1283848 ], [ 28.7023875, 47.1283842 ], [ 28.7023867, 47.1283835 ], [ 28.702386, 47.1283828 ], [ 28.7023854, 47.128382 ], [ 28.7023849, 47.1283812 ], [ 28.7023846, 47.1283804 ], [ 28.7023843, 47.1283795 ], [ 28.7023842, 47.1283787 ], [ 28.7023842, 47.1283778 ], [ 28.7023843, 47.1283769 ], [ 28.7023846, 47.1283761 ], [ 28.7023849, 47.1283753 ], [ 28.7023854, 47.1283745 ], [ 28.7024061, 47.1283441 ], [ 28.7024062, 47.1283439 ], [ 28.7024059, 47.1283438 ], [ 28.7024014, 47.1283423 ], [ 28.7024003, 47.128342 ], [ 28.7023994, 47.1283415 ], [ 28.7023984, 47.1283411 ], [ 28.7023976, 47.1283405 ], [ 28.7023969, 47.12834 ], [ 28.7023968, 47.12834 ], [ 28.7023966, 47.1283399 ], [ 28.7023789, 47.1283342 ], [ 28.7023777, 47.1283338 ], [ 28.7023766, 47.1283333 ], [ 28.7023756, 47.1283327 ], [ 28.7023747, 47.1283321 ], [ 28.7023738, 47.1283314 ], [ 28.7023731, 47.1283307 ], [ 28.7023725, 47.1283299 ], [ 28.702372, 47.128329 ], [ 28.7023716, 47.1283282 ], [ 28.7023714, 47.1283273 ], [ 28.7023713, 47.1283264 ], [ 28.7023713, 47.1283255 ], [ 28.7023714, 47.1283246 ], [ 28.7023717, 47.1283238 ], [ 28.7023721, 47.1283229 ], [ 28.7023726, 47.1283221 ], [ 28.7023733, 47.1283213 ], [ 28.7023981, 47.1282941 ], [ 28.7023982, 47.1282939 ], [ 28.702398, 47.1282938 ], [ 28.7023943, 47.1282922 ], [ 28.7023932, 47.1282917 ], [ 28.7023922, 47.1282911 ], [ 28.7023912, 47.1282904 ], [ 28.7023904, 47.1282896 ], [ 28.7023897, 47.1282888 ], [ 28.7023891, 47.128288 ], [ 28.7023891, 47.128288 ], [ 28.7023888, 47.1282879 ], [ 28.7023701, 47.1282819 ], [ 28.7023688, 47.1282814 ], [ 28.7023616, 47.1282783 ], [ 28.7023613, 47.1282782 ], [ 28.7023611, 47.1282782 ], [ 28.7023601, 47.1282781 ], [ 28.7023588, 47.128278 ], [ 28.7023574, 47.1282777 ], [ 28.7023561, 47.1282774 ], [ 28.7023501, 47.1282754 ], [ 28.7023498, 47.1282753 ], [ 28.7023496, 47.1282755 ], [ 28.7023053, 47.1283396 ], [ 28.7023045, 47.1283405 ], [ 28.7022999, 47.1283456 ], [ 28.7022994, 47.1283462 ], [ 28.7022994, 47.1283462 ], [ 28.7022987, 47.128347 ], [ 28.7022979, 47.1283477 ], [ 28.702297, 47.1283484 ], [ 28.702296, 47.1283489 ], [ 28.7022949, 47.1283495 ], [ 28.7022938, 47.1283499 ], [ 28.7022926, 47.1283503 ], [ 28.7022914, 47.1283505 ], [ 28.7022901, 47.1283507 ], [ 28.7022888, 47.1283508 ], [ 28.7022875, 47.1283509 ], [ 28.7022862, 47.1283508 ], [ 28.7022849, 47.1283506 ], [ 28.7022837, 47.1283504 ], [ 28.7022825, 47.1283501 ], [ 28.7022813, 47.1283497 ], [ 28.7022761, 47.1283476 ], [ 28.702275, 47.1283471 ], [ 28.702274, 47.1283466 ], [ 28.702273, 47.128346 ], [ 28.7022722, 47.1283453 ], [ 28.7022714, 47.1283446 ], [ 28.7022708, 47.1283438 ], [ 28.7022703, 47.128343 ], [ 28.7022701, 47.1283426 ], [ 28.70227, 47.1283424 ], [ 28.7022697, 47.1283423 ], [ 28.70223, 47.1283314 ], [ 28.7022297, 47.1283313 ], [ 28.7022295, 47.1283315 ], [ 28.7021831, 47.1284105 ], [ 28.7021823, 47.1284117 ], [ 28.7021374, 47.1284648 ], [ 28.7021373, 47.128465 ], [ 28.7021376, 47.1284651 ], [ 28.7021747, 47.1284797 ], [ 28.702175, 47.1284798 ], [ 28.7021752, 47.1284796 ] ] ], [ [ [ 28.7025977, 47.1285793 ], [ 28.7025986, 47.1285799 ], [ 28.7025994, 47.1285806 ], [ 28.7026002, 47.1285813 ], [ 28.7026008, 47.128582 ], [ 28.7026013, 47.1285829 ], [ 28.7026017, 47.1285837 ], [ 28.702602, 47.1285846 ], [ 28.7026021, 47.1285854 ], [ 28.7026022, 47.1285863 ], [ 28.7026021, 47.1285872 ], [ 28.7026018, 47.1285881 ], [ 28.7026015, 47.1285889 ], [ 28.702601, 47.1285897 ], [ 28.7026004, 47.1285905 ], [ 28.7025814, 47.1286129 ], [ 28.7025813, 47.1286131 ], [ 28.7025816, 47.1286132 ], [ 28.7026186, 47.1286279 ], [ 28.7026189, 47.128628 ], [ 28.7026191, 47.1286278 ], [ 28.7026686, 47.1285693 ], [ 28.7026688, 47.1285692 ], [ 28.7026685, 47.128569 ], [ 28.7026456, 47.12856 ], [ 28.7026446, 47.1285595 ], [ 28.7026435, 47.128559 ], [ 28.7026426, 47.1285584 ], [ 28.7026418, 47.1285577 ], [ 28.702641, 47.128557 ], [ 28.7026404, 47.1285562 ], [ 28.7026399, 47.1285554 ], [ 28.7026395, 47.1285546 ], [ 28.7026392, 47.1285537 ], [ 28.7026391, 47.1285528 ], [ 28.7026391, 47.1285519 ], [ 28.7026392, 47.1285511 ], [ 28.7026394, 47.1285502 ], [ 28.7026398, 47.1285493 ], [ 28.7026402, 47.1285485 ], [ 28.7026408, 47.1285477 ], [ 28.7026489, 47.1285382 ], [ 28.702649, 47.128538 ], [ 28.7026488, 47.1285379 ], [ 28.7026116, 47.1285233 ], [ 28.7026114, 47.1285232 ], [ 28.7026112, 47.1285233 ], [ 28.7025727, 47.128569 ], [ 28.7025725, 47.1285692 ], [ 28.7025728, 47.1285693 ], [ 28.7025956, 47.1285782 ], [ 28.7025967, 47.1285787 ], [ 28.7025977, 47.1285793 ] ] ], [ [ [ 28.7030828, 47.1284437 ], [ 28.703083, 47.1284436 ], [ 28.703116, 47.1284062 ], [ 28.7031162, 47.128406 ], [ 28.7031159, 47.1284059 ], [ 28.7030792, 47.1283908 ], [ 28.7030789, 47.1283907 ], [ 28.7030787, 47.1283909 ], [ 28.7030457, 47.1284283 ], [ 28.7030456, 47.1284284 ], [ 28.7030459, 47.1284286 ], [ 28.7030826, 47.1284436 ], [ 28.7030828, 47.1284437 ] ] ] ] } },
{ "type": "Feature", "properties": { "vineyard_id": "V05", "n_rows": 5, "row_spacing_m": 3.0, "vine_spacing_m": 1.3, "area_m2": 64.99 }, "geometry": { "type": "MultiPolygon", "coordinates": [ [ [ [ 28.702964, 47.1278203 ], [ 28.7029642, 47.1278204 ], [ 28.7030018, 47.1278345 ], [ 28.7030021, 47.1278346 ], [ 28.7030022, 47.1278344 ], [ 28.7030149, 47.1278186 ], [ 28.7030156, 47.1278179 ], [ 28.7030164, 47.1278171 ], [ 28.7030173, 47.1278165 ], [ 28.7030184, 47.1278159 ], [ 28.7030195, 47.1278153 ], [ 28.7030206, 47.1278149 ], [ 28.7030219, 47.1278145 ], [ 28.7030231, 47.1278143 ], [ 28.7030238, 47.1278142 ], [ 28.7030239, 47.127814 ], [ 28.7030367, 47.1277921 ], [ 28.7030372, 47.1277914 ], [ 28.7030377, 47.1277908 ], [ 28.7030412, 47.1277868 ], [ 28.7030419, 47.1277861 ], [ 28.7030427, 47.1277854 ], [ 28.7030436, 47.1277848 ], [ 28.7030446, 47.1277843 ], [ 28.7030457, 47.1277838 ], [ 28.7030468, 47.1277834 ], [ 28.7030479, 47.127783 ], [ 28.7030492, 47.1277828 ], [ 28.7030504, 47.1277826 ], [ 28.7030517, 47.1277825 ], [ 28.7030529, 47.1277825 ], [ 28.7030542, 47.1277825 ], [ 28.7030554, 47.1277827 ], [ 28.7030567, 47.1277829 ], [ 28.7030578, 47.1277832 ], [ 28.703059, 47.1277836 ], [ 28.7030601, 47.1277841 ], [ 28.7030736, 47.1277905 ], [ 28.7030739, 47.1277906 ], [ 28.7030739, 47.1277906 ], [ 28.7030752, 47.1277908 ], [ 28.7030764, 47.1277911 ], [ 28.7030777, 47.1277915 ], [ 28.7030789, 47.127792 ], [ 28.7030905, 47.1277972 ], [ 28.7030908, 47.1277973 ], [ 28.7030909, 47.1277971 ], [ 28.7031076, 47.1277798 ], [ 28.7031077, 47.1277796 ], [ 28.7031075, 47.1277795 ], [ 28.7030716, 47.1277635 ], [ 28.7030714, 47.1277634 ], [ 28.7030709, 47.1277632 ], [ 28.7030708, 47.1277632 ], [ 28.7030697, 47.1277628 ], [ 28.7030687, 47.1277624 ], [ 28.7030562, 47.1277564 ], [ 28.703056, 47.1277563 ], [ 28.7030555, 47.1277565 ], [ 28.7030552, 47.1277566 ], [ 28.7030541, 47.127757 ], [ 28.7030528, 47.1277573 ], [ 28.7030516, 47.1277576 ], [ 28.7030503, 47.1277577 ], [ 28.7030489, 47.1277578 ], [ 28.7030476, 47.1277578 ], [ 28.7030463, 47.1277576 ], [ 28.703045, 47.1277574 ], [ 28.7030438, 47.1277571 ], [ 28.7030356, 47.1277549 ], [ 28.7030347, 47.1277546 ], [ 28.7030337, 47.1277543 ], [ 28.7030234, 47.12775 ], [ 28.7030231, 47.1277499 ], [ 28.703023, 47.1277499 ], [ 28.7030217, 47.12775 ], [ 28.7030205, 47.1277501 ], [ 28.7030192, 47.12775 ], [ 28.703018, 47.1277499 ], [ 28.7030168, 47.1277497 ], [ 28.7030156, 47.1277494 ], [ 28.7030153, 47.1277493 ], [ 28.703015, 47.1277493 ], [ 28.7030149, 47.1277495 ], [ 28.7029985, 47.1277775 ], [ 28.702998, 47.1277781 ], [ 28.7029975, 47.1277788 ], [ 28.7029959, 47.1277806 ], [ 28.7029958, 47.1277807 ], [ 28.7029954, 47.1277812 ], [ 28.7029953, 47.1277813 ], [ 28.7029641, 47.1278201 ], [ 28.702964, 47.1278203 ] ] ], [ [ [ 28.702833, 47.1278 ], [ 28.7028333, 47.1278001 ], [ 28.7028699, 47.1278153 ], [ 28.7028702, 47.1278154 ], [ 28.7028704, 47.1278152 ], [ 28.7029189, 47.1277606 ], [ 28.702919, 47.1277604 ], [ 28.7029188, 47.1277603 ], [ 28.7028821, 47.1277451 ], [ 28.7028819, 47.127745 ], [ 28.7028817, 47.1277452 ], [ 28.7028332, 47.1277998 ], [ 28.702833, 47.1278 ] ] ] ] } },
{ "type": "Feature", "properties": { "vineyard_id": "V06", "n_rows": 13, "row_spacing_m": 4.15, "vine_spacing_m": 1.2, "area_m2": 1652.08 }, "geometry": { "type": "Polygon", "coordinates": [ [ [ 28.7053618, 47.1260526 ], [ 28.7053619, 47.1260528 ], [ 28.7053749, 47.1260734 ], [ 28.7053752, 47.1260739 ], [ 28.7053836, 47.1260898 ], [ 28.7053837, 47.12609 ], [ 28.705384, 47.1260899 ], [ 28.7054379, 47.1260766 ], [ 28.7054391, 47.1260763 ], [ 28.7054404, 47.1260761 ], [ 28.7054417, 47.1260761 ], [ 28.7054431, 47.1260761 ], [ 28.7054444, 47.1260761 ], [ 28.7054457, 47.1260763 ], [ 28.7054469, 47.1260766 ], [ 28.7054481, 47.1260769 ], [ 28.7054493, 47.1260774 ], [ 28.7054504, 47.1260779 ], [ 28.7054514, 47.1260785 ], [ 28.7054523, 47.1260791 ], [ 28.7054531, 47.1260798 ], [ 28.7054538, 47.1260806 ], [ 28.7054544, 47.1260814 ], [ 28.7054549, 47.1260822 ], [ 28.7054609, 47.1260947 ], [ 28.7054612, 47.1260952 ], [ 28.7054948, 47.1261814 ], [ 28.7054948, 47.1261815 ], [ 28.7054951, 47.1261822 ], [ 28.7054951, 47.1261823 ], [ 28.7054998, 47.1261925 ], [ 28.7055001, 47.1261933 ], [ 28.7055003, 47.1261942 ], [ 28.7055004, 47.1261951 ], [ 28.7055003, 47.1261959 ], [ 28.7055001, 47.1261968 ], [ 28.7054998, 47.1261977 ], [ 28.7054994, 47.1261985 ], [ 28.7054989, 47.1261993 ], [ 28.7054982, 47.1262 ], [ 28.7054975, 47.1262008 ], [ 28.7054966, 47.1262014 ], [ 28.7054957, 47.126202 ], [ 28.7054947, 47.1262025 ], [ 28.7054936, 47.126203 ], [ 28.7054924, 47.1262034 ], [ 28.7054912, 47.1262037 ], [ 28.70549, 47.1262039 ], [ 28.7054703, 47.1262068 ], [ 28.70547, 47.1262069 ], [ 28.7054701, 47.1262071 ], [ 28.7054805, 47.1262399 ], [ 28.7054805, 47.1262402 ], [ 28.7054813, 47.126242 ], [ 28.7054814, 47.1262422 ], [ 28.7054978, 47.1262763 ], [ 28.705498, 47.1262766 ], [ 28.7054998, 47.1262802 ], [ 28.7055002, 47.1262811 ], [ 28.7055005, 47.126282 ], [ 28.7055006, 47.1262829 ], [ 28.7055006, 47.1262838 ], [ 28.7055004, 47.1262847 ], [ 28.7055001, 47.1262855 ], [ 28.7054997, 47.1262864 ], [ 28.7054992, 47.1262872 ], [ 28.7054985, 47.126288 ], [ 28.7054978, 47.1262887 ], [ 28.7054969, 47.1262894 ], [ 28.705496, 47.12629 ], [ 28.7054949, 47.1262906 ], [ 28.7054938, 47.1262911 ], [ 28.7054926, 47.1262915 ], [ 28.7054914, 47.1262918 ], [ 28.7054904, 47.1262919 ], [ 28.70549, 47.126292 ], [ 28.7054342, 47.1263062 ], [ 28.7054339, 47.1263063 ], [ 28.705434, 47.1263065 ], [ 28.7054598, 47.1263541 ], [ 28.7054599, 47.1263542 ], [ 28.7054942, 47.1264219 ], [ 28.7054942, 47.126422 ], [ 28.7054947, 47.1264229 ], [ 28.7054948, 47.126423 ], [ 28.7055145, 47.1264562 ], [ 28.7055146, 47.1264564 ], [ 28.7055149, 47.1264563 ], [ 28.7055667, 47.126442 ], [ 28.705568, 47.1264417 ], [ 28.7055693, 47.1264415 ], [ 28.7055706, 47.1264413 ], [ 28.7055719, 47.1264413 ], [ 28.7055732, 47.1264414 ], [ 28.7055745, 47.1264415 ], [ 28.7055758, 47.1264418 ], [ 28.705577, 47.1264421 ], [ 28.7055782, 47.1264425 ], [ 28.7055793, 47.126443 ], [ 28.7055804, 47.1264435 ], [ 28.7055813, 47.1264442 ], [ 28.7055822, 47.1264448 ], [ 28.7055829, 47.1264456 ], [ 28.7055836, 47.1264464 ], [ 28.7055841, 47.1264472 ], [ 28.7055842, 47.1264474 ], [ 28.7056025, 47.1264802 ], [ 28.7056029, 47.1264811 ], [ 28.7056032, 47.126482 ], [ 28.7056034, 47.1264828 ], [ 28.7056034, 47.1264838 ], [ 28.7056033, 47.1264847 ], [ 28.705603, 47.1264855 ], [ 28.7056027, 47.1264864 ], [ 28.7056022, 47.1264872 ], [ 28.7056015, 47.126488 ], [ 28.7056008, 47.1264888 ], [ 28.7056, 47.1264895 ], [ 28.705599, 47.1264901 ], [ 28.705598, 47.1264907 ], [ 28.7055969, 47.1264912 ], [ 28.7055957, 47.1264916 ], [ 28.7055945, 47.1264919 ], [ 28.7055719, 47.1264972 ], [ 28.7055712, 47.1264974 ], [ 28.70557, 47.1264977 ], [ 28.7055688, 47.1264979 ], [ 28.7055676, 47.126498 ], [ 28.7055663, 47.1264981 ], [ 28.7055651, 47.126498 ], [ 28.7055647, 47.126498 ], [ 28.7055644, 47.1264981 ], [ 28.7055085, 47.126512 ], [ 28.7055082, 47.126512 ], [ 28.7055083, 47.1265122 ], [ 28.7055205, 47.1265351 ], [ 28.7055206, 47.1265353 ], [ 28.7055209, 47.1265352 ], [ 28.7055703, 47.1265229 ], [ 28.7055715, 47.1265227 ], [ 28.7055728, 47.1265225 ], [ 28.7055741, 47.1265224 ], [ 28.7055754, 47.1265224 ], [ 28.7055767, 47.1265225 ], [ 28.705578, 47.1265227 ], [ 28.7055793, 47.1265229 ], [ 28.7055805, 47.1265233 ], [ 28.7055816, 47.1265237 ], [ 28.7055827, 47.1265242 ], [ 28.7055837, 47.1265248 ], [ 28.7055846, 47.1265254 ], [ 28.7055854, 47.1265261 ], [ 28.7055862, 47.1265269 ], [ 28.7055868, 47.1265277 ], [ 28.7055872, 47.1265285 ], [ 28.7056138, 47.1265813 ], [ 28.7056139, 47.1265815 ], [ 28.7056142, 47.1265815 ], [ 28.705637, 47.1265762 ], [ 28.7056382, 47.1265759 ], [ 28.7056395, 47.1265758 ], [ 28.7056408, 47.1265757 ], [ 28.7056421, 47.1265757 ], [ 28.7056434, 47.1265758 ], [ 28.7056446, 47.126576 ], [ 28.7056459, 47.1265762 ], [ 28.7056471, 47.1265766 ], [ 28.7056482, 47.126577 ], [ 28.7056493, 47.1265775 ], [ 28.7056503, 47.1265781 ], [ 28.7056512, 47.1265787 ], [ 28.705652, 47.1265794 ], [ 28.7056527, 47.1265802 ], [ 28.7056533, 47.126581 ], [ 28.7056537, 47.1265818 ], [ 28.7056791, 47.1266333 ], [ 28.7056792, 47.1266335 ], [ 28.7056795, 47.1266334 ], [ 28.7057029, 47.126628 ], [ 28.7057042, 47.1266278 ], [ 28.7057055, 47.1266276 ], [ 28.7057068, 47.1266276 ], [ 28.7057081, 47.1266276 ], [ 28.7057093, 47.1266277 ], [ 28.7057106, 47.1266279 ], [ 28.7057118, 47.1266282 ], [ 28.705713, 47.1266285 ], [ 28.7057142, 47.1266289 ], [ 28.7057152, 47.1266295 ], [ 28.7057162, 47.12663 ], [ 28.7057171, 47.1266307 ], [ 28.7057179, 47.1266314 ], [ 28.7057186, 47.1266321 ], [ 28.7057192, 47.1266329 ], [ 28.7057196, 47.1266337 ], [ 28.7057321, 47.1266592 ], [ 28.7057323, 47.1266596 ], [ 28.705754, 47.1267107 ], [ 28.7057541, 47.1267109 ], [ 28.7057544, 47.1267108 ], [ 28.7057814, 47.1267055 ], [ 28.7057827, 47.1267053 ], [ 28.705784, 47.1267052 ], [ 28.7057853, 47.1267051 ], [ 28.7057866, 47.1267052 ], [ 28.7057879, 47.1267053 ], [ 28.7057891, 47.1267056 ], [ 28.7057904, 47.1267059 ], [ 28.7057915, 47.1267063 ], [ 28.7057926, 47.1267068 ], [ 28.7057937, 47.1267073 ], [ 28.7057946, 47.1267079 ], [ 28.7057955, 47.1267086 ], [ 28.7057962, 47.1267093 ], [ 28.7057969, 47.1267101 ], [ 28.7057974, 47.1267109 ], [ 28.7057978, 47.1267118 ], [ 28.7058052, 47.1267305 ], [ 28.7058053, 47.1267307 ], [ 28.7058056, 47.1267306 ], [ 28.7058631, 47.12672 ], [ 28.7058634, 47.1267199 ], [ 28.7058633, 47.1267197 ], [ 28.70586, 47.1267113 ], [ 28.7058597, 47.1267105 ], [ 28.7058595, 47.1267096 ], [ 28.7058595, 47.1267088 ], [ 28.7058596, 47.1267079 ], [ 28.7058598, 47.126707 ], [ 28.7058601, 47.1267062 ], [ 28.7058606, 47.1267054 ], [ 28.7058611, 47.1267046 ], [ 28.7058618, 47.1267039 ], [ 28.7058625, 47.1267032 ], [ 28.7058634, 47.1267026 ], [ 28.7058643, 47.126702 ], [ 28.7058653, 47.1267015 ], [ 28.7058664, 47.126701 ], [ 28.7058676, 47.1267007 ], [ 28.7058687, 47.1267004 ], [ 28.7058894, 47.126696 ], [ 28.7058906, 47.1266957 ], [ 28.7058919, 47.1266956 ], [ 28.7058933, 47.1266956 ], [ 28.7058946, 47.1266956 ], [ 28.7058959, 47.1266957 ], [ 28.7058972, 47.126696 ], [ 28.7058984, 47.1266963 ], [ 28.7058996, 47.1266967 ], [ 28.7059007, 47.1266971 ], [ 28.7059018, 47.1266977 ], [ 28.7059028, 47.1266983 ], [ 28.7059036, 47.126699 ], [ 28.7059044, 47.1266997 ], [ 28.7059051, 47.1267005 ], [ 28.7059056, 47.1267013 ], [ 28.705906, 47.1267022 ], [ 28.705911, 47.1267147 ], [ 28.7059111, 47.1267149 ], [ 28.7059114, 47.1267148 ], [ 28.7059688, 47.1267041 ], [ 28.7059691, 47.126704 ], [ 28.7059691, 47.1267038 ], [ 28.7059344, 47.1266174 ], [ 28.7059343, 47.1266173 ], [ 28.7059017, 47.1265302 ], [ 28.7059016, 47.1265301 ], [ 28.7059012, 47.126529 ], [ 28.7059012, 47.1265289 ], [ 28.7058965, 47.1265189 ], [ 28.7058964, 47.1265187 ], [ 28.7058961, 47.1265188 ], [ 28.7058442, 47.12653 ], [ 28.7058429, 47.1265303 ], [ 28.7058417, 47.1265304 ], [ 28.7058404, 47.1265305 ], [ 28.7058391, 47.1265304 ], [ 28.7058379, 47.1265303 ], [ 28.7058366, 47.1265301 ], [ 28.7058354, 47.1265299 ], [ 28.7058342, 47.1265295 ], [ 28.7058331, 47.1265291 ], [ 28.7058321, 47.1265286 ], [ 28.7058311, 47.126528 ], [ 28.7058302, 47.1265274 ], [ 28.7058294, 47.1265267 ], [ 28.7058288, 47.126526 ], [ 28.7058282, 47.1265252 ], [ 28.7058277, 47.1265244 ], [ 28.7058086, 47.1264865 ], [ 28.7058085, 47.1264864 ], [ 28.7058029, 47.1264749 ], [ 28.7058025, 47.126474 ], [ 28.7058023, 47.1264731 ], [ 28.7058022, 47.1264722 ], [ 28.7058022, 47.1264714 ], [ 28.7058024, 47.1264705 ], [ 28.7058027, 47.1264696 ], [ 28.7058031, 47.1264688 ], [ 28.7058036, 47.1264679 ], [ 28.7058043, 47.1264672 ], [ 28.705805, 47.1264664 ], [ 28.7058059, 47.1264658 ], [ 28.7058068, 47.1264652 ], [ 28.7058079, 47.1264646 ], [ 28.705809, 47.1264642 ], [ 28.7058102, 47.1264638 ], [ 28.7058114, 47.1264635 ], [ 28.7058126, 47.1264632 ], [ 28.7058562, 47.1264569 ], [ 28.7058565, 47.1264568 ], [ 28.7058565, 47.1264566 ], [ 28.7058511, 47.1264392 ], [ 28.705851, 47.1264391 ], [ 28.7058506, 47.1264379 ], [ 28.7058506, 47.1264378 ], [ 28.7058363, 47.1264032 ], [ 28.7058363, 47.1264031 ], [ 28.7058359, 47.1264023 ], [ 28.7058359, 47.1264022 ], [ 28.7057785, 47.1262845 ], [ 28.7057781, 47.1262837 ], [ 28.7057779, 47.1262828 ], [ 28.7057778, 47.126282 ], [ 28.7057778, 47.1262811 ], [ 28.705778, 47.1262802 ], [ 28.7057782, 47.1262793 ], [ 28.7057786, 47.1262785 ], [ 28.7057792, 47.1262777 ], [ 28.7057798, 47.1262769 ], [ 28.7057805, 47.1262762 ], [ 28.7057814, 47.1262755 ], [ 28.7057823, 47.1262749 ], [ 28.7057833, 47.1262744 ], [ 28.7057844, 47.1262739 ], [ 28.7057855, 47.1262735 ], [ 28.7057867, 47.1262732 ], [ 28.7058268, 47.126264 ], [ 28.705827, 47.1262639 ], [ 28.705827, 47.1262637 ], [ 28.7058018, 47.1262128 ], [ 28.7058017, 47.1262127 ], [ 28.7058012, 47.1262117 ], [ 28.7058011, 47.1262116 ], [ 28.7057762, 47.1261692 ], [ 28.7057761, 47.126169 ], [ 28.7057758, 47.1261691 ], [ 28.7057497, 47.1261762 ], [ 28.7057485, 47.1261765 ], [ 28.7057473, 47.1261767 ], [ 28.705746, 47.1261768 ], [ 28.7057447, 47.1261769 ], [ 28.7057434, 47.1261768 ], [ 28.7057421, 47.1261767 ], [ 28.7057408, 47.1261764 ], [ 28.7057396, 47.1261761 ], [ 28.7057385, 47.1261757 ], [ 28.7057374, 47.1261753 ], [ 28.7057363, 47.1261747 ], [ 28.7057354, 47.1261741 ], [ 28.7057345, 47.1261735 ], [ 28.7057338, 47.1261727 ], [ 28.7057331, 47.126172 ], [ 28.7057326, 47.1261712 ], [ 28.7057322, 47.1261703 ], [ 28.7057319, 47.1261695 ], [ 28.7057233, 47.1261372 ], [ 28.7057232, 47.126137 ], [ 28.7057229, 47.126137 ], [ 28.7056644, 47.1261442 ], [ 28.7056641, 47.1261443 ], [ 28.7056636, 47.1261445 ], [ 28.7056624, 47.1261449 ], [ 28.7056612, 47.1261452 ], [ 28.70566, 47.1261455 ], [ 28.7056587, 47.1261456 ], [ 28.7056574, 47.1261457 ], [ 28.7056561, 47.1261457 ], [ 28.7056548, 47.1261455 ], [ 28.7056535, 47.1261454 ], [ 28.7056523, 47.1261451 ], [ 28.7056511, 47.1261447 ], [ 28.7056499, 47.1261443 ], [ 28.7056489, 47.1261438 ], [ 28.7056479, 47.1261432 ], [ 28.705647, 47.1261425 ], [ 28.7056462, 47.1261418 ], [ 28.7056455, 47.1261411 ], [ 28.7056449, 47.1261403 ], [ 28.7056445, 47.1261394 ], [ 28.7056382, 47.1261261 ], [ 28.7056379, 47.1261252 ], [ 28.7056377, 47.1261243 ], [ 28.7056376, 47.1261234 ], [ 28.7056376, 47.1261225 ], [ 28.7056378, 47.1261217 ], [ 28.7056381, 47.1261208 ], [ 28.7056385, 47.1261199 ], [ 28.7056391, 47.1261191 ], [ 28.7056398, 47.1261184 ], [ 28.7056405, 47.1261176 ], [ 28.7056414, 47.126117 ], [ 28.7056424, 47.1261164 ], [ 28.7056434, 47.1261158 ], [ 28.7056446, 47.1261154 ], [ 28.7056457, 47.126115 ], [ 28.705647, 47.1261147 ], [ 28.7056969, 47.1261045 ], [ 28.7056972, 47.1261044 ], [ 28.7056971, 47.1261042 ], [ 28.7056538, 47.1260055 ], [ 28.7056537, 47.1260053 ], [ 28.7056534, 47.1260053 ], [ 28.7055964, 47.126017 ], [ 28.7055961, 47.1260171 ], [ 28.7055957, 47.1260173 ], [ 28.7055956, 47.1260174 ], [ 28.7055946, 47.1260179 ], [ 28.7055935, 47.1260184 ], [ 28.7055924, 47.1260188 ], [ 28.7055913, 47.1260192 ], [ 28.7055901, 47.1260194 ], [ 28.7055888, 47.1260196 ], [ 28.7055884, 47.1260197 ], [ 28.7055881, 47.1260197 ], [ 28.7055502, 47.126028 ], [ 28.705549, 47.1260282 ], [ 28.7055477, 47.1260283 ], [ 28.7055464, 47.1260284 ], [ 28.7055451, 47.1260284 ], [ 28.7055438, 47.1260282 ], [ 28.7055425, 47.126028 ], [ 28.7055413, 47.1260277 ], [ 28.7055401, 47.1260274 ], [ 28.705539, 47.1260269 ], [ 28.7055379, 47.1260264 ], [ 28.705537, 47.1260258 ], [ 28.7055364, 47.1260254 ], [ 28.7055362, 47.1260253 ], [ 28.7055359, 47.1260253 ], [ 28.7054914, 47.1260301 ], [ 28.7054901, 47.1260301 ], [ 28.7054888, 47.1260302 ], [ 28.7054875, 47.1260301 ], [ 28.7054862, 47.1260299 ], [ 28.705485, 47.1260296 ], [ 28.7054838, 47.1260293 ], [ 28.7054826, 47.1260289 ], [ 28.7054815, 47.1260284 ], [ 28.7054805, 47.1260278 ], [ 28.7054796, 47.1260272 ], [ 28.7054788, 47.1260265 ], [ 28.705478, 47.1260258 ], [ 28.7054774, 47.126025 ], [ 28.7054769, 47.1260242 ], [ 28.7054766, 47.1260233 ], [ 28.7054763, 47.1260225 ], [ 28.7054762, 47.1260216 ], [ 28.7054762, 47.1260207 ], [ 28.7054763, 47.1260198 ], [ 28.7054766, 47.1260189 ], [ 28.705477, 47.1260181 ], [ 28.7054775, 47.1260173 ], [ 28.7054781, 47.1260165 ], [ 28.7054788, 47.1260157 ], [ 28.7054797, 47.1260151 ], [ 28.7054806, 47.1260144 ], [ 28.7054816, 47.1260139 ], [ 28.7054827, 47.1260134 ], [ 28.7054839, 47.126013 ], [ 28.7055031, 47.1260069 ], [ 28.7055034, 47.1260068 ], [ 28.7055033, 47.1260066 ], [ 28.7054881, 47.125984 ], [ 28.7054879, 47.1259838 ], [ 28.7054876, 47.1259839 ], [ 28.7054335, 47.1260009 ], [ 28.7054333, 47.126001 ], [ 28.7054334, 47.1260012 ], [ 28.7054486, 47.1260238 ], [ 28.7054488, 47.126024 ], [ 28.705449, 47.1260239 ], [ 28.7054587, 47.1260209 ], [ 28.7054599, 47.1260205 ], [ 28.7054611, 47.1260203 ], [ 28.7054624, 47.1260201 ], [ 28.7054637, 47.1260201 ], [ 28.7054651, 47.1260201 ], [ 28.7054664, 47.1260202 ], [ 28.7054676, 47.1260204 ], [ 28.7054689, 47.1260207 ], [ 28.7054701, 47.126021 ], [ 28.7054712, 47.1260215 ], [ 28.7054723, 47.126022 ], [ 28.7054733, 47.1260226 ], [ 28.7054742, 47.1260232 ], [ 28.705475, 47.1260239 ], [ 28.7054757, 47.1260247 ], [ 28.7054763, 47.1260255 ], [ 28.7054767, 47.1260263 ], [ 28.7054771, 47.1260272 ], [ 28.7054773, 47.1260281 ], [ 28.7054774, 47.126029 ], [ 28.7054773, 47.1260298 ], [ 28.7054771, 47.1260307 ], [ 28.7054768, 47.1260316 ], [ 28.7054768, 47.1260318 ], [ 28.7054779, 47.1260365 ], [ 28.705478, 47.1260374 ], [ 28.705478, 47.1260383 ], [ 28.7054779, 47.1260392 ], [ 28.7054777, 47.1260401 ], [ 28.7054773, 47.1260409 ], [ 28.7054768, 47.1260418 ], [ 28.7054761, 47.1260425 ], [ 28.7054754, 47.1260433 ], [ 28.7054745, 47.126044 ], [ 28.7054736, 47.1260446 ], [ 28.7054725, 47.1260452 ], [ 28.7054714, 47.1260457 ], [ 28.7054703, 47.1260461 ], [ 28.705469, 47.1260464 ], [ 28.7054406, 47.1260528 ], [ 28.7054406, 47.1260528 ], [ 28.70544, 47.126053 ], [ 28.7054387, 47.1260531 ], [ 28.7054375, 47.1260533 ], [ 28.7054362, 47.1260533 ], [ 28.7054349, 47.1260532 ], [ 28.7054337, 47.1260531 ], [ 28.7054325, 47.1260529 ], [ 28.7054313, 47.1260526 ], [ 28.7054302, 47.1260522 ], [ 28.7054291, 47.1260518 ], [ 28.7054281, 47.1260513 ], [ 28.7054271, 47.1260507 ], [ 28.7054263, 47.12605 ], [ 28.7054255, 47.1260494 ], [ 28.7054248, 47.1260486 ], [ 28.7054243, 47.1260478 ], [ 28.7054172, 47.1260366 ], [ 28.705417, 47.1260364 ], [ 28.7054168, 47.1260365 ], [ 28.7053621, 47.1260525 ], [ 28.7053618, 47.1260526 ] ] ] } },
{ "type": "Feature", "properties": { "vineyard_id": "V07", "n_rows": 62, "row_spacing_m": 2.3, "vine_spacing_m": 1.2, "area_m2": 5191.64 }, "geometry": { "type": "MultiPolygon", "coordinates": [ [ [ [ 28.7027666, 47.1257432 ], [ 28.7027832, 47.125763 ], [ 28.7027834, 47.1257632 ], [ 28.7027837, 47.1257632 ], [ 28.702785, 47.1257631 ], [ 28.7027863, 47.125763 ], [ 28.7027876, 47.1257631 ], [ 28.7027889, 47.1257633 ], [ 28.7027902, 47.1257635 ], [ 28.7027914, 47.1257638 ], [ 28.7027926, 47.1257642 ], [ 28.7027937, 47.1257647 ], [ 28.7027947, 47.1257653 ], [ 28.7027956, 47.1257659 ], [ 28.7027965, 47.1257666 ], [ 28.7028138, 47.1257821 ], [ 28.702814, 47.1257823 ], [ 28.7028143, 47.1257821 ], [ 28.7028567, 47.12576 ], [ 28.7028573, 47.1257598 ], [ 28.7028629, 47.1257572 ], [ 28.702864, 47.1257567 ], [ 28.7028651, 47.1257563 ], [ 28.7028663, 47.125756 ], [ 28.7028675, 47.1257558 ], [ 28.7028688, 47.1257557 ], [ 28.7028701, 47.1257556 ], [ 28.7028713, 47.1257556 ], [ 28.7028726, 47.1257558 ], [ 28.7028739, 47.125756 ], [ 28.7028751, 47.1257562 ], [ 28.7028762, 47.1257566 ], [ 28.7028773, 47.125757 ], [ 28.7028784, 47.1257575 ], [ 28.7028793, 47.1257581 ], [ 28.7028802, 47.1257587 ], [ 28.702881, 47.1257594 ], [ 28.7028817, 47.1257601 ], [ 28.7028862, 47.1257654 ], [ 28.7028863, 47.1257656 ], [ 28.7028866, 47.1257655 ], [ 28.7030754, 47.1256915 ], [ 28.7030765, 47.1256911 ], [ 28.7030777, 47.1256908 ], [ 28.7030789, 47.1256906 ], [ 28.7030802, 47.1256904 ], [ 28.7030814, 47.1256903 ], [ 28.7030827, 47.1256904 ], [ 28.703084, 47.1256905 ], [ 28.7030852, 47.1256906 ], [ 28.7030865, 47.1256909 ], [ 28.7030876, 47.1256912 ], [ 28.7030888, 47.1256916 ], [ 28.7030898, 47.1256921 ], [ 28.7030908, 47.1256927 ], [ 28.7030917, 47.1256933 ], [ 28.7030925, 47.125694 ], [ 28.7030932, 47.1256947 ], [ 28.7030938, 47.1256955 ], [ 28.7031079, 47.1257156 ], [ 28.703108, 47.1257158 ], [ 28.7031084, 47.1257161 ], [ 28.7031085, 47.1257162 ], [ 28.7031092, 47.1257169 ], [ 28.7031099, 47.1257176 ], [ 28.7031104, 47.1257184 ], [ 28.7031109, 47.1257193 ], [ 28.7031112, 47.1257201 ], [ 28.7031114, 47.125721 ], [ 28.7031115, 47.1257218 ], [ 28.7031114, 47.1257227 ], [ 28.7031112, 47.1257236 ], [ 28.7031109, 47.1257245 ], [ 28.7031105, 47.1257253 ], [ 28.70311, 47.1257261 ], [ 28.7031093, 47.1257268 ], [ 28.7031085, 47.1257275 ], [ 28.7031077, 47.1257282 ], [ 28.7031067, 47.1257288 ], [ 28.7031057, 47.1257293 ], [ 28.7031046, 47.1257298 ], [ 28.7030254, 47.1257594 ], [ 28.703024, 47.1257599 ], [ 28.7029763, 47.1257729 ], [ 28.7029762, 47.1257729 ], [ 28.7029756, 47.1257731 ], [ 28.7029754, 47.1257732 ], [ 28.7029515, 47.1257806 ], [ 28.7029513, 47.1257807 ], [ 28.7029507, 47.1257809 ], [ 28.7029506, 47.1257809 ], [ 28.7029049, 47.1257971 ], [ 28.7029039, 47.1257974 ], [ 28.7028772, 47.1258051 ], [ 28.7028769, 47.1258052 ], [ 28.702877, 47.1258054 ], [ 28.70289, 47.1258264 ], [ 28.7028901, 47.1258266 ], [ 28.7028904, 47.1258265 ], [ 28.7029181, 47.1258186 ], [ 28.7029184, 47.1258185 ], [ 28.7029194, 47.1258182 ], [ 28.7029196, 47.1258181 ], [ 28.7029657, 47.1258018 ], [ 28.7029663, 47.1258016 ], [ 28.7029689, 47.1258008 ], [ 28.7029701, 47.1258004 ], [ 28.7029713, 47.1258002 ], [ 28.7029726, 47.1258 ], [ 28.7029739, 47.1258 ], [ 28.7029753, 47.1258 ], [ 28.7029766, 47.1258001 ], [ 28.7029778, 47.1258003 ], [ 28.7029791, 47.1258006 ], [ 28.7029803, 47.1258009 ], [ 28.7029814, 47.1258014 ], [ 28.7029825, 47.1258019 ], [ 28.7029835, 47.1258025 ], [ 28.7029844, 47.1258031 ], [ 28.7029852, 47.1258039 ], [ 28.7029859, 47.1258046 ], [ 28.7029865, 47.1258054 ], [ 28.7029869, 47.1258063 ], [ 28.7029872, 47.1258071 ], [ 28.7029874, 47.125808 ], [ 28.7029875, 47.1258089 ], [ 28.7029875, 47.1258098 ], [ 28.7029873, 47.1258107 ], [ 28.7029869, 47.1258116 ], [ 28.7029865, 47.1258124 ], [ 28.7029859, 47.1258132 ], [ 28.7029853, 47.125814 ], [ 28.7029845, 47.1258147 ], [ 28.7029836, 47.1258154 ], [ 28.7029826, 47.125816 ], [ 28.7029815, 47.1258165 ], [ 28.702932, 47.1258385 ], [ 28.7029318, 47.1258386 ], [ 28.7029319, 47.1258388 ], [ 28.7029502, 47.1258579 ], [ 28.7029503, 47.1258581 ], [ 28.7029506, 47.125858 ], [ 28.7031191, 47.1257831 ], [ 28.7031195, 47.1257829 ], [ 28.7031421, 47.1257737 ], [ 28.7031432, 47.1257733 ], [ 28.7031443, 47.1257729 ], [ 28.7031455, 47.1257727 ], [ 28.7031468, 47.1257725 ], [ 28.703148, 47.1257724 ], [ 28.7031493, 47.1257724 ], [ 28.7031505, 47.1257725 ], [ 28.7031518, 47.1257726 ], [ 28.703153, 47.1257728 ], [ 28.7031541, 47.1257731 ], [ 28.7031553, 47.1257735 ], [ 28.7031563, 47.125774 ], [ 28.7031573, 47.1257745 ], [ 28.7031583, 47.1257751 ], [ 28.7031591, 47.1257757 ], [ 28.7031598, 47.1257764 ], [ 28.7031656, 47.1257823 ], [ 28.7031658, 47.1257825 ], [ 28.703166, 47.1257824 ], [ 28.703243, 47.1257477 ], [ 28.7032434, 47.1257475 ], [ 28.7032815, 47.1257315 ], [ 28.7032827, 47.1257311 ], [ 28.7032839, 47.1257307 ], [ 28.7032851, 47.1257304 ], [ 28.7032864, 47.1257303 ], [ 28.7032877, 47.1257302 ], [ 28.703289, 47.1257302 ], [ 28.7032903, 47.1257302 ], [ 28.7032916, 47.1257304 ], [ 28.7032929, 47.1257307 ], [ 28.7032941, 47.125731 ], [ 28.7032952, 47.1257314 ], [ 28.7032963, 47.1257319 ], [ 28.7032973, 47.1257325 ], [ 28.7032982, 47.1257331 ], [ 28.7032991, 47.1257338 ], [ 28.7032998, 47.1257346 ], [ 28.7033046, 47.1257401 ], [ 28.7033048, 47.1257403 ], [ 28.7033051, 47.1257402 ], [ 28.7033429, 47.1257249 ], [ 28.7033441, 47.1257245 ], [ 28.7033453, 47.1257241 ], [ 28.7033465, 47.1257239 ], [ 28.7033478, 47.1257237 ], [ 28.7033491, 47.1257236 ], [ 28.7033504, 47.1257236 ], [ 28.7033516, 47.1257237 ], [ 28.7033529, 47.1257239 ], [ 28.7033541, 47.1257242 ], [ 28.7033553, 47.1257245 ], [ 28.7033565, 47.1257249 ], [ 28.7033575, 47.1257254 ], [ 28.7033585, 47.125726 ], [ 28.7033588, 47.1257261 ], [ 28.7033591, 47.125726 ], [ 28.7033774, 47.1257194 ], [ 28.7033779, 47.1257192 ], [ 28.7034251, 47.1257041 ], [ 28.7034252, 47.125704 ], [ 28.7034257, 47.1257039 ], [ 28.7034259, 47.1257038 ], [ 28.7034956, 47.1256789 ], [ 28.7034959, 47.1256788 ], [ 28.7034957, 47.1256786 ], [ 28.7034917, 47.1256733 ], [ 28.7034912, 47.1256726 ], [ 28.7034908, 47.1256717 ], [ 28.7034905, 47.1256709 ], [ 28.7034903, 47.1256701 ], [ 28.7034902, 47.1256692 ], [ 28.7034903, 47.1256683 ], [ 28.7034904, 47.1256675 ], [ 28.7034907, 47.1256666 ], [ 28.7034912, 47.1256658 ], [ 28.7034917, 47.125665 ], [ 28.7034923, 47.1256643 ], [ 28.703493, 47.1256636 ], [ 28.7034939, 47.1256629 ], [ 28.7034948, 47.1256624 ], [ 28.7034958, 47.1256618 ], [ 28.703509, 47.1256554 ], [ 28.7035092, 47.1256553 ], [ 28.7035091, 47.1256551 ], [ 28.7035033, 47.1256496 ], [ 28.7035026, 47.1256489 ], [ 28.7035021, 47.1256481 ], [ 28.7035016, 47.1256473 ], [ 28.7035012, 47.1256465 ], [ 28.703501, 47.1256456 ], [ 28.7035009, 47.1256447 ], [ 28.7035009, 47.1256439 ], [ 28.703501, 47.125643 ], [ 28.7035013, 47.1256422 ], [ 28.7035017, 47.1256413 ], [ 28.7035022, 47.1256405 ], [ 28.7035028, 47.1256398 ], [ 28.7035035, 47.1256391 ], [ 28.7035043, 47.1256384 ], [ 28.7035051, 47.1256378 ], [ 28.7035061, 47.1256372 ], [ 28.7035072, 47.1256367 ], [ 28.7036248, 47.1255873 ], [ 28.703625, 47.1255872 ], [ 28.7036256, 47.125587 ], [ 28.7036257, 47.1255869 ], [ 28.7036471, 47.1255768 ], [ 28.7036474, 47.1255767 ], [ 28.7036472, 47.1255765 ], [ 28.70364, 47.1255694 ], [ 28.7036394, 47.1255687 ], [ 28.7036388, 47.1255679 ], [ 28.7036383, 47.1255671 ], [ 28.703638, 47.1255662 ], [ 28.7036378, 47.1255654 ], [ 28.7036377, 47.1255645 ], [ 28.7036377, 47.1255637 ], [ 28.7036379, 47.1255628 ], [ 28.7036381, 47.125562 ], [ 28.7036385, 47.1255612 ], [ 28.703639, 47.1255604 ], [ 28.7036396, 47.1255596 ], [ 28.7036403, 47.1255589 ], [ 28.7036411, 47.1255582 ], [ 28.703642, 47.1255576 ], [ 28.703643, 47.1255571 ], [ 28.7036652, 47.1255457 ], [ 28.7036659, 47.1255454 ], [ 28.7036869, 47.1255359 ], [ 28.7036872, 47.1255358 ], [ 28.703687, 47.1255356 ], [ 28.703687, 47.1255356 ], [ 28.7036863, 47.1255348 ], [ 28.7036858, 47.1255341 ], [ 28.7036854, 47.1255332 ], [ 28.7036851, 47.1255324 ], [ 28.7036849, 47.1255316 ], [ 28.7036848, 47.1255307 ], [ 28.7036849, 47.1255298 ], [ 28.703685, 47.125529 ], [ 28.7036853, 47.1255281 ], [ 28.7036857, 47.1255273 ], [ 28.7036863, 47.1255265 ], [ 28.7036869, 47.1255258 ], [ 28.7036876, 47.1255251 ], [ 28.7036885, 47.1255244 ], [ 28.7036894, 47.1255238 ], [ 28.7036904, 47.1255233 ], [ 28.7036914, 47.1255228 ], [ 28.7037156, 47.1255134 ], [ 28.7037158, 47.1255133 ], [ 28.7037166, 47.125513 ], [ 28.7037167, 47.1255129 ], [ 28.7037826, 47.1254834 ], [ 28.7037828, 47.1254833 ], [ 28.7037827, 47.1254831 ], [ 28.7037643, 47.125464 ], [ 28.7037641, 47.1254638 ], [ 28.7037641, 47.1254638 ], [ 28.7037631, 47.125463 ], [ 28.7037623, 47.1254621 ], [ 28.7037605, 47.1254598 ], [ 28.7037599, 47.125459 ], [ 28.7037595, 47.1254582 ], [ 28.7037592, 47.1254573 ], [ 28.703759, 47.1254565 ], [ 28.7037589, 47.1254556 ], [ 28.703759, 47.1254547 ], [ 28.7037591, 47.1254538 ], [ 28.7037594, 47.125453 ], [ 28.7037599, 47.1254521 ], [ 28.7037604, 47.1254513 ], [ 28.7037611, 47.1254506 ], [ 28.7037618, 47.1254499 ], [ 28.7037627, 47.1254492 ], [ 28.7037637, 47.1254486 ], [ 28.7037647, 47.1254481 ], [ 28.7037658, 47.1254476 ], [ 28.7038217, 47.1254269 ], [ 28.703822, 47.1254268 ], [ 28.7038219, 47.1254266 ], [ 28.7038059, 47.1254065 ], [ 28.7038057, 47.1254064 ], [ 28.7038057, 47.1254063 ], [ 28.7038048, 47.1254055 ], [ 28.703804, 47.1254047 ], [ 28.7037981, 47.1253977 ], [ 28.7037975, 47.1253969 ], [ 28.7037971, 47.1253961 ], [ 28.7037967, 47.1253952 ], [ 28.7037965, 47.1253943 ], [ 28.7037964, 47.1253935 ], [ 28.7037964, 47.1253926 ], [ 28.7037966, 47.1253917 ], [ 28.7037969, 47.1253908 ], [ 28.7037973, 47.12539 ], [ 28.7037978, 47.1253892 ], [ 28.7037985, 47.1253884 ], [ 28.7037992, 47.1253877 ], [ 28.7038001, 47.125387 ], [ 28.703801, 47.1253864 ], [ 28.7038021, 47.1253858 ], [ 28.7038032, 47.1253854 ], [ 28.7038222, 47.1253782 ], [ 28.7038224, 47.1253781 ], [ 28.7038223, 47.1253779 ], [ 28.7038136, 47.1253672 ], [ 28.703813, 47.1253664 ], [ 28.7038126, 47.1253655 ], [ 28.7038122, 47.1253647 ], [ 28.703812, 47.1253638 ], [ 28.7038119, 47.125363 ], [ 28.703812, 47.1253621 ], [ 28.7038121, 47.1253612 ], [ 28.7038124, 47.1253604 ], [ 28.7038128, 47.1253595 ], [ 28.7038133, 47.1253587 ], [ 28.703814, 47.125358 ], [ 28.7038147, 47.1253572 ], [ 28.7038156, 47.1253566 ], [ 28.7038165, 47.125356 ], [ 28.7038175, 47.1253554 ], [ 28.7038186, 47.125355 ], [ 28.70382, 47.1253544 ], [ 28.7038202, 47.1253543 ], [ 28.7038201, 47.1253541 ], [ 28.703811, 47.1253432 ], [ 28.7038104, 47.1253424 ], [ 28.7038099, 47.1253415 ], [ 28.7038096, 47.1253407 ], [ 28.7038093, 47.1253398 ], [ 28.7038092, 47.1253389 ], [ 28.7038093, 47.125338 ], [ 28.7038094, 47.1253372 ], [ 28.7038097, 47.1253363 ], [ 28.7038101, 47.1253354 ], [ 28.7038107, 47.1253346 ], [ 28.7038113, 47.1253339 ], [ 28.7038121, 47.1253331 ], [ 28.7038129, 47.1253325 ], [ 28.7038139, 47.1253319 ], [ 28.7038149, 47.1253313 ], [ 28.703816, 47.1253309 ], [ 28.7038471, 47.125319 ], [ 28.7038474, 47.1253189 ], [ 28.7038472, 47.1253187 ], [ 28.7038399, 47.1253098 ], [ 28.7038394, 47.125309 ], [ 28.7038389, 47.1253082 ], [ 28.7038386, 47.1253074 ], [ 28.7038384, 47.1253065 ], [ 28.7038383, 47.1253057 ], [ 28.7038383, 47.1253048 ], [ 28.7038384, 47.1253039 ], [ 28.7038387, 47.1253031 ], [ 28.7038391, 47.1253023 ], [ 28.7038396, 47.1253015 ], [ 28.7038402, 47.1253007 ], [ 28.7038409, 47.1253 ], [ 28.7038417, 47.1252994 ], [ 28.7038426, 47.1252987 ], [ 28.7038435, 47.1252982 ], [ 28.7038446, 47.1252977 ], [ 28.7038457, 47.1252973 ], [ 28.7039143, 47.1252745 ], [ 28.7039146, 47.1252744 ], [ 28.7039145, 47.1252742 ], [ 28.7039012, 47.1252557 ], [ 28.7039007, 47.1252549 ], [ 28.7039004, 47.1252541 ], [ 28.7039001, 47.1252532 ], [ 28.7038999, 47.1252523 ], [ 28.7038999, 47.1252514 ], [ 28.7039, 47.1252506 ], [ 28.7039003, 47.1252497 ], [ 28.7039006, 47.1252489 ], [ 28.7039008, 47.1252485 ], [ 28.7039007, 47.1252483 ], [ 28.7038844, 47.1252284 ], [ 28.7038843, 47.1252282 ], [ 28.703884, 47.1252283 ], [ 28.7038324, 47.1252479 ], [ 28.7038312, 47.1252483 ], [ 28.70383, 47.1252486 ], [ 28.7038287, 47.1252488 ], [ 28.7038274, 47.1252489 ], [ 28.7038261, 47.125249 ], [ 28.7038248, 47.125249 ], [ 28.7038235, 47.1252488 ], [ 28.7038222, 47.1252486 ], [ 28.703821, 47.1252483 ], [ 28.7038198, 47.1252479 ], [ 28.7038186, 47.1252475 ], [ 28.7038176, 47.1252469 ], [ 28.7038166, 47.1252463 ], [ 28.7038157, 47.1252457 ], [ 28.703815, 47.125245 ], [ 28.7038143, 47.1252442 ], [ 28.7038137, 47.1252434 ], [ 28.7038133, 47.1252425 ], [ 28.703813, 47.1252417 ], [ 28.7038128, 47.1252408 ], [ 28.7038128, 47.1252399 ], [ 28.7038129, 47.125239 ], [ 28.7038131, 47.1252381 ], [ 28.7038134, 47.1252372 ], [ 28.7038139, 47.1252364 ], [ 28.7038144, 47.1252357 ], [ 28.7038144, 47.1252357 ], [ 28.7038143, 47.1252355 ], [ 28.7037977, 47.1252157 ], [ 28.7037975, 47.1252155 ], [ 28.7037973, 47.1252156 ], [ 28.7037517, 47.1252333 ], [ 28.7037506, 47.1252337 ], [ 28.7037494, 47.125234 ], [ 28.7037481, 47.1252342 ], [ 28.7037469, 47.1252344 ], [ 28.7037456, 47.1252345 ], [ 28.7037443, 47.1252344 ], [ 28.703743, 47.1252343 ], [ 28.7037417, 47.1252342 ], [ 28.7037405, 47.1252339 ], [ 28.7037393, 47.1252335 ], [ 28.7037382, 47.1252331 ], [ 28.7037371, 47.1252326 ], [ 28.7037361, 47.125232 ], [ 28.7037352, 47.1252314 ], [ 28.7037344, 47.1252307 ], [ 28.7037338, 47.1252299 ], [ 28.7037263, 47.125221 ], [ 28.7037262, 47.1252208 ], [ 28.7037259, 47.1252209 ], [ 28.7035045, 47.1253069 ], [ 28.7035033, 47.1253073 ], [ 28.7035021, 47.1253076 ], [ 28.7035008, 47.1253079 ], [ 28.7034995, 47.125308 ], [ 28.7034982, 47.1253081 ], [ 28.7034969, 47.1253081 ], [ 28.7034956, 47.1253079 ], [ 28.7034944, 47.1253077 ], [ 28.7034931, 47.1253075 ], [ 28.7034919, 47.1253071 ], [ 28.7034908, 47.1253066 ], [ 28.7034897, 47.1253061 ], [ 28.7034888, 47.1253055 ], [ 28.7034879, 47.1253049 ], [ 28.7034871, 47.1253042 ], [ 28.7034864, 47.1253034 ], [ 28.7034796, 47.1252949 ], [ 28.7034794, 47.1252948 ], [ 28.7034792, 47.1252947 ], [ 28.7034779, 47.1252944 ], [ 28.7034767, 47.1252939 ], [ 28.7034756, 47.1252934 ], [ 28.7034745, 47.1252928 ], [ 28.7034736, 47.1252921 ], [ 28.7034727, 47.1252914 ], [ 28.703472, 47.1252906 ], [ 28.7034714, 47.1252898 ], [ 28.7034653, 47.1252804 ], [ 28.7034652, 47.1252802 ], [ 28.7034649, 47.1252802 ], [ 28.7034167, 47.1252946 ], [ 28.7034165, 47.1252946 ], [ 28.7034161, 47.1252948 ], [ 28.703416, 47.1252948 ], [ 28.7033877, 47.1253041 ], [ 28.7033875, 47.1253042 ], [ 28.7033876, 47.1253044 ], [ 28.7033962, 47.1253166 ], [ 28.7033967, 47.1253174 ], [ 28.7033971, 47.1253183 ], [ 28.7033974, 47.1253192 ], [ 28.7033975, 47.1253201 ], [ 28.7033975, 47.125321 ], [ 28.7033974, 47.1253219 ], [ 28.7033971, 47.1253227 ], [ 28.7033967, 47.1253236 ], [ 28.7033962, 47.1253244 ], [ 28.7033956, 47.1253252 ], [ 28.7033948, 47.125326 ], [ 28.703394, 47.1253266 ], [ 28.703393, 47.1253273 ], [ 28.703392, 47.1253278 ], [ 28.7033909, 47.1253283 ], [ 28.7032272, 47.1253925 ], [ 28.703227, 47.1253925 ], [ 28.7031159, 47.1254339 ], [ 28.7031156, 47.125434 ], [ 28.7031157, 47.1254342 ], [ 28.7031239, 47.1254445 ], [ 28.7031245, 47.1254453 ], [ 28.7031249, 47.1254461 ], [ 28.7031253, 47.1254469 ], [ 28.7031255, 47.1254478 ], [ 28.7031255, 47.1254487 ], [ 28.7031255, 47.1254495 ], [ 28.7031253, 47.1254504 ], [ 28.703125, 47.1254512 ], [ 28.7031246, 47.1254521 ], [ 28.7031241, 47.1254529 ], [ 28.7031235, 47.1254536 ], [ 28.7031227, 47.1254543 ], [ 28.7031219, 47.125455 ], [ 28.703121, 47.1254556 ], [ 28.70312, 47.1254561 ], [ 28.7031189, 47.1254566 ], [ 28.7030888, 47.1254683 ], [ 28.7030886, 47.1254684 ], [ 28.7030887, 47.1254686 ], [ 28.7031052, 47.1254884 ], [ 28.7031054, 47.1254886 ], [ 28.7031054, 47.1254886 ], [ 28.7031064, 47.1254891 ], [ 28.7031074, 47.1254897 ], [ 28.7031082, 47.1254904 ], [ 28.703109, 47.1254911 ], [ 28.7031096, 47.1254919 ], [ 28.7031101, 47.1254927 ], [ 28.7031105, 47.1254936 ], [ 28.7031108, 47.1254945 ], [ 28.703111, 47.1254953 ], [ 28.703111, 47.1254962 ], [ 28.7031109, 47.1254971 ], [ 28.7031106, 47.125498 ], [ 28.7031103, 47.1254989 ], [ 28.7031098, 47.1254997 ], [ 28.7031092, 47.1255005 ], [ 28.7031085, 47.1255012 ], [ 28.7031076, 47.1255019 ], [ 28.7031067, 47.1255026 ], [ 28.7031057, 47.1255031 ], [ 28.7031046, 47.1255036 ], [ 28.7030344, 47.1255326 ], [ 28.7030341, 47.1255328 ], [ 28.7030343, 47.125533 ], [ 28.7030454, 47.1255455 ], [ 28.703046, 47.1255463 ], [ 28.7030465, 47.1255471 ], [ 28.7030469, 47.125548 ], [ 28.7030472, 47.1255489 ], [ 28.7030473, 47.1255498 ], [ 28.7030473, 47.1255507 ], [ 28.7030472, 47.1255516 ], [ 28.7030469, 47.1255524 ], [ 28.7030465, 47.1255533 ], [ 28.703046, 47.1255541 ], [ 28.7030453, 47.1255549 ], [ 28.7030446, 47.1255556 ], [ 28.7030438, 47.1255563 ], [ 28.7030428, 47.1255569 ], [ 28.7030418, 47.1255575 ], [ 28.7030407, 47.125558 ], [ 28.7029548, 47.1255915 ], [ 28.7029546, 47.1255916 ], [ 28.7029537, 47.125592 ], [ 28.7029534, 47.1255921 ], [ 28.7029085, 47.1256131 ], [ 28.7029083, 47.1256133 ], [ 28.7029085, 47.1256134 ], [ 28.7029158, 47.1256208 ], [ 28.7029165, 47.1256215 ], [ 28.7029171, 47.1256223 ], [ 28.7029175, 47.1256231 ], [ 28.7029178, 47.1256239 ], [ 28.702918, 47.1256248 ], [ 28.7029181, 47.1256256 ], [ 28.7029181, 47.1256265 ], [ 28.702918, 47.1256273 ], [ 28.7029177, 47.1256282 ], [ 28.7029173, 47.125629 ], [ 28.7029168, 47.1256298 ], [ 28.7029162, 47.1256305 ], [ 28.7029155, 47.1256313 ], [ 28.7029147, 47.1256319 ], [ 28.7029138, 47.1256325 ], [ 28.7029129, 47.1256331 ], [ 28.7029118, 47.1256336 ], [ 28.7029071, 47.1256355 ], [ 28.7029068, 47.1256356 ], [ 28.702907, 47.1256358 ], [ 28.702916, 47.1256459 ], [ 28.7029166, 47.1256467 ], [ 28.7029171, 47.1256475 ], [ 28.7029175, 47.1256483 ], [ 28.7029177, 47.1256491 ], [ 28.7029179, 47.12565 ], [ 28.7029179, 47.1256508 ], [ 28.7029178, 47.1256517 ], [ 28.702918, 47.1256519 ], [ 28.7029279, 47.1256638 ], [ 28.7029285, 47.1256646 ], [ 28.7029289, 47.1256654 ], [ 28.7029293, 47.1256663 ], [ 28.7029295, 47.1256671 ], [ 28.7029296, 47.125668 ], [ 28.7029296, 47.1256689 ], [ 28.7029294, 47.1256698 ], [ 28.7029291, 47.1256706 ], [ 28.7029287, 47.1256715 ], [ 28.7029282, 47.1256723 ], [ 28.7029276, 47.125673 ], [ 28.7029269, 47.1256737 ], [ 28.702926, 47.1256744 ], [ 28.7029251, 47.125675 ], [ 28.7029241, 47.1256756 ], [ 28.702923, 47.125676 ], [ 28.7028413, 47.1257082 ], [ 28.7028412, 47.1257083 ], [ 28.7028405, 47.1257086 ], [ 28.7028404, 47.1257087 ], [ 28.7028184, 47.1257185 ], [ 28.7028183, 47.1257185 ], [ 28.7028178, 47.1257188 ], [ 28.7028177, 47.1257188 ], [ 28.702776, 47.1257393 ], [ 28.7027748, 47.1257398 ], [ 28.7027667, 47.1257429 ], [ 28.7027665, 47.125743 ], [ 28.7027666, 47.1257432 ] ], [ [ 28.7034486, 47.125615 ], [ 28.7034482, 47.1256142 ], [ 28.7034478, 47.1256133 ], [ 28.7034476, 47.1256125 ], [ 28.7034475, 47.1256116 ], [ 28.7034475, 47.1256107 ], [ 28.7034477, 47.1256099 ], [ 28.7034479, 47.125609 ], [ 28.7034483, 47.1256082 ], [ 28.7034488, 47.1256074 ], [ 28.7034494, 47.1256066 ], [ 28.7034501, 47.1256059 ], [ 28.7034509, 47.1256052 ], [ 28.7034519, 47.1256046 ], [ 28.7034528, 47.1256041 ], [ 28.7034539, 47.1256036 ], [ 28.703455, 47.1256032 ], [ 28.7035267, 47.1255799 ], [ 28.703527, 47.1255798 ], [ 28.703529, 47.1255792 ], [ 28.7035302, 47.1255789 ], [ 28.7035314, 47.1255787 ], [ 28.7035326, 47.1255785 ], [ 28.7035339, 47.1255784 ], [ 28.7035352, 47.1255785 ], [ 28.7035365, 47.1255786 ], [ 28.7035377, 47.1255787 ], [ 28.7035389, 47.125579 ], [ 28.7035401, 47.1255793 ], [ 28.7035412, 47.1255798 ], [ 28.7035423, 47.1255803 ], [ 28.7035433, 47.1255808 ], [ 28.7035442, 47.1255814 ], [ 28.703545, 47.1255821 ], [ 28.7035457, 47.1255829 ], [ 28.7035463, 47.1255836 ], [ 28.7035468, 47.1255844 ], [ 28.7035471, 47.1255853 ], [ 28.7035474, 47.1255861 ], [ 28.7035475, 47.125587 ], [ 28.7035475, 47.1255879 ], [ 28.7035474, 47.1255887 ], [ 28.7035471, 47.1255896 ], [ 28.7035468, 47.1255904 ], [ 28.7035463, 47.1255912 ], [ 28.7035457, 47.125592 ], [ 28.703545, 47.1255927 ], [ 28.7035442, 47.1255934 ], [ 28.7035433, 47.125594 ], [ 28.7035423, 47.1255946 ], [ 28.7035413, 47.1255951 ], [ 28.703472, 47.1256242 ], [ 28.7034708, 47.1256246 ], [ 28.7034696, 47.125625 ], [ 28.7034683, 47.1256253 ], [ 28.703467, 47.1256254 ], [ 28.7034657, 47.1256255 ], [ 28.7034644, 47.1256255 ], [ 28.7034631, 47.1256254 ], [ 28.7034618, 47.1256253 ], [ 28.7034605, 47.125625 ], [ 28.7034593, 47.1256246 ], [ 28.7034581, 47.1256242 ], [ 28.703457, 47.1256237 ], [ 28.703456, 47.1256231 ], [ 28.7034551, 47.1256225 ], [ 28.7034543, 47.1256218 ], [ 28.7034536, 47.125621 ], [ 28.7034492, 47.1256158 ], [ 28.7034486, 47.125615 ] ], [ [ 28.7032605, 47.1256405 ], [ 28.7032592, 47.1256408 ], [ 28.7032579, 47.125641 ], [ 28.7032566, 47.1256411 ], [ 28.7032553, 47.1256411 ], [ 28.703254, 47.125641 ], [ 28.7032527, 47.1256408 ], [ 28.7032515, 47.1256405 ], [ 28.7032503, 47.1256402 ], [ 28.7032491, 47.1256398 ], [ 28.7032481, 47.1256393 ], [ 28.7032471, 47.1256387 ], [ 28.7032461, 47.1256381 ], [ 28.7032453, 47.1256374 ], [ 28.7032446, 47.1256366 ], [ 28.703244, 47.1256358 ], [ 28.7032435, 47.125635 ], [ 28.7032432, 47.1256341 ], [ 28.7032429, 47.1256333 ], [ 28.7032428, 47.1256324 ], [ 28.7032428, 47.1256315 ], [ 28.703243, 47.1256306 ], [ 28.7032433, 47.1256297 ], [ 28.7032437, 47.1256289 ], [ 28.7032442, 47.1256281 ], [ 28.7032448, 47.1256273 ], [ 28.7032456, 47.1256266 ], [ 28.7032464, 47.1256259 ], [ 28.7032474, 47.1256253 ], [ 28.7032484, 47.1256247 ], [ 28.7032495, 47.1256242 ], [ 28.7032797, 47.1256126 ], [ 28.7032809, 47.1256122 ], [ 28.7032821, 47.1256119 ], [ 28.7032833, 47.1256116 ], [ 28.7032846, 47.1256115 ], [ 28.7032859, 47.1256114 ], [ 28.7032872, 47.1256115 ], [ 28.7032884, 47.1256116 ], [ 28.7032897, 47.1256118 ], [ 28.7032909, 47.125612 ], [ 28.7032921, 47.1256124 ], [ 28.7032932, 47.1256128 ], [ 28.7032943, 47.1256133 ], [ 28.7032953, 47.1256139 ], [ 28.7032962, 47.1256145 ], [ 28.703297, 47.1256152 ], [ 28.7032976, 47.125616 ], [ 28.7032989, 47.1256174 ], [ 28.7032994, 47.1256182 ], [ 28.7032999, 47.125619 ], [ 28.7033002, 47.1256198 ], [ 28.7033005, 47.1256207 ], [ 28.7033006, 47.1256216 ], [ 28.7033006, 47.1256224 ], [ 28.7033004, 47.1256233 ], [ 28.7033002, 47.1256242 ], [ 28.7032998, 47.125625 ], [ 28.7032993, 47.1256258 ], [ 28.7032987, 47.1256265 ], [ 28.703298, 47.1256273 ], [ 28.7032971, 47.1256279 ], [ 28.7032962, 47.1256286 ], [ 28.7032953, 47.1256291 ], [ 28.7032942, 47.1256296 ], [ 28.7032931, 47.12563 ], [ 28.7032617, 47.1256402 ], [ 28.7032605, 47.1256405 ] ], [ [ 28.7028647, 47.125736 ], [ 28.7028642, 47.1257352 ], [ 28.7028637, 47.1257344 ], [ 28.7028634, 47.1257336 ], [ 28.7028632, 47.1257327 ], [ 28.7028631, 47.1257319 ], [ 28.7028632, 47.125731 ], [ 28.7028633, 47.1257301 ], [ 28.7028636, 47.1257293 ], [ 28.702864, 47.1257285 ], [ 28.7028645, 47.1257277 ], [ 28.7028651, 47.1257269 ], [ 28.7028659, 47.1257262 ], [ 28.7028667, 47.1257255 ], [ 28.7028676, 47.1257249 ], [ 28.7028686, 47.1257244 ], [ 28.7028697, 47.1257239 ], [ 28.7029044, 47.1257103 ], [ 28.7029055, 47.1257098 ], [ 28.7029068, 47.1257095 ], [ 28.702908, 47.1257093 ], [ 28.7029093, 47.1257091 ], [ 28.7029106, 47.1257091 ], [ 28.702912, 47.1257091 ], [ 28.7029133, 47.1257092 ], [ 28.7029146, 47.1257094 ], [ 28.7029158, 47.1257097 ], [ 28.702917, 47.12571 ], [ 28.7029181, 47.1257105 ], [ 28.7029192, 47.125711 ], [ 28.7029202, 47.1257116 ], [ 28.7029211, 47.1257123 ], [ 28.7029219, 47.125713 ], [ 28.7029226, 47.1257138 ], [ 28.702923, 47.1257143 ], [ 28.7029236, 47.1257151 ], [ 28.702924, 47.1257159 ], [ 28.7029243, 47.1257168 ], [ 28.7029245, 47.1257176 ], [ 28.7029246, 47.1257185 ], [ 28.7029245, 47.1257194 ], [ 28.7029244, 47.1257202 ], [ 28.7029241, 47.1257211 ], [ 28.7029237, 47.1257219 ], [ 28.7029232, 47.1257227 ], [ 28.7029225, 47.1257234 ], [ 28.7029218, 47.1257241 ], [ 28.702921, 47.1257248 ], [ 28.70292, 47.1257254 ], [ 28.702919, 47.1257259 ], [ 28.702918, 47.1257264 ], [ 28.7028833, 47.12574 ], [ 28.7028822, 47.1257404 ], [ 28.7028809, 47.1257407 ], [ 28.7028797, 47.125741 ], [ 28.7028784, 47.1257411 ], [ 28.7028771, 47.1257412 ], [ 28.7028757, 47.1257412 ], [ 28.7028744, 47.125741 ], [ 28.7028732, 47.1257408 ], [ 28.7028719, 47.1257406 ], [ 28.7028707, 47.1257402 ], [ 28.7028696, 47.1257397 ], [ 28.7028685, 47.1257392 ], [ 28.7028675, 47.1257386 ], [ 28.7028666, 47.125738 ], [ 28.7028658, 47.1257372 ], [ 28.7028654, 47.1257368 ], [ 28.7028647, 47.125736 ] ] ], [ [ [ 28.7029463, 47.125959 ], [ 28.7029602, 47.1259786 ], [ 28.7029604, 47.1259788 ], [ 28.7029606, 47.125979 ], [ 28.702961, 47.1259794 ], [ 28.7029617, 47.1259802 ], [ 28.7029623, 47.125981 ], [ 28.7029627, 47.1259819 ], [ 28.702963, 47.1259828 ], [ 28.7029632, 47.1259837 ], [ 28.7029633, 47.1259846 ], [ 28.7029632, 47.1259855 ], [ 28.702963, 47.1259864 ], [ 28.7029626, 47.1259873 ], [ 28.7029625, 47.1259875 ], [ 28.7029626, 47.1259877 ], [ 28.7029784, 47.1260067 ], [ 28.7029785, 47.1260069 ], [ 28.7029786, 47.1260069 ], [ 28.7029797, 47.1260071 ], [ 28.7029809, 47.1260074 ], [ 28.7029821, 47.1260078 ], [ 28.7029832, 47.1260083 ], [ 28.7029842, 47.1260088 ], [ 28.7029851, 47.1260094 ], [ 28.702986, 47.1260101 ], [ 28.7029867, 47.1260108 ], [ 28.7029874, 47.1260116 ], [ 28.7029879, 47.1260124 ], [ 28.7029883, 47.1260133 ], [ 28.7029886, 47.1260141 ], [ 28.7029887, 47.126015 ], [ 28.7029887, 47.1260159 ], [ 28.7029886, 47.1260168 ], [ 28.7029884, 47.1260177 ], [ 28.7029881, 47.1260185 ], [ 28.702988, 47.1260186 ], [ 28.7029882, 47.1260188 ], [ 28.7030038, 47.1260378 ], [ 28.7030039, 47.126038 ], [ 28.7030042, 47.1260379 ], [ 28.7030141, 47.1260341 ], [ 28.7030144, 47.126034 ], [ 28.7030156, 47.1260335 ], [ 28.7030159, 47.1260334 ], [ 28.7030468, 47.1260185 ], [ 28.7030479, 47.126018 ], [ 28.703049, 47.1260176 ], [ 28.7030503, 47.1260173 ], [ 28.7030515, 47.126017 ], [ 28.7030528, 47.1260169 ], [ 28.7030541, 47.1260168 ], [ 28.7030554, 47.1260168 ], [ 28.7030567, 47.126017 ], [ 28.7030579, 47.1260172 ], [ 28.7030592, 47.1260174 ], [ 28.7030604, 47.1260178 ], [ 28.7030615, 47.1260182 ], [ 28.7030625, 47.1260188 ], [ 28.7030635, 47.1260193 ], [ 28.7030644, 47.12602 ], [ 28.7030652, 47.1260207 ], [ 28.7030659, 47.1260214 ], [ 28.7030705, 47.126027 ], [ 28.7030706, 47.1260272 ], [ 28.7030706, 47.1260272 ], [ 28.7030718, 47.1260268 ], [ 28.7030731, 47.1260266 ], [ 28.7030743, 47.1260264 ], [ 28.7030756, 47.1260263 ], [ 28.703077, 47.1260263 ], [ 28.7030783, 47.1260263 ], [ 28.7030796, 47.1260265 ], [ 28.7030808, 47.1260268 ], [ 28.703082, 47.1260271 ], [ 28.7030832, 47.1260275 ], [ 28.7030843, 47.126028 ], [ 28.7030853, 47.1260286 ], [ 28.7030862, 47.1260292 ], [ 28.7030871, 47.1260299 ], [ 28.7030878, 47.1260306 ], [ 28.7030896, 47.1260327 ], [ 28.7030902, 47.1260335 ], [ 28.7030907, 47.1260343 ], [ 28.7030911, 47.1260352 ], [ 28.7030913, 47.1260361 ], [ 28.7030914, 47.126037 ], [ 28.7030914, 47.1260379 ], [ 28.7030913, 47.1260388 ], [ 28.703091, 47.1260397 ], [ 28.7030906, 47.1260405 ], [ 28.70309, 47.1260413 ], [ 28.7030894, 47.1260421 ], [ 28.7030886, 47.1260429 ], [ 28.7030878, 47.1260435 ], [ 28.7030868, 47.1260442 ], [ 28.7030857, 47.1260447 ], [ 28.7030857, 47.1260447 ], [ 28.7030858, 47.1260449 ], [ 28.7030933, 47.1260531 ], [ 28.7030939, 47.1260538 ], [ 28.7030943, 47.1260545 ], [ 28.7030947, 47.1260552 ], [ 28.7030947, 47.1260553 ], [ 28.7030949, 47.1260555 ], [ 28.7031034, 47.1260675 ], [ 28.7031039, 47.1260683 ], [ 28.7031043, 47.1260691 ], [ 28.7031046, 47.12607 ], [ 28.7031047, 47.1260708 ], [ 28.7031048, 47.1260717 ], [ 28.7031047, 47.1260725 ], [ 28.7031045, 47.1260734 ], [ 28.7031041, 47.1260742 ], [ 28.7031037, 47.126075 ], [ 28.7031032, 47.1260758 ], [ 28.7031025, 47.1260765 ], [ 28.7031018, 47.1260772 ], [ 28.7031009, 47.1260778 ], [ 28.7031, 47.1260784 ], [ 28.703099, 47.1260789 ], [ 28.7030979, 47.1260794 ], [ 28.7030951, 47.1260804 ], [ 28.7030949, 47.1260805 ], [ 28.703095, 47.1260807 ], [ 28.7031062, 47.1260947 ], [ 28.7031068, 47.1260955 ], [ 28.7031073, 47.1260964 ], [ 28.7031076, 47.1260973 ], [ 28.7031078, 47.1260982 ], [ 28.7031078, 47.1260983 ], [ 28.7031079, 47.1260985 ], [ 28.7031212, 47.1261184 ], [ 28.7031213, 47.1261185 ], [ 28.7031216, 47.1261185 ], [ 28.7031603, 47.1261064 ], [ 28.7031605, 47.1261063 ], [ 28.7031614, 47.126106 ], [ 28.7031616, 47.126106 ], [ 28.7031877, 47.1260962 ], [ 28.7031888, 47.1260958 ], [ 28.70319, 47.1260955 ], [ 28.7031912, 47.1260953 ], [ 28.7031925, 47.1260951 ], [ 28.7031938, 47.1260951 ], [ 28.703195, 47.1260951 ], [ 28.7031963, 47.1260952 ], [ 28.7031975, 47.1260954 ], [ 28.7031987, 47.1260956 ], [ 28.7031999, 47.126096 ], [ 28.703201, 47.1260964 ], [ 28.703202, 47.1260969 ], [ 28.703203, 47.1260975 ], [ 28.7032039, 47.1260981 ], [ 28.7032047, 47.1260988 ], [ 28.7032054, 47.1260995 ], [ 28.7032101, 47.1261049 ], [ 28.7032107, 47.1261056 ], [ 28.7032111, 47.1261063 ], [ 28.7032112, 47.1261065 ], [ 28.7032113, 47.1261067 ], [ 28.7032217, 47.1261193 ], [ 28.7032222, 47.1261201 ], [ 28.7032227, 47.1261209 ], [ 28.703223, 47.1261218 ], [ 28.7032232, 47.1261227 ], [ 28.7032233, 47.1261235 ], [ 28.7032233, 47.1261244 ], [ 28.7032231, 47.1261253 ], [ 28.7032228, 47.1261262 ], [ 28.7032224, 47.126127 ], [ 28.7032218, 47.1261278 ], [ 28.7032212, 47.1261286 ], [ 28.7032204, 47.1261293 ], [ 28.7032196, 47.12613 ], [ 28.7032186, 47.1261306 ], [ 28.7032176, 47.1261311 ], [ 28.7031914, 47.1261433 ], [ 28.7031909, 47.1261436 ], [ 28.7031721, 47.1261514 ], [ 28.7031718, 47.1261515 ], [ 28.703172, 47.1261517 ], [ 28.7031887, 47.1261703 ], [ 28.703189, 47.1261707 ], [ 28.7031898, 47.1261716 ], [ 28.703193, 47.1261758 ], [ 28.7031935, 47.1261766 ], [ 28.7031939, 47.1261774 ], [ 28.7031942, 47.1261783 ], [ 28.7031944, 47.1261792 ], [ 28.7031944, 47.1261801 ], [ 28.7031944, 47.126181 ], [ 28.7031941, 47.1261819 ], [ 28.7031938, 47.1261827 ], [ 28.7031933, 47.1261836 ], [ 28.7031927, 47.1261844 ], [ 28.703192, 47.1261851 ], [ 28.7031912, 47.1261858 ], [ 28.7031903, 47.1261865 ], [ 28.7031893, 47.126187 ], [ 28.7031882, 47.1261875 ], [ 28.7031612, 47.126199 ], [ 28.7031609, 47.1261991 ], [ 28.703161, 47.1261993 ], [ 28.7031632, 47.1262017 ], [ 28.7031639, 47.1262025 ], [ 28.7031644, 47.1262033 ], [ 28.7031648, 47.1262042 ], [ 28.7031651, 47.126205 ], [ 28.7031652, 47.1262059 ], [ 28.7031652, 47.1262068 ], [ 28.7031651, 47.1262077 ], [ 28.7031649, 47.1262085 ], [ 28.7031645, 47.1262094 ], [ 28.703164, 47.1262102 ], [ 28.7031634, 47.126211 ], [ 28.7031627, 47.1262118 ], [ 28.7031619, 47.1262124 ], [ 28.703161, 47.1262131 ], [ 28.70316, 47.1262136 ], [ 28.7031589, 47.1262141 ], [ 28.7031578, 47.1262146 ], [ 28.703153, 47.1262161 ], [ 28.7031527, 47.1262162 ], [ 28.7031529, 47.1262164 ], [ 28.7031667, 47.1262361 ], [ 28.7031669, 47.1262363 ], [ 28.7031673, 47.1262363 ], [ 28.7031686, 47.1262364 ], [ 28.7031699, 47.1262366 ], [ 28.7031712, 47.126237 ], [ 28.7031724, 47.1262373 ], [ 28.7031735, 47.1262378 ], [ 28.7031746, 47.1262384 ], [ 28.7031755, 47.126239 ], [ 28.7031764, 47.1262397 ], [ 28.7031772, 47.1262404 ], [ 28.7031778, 47.1262412 ], [ 28.7031784, 47.126242 ], [ 28.7031788, 47.1262429 ], [ 28.7031791, 47.1262437 ], [ 28.7031792, 47.1262441 ], [ 28.7031792, 47.1262444 ], [ 28.7031794, 47.1262446 ], [ 28.703195, 47.1262636 ], [ 28.7031951, 47.1262638 ], [ 28.7031954, 47.1262637 ], [ 28.7032436, 47.1262453 ], [ 28.7032448, 47.1262449 ], [ 28.703246, 47.1262446 ], [ 28.7032473, 47.1262444 ], [ 28.7032486, 47.1262442 ], [ 28.7032499, 47.1262442 ], [ 28.7032512, 47.1262442 ], [ 28.7032525, 47.1262443 ], [ 28.7032538, 47.1262446 ], [ 28.703255, 47.1262448 ], [ 28.7032562, 47.1262452 ], [ 28.7032573, 47.1262457 ], [ 28.7032584, 47.1262462 ], [ 28.7032594, 47.1262468 ], [ 28.7032603, 47.1262475 ], [ 28.703261, 47.1262482 ], [ 28.7032617, 47.126249 ], [ 28.7032726, 47.126263 ], [ 28.7032728, 47.1262632 ], [ 28.703273, 47.1262631 ], [ 28.7033465, 47.1262366 ], [ 28.7033467, 47.1262365 ], [ 28.7033466, 47.1262363 ], [ 28.7033451, 47.1262344 ], [ 28.7033446, 47.1262336 ], [ 28.7033442, 47.1262328 ], [ 28.7033439, 47.126232 ], [ 28.7033437, 47.1262312 ], [ 28.7033436, 47.1262303 ], [ 28.7033437, 47.1262294 ], [ 28.7033438, 47.1262286 ], [ 28.7033441, 47.1262277 ], [ 28.7033445, 47.1262269 ], [ 28.703345, 47.1262261 ], [ 28.7033457, 47.1262254 ], [ 28.7033464, 47.1262247 ], [ 28.7033472, 47.126224 ], [ 28.7033481, 47.1262235 ], [ 28.7033491, 47.1262229 ], [ 28.7033502, 47.1262224 ], [ 28.7033624, 47.1262176 ], [ 28.7033635, 47.1262172 ], [ 28.7033647, 47.1262168 ], [ 28.703366, 47.1262166 ], [ 28.7033673, 47.1262164 ], [ 28.7033686, 47.1262164 ], [ 28.7033699, 47.1262164 ], [ 28.7033712, 47.1262165 ], [ 28.7033725, 47.1262167 ], [ 28.7033737, 47.126217 ], [ 28.7033749, 47.1262173 ], [ 28.7033761, 47.1262178 ], [ 28.7033772, 47.1262183 ], [ 28.7033781, 47.1262189 ], [ 28.703379, 47.1262195 ], [ 28.7033798, 47.1262202 ], [ 28.7033805, 47.126221 ], [ 28.7033849, 47.1262263 ], [ 28.7033853, 47.1262269 ], [ 28.7033875, 47.1262295 ], [ 28.703394, 47.1262374 ], [ 28.7033946, 47.1262382 ], [ 28.703395, 47.126239 ], [ 28.7033954, 47.1262399 ], [ 28.7033956, 47.1262407 ], [ 28.7033957, 47.1262416 ], [ 28.7033956, 47.1262425 ], [ 28.7033955, 47.1262434 ], [ 28.7033952, 47.1262443 ], [ 28.7033948, 47.1262451 ], [ 28.7033942, 47.1262459 ], [ 28.7033936, 47.1262467 ], [ 28.7033928, 47.1262474 ], [ 28.703392, 47.1262481 ], [ 28.703391, 47.1262487 ], [ 28.70339, 47.1262492 ], [ 28.7033889, 47.1262497 ], [ 28.7033432, 47.1262669 ], [ 28.7033429, 47.1262671 ], [ 28.703343, 47.1262672 ], [ 28.7033585, 47.1262863 ], [ 28.7033587, 47.1262865 ], [ 28.703359, 47.1262864 ], [ 28.7033634, 47.1262848 ], [ 28.7033646, 47.1262844 ], [ 28.7033658, 47.1262841 ], [ 28.703367, 47.1262838 ], [ 28.7033683, 47.1262837 ], [ 28.7033696, 47.1262836 ], [ 28.7033708, 47.1262837 ], [ 28.7033721, 47.1262838 ], [ 28.7033734, 47.126284 ], [ 28.7033746, 47.1262842 ], [ 28.7033758, 47.1262846 ], [ 28.7033769, 47.126285 ], [ 28.7033779, 47.1262856 ], [ 28.7033789, 47.1262861 ], [ 28.7033798, 47.1262868 ], [ 28.7033806, 47.1262875 ], [ 28.7033813, 47.1262882 ], [ 28.7033841, 47.1262917 ], [ 28.7033847, 47.1262925 ], [ 28.7033852, 47.1262933 ], [ 28.7033855, 47.1262942 ], [ 28.7033857, 47.126295 ], [ 28.7033858, 47.1262959 ], [ 28.7033858, 47.1262968 ], [ 28.7033856, 47.1262977 ], [ 28.7033853, 47.1262986 ], [ 28.7033849, 47.1262994 ], [ 28.7033844, 47.1263002 ], [ 28.7033837, 47.126301 ], [ 28.703383, 47.1263017 ], [ 28.7033821, 47.1263024 ], [ 28.7033812, 47.126303 ], [ 28.7033801, 47.1263035 ], [ 28.703379, 47.126304 ], [ 28.7033748, 47.1263055 ], [ 28.7033746, 47.1263057 ], [ 28.7033747, 47.1263058 ], [ 28.703382, 47.1263149 ], [ 28.7033826, 47.1263157 ], [ 28.703383, 47.1263165 ], [ 28.7033834, 47.1263174 ], [ 28.7033836, 47.1263182 ], [ 28.7033837, 47.1263191 ], [ 28.7033836, 47.12632 ], [ 28.7033834, 47.1263209 ], [ 28.7033831, 47.1263217 ], [ 28.7033827, 47.1263226 ], [ 28.7033822, 47.1263234 ], [ 28.7033815, 47.1263241 ], [ 28.7033808, 47.1263248 ], [ 28.7033799, 47.1263255 ], [ 28.703379, 47.1263261 ], [ 28.703378, 47.1263266 ], [ 28.7033769, 47.1263271 ], [ 28.7033663, 47.1263311 ], [ 28.703366, 47.1263312 ], [ 28.7033662, 47.1263314 ], [ 28.7033817, 47.1263505 ], [ 28.7033818, 47.1263507 ], [ 28.7033819, 47.1263507 ], [ 28.7033831, 47.1263508 ], [ 28.7033843, 47.1263511 ], [ 28.7033854, 47.1263514 ], [ 28.7033865, 47.1263517 ], [ 28.7033876, 47.1263522 ], [ 28.7033886, 47.1263527 ], [ 28.7033895, 47.1263533 ], [ 28.7033903, 47.1263539 ], [ 28.7033911, 47.1263546 ], [ 28.7033917, 47.1263553 ], [ 28.7033923, 47.126356 ], [ 28.7033928, 47.1263568 ], [ 28.7033933, 47.1263576 ], [ 28.7033936, 47.1263585 ], [ 28.7033938, 47.1263593 ], [ 28.7033939, 47.1263602 ], [ 28.7033939, 47.1263611 ], [ 28.7033937, 47.1263619 ], [ 28.7033934, 47.1263628 ], [ 28.703393, 47.1263636 ], [ 28.7033925, 47.1263644 ], [ 28.7033918, 47.1263652 ], [ 28.7033911, 47.1263659 ], [ 28.7033902, 47.1263666 ], [ 28.7033893, 47.1263672 ], [ 28.7033883, 47.1263677 ], [ 28.7033872, 47.1263682 ], [ 28.7033846, 47.1263692 ], [ 28.7033843, 47.1263693 ], [ 28.7033558, 47.1263796 ], [ 28.7033555, 47.1263797 ], [ 28.7033557, 47.1263799 ], [ 28.7033707, 47.1263992 ], [ 28.7033708, 47.1263994 ], [ 28.7033711, 47.1263993 ], [ 28.7033895, 47.1263926 ], [ 28.7033906, 47.1263922 ], [ 28.7033918, 47.126392 ], [ 28.7033931, 47.1263917 ], [ 28.7033943, 47.1263916 ], [ 28.7033956, 47.1263916 ], [ 28.7033969, 47.1263916 ], [ 28.7033982, 47.1263917 ], [ 28.7033994, 47.1263919 ], [ 28.7034006, 47.1263922 ], [ 28.7034018, 47.1263926 ], [ 28.7034029, 47.1263931 ], [ 28.7034039, 47.1263936 ], [ 28.7034049, 47.1263942 ], [ 28.7034058, 47.1263948 ], [ 28.7034065, 47.1263955 ], [ 28.7034072, 47.1263962 ], [ 28.7034162, 47.1264075 ], [ 28.7034164, 47.1264076 ], [ 28.7034169, 47.1264076 ], [ 28.703417, 47.1264076 ], [ 28.7034183, 47.1264075 ], [ 28.7034195, 47.1264075 ], [ 28.7034208, 47.1264075 ], [ 28.703422, 47.1264077 ], [ 28.7034232, 47.1264079 ], [ 28.7034244, 47.1264082 ], [ 28.7034256, 47.1264086 ], [ 28.7034266, 47.1264091 ], [ 28.7034276, 47.1264096 ], [ 28.7034285, 47.1264102 ], [ 28.7034294, 47.1264108 ], [ 28.7034301, 47.1264115 ], [ 28.7034308, 47.1264123 ], [ 28.7034327, 47.1264147 ], [ 28.7034332, 47.1264155 ], [ 28.7034337, 47.1264164 ], [ 28.703434, 47.1264173 ], [ 28.7034342, 47.1264182 ], [ 28.7034342, 47.1264191 ], [ 28.7034341, 47.12642 ], [ 28.7034339, 47.1264208 ], [ 28.7034336, 47.1264217 ], [ 28.7034331, 47.1264226 ], [ 28.7034325, 47.1264234 ], [ 28.7034318, 47.1264241 ], [ 28.703431, 47.1264248 ], [ 28.7034301, 47.1264255 ], [ 28.7034291, 47.1264261 ], [ 28.703428, 47.1264266 ], [ 28.7034268, 47.126427 ], [ 28.7034169, 47.1264303 ], [ 28.7034166, 47.1264304 ], [ 28.7034167, 47.1264306 ], [ 28.7034308, 47.1264502 ], [ 28.7034309, 47.1264504 ], [ 28.7034313, 47.1264504 ], [ 28.7034326, 47.1264503 ], [ 28.7034339, 47.1264504 ], [ 28.7034351, 47.1264505 ], [ 28.7034364, 47.1264507 ], [ 28.7034376, 47.126451 ], [ 28.7034388, 47.1264513 ], [ 28.7034399, 47.1264517 ], [ 28.7034409, 47.1264522 ], [ 28.7034419, 47.1264528 ], [ 28.7034427, 47.1264534 ], [ 28.7034435, 47.1264541 ], [ 28.7034442, 47.1264548 ], [ 28.7034448, 47.1264556 ], [ 28.7034453, 47.1264564 ], [ 28.7034456, 47.1264573 ], [ 28.7034459, 47.1264581 ], [ 28.703446, 47.126459 ], [ 28.703446, 47.1264599 ], [ 28.7034458, 47.1264607 ], [ 28.7034456, 47.1264616 ], [ 28.7034452, 47.1264624 ], [ 28.7034447, 47.1264632 ], [ 28.7034441, 47.126464 ], [ 28.7034434, 47.1264647 ], [ 28.7034431, 47.1264649 ], [ 28.7034429, 47.1264651 ], [ 28.703443, 47.1264653 ], [ 28.7034581, 47.1264846 ], [ 28.7034583, 47.1264848 ], [ 28.7034585, 47.1264847 ], [ 28.7034952, 47.1264713 ], [ 28.7034954, 47.1264712 ], [ 28.7034953, 47.126471 ], [ 28.7034802, 47.1264518 ], [ 28.7034801, 47.1264516 ], [ 28.7034798, 47.1264515 ], [ 28.7034791, 47.1264514 ], [ 28.7034779, 47.126451 ], [ 28.7034767, 47.1264506 ], [ 28.7034757, 47.1264501 ], [ 28.7034747, 47.1264496 ], [ 28.7034738, 47.1264489 ], [ 28.7034729, 47.1264483 ], [ 28.7034722, 47.1264475 ], [ 28.7034716, 47.1264468 ], [ 28.7034711, 47.126446 ], [ 28.7034707, 47.1264451 ], [ 28.7034705, 47.1264443 ], [ 28.7034703, 47.1264434 ], [ 28.7034703, 47.1264425 ], [ 28.7034704, 47.1264416 ], [ 28.7034707, 47.1264408 ], [ 28.703471, 47.1264399 ], [ 28.7034715, 47.1264391 ], [ 28.7034721, 47.1264383 ], [ 28.7034728, 47.1264376 ], [ 28.7034736, 47.1264369 ], [ 28.7034745, 47.1264363 ], [ 28.7034755, 47.1264357 ], [ 28.7034766, 47.1264352 ], [ 28.7034777, 47.1264348 ], [ 28.7034852, 47.1264323 ], [ 28.7034855, 47.1264322 ], [ 28.7034853, 47.126432 ], [ 28.7034741, 47.1264163 ], [ 28.7034736, 47.1264155 ], [ 28.7034732, 47.1264147 ], [ 28.7034729, 47.1264139 ], [ 28.7034728, 47.126413 ], [ 28.7034727, 47.1264121 ], [ 28.7034728, 47.1264113 ], [ 28.7034731, 47.1264104 ], [ 28.7034734, 47.1264096 ], [ 28.7034738, 47.1264088 ], [ 28.7034744, 47.126408 ], [ 28.7034751, 47.1264073 ], [ 28.7034758, 47.1264066 ], [ 28.7034767, 47.1264059 ], [ 28.7034776, 47.1264054 ], [ 28.7034787, 47.1264049 ], [ 28.7034798, 47.1264044 ], [ 28.7034851, 47.1264025 ], [ 28.7034851, 47.1264025 ], [ 28.7034854, 47.1264024 ], [ 28.7034855, 47.1264024 ], [ 28.7035767, 47.1263675 ], [ 28.7035774, 47.1263673 ], [ 28.7035998, 47.1263599 ], [ 28.7036003, 47.1263597 ], [ 28.7036482, 47.1263458 ], [ 28.7036485, 47.1263457 ], [ 28.7036483, 47.1263455 ], [ 28.7036406, 47.1263331 ], [ 28.7036401, 47.1263323 ], [ 28.7036398, 47.1263314 ], [ 28.7036396, 47.1263306 ], [ 28.7036395, 47.1263297 ], [ 28.7036395, 47.1263289 ], [ 28.7036397, 47.126328 ], [ 28.7036399, 47.1263272 ], [ 28.7036403, 47.1263264 ], [ 28.7036408, 47.1263256 ], [ 28.7036414, 47.1263249 ], [ 28.7036421, 47.1263242 ], [ 28.7036429, 47.1263235 ], [ 28.7036438, 47.1263229 ], [ 28.7036447, 47.1263224 ], [ 28.7036446, 47.1263222 ], [ 28.7036292, 47.126303 ], [ 28.7036291, 47.1263028 ], [ 28.7036285, 47.1263027 ], [ 28.7036273, 47.1263024 ], [ 28.7036261, 47.1263019 ], [ 28.703625, 47.1263015 ], [ 28.703624, 47.1263009 ], [ 28.7036231, 47.1263003 ], [ 28.7036223, 47.1262996 ], [ 28.7036215, 47.1262989 ], [ 28.7036209, 47.1262981 ], [ 28.7036204, 47.1262973 ], [ 28.70362, 47.1262964 ], [ 28.7036198, 47.1262956 ], [ 28.7036196, 47.1262947 ], [ 28.7036196, 47.1262938 ], [ 28.7036197, 47.1262929 ], [ 28.70362, 47.126292 ], [ 28.7036204, 47.1262912 ], [ 28.7036208, 47.1262904 ], [ 28.7036215, 47.1262896 ], [ 28.7036222, 47.1262889 ], [ 28.703623, 47.1262882 ], [ 28.7036239, 47.1262875 ], [ 28.7036249, 47.126287 ], [ 28.703626, 47.1262865 ], [ 28.7036641, 47.1262708 ], [ 28.7036643, 47.1262707 ], [ 28.7036642, 47.1262705 ], [ 28.7036537, 47.1262586 ], [ 28.7036531, 47.1262578 ], [ 28.7036526, 47.126257 ], [ 28.7036522, 47.1262562 ], [ 28.7036519, 47.1262553 ], [ 28.7036518, 47.1262544 ], [ 28.7036518, 47.1262536 ], [ 28.7036519, 47.1262527 ], [ 28.7036521, 47.1262518 ], [ 28.7036525, 47.126251 ], [ 28.703653, 47.1262502 ], [ 28.7036536, 47.1262494 ], [ 28.7036543, 47.1262487 ], [ 28.7036551, 47.126248 ], [ 28.703656, 47.1262474 ], [ 28.703657, 47.1262468 ], [ 28.703658, 47.1262463 ], [ 28.7036579, 47.1262461 ], [ 28.7036473, 47.1262331 ], [ 28.7036468, 47.1262324 ], [ 28.7036463, 47.1262315 ], [ 28.703646, 47.1262307 ], [ 28.7036458, 47.1262298 ], [ 28.7036457, 47.126229 ], [ 28.7036457, 47.1262281 ], [ 28.7036459, 47.1262272 ], [ 28.7036462, 47.1262264 ], [ 28.7036466, 47.1262256 ], [ 28.7036471, 47.1262248 ], [ 28.7036477, 47.126224 ], [ 28.7036484, 47.1262233 ], [ 28.7036493, 47.1262226 ], [ 28.7036502, 47.126222 ], [ 28.7036512, 47.1262215 ], [ 28.7036832, 47.1262058 ], [ 28.7036835, 47.1262057 ], [ 28.7036833, 47.1262055 ], [ 28.7036647, 47.1261878 ], [ 28.7036645, 47.1261876 ], [ 28.7036642, 47.1261877 ], [ 28.7036375, 47.1262008 ], [ 28.7036364, 47.1262013 ], [ 28.7036352, 47.1262017 ], [ 28.703634, 47.126202 ], [ 28.7036328, 47.1262022 ], [ 28.7036315, 47.1262024 ], [ 28.7036302, 47.1262025 ], [ 28.7036289, 47.1262025 ], [ 28.7036276, 47.1262024 ], [ 28.7036263, 47.1262022 ], [ 28.7036251, 47.1262019 ], [ 28.7036239, 47.1262015 ], [ 28.7036228, 47.1262011 ], [ 28.7036217, 47.1262006 ], [ 28.7036207, 47.1262 ], [ 28.7036198, 47.1261994 ], [ 28.703619, 47.1261987 ], [ 28.7036183, 47.1261979 ], [ 28.7036165, 47.1261957 ], [ 28.7036163, 47.1261955 ], [ 28.7036162, 47.1261955 ], [ 28.7036152, 47.1261948 ], [ 28.7036143, 47.1261942 ], [ 28.7036136, 47.1261934 ], [ 28.703613, 47.1261927 ], [ 28.7036124, 47.1261918 ], [ 28.703612, 47.126191 ], [ 28.7036117, 47.1261901 ], [ 28.7036116, 47.1261892 ], [ 28.7036116, 47.1261883 ], [ 28.7036117, 47.1261874 ], [ 28.7036119, 47.1261866 ], [ 28.7036123, 47.1261857 ], [ 28.7036128, 47.1261849 ], [ 28.7036134, 47.1261841 ], [ 28.7036141, 47.1261833 ], [ 28.7036149, 47.1261826 ], [ 28.7036158, 47.126182 ], [ 28.7036168, 47.1261814 ], [ 28.7036179, 47.1261809 ], [ 28.703708, 47.1261438 ], [ 28.7037082, 47.1261436 ], [ 28.7037081, 47.1261435 ], [ 28.7037004, 47.1261348 ], [ 28.7036998, 47.1261341 ], [ 28.7036993, 47.1261333 ], [ 28.7036989, 47.1261324 ], [ 28.7036987, 47.1261316 ], [ 28.7036985, 47.1261307 ], [ 28.7036985, 47.1261298 ], [ 28.7036986, 47.126129 ], [ 28.7036989, 47.1261281 ], [ 28.7036992, 47.1261273 ], [ 28.7036997, 47.1261265 ], [ 28.7037003, 47.1261257 ], [ 28.703701, 47.126125 ], [ 28.7037017, 47.1261243 ], [ 28.7037026, 47.1261237 ], [ 28.7037036, 47.1261231 ], [ 28.7037046, 47.1261226 ], [ 28.7037074, 47.1261214 ], [ 28.7037077, 47.1261213 ], [ 28.7037075, 47.1261211 ], [ 28.7036903, 47.1261027 ], [ 28.7036902, 47.1261025 ], [ 28.7036899, 47.1261026 ], [ 28.7036693, 47.1261115 ], [ 28.7036682, 47.126112 ], [ 28.703667, 47.1261123 ], [ 28.7036657, 47.1261126 ], [ 28.7036645, 47.1261128 ], [ 28.7036632, 47.1261129 ], [ 28.7036619, 47.1261129 ], [ 28.7036606, 47.1261129 ], [ 28.7036593, 47.1261127 ], [ 28.7036581, 47.1261125 ], [ 28.7036569, 47.1261122 ], [ 28.7036557, 47.1261118 ], [ 28.7036546, 47.1261113 ], [ 28.7036536, 47.1261108 ], [ 28.7036527, 47.1261102 ], [ 28.7036518, 47.1261095 ], [ 28.7036511, 47.1261088 ], [ 28.7036504, 47.126108 ], [ 28.7036499, 47.1261072 ], [ 28.7036499, 47.1261071 ], [ 28.7036497, 47.1261069 ], [ 28.7036404, 47.1260958 ], [ 28.7036398, 47.126095 ], [ 28.7036393, 47.1260942 ], [ 28.703639, 47.1260934 ], [ 28.7036388, 47.1260925 ], [ 28.7036386, 47.1260917 ], [ 28.7036387, 47.1260908 ], [ 28.7036388, 47.12609 ], [ 28.703639, 47.1260891 ], [ 28.7036394, 47.1260883 ], [ 28.7036399, 47.1260875 ], [ 28.7036404, 47.1260867 ], [ 28.7036411, 47.126086 ], [ 28.7036419, 47.1260854 ], [ 28.7036428, 47.1260847 ], [ 28.7036437, 47.1260842 ], [ 28.7036448, 47.1260837 ], [ 28.7036566, 47.1260786 ], [ 28.7036572, 47.1260783 ], [ 28.7037253, 47.1260523 ], [ 28.7037255, 47.1260522 ], [ 28.7037254, 47.126052 ], [ 28.7037098, 47.126033 ], [ 28.7037096, 47.1260328 ], [ 28.7037093, 47.1260329 ], [ 28.7036905, 47.1260401 ], [ 28.7036894, 47.1260405 ], [ 28.7036882, 47.1260408 ], [ 28.7036869, 47.126041 ], [ 28.7036857, 47.1260412 ], [ 28.7036844, 47.1260412 ], [ 28.7036831, 47.1260412 ], [ 28.7036818, 47.1260411 ], [ 28.7036806, 47.1260409 ], [ 28.7036794, 47.1260406 ], [ 28.7036782, 47.1260403 ], [ 28.7036771, 47.1260399 ], [ 28.703676, 47.1260394 ], [ 28.703675, 47.1260388 ], [ 28.7036742, 47.1260382 ], [ 28.7036734, 47.1260375 ], [ 28.7036727, 47.1260368 ], [ 28.7036721, 47.126036 ], [ 28.7036716, 47.1260352 ], [ 28.7036712, 47.1260343 ], [ 28.703671, 47.1260335 ], [ 28.7036709, 47.1260326 ], [ 28.7036709, 47.1260317 ], [ 28.703671, 47.1260308 ], [ 28.7036713, 47.12603 ], [ 28.7036717, 47.1260292 ], [ 28.7036722, 47.1260284 ], [ 28.7036728, 47.1260276 ], [ 28.7036735, 47.1260269 ], [ 28.7036743, 47.1260262 ], [ 28.7036752, 47.1260256 ], [ 28.7036762, 47.126025 ], [ 28.7036773, 47.1260245 ], [ 28.7036853, 47.1260213 ], [ 28.7036855, 47.1260212 ], [ 28.7036854, 47.126021 ], [ 28.7036784, 47.126013 ], [ 28.7036777, 47.1260122 ], [ 28.7036773, 47.1260114 ], [ 28.7036769, 47.1260105 ], [ 28.7036766, 47.1260097 ], [ 28.7036765, 47.1260088 ], [ 28.7036765, 47.1260079 ], [ 28.7036766, 47.126007 ], [ 28.7036769, 47.1260062 ], [ 28.7036773, 47.1260053 ], [ 28.7036778, 47.1260045 ], [ 28.7036784, 47.1260037 ], [ 28.7036791, 47.126003 ], [ 28.7036799, 47.1260023 ], [ 28.7036809, 47.1260017 ], [ 28.7036819, 47.1260011 ], [ 28.7036827, 47.1260007 ], [ 28.7036828, 47.1260007 ], [ 28.7036827, 47.1260005 ], [ 28.7036678, 47.1259812 ], [ 28.7036676, 47.125981 ], [ 28.703667, 47.1259809 ], [ 28.7036669, 47.1259808 ], [ 28.7036657, 47.1259805 ], [ 28.7036645, 47.12598 ], [ 28.7036634, 47.1259795 ], [ 28.7036624, 47.1259789 ], [ 28.7036615, 47.1259783 ], [ 28.7036607, 47.1259776 ], [ 28.70366, 47.1259768 ], [ 28.7036501, 47.1259648 ], [ 28.7036499, 47.1259646 ], [ 28.7036496, 47.1259647 ], [ 28.7036368, 47.1259696 ], [ 28.7036357, 47.12597 ], [ 28.7036345, 47.1259704 ], [ 28.7036332, 47.1259706 ], [ 28.7036319, 47.1259707 ], [ 28.7036307, 47.1259708 ], [ 28.7036294, 47.1259708 ], [ 28.7036281, 47.1259707 ], [ 28.7036268, 47.1259705 ], [ 28.7036256, 47.1259702 ], [ 28.7036244, 47.1259699 ], [ 28.7036233, 47.1259694 ], [ 28.7036223, 47.1259689 ], [ 28.7036213, 47.1259683 ], [ 28.7036204, 47.1259677 ], [ 28.7036196, 47.125967 ], [ 28.7036189, 47.1259663 ], [ 28.7036169, 47.1259639 ], [ 28.7036163, 47.1259631 ], [ 28.7036158, 47.1259622 ], [ 28.7036155, 47.1259614 ], [ 28.7036152, 47.1259605 ], [ 28.7036151, 47.1259596 ], [ 28.7036152, 47.1259587 ], [ 28.7036153, 47.1259578 ], [ 28.7036156, 47.125957 ], [ 28.703616, 47.1259561 ], [ 28.7036166, 47.1259553 ], [ 28.7036172, 47.1259546 ], [ 28.703618, 47.1259538 ], [ 28.7036188, 47.1259532 ], [ 28.7036198, 47.1259526 ], [ 28.7036208, 47.125952 ], [ 28.7036219, 47.1259515 ], [ 28.703661, 47.1259366 ], [ 28.7036621, 47.1259362 ], [ 28.7036633, 47.1259359 ], [ 28.7036646, 47.1259357 ], [ 28.7036659, 47.1259356 ], [ 28.7036671, 47.1259355 ], [ 28.7036684, 47.1259355 ], [ 28.7036697, 47.1259356 ], [ 28.703671, 47.1259358 ], [ 28.7036722, 47.1259361 ], [ 28.7036734, 47.1259365 ], [ 28.7036745, 47.1259369 ], [ 28.7036755, 47.1259374 ], [ 28.7036765, 47.125938 ], [ 28.7036774, 47.1259386 ], [ 28.7036782, 47.1259393 ], [ 28.7036789, 47.1259401 ], [ 28.7036902, 47.1259538 ], [ 28.7036904, 47.1259539 ], [ 28.7036907, 47.1259538 ], [ 28.7037142, 47.1259448 ], [ 28.7037145, 47.1259447 ], [ 28.7037143, 47.1259445 ], [ 28.7037038, 47.1259318 ], [ 28.7037032, 47.1259309 ], [ 28.7037027, 47.1259301 ], [ 28.7037024, 47.1259292 ], [ 28.7037022, 47.1259283 ], [ 28.7037021, 47.1259274 ], [ 28.7037021, 47.1259265 ], [ 28.7037023, 47.1259256 ], [ 28.7037027, 47.1259247 ], [ 28.7037031, 47.1259239 ], [ 28.7037037, 47.125923 ], [ 28.7037044, 47.1259223 ], [ 28.7037052, 47.1259215 ], [ 28.7037061, 47.1259209 ], [ 28.7037071, 47.1259203 ], [ 28.7037082, 47.1259197 ], [ 28.7037093, 47.1259193 ], [ 28.7037262, 47.1259135 ], [ 28.7037265, 47.1259134 ], [ 28.7037263, 47.1259132 ], [ 28.7037119, 47.1258937 ], [ 28.7037118, 47.1258935 ], [ 28.7037115, 47.1258936 ], [ 28.7036765, 47.1259057 ], [ 28.7036753, 47.125906 ], [ 28.7036741, 47.1259063 ], [ 28.7036729, 47.1259065 ], [ 28.7036717, 47.1259066 ], [ 28.7036704, 47.1259066 ], [ 28.7036691, 47.1259066 ], [ 28.7036679, 47.1259064 ], [ 28.7036667, 47.1259062 ], [ 28.7036655, 47.1259059 ], [ 28.7036643, 47.1259055 ], [ 28.7036632, 47.1259051 ], [ 28.7036622, 47.1259046 ], [ 28.7036613, 47.125904 ], [ 28.7036604, 47.1259034 ], [ 28.7036597, 47.1259027 ], [ 28.703659, 47.1259019 ], [ 28.7036581, 47.1259008 ], [ 28.7036575, 47.1259 ], [ 28.7036571, 47.1258992 ], [ 28.7036567, 47.1258983 ], [ 28.7036565, 47.1258974 ], [ 28.7036564, 47.1258966 ], [ 28.7036565, 47.1258957 ], [ 28.7036566, 47.1258948 ], [ 28.7036569, 47.125894 ], [ 28.7036573, 47.1258931 ], [ 28.7036579, 47.1258923 ], [ 28.7036585, 47.1258916 ], [ 28.7036593, 47.1258909 ], [ 28.7036601, 47.1258902 ], [ 28.703661, 47.1258896 ], [ 28.703662, 47.1258891 ], [ 28.7036991, 47.1258713 ], [ 28.7036997, 47.125871 ], [ 28.7037211, 47.1258618 ], [ 28.7037214, 47.1258617 ], [ 28.7037212, 47.1258615 ], [ 28.7037087, 47.1258479 ], [ 28.703708, 47.1258472 ], [ 28.7037075, 47.1258464 ], [ 28.7037071, 47.1258455 ], [ 28.7037071, 47.1258455 ], [ 28.703707, 47.1258453 ], [ 28.7036912, 47.1258261 ], [ 28.7036911, 47.125826 ], [ 28.7036797, 47.1258119 ], [ 28.7036639, 47.1257928 ], [ 28.7036637, 47.1257926 ], [ 28.7036635, 47.1257924 ], [ 28.7036628, 47.1257917 ], [ 28.7036622, 47.125791 ], [ 28.7036575, 47.1257847 ], [ 28.703657, 47.1257839 ], [ 28.7036565, 47.125783 ], [ 28.7036563, 47.1257822 ], [ 28.7036561, 47.1257813 ], [ 28.7036561, 47.1257804 ], [ 28.7036561, 47.1257795 ], [ 28.7036564, 47.1257787 ], [ 28.7036567, 47.1257778 ], [ 28.7036572, 47.125777 ], [ 28.7036577, 47.1257762 ], [ 28.7036584, 47.1257754 ], [ 28.7036592, 47.1257747 ], [ 28.7036601, 47.1257741 ], [ 28.7036611, 47.1257735 ], [ 28.7036622, 47.125773 ], [ 28.7036633, 47.1257726 ], [ 28.7036748, 47.1257686 ], [ 28.7036759, 47.1257683 ], [ 28.7036771, 47.125768 ], [ 28.7036784, 47.1257678 ], [ 28.7036797, 47.1257677 ], [ 28.7036809, 47.1257676 ], [ 28.7036822, 47.1257677 ], [ 28.7036835, 47.1257678 ], [ 28.7036847, 47.1257681 ], [ 28.7036859, 47.1257684 ], [ 28.703687, 47.1257687 ], [ 28.7036881, 47.1257692 ], [ 28.7036891, 47.1257697 ], [ 28.7036901, 47.1257703 ], [ 28.7036909, 47.1257709 ], [ 28.7036917, 47.1257716 ], [ 28.7036923, 47.1257724 ], [ 28.7036965, 47.1257777 ], [ 28.7036967, 47.1257779 ], [ 28.703697, 47.1257778 ], [ 28.7037095, 47.1257732 ], [ 28.7037105, 47.1257729 ], [ 28.7037578, 47.1257591 ], [ 28.7037581, 47.125759 ], [ 28.703758, 47.1257588 ], [ 28.7037531, 47.125751 ], [ 28.7037526, 47.1257501 ], [ 28.7037523, 47.1257493 ], [ 28.7037521, 47.1257484 ], [ 28.703752, 47.1257475 ], [ 28.7037521, 47.1257466 ], [ 28.7037523, 47.1257457 ], [ 28.7037526, 47.1257448 ], [ 28.703753, 47.125744 ], [ 28.7037536, 47.1257431 ], [ 28.7037543, 47.1257424 ], [ 28.7037551, 47.1257417 ], [ 28.703756, 47.125741 ], [ 28.703757, 47.1257404 ], [ 28.7037581, 47.1257399 ], [ 28.7037592, 47.1257394 ], [ 28.7037665, 47.1257369 ], [ 28.7037668, 47.1257368 ], [ 28.7037666, 47.1257366 ], [ 28.7037522, 47.1257172 ], [ 28.703752, 47.125717 ], [ 28.7037518, 47.1257171 ], [ 28.7036921, 47.1257377 ], [ 28.7036909, 47.125738 ], [ 28.7036897, 47.1257383 ], [ 28.7036885, 47.1257385 ], [ 28.7036872, 47.1257386 ], [ 28.703686, 47.1257386 ], [ 28.7036847, 47.1257386 ], [ 28.7036835, 47.1257385 ], [ 28.7036822, 47.1257382 ], [ 28.7036811, 47.1257379 ], [ 28.7036799, 47.1257376 ], [ 28.7036788, 47.1257371 ], [ 28.7036778, 47.1257366 ], [ 28.7036769, 47.125736 ], [ 28.703676, 47.1257354 ], [ 28.7036752, 47.1257347 ], [ 28.7036746, 47.125734 ], [ 28.7036655, 47.1257228 ], [ 28.7036654, 47.1257226 ], [ 28.7036651, 47.1257227 ], [ 28.7034345, 47.1258094 ], [ 28.7034344, 47.1258094 ], [ 28.7033432, 47.1258442 ], [ 28.703342, 47.1258446 ], [ 28.7033408, 47.1258449 ], [ 28.7033395, 47.1258452 ], [ 28.7033382, 47.1258453 ], [ 28.7033369, 47.1258454 ], [ 28.7033355, 47.1258453 ], [ 28.7033342, 47.1258452 ], [ 28.7033329, 47.125845 ], [ 28.7033317, 47.1258447 ], [ 28.7033305, 47.1258443 ], [ 28.7033293, 47.1258438 ], [ 28.7033283, 47.1258432 ], [ 28.7033273, 47.1258426 ], [ 28.7033264, 47.1258419 ], [ 28.7033257, 47.1258412 ], [ 28.7033244, 47.1258398 ], [ 28.7033238, 47.1258391 ], [ 28.7033232, 47.1258383 ], [ 28.7033228, 47.1258374 ], [ 28.7033226, 47.1258366 ], [ 28.7033224, 47.1258358 ], [ 28.7033223, 47.1258349 ], [ 28.7033224, 47.125834 ], [ 28.7033226, 47.1258332 ], [ 28.7033229, 47.1258323 ], [ 28.7033234, 47.1258315 ], [ 28.7033239, 47.1258307 ], [ 28.7033246, 47.12583 ], [ 28.7033253, 47.1258293 ], [ 28.7033261, 47.1258287 ], [ 28.7033271, 47.1258281 ], [ 28.7033281, 47.1258276 ], [ 28.7033292, 47.1258271 ], [ 28.7036639, 47.1257012 ], [ 28.7036641, 47.1257011 ], [ 28.703664, 47.1257009 ], [ 28.7036486, 47.1256818 ], [ 28.7036484, 47.1256816 ], [ 28.7036481, 47.1256815 ], [ 28.7036472, 47.1256808 ], [ 28.7036464, 47.1256802 ], [ 28.7036456, 47.1256795 ], [ 28.703645, 47.1256787 ], [ 28.7036445, 47.1256779 ], [ 28.7036441, 47.1256771 ], [ 28.7036438, 47.1256762 ], [ 28.7036438, 47.1256762 ], [ 28.7036437, 47.125676 ], [ 28.7036281, 47.125657 ], [ 28.7036279, 47.1256568 ], [ 28.7036276, 47.1256569 ], [ 28.7034093, 47.1257402 ], [ 28.7034081, 47.1257406 ], [ 28.7034069, 47.1257409 ], [ 28.7034057, 47.1257411 ], [ 28.7034044, 47.1257413 ], [ 28.7034031, 47.1257413 ], [ 28.7034018, 47.1257413 ], [ 28.7034005, 47.1257412 ], [ 28.7033993, 47.125741 ], [ 28.7033981, 47.1257407 ], [ 28.7033969, 47.1257403 ], [ 28.7033958, 47.1257399 ], [ 28.7033947, 47.1257394 ], [ 28.7033937, 47.1257388 ], [ 28.7033928, 47.1257382 ], [ 28.7033921, 47.1257375 ], [ 28.7033914, 47.1257367 ], [ 28.7033862, 47.1257304 ], [ 28.703386, 47.1257303 ], [ 28.7033858, 47.1257303 ], [ 28.703318, 47.1257562 ], [ 28.7033171, 47.1257565 ], [ 28.7032463, 47.1257789 ], [ 28.7032461, 47.125779 ], [ 28.7032454, 47.1257792 ], [ 28.7032452, 47.1257793 ], [ 28.7030716, 47.1258434 ], [ 28.7030713, 47.1258435 ], [ 28.7030715, 47.1258437 ], [ 28.7030798, 47.1258542 ], [ 28.7030804, 47.125855 ], [ 28.7030808, 47.1258558 ], [ 28.7030811, 47.1258567 ], [ 28.7030813, 47.1258575 ], [ 28.7030814, 47.1258584 ], [ 28.7030814, 47.1258593 ], [ 28.7030812, 47.1258602 ], [ 28.7030809, 47.125861 ], [ 28.7030805, 47.1258618 ], [ 28.7030799, 47.1258626 ], [ 28.7030793, 47.1258634 ], [ 28.7030785, 47.1258641 ], [ 28.7030777, 47.1258647 ], [ 28.7030768, 47.1258653 ], [ 28.7030758, 47.1258659 ], [ 28.7030747, 47.1258663 ], [ 28.703029, 47.1258838 ], [ 28.7030287, 47.1258839 ], [ 28.7030288, 47.1258841 ], [ 28.7030444, 47.1259031 ], [ 28.7030446, 47.1259033 ], [ 28.7030449, 47.1259032 ], [ 28.7030906, 47.1258858 ], [ 28.7030918, 47.1258854 ], [ 28.703093, 47.1258851 ], [ 28.7030942, 47.1258848 ], [ 28.7030955, 47.1258847 ], [ 28.7030968, 47.1258846 ], [ 28.7030981, 47.1258847 ], [ 28.7030994, 47.1258848 ], [ 28.7031006, 47.125885 ], [ 28.7031019, 47.1258852 ], [ 28.703103, 47.1258856 ], [ 28.7031042, 47.125886 ], [ 28.7031052, 47.1258866 ], [ 28.7031062, 47.1258871 ], [ 28.7031071, 47.1258878 ], [ 28.7031079, 47.1258885 ], [ 28.7031086, 47.1258892 ], [ 28.7031114, 47.1258927 ], [ 28.703112, 47.1258935 ], [ 28.7031125, 47.1258943 ], [ 28.7031128, 47.1258952 ], [ 28.703113, 47.1258961 ], [ 28.7031131, 47.125897 ], [ 28.703113, 47.1258979 ], [ 28.7031129, 47.1258987 ], [ 28.7031126, 47.1258996 ], [ 28.7031121, 47.1259004 ], [ 28.7031116, 47.1259013 ], [ 28.7031109, 47.125902 ], [ 28.7031102, 47.1259027 ], [ 28.7031093, 47.1259034 ], [ 28.7031083, 47.125904 ], [ 28.7031073, 47.1259045 ], [ 28.7031062, 47.125905 ], [ 28.7030327, 47.1259322 ], [ 28.7030324, 47.1259323 ], [ 28.7030102, 47.12594 ], [ 28.7030093, 47.1259403 ], [ 28.7029614, 47.1259538 ], [ 28.7029612, 47.1259538 ], [ 28.7029605, 47.125954 ], [ 28.7029603, 47.1259541 ], [ 28.7029464, 47.1259587 ], [ 28.7029462, 47.1259588 ], [ 28.7029463, 47.125959 ] ], [ [ 28.7035521, 47.126307 ], [ 28.7035457, 47.126299 ], [ 28.7035451, 47.1262982 ], [ 28.7035447, 47.1262974 ], [ 28.7035443, 47.1262965 ], [ 28.7035441, 47.1262957 ], [ 28.7035441, 47.1262948 ], [ 28.7035441, 47.1262939 ], [ 28.7035443, 47.126293 ], [ 28.7035446, 47.1262922 ], [ 28.703545, 47.1262913 ], [ 28.7035455, 47.1262905 ], [ 28.7035462, 47.1262898 ], [ 28.7035469, 47.1262891 ], [ 28.7035478, 47.1262884 ], [ 28.7035487, 47.1262878 ], [ 28.7035498, 47.1262873 ], [ 28.7035509, 47.1262868 ], [ 28.7035726, 47.1262786 ], [ 28.7035737, 47.1262782 ], [ 28.7035749, 47.1262779 ], [ 28.7035761, 47.1262777 ], [ 28.7035774, 47.1262775 ], [ 28.7035786, 47.1262775 ], [ 28.7035799, 47.1262775 ], [ 28.7035811, 47.1262776 ], [ 28.7035824, 47.1262778 ], [ 28.7035836, 47.126278 ], [ 28.7035847, 47.1262784 ], [ 28.7035859, 47.1262788 ], [ 28.7035869, 47.1262793 ], [ 28.7035879, 47.1262798 ], [ 28.7035888, 47.1262804 ], [ 28.7035896, 47.1262811 ], [ 28.7035903, 47.1262818 ], [ 28.7036026, 47.1262958 ], [ 28.7036028, 47.126296 ], [ 28.7036029, 47.126296 ], [ 28.7036039, 47.1262964 ], [ 28.703605, 47.1262968 ], [ 28.703606, 47.1262973 ], [ 28.703607, 47.1262979 ], [ 28.7036078, 47.1262986 ], [ 28.7036086, 47.1262993 ], [ 28.7036093, 47.1263 ], [ 28.7036098, 47.1263008 ], [ 28.7036103, 47.1263016 ], [ 28.7036106, 47.1263025 ], [ 28.7036108, 47.1263034 ], [ 28.7036108, 47.1263042 ], [ 28.7036108, 47.1263051 ], [ 28.7036106, 47.126306 ], [ 28.7036103, 47.1263069 ], [ 28.7036099, 47.1263077 ], [ 28.7036093, 47.1263085 ], [ 28.7036087, 47.1263092 ], [ 28.7036079, 47.12631 ], [ 28.7036071, 47.1263106 ], [ 28.7036061, 47.1263112 ], [ 28.7036051, 47.1263117 ], [ 28.703604, 47.1263122 ], [ 28.7035502, 47.1263323 ], [ 28.7035491, 47.1263327 ], [ 28.7035479, 47.126333 ], [ 28.7035466, 47.1263332 ], [ 28.7035454, 47.1263333 ], [ 28.7035441, 47.1263334 ], [ 28.7035428, 47.1263334 ], [ 28.7035415, 47.1263332 ], [ 28.7035403, 47.126333 ], [ 28.7035391, 47.1263328 ], [ 28.7035379, 47.1263324 ], [ 28.7035368, 47.126332 ], [ 28.7035357, 47.1263315 ], [ 28.7035348, 47.1263309 ], [ 28.7035339, 47.1263302 ], [ 28.7035331, 47.1263296 ], [ 28.7035324, 47.1263288 ], [ 28.70353, 47.1263259 ], [ 28.7035294, 47.1263251 ], [ 28.7035289, 47.1263242 ], [ 28.7035286, 47.1263234 ], [ 28.7035284, 47.1263225 ], [ 28.7035283, 47.1263216 ], [ 28.7035283, 47.1263207 ], [ 28.7035285, 47.1263198 ], [ 28.7035288, 47.126319 ], [ 28.7035292, 47.1263181 ], [ 28.7035297, 47.1263173 ], [ 28.7035304, 47.1263165 ], [ 28.7035311, 47.1263158 ], [ 28.703532, 47.1263152 ], [ 28.703533, 47.1263145 ], [ 28.703534, 47.126314 ], [ 28.7035351, 47.1263135 ], [ 28.7035519, 47.1263073 ], [ 28.7035522, 47.1263071 ], [ 28.7035521, 47.126307 ] ], [ [ 28.7035663, 47.1262052 ], [ 28.7035675, 47.1262047 ], [ 28.7035687, 47.1262044 ], [ 28.70357, 47.1262041 ], [ 28.7035713, 47.126204 ], [ 28.7035726, 47.1262039 ], [ 28.7035739, 47.1262039 ], [ 28.7035752, 47.126204 ], [ 28.7035765, 47.1262042 ], [ 28.7035777, 47.1262044 ], [ 28.7035789, 47.1262048 ], [ 28.7035801, 47.1262052 ], [ 28.7035812, 47.1262057 ], [ 28.7035822, 47.1262063 ], [ 28.7035831, 47.126207 ], [ 28.7035839, 47.1262077 ], [ 28.7035846, 47.1262084 ], [ 28.703588, 47.1262125 ], [ 28.7035886, 47.1262133 ], [ 28.703589, 47.1262141 ], [ 28.7035894, 47.1262149 ], [ 28.7035896, 47.1262157 ], [ 28.7035897, 47.1262166 ], [ 28.7035897, 47.1262175 ], [ 28.7035896, 47.1262183 ], [ 28.7035893, 47.1262192 ], [ 28.7035889, 47.12622 ], [ 28.7035885, 47.1262208 ], [ 28.7035879, 47.1262216 ], [ 28.7035872, 47.1262223 ], [ 28.7035864, 47.1262229 ], [ 28.7035855, 47.1262236 ], [ 28.7035845, 47.1262241 ], [ 28.7035835, 47.1262246 ], [ 28.7035712, 47.1262298 ], [ 28.70357, 47.1262302 ], [ 28.7035688, 47.1262306 ], [ 28.7035675, 47.1262308 ], [ 28.7035662, 47.126231 ], [ 28.7035649, 47.1262311 ], [ 28.7035636, 47.1262311 ], [ 28.7035623, 47.126231 ], [ 28.703561, 47.1262308 ], [ 28.7035597, 47.1262306 ], [ 28.7035585, 47.1262302 ], [ 28.7035573, 47.1262298 ], [ 28.7035562, 47.1262293 ], [ 28.7035552, 47.1262287 ], [ 28.7035543, 47.126228 ], [ 28.7035535, 47.1262273 ], [ 28.7035528, 47.1262265 ], [ 28.70355, 47.1262232 ], [ 28.7035494, 47.1262224 ], [ 28.703549, 47.1262216 ], [ 28.7035486, 47.1262208 ], [ 28.7035484, 47.1262199 ], [ 28.7035483, 47.126219 ], [ 28.7035484, 47.1262181 ], [ 28.7035485, 47.1262173 ], [ 28.7035488, 47.1262164 ], [ 28.7035492, 47.1262156 ], [ 28.7035497, 47.1262148 ], [ 28.7035503, 47.126214 ], [ 28.7035511, 47.1262133 ], [ 28.7035519, 47.1262126 ], [ 28.7035528, 47.126212 ], [ 28.7035538, 47.1262115 ], [ 28.7035542, 47.1262113 ], [ 28.7035652, 47.1262057 ], [ 28.7035663, 47.1262052 ] ], [ [ 28.7032592, 47.1262429 ], [ 28.703258, 47.1262432 ], [ 28.7032568, 47.1262434 ], [ 28.7032555, 47.1262435 ], [ 28.7032542, 47.1262436 ], [ 28.703253, 47.1262435 ], [ 28.7032517, 47.1262434 ], [ 28.7032505, 47.1262432 ], [ 28.7032493, 47.1262429 ], [ 28.7032481, 47.1262425 ], [ 28.703247, 47.1262421 ], [ 28.703246, 47.1262416 ], [ 28.703245, 47.126241 ], [ 28.7032442, 47.1262404 ], [ 28.7032434, 47.1262397 ], [ 28.7032427, 47.1262389 ], [ 28.7032331, 47.1262272 ], [ 28.7032325, 47.1262264 ], [ 28.703232, 47.1262256 ], [ 28.7032317, 47.1262248 ], [ 28.7032315, 47.1262239 ], [ 28.7032314, 47.126223 ], [ 28.7032314, 47.1262222 ], [ 28.7032315, 47.1262213 ], [ 28.7032318, 47.1262205 ], [ 28.7032322, 47.1262197 ], [ 28.7032327, 47.1262189 ], [ 28.7032333, 47.1262181 ], [ 28.703234, 47.1262174 ], [ 28.7032348, 47.1262167 ], [ 28.7032357, 47.1262161 ], [ 28.7032366, 47.1262156 ], [ 28.7032377, 47.1262151 ], [ 28.7032388, 47.1262147 ], [ 28.7032397, 47.1262144 ], [ 28.70324, 47.1262143 ], [ 28.7032865, 47.1261966 ], [ 28.7032877, 47.1261962 ], [ 28.7032889, 47.1261959 ], [ 28.7032902, 47.1261956 ], [ 28.7032915, 47.1261955 ], [ 28.7032927, 47.1261954 ], [ 28.703294, 47.1261955 ], [ 28.7032953, 47.1261956 ], [ 28.7032966, 47.1261958 ], [ 28.7032978, 47.1261961 ], [ 28.703299, 47.1261964 ], [ 28.7033001, 47.1261969 ], [ 28.7033012, 47.1261974 ], [ 28.7033021, 47.126198 ], [ 28.703303, 47.1261986 ], [ 28.7033038, 47.1261993 ], [ 28.7033045, 47.1262001 ], [ 28.7033073, 47.1262036 ], [ 28.7033079, 47.1262043 ], [ 28.7033083, 47.1262052 ], [ 28.7033087, 47.126206 ], [ 28.7033089, 47.1262069 ], [ 28.703309, 47.1262077 ], [ 28.7033089, 47.1262086 ], [ 28.7033088, 47.1262095 ], [ 28.7033085, 47.1262103 ], [ 28.7033081, 47.1262111 ], [ 28.7033076, 47.1262119 ], [ 28.703307, 47.1262127 ], [ 28.7033062, 47.1262134 ], [ 28.7033054, 47.1262141 ], [ 28.7033045, 47.1262147 ], [ 28.7033035, 47.1262152 ], [ 28.7033024, 47.1262157 ], [ 28.7032755, 47.1262264 ], [ 28.7032753, 47.1262265 ], [ 28.7032755, 47.1262269 ], [ 28.7032755, 47.1262269 ], [ 28.7032759, 47.1262273 ], [ 28.7032763, 47.1262282 ], [ 28.7032767, 47.1262291 ], [ 28.7032769, 47.1262299 ], [ 28.703277, 47.1262309 ], [ 28.703277, 47.1262318 ], [ 28.7032768, 47.1262327 ], [ 28.7032765, 47.1262335 ], [ 28.7032761, 47.1262344 ], [ 28.7032756, 47.1262352 ], [ 28.7032749, 47.126236 ], [ 28.7032741, 47.1262367 ], [ 28.7032732, 47.1262374 ], [ 28.7032722, 47.126238 ], [ 28.7032712, 47.1262386 ], [ 28.70327, 47.126239 ], [ 28.7032604, 47.1262425 ], [ 28.7032592, 47.1262429 ] ] ] ] } },
{ "type": "Feature", "properties": { "vineyard_id": "V08", "n_rows": 21, "row_spacing_m": 2.05, "vine_spacing_m": 1.4, "area_m2": 1506.56 }, "geometry": { "type": "Polygon", "coordinates": [ [ [ 28.7067357, 47.1256561 ], [ 28.706736, 47.1256561 ], [ 28.7067908, 47.1256644 ], [ 28.7067921, 47.1256646 ], [ 28.7067933, 47.1256649 ], [ 28.7067944, 47.1256653 ], [ 28.7067955, 47.1256658 ], [ 28.7067965, 47.1256663 ], [ 28.7067974, 47.1256669 ], [ 28.7067983, 47.1256676 ], [ 28.706799, 47.1256683 ], [ 28.7067997, 47.1256691 ], [ 28.7068002, 47.1256699 ], [ 28.7068006, 47.1256707 ], [ 28.7068009, 47.1256715 ], [ 28.7068011, 47.1256724 ], [ 28.7068011, 47.1256733 ], [ 28.7068011, 47.1256742 ], [ 28.7068009, 47.125675 ], [ 28.7067988, 47.1256818 ], [ 28.7067985, 47.1256827 ], [ 28.706798, 47.1256835 ], [ 28.7067974, 47.1256844 ], [ 28.706797, 47.1256847 ], [ 28.7067969, 47.1256849 ], [ 28.7067968, 47.1256852 ], [ 28.7067918, 47.1257047 ], [ 28.7067918, 47.1257049 ], [ 28.706792, 47.1257051 ], [ 28.7067923, 47.1257054 ], [ 28.706793, 47.1257061 ], [ 28.7067937, 47.1257068 ], [ 28.7067942, 47.1257076 ], [ 28.7067946, 47.1257084 ], [ 28.7067949, 47.1257093 ], [ 28.706795, 47.1257101 ], [ 28.7067951, 47.125711 ], [ 28.706795, 47.1257119 ], [ 28.7067948, 47.1257127 ], [ 28.7067945, 47.1257136 ], [ 28.7067941, 47.1257144 ], [ 28.7067935, 47.1257152 ], [ 28.7067929, 47.1257159 ], [ 28.7067921, 47.1257166 ], [ 28.7067913, 47.1257172 ], [ 28.7067903, 47.1257178 ], [ 28.7067893, 47.1257184 ], [ 28.7067882, 47.1257188 ], [ 28.7067871, 47.1257192 ], [ 28.7067859, 47.1257195 ], [ 28.7067847, 47.1257197 ], [ 28.7067834, 47.1257198 ], [ 28.7067822, 47.1257199 ], [ 28.7067819, 47.1257199 ], [ 28.7067819, 47.1257201 ], [ 28.7067753, 47.1257395 ], [ 28.7067753, 47.1257397 ], [ 28.7067756, 47.1257397 ], [ 28.7070837, 47.1257881 ], [ 28.7070849, 47.1257883 ], [ 28.7070861, 47.1257886 ], [ 28.7070873, 47.125789 ], [ 28.7070884, 47.1257895 ], [ 28.7070894, 47.1257901 ], [ 28.7070903, 47.1257907 ], [ 28.7070911, 47.1257913 ], [ 28.7070919, 47.1257921 ], [ 28.7070925, 47.1257928 ], [ 28.707093, 47.1257936 ], [ 28.7070934, 47.1257945 ], [ 28.7070937, 47.1257953 ], [ 28.7070939, 47.1257962 ], [ 28.7070939, 47.1257971 ], [ 28.7070938, 47.1257979 ], [ 28.7070936, 47.1257988 ], [ 28.7070926, 47.1258017 ], [ 28.7070926, 47.1258019 ], [ 28.7070929, 47.125802 ], [ 28.7071521, 47.1258111 ], [ 28.7071534, 47.1258113 ], [ 28.7071546, 47.1258116 ], [ 28.7071558, 47.1258121 ], [ 28.7071569, 47.1258125 ], [ 28.7071579, 47.1258131 ], [ 28.7071588, 47.1258137 ], [ 28.7071597, 47.1258144 ], [ 28.7071604, 47.1258151 ], [ 28.7071611, 47.1258159 ], [ 28.7071616, 47.1258168 ], [ 28.707162, 47.1258176 ], [ 28.7071622, 47.1258185 ], [ 28.7071624, 47.1258194 ], [ 28.7071624, 47.1258203 ], [ 28.7071622, 47.1258212 ], [ 28.707162, 47.125822 ], [ 28.7071605, 47.125826 ], [ 28.7071605, 47.1258263 ], [ 28.7071608, 47.1258263 ], [ 28.7071966, 47.1258324 ], [ 28.7071969, 47.1258325 ], [ 28.707197, 47.1258323 ], [ 28.707203, 47.1258159 ], [ 28.7072034, 47.125815 ], [ 28.7072039, 47.1258142 ], [ 28.7072045, 47.1258134 ], [ 28.7072052, 47.1258127 ], [ 28.707206, 47.125812 ], [ 28.7072069, 47.1258114 ], [ 28.7072078, 47.1258109 ], [ 28.7072089, 47.1258104 ], [ 28.70721, 47.12581 ], [ 28.7072112, 47.1258096 ], [ 28.7072124, 47.1258093 ], [ 28.7072137, 47.1258092 ], [ 28.7072149, 47.1258091 ], [ 28.7072162, 47.1258091 ], [ 28.7072175, 47.1258091 ], [ 28.7072187, 47.1258093 ], [ 28.7072907, 47.1258206 ], [ 28.707291, 47.1258206 ], [ 28.7072911, 47.1258204 ], [ 28.7072976, 47.1258011 ], [ 28.7072977, 47.1258009 ], [ 28.7072974, 47.1258008 ], [ 28.7072584, 47.1257947 ], [ 28.7072572, 47.1257944 ], [ 28.707256, 47.1257941 ], [ 28.7072549, 47.1257938 ], [ 28.7072538, 47.1257933 ], [ 28.7072528, 47.1257928 ], [ 28.7072519, 47.1257922 ], [ 28.7072511, 47.1257915 ], [ 28.7072503, 47.1257908 ], [ 28.7072497, 47.1257901 ], [ 28.7072491, 47.1257893 ], [ 28.7072487, 47.1257885 ], [ 28.7072484, 47.1257877 ], [ 28.7072482, 47.1257868 ], [ 28.7072482, 47.125786 ], [ 28.7072481, 47.1257853 ], [ 28.7072481, 47.1257848 ], [ 28.7072482, 47.1257839 ], [ 28.7072483, 47.125783 ], [ 28.7072486, 47.1257821 ], [ 28.7072491, 47.1257813 ], [ 28.7072497, 47.1257805 ], [ 28.7072503, 47.1257797 ], [ 28.7072511, 47.125779 ], [ 28.707252, 47.1257783 ], [ 28.707253, 47.1257777 ], [ 28.7072541, 47.1257772 ], [ 28.7072552, 47.1257767 ], [ 28.7072564, 47.1257763 ], [ 28.7072577, 47.1257761 ], [ 28.707259, 47.1257759 ], [ 28.7072603, 47.1257757 ], [ 28.7072616, 47.1257757 ], [ 28.7072629, 47.1257758 ], [ 28.7072642, 47.1257759 ], [ 28.7072991, 47.1257814 ], [ 28.7072994, 47.1257814 ], [ 28.7074523, 47.1258076 ], [ 28.7074526, 47.1258076 ], [ 28.7074527, 47.1258074 ], [ 28.7074597, 47.1257882 ], [ 28.7074598, 47.125788 ], [ 28.7074595, 47.1257878 ], [ 28.7074593, 47.1257876 ], [ 28.7074584, 47.125787 ], [ 28.7074577, 47.1257863 ], [ 28.707457, 47.1257856 ], [ 28.7074565, 47.1257848 ], [ 28.707456, 47.125784 ], [ 28.7074557, 47.1257832 ], [ 28.7074555, 47.1257824 ], [ 28.7074554, 47.1257815 ], [ 28.7074554, 47.1257807 ], [ 28.7074555, 47.1257798 ], [ 28.7074558, 47.125779 ], [ 28.707459, 47.1257704 ], [ 28.7074591, 47.1257702 ], [ 28.7074588, 47.1257702 ], [ 28.7074162, 47.1257627 ], [ 28.707415, 47.1257625 ], [ 28.7074138, 47.1257621 ], [ 28.7074127, 47.1257617 ], [ 28.7074116, 47.1257612 ], [ 28.7074106, 47.1257607 ], [ 28.7074097, 47.1257601 ], [ 28.7074089, 47.1257594 ], [ 28.7074082, 47.1257587 ], [ 28.7074076, 47.1257579 ], [ 28.7074071, 47.1257571 ], [ 28.7074067, 47.1257563 ], [ 28.7074064, 47.1257554 ], [ 28.7074063, 47.1257546 ], [ 28.7074063, 47.1257537 ], [ 28.7074064, 47.1257528 ], [ 28.7074066, 47.125752 ], [ 28.7074104, 47.1257409 ], [ 28.7074104, 47.1257407 ], [ 28.7074104, 47.1257406 ], [ 28.7074106, 47.1257399 ], [ 28.7074108, 47.1257392 ], [ 28.7074159, 47.1257248 ], [ 28.707416, 47.1257246 ], [ 28.707416, 47.1257243 ], [ 28.707416, 47.1257234 ], [ 28.7074162, 47.1257226 ], [ 28.7074165, 47.1257218 ], [ 28.7074169, 47.125721 ], [ 28.707417, 47.1257207 ], [ 28.7074171, 47.1257205 ], [ 28.7074237, 47.125701 ], [ 28.7074294, 47.1256839 ], [ 28.7074297, 47.1256829 ], [ 28.7074303, 47.125682 ], [ 28.7074305, 47.1256818 ], [ 28.7074305, 47.1256816 ], [ 28.7074361, 47.1256624 ], [ 28.7074365, 47.1256615 ], [ 28.7074369, 47.1256606 ], [ 28.7074375, 47.1256597 ], [ 28.7074383, 47.125659 ], [ 28.7074387, 47.1256586 ], [ 28.7074387, 47.1256584 ], [ 28.7074419, 47.1256456 ], [ 28.7074421, 47.1256447 ], [ 28.7074426, 47.1256439 ], [ 28.7074427, 47.1256437 ], [ 28.7074429, 47.1256434 ], [ 28.707443, 47.1256432 ], [ 28.7074494, 47.1256238 ], [ 28.7074494, 47.1256236 ], [ 28.7074493, 47.1256233 ], [ 28.7074491, 47.125623 ], [ 28.7074488, 47.1256221 ], [ 28.7074486, 47.1256212 ], [ 28.7074485, 47.1256203 ], [ 28.7074486, 47.1256194 ], [ 28.7074487, 47.1256185 ], [ 28.7074533, 47.1256027 ], [ 28.7074534, 47.1256025 ], [ 28.7074529, 47.1256022 ], [ 28.7074529, 47.1256022 ], [ 28.7074528, 47.1256022 ], [ 28.7074519, 47.1256015 ], [ 28.7074511, 47.1256008 ], [ 28.7074503, 47.1256001 ], [ 28.7074497, 47.1255992 ], [ 28.7074492, 47.1255984 ], [ 28.7074489, 47.1255975 ], [ 28.7074486, 47.1255966 ], [ 28.7074485, 47.1255957 ], [ 28.7074486, 47.1255948 ], [ 28.7074488, 47.1255939 ], [ 28.7074525, 47.1255806 ], [ 28.7074525, 47.1255804 ], [ 28.7074522, 47.1255804 ], [ 28.7074108, 47.125575 ], [ 28.7074095, 47.1255748 ], [ 28.7074083, 47.1255745 ], [ 28.7074071, 47.1255741 ], [ 28.7074059, 47.1255736 ], [ 28.7074049, 47.1255731 ], [ 28.7074039, 47.1255725 ], [ 28.707403, 47.1255718 ], [ 28.7074022, 47.1255711 ], [ 28.7074016, 47.1255703 ], [ 28.707401, 47.1255694 ], [ 28.7074006, 47.1255686 ], [ 28.7074003, 47.1255677 ], [ 28.7074002, 47.1255668 ], [ 28.7074001, 47.1255659 ], [ 28.7074002, 47.125565 ], [ 28.7074005, 47.1255641 ], [ 28.7074022, 47.1255592 ], [ 28.7074023, 47.125559 ], [ 28.707402, 47.1255589 ], [ 28.7072879, 47.1255401 ], [ 28.7072867, 47.1255399 ], [ 28.7072855, 47.1255396 ], [ 28.7072844, 47.1255392 ], [ 28.7072833, 47.1255387 ], [ 28.7072823, 47.1255381 ], [ 28.7072813, 47.1255375 ], [ 28.7072805, 47.1255368 ], [ 28.7072798, 47.1255361 ], [ 28.7072792, 47.1255353 ], [ 28.7072787, 47.1255345 ], [ 28.7072783, 47.1255336 ], [ 28.707278, 47.1255328 ], [ 28.7072779, 47.1255319 ], [ 28.7072779, 47.125531 ], [ 28.707278, 47.1255301 ], [ 28.7072782, 47.1255293 ], [ 28.7072808, 47.125522 ], [ 28.7072809, 47.1255218 ], [ 28.7072806, 47.1255218 ], [ 28.7071273, 47.125496 ], [ 28.7071272, 47.125496 ], [ 28.7068965, 47.1254588 ], [ 28.7068962, 47.1254588 ], [ 28.7068962, 47.125459 ], [ 28.7068895, 47.1254783 ], [ 28.7068894, 47.1254785 ], [ 28.7068897, 47.1254786 ], [ 28.7069152, 47.1254827 ], [ 28.7069165, 47.1254829 ], [ 28.7069177, 47.1254833 ], [ 28.7069188, 47.1254837 ], [ 28.7069199, 47.1254842 ], [ 28.7069209, 47.1254847 ], [ 28.7069219, 47.1254854 ], [ 28.7069227, 47.125486 ], [ 28.7069234, 47.1254868 ], [ 28.7069241, 47.1254876 ], [ 28.7069246, 47.1254884 ], [ 28.706925, 47.1254892 ], [ 28.7069252, 47.1254901 ], [ 28.7069253, 47.125491 ], [ 28.7069253, 47.1254919 ], [ 28.7069252, 47.1254928 ], [ 28.706925, 47.1254937 ], [ 28.7069242, 47.1254958 ], [ 28.7069238, 47.1254967 ], [ 28.7069233, 47.1254975 ], [ 28.7069227, 47.1254982 ], [ 28.706922, 47.125499 ], [ 28.7069211, 47.1254997 ], [ 28.7069202, 47.1255003 ], [ 28.7069192, 47.1255008 ], [ 28.7069181, 47.1255013 ], [ 28.706917, 47.1255018 ], [ 28.7069158, 47.1255021 ], [ 28.7069146, 47.1255023 ], [ 28.7069133, 47.1255025 ], [ 28.706912, 47.1255026 ], [ 28.7069107, 47.1255026 ], [ 28.7069094, 47.1255025 ], [ 28.7069082, 47.1255023 ], [ 28.7068581, 47.1254937 ], [ 28.7068578, 47.1254937 ], [ 28.7068577, 47.1254939 ], [ 28.7068506, 47.1255131 ], [ 28.7068505, 47.1255133 ], [ 28.7068505, 47.1255134 ], [ 28.7068504, 47.1255143 ], [ 28.7068502, 47.1255152 ], [ 28.7068482, 47.1255212 ], [ 28.7068479, 47.125522 ], [ 28.7068474, 47.1255229 ], [ 28.7068469, 47.1255236 ], [ 28.7068462, 47.1255244 ], [ 28.7068454, 47.1255251 ], [ 28.7068445, 47.1255257 ], [ 28.7068435, 47.1255263 ], [ 28.7068424, 47.1255268 ], [ 28.7068413, 47.1255272 ], [ 28.7068401, 47.1255276 ], [ 28.7068389, 47.1255279 ], [ 28.7068376, 47.1255281 ], [ 28.7068363, 47.1255282 ], [ 28.706835, 47.1255282 ], [ 28.7068337, 47.1255281 ], [ 28.7068325, 47.125528 ], [ 28.7067813, 47.12552 ], [ 28.706781, 47.12552 ], [ 28.706781, 47.1255202 ], [ 28.7067745, 47.1255396 ], [ 28.7067745, 47.1255398 ], [ 28.7067748, 47.1255398 ], [ 28.7067931, 47.1255427 ], [ 28.7067943, 47.1255429 ], [ 28.7067955, 47.1255432 ], [ 28.7067966, 47.1255436 ], [ 28.7067977, 47.1255441 ], [ 28.7067988, 47.1255446 ], [ 28.7067997, 47.1255452 ], [ 28.7068005, 47.1255459 ], [ 28.7068013, 47.1255466 ], [ 28.7068019, 47.1255474 ], [ 28.7068024, 47.1255482 ], [ 28.7068028, 47.125549 ], [ 28.7068031, 47.1255499 ], [ 28.7068033, 47.1255508 ], [ 28.7068033, 47.1255516 ], [ 28.7068032, 47.1255525 ], [ 28.706803, 47.1255534 ], [ 28.7068001, 47.1255623 ], [ 28.7067998, 47.1255632 ], [ 28.7067993, 47.125564 ], [ 28.7067987, 47.1255648 ], [ 28.706798, 47.1255656 ], [ 28.7067972, 47.1255663 ], [ 28.7067963, 47.1255669 ], [ 28.7067954, 47.1255675 ], [ 28.7067943, 47.125568 ], [ 28.7067932, 47.1255684 ], [ 28.706792, 47.1255688 ], [ 28.7067907, 47.1255691 ], [ 28.7067895, 47.1255693 ], [ 28.7067882, 47.1255694 ], [ 28.7067869, 47.1255694 ], [ 28.7067856, 47.1255693 ], [ 28.7067843, 47.1255692 ], [ 28.7067698, 47.1255669 ], [ 28.7067695, 47.1255669 ], [ 28.7067694, 47.1255671 ], [ 28.7067629, 47.1255864 ], [ 28.7067629, 47.1255866 ], [ 28.7067632, 47.1255867 ], [ 28.7068575, 47.1256014 ], [ 28.7068587, 47.1256016 ], [ 28.7068599, 47.1256019 ], [ 28.7068611, 47.1256023 ], [ 28.7068621, 47.1256028 ], [ 28.7068632, 47.1256033 ], [ 28.7068641, 47.1256039 ], [ 28.7068649, 47.1256046 ], [ 28.7068657, 47.1256053 ], [ 28.7068663, 47.125606 ], [ 28.7068668, 47.1256068 ], [ 28.7068672, 47.1256077 ], [ 28.7068675, 47.1256085 ], [ 28.7068677, 47.1256094 ], [ 28.7068677, 47.1256102 ], [ 28.7068677, 47.1256111 ], [ 28.7068675, 47.125612 ], [ 28.7068671, 47.1256128 ], [ 28.7068667, 47.1256136 ], [ 28.7068662, 47.1256144 ], [ 28.7068655, 47.1256152 ], [ 28.7068647, 47.1256159 ], [ 28.7068639, 47.1256165 ], [ 28.7068629, 47.1256171 ], [ 28.7068619, 47.1256176 ], [ 28.7068608, 47.1256181 ], [ 28.7068596, 47.1256184 ], [ 28.7068584, 47.1256187 ], [ 28.7068572, 47.125619 ], [ 28.7068559, 47.1256191 ], [ 28.7068547, 47.1256191 ], [ 28.7068534, 47.1256191 ], [ 28.7068521, 47.125619 ], [ 28.7068296, 47.1256161 ], [ 28.7068295, 47.125616 ], [ 28.7068288, 47.125616 ], [ 28.7068286, 47.125616 ], [ 28.7067628, 47.12561 ], [ 28.7067625, 47.1256099 ], [ 28.7067624, 47.1256102 ], [ 28.7067613, 47.125616 ], [ 28.7067611, 47.1256169 ], [ 28.7067607, 47.1256177 ], [ 28.7067602, 47.1256185 ], [ 28.7067596, 47.1256193 ], [ 28.7067589, 47.12562 ], [ 28.7067581, 47.1256207 ], [ 28.7067572, 47.1256214 ], [ 28.7067562, 47.1256219 ], [ 28.7067552, 47.1256224 ], [ 28.706754, 47.1256229 ], [ 28.7067529, 47.1256232 ], [ 28.7067516, 47.1256235 ], [ 28.7067504, 47.1256237 ], [ 28.7067491, 47.1256238 ], [ 28.7067478, 47.1256238 ], [ 28.7067478, 47.1256238 ], [ 28.7067477, 47.125624 ], [ 28.7067457, 47.1256316 ], [ 28.7067454, 47.1256325 ], [ 28.706745, 47.1256333 ], [ 28.7067445, 47.1256341 ], [ 28.7067438, 47.1256348 ], [ 28.7067431, 47.1256355 ], [ 28.7067423, 47.1256362 ], [ 28.7067421, 47.1256363 ], [ 28.7067421, 47.1256365 ], [ 28.7067358, 47.1256559 ], [ 28.7067357, 47.1256561 ] ], [ [ 28.7073285, 47.125586 ], [ 28.7073298, 47.1255862 ], [ 28.7073311, 47.1255865 ], [ 28.7073323, 47.1255868 ], [ 28.7073335, 47.1255873 ], [ 28.7073346, 47.1255878 ], [ 28.7073356, 47.1255884 ], [ 28.7073365, 47.125589 ], [ 28.7073373, 47.1255898 ], [ 28.707338, 47.1255905 ], [ 28.7073386, 47.1255913 ], [ 28.7073391, 47.1255922 ], [ 28.7073394, 47.1255931 ], [ 28.7073396, 47.125594 ], [ 28.7073397, 47.1255949 ], [ 28.7073396, 47.1255958 ], [ 28.7073395, 47.1255967 ], [ 28.7073394, 47.125597 ], [ 28.707339, 47.1255979 ], [ 28.7073386, 47.1255988 ], [ 28.707338, 47.1255996 ], [ 28.7073373, 47.1256003 ], [ 28.7073365, 47.1256011 ], [ 28.7073357, 47.1256017 ], [ 28.7073347, 47.1256023 ], [ 28.7073336, 47.1256028 ], [ 28.7073325, 47.1256033 ], [ 28.7073313, 47.1256037 ], [ 28.70733, 47.1256039 ], [ 28.7073287, 47.1256042 ], [ 28.7073274, 47.1256043 ], [ 28.7073261, 47.1256043 ], [ 28.7073248, 47.1256042 ], [ 28.7073235, 47.1256041 ], [ 28.7073161, 47.1256029 ], [ 28.7073149, 47.1256027 ], [ 28.7073137, 47.1256024 ], [ 28.7073125, 47.125602 ], [ 28.7073114, 47.1256015 ], [ 28.7073104, 47.1256009 ], [ 28.7073094, 47.1256003 ], [ 28.7073086, 47.1255996 ], [ 28.7073078, 47.1255989 ], [ 28.7073072, 47.1255981 ], [ 28.7073067, 47.1255973 ], [ 28.7073063, 47.1255964 ], [ 28.707306, 47.1255956 ], [ 28.7073059, 47.1255947 ], [ 28.7073059, 47.1255938 ], [ 28.707306, 47.1255929 ], [ 28.7073062, 47.125592 ], [ 28.7073066, 47.1255912 ], [ 28.7073071, 47.1255904 ], [ 28.7073077, 47.1255896 ], [ 28.7073084, 47.1255888 ], [ 28.7073092, 47.1255881 ], [ 28.7073102, 47.1255875 ], [ 28.7073112, 47.1255869 ], [ 28.7073123, 47.1255864 ], [ 28.7073134, 47.125586 ], [ 28.7073146, 47.1255857 ], [ 28.7073159, 47.1255854 ], [ 28.7073171, 47.1255852 ], [ 28.7073184, 47.1255852 ], [ 28.7073197, 47.1255852 ], [ 28.707321, 47.1255853 ], [ 28.7073285, 47.125586 ] ] ] } },
{ "type": "Feature", "properties": { "vineyard_id": "V09", "n_rows": 18, "row_spacing_m": 2.05, "vine_spacing_m": 1.4, "area_m2": 635.31 }, "geometry": { "type": "Polygon", "coordinates": [ [ [ 28.7069781, 47.1254491 ], [ 28.7069784, 47.1254492 ], [ 28.7071349, 47.1254763 ], [ 28.7071352, 47.1254764 ], [ 28.7071353, 47.1254762 ], [ 28.707139, 47.1254662 ], [ 28.7071394, 47.1254654 ], [ 28.7071399, 47.1254646 ], [ 28.7071405, 47.1254638 ], [ 28.7071412, 47.1254631 ], [ 28.707142, 47.1254624 ], [ 28.7071429, 47.1254618 ], [ 28.7071439, 47.1254613 ], [ 28.7071449, 47.1254608 ], [ 28.7071461, 47.1254604 ], [ 28.7071472, 47.12546 ], [ 28.7071485, 47.1254598 ], [ 28.7071497, 47.1254596 ], [ 28.707151, 47.1254595 ], [ 28.7071523, 47.1254595 ], [ 28.7071535, 47.1254595 ], [ 28.7071548, 47.1254597 ], [ 28.7071982, 47.1254666 ], [ 28.7071995, 47.1254668 ], [ 28.7072007, 47.1254672 ], [ 28.7072019, 47.1254676 ], [ 28.707203, 47.1254681 ], [ 28.707204, 47.1254687 ], [ 28.7072049, 47.1254693 ], [ 28.7072058, 47.12547 ], [ 28.7072065, 47.1254707 ], [ 28.7072071, 47.1254715 ], [ 28.7072076, 47.1254724 ], [ 28.707208, 47.1254732 ], [ 28.7072082, 47.1254741 ], [ 28.7072084, 47.125475 ], [ 28.7072084, 47.1254759 ], [ 28.7072082, 47.1254768 ], [ 28.7072079, 47.1254777 ], [ 28.707206, 47.1254826 ], [ 28.7072059, 47.1254828 ], [ 28.7072062, 47.1254829 ], [ 28.7072732, 47.1254951 ], [ 28.7072735, 47.1254951 ], [ 28.7072736, 47.1254949 ], [ 28.707277, 47.1254861 ], [ 28.7072774, 47.1254852 ], [ 28.7072779, 47.1254844 ], [ 28.7072786, 47.1254836 ], [ 28.7072793, 47.1254829 ], [ 28.7072802, 47.1254822 ], [ 28.7072812, 47.1254816 ], [ 28.7072822, 47.125481 ], [ 28.7072833, 47.1254805 ], [ 28.7072845, 47.1254801 ], [ 28.7072857, 47.1254798 ], [ 28.707287, 47.1254796 ], [ 28.7072883, 47.1254794 ], [ 28.7072896, 47.1254794 ], [ 28.7072909, 47.1254794 ], [ 28.7072923, 47.1254796 ], [ 28.7072947, 47.1254799 ], [ 28.7072951, 47.1254799 ], [ 28.7074229, 47.1254998 ], [ 28.7074232, 47.1254998 ], [ 28.7074233, 47.1254996 ], [ 28.7074297, 47.1254803 ], [ 28.7074298, 47.1254801 ], [ 28.7074298, 47.1254797 ], [ 28.7074298, 47.1254797 ], [ 28.70743, 47.1254789 ], [ 28.7074302, 47.1254781 ], [ 28.7074361, 47.1254624 ], [ 28.7074362, 47.1254622 ], [ 28.7074359, 47.1254622 ], [ 28.7074341, 47.1254619 ], [ 28.7074329, 47.1254616 ], [ 28.7074317, 47.1254613 ], [ 28.7074306, 47.1254609 ], [ 28.7074296, 47.1254604 ], [ 28.7074286, 47.1254598 ], [ 28.7074277, 47.1254592 ], [ 28.7074269, 47.1254585 ], [ 28.7074262, 47.1254578 ], [ 28.7074255, 47.1254571 ], [ 28.7074251, 47.1254563 ], [ 28.7074247, 47.1254554 ], [ 28.7074244, 47.1254546 ], [ 28.7074243, 47.1254537 ], [ 28.7074243, 47.1254528 ], [ 28.7074244, 47.125452 ], [ 28.7074246, 47.1254511 ], [ 28.7074248, 47.1254506 ], [ 28.7074251, 47.1254498 ], [ 28.7074256, 47.125449 ], [ 28.7074262, 47.1254482 ], [ 28.7074269, 47.1254475 ], [ 28.7074277, 47.1254468 ], [ 28.7074285, 47.1254461 ], [ 28.7074295, 47.1254456 ], [ 28.7074306, 47.1254451 ], [ 28.7074317, 47.1254446 ], [ 28.7074329, 47.1254443 ], [ 28.7074341, 47.125444 ], [ 28.7074353, 47.1254438 ], [ 28.7074366, 47.1254437 ], [ 28.7074379, 47.1254437 ], [ 28.7074392, 47.1254438 ], [ 28.7074404, 47.1254439 ], [ 28.707441, 47.125444 ], [ 28.7074413, 47.125444 ], [ 28.7074413, 47.1254438 ], [ 28.7074476, 47.1254244 ], [ 28.7074476, 47.1254242 ], [ 28.707447, 47.1254241 ], [ 28.707447, 47.1254241 ], [ 28.7074461, 47.1254239 ], [ 28.7074448, 47.1254236 ], [ 28.7074437, 47.1254232 ], [ 28.7074425, 47.1254227 ], [ 28.7074415, 47.1254222 ], [ 28.7074406, 47.1254215 ], [ 28.7074397, 47.1254209 ], [ 28.7074389, 47.1254201 ], [ 28.7074383, 47.1254193 ], [ 28.7074378, 47.1254185 ], [ 28.7074374, 47.1254176 ], [ 28.7074371, 47.1254168 ], [ 28.707437, 47.1254159 ], [ 28.707437, 47.125415 ], [ 28.7074371, 47.1254141 ], [ 28.7074374, 47.1254132 ], [ 28.7074378, 47.1254123 ], [ 28.7074379, 47.125412 ], [ 28.7074464, 47.1253931 ], [ 28.7074465, 47.1253929 ], [ 28.7074462, 47.1253928 ], [ 28.7074067, 47.1253846 ], [ 28.7074054, 47.1253842 ], [ 28.7074042, 47.1253839 ], [ 28.7074031, 47.1253834 ], [ 28.707402, 47.1253828 ], [ 28.7074011, 47.1253822 ], [ 28.7074002, 47.1253815 ], [ 28.7073994, 47.1253808 ], [ 28.7073988, 47.12538 ], [ 28.7073982, 47.1253792 ], [ 28.7073978, 47.1253783 ], [ 28.7073975, 47.1253774 ], [ 28.7073974, 47.1253765 ], [ 28.7073974, 47.1253756 ], [ 28.7073975, 47.1253747 ], [ 28.7073977, 47.1253738 ], [ 28.7074004, 47.1253663 ], [ 28.7074005, 47.1253661 ], [ 28.7074005, 47.1253661 ], [ 28.7074005, 47.1253653 ], [ 28.7074005, 47.1253645 ], [ 28.7074007, 47.1253636 ], [ 28.707401, 47.1253628 ], [ 28.7074013, 47.125362 ], [ 28.7074018, 47.1253612 ], [ 28.707402, 47.125361 ], [ 28.7074021, 47.1253608 ], [ 28.7074084, 47.1253414 ], [ 28.7074084, 47.1253412 ], [ 28.7074081, 47.1253412 ], [ 28.7072929, 47.1253237 ], [ 28.7072917, 47.1253235 ], [ 28.7072905, 47.1253231 ], [ 28.7072893, 47.1253228 ], [ 28.7072883, 47.1253223 ], [ 28.7072872, 47.1253217 ], [ 28.7072863, 47.1253211 ], [ 28.7072855, 47.1253205 ], [ 28.7072847, 47.1253198 ], [ 28.7072841, 47.125319 ], [ 28.7072835, 47.1253182 ], [ 28.7072831, 47.1253174 ], [ 28.7072828, 47.1253165 ], [ 28.7072827, 47.1253156 ], [ 28.7072826, 47.1253148 ], [ 28.7072827, 47.1253139 ], [ 28.7072829, 47.125313 ], [ 28.7072845, 47.1253079 ], [ 28.7072849, 47.1253071 ], [ 28.7072853, 47.1253062 ], [ 28.7072859, 47.1253055 ], [ 28.7072866, 47.1253047 ], [ 28.7072874, 47.125304 ], [ 28.7072883, 47.1253033 ], [ 28.7072893, 47.1253028 ], [ 28.7072904, 47.1253022 ], [ 28.7072915, 47.1253018 ], [ 28.7072927, 47.1253014 ], [ 28.707294, 47.1253012 ], [ 28.7072952, 47.125301 ], [ 28.7072965, 47.1253009 ], [ 28.7072978, 47.1253009 ], [ 28.7072991, 47.1253009 ], [ 28.7073004, 47.1253011 ], [ 28.7074795, 47.1253298 ], [ 28.7074798, 47.1253298 ], [ 28.7074799, 47.1253296 ], [ 28.7074866, 47.1253103 ], [ 28.7074866, 47.1253101 ], [ 28.7074863, 47.12531 ], [ 28.7074351, 47.1253018 ], [ 28.7074338, 47.1253016 ], [ 28.7074326, 47.1253012 ], [ 28.7074314, 47.1253008 ], [ 28.7074303, 47.1253003 ], [ 28.7074293, 47.1252998 ], [ 28.7074284, 47.1252991 ], [ 28.7074275, 47.1252985 ], [ 28.7074268, 47.1252977 ], [ 28.7074262, 47.1252969 ], [ 28.7074257, 47.1252961 ], [ 28.7074253, 47.1252952 ], [ 28.707425, 47.1252944 ], [ 28.7074249, 47.1252935 ], [ 28.7074249, 47.1252926 ], [ 28.707425, 47.1252917 ], [ 28.7074253, 47.1252908 ], [ 28.7074258, 47.1252895 ], [ 28.7074262, 47.1252887 ], [ 28.7074266, 47.1252879 ], [ 28.7074272, 47.1252871 ], [ 28.7074279, 47.1252864 ], [ 28.7074288, 47.1252857 ], [ 28.7074296, 47.1252851 ], [ 28.7074306, 47.1252845 ], [ 28.7074317, 47.1252841 ], [ 28.7074328, 47.1252836 ], [ 28.7074339, 47.1252833 ], [ 28.7074352, 47.125283 ], [ 28.7074364, 47.1252829 ], [ 28.7074377, 47.1252828 ], [ 28.7074389, 47.1252827 ], [ 28.7074402, 47.1252828 ], [ 28.7074414, 47.1252829 ], [ 28.7074927, 47.1252908 ], [ 28.707493, 47.1252908 ], [ 28.7074931, 47.1252906 ], [ 28.7074994, 47.1252713 ], [ 28.7074995, 47.125271 ], [ 28.7074992, 47.125271 ], [ 28.7074483, 47.1252632 ], [ 28.707447, 47.125263 ], [ 28.7074458, 47.1252626 ], [ 28.7074446, 47.1252622 ], [ 28.7074435, 47.1252618 ], [ 28.7074425, 47.1252612 ], [ 28.7074416, 47.1252606 ], [ 28.7074407, 47.1252599 ], [ 28.70744, 47.1252592 ], [ 28.7074393, 47.1252584 ], [ 28.7074388, 47.1252576 ], [ 28.7074384, 47.1252567 ], [ 28.7074381, 47.1252559 ], [ 28.707438, 47.125255 ], [ 28.707438, 47.1252541 ], [ 28.7074381, 47.1252532 ], [ 28.7074383, 47.1252523 ], [ 28.7074391, 47.1252501 ], [ 28.7074392, 47.1252499 ], [ 28.7074389, 47.1252498 ], [ 28.7074289, 47.1252482 ], [ 28.7074277, 47.125248 ], [ 28.7074265, 47.1252477 ], [ 28.7074254, 47.1252473 ], [ 28.7074244, 47.1252468 ], [ 28.7074234, 47.1252463 ], [ 28.7074225, 47.1252457 ], [ 28.7074216, 47.125245 ], [ 28.7074209, 47.1252443 ], [ 28.7074203, 47.1252436 ], [ 28.7074197, 47.1252428 ], [ 28.7074193, 47.125242 ], [ 28.707419, 47.1252411 ], [ 28.7074189, 47.1252403 ], [ 28.7074188, 47.1252394 ], [ 28.7074189, 47.1252386 ], [ 28.7074191, 47.1252377 ], [ 28.7074194, 47.1252369 ], [ 28.7074196, 47.1252364 ], [ 28.7074228, 47.1252275 ], [ 28.7074232, 47.1252267 ], [ 28.7074237, 47.1252259 ], [ 28.7074243, 47.1252251 ], [ 28.707425, 47.1252243 ], [ 28.7074259, 47.1252236 ], [ 28.7074268, 47.125223 ], [ 28.7074278, 47.1252225 ], [ 28.7074289, 47.125222 ], [ 28.70743, 47.1252215 ], [ 28.7074312, 47.1252212 ], [ 28.7074325, 47.125221 ], [ 28.7074338, 47.1252208 ], [ 28.7074344, 47.1252207 ], [ 28.7074347, 47.1252207 ], [ 28.7074348, 47.1252205 ], [ 28.7074435, 47.1252016 ], [ 28.7074436, 47.1252014 ], [ 28.7074433, 47.1252013 ], [ 28.7073946, 47.125191 ], [ 28.7073943, 47.1251909 ], [ 28.7073942, 47.1251911 ], [ 28.7073856, 47.1252101 ], [ 28.7073855, 47.1252103 ], [ 28.7073858, 47.1252105 ], [ 28.707386, 47.1252107 ], [ 28.7073867, 47.1252114 ], [ 28.7073873, 47.1252122 ], [ 28.7073878, 47.125213 ], [ 28.7073882, 47.1252139 ], [ 28.7073884, 47.1252147 ], [ 28.7073885, 47.1252156 ], [ 28.7073885, 47.1252165 ], [ 28.7073884, 47.1252173 ], [ 28.7073882, 47.1252182 ], [ 28.7073838, 47.1252303 ], [ 28.7073837, 47.1252306 ], [ 28.7073835, 47.1252313 ], [ 28.7073832, 47.1252321 ], [ 28.7073828, 47.125233 ], [ 28.7073822, 47.1252338 ], [ 28.7073815, 47.1252346 ], [ 28.7073807, 47.1252353 ], [ 28.7073798, 47.1252359 ], [ 28.7073788, 47.1252365 ], [ 28.7073777, 47.1252371 ], [ 28.7073766, 47.1252375 ], [ 28.7073754, 47.1252379 ], [ 28.7073741, 47.1252382 ], [ 28.7073728, 47.1252384 ], [ 28.7073715, 47.1252385 ], [ 28.7073702, 47.1252385 ], [ 28.7073689, 47.1252384 ], [ 28.7073676, 47.1252382 ], [ 28.7072253, 47.1252151 ], [ 28.707225, 47.1252151 ], [ 28.707225, 47.1252153 ], [ 28.7072235, 47.1252194 ], [ 28.7072232, 47.1252202 ], [ 28.7072227, 47.125221 ], [ 28.7072221, 47.1252218 ], [ 28.7072214, 47.1252225 ], [ 28.7072206, 47.1252232 ], [ 28.7072197, 47.1252239 ], [ 28.7072187, 47.1252244 ], [ 28.7072177, 47.1252249 ], [ 28.7072165, 47.1252254 ], [ 28.7072154, 47.1252257 ], [ 28.7072141, 47.125226 ], [ 28.7072129, 47.1252262 ], [ 28.7072116, 47.1252263 ], [ 28.7072103, 47.1252263 ], [ 28.707209, 47.1252262 ], [ 28.7072078, 47.1252261 ], [ 28.7071528, 47.1252175 ], [ 28.7071525, 47.1252174 ], [ 28.7071524, 47.1252176 ], [ 28.7071459, 47.125237 ], [ 28.7071458, 47.1252372 ], [ 28.7071462, 47.1252373 ], [ 28.7071474, 47.1252376 ], [ 28.7071485, 47.1252381 ], [ 28.7071496, 47.1252386 ], [ 28.7071506, 47.1252392 ], [ 28.7071514, 47.1252398 ], [ 28.7071522, 47.1252405 ], [ 28.7071529, 47.1252413 ], [ 28.7071535, 47.1252421 ], [ 28.707154, 47.1252429 ], [ 28.7071543, 47.1252437 ], [ 28.7071545, 47.1252446 ], [ 28.7071546, 47.1252455 ], [ 28.7071546, 47.1252464 ], [ 28.7071544, 47.1252473 ], [ 28.7071541, 47.1252481 ], [ 28.7071537, 47.125249 ], [ 28.7071532, 47.1252498 ], [ 28.7071525, 47.1252505 ], [ 28.7071517, 47.1252512 ], [ 28.7071509, 47.1252519 ], [ 28.7071499, 47.1252525 ], [ 28.7071489, 47.1252531 ], [ 28.7071478, 47.1252535 ], [ 28.7071467, 47.1252539 ], [ 28.7071454, 47.1252542 ], [ 28.7071442, 47.1252544 ], [ 28.7071429, 47.1252546 ], [ 28.7071416, 47.1252546 ], [ 28.7071403, 47.1252546 ], [ 28.7071401, 47.1252546 ], [ 28.7071401, 47.1252548 ], [ 28.7071334, 47.1252741 ], [ 28.7071334, 47.1252743 ], [ 28.7071337, 47.1252744 ], [ 28.7072491, 47.1252929 ], [ 28.7072503, 47.1252931 ], [ 28.7072515, 47.1252934 ], [ 28.7072526, 47.1252938 ], [ 28.7072537, 47.1252943 ], [ 28.7072547, 47.1252948 ], [ 28.7072556, 47.1252954 ], [ 28.7072565, 47.1252961 ], [ 28.7072572, 47.1252968 ], [ 28.7072578, 47.1252976 ], [ 28.7072584, 47.1252984 ], [ 28.7072588, 47.1252992 ], [ 28.7072591, 47.1253001 ], [ 28.7072592, 47.1253009 ], [ 28.7072593, 47.1253018 ], [ 28.7072592, 47.1253027 ], [ 28.707259, 47.1253035 ], [ 28.7072572, 47.125309 ], [ 28.7072569, 47.1253099 ], [ 28.7072564, 47.1253107 ], [ 28.7072558, 47.1253115 ], [ 28.7072552, 47.1253122 ], [ 28.7072544, 47.1253129 ], [ 28.7072535, 47.1253136 ], [ 28.7072525, 47.1253142 ], [ 28.7072514, 47.1253147 ], [ 28.7072503, 47.1253151 ], [ 28.7072491, 47.1253155 ], [ 28.7072479, 47.1253158 ], [ 28.7072466, 47.125316 ], [ 28.7072453, 47.1253161 ], [ 28.7072441, 47.1253161 ], [ 28.7072428, 47.125316 ], [ 28.7072415, 47.1253159 ], [ 28.7071978, 47.1253093 ], [ 28.7071974, 47.1253092 ], [ 28.7071974, 47.1253094 ], [ 28.7071911, 47.1253288 ], [ 28.707191, 47.125329 ], [ 28.7071913, 47.1253291 ], [ 28.7071941, 47.1253295 ], [ 28.7071954, 47.1253297 ], [ 28.7071966, 47.12533 ], [ 28.7071978, 47.1253305 ], [ 28.7071989, 47.1253309 ], [ 28.7071999, 47.1253315 ], [ 28.7072009, 47.1253321 ], [ 28.7072017, 47.1253328 ], [ 28.7072025, 47.1253335 ], [ 28.7072031, 47.1253343 ], [ 28.7072036, 47.1253351 ], [ 28.707204, 47.125336 ], [ 28.7072043, 47.1253369 ], [ 28.7072044, 47.1253378 ], [ 28.7072044, 47.1253387 ], [ 28.7072043, 47.1253396 ], [ 28.7072041, 47.1253404 ], [ 28.7071996, 47.1253527 ], [ 28.7071995, 47.125353 ], [ 28.7071998, 47.125353 ], [ 28.7072899, 47.1253683 ], [ 28.7072912, 47.1253685 ], [ 28.7072924, 47.1253689 ], [ 28.7072935, 47.1253693 ], [ 28.7072946, 47.1253698 ], [ 28.7072956, 47.1253703 ], [ 28.7072965, 47.1253709 ], [ 28.7072973, 47.1253716 ], [ 28.707298, 47.1253723 ], [ 28.7072986, 47.1253731 ], [ 28.7072991, 47.1253739 ], [ 28.7072995, 47.1253747 ], [ 28.7072998, 47.1253756 ], [ 28.7072999, 47.1253765 ], [ 28.7072999, 47.1253773 ], [ 28.7072998, 47.1253782 ], [ 28.7072996, 47.1253791 ], [ 28.7072992, 47.1253799 ], [ 28.7072988, 47.1253807 ], [ 28.7072982, 47.1253815 ], [ 28.7072975, 47.1253822 ], [ 28.7072967, 47.1253829 ], [ 28.7072965, 47.1253831 ], [ 28.7072965, 47.1253833 ], [ 28.7072943, 47.1253917 ], [ 28.707294, 47.1253926 ], [ 28.7072935, 47.1253935 ], [ 28.707293, 47.1253943 ], [ 28.7072923, 47.1253951 ], [ 28.7072915, 47.1253958 ], [ 28.7072906, 47.1253965 ], [ 28.7072897, 47.1253971 ], [ 28.7072886, 47.1253976 ], [ 28.7072875, 47.1253981 ], [ 28.7072863, 47.1253985 ], [ 28.707285, 47.1253988 ], [ 28.7072837, 47.125399 ], [ 28.7072824, 47.1253991 ], [ 28.7072811, 47.1253991 ], [ 28.7072798, 47.1253991 ], [ 28.7072785, 47.1253989 ], [ 28.707243, 47.1253936 ], [ 28.7072417, 47.1253934 ], [ 28.7071927, 47.1253825 ], [ 28.7071926, 47.1253825 ], [ 28.7071921, 47.1253824 ], [ 28.7071919, 47.1253824 ], [ 28.7071666, 47.1253776 ], [ 28.7071665, 47.1253776 ], [ 28.707166, 47.1253775 ], [ 28.7071658, 47.1253775 ], [ 28.7071145, 47.1253695 ], [ 28.7071145, 47.1253695 ], [ 28.7071141, 47.1253695 ], [ 28.707114, 47.1253695 ], [ 28.707064, 47.1253627 ], [ 28.7070636, 47.1253627 ], [ 28.7070636, 47.1253629 ], [ 28.707061, 47.1253717 ], [ 28.7070607, 47.1253725 ], [ 28.7070603, 47.1253733 ], [ 28.7070598, 47.1253741 ], [ 28.7070591, 47.1253748 ], [ 28.7070584, 47.1253755 ], [ 28.7070576, 47.1253762 ], [ 28.7070567, 47.1253768 ], [ 28.7070557, 47.1253773 ], [ 28.7070546, 47.1253777 ], [ 28.7070535, 47.1253781 ], [ 28.7070523, 47.1253784 ], [ 28.7070511, 47.1253787 ], [ 28.7070498, 47.1253788 ], [ 28.7070486, 47.1253789 ], [ 28.7070473, 47.1253789 ], [ 28.7070461, 47.1253788 ], [ 28.7070448, 47.1253786 ], [ 28.7070089, 47.1253723 ], [ 28.7070086, 47.1253723 ], [ 28.7070085, 47.1253725 ], [ 28.7070013, 47.1253917 ], [ 28.7070012, 47.1253919 ], [ 28.7070015, 47.125392 ], [ 28.7070126, 47.1253939 ], [ 28.7070138, 47.1253942 ], [ 28.707015, 47.1253945 ], [ 28.7070161, 47.1253949 ], [ 28.7070172, 47.1253954 ], [ 28.7070182, 47.125396 ], [ 28.7070191, 47.1253966 ], [ 28.7070199, 47.1253973 ], [ 28.7070206, 47.125398 ], [ 28.7070212, 47.1253988 ], [ 28.7070217, 47.1253996 ], [ 28.7070221, 47.1254004 ], [ 28.7070223, 47.1254013 ], [ 28.7070225, 47.1254022 ], [ 28.7070225, 47.125403 ], [ 28.7070224, 47.1254039 ], [ 28.7070221, 47.1254048 ], [ 28.7070221, 47.1254049 ], [ 28.707022, 47.1254051 ], [ 28.7070222, 47.1254054 ], [ 28.7070223, 47.1254056 ], [ 28.7070228, 47.1254064 ], [ 28.7070231, 47.1254073 ], [ 28.7070233, 47.1254082 ], [ 28.7070234, 47.1254091 ], [ 28.7070233, 47.12541 ], [ 28.7070231, 47.1254109 ], [ 28.7070228, 47.1254117 ], [ 28.7070223, 47.1254126 ], [ 28.7070218, 47.1254134 ], [ 28.7070211, 47.1254141 ], [ 28.7070203, 47.1254149 ], [ 28.7070194, 47.1254155 ], [ 28.7070192, 47.1254156 ], [ 28.7070192, 47.1254158 ], [ 28.7070154, 47.1254255 ], [ 28.707015, 47.1254263 ], [ 28.7070145, 47.1254271 ], [ 28.7070139, 47.1254279 ], [ 28.7070132, 47.1254286 ], [ 28.7070123, 47.1254293 ], [ 28.7070114, 47.1254299 ], [ 28.7070104, 47.1254304 ], [ 28.7070093, 47.1254309 ], [ 28.7070082, 47.1254313 ], [ 28.707007, 47.1254316 ], [ 28.7070058, 47.1254319 ], [ 28.7070045, 47.1254321 ], [ 28.7070032, 47.1254321 ], [ 28.7070019, 47.1254321 ], [ 28.7070007, 47.125432 ], [ 28.7069994, 47.1254319 ], [ 28.7069857, 47.1254295 ], [ 28.7069854, 47.1254294 ], [ 28.7069853, 47.1254296 ], [ 28.7069781, 47.1254489 ], [ 28.7069781, 47.1254491 ] ], [ [ 28.7071116, 47.12542 ], [ 28.7071117, 47.1254198 ], [ 28.7071119, 47.1254195 ], [ 28.707112, 47.1254194 ], [ 28.7071125, 47.1254186 ], [ 28.7071131, 47.1254179 ], [ 28.7071139, 47.1254172 ], [ 28.7071147, 47.1254165 ], [ 28.7071156, 47.1254159 ], [ 28.7071166, 47.1254154 ], [ 28.7071177, 47.1254149 ], [ 28.7071188, 47.1254145 ], [ 28.70712, 47.1254142 ], [ 28.7071212, 47.125414 ], [ 28.7071224, 47.1254138 ], [ 28.7071237, 47.1254137 ], [ 28.707125, 47.1254138 ], [ 28.7071262, 47.1254138 ], [ 28.7071275, 47.125414 ], [ 28.7071692, 47.1254213 ], [ 28.7071704, 47.1254216 ], [ 28.7071716, 47.1254219 ], [ 28.7071727, 47.1254223 ], [ 28.7071738, 47.1254228 ], [ 28.7071748, 47.1254234 ], [ 28.7071757, 47.125424 ], [ 28.7071765, 47.1254247 ], [ 28.7071772, 47.1254254 ], [ 28.7071778, 47.1254262 ], [ 28.7071783, 47.125427 ], [ 28.7071787, 47.1254278 ], [ 28.7071789, 47.1254286 ], [ 28.7071791, 47.1254295 ], [ 28.7071791, 47.1254304 ], [ 28.707179, 47.1254313 ], [ 28.7071787, 47.1254321 ], [ 28.7071783, 47.1254334 ], [ 28.7071779, 47.1254343 ], [ 28.7071774, 47.1254351 ], [ 28.7071768, 47.1254359 ], [ 28.7071761, 47.1254366 ], [ 28.7071753, 47.1254373 ], [ 28.7071744, 47.1254379 ], [ 28.7071735, 47.1254385 ], [ 28.7071724, 47.125439 ], [ 28.7071713, 47.1254394 ], [ 28.7071701, 47.1254398 ], [ 28.7071689, 47.12544 ], [ 28.7071676, 47.1254402 ], [ 28.7071663, 47.1254403 ], [ 28.707165, 47.1254403 ], [ 28.7071637, 47.1254402 ], [ 28.7071625, 47.1254401 ], [ 28.7071199, 47.1254333 ], [ 28.7071187, 47.1254331 ], [ 28.7071175, 47.1254328 ], [ 28.7071164, 47.1254324 ], [ 28.7071153, 47.1254319 ], [ 28.7071143, 47.1254314 ], [ 28.7071134, 47.1254308 ], [ 28.7071126, 47.1254301 ], [ 28.7071119, 47.1254294 ], [ 28.7071112, 47.1254287 ], [ 28.7071107, 47.1254279 ], [ 28.7071103, 47.1254271 ], [ 28.70711, 47.1254263 ], [ 28.7071098, 47.1254254 ], [ 28.7071097, 47.1254245 ], [ 28.7071098, 47.1254237 ], [ 28.70711, 47.1254228 ], [ 28.7071103, 47.125422 ], [ 28.7071107, 47.1254212 ], [ 28.7071113, 47.1254204 ], [ 28.7071116, 47.12542 ] ] ] } },
{ "type": "Feature", "properties": { "vineyard_id": "V10", "n_rows": 163, "row_spacing_m": 2.8, "vine_spacing_m": 0.95, "area_m2": 38583.83 }, "geometry": { "type": "MultiPolygon", "coordinates": [ [ [ [ 28.7074824, 47.1227984 ], [ 28.7074826, 47.1227985 ], [ 28.7075038, 47.122809 ], [ 28.7075049, 47.1228096 ], [ 28.7075058, 47.1228102 ], [ 28.7075066, 47.1228109 ], [ 28.7075073, 47.1228116 ], [ 28.707508, 47.1228124 ], [ 28.7075085, 47.1228132 ], [ 28.7075088, 47.122814 ], [ 28.7075091, 47.1228149 ], [ 28.7075093, 47.1228158 ], [ 28.7075093, 47.1228166 ], [ 28.7075092, 47.1228175 ], [ 28.7075089, 47.1228184 ], [ 28.7075086, 47.1228192 ], [ 28.7075081, 47.12282 ], [ 28.7075075, 47.1228208 ], [ 28.7075068, 47.1228216 ], [ 28.7074849, 47.1228422 ], [ 28.7074847, 47.1228424 ], [ 28.707485, 47.1228425 ], [ 28.7075022, 47.122851 ], [ 28.7075032, 47.1228516 ], [ 28.7075041, 47.1228522 ], [ 28.7075049, 47.1228528 ], [ 28.7075056, 47.1228536 ], [ 28.7075063, 47.1228543 ], [ 28.7075068, 47.1228551 ], [ 28.7075072, 47.122856 ], [ 28.7075074, 47.1228568 ], [ 28.7075076, 47.1228577 ], [ 28.7075076, 47.1228586 ], [ 28.7075075, 47.1228595 ], [ 28.7075073, 47.1228603 ], [ 28.7075069, 47.1228612 ], [ 28.7075065, 47.122862 ], [ 28.7075059, 47.1228628 ], [ 28.7075052, 47.1228635 ], [ 28.7074937, 47.1228746 ], [ 28.7074935, 47.1228748 ], [ 28.7074938, 47.1228749 ], [ 28.7075143, 47.1228848 ], [ 28.7075154, 47.1228854 ], [ 28.7075163, 47.122886 ], [ 28.7075172, 47.1228867 ], [ 28.7075179, 47.1228874 ], [ 28.7075185, 47.1228882 ], [ 28.7075191, 47.122889 ], [ 28.7075195, 47.1228899 ], [ 28.7075197, 47.1228907 ], [ 28.7075199, 47.1228916 ], [ 28.7075199, 47.1228925 ], [ 28.7075198, 47.1228934 ], [ 28.7075195, 47.1228943 ], [ 28.7075191, 47.1228952 ], [ 28.7075186, 47.122896 ], [ 28.707518, 47.1228968 ], [ 28.7075173, 47.1228975 ], [ 28.7075031, 47.1229105 ], [ 28.7075029, 47.1229107 ], [ 28.7075032, 47.1229108 ], [ 28.7075214, 47.1229201 ], [ 28.7075224, 47.1229207 ], [ 28.7075233, 47.1229213 ], [ 28.7075241, 47.122922 ], [ 28.7075248, 47.1229227 ], [ 28.7075254, 47.1229235 ], [ 28.7075259, 47.1229243 ], [ 28.7075263, 47.1229251 ], [ 28.7075265, 47.122926 ], [ 28.7075267, 47.1229268 ], [ 28.7075267, 47.1229277 ], [ 28.7075266, 47.1229286 ], [ 28.7075263, 47.1229295 ], [ 28.707526, 47.1229303 ], [ 28.7075255, 47.1229311 ], [ 28.7075249, 47.1229319 ], [ 28.7075242, 47.1229326 ], [ 28.7075058, 47.1229499 ], [ 28.7075056, 47.1229501 ], [ 28.7075059, 47.1229502 ], [ 28.7075263, 47.1229603 ], [ 28.7075273, 47.1229609 ], [ 28.7075282, 47.1229615 ], [ 28.707529, 47.1229622 ], [ 28.7075298, 47.1229629 ], [ 28.7075304, 47.1229637 ], [ 28.7075309, 47.1229645 ], [ 28.7075313, 47.1229653 ], [ 28.7075316, 47.1229662 ], [ 28.7075317, 47.1229671 ], [ 28.7075317, 47.122968 ], [ 28.7075316, 47.1229689 ], [ 28.7075314, 47.1229697 ], [ 28.707531, 47.1229706 ], [ 28.7075305, 47.1229714 ], [ 28.7075299, 47.1229722 ], [ 28.7075292, 47.1229729 ], [ 28.7075088, 47.122992 ], [ 28.7075087, 47.1229922 ], [ 28.7075089, 47.1229923 ], [ 28.7075282, 47.1230019 ], [ 28.7075292, 47.1230025 ], [ 28.7075302, 47.1230031 ], [ 28.707531, 47.1230038 ], [ 28.7075318, 47.1230046 ], [ 28.7075324, 47.1230054 ], [ 28.7075329, 47.1230063 ], [ 28.7075333, 47.1230072 ], [ 28.7075335, 47.1230081 ], [ 28.7075336, 47.123009 ], [ 28.7075335, 47.1230099 ], [ 28.7075335, 47.1230101 ], [ 28.7075337, 47.1230103 ], [ 28.7075536, 47.1230201 ], [ 28.7075547, 47.1230206 ], [ 28.7075556, 47.1230213 ], [ 28.7075565, 47.123022 ], [ 28.7075572, 47.1230228 ], [ 28.7075578, 47.1230236 ], [ 28.7075583, 47.1230244 ], [ 28.7075587, 47.1230253 ], [ 28.707559, 47.1230262 ], [ 28.7075591, 47.1230271 ], [ 28.707559, 47.123028 ], [ 28.7075589, 47.1230289 ], [ 28.7075586, 47.1230298 ], [ 28.7075582, 47.1230307 ], [ 28.7075576, 47.1230315 ], [ 28.7075575, 47.1230316 ], [ 28.7075578, 47.1230317 ], [ 28.7075902, 47.1230476 ], [ 28.7075905, 47.1230478 ], [ 28.7075907, 47.1230476 ], [ 28.7076486, 47.1229927 ], [ 28.7076487, 47.1229926 ], [ 28.7076489, 47.1229924 ], [ 28.7076489, 47.1229923 ], [ 28.7077219, 47.1229194 ], [ 28.7077227, 47.1229186 ], [ 28.7077236, 47.122918 ], [ 28.7077246, 47.1229174 ], [ 28.7077257, 47.1229169 ], [ 28.7077268, 47.1229164 ], [ 28.707728, 47.1229161 ], [ 28.7077293, 47.1229158 ], [ 28.7077305, 47.1229156 ], [ 28.7077318, 47.1229155 ], [ 28.7077332, 47.1229154 ], [ 28.7077345, 47.1229155 ], [ 28.7077358, 47.1229157 ], [ 28.707737, 47.1229159 ], [ 28.7077382, 47.1229162 ], [ 28.7077394, 47.1229166 ], [ 28.7077405, 47.1229171 ], [ 28.7077479, 47.1229208 ], [ 28.707749, 47.1229213 ], [ 28.7077499, 47.1229219 ], [ 28.7077507, 47.1229226 ], [ 28.7077514, 47.1229233 ], [ 28.7077521, 47.1229241 ], [ 28.7077526, 47.1229249 ], [ 28.707753, 47.1229257 ], [ 28.7077533, 47.1229266 ], [ 28.7077534, 47.1229275 ], [ 28.7077534, 47.1229283 ], [ 28.7077533, 47.1229292 ], [ 28.7077531, 47.1229301 ], [ 28.7077528, 47.1229309 ], [ 28.7077523, 47.1229317 ], [ 28.7077517, 47.1229325 ], [ 28.707751, 47.1229333 ], [ 28.7077061, 47.1229767 ], [ 28.7077059, 47.1229769 ], [ 28.7076559, 47.1230232 ], [ 28.7076557, 47.1230234 ], [ 28.707656, 47.1230235 ], [ 28.7076823, 47.1230368 ], [ 28.7076834, 47.1230374 ], [ 28.7076844, 47.1230381 ], [ 28.7076853, 47.1230388 ], [ 28.707686, 47.1230396 ], [ 28.7076863, 47.1230399 ], [ 28.7076865, 47.1230401 ], [ 28.7077104, 47.1230517 ], [ 28.7077116, 47.1230524 ], [ 28.7077127, 47.1230531 ], [ 28.7077128, 47.1230532 ], [ 28.707713, 47.1230533 ], [ 28.7077264, 47.1230598 ], [ 28.7077274, 47.1230603 ], [ 28.7077284, 47.1230609 ], [ 28.7077292, 47.1230616 ], [ 28.7077299, 47.1230623 ], [ 28.7077306, 47.123063 ], [ 28.7077311, 47.1230638 ], [ 28.7077315, 47.1230647 ], [ 28.7077318, 47.1230655 ], [ 28.707732, 47.1230664 ], [ 28.707732, 47.1230673 ], [ 28.7077319, 47.1230681 ], [ 28.7077317, 47.123069 ], [ 28.7077314, 47.1230698 ], [ 28.707731, 47.1230706 ], [ 28.7077304, 47.1230714 ], [ 28.7077297, 47.1230722 ], [ 28.707729, 47.1230729 ], [ 28.7077263, 47.123075 ], [ 28.7077262, 47.1230752 ], [ 28.7077264, 47.1230753 ], [ 28.7077571, 47.1230927 ], [ 28.7077574, 47.1230929 ], [ 28.7077576, 47.1230927 ], [ 28.7077637, 47.1230877 ], [ 28.7077646, 47.123087 ], [ 28.7077656, 47.1230864 ], [ 28.7077666, 47.1230859 ], [ 28.7077678, 47.1230855 ], [ 28.707769, 47.1230851 ], [ 28.7077702, 47.1230848 ], [ 28.7077715, 47.1230846 ], [ 28.7077728, 47.1230845 ], [ 28.7077741, 47.1230844 ], [ 28.7077754, 47.1230845 ], [ 28.7077767, 47.1230846 ], [ 28.7077779, 47.1230849 ], [ 28.7077792, 47.1230852 ], [ 28.7077803, 47.1230856 ], [ 28.7077814, 47.1230861 ], [ 28.7078063, 47.123098 ], [ 28.7078066, 47.1230982 ], [ 28.7078067, 47.123098 ], [ 28.7078358, 47.1230699 ], [ 28.7078366, 47.1230692 ], [ 28.7078375, 47.1230685 ], [ 28.7078385, 47.1230679 ], [ 28.7078395, 47.1230674 ], [ 28.7078407, 47.123067 ], [ 28.7078419, 47.1230666 ], [ 28.7078431, 47.1230664 ], [ 28.7078444, 47.1230662 ], [ 28.7078456, 47.1230661 ], [ 28.7078469, 47.1230661 ], [ 28.7078482, 47.1230661 ], [ 28.7078495, 47.1230663 ], [ 28.7078508, 47.1230665 ], [ 28.707852, 47.1230668 ], [ 28.7078531, 47.1230672 ], [ 28.7078542, 47.1230677 ], [ 28.7078751, 47.1230779 ], [ 28.7078762, 47.1230784 ], [ 28.7078771, 47.1230791 ], [ 28.707878, 47.1230797 ], [ 28.7078787, 47.1230805 ], [ 28.7078794, 47.1230813 ], [ 28.7078799, 47.1230821 ], [ 28.7078803, 47.123083 ], [ 28.7078805, 47.1230839 ], [ 28.7078807, 47.1230848 ], [ 28.7078807, 47.1230857 ], [ 28.7078805, 47.1230866 ], [ 28.7078803, 47.1230874 ], [ 28.7078799, 47.1230883 ], [ 28.7078794, 47.1230891 ], [ 28.7078787, 47.1230899 ], [ 28.707878, 47.1230907 ], [ 28.707871, 47.1230969 ], [ 28.7078708, 47.1230971 ], [ 28.707871, 47.1230972 ], [ 28.7079028, 47.1231138 ], [ 28.707903, 47.1231139 ], [ 28.7079032, 47.1231137 ], [ 28.7079111, 47.1231067 ], [ 28.707912, 47.123106 ], [ 28.7079129, 47.1231054 ], [ 28.7079139, 47.1231049 ], [ 28.707915, 47.1231044 ], [ 28.7079161, 47.123104 ], [ 28.7079173, 47.1231036 ], [ 28.7079185, 47.1231034 ], [ 28.7079198, 47.1231032 ], [ 28.707921, 47.1231032 ], [ 28.7079223, 47.1231032 ], [ 28.7079236, 47.1231033 ], [ 28.7079249, 47.1231034 ], [ 28.7079261, 47.1231037 ], [ 28.7079273, 47.123104 ], [ 28.7079284, 47.1231044 ], [ 28.7079295, 47.1231049 ], [ 28.7079477, 47.1231141 ], [ 28.7079479, 47.1231142 ], [ 28.7079483, 47.1231143 ], [ 28.7079496, 47.1231147 ], [ 28.707951, 47.1231151 ], [ 28.7079522, 47.1231157 ], [ 28.7079816, 47.1231303 ], [ 28.7079818, 47.1231304 ], [ 28.707982, 47.1231302 ], [ 28.7079856, 47.1231269 ], [ 28.7079864, 47.1231262 ], [ 28.7079873, 47.1231256 ], [ 28.7079883, 47.123125 ], [ 28.7079893, 47.1231245 ], [ 28.7079904, 47.1231241 ], [ 28.7079916, 47.1231238 ], [ 28.7079928, 47.1231235 ], [ 28.707994, 47.1231233 ], [ 28.7079953, 47.1231232 ], [ 28.7079965, 47.1231232 ], [ 28.7079978, 47.1231232 ], [ 28.7079991, 47.1231234 ], [ 28.7080003, 47.1231236 ], [ 28.7080015, 47.1231239 ], [ 28.7080026, 47.1231243 ], [ 28.7080037, 47.1231247 ], [ 28.708026, 47.1231351 ], [ 28.7080262, 47.1231352 ], [ 28.7080265, 47.1231351 ], [ 28.7080277, 47.1231349 ], [ 28.7080289, 47.1231347 ], [ 28.7080302, 47.1231346 ], [ 28.7080314, 47.1231346 ], [ 28.7080327, 47.1231347 ], [ 28.7080339, 47.1231349 ], [ 28.7080351, 47.1231351 ], [ 28.7080363, 47.1231354 ], [ 28.7080374, 47.1231358 ], [ 28.7080384, 47.1231363 ], [ 28.7080583, 47.1231459 ], [ 28.7080585, 47.123146 ], [ 28.7080589, 47.1231458 ], [ 28.7080591, 47.1231456 ], [ 28.7080601, 47.1231451 ], [ 28.7080612, 47.1231446 ], [ 28.7080623, 47.1231443 ], [ 28.7080635, 47.1231439 ], [ 28.7080647, 47.1231437 ], [ 28.7080659, 47.1231435 ], [ 28.7080672, 47.1231435 ], [ 28.7080685, 47.1231435 ], [ 28.7080697, 47.1231436 ], [ 28.7080709, 47.1231437 ], [ 28.7080722, 47.123144 ], [ 28.7080733, 47.1231443 ], [ 28.7080744, 47.1231447 ], [ 28.7080755, 47.1231452 ], [ 28.7080926, 47.1231537 ], [ 28.7080928, 47.1231538 ], [ 28.708093, 47.1231537 ], [ 28.7081014, 47.1231458 ], [ 28.7081022, 47.1231452 ], [ 28.7081031, 47.1231445 ], [ 28.7081041, 47.123144 ], [ 28.7081052, 47.1231435 ], [ 28.7081063, 47.1231431 ], [ 28.7081075, 47.1231427 ], [ 28.7081087, 47.1231425 ], [ 28.7081099, 47.1231423 ], [ 28.7081112, 47.1231422 ], [ 28.7081125, 47.1231422 ], [ 28.7081138, 47.1231422 ], [ 28.708115, 47.1231424 ], [ 28.7081163, 47.1231426 ], [ 28.7081175, 47.123143 ], [ 28.7081186, 47.1231434 ], [ 28.7081197, 47.1231438 ], [ 28.7081406, 47.123154 ], [ 28.7081409, 47.1231541 ], [ 28.7081409, 47.1231541 ], [ 28.7081423, 47.1231541 ], [ 28.7081436, 47.1231541 ], [ 28.708145, 47.1231542 ], [ 28.7081463, 47.1231544 ], [ 28.7081476, 47.1231548 ], [ 28.7081488, 47.1231552 ], [ 28.7081499, 47.1231556 ], [ 28.7081726, 47.1231662 ], [ 28.7081728, 47.1231663 ], [ 28.7081731, 47.1231661 ], [ 28.7081734, 47.1231659 ], [ 28.7081743, 47.1231653 ], [ 28.7081753, 47.1231647 ], [ 28.7081764, 47.1231642 ], [ 28.7081775, 47.1231638 ], [ 28.7081787, 47.1231635 ], [ 28.7081799, 47.1231632 ], [ 28.7081811, 47.1231631 ], [ 28.7081824, 47.123163 ], [ 28.7081836, 47.123163 ], [ 28.7081849, 47.123163 ], [ 28.7081862, 47.1231632 ], [ 28.7081874, 47.1231634 ], [ 28.7081886, 47.1231638 ], [ 28.7081897, 47.1231642 ], [ 28.7081907, 47.1231646 ], [ 28.7082093, 47.1231736 ], [ 28.7082095, 47.1231737 ], [ 28.7082099, 47.1231735 ], [ 28.7082101, 47.1231733 ], [ 28.7082112, 47.1231728 ], [ 28.7082123, 47.1231723 ], [ 28.7082135, 47.1231719 ], [ 28.7082147, 47.1231716 ], [ 28.708216, 47.1231714 ], [ 28.7082173, 47.1231712 ], [ 28.7082187, 47.1231712 ], [ 28.70822, 47.1231712 ], [ 28.7082213, 47.1231714 ], [ 28.7082226, 47.1231716 ], [ 28.7082238, 47.1231719 ], [ 28.708225, 47.1231723 ], [ 28.7082261, 47.1231728 ], [ 28.708245, 47.1231817 ], [ 28.7082453, 47.1231818 ], [ 28.7082454, 47.1231817 ], [ 28.708246, 47.1231812 ], [ 28.7082469, 47.1231806 ], [ 28.7082479, 47.1231801 ], [ 28.708249, 47.1231796 ], [ 28.7082501, 47.1231792 ], [ 28.7082513, 47.1231789 ], [ 28.7082525, 47.1231786 ], [ 28.7082537, 47.1231785 ], [ 28.708255, 47.1231784 ], [ 28.7082563, 47.1231784 ], [ 28.7082576, 47.1231785 ], [ 28.7082588, 47.1231786 ], [ 28.70826, 47.1231789 ], [ 28.7082612, 47.1231792 ], [ 28.7082623, 47.1231796 ], [ 28.7082634, 47.1231801 ], [ 28.7082794, 47.1231881 ], [ 28.7082796, 47.1231882 ], [ 28.7082801, 47.1231883 ], [ 28.7082812, 47.1231885 ], [ 28.7082823, 47.1231889 ], [ 28.7082833, 47.1231893 ], [ 28.7082843, 47.1231897 ], [ 28.7083088, 47.1232024 ], [ 28.708309, 47.1232025 ], [ 28.7083092, 47.1232024 ], [ 28.7083158, 47.1231964 ], [ 28.7083166, 47.1231958 ], [ 28.7083175, 47.1231952 ], [ 28.7083185, 47.1231946 ], [ 28.7083196, 47.1231941 ], [ 28.7083207, 47.1231937 ], [ 28.7083219, 47.1231934 ], [ 28.7083231, 47.1231932 ], [ 28.7083243, 47.123193 ], [ 28.7083256, 47.1231929 ], [ 28.7083269, 47.1231929 ], [ 28.7083282, 47.123193 ], [ 28.7083294, 47.1231931 ], [ 28.7083306, 47.1231934 ], [ 28.7083318, 47.1231937 ], [ 28.7083329, 47.1231941 ], [ 28.708334, 47.1231946 ], [ 28.7083394, 47.1231972 ], [ 28.7083404, 47.1231978 ], [ 28.7083414, 47.1231985 ], [ 28.7083422, 47.1231992 ], [ 28.708343, 47.1231999 ], [ 28.7083436, 47.1232007 ], [ 28.7083441, 47.1232016 ], [ 28.7083445, 47.1232025 ], [ 28.7083447, 47.1232034 ], [ 28.7083448, 47.1232043 ], [ 28.7083448, 47.1232047 ], [ 28.7083451, 47.1232048 ], [ 28.7083778, 47.1232205 ], [ 28.708378, 47.1232206 ], [ 28.7083782, 47.1232204 ], [ 28.7083849, 47.1232139 ], [ 28.7083857, 47.1232132 ], [ 28.7083866, 47.1232126 ], [ 28.7083876, 47.123212 ], [ 28.7083887, 47.1232115 ], [ 28.7083898, 47.1232111 ], [ 28.708391, 47.1232107 ], [ 28.7083923, 47.1232104 ], [ 28.7083935, 47.1232102 ], [ 28.7083948, 47.1232101 ], [ 28.7083961, 47.1232101 ], [ 28.7083974, 47.1232102 ], [ 28.7083987, 47.1232103 ], [ 28.7084, 47.1232106 ], [ 28.7084012, 47.1232109 ], [ 28.7084023, 47.1232113 ], [ 28.7084034, 47.1232118 ], [ 28.7084229, 47.1232214 ], [ 28.7084232, 47.1232215 ], [ 28.7084233, 47.1232214 ], [ 28.7084443, 47.1232015 ], [ 28.7084451, 47.1232009 ], [ 28.708446, 47.1232002 ], [ 28.708447, 47.1231996 ], [ 28.7084481, 47.1231991 ], [ 28.7084492, 47.1231987 ], [ 28.7084504, 47.1231984 ], [ 28.7084517, 47.1231981 ], [ 28.7084529, 47.1231979 ], [ 28.7084542, 47.1231978 ], [ 28.7084555, 47.1231978 ], [ 28.7084568, 47.1231979 ], [ 28.7084581, 47.1231981 ], [ 28.7084593, 47.1231983 ], [ 28.7084605, 47.1231986 ], [ 28.7084617, 47.1231991 ], [ 28.7084628, 47.1231995 ], [ 28.7084727, 47.1232045 ], [ 28.7084738, 47.1232051 ], [ 28.7084747, 47.1232057 ], [ 28.7084756, 47.1232065 ], [ 28.7084764, 47.1232072 ], [ 28.708477, 47.1232081 ], [ 28.7084775, 47.1232089 ], [ 28.7084778, 47.1232098 ], [ 28.708478, 47.1232104 ], [ 28.708478, 47.1232106 ], [ 28.7084783, 47.1232107 ], [ 28.7085108, 47.1232266 ], [ 28.708511, 47.1232267 ], [ 28.7085111, 47.1232267 ], [ 28.7085122, 47.1232266 ], [ 28.7085136, 47.1232265 ], [ 28.7085149, 47.1232266 ], [ 28.7085163, 47.1232267 ], [ 28.7085176, 47.1232269 ], [ 28.7085188, 47.1232272 ], [ 28.70852, 47.1232276 ], [ 28.7085212, 47.1232281 ], [ 28.7085422, 47.123238 ], [ 28.7085425, 47.1232381 ], [ 28.7085426, 47.123238 ], [ 28.7085549, 47.1232258 ], [ 28.7085557, 47.1232251 ], [ 28.7085566, 47.1232245 ], [ 28.7085575, 47.1232239 ], [ 28.7085586, 47.1232234 ], [ 28.7085597, 47.123223 ], [ 28.7085608, 47.1232226 ], [ 28.708562, 47.1232223 ], [ 28.7085633, 47.1232221 ], [ 28.7085645, 47.123222 ], [ 28.7085658, 47.123222 ], [ 28.7085671, 47.123222 ], [ 28.7085683, 47.1232221 ], [ 28.7085696, 47.1232223 ], [ 28.7085708, 47.1232226 ], [ 28.7085719, 47.123223 ], [ 28.708573, 47.1232234 ], [ 28.70858, 47.1232266 ], [ 28.708581, 47.1232271 ], [ 28.708582, 47.1232277 ], [ 28.7085829, 47.1232284 ], [ 28.7085837, 47.1232291 ], [ 28.7085844, 47.1232299 ], [ 28.7085849, 47.1232307 ], [ 28.7085854, 47.1232316 ], [ 28.7085857, 47.1232325 ], [ 28.7085859, 47.1232334 ], [ 28.7085859, 47.1232343 ], [ 28.7085858, 47.1232352 ], [ 28.7085856, 47.1232361 ], [ 28.7085852, 47.1232369 ], [ 28.7085847, 47.1232378 ], [ 28.7085841, 47.1232386 ], [ 28.7085834, 47.1232394 ], [ 28.7085785, 47.123244 ], [ 28.7085783, 47.1232441 ], [ 28.7085786, 47.1232443 ], [ 28.7086109, 47.1232603 ], [ 28.7086111, 47.1232604 ], [ 28.7086113, 47.1232602 ], [ 28.7086138, 47.1232579 ], [ 28.7086146, 47.1232572 ], [ 28.7086155, 47.1232566 ], [ 28.7086165, 47.123256 ], [ 28.7086175, 47.1232556 ], [ 28.7086186, 47.1232551 ], [ 28.7086198, 47.1232548 ], [ 28.708621, 47.1232545 ], [ 28.7086223, 47.1232543 ], [ 28.7086235, 47.1232542 ], [ 28.7086248, 47.1232542 ], [ 28.7086261, 47.1232543 ], [ 28.7086273, 47.1232544 ], [ 28.7086286, 47.1232546 ], [ 28.7086297, 47.1232549 ], [ 28.7086309, 47.1232553 ], [ 28.708632, 47.1232558 ], [ 28.7086499, 47.1232643 ], [ 28.7086502, 47.1232644 ], [ 28.7086504, 47.1232642 ], [ 28.7086587, 47.123256 ], [ 28.7086595, 47.1232553 ], [ 28.7086604, 47.1232546 ], [ 28.7086614, 47.123254 ], [ 28.7086624, 47.1232535 ], [ 28.7086635, 47.1232531 ], [ 28.7086647, 47.1232527 ], [ 28.708666, 47.1232524 ], [ 28.7086672, 47.1232522 ], [ 28.7086685, 47.1232521 ], [ 28.7086698, 47.1232521 ], [ 28.7086711, 47.1232522 ], [ 28.7086724, 47.1232523 ], [ 28.7086737, 47.1232526 ], [ 28.7086749, 47.1232529 ], [ 28.708676, 47.1232533 ], [ 28.7086771, 47.1232538 ], [ 28.7086835, 47.1232568 ], [ 28.7086845, 47.1232574 ], [ 28.7086854, 47.123258 ], [ 28.7086863, 47.1232586 ], [ 28.708687, 47.1232594 ], [ 28.7086877, 47.1232601 ], [ 28.7086882, 47.1232609 ], [ 28.7086886, 47.1232618 ], [ 28.7086889, 47.1232626 ], [ 28.708689, 47.1232635 ], [ 28.7086891, 47.1232644 ], [ 28.708689, 47.1232653 ], [ 28.7086887, 47.1232661 ], [ 28.7086884, 47.123267 ], [ 28.7086879, 47.1232678 ], [ 28.7086873, 47.1232686 ], [ 28.7086866, 47.1232694 ], [ 28.708623, 47.1233308 ], [ 28.7086229, 47.123331 ], [ 28.7086231, 47.1233311 ], [ 28.7086557, 47.1233469 ], [ 28.708656, 47.123347 ], [ 28.7086562, 47.1233468 ], [ 28.7087238, 47.1232815 ], [ 28.7087246, 47.1232808 ], [ 28.7087255, 47.1232801 ], [ 28.7087265, 47.1232796 ], [ 28.7087275, 47.1232791 ], [ 28.7087287, 47.1232786 ], [ 28.7087299, 47.1232783 ], [ 28.7087311, 47.123278 ], [ 28.7087324, 47.1232778 ], [ 28.7087337, 47.1232777 ], [ 28.708735, 47.1232777 ], [ 28.7087363, 47.1232778 ], [ 28.7087375, 47.1232779 ], [ 28.7087388, 47.1232782 ], [ 28.70874, 47.1232785 ], [ 28.7087412, 47.1232789 ], [ 28.7087423, 47.1232794 ], [ 28.7087589, 47.1232875 ], [ 28.7087592, 47.1232877 ], [ 28.7087593, 47.1232875 ], [ 28.7087616, 47.1232854 ], [ 28.7087624, 47.1232847 ], [ 28.7087633, 47.1232841 ], [ 28.7087642, 47.1232835 ], [ 28.7087652, 47.123283 ], [ 28.7087663, 47.1232826 ], [ 28.7087675, 47.1232822 ], [ 28.7087687, 47.123282 ], [ 28.7087699, 47.1232818 ], [ 28.7087712, 47.1232816 ], [ 28.7087724, 47.1232816 ], [ 28.7087737, 47.1232817 ], [ 28.7087749, 47.1232818 ], [ 28.7087762, 47.123282 ], [ 28.7087773, 47.1232823 ], [ 28.7087785, 47.1232827 ], [ 28.7087796, 47.1232831 ], [ 28.7088012, 47.1232929 ], [ 28.7088015, 47.123293 ], [ 28.708802, 47.1232928 ], [ 28.708802, 47.1232928 ], [ 28.7088021, 47.1232928 ], [ 28.7088033, 47.1232924 ], [ 28.7088045, 47.1232922 ], [ 28.7088058, 47.123292 ], [ 28.7088072, 47.1232919 ], [ 28.7088085, 47.1232919 ], [ 28.7088098, 47.123292 ], [ 28.7088111, 47.1232922 ], [ 28.7088123, 47.1232925 ], [ 28.7088136, 47.1232928 ], [ 28.7088147, 47.1232933 ], [ 28.7088158, 47.1232938 ], [ 28.7088168, 47.1232944 ], [ 28.7088261, 47.1233004 ], [ 28.7088264, 47.1233005 ], [ 28.7088266, 47.1233004 ], [ 28.7088417, 47.1232895 ], [ 28.7088427, 47.1232889 ], [ 28.7088436, 47.1232884 ], [ 28.7088447, 47.1232879 ], [ 28.7088458, 47.1232875 ], [ 28.708847, 47.1232872 ], [ 28.7088482, 47.1232869 ], [ 28.7088495, 47.1232868 ], [ 28.7088507, 47.1232867 ], [ 28.708852, 47.1232867 ], [ 28.7088533, 47.1232868 ], [ 28.7088545, 47.123287 ], [ 28.7088557, 47.1232872 ], [ 28.7088569, 47.1232875 ], [ 28.708858, 47.1232879 ], [ 28.7088591, 47.1232884 ], [ 28.7088715, 47.1232946 ], [ 28.7088725, 47.1232952 ], [ 28.7088735, 47.1232958 ], [ 28.7088744, 47.1232966 ], [ 28.7088752, 47.1232974 ], [ 28.7088758, 47.1232982 ], [ 28.7088763, 47.1232991 ], [ 28.7088764, 47.1232993 ], [ 28.7088766, 47.1232995 ], [ 28.7089091, 47.1233154 ], [ 28.7089094, 47.1233155 ], [ 28.7089095, 47.1233153 ], [ 28.7089096, 47.1233153 ], [ 28.7089104, 47.1233146 ], [ 28.7089114, 47.1233139 ], [ 28.7089124, 47.1233133 ], [ 28.7089134, 47.1233128 ], [ 28.7089146, 47.1233124 ], [ 28.7089158, 47.123312 ], [ 28.7089171, 47.1233118 ], [ 28.7089184, 47.1233116 ], [ 28.7089197, 47.1233115 ], [ 28.708921, 47.1233115 ], [ 28.7089223, 47.1233116 ], [ 28.7089236, 47.1233118 ], [ 28.7089248, 47.123312 ], [ 28.708926, 47.1233124 ], [ 28.7089272, 47.1233128 ], [ 28.7089283, 47.1233133 ], [ 28.7089448, 47.1233218 ], [ 28.708945, 47.1233219 ], [ 28.7089452, 47.1233218 ], [ 28.7089468, 47.1233204 ], [ 28.7089476, 47.1233197 ], [ 28.7089486, 47.1233191 ], [ 28.7089496, 47.1233185 ], [ 28.7089507, 47.123318 ], [ 28.7089519, 47.1233176 ], [ 28.7089531, 47.1233173 ], [ 28.7089544, 47.123317 ], [ 28.7089557, 47.1233169 ], [ 28.708957, 47.1233168 ], [ 28.7089583, 47.1233168 ], [ 28.7089596, 47.123317 ], [ 28.7089609, 47.1233172 ], [ 28.7089622, 47.1233174 ], [ 28.7089634, 47.1233178 ], [ 28.7089645, 47.1233183 ], [ 28.7089873, 47.1233284 ], [ 28.7089875, 47.1233285 ], [ 28.7089877, 47.1233283 ], [ 28.7090021, 47.1233133 ], [ 28.7090028, 47.1233126 ], [ 28.7090037, 47.1233119 ], [ 28.7090046, 47.1233114 ], [ 28.7090056, 47.1233108 ], [ 28.7090066, 47.1233104 ], [ 28.7090078, 47.12331 ], [ 28.7090089, 47.1233097 ], [ 28.7090101, 47.1233094 ], [ 28.7090114, 47.1233093 ], [ 28.7090126, 47.1233092 ], [ 28.7090139, 47.1233092 ], [ 28.7090152, 47.1233093 ], [ 28.7090164, 47.1233095 ], [ 28.7090176, 47.1233097 ], [ 28.7090188, 47.1233101 ], [ 28.7090199, 47.1233105 ], [ 28.7090209, 47.1233109 ], [ 28.7090303, 47.1233156 ], [ 28.7090312, 47.1233161 ], [ 28.7090321, 47.1233167 ], [ 28.7090329, 47.1233173 ], [ 28.7090336, 47.123318 ], [ 28.7090342, 47.1233187 ], [ 28.7090347, 47.1233194 ], [ 28.7090347, 47.1233194 ], [ 28.7090349, 47.1233195 ], [ 28.7090672, 47.1233356 ], [ 28.7090674, 47.1233357 ], [ 28.7090678, 47.1233356 ], [ 28.709069, 47.1233352 ], [ 28.7090703, 47.1233349 ], [ 28.7090716, 47.1233347 ], [ 28.7090729, 47.1233345 ], [ 28.7090742, 47.1233345 ], [ 28.7090756, 47.1233346 ], [ 28.7090769, 47.1233347 ], [ 28.7090782, 47.123335 ], [ 28.7090794, 47.1233353 ], [ 28.7090806, 47.1233357 ], [ 28.7090818, 47.1233362 ], [ 28.7091036, 47.1233468 ], [ 28.7091038, 47.123347 ], [ 28.709104, 47.1233469 ], [ 28.7091049, 47.1233468 ], [ 28.7091062, 47.1233468 ], [ 28.7091075, 47.1233468 ], [ 28.7091088, 47.1233469 ], [ 28.7091101, 47.1233471 ], [ 28.7091113, 47.1233474 ], [ 28.7091125, 47.1233478 ], [ 28.7091136, 47.1233482 ], [ 28.7091147, 47.1233488 ], [ 28.7091156, 47.1233494 ], [ 28.7091165, 47.12335 ], [ 28.7091173, 47.1233507 ], [ 28.709118, 47.1233515 ], [ 28.7091186, 47.1233523 ], [ 28.709119, 47.1233531 ], [ 28.7091193, 47.123354 ], [ 28.7091195, 47.1233549 ], [ 28.7091196, 47.1233557 ], [ 28.7091195, 47.1233566 ], [ 28.7091193, 47.1233575 ], [ 28.709119, 47.1233584 ], [ 28.7091186, 47.1233592 ], [ 28.709118, 47.12336 ], [ 28.7091174, 47.1233608 ], [ 28.7091166, 47.1233615 ], [ 28.7090807, 47.1233913 ], [ 28.7090806, 47.1233914 ], [ 28.70908, 47.1233919 ], [ 28.7090799, 47.123392 ], [ 28.7090615, 47.1234093 ], [ 28.7090613, 47.1234094 ], [ 28.7090616, 47.1234096 ], [ 28.7090939, 47.1234256 ], [ 28.7090941, 47.1234257 ], [ 28.7090943, 47.1234256 ], [ 28.7091122, 47.1234088 ], [ 28.7091126, 47.1234084 ], [ 28.7091623, 47.1233672 ], [ 28.7091624, 47.1233671 ], [ 28.7091626, 47.1233669 ], [ 28.7091626, 47.1233669 ], [ 28.7091835, 47.1233489 ], [ 28.7091843, 47.1233482 ], [ 28.7091852, 47.1233476 ], [ 28.7091862, 47.1233471 ], [ 28.7091873, 47.1233466 ], [ 28.7091884, 47.1233462 ], [ 28.7091896, 47.1233459 ], [ 28.7091909, 47.1233456 ], [ 28.7091921, 47.1233455 ], [ 28.7091934, 47.1233454 ], [ 28.7091947, 47.1233454 ], [ 28.7091959, 47.1233455 ], [ 28.7091972, 47.1233457 ], [ 28.7091984, 47.123346 ], [ 28.7091996, 47.1233463 ], [ 28.7092007, 47.1233468 ], [ 28.7092018, 47.1233472 ], [ 28.709205, 47.1233489 ], [ 28.709206, 47.1233495 ], [ 28.7092069, 47.1233501 ], [ 28.7092077, 47.1233508 ], [ 28.7092084, 47.1233516 ], [ 28.709209, 47.1233524 ], [ 28.7092095, 47.1233532 ], [ 28.7092099, 47.1233541 ], [ 28.7092101, 47.123355 ], [ 28.7092102, 47.1233559 ], [ 28.7092101, 47.1233568 ], [ 28.70921, 47.1233577 ], [ 28.7092097, 47.1233586 ], [ 28.7092092, 47.1233594 ], [ 28.7092087, 47.1233602 ], [ 28.709208, 47.123361 ], [ 28.7091419, 47.1234294 ], [ 28.7091417, 47.1234296 ], [ 28.709142, 47.1234297 ], [ 28.7091753, 47.1234447 ], [ 28.7091756, 47.1234448 ], [ 28.7091758, 47.1234446 ], [ 28.7092402, 47.123378 ], [ 28.709241, 47.1233772 ], [ 28.7092419, 47.1233766 ], [ 28.7092429, 47.123376 ], [ 28.709244, 47.1233754 ], [ 28.7092451, 47.123375 ], [ 28.7092463, 47.1233746 ], [ 28.7092476, 47.1233743 ], [ 28.7092489, 47.1233741 ], [ 28.7092502, 47.123374 ], [ 28.7092515, 47.1233739 ], [ 28.7092528, 47.123374 ], [ 28.7092541, 47.1233742 ], [ 28.7092554, 47.1233744 ], [ 28.7092566, 47.1233747 ], [ 28.7092578, 47.1233751 ], [ 28.7092586, 47.1233755 ], [ 28.7092586, 47.1233755 ], [ 28.7092591, 47.1233757 ], [ 28.7092593, 47.1233755 ], [ 28.7093094, 47.1233279 ], [ 28.7093095, 47.1233278 ], [ 28.7093102, 47.1233271 ], [ 28.7093103, 47.123327 ], [ 28.7093374, 47.1232971 ], [ 28.709338, 47.1232965 ], [ 28.7093832, 47.1232538 ], [ 28.7093835, 47.1232535 ], [ 28.7095783, 47.123084 ], [ 28.7095784, 47.1230839 ], [ 28.7097108, 47.1229719 ], [ 28.7097109, 47.1229718 ], [ 28.7097111, 47.1229716 ], [ 28.7097112, 47.1229716 ], [ 28.709743, 47.1229433 ], [ 28.7097432, 47.1229431 ], [ 28.7097931, 47.1229016 ], [ 28.7097932, 47.1229015 ], [ 28.7097938, 47.122901 ], [ 28.7097939, 47.1229008 ], [ 28.7103565, 47.1223705 ], [ 28.7103573, 47.1223698 ], [ 28.7103582, 47.1223692 ], [ 28.7103592, 47.1223686 ], [ 28.7103602, 47.1223681 ], [ 28.7103614, 47.1223677 ], [ 28.7103625, 47.1223673 ], [ 28.7103637, 47.1223671 ], [ 28.710365, 47.1223669 ], [ 28.7103662, 47.1223668 ], [ 28.7103675, 47.1223668 ], [ 28.7103688, 47.1223668 ], [ 28.71037, 47.122367 ], [ 28.7103713, 47.1223672 ], [ 28.7103725, 47.1223675 ], [ 28.7103736, 47.1223679 ], [ 28.7103747, 47.1223683 ], [ 28.710393, 47.122377 ], [ 28.7103933, 47.1223771 ], [ 28.7103937, 47.122377 ], [ 28.7103942, 47.122377 ], [ 28.7103955, 47.1223769 ], [ 28.7103969, 47.1223769 ], [ 28.7103982, 47.122377 ], [ 28.7103994, 47.1223772 ], [ 28.7104007, 47.1223775 ], [ 28.7104019, 47.1223778 ], [ 28.710403, 47.1223783 ], [ 28.7104041, 47.1223788 ], [ 28.7104051, 47.1223794 ], [ 28.710406, 47.12238 ], [ 28.7104068, 47.1223808 ], [ 28.7104075, 47.1223815 ], [ 28.7104081, 47.1223823 ], [ 28.7104085, 47.1223832 ], [ 28.7104089, 47.122384 ], [ 28.7104091, 47.1223849 ], [ 28.7104092, 47.1223858 ], [ 28.7104091, 47.1223867 ], [ 28.7104089, 47.1223876 ], [ 28.7104086, 47.1223885 ], [ 28.7104082, 47.1223893 ], [ 28.7104076, 47.1223901 ], [ 28.7104069, 47.1223909 ], [ 28.7104061, 47.1223916 ], [ 28.7103895, 47.1224054 ], [ 28.7103893, 47.1224056 ], [ 28.7103731, 47.1224182 ], [ 28.7103723, 47.1224187 ], [ 28.7103351, 47.1224435 ], [ 28.7103349, 47.1224437 ], [ 28.7103336, 47.1224446 ], [ 28.7103334, 47.1224448 ], [ 28.7103207, 47.1224553 ], [ 28.7103205, 47.1224555 ], [ 28.7103207, 47.1224556 ], [ 28.7103515, 47.122473 ], [ 28.7103518, 47.1224731 ], [ 28.710352, 47.1224729 ], [ 28.7103636, 47.1224633 ], [ 28.7103646, 47.1224626 ], [ 28.7103844, 47.1224494 ], [ 28.7103854, 47.1224488 ], [ 28.7103864, 47.1224483 ], [ 28.7103875, 47.1224479 ], [ 28.7103887, 47.1224475 ], [ 28.7103899, 47.1224472 ], [ 28.7103912, 47.122447 ], [ 28.7103925, 47.1224469 ], [ 28.7103938, 47.1224469 ], [ 28.7103951, 47.1224469 ], [ 28.7103964, 47.1224471 ], [ 28.7103968, 47.1224472 ], [ 28.7103972, 47.1224472 ], [ 28.7103974, 47.1224471 ], [ 28.7104595, 47.1224018 ], [ 28.7104604, 47.1224012 ], [ 28.7104615, 47.1224006 ], [ 28.7104626, 47.1224001 ], [ 28.7104638, 47.1223997 ], [ 28.710465, 47.1223994 ], [ 28.7104663, 47.1223992 ], [ 28.7104676, 47.122399 ], [ 28.7104689, 47.1223989 ], [ 28.7104702, 47.122399 ], [ 28.7104715, 47.1223991 ], [ 28.7104728, 47.1223993 ], [ 28.7104735, 47.1223994 ], [ 28.7104736, 47.1223992 ], [ 28.7104787, 47.122389 ], [ 28.7104792, 47.1223881 ], [ 28.7104799, 47.1223872 ], [ 28.7104806, 47.1223864 ], [ 28.7104815, 47.1223857 ], [ 28.7105159, 47.1223607 ], [ 28.7105161, 47.1223605 ], [ 28.7105158, 47.1223603 ], [ 28.7105059, 47.122354 ], [ 28.710505, 47.1223533 ], [ 28.7105042, 47.1223526 ], [ 28.7105035, 47.1223519 ], [ 28.7105029, 47.1223511 ], [ 28.7105024, 47.1223503 ], [ 28.710502, 47.1223494 ], [ 28.7105018, 47.1223485 ], [ 28.7105017, 47.1223478 ], [ 28.7105017, 47.1223477 ], [ 28.7105014, 47.1223476 ], [ 28.7104929, 47.122345 ], [ 28.7104916, 47.1223446 ], [ 28.7104904, 47.122344 ], [ 28.7104893, 47.1223434 ], [ 28.7104867, 47.1223417 ], [ 28.7104864, 47.1223416 ], [ 28.7104861, 47.1223416 ], [ 28.7104853, 47.1223415 ], [ 28.7104839, 47.1223414 ], [ 28.7104826, 47.1223411 ], [ 28.7104813, 47.1223407 ], [ 28.7104801, 47.1223403 ], [ 28.7104789, 47.1223397 ], [ 28.7104707, 47.1223355 ], [ 28.7104705, 47.1223353 ], [ 28.7104702, 47.1223354 ], [ 28.7104691, 47.1223358 ], [ 28.710468, 47.122336 ], [ 28.7104668, 47.1223362 ], [ 28.7104656, 47.1223364 ], [ 28.7104649, 47.1223364 ], [ 28.7104647, 47.1223364 ], [ 28.7104646, 47.1223364 ], [ 28.7104635, 47.1223368 ], [ 28.7104633, 47.1223369 ], [ 28.7104632, 47.1223377 ], [ 28.710463, 47.1223386 ], [ 28.7104626, 47.1223394 ], [ 28.7104622, 47.1223403 ], [ 28.7104589, 47.1223452 ], [ 28.7104582, 47.1223462 ], [ 28.7104573, 47.122347 ], [ 28.7104401, 47.1223624 ], [ 28.7104392, 47.1223631 ], [ 28.7104383, 47.1223637 ], [ 28.7104373, 47.1223642 ], [ 28.7104362, 47.1223647 ], [ 28.710435, 47.1223651 ], [ 28.7104338, 47.1223655 ], [ 28.7104325, 47.1223657 ], [ 28.7104312, 47.1223658 ], [ 28.7104299, 47.1223659 ], [ 28.7104286, 47.1223659 ], [ 28.7104273, 47.1223658 ], [ 28.710426, 47.1223656 ], [ 28.7104248, 47.1223653 ], [ 28.7104236, 47.1223649 ], [ 28.7104224, 47.1223645 ], [ 28.7104214, 47.1223639 ], [ 28.7104204, 47.1223633 ], [ 28.7104195, 47.1223627 ], [ 28.7104187, 47.122362 ], [ 28.710418, 47.1223612 ], [ 28.7104175, 47.1223604 ], [ 28.710417, 47.1223595 ], [ 28.7104167, 47.1223587 ], [ 28.7104165, 47.1223578 ], [ 28.7104164, 47.1223569 ], [ 28.7104165, 47.122356 ], [ 28.7104167, 47.1223551 ], [ 28.710417, 47.1223542 ], [ 28.7104175, 47.1223534 ], [ 28.7104181, 47.1223526 ], [ 28.7104188, 47.1223518 ], [ 28.7104393, 47.1223315 ], [ 28.71044, 47.1223308 ], [ 28.7104409, 47.1223301 ], [ 28.7104419, 47.1223295 ], [ 28.710443, 47.122329 ], [ 28.7104441, 47.1223286 ], [ 28.710445, 47.1223283 ], [ 28.710445, 47.1223277 ], [ 28.7104453, 47.1223268 ], [ 28.7104456, 47.1223259 ], [ 28.710446, 47.1223251 ], [ 28.7104466, 47.1223243 ], [ 28.7104473, 47.1223235 ], [ 28.7104544, 47.1223165 ], [ 28.7104546, 47.1223163 ], [ 28.7104543, 47.1223161 ], [ 28.7104214, 47.1223007 ], [ 28.7104211, 47.1223006 ], [ 28.7104209, 47.1223008 ], [ 28.7103992, 47.1223223 ], [ 28.7103984, 47.122323 ], [ 28.7103975, 47.1223237 ], [ 28.7103965, 47.1223243 ], [ 28.7103955, 47.1223248 ], [ 28.7103943, 47.1223252 ], [ 28.7103931, 47.1223256 ], [ 28.7103919, 47.1223259 ], [ 28.7103906, 47.1223261 ], [ 28.7103893, 47.1223262 ], [ 28.710388, 47.1223262 ], [ 28.7103867, 47.1223261 ], [ 28.7103854, 47.122326 ], [ 28.7103841, 47.1223257 ], [ 28.7103829, 47.1223254 ], [ 28.7103817, 47.122325 ], [ 28.7103806, 47.1223245 ], [ 28.7103642, 47.1223164 ], [ 28.710364, 47.1223163 ], [ 28.710363, 47.1223158 ], [ 28.710362, 47.1223152 ], [ 28.7103611, 47.1223146 ], [ 28.7103604, 47.1223139 ], [ 28.7103597, 47.1223132 ], [ 28.7103591, 47.1223124 ], [ 28.7103587, 47.1223116 ], [ 28.7103583, 47.1223108 ], [ 28.7103581, 47.1223099 ], [ 28.710358, 47.1223091 ], [ 28.710358, 47.1223082 ], [ 28.7103582, 47.1223073 ], [ 28.7103584, 47.1223065 ], [ 28.7103588, 47.1223057 ], [ 28.7103593, 47.1223049 ], [ 28.7103599, 47.1223041 ], [ 28.7103606, 47.1223034 ], [ 28.7104378, 47.1222323 ], [ 28.7104379, 47.1222322 ], [ 28.7104749, 47.1221973 ], [ 28.7104757, 47.1221966 ], [ 28.7104766, 47.122196 ], [ 28.7104776, 47.1221954 ], [ 28.7104786, 47.1221949 ], [ 28.7104798, 47.1221945 ], [ 28.7104809, 47.1221941 ], [ 28.7104822, 47.1221939 ], [ 28.7104834, 47.1221937 ], [ 28.7104847, 47.1221936 ], [ 28.710486, 47.1221936 ], [ 28.7104873, 47.1221937 ], [ 28.7104886, 47.1221938 ], [ 28.7104898, 47.1221941 ], [ 28.710491, 47.1221944 ], [ 28.7104922, 47.1221948 ], [ 28.7104932, 47.1221953 ], [ 28.7105247, 47.1222107 ], [ 28.710525, 47.1222108 ], [ 28.7105252, 47.1222108 ], [ 28.7105261, 47.1222107 ], [ 28.7105274, 47.1222105 ], [ 28.7105287, 47.1222105 ], [ 28.71053, 47.1222105 ], [ 28.7105314, 47.1222106 ], [ 28.7105326, 47.1222109 ], [ 28.7105339, 47.1222112 ], [ 28.7105351, 47.1222116 ], [ 28.7105362, 47.1222121 ], [ 28.7105515, 47.1222192 ], [ 28.7105518, 47.1222193 ], [ 28.710552, 47.1222192 ], [ 28.7105556, 47.1222155 ], [ 28.7105564, 47.1222148 ], [ 28.7105573, 47.1222141 ], [ 28.7105584, 47.1222135 ], [ 28.7105594, 47.122213 ], [ 28.7105606, 47.1222126 ], [ 28.7105618, 47.1222122 ], [ 28.7105631, 47.1222119 ], [ 28.7105644, 47.1222117 ], [ 28.7105657, 47.1222116 ], [ 28.710567, 47.1222116 ], [ 28.7105684, 47.1222117 ], [ 28.7105697, 47.1222119 ], [ 28.710571, 47.1222121 ], [ 28.7105722, 47.1222125 ], [ 28.7105734, 47.1222129 ], [ 28.7105745, 47.1222134 ], [ 28.7105817, 47.1222172 ], [ 28.7105819, 47.1222173 ], [ 28.7105822, 47.1222173 ], [ 28.7105834, 47.1222172 ], [ 28.7105846, 47.1222173 ], [ 28.7105858, 47.1222174 ], [ 28.710587, 47.1222176 ], [ 28.7105881, 47.1222178 ], [ 28.7105892, 47.1222182 ], [ 28.7105918, 47.122219 ], [ 28.7105921, 47.1222191 ], [ 28.7105922, 47.1222189 ], [ 28.7106146, 47.1221881 ], [ 28.7106152, 47.1221874 ], [ 28.7106159, 47.1221867 ], [ 28.7106343, 47.1221701 ], [ 28.7106344, 47.12217 ], [ 28.7107157, 47.1220994 ], [ 28.7107158, 47.1220993 ], [ 28.7107163, 47.1220988 ], [ 28.7107164, 47.1220988 ], [ 28.7107619, 47.1220548 ], [ 28.710762, 47.1220547 ], [ 28.7108703, 47.121953 ], [ 28.7108704, 47.1219529 ], [ 28.7108709, 47.1219524 ], [ 28.710871, 47.1219523 ], [ 28.7108852, 47.1219373 ], [ 28.7108854, 47.1219371 ], [ 28.7108861, 47.1219363 ], [ 28.7108862, 47.1219362 ], [ 28.7109111, 47.1219044 ], [ 28.7109113, 47.1219042 ], [ 28.710911, 47.1219041 ], [ 28.7108755, 47.1218911 ], [ 28.7108755, 47.1218911 ], [ 28.7108747, 47.1218908 ], [ 28.7108736, 47.1218903 ], [ 28.7108726, 47.1218898 ], [ 28.7108717, 47.1218891 ], [ 28.7108709, 47.1218884 ], [ 28.7108701, 47.1218877 ], [ 28.7108695, 47.1218869 ], [ 28.710869, 47.1218861 ], [ 28.7108687, 47.1218852 ], [ 28.7108684, 47.1218843 ], [ 28.7108683, 47.1218835 ], [ 28.7108683, 47.1218826 ], [ 28.7108685, 47.1218817 ], [ 28.7108688, 47.1218808 ], [ 28.7108692, 47.12188 ], [ 28.7108697, 47.1218791 ], [ 28.7108703, 47.1218784 ], [ 28.7108711, 47.1218776 ], [ 28.7109096, 47.1218437 ], [ 28.7109098, 47.1218435 ], [ 28.7109096, 47.1218434 ], [ 28.710878, 47.1218267 ], [ 28.7108778, 47.1218266 ], [ 28.7108776, 47.1218267 ], [ 28.7108363, 47.121863 ], [ 28.7108355, 47.1218636 ], [ 28.7108346, 47.1218642 ], [ 28.7108336, 47.1218648 ], [ 28.7108326, 47.1218652 ], [ 28.7108314, 47.1218656 ], [ 28.7108303, 47.121866 ], [ 28.710829, 47.1218662 ], [ 28.7108278, 47.1218664 ], [ 28.7108265, 47.1218665 ], [ 28.7108253, 47.1218665 ], [ 28.710824, 47.1218664 ], [ 28.7108228, 47.1218662 ], [ 28.7108216, 47.121866 ], [ 28.7108204, 47.1218656 ], [ 28.7108193, 47.1218652 ], [ 28.7108182, 47.1218648 ], [ 28.7108061, 47.1218588 ], [ 28.7108051, 47.1218582 ], [ 28.7108041, 47.1218576 ], [ 28.7108033, 47.1218569 ], [ 28.7108025, 47.1218561 ], [ 28.7108019, 47.1218553 ], [ 28.7108014, 47.1218545 ], [ 28.710801, 47.1218536 ], [ 28.7108008, 47.1218527 ], [ 28.7108006, 47.1218518 ], [ 28.7108007, 47.1218509 ], [ 28.7108008, 47.12185 ], [ 28.7108011, 47.1218491 ], [ 28.7108015, 47.1218483 ], [ 28.7108021, 47.1218474 ], [ 28.7108027, 47.1218466 ], [ 28.7108436, 47.1218033 ], [ 28.7108438, 47.1218031 ], [ 28.7108435, 47.121803 ], [ 28.7108194, 47.1217924 ], [ 28.7108184, 47.1217919 ], [ 28.7108175, 47.1217914 ], [ 28.7108167, 47.1217908 ], [ 28.7108159, 47.1217901 ], [ 28.7108153, 47.1217894 ], [ 28.7108151, 47.1217892 ], [ 28.7108149, 47.121789 ], [ 28.7108146, 47.1217888 ], [ 28.7107813, 47.1217738 ], [ 28.710781, 47.1217737 ], [ 28.7107809, 47.1217738 ], [ 28.7107528, 47.1218028 ], [ 28.710752, 47.1218035 ], [ 28.7107511, 47.1218042 ], [ 28.7107502, 47.1218048 ], [ 28.7107491, 47.1218053 ], [ 28.710748, 47.1218057 ], [ 28.7107468, 47.1218061 ], [ 28.7107456, 47.1218064 ], [ 28.7107444, 47.1218066 ], [ 28.7107431, 47.1218068 ], [ 28.7107418, 47.1218068 ], [ 28.7107405, 47.1218068 ], [ 28.7107392, 47.1218066 ], [ 28.710738, 47.1218064 ], [ 28.7107367, 47.1218061 ], [ 28.7107356, 47.1218058 ], [ 28.7107344, 47.1218053 ], [ 28.7107191, 47.1217983 ], [ 28.7107182, 47.1217979 ], [ 28.7106921, 47.1217836 ], [ 28.7106919, 47.1217835 ], [ 28.7106915, 47.1217834 ], [ 28.7106902, 47.1217832 ], [ 28.7106889, 47.1217828 ], [ 28.7106877, 47.1217824 ], [ 28.7106865, 47.1217818 ], [ 28.7106634, 47.1217697 ], [ 28.7106631, 47.1217695 ], [ 28.7106626, 47.1217694 ], [ 28.7106624, 47.1217694 ], [ 28.7106612, 47.1217691 ], [ 28.7106601, 47.1217687 ], [ 28.710659, 47.1217682 ], [ 28.7106579, 47.1217677 ], [ 28.7106395, 47.121757 ], [ 28.7106393, 47.1217569 ], [ 28.7106392, 47.1217569 ], [ 28.7106381, 47.1217567 ], [ 28.7106369, 47.1217564 ], [ 28.7106358, 47.1217561 ], [ 28.7106347, 47.1217557 ], [ 28.7106336, 47.1217552 ], [ 28.7106326, 47.1217546 ], [ 28.7106317, 47.121754 ], [ 28.7106309, 47.1217534 ], [ 28.7106302, 47.1217526 ], [ 28.7106296, 47.1217519 ], [ 28.7106291, 47.1217511 ], [ 28.7106288, 47.1217503 ], [ 28.7106285, 47.1217494 ], [ 28.7106284, 47.1217486 ], [ 28.7106283, 47.1217477 ], [ 28.7106285, 47.1217468 ], [ 28.7106287, 47.121746 ], [ 28.710629, 47.1217452 ], [ 28.7106295, 47.1217444 ], [ 28.71063, 47.1217436 ], [ 28.7106307, 47.1217428 ], [ 28.7106612, 47.1217131 ], [ 28.7106613, 47.1217131 ], [ 28.7106617, 47.1217126 ], [ 28.7106618, 47.1217125 ], [ 28.7106898, 47.1216822 ], [ 28.7106899, 47.121682 ], [ 28.7106897, 47.1216819 ], [ 28.7106581, 47.1216683 ], [ 28.710657, 47.1216678 ], [ 28.710656, 47.1216672 ], [ 28.7106551, 47.1216666 ], [ 28.7106543, 47.1216659 ], [ 28.7106536, 47.1216651 ], [ 28.710653, 47.1216643 ], [ 28.7106526, 47.1216635 ], [ 28.7106522, 47.1216626 ], [ 28.710652, 47.1216617 ], [ 28.7106519, 47.1216608 ], [ 28.710652, 47.12166 ], [ 28.7106521, 47.1216591 ], [ 28.7106524, 47.1216582 ], [ 28.7106529, 47.1216574 ], [ 28.710653, 47.121657 ], [ 28.7106528, 47.1216569 ], [ 28.7106205, 47.1216409 ], [ 28.7106202, 47.1216408 ], [ 28.71062, 47.121641 ], [ 28.7105915, 47.1216678 ], [ 28.7105906, 47.1216685 ], [ 28.7105897, 47.1216692 ], [ 28.7105887, 47.1216697 ], [ 28.7105876, 47.1216702 ], [ 28.7105865, 47.1216707 ], [ 28.7105853, 47.121671 ], [ 28.710584, 47.1216713 ], [ 28.7105827, 47.1216714 ], [ 28.7105814, 47.1216715 ], [ 28.7105801, 47.1216715 ], [ 28.7105788, 47.1216714 ], [ 28.7105775, 47.1216713 ], [ 28.7105762, 47.121671 ], [ 28.710575, 47.1216706 ], [ 28.7105739, 47.1216702 ], [ 28.7105728, 47.1216697 ], [ 28.7105496, 47.1216576 ], [ 28.7105493, 47.1216574 ], [ 28.7105493, 47.1216574 ], [ 28.7105482, 47.1216572 ], [ 28.7105472, 47.1216568 ], [ 28.7105462, 47.1216564 ], [ 28.7105453, 47.121656 ], [ 28.7105247, 47.1216451 ], [ 28.7105245, 47.121645 ], [ 28.7105243, 47.1216451 ], [ 28.7104862, 47.1216786 ], [ 28.7104853, 47.1216793 ], [ 28.7104844, 47.1216799 ], [ 28.7104834, 47.1216804 ], [ 28.7104823, 47.1216809 ], [ 28.7104811, 47.1216813 ], [ 28.7104799, 47.1216816 ], [ 28.7104787, 47.1216819 ], [ 28.7104774, 47.121682 ], [ 28.7104761, 47.1216821 ], [ 28.7104748, 47.1216821 ], [ 28.7104735, 47.121682 ], [ 28.7104723, 47.1216818 ], [ 28.710471, 47.1216815 ], [ 28.7104698, 47.1216811 ], [ 28.7104687, 47.1216807 ], [ 28.7104676, 47.1216802 ], [ 28.7104667, 47.1216796 ], [ 28.7104658, 47.121679 ], [ 28.710465, 47.1216783 ], [ 28.7104643, 47.1216775 ], [ 28.7104637, 47.1216767 ], [ 28.7104632, 47.1216759 ], [ 28.7104629, 47.121675 ], [ 28.7104627, 47.1216742 ], [ 28.7104626, 47.1216733 ], [ 28.7104626, 47.1216724 ], [ 28.7104628, 47.1216715 ], [ 28.7104631, 47.1216707 ], [ 28.7104635, 47.1216698 ], [ 28.710464, 47.121669 ], [ 28.7104647, 47.1216683 ], [ 28.7104988, 47.1216318 ], [ 28.7104988, 47.1216318 ], [ 28.7107713, 47.1213447 ], [ 28.7107714, 47.1213445 ], [ 28.710865, 47.1212513 ], [ 28.7108657, 47.1212506 ], [ 28.7108666, 47.12125 ], [ 28.7108675, 47.1212494 ], [ 28.7108685, 47.1212489 ], [ 28.7108696, 47.1212485 ], [ 28.7108707, 47.1212481 ], [ 28.7108719, 47.1212478 ], [ 28.7108731, 47.1212476 ], [ 28.7108744, 47.1212475 ], [ 28.7108756, 47.1212474 ], [ 28.7108769, 47.1212474 ], [ 28.7108781, 47.1212475 ], [ 28.7108793, 47.1212477 ], [ 28.7108805, 47.121248 ], [ 28.7108817, 47.1212483 ], [ 28.7108828, 47.1212488 ], [ 28.7108838, 47.1212492 ], [ 28.7109026, 47.121259 ], [ 28.7109028, 47.1212591 ], [ 28.710903, 47.1212589 ], [ 28.710929, 47.1212357 ], [ 28.7109292, 47.1212355 ], [ 28.7109289, 47.1212354 ], [ 28.710908, 47.1212245 ], [ 28.710907, 47.1212239 ], [ 28.7109061, 47.1212233 ], [ 28.7109053, 47.1212226 ], [ 28.7109046, 47.1212219 ], [ 28.710904, 47.1212211 ], [ 28.7109035, 47.1212203 ], [ 28.7109031, 47.1212195 ], [ 28.7109029, 47.1212186 ], [ 28.7109028, 47.1212177 ], [ 28.7109028, 47.1212169 ], [ 28.7109029, 47.121216 ], [ 28.7109031, 47.1212152 ], [ 28.7109035, 47.1212143 ], [ 28.710904, 47.1212135 ], [ 28.7109046, 47.1212127 ], [ 28.7109053, 47.121212 ], [ 28.7109364, 47.1211828 ], [ 28.7109366, 47.1211826 ], [ 28.7109363, 47.1211825 ], [ 28.7109232, 47.121176 ], [ 28.7109222, 47.1211754 ], [ 28.7109213, 47.1211748 ], [ 28.7109204, 47.1211741 ], [ 28.7109197, 47.1211734 ], [ 28.7109191, 47.1211726 ], [ 28.7109186, 47.1211717 ], [ 28.7109182, 47.1211709 ], [ 28.7109179, 47.12117 ], [ 28.7109178, 47.1211691 ], [ 28.7109178, 47.1211682 ], [ 28.7109179, 47.1211673 ], [ 28.7109182, 47.1211665 ], [ 28.7109186, 47.1211656 ], [ 28.7109191, 47.1211648 ], [ 28.7109197, 47.121164 ], [ 28.7109341, 47.121148 ], [ 28.7109342, 47.1211478 ], [ 28.710934, 47.1211477 ], [ 28.7108999, 47.1211335 ], [ 28.7108996, 47.1211334 ], [ 28.7108995, 47.1211335 ], [ 28.7108723, 47.1211637 ], [ 28.7108721, 47.121164 ], [ 28.7108434, 47.1211933 ], [ 28.7108432, 47.1211935 ], [ 28.7107138, 47.1213166 ], [ 28.7107137, 47.1213168 ], [ 28.7107139, 47.1213169 ], [ 28.7107278, 47.1213237 ], [ 28.7107288, 47.1213243 ], [ 28.7107297, 47.1213249 ], [ 28.7107305, 47.1213255 ], [ 28.7107313, 47.1213262 ], [ 28.7107319, 47.121327 ], [ 28.7107324, 47.1213277 ], [ 28.7107328, 47.1213285 ], [ 28.7107331, 47.1213294 ], [ 28.7107333, 47.1213302 ], [ 28.7107333, 47.1213311 ], [ 28.7107333, 47.1213319 ], [ 28.7107331, 47.1213328 ], [ 28.7107328, 47.1213336 ], [ 28.7107324, 47.1213344 ], [ 28.7107318, 47.1213352 ], [ 28.7107312, 47.1213359 ], [ 28.7104647, 47.1216168 ], [ 28.7104647, 47.1216168 ], [ 28.7103306, 47.1217599 ], [ 28.7103299, 47.1217606 ], [ 28.710329, 47.1217613 ], [ 28.7103281, 47.1217619 ], [ 28.7103271, 47.1217624 ], [ 28.710326, 47.1217629 ], [ 28.7103249, 47.1217633 ], [ 28.7103237, 47.1217636 ], [ 28.7103225, 47.1217638 ], [ 28.7103213, 47.121764 ], [ 28.71032, 47.1217641 ], [ 28.7103187, 47.1217641 ], [ 28.7103175, 47.121764 ], [ 28.7103162, 47.1217638 ], [ 28.710315, 47.1217635 ], [ 28.7103138, 47.1217632 ], [ 28.7103127, 47.1217628 ], [ 28.7103117, 47.1217623 ], [ 28.7103003, 47.1217565 ], [ 28.7103, 47.1217564 ], [ 28.7102996, 47.1217565 ], [ 28.7102984, 47.1217568 ], [ 28.7102971, 47.1217571 ], [ 28.7102958, 47.1217572 ], [ 28.7102945, 47.1217572 ], [ 28.7102932, 47.1217572 ], [ 28.7102919, 47.121757 ], [ 28.7102906, 47.1217568 ], [ 28.7102894, 47.1217565 ], [ 28.7102882, 47.1217561 ], [ 28.7102871, 47.1217556 ], [ 28.710286, 47.1217551 ], [ 28.7102851, 47.1217545 ], [ 28.7102842, 47.1217538 ], [ 28.7102834, 47.1217531 ], [ 28.7102828, 47.1217523 ], [ 28.7102822, 47.1217515 ], [ 28.7102818, 47.1217506 ], [ 28.7102815, 47.1217497 ], [ 28.7102814, 47.1217488 ], [ 28.7102814, 47.1217479 ], [ 28.7102815, 47.1217471 ], [ 28.7102817, 47.1217462 ], [ 28.7102821, 47.1217453 ], [ 28.7102826, 47.1217445 ], [ 28.7102832, 47.1217437 ], [ 28.7102839, 47.1217429 ], [ 28.7103497, 47.1216812 ], [ 28.7103498, 47.1216811 ], [ 28.7103504, 47.1216805 ], [ 28.7103505, 47.1216804 ], [ 28.7103787, 47.1216503 ], [ 28.7103789, 47.1216501 ], [ 28.7103786, 47.12165 ], [ 28.710345, 47.1216353 ], [ 28.7103447, 47.1216352 ], [ 28.7103445, 47.1216353 ], [ 28.7103168, 47.1216649 ], [ 28.7103163, 47.1216654 ], [ 28.7102394, 47.1217376 ], [ 28.7102394, 47.1217376 ], [ 28.7100916, 47.1218755 ], [ 28.7100908, 47.1218762 ], [ 28.7100899, 47.1218768 ], [ 28.7100889, 47.1218774 ], [ 28.7100878, 47.1218779 ], [ 28.7100866, 47.1218783 ], [ 28.7100854, 47.1218787 ], [ 28.7100842, 47.1218789 ], [ 28.7100829, 47.1218791 ], [ 28.7100816, 47.1218792 ], [ 28.7100803, 47.1218792 ], [ 28.710079, 47.1218791 ], [ 28.7100777, 47.1218789 ], [ 28.7100765, 47.1218786 ], [ 28.7100752, 47.1218783 ], [ 28.7100741, 47.1218779 ], [ 28.710073, 47.1218774 ], [ 28.710072, 47.1218768 ], [ 28.7100711, 47.1218761 ], [ 28.7100703, 47.1218754 ], [ 28.7100696, 47.1218747 ], [ 28.710069, 47.1218739 ], [ 28.7100685, 47.1218731 ], [ 28.7100682, 47.1218722 ], [ 28.7100679, 47.1218713 ], [ 28.7100678, 47.1218704 ], [ 28.7100679, 47.1218695 ], [ 28.710068, 47.1218686 ], [ 28.7100683, 47.1218678 ], [ 28.7100687, 47.1218669 ], [ 28.7100693, 47.1218661 ], [ 28.7100699, 47.1218653 ], [ 28.710173, 47.1217555 ], [ 28.7101731, 47.1217554 ], [ 28.7103176, 47.1216049 ], [ 28.7103177, 47.1216048 ], [ 28.7103181, 47.1216043 ], [ 28.7103182, 47.1216042 ], [ 28.7103446, 47.1215738 ], [ 28.710345, 47.1215733 ], [ 28.710359, 47.1215594 ], [ 28.7103592, 47.1215591 ], [ 28.7104201, 47.121502 ], [ 28.7104208, 47.1215014 ], [ 28.7104717, 47.1214612 ], [ 28.7104719, 47.1214611 ], [ 28.7104728, 47.1214603 ], [ 28.710473, 47.1214602 ], [ 28.7105038, 47.1214312 ], [ 28.7105039, 47.1214311 ], [ 28.7105045, 47.1214306 ], [ 28.7105046, 47.1214305 ], [ 28.7105471, 47.1213857 ], [ 28.7105475, 47.1213853 ], [ 28.7105777, 47.121357 ], [ 28.7105779, 47.1213567 ], [ 28.7106262, 47.1213144 ], [ 28.7106262, 47.1213144 ], [ 28.7106266, 47.1213141 ], [ 28.7106266, 47.121314 ], [ 28.7106576, 47.121285 ], [ 28.7106577, 47.1212849 ], [ 28.7107036, 47.1212409 ], [ 28.7107037, 47.1212409 ], [ 28.710704, 47.1212406 ], [ 28.710704, 47.1212405 ], [ 28.7107326, 47.1212112 ], [ 28.7107332, 47.1212107 ], [ 28.7108616, 47.1210976 ], [ 28.7108617, 47.1210975 ], [ 28.7108623, 47.121097 ], [ 28.7108624, 47.1210969 ], [ 28.7109376, 47.1210232 ], [ 28.7109377, 47.1210231 ], [ 28.7109382, 47.1210227 ], [ 28.7109382, 47.1210226 ], [ 28.7109803, 47.120977 ], [ 28.7109804, 47.1209768 ], [ 28.7109802, 47.1209767 ], [ 28.7109464, 47.1209622 ], [ 28.7109461, 47.1209621 ], [ 28.7109455, 47.120962 ], [ 28.7109454, 47.120962 ], [ 28.7109442, 47.1209617 ], [ 28.7109429, 47.1209614 ], [ 28.7109418, 47.120961 ], [ 28.7109407, 47.1209605 ], [ 28.7109396, 47.12096 ], [ 28.7109387, 47.1209594 ], [ 28.7109379, 47.1209587 ], [ 28.7109371, 47.120958 ], [ 28.7109365, 47.1209572 ], [ 28.710936, 47.1209564 ], [ 28.7109356, 47.1209555 ], [ 28.7109353, 47.1209546 ], [ 28.7109352, 47.1209543 ], [ 28.7109352, 47.1209541 ], [ 28.7109349, 47.1209539 ], [ 28.7109014, 47.1209391 ], [ 28.7109011, 47.120939 ], [ 28.7109007, 47.1209392 ], [ 28.7109005, 47.1209393 ], [ 28.7108995, 47.1209398 ], [ 28.7108983, 47.1209402 ], [ 28.7108972, 47.1209406 ], [ 28.7108959, 47.1209408 ], [ 28.7108946, 47.120941 ], [ 28.7108934, 47.1209411 ], [ 28.7108921, 47.1209411 ], [ 28.7108908, 47.120941 ], [ 28.7108895, 47.1209409 ], [ 28.7108883, 47.1209406 ], [ 28.7108871, 47.1209403 ], [ 28.7108859, 47.1209399 ], [ 28.7108848, 47.1209394 ], [ 28.7108693, 47.1209317 ], [ 28.710869, 47.1209316 ], [ 28.7108687, 47.1209316 ], [ 28.7108674, 47.1209315 ], [ 28.7108661, 47.1209314 ], [ 28.7108648, 47.1209312 ], [ 28.7108636, 47.1209309 ], [ 28.7108624, 47.1209305 ], [ 28.7108613, 47.1209301 ], [ 28.7108341, 47.1209177 ], [ 28.7108338, 47.1209176 ], [ 28.7108335, 47.1209179 ], [ 28.7108327, 47.1209186 ], [ 28.7108318, 47.1209192 ], [ 28.7108308, 47.1209198 ], [ 28.7108297, 47.1209202 ], [ 28.7108286, 47.1209207 ], [ 28.7108274, 47.120921 ], [ 28.7108262, 47.1209213 ], [ 28.7108249, 47.1209214 ], [ 28.7108237, 47.1209215 ], [ 28.7108224, 47.1209215 ], [ 28.7108211, 47.1209215 ], [ 28.7108198, 47.1209213 ], [ 28.7108186, 47.120921 ], [ 28.7108174, 47.1209207 ], [ 28.7108163, 47.1209203 ], [ 28.7108152, 47.1209198 ], [ 28.7107979, 47.1209113 ], [ 28.7107976, 47.1209112 ], [ 28.7107974, 47.1209114 ], [ 28.7107807, 47.1209272 ], [ 28.7107799, 47.1209279 ], [ 28.710779, 47.1209285 ], [ 28.710778, 47.1209291 ], [ 28.710777, 47.1209296 ], [ 28.7107758, 47.12093 ], [ 28.7107746, 47.1209303 ], [ 28.7107734, 47.1209306 ], [ 28.7107721, 47.1209308 ], [ 28.7107708, 47.1209309 ], [ 28.7107695, 47.1209309 ], [ 28.7107683, 47.1209308 ], [ 28.710767, 47.1209307 ], [ 28.7107657, 47.1209304 ], [ 28.7107645, 47.1209301 ], [ 28.7107634, 47.1209297 ], [ 28.7107623, 47.1209292 ], [ 28.7107462, 47.1209212 ], [ 28.7107452, 47.1209206 ], [ 28.7107443, 47.12092 ], [ 28.7107434, 47.1209193 ], [ 28.7107428, 47.1209187 ], [ 28.7107427, 47.1209186 ], [ 28.7107425, 47.1209185 ], [ 28.7107172, 47.1209072 ], [ 28.7107161, 47.1209067 ], [ 28.7107151, 47.1209061 ], [ 28.7107143, 47.1209054 ], [ 28.710714, 47.1209052 ], [ 28.7107137, 47.1209051 ], [ 28.7106814, 47.120889 ], [ 28.7106812, 47.1208889 ], [ 28.7106805, 47.1208889 ], [ 28.7106805, 47.1208889 ], [ 28.7106804, 47.120889 ], [ 28.710679, 47.120889 ], [ 28.7106777, 47.120889 ], [ 28.7106763, 47.1208888 ], [ 28.710675, 47.1208886 ], [ 28.7106738, 47.1208883 ], [ 28.7106726, 47.1208878 ], [ 28.7106714, 47.1208873 ], [ 28.710651, 47.1208774 ], [ 28.7106507, 47.1208773 ], [ 28.7106505, 47.1208775 ], [ 28.7106459, 47.1208819 ], [ 28.7106451, 47.1208826 ], [ 28.7106442, 47.1208832 ], [ 28.7106432, 47.1208838 ], [ 28.7106421, 47.1208843 ], [ 28.7106409, 47.1208847 ], [ 28.7106397, 47.1208851 ], [ 28.7106385, 47.1208853 ], [ 28.7106372, 47.1208855 ], [ 28.7106359, 47.1208856 ], [ 28.7106346, 47.1208856 ], [ 28.7106332, 47.1208855 ], [ 28.710632, 47.1208854 ], [ 28.7106307, 47.1208851 ], [ 28.7106295, 47.1208847 ], [ 28.7106283, 47.1208843 ], [ 28.7106272, 47.1208838 ], [ 28.7106109, 47.1208754 ], [ 28.7106106, 47.1208753 ], [ 28.7106103, 47.1208752 ], [ 28.7106098, 47.1208752 ], [ 28.7106086, 47.1208751 ], [ 28.7106074, 47.1208749 ], [ 28.7106067, 47.1208747 ], [ 28.7106065, 47.1208747 ], [ 28.7106063, 47.1208747 ], [ 28.7106054, 47.1208747 ], [ 28.7106042, 47.1208747 ], [ 28.7106029, 47.1208746 ], [ 28.7106017, 47.1208744 ], [ 28.7106005, 47.1208741 ], [ 28.7105994, 47.1208738 ], [ 28.7105983, 47.1208734 ], [ 28.7105973, 47.1208729 ], [ 28.7105755, 47.1208617 ], [ 28.7105752, 47.1208616 ], [ 28.710575, 47.1208618 ], [ 28.7105746, 47.1208622 ], [ 28.7105738, 47.1208628 ], [ 28.7105729, 47.1208634 ], [ 28.7105719, 47.120864 ], [ 28.7105709, 47.1208644 ], [ 28.7105698, 47.1208649 ], [ 28.7105686, 47.1208652 ], [ 28.7105674, 47.1208654 ], [ 28.7105662, 47.1208656 ], [ 28.710565, 47.1208657 ], [ 28.7105637, 47.1208658 ], [ 28.7105625, 47.1208657 ], [ 28.7105612, 47.1208655 ], [ 28.71056, 47.1208653 ], [ 28.7105589, 47.120865 ], [ 28.7105577, 47.1208647 ], [ 28.7105567, 47.1208642 ], [ 28.7105364, 47.1208549 ], [ 28.7105362, 47.1208548 ], [ 28.710536, 47.1208549 ], [ 28.710532, 47.1208589 ], [ 28.7105312, 47.1208596 ], [ 28.7105303, 47.1208603 ], [ 28.7105293, 47.1208609 ], [ 28.7105283, 47.1208614 ], [ 28.7105271, 47.1208619 ], [ 28.7105259, 47.1208623 ], [ 28.7105247, 47.1208625 ], [ 28.7105234, 47.1208627 ], [ 28.7105221, 47.1208629 ], [ 28.7105208, 47.1208629 ], [ 28.7105195, 47.1208628 ], [ 28.7105182, 47.1208627 ], [ 28.7105169, 47.1208624 ], [ 28.7105157, 47.1208621 ], [ 28.7105145, 47.1208617 ], [ 28.7105134, 47.1208612 ], [ 28.7104942, 47.1208518 ], [ 28.7104939, 47.1208517 ], [ 28.7104934, 47.1208517 ], [ 28.7104922, 47.1208518 ], [ 28.710491, 47.1208517 ], [ 28.7104898, 47.1208516 ], [ 28.7104886, 47.1208515 ], [ 28.7104874, 47.1208512 ], [ 28.7104863, 47.1208509 ], [ 28.7104852, 47.1208505 ], [ 28.7104842, 47.12085 ], [ 28.7104642, 47.1208401 ], [ 28.7104639, 47.12084 ], [ 28.7104637, 47.1208401 ], [ 28.7104575, 47.120846 ], [ 28.7104567, 47.1208466 ], [ 28.7104558, 47.1208473 ], [ 28.7104549, 47.1208478 ], [ 28.7104538, 47.1208483 ], [ 28.7104527, 47.1208487 ], [ 28.7104516, 47.1208491 ], [ 28.7104504, 47.1208493 ], [ 28.7104492, 47.1208495 ], [ 28.7104479, 47.1208496 ], [ 28.7104467, 47.1208497 ], [ 28.7104454, 47.1208496 ], [ 28.7104442, 47.1208495 ], [ 28.710443, 47.1208493 ], [ 28.7104418, 47.120849 ], [ 28.7104407, 47.1208486 ], [ 28.7104396, 47.1208482 ], [ 28.7104166, 47.1208378 ], [ 28.7104163, 47.1208377 ], [ 28.7104162, 47.1208377 ], [ 28.7104152, 47.120838 ], [ 28.710414, 47.1208383 ], [ 28.7104128, 47.1208385 ], [ 28.7104116, 47.1208386 ], [ 28.7104103, 47.1208386 ], [ 28.710409, 47.1208385 ], [ 28.7104078, 47.1208383 ], [ 28.7104066, 47.1208381 ], [ 28.7104054, 47.1208378 ], [ 28.7104043, 47.1208374 ], [ 28.7104032, 47.120837 ], [ 28.7103817, 47.1208268 ], [ 28.7103814, 47.1208267 ], [ 28.7103812, 47.1208268 ], [ 28.7103806, 47.1208271 ], [ 28.7103794, 47.1208276 ], [ 28.7103782, 47.120828 ], [ 28.710377, 47.1208283 ], [ 28.7103757, 47.1208286 ], [ 28.7103744, 47.1208287 ], [ 28.710373, 47.1208287 ], [ 28.7103717, 47.1208287 ], [ 28.7103704, 47.1208286 ], [ 28.7103691, 47.1208284 ], [ 28.7103678, 47.120828 ], [ 28.7103666, 47.1208276 ], [ 28.7103655, 47.1208272 ], [ 28.7103457, 47.1208179 ], [ 28.7103454, 47.1208177 ], [ 28.7103452, 47.1208179 ], [ 28.7103425, 47.1208206 ], [ 28.7103418, 47.1208213 ], [ 28.7103409, 47.1208219 ], [ 28.7103399, 47.1208225 ], [ 28.7103388, 47.120823 ], [ 28.7103377, 47.1208235 ], [ 28.7103365, 47.1208238 ], [ 28.7103353, 47.1208241 ], [ 28.710334, 47.1208243 ], [ 28.7103327, 47.1208244 ], [ 28.7103314, 47.1208244 ], [ 28.7103301, 47.1208244 ], [ 28.7103288, 47.1208242 ], [ 28.7103276, 47.120824 ], [ 28.7103263, 47.1208237 ], [ 28.7103252, 47.1208233 ], [ 28.7103241, 47.1208228 ], [ 28.7103056, 47.1208139 ], [ 28.7103054, 47.1208138 ], [ 28.7103052, 47.1208139 ], [ 28.7101076, 47.1210046 ], [ 28.7101075, 47.1210047 ], [ 28.7099217, 47.1211793 ], [ 28.7099216, 47.1211794 ], [ 28.7098787, 47.1212205 ], [ 28.7098779, 47.1212212 ], [ 28.709877, 47.1212219 ], [ 28.709876, 47.1212225 ], [ 28.7098749, 47.121223 ], [ 28.7098737, 47.1212234 ], [ 28.7098725, 47.1212238 ], [ 28.7098712, 47.121224 ], [ 28.7098699, 47.1212242 ], [ 28.7098686, 47.1212243 ], [ 28.7098673, 47.1212243 ], [ 28.7098659, 47.1212242 ], [ 28.7098646, 47.121224 ], [ 28.7098634, 47.1212237 ], [ 28.7098622, 47.1212234 ], [ 28.709861, 47.1212229 ], [ 28.7098599, 47.1212224 ], [ 28.7098589, 47.1212218 ], [ 28.7098588, 47.1212218 ], [ 28.7098586, 47.1212216 ], [ 28.7098259, 47.121206 ], [ 28.7098256, 47.1212059 ], [ 28.7098255, 47.1212059 ], [ 28.7098249, 47.1212065 ], [ 28.7098239, 47.1212071 ], [ 28.7098229, 47.1212076 ], [ 28.7098218, 47.1212081 ], [ 28.7098207, 47.1212085 ], [ 28.7098195, 47.1212088 ], [ 28.7098182, 47.121209 ], [ 28.7098169, 47.1212092 ], [ 28.7098156, 47.1212093 ], [ 28.7098143, 47.1212092 ], [ 28.7098131, 47.1212091 ], [ 28.7098118, 47.1212089 ], [ 28.7098106, 47.1212087 ], [ 28.7098094, 47.1212083 ], [ 28.7098083, 47.1212079 ], [ 28.7098072, 47.1212073 ], [ 28.7097815, 47.1211937 ], [ 28.7097813, 47.1211935 ], [ 28.7097811, 47.1211937 ], [ 28.709768, 47.1212051 ], [ 28.7097671, 47.1212058 ], [ 28.7097662, 47.1212064 ], [ 28.7097652, 47.1212069 ], [ 28.7097642, 47.1212074 ], [ 28.709763, 47.1212078 ], [ 28.7097618, 47.1212081 ], [ 28.7097606, 47.1212084 ], [ 28.7097594, 47.1212085 ], [ 28.7097581, 47.1212086 ], [ 28.7097568, 47.1212086 ], [ 28.7097556, 47.1212085 ], [ 28.7097543, 47.1212083 ], [ 28.7097531, 47.1212081 ], [ 28.7097519, 47.1212077 ], [ 28.7097508, 47.1212073 ], [ 28.7097498, 47.1212068 ], [ 28.7097339, 47.1211988 ], [ 28.7097336, 47.1211987 ], [ 28.7097332, 47.1211986 ], [ 28.7097316, 47.1211979 ], [ 28.7097043, 47.1211842 ], [ 28.7097041, 47.1211841 ], [ 28.7097039, 47.1211843 ], [ 28.7096915, 47.1211958 ], [ 28.7096907, 47.1211965 ], [ 28.7096898, 47.1211971 ], [ 28.7096888, 47.1211976 ], [ 28.7096877, 47.1211981 ], [ 28.7096866, 47.1211986 ], [ 28.7096854, 47.1211989 ], [ 28.7096841, 47.1211992 ], [ 28.7096829, 47.1211993 ], [ 28.7096816, 47.1211994 ], [ 28.7096803, 47.1211994 ], [ 28.709679, 47.1211994 ], [ 28.7096777, 47.1211992 ], [ 28.7096765, 47.1211989 ], [ 28.7096753, 47.1211986 ], [ 28.7096742, 47.1211982 ], [ 28.7096731, 47.1211977 ], [ 28.7096664, 47.1211944 ], [ 28.7096654, 47.1211938 ], [ 28.7096645, 47.1211932 ], [ 28.7096637, 47.1211926 ], [ 28.709663, 47.1211919 ], [ 28.7096624, 47.1211911 ], [ 28.7096619, 47.1211903 ], [ 28.7096615, 47.1211895 ], [ 28.7096612, 47.1211887 ], [ 28.709661, 47.1211879 ], [ 28.709661, 47.121187 ], [ 28.7096611, 47.1211862 ], [ 28.7096612, 47.1211853 ], [ 28.7096616, 47.1211845 ], [ 28.7096618, 47.121184 ], [ 28.7096619, 47.1211839 ], [ 28.7096616, 47.1211837 ], [ 28.7096294, 47.1211676 ], [ 28.7096292, 47.1211675 ], [ 28.709629, 47.1211676 ], [ 28.7096134, 47.121182 ], [ 28.7096126, 47.1211827 ], [ 28.7096117, 47.1211834 ], [ 28.7096107, 47.1211839 ], [ 28.7096096, 47.1211844 ], [ 28.7096085, 47.1211848 ], [ 28.7096073, 47.1211852 ], [ 28.7096061, 47.1211854 ], [ 28.7096048, 47.1211856 ], [ 28.7096035, 47.1211857 ], [ 28.7096022, 47.1211857 ], [ 28.7096009, 47.1211856 ], [ 28.7095996, 47.1211854 ], [ 28.7095984, 47.1211852 ], [ 28.7095972, 47.1211849 ], [ 28.7095961, 47.1211844 ], [ 28.709595, 47.1211839 ], [ 28.7095779, 47.1211753 ], [ 28.7095776, 47.1211752 ], [ 28.7095771, 47.121175 ], [ 28.7095755, 47.1211743 ], [ 28.7095559, 47.1211645 ], [ 28.7095549, 47.121164 ], [ 28.709554, 47.1211633 ], [ 28.7095532, 47.1211627 ], [ 28.7095525, 47.121162 ], [ 28.7095518, 47.1211612 ], [ 28.7095517, 47.121161 ], [ 28.7095514, 47.1211608 ], [ 28.7095202, 47.1211438 ], [ 28.7095199, 47.1211437 ], [ 28.7095195, 47.121144 ], [ 28.7095195, 47.121144 ], [ 28.709519, 47.1211444 ], [ 28.7095181, 47.121145 ], [ 28.7095171, 47.1211455 ], [ 28.709516, 47.121146 ], [ 28.7095149, 47.1211464 ], [ 28.7095137, 47.1211467 ], [ 28.7095125, 47.1211469 ], [ 28.7095113, 47.1211471 ], [ 28.70951, 47.1211472 ], [ 28.7095088, 47.1211471 ], [ 28.7095075, 47.1211471 ], [ 28.7095063, 47.1211469 ], [ 28.7095051, 47.1211466 ], [ 28.7095039, 47.1211463 ], [ 28.7095028, 47.1211459 ], [ 28.7095017, 47.1211454 ], [ 28.7094802, 47.1211347 ], [ 28.7094799, 47.1211346 ], [ 28.7094797, 47.1211347 ], [ 28.7094717, 47.1211422 ], [ 28.7094709, 47.1211429 ], [ 28.70947, 47.1211435 ], [ 28.709469, 47.1211441 ], [ 28.709468, 47.1211446 ], [ 28.7094668, 47.121145 ], [ 28.7094656, 47.1211453 ], [ 28.7094644, 47.1211456 ], [ 28.7094632, 47.1211458 ], [ 28.7094619, 47.1211459 ], [ 28.7094606, 47.1211459 ], [ 28.7094593, 47.1211458 ], [ 28.709458, 47.1211456 ], [ 28.7094568, 47.1211454 ], [ 28.7094556, 47.1211451 ], [ 28.7094545, 47.1211447 ], [ 28.7094534, 47.1211442 ], [ 28.7094413, 47.1211383 ], [ 28.7094404, 47.1211378 ], [ 28.7094395, 47.1211373 ], [ 28.7094388, 47.1211367 ], [ 28.7094381, 47.1211361 ], [ 28.7094379, 47.1211359 ], [ 28.7094376, 47.1211357 ], [ 28.7094052, 47.1211198 ], [ 28.7094049, 47.1211197 ], [ 28.7094047, 47.1211199 ], [ 28.7093951, 47.1211291 ], [ 28.7093942, 47.1211298 ], [ 28.7093933, 47.1211304 ], [ 28.7093923, 47.121131 ], [ 28.7093913, 47.1211315 ], [ 28.7093901, 47.1211319 ], [ 28.7093889, 47.1211323 ], [ 28.7093877, 47.1211325 ], [ 28.7093864, 47.1211327 ], [ 28.7093851, 47.1211328 ], [ 28.7093838, 47.1211328 ], [ 28.7093825, 47.1211328 ], [ 28.7093813, 47.1211326 ], [ 28.70938, 47.1211323 ], [ 28.7093788, 47.121132 ], [ 28.7093777, 47.1211316 ], [ 28.7093766, 47.1211311 ], [ 28.7093579, 47.1211218 ], [ 28.7093576, 47.1211217 ], [ 28.7093573, 47.1211216 ], [ 28.7093562, 47.1211214 ], [ 28.7093551, 47.1211212 ], [ 28.709354, 47.1211209 ], [ 28.709353, 47.1211205 ], [ 28.709352, 47.12112 ], [ 28.7093277, 47.1211079 ], [ 28.7093275, 47.1211078 ], [ 28.7093272, 47.1211079 ], [ 28.709326, 47.1211082 ], [ 28.7093248, 47.1211084 ], [ 28.7093236, 47.1211085 ], [ 28.7093224, 47.1211086 ], [ 28.7093211, 47.1211086 ], [ 28.7093199, 47.1211084 ], [ 28.7093187, 47.1211083 ], [ 28.7093175, 47.121108 ], [ 28.7093163, 47.1211077 ], [ 28.7093152, 47.1211073 ], [ 28.7093142, 47.1211068 ], [ 28.7092993, 47.1210993 ], [ 28.7092991, 47.1210991 ], [ 28.7092989, 47.1210993 ], [ 28.7092875, 47.1211098 ], [ 28.7092866, 47.1211105 ], [ 28.7092857, 47.1211111 ], [ 28.7092847, 47.1211117 ], [ 28.7092836, 47.1211122 ], [ 28.7092825, 47.1211126 ], [ 28.7092813, 47.1211129 ], [ 28.70928, 47.1211132 ], [ 28.7092788, 47.1211133 ], [ 28.7092775, 47.1211134 ], [ 28.7092762, 47.1211134 ], [ 28.7092749, 47.1211133 ], [ 28.7092736, 47.1211131 ], [ 28.7092724, 47.1211129 ], [ 28.7092712, 47.1211125 ], [ 28.70927, 47.1211121 ], [ 28.7092689, 47.1211116 ], [ 28.7092514, 47.1211026 ], [ 28.7092511, 47.1211025 ], [ 28.7092506, 47.1211025 ], [ 28.7092505, 47.1211025 ], [ 28.7092492, 47.1211024 ], [ 28.709248, 47.1211023 ], [ 28.7092467, 47.1211021 ], [ 28.7092455, 47.1211018 ], [ 28.7092444, 47.1211014 ], [ 28.7092433, 47.121101 ], [ 28.7092423, 47.1211005 ], [ 28.7092413, 47.1210999 ], [ 28.7092405, 47.1210992 ], [ 28.7092397, 47.1210986 ], [ 28.709239, 47.1210978 ], [ 28.7092385, 47.1210971 ], [ 28.709238, 47.1210962 ], [ 28.7092377, 47.1210954 ], [ 28.7092375, 47.1210946 ], [ 28.7092374, 47.1210937 ], [ 28.7092374, 47.1210928 ], [ 28.7092376, 47.121092 ], [ 28.7092378, 47.1210911 ], [ 28.7092382, 47.1210903 ], [ 28.7092387, 47.1210895 ], [ 28.7092393, 47.1210887 ], [ 28.709242, 47.1210858 ], [ 28.7092423, 47.1210855 ], [ 28.7092564, 47.121071 ], [ 28.7092566, 47.1210709 ], [ 28.7092563, 47.1210707 ], [ 28.7092231, 47.1210556 ], [ 28.7092229, 47.1210555 ], [ 28.7092227, 47.1210556 ], [ 28.7092082, 47.1210704 ], [ 28.7092082, 47.1210704 ], [ 28.7092078, 47.1210708 ], [ 28.7092077, 47.1210709 ], [ 28.7091808, 47.1211009 ], [ 28.7091802, 47.1211014 ], [ 28.7091347, 47.1211442 ], [ 28.7091345, 47.1211444 ], [ 28.7091348, 47.1211445 ], [ 28.7091671, 47.1211606 ], [ 28.7091674, 47.1211607 ], [ 28.7091675, 47.1211607 ], [ 28.7091686, 47.1211612 ], [ 28.7091696, 47.1211617 ], [ 28.7091705, 47.1211622 ], [ 28.7091714, 47.1211629 ], [ 28.7091722, 47.1211636 ], [ 28.7091729, 47.1211643 ], [ 28.7091734, 47.1211651 ], [ 28.7091739, 47.1211659 ], [ 28.7091742, 47.1211667 ], [ 28.7091744, 47.1211676 ], [ 28.7091745, 47.1211684 ], [ 28.7091745, 47.1211693 ], [ 28.7091744, 47.1211702 ], [ 28.7091741, 47.121171 ], [ 28.7091737, 47.1211718 ], [ 28.7091732, 47.1211726 ], [ 28.7091726, 47.1211734 ], [ 28.7091719, 47.1211741 ], [ 28.7091579, 47.1211867 ], [ 28.7091571, 47.1211874 ], [ 28.7091562, 47.121188 ], [ 28.7091552, 47.1211886 ], [ 28.7091542, 47.1211891 ], [ 28.709153, 47.1211895 ], [ 28.7091518, 47.1211898 ], [ 28.7091506, 47.12119 ], [ 28.7091494, 47.1211902 ], [ 28.7091481, 47.1211903 ], [ 28.7091468, 47.1211903 ], [ 28.7091455, 47.1211902 ], [ 28.7091443, 47.1211901 ], [ 28.7091431, 47.1211898 ], [ 28.7091419, 47.1211895 ], [ 28.7091408, 47.1211891 ], [ 28.7091397, 47.1211886 ], [ 28.7091387, 47.1211881 ], [ 28.7091378, 47.1211874 ], [ 28.7091369, 47.1211868 ], [ 28.7091362, 47.1211861 ], [ 28.7091356, 47.1211853 ], [ 28.7091351, 47.1211845 ], [ 28.7091347, 47.1211837 ], [ 28.7091344, 47.1211828 ], [ 28.7091343, 47.121182 ], [ 28.7091342, 47.1211811 ], [ 28.7091343, 47.1211802 ], [ 28.7091346, 47.1211794 ], [ 28.7091349, 47.1211785 ], [ 28.7091349, 47.1211785 ], [ 28.7091346, 47.1211784 ], [ 28.7091031, 47.1211617 ], [ 28.7091029, 47.1211615 ], [ 28.7091027, 47.1211617 ], [ 28.7090223, 47.1212322 ], [ 28.709022, 47.1212325 ], [ 28.7089715, 47.1212735 ], [ 28.7089713, 47.1212737 ], [ 28.7089706, 47.1212743 ], [ 28.7089704, 47.1212745 ], [ 28.7088935, 47.1213473 ], [ 28.7088933, 47.1213475 ], [ 28.7088921, 47.1213488 ], [ 28.7088918, 47.1213491 ], [ 28.7088674, 47.1213803 ], [ 28.7088669, 47.1213808 ], [ 28.7088537, 47.1213953 ], [ 28.7088535, 47.1213954 ], [ 28.7088538, 47.1213956 ], [ 28.7088876, 47.12141 ], [ 28.7088879, 47.1214101 ], [ 28.7088882, 47.1214101 ], [ 28.7088895, 47.1214099 ], [ 28.7088907, 47.1214098 ], [ 28.708892, 47.1214098 ], [ 28.7088932, 47.1214098 ], [ 28.7088945, 47.1214099 ], [ 28.7088957, 47.1214102 ], [ 28.7088969, 47.1214105 ], [ 28.7088981, 47.1214108 ], [ 28.7088992, 47.1214113 ], [ 28.7089002, 47.1214118 ], [ 28.7089011, 47.1214124 ], [ 28.708902, 47.121413 ], [ 28.7089027, 47.1214137 ], [ 28.7089034, 47.1214145 ], [ 28.7089039, 47.1214153 ], [ 28.7089044, 47.1214161 ], [ 28.7089047, 47.1214169 ], [ 28.7089049, 47.1214178 ], [ 28.708905, 47.1214186 ], [ 28.7089049, 47.1214195 ], [ 28.7089049, 47.1214198 ], [ 28.7089051, 47.12142 ], [ 28.7089375, 47.1214359 ], [ 28.7089378, 47.121436 ], [ 28.7089381, 47.1214358 ], [ 28.7089391, 47.1214353 ], [ 28.7089402, 47.1214349 ], [ 28.7089413, 47.1214345 ], [ 28.7089425, 47.1214342 ], [ 28.7089437, 47.1214339 ], [ 28.708945, 47.1214338 ], [ 28.7089462, 47.1214337 ], [ 28.7089475, 47.1214337 ], [ 28.7089487, 47.1214338 ], [ 28.70895, 47.121434 ], [ 28.7089512, 47.1214343 ], [ 28.7089523, 47.1214346 ], [ 28.7089534, 47.121435 ], [ 28.7089545, 47.1214355 ], [ 28.7089718, 47.1214442 ], [ 28.708972, 47.1214444 ], [ 28.7089722, 47.1214442 ], [ 28.7089801, 47.121437 ], [ 28.7089809, 47.1214363 ], [ 28.7089818, 47.1214357 ], [ 28.7089828, 47.1214351 ], [ 28.7089838, 47.1214346 ], [ 28.708985, 47.1214342 ], [ 28.7089862, 47.1214339 ], [ 28.7089874, 47.1214336 ], [ 28.7089887, 47.1214334 ], [ 28.7089899, 47.1214333 ], [ 28.7089912, 47.1214333 ], [ 28.7089925, 47.1214334 ], [ 28.7089938, 47.1214336 ], [ 28.708995, 47.1214338 ], [ 28.7089962, 47.1214342 ], [ 28.7089973, 47.1214346 ], [ 28.7089984, 47.1214351 ], [ 28.7090194, 47.1214455 ], [ 28.7090196, 47.1214456 ], [ 28.7090198, 47.1214454 ], [ 28.7090383, 47.1214282 ], [ 28.7090391, 47.1214275 ], [ 28.70904, 47.1214269 ], [ 28.709041, 47.1214263 ], [ 28.709042, 47.1214258 ], [ 28.7090431, 47.1214254 ], [ 28.7090443, 47.121425 ], [ 28.7090456, 47.1214248 ], [ 28.7090468, 47.1214246 ], [ 28.7090481, 47.1214245 ], [ 28.7090494, 47.1214245 ], [ 28.7090507, 47.1214246 ], [ 28.7090519, 47.1214247 ], [ 28.7090532, 47.121425 ], [ 28.7090544, 47.1214253 ], [ 28.7090555, 47.1214257 ], [ 28.7090566, 47.1214261 ], [ 28.709062, 47.1214288 ], [ 28.709063, 47.1214293 ], [ 28.7090639, 47.1214299 ], [ 28.7090647, 47.1214306 ], [ 28.7090655, 47.1214313 ], [ 28.7090661, 47.1214321 ], [ 28.7090666, 47.1214329 ], [ 28.709067, 47.1214338 ], [ 28.7090673, 47.1214346 ], [ 28.7090675, 47.1214355 ], [ 28.7090675, 47.1214364 ], [ 28.7090674, 47.1214373 ], [ 28.7090671, 47.1214381 ], [ 28.7090668, 47.121439 ], [ 28.7090663, 47.1214398 ], [ 28.7090657, 47.1214406 ], [ 28.709065, 47.1214413 ], [ 28.7090516, 47.1214541 ], [ 28.7090514, 47.1214543 ], [ 28.7090517, 47.1214544 ], [ 28.7090841, 47.1214703 ], [ 28.7090844, 47.1214704 ], [ 28.7090846, 47.1214702 ], [ 28.7090977, 47.1214578 ], [ 28.7090985, 47.1214571 ], [ 28.7090994, 47.1214564 ], [ 28.7091004, 47.1214559 ], [ 28.7091015, 47.1214553 ], [ 28.7091026, 47.1214549 ], [ 28.7091038, 47.1214546 ], [ 28.7091051, 47.1214543 ], [ 28.7091064, 47.1214541 ], [ 28.7091076, 47.121454 ], [ 28.7091089, 47.121454 ], [ 28.7091102, 47.1214541 ], [ 28.7091115, 47.1214543 ], [ 28.7091128, 47.1214545 ], [ 28.709114, 47.1214548 ], [ 28.7091151, 47.1214553 ], [ 28.7091162, 47.1214557 ], [ 28.7091324, 47.1214639 ], [ 28.7091327, 47.121464 ], [ 28.7091329, 47.121464 ], [ 28.7091343, 47.121464 ], [ 28.7091357, 47.1214642 ], [ 28.7091371, 47.1214644 ], [ 28.7091384, 47.1214648 ], [ 28.7091396, 47.1214652 ], [ 28.7091408, 47.1214657 ], [ 28.7091644, 47.1214775 ], [ 28.7091647, 47.1214776 ], [ 28.7091649, 47.1214775 ], [ 28.7091659, 47.1214765 ], [ 28.7091667, 47.1214758 ], [ 28.7091676, 47.1214752 ], [ 28.7091686, 47.1214746 ], [ 28.7091697, 47.1214742 ], [ 28.7091708, 47.1214737 ], [ 28.709172, 47.1214734 ], [ 28.7091732, 47.1214731 ], [ 28.7091745, 47.1214729 ], [ 28.7091757, 47.1214728 ], [ 28.709177, 47.1214728 ], [ 28.7091783, 47.1214729 ], [ 28.7091796, 47.1214731 ], [ 28.7091808, 47.1214733 ], [ 28.709182, 47.1214736 ], [ 28.7091832, 47.121474 ], [ 28.7091842, 47.1214745 ], [ 28.7092038, 47.1214841 ], [ 28.709204, 47.1214842 ], [ 28.7092043, 47.1214841 ], [ 28.7092048, 47.1214839 ], [ 28.7092059, 47.1214836 ], [ 28.709207, 47.1214832 ], [ 28.7092082, 47.121483 ], [ 28.7092095, 47.1214829 ], [ 28.7092107, 47.1214828 ], [ 28.709212, 47.1214828 ], [ 28.7092132, 47.1214829 ], [ 28.7092144, 47.1214831 ], [ 28.7092156, 47.1214833 ], [ 28.7092168, 47.1214836 ], [ 28.7092179, 47.121484 ], [ 28.7092189, 47.1214845 ], [ 28.7092388, 47.1214943 ], [ 28.7092391, 47.1214945 ], [ 28.7092393, 47.1214944 ], [ 28.7092405, 47.121494 ], [ 28.7092418, 47.1214937 ], [ 28.7092431, 47.1214934 ], [ 28.7092444, 47.1214933 ], [ 28.7092458, 47.1214933 ], [ 28.7092471, 47.1214933 ], [ 28.7092485, 47.1214935 ], [ 28.7092498, 47.1214937 ], [ 28.709251, 47.121494 ], [ 28.7092522, 47.1214945 ], [ 28.7092534, 47.121495 ], [ 28.709274, 47.1215051 ], [ 28.7092743, 47.1215052 ], [ 28.7092745, 47.121505 ], [ 28.7092864, 47.1214937 ], [ 28.7092872, 47.121493 ], [ 28.7092881, 47.1214923 ], [ 28.7092891, 47.1214918 ], [ 28.7092902, 47.1214913 ], [ 28.7092913, 47.1214909 ], [ 28.7092925, 47.1214905 ], [ 28.7092937, 47.1214902 ], [ 28.709295, 47.12149 ], [ 28.7092962, 47.1214899 ], [ 28.7092975, 47.1214899 ], [ 28.7092988, 47.12149 ], [ 28.7093001, 47.1214901 ], [ 28.7093013, 47.1214904 ], [ 28.7093025, 47.1214907 ], [ 28.7093036, 47.1214911 ], [ 28.7093047, 47.1214915 ], [ 28.7093148, 47.1214964 ], [ 28.7093158, 47.1214969 ], [ 28.7093166, 47.1214974 ], [ 28.7093175, 47.1214981 ], [ 28.7093182, 47.1214987 ], [ 28.7093188, 47.1214995 ], [ 28.7093193, 47.1215002 ], [ 28.7093198, 47.121501 ], [ 28.70932, 47.1215014 ], [ 28.7093202, 47.1215016 ], [ 28.7093527, 47.1215174 ], [ 28.709353, 47.1215175 ], [ 28.7093531, 47.1215175 ], [ 28.7093542, 47.1215171 ], [ 28.7093554, 47.1215168 ], [ 28.7093566, 47.1215166 ], [ 28.7093578, 47.1215164 ], [ 28.709359, 47.1215164 ], [ 28.7093603, 47.1215164 ], [ 28.7093615, 47.1215165 ], [ 28.7093628, 47.1215166 ], [ 28.709364, 47.1215169 ], [ 28.7093651, 47.1215172 ], [ 28.7093662, 47.1215176 ], [ 28.7093673, 47.1215181 ], [ 28.7093849, 47.121527 ], [ 28.7093852, 47.1215271 ], [ 28.7093856, 47.1215267 ], [ 28.7093856, 47.1215267 ], [ 28.7093861, 47.1215263 ], [ 28.709387, 47.1215257 ], [ 28.709388, 47.1215251 ], [ 28.7093891, 47.1215246 ], [ 28.7093903, 47.1215242 ], [ 28.7093915, 47.1215239 ], [ 28.7093927, 47.1215236 ], [ 28.709394, 47.1215234 ], [ 28.7093953, 47.1215233 ], [ 28.7093966, 47.1215233 ], [ 28.7093979, 47.1215234 ], [ 28.7093991, 47.1215236 ], [ 28.7094004, 47.1215239 ], [ 28.7094016, 47.1215242 ], [ 28.7094027, 47.1215246 ], [ 28.7094038, 47.1215251 ], [ 28.709422, 47.1215343 ], [ 28.7094222, 47.1215345 ], [ 28.7094227, 47.1215343 ], [ 28.7094229, 47.1215342 ], [ 28.7094241, 47.1215338 ], [ 28.7094254, 47.1215335 ], [ 28.7094267, 47.1215333 ], [ 28.709428, 47.1215332 ], [ 28.7094293, 47.1215332 ], [ 28.7094306, 47.1215332 ], [ 28.709432, 47.1215334 ], [ 28.7094332, 47.1215336 ], [ 28.7094345, 47.1215339 ], [ 28.7094357, 47.1215343 ], [ 28.7094368, 47.1215348 ], [ 28.7094542, 47.1215434 ], [ 28.7094545, 47.1215435 ], [ 28.7094547, 47.1215433 ], [ 28.7094575, 47.1215406 ], [ 28.7094583, 47.1215399 ], [ 28.7094592, 47.1215393 ], [ 28.7094602, 47.1215387 ], [ 28.7094613, 47.1215382 ], [ 28.7094625, 47.1215378 ], [ 28.7094637, 47.1215374 ], [ 28.7094649, 47.1215372 ], [ 28.7094662, 47.121537 ], [ 28.7094675, 47.1215369 ], [ 28.7094688, 47.1215369 ], [ 28.7094701, 47.121537 ], [ 28.7094714, 47.1215371 ], [ 28.7094727, 47.1215374 ], [ 28.7094739, 47.1215377 ], [ 28.709475, 47.1215381 ], [ 28.7094761, 47.1215386 ], [ 28.7095045, 47.1215531 ], [ 28.7095048, 47.1215532 ], [ 28.709505, 47.121553 ], [ 28.7095114, 47.1215472 ], [ 28.7095122, 47.1215465 ], [ 28.7095131, 47.1215459 ], [ 28.7095141, 47.1215453 ], [ 28.7095152, 47.1215448 ], [ 28.7095163, 47.1215444 ], [ 28.7095175, 47.1215441 ], [ 28.7095188, 47.1215438 ], [ 28.70952, 47.1215436 ], [ 28.7095213, 47.1215436 ], [ 28.7095226, 47.1215436 ], [ 28.7095239, 47.1215436 ], [ 28.7095251, 47.1215438 ], [ 28.7095264, 47.1215441 ], [ 28.7095276, 47.1215444 ], [ 28.7095287, 47.1215448 ], [ 28.7095298, 47.1215453 ], [ 28.7095621, 47.1215616 ], [ 28.7095624, 47.1215617 ], [ 28.7095628, 47.1215615 ], [ 28.709563, 47.1215613 ], [ 28.7095641, 47.1215608 ], [ 28.7095652, 47.1215603 ], [ 28.7095664, 47.1215599 ], [ 28.7095677, 47.1215596 ], [ 28.709569, 47.1215594 ], [ 28.7095703, 47.1215593 ], [ 28.7095717, 47.1215593 ], [ 28.709573, 47.1215593 ], [ 28.7095743, 47.1215595 ], [ 28.7095756, 47.1215598 ], [ 28.7095768, 47.1215601 ], [ 28.709578, 47.1215605 ], [ 28.7095791, 47.121561 ], [ 28.7095987, 47.1215708 ], [ 28.709599, 47.1215709 ], [ 28.7095993, 47.1215705 ], [ 28.7095994, 47.1215706 ], [ 28.7095998, 47.1215702 ], [ 28.7096007, 47.1215695 ], [ 28.7096017, 47.121569 ], [ 28.7096028, 47.1215685 ], [ 28.7096039, 47.1215681 ], [ 28.7096051, 47.1215677 ], [ 28.7096063, 47.1215675 ], [ 28.7096076, 47.1215673 ], [ 28.7096089, 47.1215672 ], [ 28.7096102, 47.1215672 ], [ 28.7096115, 47.1215673 ], [ 28.7096127, 47.1215674 ], [ 28.709614, 47.1215677 ], [ 28.7096152, 47.121568 ], [ 28.7096163, 47.1215684 ], [ 28.7096174, 47.1215689 ], [ 28.7096355, 47.1215779 ], [ 28.7096357, 47.121578 ], [ 28.7096358, 47.121578 ], [ 28.709637, 47.1215778 ], [ 28.7096382, 47.1215776 ], [ 28.7096395, 47.1215776 ], [ 28.7096407, 47.1215776 ], [ 28.709642, 47.1215777 ], [ 28.7096432, 47.1215779 ], [ 28.7096444, 47.1215782 ], [ 28.7096455, 47.1215785 ], [ 28.7096466, 47.1215789 ], [ 28.7096477, 47.1215794 ], [ 28.7096676, 47.1215896 ], [ 28.7096678, 47.1215898 ], [ 28.709668, 47.1215896 ], [ 28.7096683, 47.1215894 ], [ 28.7096691, 47.1215887 ], [ 28.70967, 47.1215881 ], [ 28.709671, 47.1215875 ], [ 28.7096721, 47.121587 ], [ 28.7096733, 47.1215866 ], [ 28.7096745, 47.1215863 ], [ 28.7096757, 47.121586 ], [ 28.709677, 47.1215859 ], [ 28.7096783, 47.1215858 ], [ 28.7096796, 47.1215858 ], [ 28.7096809, 47.1215859 ], [ 28.7096822, 47.1215861 ], [ 28.7096834, 47.1215864 ], [ 28.7096846, 47.1215867 ], [ 28.7096858, 47.1215872 ], [ 28.7096868, 47.1215877 ], [ 28.7097073, 47.1215984 ], [ 28.7097076, 47.1215986 ], [ 28.7097078, 47.1215984 ], [ 28.7097081, 47.1215981 ], [ 28.709709, 47.1215974 ], [ 28.7097099, 47.1215968 ], [ 28.7097109, 47.1215963 ], [ 28.7097119, 47.1215958 ], [ 28.709713, 47.1215954 ], [ 28.7097142, 47.1215951 ], [ 28.7097154, 47.1215948 ], [ 28.7097167, 47.1215947 ], [ 28.7097179, 47.1215946 ], [ 28.7097192, 47.1215946 ], [ 28.7097205, 47.1215947 ], [ 28.7097217, 47.1215948 ], [ 28.7097229, 47.1215951 ], [ 28.7097241, 47.1215954 ], [ 28.7097252, 47.1215958 ], [ 28.7097263, 47.1215963 ], [ 28.7097449, 47.1216054 ], [ 28.7097452, 47.1216056 ], [ 28.7097454, 47.1216054 ], [ 28.7097466, 47.1216042 ], [ 28.7097475, 47.1216035 ], [ 28.7097484, 47.1216029 ], [ 28.7097494, 47.1216023 ], [ 28.7097504, 47.1216018 ], [ 28.7097516, 47.1216014 ], [ 28.7097528, 47.121601 ], [ 28.709754, 47.1216007 ], [ 28.7097553, 47.1216006 ], [ 28.7097566, 47.1216005 ], [ 28.7097579, 47.1216005 ], [ 28.7097592, 47.1216005 ], [ 28.7097604, 47.1216007 ], [ 28.7097617, 47.121601 ], [ 28.7097629, 47.1216013 ], [ 28.709764, 47.1216017 ], [ 28.7097651, 47.1216022 ], [ 28.7097834, 47.1216114 ], [ 28.7097837, 47.1216115 ], [ 28.7097839, 47.1216113 ], [ 28.7097993, 47.1215969 ], [ 28.7098002, 47.1215962 ], [ 28.7098011, 47.1215956 ], [ 28.7098021, 47.121595 ], [ 28.7098031, 47.1215945 ], [ 28.7098043, 47.1215941 ], [ 28.7098054, 47.1215938 ], [ 28.7098067, 47.1215935 ], [ 28.7098079, 47.1215933 ], [ 28.7098092, 47.1215932 ], [ 28.7098105, 47.1215932 ], [ 28.7098118, 47.1215933 ], [ 28.7098131, 47.1215935 ], [ 28.7098143, 47.1215937 ], [ 28.7098155, 47.1215941 ], [ 28.7098166, 47.1215945 ], [ 28.7098177, 47.1215949 ], [ 28.7098231, 47.1215976 ], [ 28.709824, 47.1215981 ], [ 28.7098249, 47.1215987 ], [ 28.7098258, 47.1215994 ], [ 28.7098265, 47.1216001 ], [ 28.7098271, 47.1216008 ], [ 28.7098276, 47.1216016 ], [ 28.709828, 47.1216025 ], [ 28.7098283, 47.1216033 ], [ 28.7098284, 47.1216041 ], [ 28.7098285, 47.121605 ], [ 28.7098284, 47.1216059 ], [ 28.7098282, 47.1216067 ], [ 28.7098279, 47.1216075 ], [ 28.7098275, 47.1216084 ], [ 28.7098269, 47.1216091 ], [ 28.7098263, 47.1216099 ], [ 28.7098261, 47.1216101 ], [ 28.7098263, 47.1216102 ], [ 28.7098584, 47.1216264 ], [ 28.7098587, 47.1216266 ], [ 28.709859, 47.1216264 ], [ 28.7098593, 47.1216262 ], [ 28.7098604, 47.1216256 ], [ 28.7098616, 47.1216252 ], [ 28.7098628, 47.1216248 ], [ 28.709864, 47.1216245 ], [ 28.7098653, 47.1216243 ], [ 28.7098666, 47.1216242 ], [ 28.7098679, 47.1216241 ], [ 28.7098693, 47.1216242 ], [ 28.7098706, 47.1216243 ], [ 28.7098718, 47.1216246 ], [ 28.7098731, 47.1216249 ], [ 28.7098743, 47.1216253 ], [ 28.7098754, 47.1216258 ], [ 28.7098948, 47.1216354 ], [ 28.7098951, 47.1216355 ], [ 28.7098954, 47.1216354 ], [ 28.709896, 47.1216353 ], [ 28.7098972, 47.1216352 ], [ 28.7098984, 47.1216351 ], [ 28.7098996, 47.1216351 ], [ 28.7099009, 47.1216352 ], [ 28.7099021, 47.1216354 ], [ 28.7099033, 47.1216356 ], [ 28.7099044, 47.121636 ], [ 28.7099055, 47.1216364 ], [ 28.7099065, 47.1216368 ], [ 28.7099253, 47.1216461 ], [ 28.7099256, 47.1216462 ], [ 28.7099258, 47.1216461 ], [ 28.7099286, 47.1216434 ], [ 28.7099294, 47.1216427 ], [ 28.7099303, 47.1216421 ], [ 28.7099313, 47.1216415 ], [ 28.7099324, 47.121641 ], [ 28.7099335, 47.1216406 ], [ 28.7099347, 47.1216402 ], [ 28.7099359, 47.12164 ], [ 28.7099372, 47.1216398 ], [ 28.7099385, 47.1216397 ], [ 28.7099398, 47.1216397 ], [ 28.7099411, 47.1216398 ], [ 28.7099423, 47.1216399 ], [ 28.7099436, 47.1216402 ], [ 28.7099448, 47.1216405 ], [ 28.7099459, 47.1216409 ], [ 28.709947, 47.1216414 ], [ 28.709967, 47.1216512 ], [ 28.7099673, 47.1216513 ], [ 28.7099675, 47.1216511 ], [ 28.7099725, 47.1216463 ], [ 28.7099733, 47.1216456 ], [ 28.7099742, 47.121645 ], [ 28.7099752, 47.1216444 ], [ 28.7099763, 47.1216439 ], [ 28.7099774, 47.1216435 ], [ 28.7099786, 47.1216431 ], [ 28.7099799, 47.1216428 ], [ 28.7099811, 47.1216427 ], [ 28.7099824, 47.1216426 ], [ 28.7099837, 47.1216426 ], [ 28.709985, 47.1216426 ], [ 28.7099863, 47.1216428 ], [ 28.7099875, 47.121643 ], [ 28.7099887, 47.1216434 ], [ 28.7099899, 47.1216438 ], [ 28.709991, 47.1216443 ], [ 28.7100105, 47.121654 ], [ 28.7100108, 47.1216541 ], [ 28.7100112, 47.121654 ], [ 28.7100115, 47.121654 ], [ 28.7100127, 47.121654 ], [ 28.7100139, 47.121654 ], [ 28.7100151, 47.1216541 ], [ 28.7100163, 47.1216543 ], [ 28.7100175, 47.1216545 ], [ 28.7100186, 47.1216548 ], [ 28.7100197, 47.1216552 ], [ 28.7100207, 47.1216557 ], [ 28.710041, 47.1216658 ], [ 28.7100413, 47.121666 ], [ 28.7100415, 47.1216658 ], [ 28.7100523, 47.1216557 ], [ 28.7100531, 47.1216551 ], [ 28.710054, 47.1216544 ], [ 28.710055, 47.1216539 ], [ 28.7100561, 47.1216534 ], [ 28.7100572, 47.1216529 ], [ 28.7100584, 47.1216526 ], [ 28.7100596, 47.1216523 ], [ 28.7100609, 47.1216522 ], [ 28.7100622, 47.1216521 ], [ 28.7100635, 47.1216521 ], [ 28.7100648, 47.1216521 ], [ 28.710066, 47.1216523 ], [ 28.7100673, 47.1216526 ], [ 28.7100685, 47.1216529 ], [ 28.7100696, 47.1216533 ], [ 28.7100707, 47.1216538 ], [ 28.7100921, 47.1216645 ], [ 28.7100923, 47.1216646 ], [ 28.7100925, 47.1216646 ], [ 28.7100939, 47.1216646 ], [ 28.7100953, 47.1216648 ], [ 28.7100966, 47.121665 ], [ 28.7100979, 47.1216654 ], [ 28.7100992, 47.1216658 ], [ 28.7101003, 47.1216663 ], [ 28.7101249, 47.1216785 ], [ 28.7101251, 47.1216786 ], [ 28.7101255, 47.1216785 ], [ 28.7101267, 47.1216781 ], [ 28.710128, 47.1216778 ], [ 28.7101293, 47.1216776 ], [ 28.7101306, 47.1216774 ], [ 28.7101319, 47.1216774 ], [ 28.7101333, 47.1216775 ], [ 28.7101346, 47.1216776 ], [ 28.7101359, 47.1216779 ], [ 28.7101372, 47.1216782 ], [ 28.7101384, 47.1216786 ], [ 28.7101395, 47.1216791 ], [ 28.7101587, 47.1216886 ], [ 28.710159, 47.1216887 ], [ 28.7101591, 47.1216886 ], [ 28.7101601, 47.1216883 ], [ 28.7101613, 47.121688 ], [ 28.7101625, 47.1216878 ], [ 28.7101638, 47.1216876 ], [ 28.7101651, 47.1216876 ], [ 28.7101664, 47.1216876 ], [ 28.7101677, 47.1216877 ], [ 28.7101689, 47.1216879 ], [ 28.7101702, 47.1216882 ], [ 28.7101713, 47.1216886 ], [ 28.7101725, 47.121689 ], [ 28.7101735, 47.1216896 ], [ 28.7101745, 47.1216901 ], [ 28.7101754, 47.1216908 ], [ 28.7101761, 47.1216915 ], [ 28.7101768, 47.1216923 ], [ 28.7101774, 47.121693 ], [ 28.7101778, 47.1216939 ], [ 28.7101782, 47.1216947 ], [ 28.7101784, 47.1216956 ], [ 28.7101785, 47.1216965 ], [ 28.7101784, 47.1216974 ], [ 28.7101782, 47.1216982 ], [ 28.7101779, 47.1216991 ], [ 28.7101775, 47.1216999 ], [ 28.710177, 47.1217007 ], [ 28.7101763, 47.1217015 ], [ 28.7101454, 47.1217337 ], [ 28.7101446, 47.1217344 ], [ 28.7101438, 47.1217351 ], [ 28.7101429, 47.1217357 ], [ 28.7101419, 47.1217362 ], [ 28.7101408, 47.1217366 ], [ 28.7101397, 47.121737 ], [ 28.7101385, 47.1217373 ], [ 28.7101373, 47.1217376 ], [ 28.7101361, 47.1217377 ], [ 28.7101348, 47.1217378 ], [ 28.7101336, 47.1217378 ], [ 28.7101323, 47.1217377 ], [ 28.7101311, 47.1217375 ], [ 28.7101299, 47.1217373 ], [ 28.7101287, 47.1217369 ], [ 28.7101276, 47.1217365 ], [ 28.7101266, 47.1217361 ], [ 28.7101243, 47.121735 ], [ 28.7101233, 47.1217344 ], [ 28.7101223, 47.1217337 ], [ 28.7101215, 47.121733 ], [ 28.7101207, 47.1217323 ], [ 28.7101201, 47.1217314 ], [ 28.7101196, 47.1217306 ], [ 28.7101192, 47.1217297 ], [ 28.710119, 47.1217288 ], [ 28.7101189, 47.1217279 ], [ 28.7101189, 47.121727 ], [ 28.7101191, 47.1217261 ], [ 28.7101194, 47.1217252 ], [ 28.7101199, 47.1217243 ], [ 28.7101201, 47.121724 ], [ 28.7101198, 47.1217238 ], [ 28.7100875, 47.1217078 ], [ 28.7100873, 47.1217077 ], [ 28.710087, 47.1217078 ], [ 28.7100864, 47.1217079 ], [ 28.7100853, 47.1217082 ], [ 28.7100841, 47.1217085 ], [ 28.7100828, 47.1217086 ], [ 28.7100816, 47.1217087 ], [ 28.7100804, 47.1217086 ], [ 28.7100791, 47.1217085 ], [ 28.7100779, 47.1217084 ], [ 28.7100767, 47.1217081 ], [ 28.7100756, 47.1217078 ], [ 28.7100745, 47.1217074 ], [ 28.7100734, 47.1217069 ], [ 28.710055, 47.1216977 ], [ 28.7100548, 47.1216976 ], [ 28.7100546, 47.1216977 ], [ 28.7100531, 47.1216991 ], [ 28.7100523, 47.1216998 ], [ 28.7100514, 47.1217004 ], [ 28.7100504, 47.121701 ], [ 28.7100493, 47.1217015 ], [ 28.7100482, 47.1217019 ], [ 28.710047, 47.1217023 ], [ 28.7100457, 47.1217025 ], [ 28.7100444, 47.1217027 ], [ 28.7100431, 47.1217028 ], [ 28.7100419, 47.1217028 ], [ 28.7100406, 47.1217027 ], [ 28.7100393, 47.1217025 ], [ 28.710038, 47.1217023 ], [ 28.7100368, 47.1217019 ], [ 28.7100357, 47.1217015 ], [ 28.7100346, 47.121701 ], [ 28.7100144, 47.1216908 ], [ 28.7100142, 47.1216907 ], [ 28.7100138, 47.121691 ], [ 28.7100138, 47.121691 ], [ 28.7100132, 47.1216915 ], [ 28.7100123, 47.1216921 ], [ 28.7100113, 47.1216927 ], [ 28.7100102, 47.1216932 ], [ 28.7100091, 47.1216936 ], [ 28.7100079, 47.1216939 ], [ 28.7100067, 47.1216942 ], [ 28.7100054, 47.1216944 ], [ 28.7100041, 47.1216944 ], [ 28.7100029, 47.1216945 ], [ 28.7100016, 47.1216944 ], [ 28.7100003, 47.1216942 ], [ 28.7099991, 47.121694 ], [ 28.7099979, 47.1216936 ], [ 28.7099968, 47.1216932 ], [ 28.7099957, 47.1216928 ], [ 28.7099744, 47.1216823 ], [ 28.7099742, 47.1216822 ], [ 28.7099738, 47.1216824 ], [ 28.7099728, 47.1216829 ], [ 28.7099718, 47.1216833 ], [ 28.7099707, 47.1216837 ], [ 28.7099695, 47.121684 ], [ 28.7099683, 47.1216842 ], [ 28.7099671, 47.1216844 ], [ 28.7099658, 47.1216845 ], [ 28.7099646, 47.1216845 ], [ 28.7099633, 47.1216844 ], [ 28.7099621, 47.1216842 ], [ 28.7099609, 47.1216839 ], [ 28.7099597, 47.1216836 ], [ 28.7099586, 47.1216832 ], [ 28.7099576, 47.1216828 ], [ 28.7099398, 47.121674 ], [ 28.7099395, 47.1216738 ], [ 28.7099392, 47.1216741 ], [ 28.7099383, 47.1216748 ], [ 28.7099373, 47.1216754 ], [ 28.7099363, 47.121676 ], [ 28.7099351, 47.1216764 ], [ 28.7099339, 47.1216768 ], [ 28.7099327, 47.1216771 ], [ 28.7099314, 47.1216773 ], [ 28.7099301, 47.1216774 ], [ 28.7099288, 47.1216775 ], [ 28.7099274, 47.1216774 ], [ 28.7099261, 47.1216773 ], [ 28.7099248, 47.121677 ], [ 28.7099236, 47.1216767 ], [ 28.7099224, 47.1216763 ], [ 28.7099213, 47.1216758 ], [ 28.7099016, 47.1216663 ], [ 28.7099014, 47.1216662 ], [ 28.7099012, 47.1216663 ], [ 28.7099, 47.1216674 ], [ 28.7098992, 47.1216681 ], [ 28.7098983, 47.1216688 ], [ 28.7098973, 47.1216693 ], [ 28.7098963, 47.1216698 ], [ 28.7098951, 47.1216703 ], [ 28.7098939, 47.1216706 ], [ 28.7098927, 47.1216709 ], [ 28.7098914, 47.1216711 ], [ 28.7098901, 47.1216712 ], [ 28.7098888, 47.1216712 ], [ 28.7098875, 47.1216711 ], [ 28.7098862, 47.121671 ], [ 28.709885, 47.1216707 ], [ 28.7098838, 47.1216704 ], [ 28.7098826, 47.12167 ], [ 28.7098815, 47.1216695 ], [ 28.7098623, 47.1216599 ], [ 28.7098621, 47.1216598 ], [ 28.7098616, 47.1216601 ], [ 28.7098605, 47.1216606 ], [ 28.7098594, 47.1216611 ], [ 28.7098582, 47.1216615 ], [ 28.7098569, 47.1216618 ], [ 28.7098556, 47.121662 ], [ 28.7098543, 47.1216621 ], [ 28.7098529, 47.1216621 ], [ 28.7098516, 47.1216621 ], [ 28.7098503, 47.1216619 ], [ 28.709849, 47.1216617 ], [ 28.7098477, 47.1216613 ], [ 28.7098465, 47.1216609 ], [ 28.7098454, 47.1216604 ], [ 28.7098281, 47.1216518 ], [ 28.7098278, 47.1216517 ], [ 28.7098274, 47.121652 ], [ 28.7098264, 47.1216525 ], [ 28.7098252, 47.121653 ], [ 28.709824, 47.1216534 ], [ 28.7098227, 47.1216537 ], [ 28.7098214, 47.1216539 ], [ 28.7098201, 47.121654 ], [ 28.7098188, 47.1216541 ], [ 28.7098174, 47.121654 ], [ 28.7098161, 47.1216538 ], [ 28.7098148, 47.1216536 ], [ 28.7098136, 47.1216533 ], [ 28.7098124, 47.1216529 ], [ 28.7098113, 47.1216524 ], [ 28.7097918, 47.1216428 ], [ 28.7097915, 47.1216426 ], [ 28.7097913, 47.1216428 ], [ 28.7097854, 47.1216484 ], [ 28.7097846, 47.1216491 ], [ 28.7097837, 47.1216497 ], [ 28.7097827, 47.1216503 ], [ 28.7097816, 47.1216508 ], [ 28.7097805, 47.1216512 ], [ 28.7097793, 47.1216516 ], [ 28.7097781, 47.1216518 ], [ 28.7097768, 47.121652 ], [ 28.7097755, 47.1216521 ], [ 28.7097742, 47.1216521 ], [ 28.7097729, 47.121652 ], [ 28.7097717, 47.1216519 ], [ 28.7097704, 47.1216516 ], [ 28.7097692, 47.1216513 ], [ 28.7097681, 47.1216509 ], [ 28.709767, 47.1216504 ], [ 28.7097473, 47.1216406 ], [ 28.709747, 47.1216405 ], [ 28.7097469, 47.1216405 ], [ 28.7097457, 47.1216407 ], [ 28.7097445, 47.1216409 ], [ 28.7097432, 47.1216409 ], [ 28.709742, 47.1216409 ], [ 28.7097407, 47.1216408 ], [ 28.7097395, 47.1216406 ], [ 28.7097383, 47.1216403 ], [ 28.7097371, 47.12164 ], [ 28.709736, 47.1216396 ], [ 28.709735, 47.1216391 ], [ 28.7097141, 47.1216283 ], [ 28.7097139, 47.1216281 ], [ 28.7097139, 47.1216281 ], [ 28.7097129, 47.1216287 ], [ 28.7097118, 47.1216293 ], [ 28.7097106, 47.1216297 ], [ 28.7097094, 47.1216301 ], [ 28.7097081, 47.1216304 ], [ 28.7097068, 47.1216306 ], [ 28.7097055, 47.1216307 ], [ 28.7097041, 47.1216307 ], [ 28.7097028, 47.1216306 ], [ 28.7097015, 47.1216304 ], [ 28.7097002, 47.1216302 ], [ 28.709699, 47.1216298 ], [ 28.7096978, 47.1216294 ], [ 28.7096967, 47.1216289 ], [ 28.7096798, 47.1216202 ], [ 28.7096796, 47.12162 ], [ 28.7096794, 47.1216202 ], [ 28.7096792, 47.1216204 ], [ 28.7096784, 47.1216211 ], [ 28.7096775, 47.1216217 ], [ 28.7096765, 47.1216222 ], [ 28.7096754, 47.1216227 ], [ 28.7096743, 47.1216231 ], [ 28.7096731, 47.1216234 ], [ 28.7096719, 47.1216237 ], [ 28.7096706, 47.1216238 ], [ 28.7096693, 47.1216239 ], [ 28.7096681, 47.1216239 ], [ 28.7096668, 47.1216239 ], [ 28.7096655, 47.1216237 ], [ 28.7096643, 47.1216234 ], [ 28.7096631, 47.1216231 ], [ 28.709662, 47.1216227 ], [ 28.7096609, 47.1216222 ], [ 28.7096406, 47.1216121 ], [ 28.7096403, 47.121612 ], [ 28.7096402, 47.1216122 ], [ 28.7096388, 47.1216135 ], [ 28.709638, 47.1216141 ], [ 28.709637, 47.1216148 ], [ 28.7096361, 47.1216153 ], [ 28.709635, 47.1216158 ], [ 28.7096338, 47.1216163 ], [ 28.7096327, 47.1216166 ], [ 28.7096314, 47.1216169 ], [ 28.7096301, 47.121617 ], [ 28.7096289, 47.1216171 ], [ 28.7096276, 47.1216171 ], [ 28.7096263, 47.1216171 ], [ 28.709625, 47.1216169 ], [ 28.7096238, 47.1216167 ], [ 28.7096226, 47.1216163 ], [ 28.7096214, 47.1216159 ], [ 28.7096203, 47.1216154 ], [ 28.7096008, 47.1216057 ], [ 28.7096005, 47.1216055 ], [ 28.7096003, 47.1216057 ], [ 28.7095973, 47.1216085 ], [ 28.7095965, 47.1216092 ], [ 28.7095956, 47.1216098 ], [ 28.7095946, 47.1216104 ], [ 28.7095935, 47.1216109 ], [ 28.7095924, 47.1216113 ], [ 28.7095912, 47.1216116 ], [ 28.70959, 47.1216119 ], [ 28.7095887, 47.1216121 ], [ 28.7095874, 47.1216122 ], [ 28.7095861, 47.1216122 ], [ 28.7095848, 47.1216121 ], [ 28.7095836, 47.1216119 ], [ 28.7095823, 47.1216117 ], [ 28.7095811, 47.1216113 ], [ 28.70958, 47.1216109 ], [ 28.7095789, 47.1216104 ], [ 28.7095601, 47.121601 ], [ 28.7095598, 47.1216009 ], [ 28.7095593, 47.121601 ], [ 28.7095593, 47.1216011 ], [ 28.7095581, 47.1216014 ], [ 28.709557, 47.1216017 ], [ 28.7095558, 47.121602 ], [ 28.7095545, 47.1216021 ], [ 28.7095533, 47.1216021 ], [ 28.709552, 47.1216021 ], [ 28.7095508, 47.121602 ], [ 28.7095495, 47.1216018 ], [ 28.7095483, 47.1216016 ], [ 28.7095472, 47.1216012 ], [ 28.7095461, 47.1216008 ], [ 28.709545, 47.1216003 ], [ 28.7095261, 47.1215906 ], [ 28.7095258, 47.1215904 ], [ 28.7095256, 47.1215906 ], [ 28.7095223, 47.1215936 ], [ 28.7095215, 47.1215943 ], [ 28.7095206, 47.1215949 ], [ 28.7095196, 47.1215955 ], [ 28.7095185, 47.121596 ], [ 28.7095174, 47.1215964 ], [ 28.7095162, 47.1215967 ], [ 28.7095149, 47.121597 ], [ 28.7095137, 47.1215971 ], [ 28.7095124, 47.1215972 ], [ 28.7095111, 47.1215972 ], [ 28.7095098, 47.1215971 ], [ 28.7095086, 47.1215969 ], [ 28.7095073, 47.1215967 ], [ 28.7095062, 47.1215964 ], [ 28.709505, 47.1215959 ], [ 28.709504, 47.1215955 ], [ 28.7094861, 47.1215865 ], [ 28.7094858, 47.1215864 ], [ 28.7094856, 47.1215865 ], [ 28.7094826, 47.1215893 ], [ 28.7094817, 47.12159 ], [ 28.7094808, 47.1215907 ], [ 28.7094798, 47.1215913 ], [ 28.7094787, 47.1215918 ], [ 28.7094775, 47.1215922 ], [ 28.7094763, 47.1215925 ], [ 28.709475, 47.1215928 ], [ 28.7094737, 47.1215929 ], [ 28.7094724, 47.121593 ], [ 28.7094711, 47.121593 ], [ 28.7094698, 47.1215929 ], [ 28.7094685, 47.1215927 ], [ 28.7094672, 47.1215924 ], [ 28.709466, 47.121592 ], [ 28.7094649, 47.1215916 ], [ 28.7094638, 47.1215911 ], [ 28.7094628, 47.1215905 ], [ 28.7094627, 47.1215904 ], [ 28.7094625, 47.1215903 ], [ 28.70943, 47.1215744 ], [ 28.7094297, 47.1215743 ], [ 28.7094295, 47.1215745 ], [ 28.7094253, 47.1215785 ], [ 28.7094245, 47.1215792 ], [ 28.7094236, 47.1215799 ], [ 28.7094226, 47.1215804 ], [ 28.7094215, 47.1215809 ], [ 28.7094204, 47.1215814 ], [ 28.7094192, 47.1215817 ], [ 28.7094179, 47.121582 ], [ 28.7094167, 47.1215822 ], [ 28.7094154, 47.1215823 ], [ 28.7094141, 47.1215823 ], [ 28.7094128, 47.1215822 ], [ 28.7094115, 47.121582 ], [ 28.7094103, 47.1215818 ], [ 28.7094091, 47.1215815 ], [ 28.7094079, 47.1215811 ], [ 28.7094068, 47.1215806 ], [ 28.7093844, 47.1215695 ], [ 28.7093844, 47.1215695 ], [ 28.7093518, 47.1215533 ], [ 28.7093516, 47.1215531 ], [ 28.7093514, 47.1215533 ], [ 28.7093426, 47.1215615 ], [ 28.7093418, 47.1215622 ], [ 28.7093409, 47.1215628 ], [ 28.7093399, 47.1215634 ], [ 28.7093389, 47.1215638 ], [ 28.7093378, 47.1215643 ], [ 28.7093366, 47.1215646 ], [ 28.7093354, 47.1215649 ], [ 28.7093341, 47.1215651 ], [ 28.7093328, 47.1215652 ], [ 28.7093315, 47.1215652 ], [ 28.7093303, 47.1215651 ], [ 28.709329, 47.121565 ], [ 28.7093278, 47.1215647 ], [ 28.7093266, 47.1215644 ], [ 28.7093254, 47.121564 ], [ 28.7093244, 47.1215635 ], [ 28.709306, 47.1215547 ], [ 28.7093057, 47.1215545 ], [ 28.7093051, 47.1215545 ], [ 28.7093051, 47.1215545 ], [ 28.7093038, 47.1215545 ], [ 28.7093025, 47.1215544 ], [ 28.7093013, 47.1215542 ], [ 28.7093001, 47.121554 ], [ 28.7092989, 47.1215536 ], [ 28.7092978, 47.1215532 ], [ 28.7092968, 47.1215527 ], [ 28.7092766, 47.1215423 ], [ 28.7092763, 47.1215422 ], [ 28.7092758, 47.1215423 ], [ 28.7092744, 47.1215425 ], [ 28.7092731, 47.1215427 ], [ 28.7092718, 47.1215427 ], [ 28.7092705, 47.1215426 ], [ 28.7092691, 47.1215425 ], [ 28.7092678, 47.1215422 ], [ 28.7092666, 47.1215419 ], [ 28.7092654, 47.1215415 ], [ 28.7092643, 47.121541 ], [ 28.7092427, 47.1215303 ], [ 28.7092425, 47.1215301 ], [ 28.7092421, 47.1215305 ], [ 28.7092421, 47.1215305 ], [ 28.7092417, 47.1215308 ], [ 28.7092408, 47.1215315 ], [ 28.7092398, 47.121532 ], [ 28.7092387, 47.1215325 ], [ 28.7092376, 47.1215329 ], [ 28.7092364, 47.1215333 ], [ 28.7092351, 47.1215336 ], [ 28.7092339, 47.1215337 ], [ 28.7092326, 47.1215338 ], [ 28.7092313, 47.1215338 ], [ 28.70923, 47.1215338 ], [ 28.7092287, 47.1215336 ], [ 28.7092275, 47.1215333 ], [ 28.7092263, 47.121533 ], [ 28.7092251, 47.1215326 ], [ 28.709224, 47.1215321 ], [ 28.7092055, 47.1215229 ], [ 28.7092053, 47.1215227 ], [ 28.7092049, 47.1215231 ], [ 28.7092048, 47.1215231 ], [ 28.7092044, 47.1215235 ], [ 28.7092035, 47.1215241 ], [ 28.7092025, 47.1215246 ], [ 28.7092014, 47.1215251 ], [ 28.7092003, 47.1215256 ], [ 28.7091991, 47.1215259 ], [ 28.7091979, 47.1215262 ], [ 28.7091966, 47.1215263 ], [ 28.7091953, 47.1215264 ], [ 28.709194, 47.1215264 ], [ 28.7091927, 47.1215264 ], [ 28.7091915, 47.1215262 ], [ 28.7091902, 47.121526 ], [ 28.709189, 47.1215256 ], [ 28.7091879, 47.1215252 ], [ 28.7091868, 47.1215247 ], [ 28.7091674, 47.1215151 ], [ 28.7091671, 47.121515 ], [ 28.7091667, 47.1215153 ], [ 28.7091658, 47.121516 ], [ 28.7091648, 47.1215166 ], [ 28.7091638, 47.1215171 ], [ 28.7091626, 47.1215176 ], [ 28.7091614, 47.121518 ], [ 28.7091602, 47.1215183 ], [ 28.7091589, 47.1215185 ], [ 28.7091575, 47.1215186 ], [ 28.7091562, 47.1215187 ], [ 28.7091549, 47.1215186 ], [ 28.7091535, 47.1215184 ], [ 28.7091523, 47.1215182 ], [ 28.709151, 47.1215179 ], [ 28.7091498, 47.1215174 ], [ 28.7091487, 47.1215169 ], [ 28.7091305, 47.1215079 ], [ 28.7091302, 47.1215078 ], [ 28.7091298, 47.121508 ], [ 28.7091288, 47.1215085 ], [ 28.7091278, 47.121509 ], [ 28.7091267, 47.1215094 ], [ 28.7091255, 47.1215097 ], [ 28.7091243, 47.1215099 ], [ 28.7091231, 47.1215101 ], [ 28.7091218, 47.1215101 ], [ 28.7091206, 47.1215101 ], [ 28.7091193, 47.12151 ], [ 28.7091181, 47.1215099 ], [ 28.7091169, 47.1215096 ], [ 28.7091158, 47.1215093 ], [ 28.7091146, 47.1215089 ], [ 28.7091136, 47.1215084 ], [ 28.7090951, 47.1214992 ], [ 28.7090949, 47.1214991 ], [ 28.7090947, 47.1214993 ], [ 28.7090933, 47.1215006 ], [ 28.7090925, 47.1215013 ], [ 28.7090916, 47.1215019 ], [ 28.7090906, 47.1215025 ], [ 28.7090895, 47.121503 ], [ 28.7090883, 47.1215034 ], [ 28.7090872, 47.1215037 ], [ 28.7090859, 47.121504 ], [ 28.7090846, 47.1215042 ], [ 28.7090833, 47.1215043 ], [ 28.709082, 47.1215043 ], [ 28.7090808, 47.1215042 ], [ 28.7090795, 47.121504 ], [ 28.7090782, 47.1215038 ], [ 28.709077, 47.1215034 ], [ 28.7090759, 47.121503 ], [ 28.7090748, 47.1215025 ], [ 28.7090549, 47.1214925 ], [ 28.7090546, 47.1214924 ], [ 28.7090544, 47.1214925 ], [ 28.7090529, 47.1214939 ], [ 28.7090521, 47.1214946 ], [ 28.7090512, 47.1214953 ], [ 28.7090502, 47.1214958 ], [ 28.7090491, 47.1214963 ], [ 28.709048, 47.1214967 ], [ 28.7090467, 47.1214971 ], [ 28.7090455, 47.1214973 ], [ 28.7090442, 47.1214975 ], [ 28.7090429, 47.1214976 ], [ 28.7090416, 47.1214976 ], [ 28.7090403, 47.1214975 ], [ 28.7090391, 47.1214973 ], [ 28.7090378, 47.1214971 ], [ 28.7090366, 47.1214967 ], [ 28.7090355, 47.1214963 ], [ 28.7090344, 47.1214958 ], [ 28.709017, 47.1214869 ], [ 28.7090168, 47.1214868 ], [ 28.7090163, 47.1214869 ], [ 28.709015, 47.1214871 ], [ 28.7090136, 47.1214872 ], [ 28.7090123, 47.1214873 ], [ 28.709011, 47.1214872 ], [ 28.7090096, 47.121487 ], [ 28.7090083, 47.1214868 ], [ 28.7090071, 47.1214864 ], [ 28.7090059, 47.121486 ], [ 28.7090047, 47.1214855 ], [ 28.7089839, 47.1214751 ], [ 28.7089837, 47.121475 ], [ 28.7089835, 47.1214752 ], [ 28.708982, 47.1214765 ], [ 28.7089812, 47.1214772 ], [ 28.7089803, 47.1214778 ], [ 28.7089793, 47.1214784 ], [ 28.7089783, 47.1214789 ], [ 28.7089771, 47.1214793 ], [ 28.7089759, 47.1214796 ], [ 28.7089747, 47.1214799 ], [ 28.7089735, 47.1214801 ], [ 28.7089722, 47.1214802 ], [ 28.7089709, 47.1214802 ], [ 28.7089696, 47.1214801 ], [ 28.7089683, 47.1214799 ], [ 28.7089671, 47.1214797 ], [ 28.7089659, 47.1214793 ], [ 28.7089648, 47.1214789 ], [ 28.7089637, 47.1214785 ], [ 28.708945, 47.1214692 ], [ 28.7089447, 47.1214691 ], [ 28.7089444, 47.1214694 ], [ 28.7089435, 47.12147 ], [ 28.7089426, 47.1214706 ], [ 28.7089415, 47.1214712 ], [ 28.7089404, 47.1214716 ], [ 28.7089392, 47.121472 ], [ 28.7089379, 47.1214723 ], [ 28.7089366, 47.1214726 ], [ 28.7089353, 47.1214727 ], [ 28.708934, 47.1214727 ], [ 28.7089327, 47.1214727 ], [ 28.7089314, 47.1214725 ], [ 28.7089301, 47.1214723 ], [ 28.7089289, 47.121472 ], [ 28.7089277, 47.1214716 ], [ 28.7089266, 47.1214711 ], [ 28.7089052, 47.1214608 ], [ 28.708905, 47.1214607 ], [ 28.7089049, 47.1214607 ], [ 28.708904, 47.1214613 ], [ 28.7089029, 47.1214617 ], [ 28.7089018, 47.1214621 ], [ 28.7089006, 47.1214624 ], [ 28.7088994, 47.1214627 ], [ 28.7088982, 47.1214628 ], [ 28.7088969, 47.1214629 ], [ 28.7088957, 47.1214629 ], [ 28.7088944, 47.1214628 ], [ 28.7088932, 47.1214627 ], [ 28.708892, 47.1214624 ], [ 28.7088908, 47.1214621 ], [ 28.7088897, 47.1214617 ], [ 28.7088887, 47.1214612 ], [ 28.7088719, 47.121453 ], [ 28.7088716, 47.1214529 ], [ 28.7088714, 47.1214531 ], [ 28.7088325, 47.1214903 ], [ 28.7088317, 47.121491 ], [ 28.7088309, 47.1214916 ], [ 28.7088299, 47.1214922 ], [ 28.7088289, 47.1214927 ], [ 28.7088277, 47.1214931 ], [ 28.7088266, 47.1214934 ], [ 28.7088254, 47.1214937 ], [ 28.7088241, 47.1214939 ], [ 28.7088229, 47.121494 ], [ 28.7088216, 47.121494 ], [ 28.7088203, 47.121494 ], [ 28.7088191, 47.1214939 ], [ 28.7088178, 47.1214936 ], [ 28.7088166, 47.1214933 ], [ 28.7088155, 47.1214929 ], [ 28.7088144, 47.1214925 ], [ 28.7088134, 47.121492 ], [ 28.7088133, 47.1214919 ], [ 28.7087813, 47.1214755 ], [ 28.708781, 47.1214754 ], [ 28.7087808, 47.1214756 ], [ 28.7087182, 47.1215325 ], [ 28.7087178, 47.1215329 ], [ 28.7086679, 47.1215741 ], [ 28.7086678, 47.1215742 ], [ 28.7086672, 47.1215747 ], [ 28.7086671, 47.1215748 ], [ 28.7085576, 47.1216761 ], [ 28.7085575, 47.1216761 ], [ 28.7085572, 47.1216764 ], [ 28.7085572, 47.1216765 ], [ 28.7085123, 47.1217208 ], [ 28.7085122, 47.121721 ], [ 28.7085117, 47.1217216 ], [ 28.7085116, 47.1217217 ], [ 28.708485, 47.1217517 ], [ 28.7084844, 47.1217523 ], [ 28.7083768, 47.1218534 ], [ 28.7083766, 47.1218537 ], [ 28.7083615, 47.1218684 ], [ 28.7083614, 47.1218685 ], [ 28.708361, 47.1218689 ], [ 28.708361, 47.121869 ], [ 28.7083188, 47.1219142 ], [ 28.7083185, 47.1219145 ], [ 28.7082893, 47.1219436 ], [ 28.7082891, 47.1219438 ], [ 28.7082587, 47.1219723 ], [ 28.7082584, 47.1219726 ], [ 28.7082302, 47.1219972 ], [ 28.7082293, 47.1219979 ], [ 28.7082283, 47.1219985 ], [ 28.7082273, 47.1219991 ], [ 28.7082261, 47.1219996 ], [ 28.7082249, 47.122 ], [ 28.7082237, 47.1220003 ], [ 28.7082224, 47.1220005 ], [ 28.7082211, 47.1220006 ], [ 28.7082197, 47.1220007 ], [ 28.7082184, 47.1220006 ], [ 28.7082171, 47.1220005 ], [ 28.7082158, 47.1220002 ], [ 28.7082145, 47.1219999 ], [ 28.7082133, 47.1219995 ], [ 28.7082122, 47.121999 ], [ 28.7081836, 47.1219853 ], [ 28.7081833, 47.1219852 ], [ 28.7081831, 47.1219854 ], [ 28.708138, 47.1220293 ], [ 28.7081378, 47.1220295 ], [ 28.7081367, 47.1220306 ], [ 28.7081365, 47.1220309 ], [ 28.7080991, 47.1220781 ], [ 28.7080987, 47.1220785 ], [ 28.7079351, 47.1222624 ], [ 28.7079345, 47.122263 ], [ 28.7079278, 47.1222694 ], [ 28.7079276, 47.1222695 ], [ 28.7079278, 47.1222697 ], [ 28.7079601, 47.1222857 ], [ 28.7079604, 47.1222858 ], [ 28.7079606, 47.1222857 ], [ 28.7079681, 47.1222787 ], [ 28.7079682, 47.1222785 ], [ 28.707969, 47.1222777 ], [ 28.7079692, 47.1222775 ], [ 28.7080238, 47.1222161 ], [ 28.7080246, 47.1222153 ], [ 28.7080255, 47.1222146 ], [ 28.7080264, 47.122214 ], [ 28.7080275, 47.1222134 ], [ 28.7080286, 47.1222129 ], [ 28.7080298, 47.1222125 ], [ 28.708031, 47.1222122 ], [ 28.7080323, 47.1222119 ], [ 28.7080337, 47.1222118 ], [ 28.708035, 47.1222117 ], [ 28.7080352, 47.1222117 ], [ 28.7080356, 47.1222116 ], [ 28.7080359, 47.1222114 ], [ 28.708037, 47.1222109 ], [ 28.7080382, 47.1222106 ], [ 28.7080394, 47.1222103 ], [ 28.7080407, 47.12221 ], [ 28.7080419, 47.1222099 ], [ 28.7080432, 47.1222099 ], [ 28.7080445, 47.1222099 ], [ 28.7080458, 47.12221 ], [ 28.7080471, 47.1222102 ], [ 28.7080483, 47.1222105 ], [ 28.7080495, 47.1222109 ], [ 28.7080506, 47.1222114 ], [ 28.7080517, 47.1222119 ], [ 28.7080526, 47.1222125 ], [ 28.7080535, 47.1222131 ], [ 28.7080543, 47.1222139 ], [ 28.7080549, 47.1222146 ], [ 28.708055, 47.1222147 ], [ 28.7080552, 47.1222148 ], [ 28.7080873, 47.1222311 ], [ 28.7080875, 47.1222312 ], [ 28.7080877, 47.1222311 ], [ 28.7080893, 47.1222296 ], [ 28.7080902, 47.1222289 ], [ 28.7080911, 47.1222283 ], [ 28.7080921, 47.1222277 ], [ 28.7080931, 47.1222273 ], [ 28.7080943, 47.1222268 ], [ 28.7080955, 47.1222265 ], [ 28.7080967, 47.1222262 ], [ 28.708098, 47.1222261 ], [ 28.7080992, 47.122226 ], [ 28.7081005, 47.122226 ], [ 28.7081018, 47.1222261 ], [ 28.7081031, 47.1222262 ], [ 28.7081043, 47.1222265 ], [ 28.7081055, 47.1222268 ], [ 28.7081066, 47.1222272 ], [ 28.7081077, 47.1222277 ], [ 28.7081258, 47.1222367 ], [ 28.708126, 47.1222369 ], [ 28.7081264, 47.1222365 ], [ 28.7081264, 47.1222365 ], [ 28.7081269, 47.1222361 ], [ 28.7081278, 47.1222355 ], [ 28.7081288, 47.1222349 ], [ 28.7081299, 47.1222344 ], [ 28.708131, 47.122234 ], [ 28.7081322, 47.1222337 ], [ 28.7081335, 47.1222334 ], [ 28.7081347, 47.1222332 ], [ 28.708136, 47.1222331 ], [ 28.7081373, 47.1222331 ], [ 28.7081386, 47.1222332 ], [ 28.7081399, 47.1222334 ], [ 28.7081411, 47.1222336 ], [ 28.7081423, 47.122234 ], [ 28.7081435, 47.1222344 ], [ 28.7081445, 47.1222349 ], [ 28.708163, 47.1222441 ], [ 28.7081632, 47.1222442 ], [ 28.7081634, 47.122244 ], [ 28.7081664, 47.1222412 ], [ 28.7081672, 47.1222406 ], [ 28.7081681, 47.1222399 ], [ 28.7081691, 47.1222394 ], [ 28.7081702, 47.1222389 ], [ 28.7081714, 47.1222385 ], [ 28.7081725, 47.1222381 ], [ 28.7081738, 47.1222378 ], [ 28.7081751, 47.1222377 ], [ 28.7081763, 47.1222376 ], [ 28.7081776, 47.1222376 ], [ 28.7081789, 47.1222377 ], [ 28.7081802, 47.1222378 ], [ 28.7081814, 47.1222381 ], [ 28.7081826, 47.1222384 ], [ 28.7081838, 47.1222388 ], [ 28.7081849, 47.1222393 ], [ 28.7082044, 47.1222491 ], [ 28.7082047, 47.1222492 ], [ 28.7082048, 47.1222492 ], [ 28.7082062, 47.1222493 ], [ 28.7082075, 47.1222494 ], [ 28.7082089, 47.1222497 ], [ 28.7082102, 47.12225 ], [ 28.7082114, 47.1222504 ], [ 28.7082126, 47.1222509 ], [ 28.7082364, 47.1222626 ], [ 28.7082367, 47.1222627 ], [ 28.708237, 47.1222627 ], [ 28.7082375, 47.1222626 ], [ 28.7082387, 47.1222624 ], [ 28.70824, 47.1222624 ], [ 28.7082412, 47.1222624 ], [ 28.7082424, 47.1222625 ], [ 28.7082436, 47.1222627 ], [ 28.7082448, 47.1222629 ], [ 28.7082459, 47.1222632 ], [ 28.708247, 47.1222636 ], [ 28.7082481, 47.1222641 ], [ 28.70827, 47.1222748 ], [ 28.7082702, 47.1222749 ], [ 28.7082704, 47.1222748 ], [ 28.7082778, 47.1222678 ], [ 28.7082786, 47.1222671 ], [ 28.7082795, 47.1222664 ], [ 28.7082805, 47.1222659 ], [ 28.7082816, 47.1222654 ], [ 28.7082827, 47.1222649 ], [ 28.7082839, 47.1222646 ], [ 28.7082851, 47.1222643 ], [ 28.7082864, 47.1222641 ], [ 28.7082877, 47.122264 ], [ 28.708289, 47.122264 ], [ 28.7082903, 47.1222641 ], [ 28.7082916, 47.1222643 ], [ 28.7082928, 47.1222645 ], [ 28.708294, 47.1222648 ], [ 28.7082952, 47.1222652 ], [ 28.7082962, 47.1222657 ], [ 28.708314, 47.1222745 ], [ 28.7083143, 47.1222746 ], [ 28.7083147, 47.1222746 ], [ 28.7083152, 47.1222745 ], [ 28.7083166, 47.1222743 ], [ 28.7083179, 47.1222743 ], [ 28.7083192, 47.1222743 ], [ 28.7083206, 47.1222745 ], [ 28.7083219, 47.1222747 ], [ 28.7083231, 47.122275 ], [ 28.7083243, 47.1222754 ], [ 28.7083255, 47.1222759 ], [ 28.7083495, 47.1222874 ], [ 28.7083498, 47.1222875 ], [ 28.70835, 47.1222874 ], [ 28.708351, 47.1222864 ], [ 28.7083518, 47.1222857 ], [ 28.7083527, 47.1222851 ], [ 28.7083536, 47.1222845 ], [ 28.7083547, 47.122284 ], [ 28.7083559, 47.1222835 ], [ 28.7083571, 47.1222832 ], [ 28.7083583, 47.1222829 ], [ 28.7083596, 47.1222827 ], [ 28.7083609, 47.1222826 ], [ 28.7083622, 47.1222826 ], [ 28.7083635, 47.1222827 ], [ 28.7083648, 47.1222828 ], [ 28.708366, 47.1222831 ], [ 28.7083672, 47.1222834 ], [ 28.7083684, 47.1222838 ], [ 28.7083695, 47.1222843 ], [ 28.7083867, 47.1222928 ], [ 28.708387, 47.1222929 ], [ 28.7083873, 47.1222928 ], [ 28.7083884, 47.1222925 ], [ 28.7083895, 47.1222922 ], [ 28.7083907, 47.1222919 ], [ 28.708392, 47.1222918 ], [ 28.7083932, 47.1222917 ], [ 28.7083944, 47.1222917 ], [ 28.7083957, 47.1222918 ], [ 28.7083969, 47.122292 ], [ 28.7083981, 47.1222923 ], [ 28.7083992, 47.1222926 ], [ 28.7084003, 47.122293 ], [ 28.7084013, 47.1222934 ], [ 28.7084214, 47.1223034 ], [ 28.7084217, 47.1223035 ], [ 28.7084219, 47.1223033 ], [ 28.7084279, 47.1222977 ], [ 28.7084287, 47.122297 ], [ 28.7084296, 47.1222964 ], [ 28.7084306, 47.1222958 ], [ 28.7084316, 47.1222953 ], [ 28.7084328, 47.1222949 ], [ 28.708434, 47.1222946 ], [ 28.7084352, 47.1222943 ], [ 28.7084365, 47.1222941 ], [ 28.7084377, 47.122294 ], [ 28.708439, 47.122294 ], [ 28.7084403, 47.1222941 ], [ 28.7084416, 47.1222942 ], [ 28.7084428, 47.1222945 ], [ 28.708444, 47.1222948 ], [ 28.7084452, 47.1222952 ], [ 28.7084463, 47.1222957 ], [ 28.7084645, 47.1223048 ], [ 28.7084648, 47.1223049 ], [ 28.7084648, 47.1223049 ], [ 28.708466, 47.1223047 ], [ 28.7084673, 47.1223045 ], [ 28.7084685, 47.1223045 ], [ 28.7084698, 47.1223045 ], [ 28.708471, 47.1223046 ], [ 28.7084723, 47.1223048 ], [ 28.7084735, 47.1223051 ], [ 28.7084746, 47.1223054 ], [ 28.7084757, 47.1223058 ], [ 28.7084767, 47.1223063 ], [ 28.7084965, 47.1223166 ], [ 28.7084967, 47.1223167 ], [ 28.7084969, 47.1223165 ], [ 28.7084972, 47.1223163 ], [ 28.708498, 47.1223156 ], [ 28.7084989, 47.122315 ], [ 28.7084999, 47.1223145 ], [ 28.708501, 47.122314 ], [ 28.7085021, 47.1223136 ], [ 28.7085033, 47.1223133 ], [ 28.7085045, 47.122313 ], [ 28.7085058, 47.1223128 ], [ 28.708507, 47.1223128 ], [ 28.7085083, 47.1223128 ], [ 28.7085096, 47.1223128 ], [ 28.7085108, 47.122313 ], [ 28.7085121, 47.1223133 ], [ 28.7085133, 47.1223136 ], [ 28.7085144, 47.122314 ], [ 28.7085154, 47.1223145 ], [ 28.7085337, 47.1223236 ], [ 28.708534, 47.1223237 ], [ 28.7085344, 47.1223235 ], [ 28.7085345, 47.1223235 ], [ 28.7085355, 47.1223229 ], [ 28.7085365, 47.1223225 ], [ 28.7085377, 47.1223221 ], [ 28.7085388, 47.1223218 ], [ 28.70854, 47.1223216 ], [ 28.7085413, 47.1223214 ], [ 28.7085425, 47.1223214 ], [ 28.7085438, 47.1223214 ], [ 28.708545, 47.1223215 ], [ 28.7085462, 47.1223217 ], [ 28.7085474, 47.1223219 ], [ 28.7085486, 47.1223222 ], [ 28.7085497, 47.1223226 ], [ 28.7085507, 47.1223231 ], [ 28.7085675, 47.1223316 ], [ 28.7085678, 47.1223317 ], [ 28.708568, 47.1223315 ], [ 28.708571, 47.1223287 ], [ 28.7085718, 47.122328 ], [ 28.7085728, 47.1223274 ], [ 28.7085737, 47.1223268 ], [ 28.7085748, 47.1223263 ], [ 28.7085759, 47.1223259 ], [ 28.7085771, 47.1223256 ], [ 28.7085783, 47.1223253 ], [ 28.7085796, 47.1223251 ], [ 28.7085809, 47.122325 ], [ 28.7085822, 47.122325 ], [ 28.7085835, 47.1223251 ], [ 28.7085847, 47.1223253 ], [ 28.708586, 47.1223255 ], [ 28.7085871, 47.1223258 ], [ 28.7085883, 47.1223263 ], [ 28.7085894, 47.1223267 ], [ 28.7086073, 47.1223356 ], [ 28.7086075, 47.1223357 ], [ 28.7086077, 47.1223355 ], [ 28.7086091, 47.1223343 ], [ 28.7086099, 47.1223336 ], [ 28.7086108, 47.1223329 ], [ 28.7086118, 47.1223324 ], [ 28.7086129, 47.1223319 ], [ 28.708614, 47.1223314 ], [ 28.7086152, 47.1223311 ], [ 28.7086164, 47.1223308 ], [ 28.7086177, 47.1223306 ], [ 28.708619, 47.1223305 ], [ 28.7086203, 47.1223305 ], [ 28.7086216, 47.1223306 ], [ 28.7086229, 47.1223308 ], [ 28.7086241, 47.122331 ], [ 28.7086253, 47.1223314 ], [ 28.7086265, 47.1223318 ], [ 28.7086276, 47.1223323 ], [ 28.7086544, 47.1223458 ], [ 28.7086547, 47.1223459 ], [ 28.7086551, 47.1223456 ], [ 28.7086553, 47.1223456 ], [ 28.7086563, 47.122345 ], [ 28.7086575, 47.1223446 ], [ 28.7086587, 47.1223442 ], [ 28.7086599, 47.1223439 ], [ 28.7086612, 47.1223437 ], [ 28.7086626, 47.1223435 ], [ 28.7086639, 47.1223435 ], [ 28.7086652, 47.1223436 ], [ 28.7086665, 47.1223437 ], [ 28.7086678, 47.122344 ], [ 28.708669, 47.1223443 ], [ 28.7086702, 47.1223447 ], [ 28.7086713, 47.1223452 ], [ 28.7087015, 47.1223601 ], [ 28.7087017, 47.1223602 ], [ 28.7087021, 47.12236 ], [ 28.7087031, 47.1223595 ], [ 28.7087041, 47.122359 ], [ 28.7087053, 47.1223586 ], [ 28.7087064, 47.1223583 ], [ 28.7087076, 47.1223581 ], [ 28.7087089, 47.122358 ], [ 28.7087101, 47.1223579 ], [ 28.7087114, 47.1223579 ], [ 28.7087126, 47.122358 ], [ 28.7087138, 47.1223582 ], [ 28.708715, 47.1223584 ], [ 28.7087162, 47.1223587 ], [ 28.7087173, 47.1223591 ], [ 28.7087183, 47.1223596 ], [ 28.7087369, 47.1223689 ], [ 28.7087372, 47.122369 ], [ 28.7087374, 47.1223688 ], [ 28.7087387, 47.1223675 ], [ 28.7087396, 47.1223668 ], [ 28.7087405, 47.1223662 ], [ 28.7087414, 47.1223656 ], [ 28.7087425, 47.1223651 ], [ 28.7087436, 47.1223647 ], [ 28.7087448, 47.1223644 ], [ 28.7087461, 47.1223641 ], [ 28.7087473, 47.1223639 ], [ 28.7087486, 47.1223638 ], [ 28.7087499, 47.1223638 ], [ 28.7087512, 47.1223639 ], [ 28.7087525, 47.1223641 ], [ 28.7087537, 47.1223643 ], [ 28.7087549, 47.1223647 ], [ 28.708756, 47.1223651 ], [ 28.7087571, 47.1223655 ], [ 28.7087776, 47.1223757 ], [ 28.7087779, 47.1223758 ], [ 28.7087781, 47.1223756 ], [ 28.7087794, 47.1223744 ], [ 28.7087802, 47.1223737 ], [ 28.7087811, 47.1223731 ], [ 28.7087821, 47.1223725 ], [ 28.7087831, 47.122372 ], [ 28.7087843, 47.1223716 ], [ 28.7087854, 47.1223713 ], [ 28.7087867, 47.122371 ], [ 28.7087879, 47.1223708 ], [ 28.7087892, 47.1223707 ], [ 28.7087905, 47.1223707 ], [ 28.7087918, 47.1223708 ], [ 28.7087931, 47.1223709 ], [ 28.7087943, 47.1223712 ], [ 28.7087955, 47.1223715 ], [ 28.7087966, 47.1223719 ], [ 28.7087977, 47.1223724 ], [ 28.708818, 47.1223823 ], [ 28.7088182, 47.1223824 ], [ 28.7088185, 47.1223823 ], [ 28.7088195, 47.1223817 ], [ 28.7088205, 47.1223813 ], [ 28.7088216, 47.1223809 ], [ 28.7088228, 47.1223806 ], [ 28.708824, 47.1223804 ], [ 28.7088252, 47.1223802 ], [ 28.7088265, 47.1223801 ], [ 28.7088277, 47.1223801 ], [ 28.708829, 47.1223802 ], [ 28.7088302, 47.1223804 ], [ 28.7088314, 47.1223806 ], [ 28.7088325, 47.122381 ], [ 28.7088337, 47.1223814 ], [ 28.7088347, 47.1223818 ], [ 28.7088546, 47.1223916 ], [ 28.7088548, 47.1223917 ], [ 28.708855, 47.1223915 ], [ 28.7088686, 47.1223787 ], [ 28.7088694, 47.122378 ], [ 28.7088703, 47.1223774 ], [ 28.7088713, 47.1223768 ], [ 28.7088724, 47.1223763 ], [ 28.7088735, 47.1223759 ], [ 28.7088747, 47.1223755 ], [ 28.708876, 47.1223752 ], [ 28.7088772, 47.1223751 ], [ 28.7088785, 47.122375 ], [ 28.7088798, 47.1223749 ], [ 28.7088811, 47.122375 ], [ 28.7088824, 47.1223752 ], [ 28.7088836, 47.1223754 ], [ 28.7088848, 47.1223758 ], [ 28.708886, 47.1223762 ], [ 28.708887, 47.1223767 ], [ 28.7088938, 47.12238 ], [ 28.7088948, 47.1223805 ], [ 28.7088957, 47.1223811 ], [ 28.7088965, 47.1223818 ], [ 28.7088972, 47.1223825 ], [ 28.7088978, 47.1223832 ], [ 28.7088984, 47.122384 ], [ 28.7088988, 47.1223848 ], [ 28.7088991, 47.1223856 ], [ 28.7088992, 47.1223865 ], [ 28.7088993, 47.1223873 ], [ 28.7088992, 47.1223882 ], [ 28.708899, 47.122389 ], [ 28.7088987, 47.1223899 ], [ 28.7088983, 47.1223907 ], [ 28.7088981, 47.1223911 ], [ 28.7088983, 47.1223912 ], [ 28.7089307, 47.1224072 ], [ 28.708931, 47.1224073 ], [ 28.7089312, 47.1224071 ], [ 28.708934, 47.1224044 ], [ 28.7089348, 47.1224037 ], [ 28.7089357, 47.1224031 ], [ 28.7089367, 47.1224025 ], [ 28.7089378, 47.122402 ], [ 28.7089389, 47.1224016 ], [ 28.7089401, 47.1224013 ], [ 28.7089414, 47.122401 ], [ 28.7089426, 47.1224008 ], [ 28.7089439, 47.1224007 ], [ 28.7089452, 47.1224007 ], [ 28.7089465, 47.1224008 ], [ 28.7089478, 47.122401 ], [ 28.7089491, 47.1224012 ], [ 28.7089503, 47.1224015 ], [ 28.7089514, 47.122402 ], [ 28.7089525, 47.1224025 ], [ 28.7089712, 47.1224119 ], [ 28.7089715, 47.122412 ], [ 28.7089716, 47.122412 ], [ 28.7089729, 47.1224118 ], [ 28.7089743, 47.1224116 ], [ 28.7089756, 47.1224116 ], [ 28.708977, 47.1224116 ], [ 28.7089783, 47.1224118 ], [ 28.7089796, 47.122412 ], [ 28.7089809, 47.1224124 ], [ 28.7089821, 47.1224128 ], [ 28.7089832, 47.1224133 ], [ 28.7090026, 47.1224228 ], [ 28.7090029, 47.122423 ], [ 28.7090031, 47.1224228 ], [ 28.7090105, 47.1224158 ], [ 28.7090113, 47.1224151 ], [ 28.7090122, 47.1224144 ], [ 28.7090132, 47.1224139 ], [ 28.7090143, 47.1224134 ], [ 28.7090154, 47.1224129 ], [ 28.7090166, 47.1224126 ], [ 28.7090178, 47.1224123 ], [ 28.7090191, 47.1224121 ], [ 28.7090204, 47.122412 ], [ 28.7090216, 47.122412 ], [ 28.7090229, 47.1224121 ], [ 28.7090242, 47.1224123 ], [ 28.7090254, 47.1224125 ], [ 28.7090266, 47.1224128 ], [ 28.7090278, 47.1224132 ], [ 28.7090289, 47.1224137 ], [ 28.709046, 47.1224221 ], [ 28.7090463, 47.1224222 ], [ 28.7090465, 47.1224221 ], [ 28.7090475, 47.1224215 ], [ 28.7090486, 47.1224211 ], [ 28.7090497, 47.1224207 ], [ 28.7090508, 47.1224204 ], [ 28.709052, 47.1224202 ], [ 28.7090533, 47.12242 ], [ 28.7090545, 47.1224199 ], [ 28.7090558, 47.1224199 ], [ 28.709057, 47.12242 ], [ 28.7090582, 47.1224202 ], [ 28.7090594, 47.1224204 ], [ 28.7090606, 47.1224208 ], [ 28.7090617, 47.1224212 ], [ 28.7090628, 47.1224216 ], [ 28.7090845, 47.1224324 ], [ 28.7090847, 47.1224325 ], [ 28.709085, 47.1224324 ], [ 28.7090861, 47.122432 ], [ 28.7090873, 47.1224317 ], [ 28.7090885, 47.1224315 ], [ 28.7090897, 47.1224313 ], [ 28.709091, 47.1224313 ], [ 28.7090922, 47.1224313 ], [ 28.7090935, 47.1224314 ], [ 28.7090947, 47.1224316 ], [ 28.7090959, 47.1224318 ], [ 28.709097, 47.1224321 ], [ 28.7090981, 47.1224325 ], [ 28.7090992, 47.122433 ], [ 28.7091203, 47.1224436 ], [ 28.7091206, 47.1224437 ], [ 28.7091211, 47.1224435 ], [ 28.7091212, 47.1224434 ], [ 28.7091222, 47.1224429 ], [ 28.7091234, 47.1224424 ], [ 28.7091246, 47.122442 ], [ 28.7091259, 47.1224417 ], [ 28.7091272, 47.1224415 ], [ 28.7091285, 47.1224414 ], [ 28.7091298, 47.1224413 ], [ 28.7091311, 47.1224414 ], [ 28.7091325, 47.1224416 ], [ 28.7091338, 47.1224418 ], [ 28.709135, 47.1224421 ], [ 28.7091362, 47.1224426 ], [ 28.7091373, 47.1224431 ], [ 28.709155, 47.1224519 ], [ 28.7091553, 47.122452 ], [ 28.7091557, 47.1224517 ], [ 28.7091567, 47.1224512 ], [ 28.7091578, 47.1224508 ], [ 28.7091589, 47.1224504 ], [ 28.7091601, 47.1224501 ], [ 28.7091613, 47.1224499 ], [ 28.7091625, 47.1224497 ], [ 28.7091638, 47.1224496 ], [ 28.709165, 47.1224496 ], [ 28.7091663, 47.1224497 ], [ 28.7091675, 47.1224499 ], [ 28.7091687, 47.1224502 ], [ 28.7091698, 47.1224505 ], [ 28.709171, 47.1224509 ], [ 28.709172, 47.1224514 ], [ 28.7091911, 47.122461 ], [ 28.7091914, 47.1224611 ], [ 28.7091916, 47.1224609 ], [ 28.7091946, 47.1224581 ], [ 28.7091954, 47.1224574 ], [ 28.7091963, 47.1224568 ], [ 28.7091973, 47.1224562 ], [ 28.7091984, 47.1224557 ], [ 28.7091995, 47.1224553 ], [ 28.7092007, 47.122455 ], [ 28.7092019, 47.1224547 ], [ 28.7092032, 47.1224545 ], [ 28.7092045, 47.1224545 ], [ 28.7092058, 47.1224544 ], [ 28.7092071, 47.1224545 ], [ 28.7092083, 47.1224547 ], [ 28.7092096, 47.1224549 ], [ 28.7092108, 47.1224553 ], [ 28.7092119, 47.1224557 ], [ 28.709213, 47.1224562 ], [ 28.7092302, 47.1224648 ], [ 28.7092305, 47.1224649 ], [ 28.7092305, 47.1224649 ], [ 28.7092316, 47.1224647 ], [ 28.7092329, 47.1224645 ], [ 28.7092341, 47.1224645 ], [ 28.7092353, 47.1224645 ], [ 28.7092365, 47.1224646 ], [ 28.7092377, 47.1224648 ], [ 28.7092389, 47.122465 ], [ 28.7092401, 47.1224653 ], [ 28.7092411, 47.1224657 ], [ 28.7092422, 47.1224662 ], [ 28.7092638, 47.122477 ], [ 28.7092641, 47.1224771 ], [ 28.7092643, 47.1224769 ], [ 28.7092657, 47.1224756 ], [ 28.7092665, 47.1224749 ], [ 28.7092674, 47.1224743 ], [ 28.7092684, 47.1224737 ], [ 28.7092694, 47.1224732 ], [ 28.7092706, 47.1224728 ], [ 28.7092718, 47.1224725 ], [ 28.709273, 47.1224722 ], [ 28.7092743, 47.122472 ], [ 28.7092756, 47.122472 ], [ 28.7092769, 47.1224719 ], [ 28.7092781, 47.122472 ], [ 28.7092794, 47.1224722 ], [ 28.7092807, 47.1224724 ], [ 28.7092819, 47.1224728 ], [ 28.709283, 47.1224732 ], [ 28.7092841, 47.1224737 ], [ 28.7093029, 47.1224831 ], [ 28.7093032, 47.1224832 ], [ 28.7093034, 47.122483 ], [ 28.7093048, 47.1224817 ], [ 28.7093056, 47.122481 ], [ 28.7093065, 47.1224804 ], [ 28.7093075, 47.1224798 ], [ 28.7093085, 47.1224793 ], [ 28.7093097, 47.1224789 ], [ 28.7093109, 47.1224786 ], [ 28.7093121, 47.1224783 ], [ 28.7093134, 47.1224781 ], [ 28.7093146, 47.122478 ], [ 28.7093159, 47.122478 ], [ 28.7093172, 47.1224781 ], [ 28.7093185, 47.1224783 ], [ 28.7093197, 47.1224785 ], [ 28.7093209, 47.1224788 ], [ 28.7093221, 47.1224792 ], [ 28.7093232, 47.1224797 ], [ 28.7093421, 47.1224891 ], [ 28.7093423, 47.1224892 ], [ 28.7093428, 47.122489 ], [ 28.7093438, 47.1224884 ], [ 28.709345, 47.122488 ], [ 28.7093462, 47.1224876 ], [ 28.7093474, 47.1224873 ], [ 28.7093487, 47.1224871 ], [ 28.7093501, 47.1224869 ], [ 28.7093514, 47.1224869 ], [ 28.7093527, 47.122487 ], [ 28.7093541, 47.1224871 ], [ 28.7093554, 47.1224874 ], [ 28.7093566, 47.1224877 ], [ 28.7093578, 47.1224881 ], [ 28.7093589, 47.1224886 ], [ 28.7093793, 47.1224986 ], [ 28.7093795, 47.1224988 ], [ 28.7093797, 47.1224986 ], [ 28.7095553, 47.1223327 ], [ 28.7095555, 47.1223325 ], [ 28.7095552, 47.1223324 ], [ 28.7095361, 47.1223229 ], [ 28.7095351, 47.1223224 ], [ 28.7095342, 47.1223217 ], [ 28.7095333, 47.1223211 ], [ 28.7095326, 47.1223203 ], [ 28.709532, 47.1223196 ], [ 28.7095315, 47.1223187 ], [ 28.7095311, 47.1223179 ], [ 28.7095308, 47.122317 ], [ 28.7095307, 47.1223162 ], [ 28.7095306, 47.1223153 ], [ 28.7095308, 47.1223144 ], [ 28.709531, 47.1223135 ], [ 28.7095314, 47.1223127 ], [ 28.7095318, 47.1223118 ], [ 28.7095324, 47.1223111 ], [ 28.7095332, 47.1223103 ], [ 28.7095493, 47.1222952 ], [ 28.7095494, 47.1222951 ], [ 28.7096199, 47.1222308 ], [ 28.7096208, 47.1222301 ], [ 28.7096217, 47.1222295 ], [ 28.7096227, 47.1222289 ], [ 28.7096238, 47.1222284 ], [ 28.7096249, 47.122228 ], [ 28.7096262, 47.1222277 ], [ 28.7096274, 47.1222274 ], [ 28.7096287, 47.1222273 ], [ 28.70963, 47.1222272 ], [ 28.7096313, 47.1222272 ], [ 28.7096326, 47.1222273 ], [ 28.7096339, 47.1222275 ], [ 28.7096351, 47.1222278 ], [ 28.7096363, 47.1222281 ], [ 28.7096374, 47.1222285 ], [ 28.7096385, 47.122229 ], [ 28.7096572, 47.1222389 ], [ 28.7096574, 47.122239 ], [ 28.7096576, 47.1222388 ], [ 28.7097044, 47.1221974 ], [ 28.7097055, 47.1221965 ], [ 28.7097395, 47.1221732 ], [ 28.7097404, 47.1221726 ], [ 28.7097415, 47.1221721 ], [ 28.7097426, 47.1221717 ], [ 28.7097438, 47.1221713 ], [ 28.709745, 47.122171 ], [ 28.7097463, 47.1221708 ], [ 28.7097476, 47.1221706 ], [ 28.7097489, 47.1221706 ], [ 28.7097502, 47.1221707 ], [ 28.7097515, 47.1221708 ], [ 28.7097528, 47.122171 ], [ 28.709754, 47.1221713 ], [ 28.7097552, 47.1221717 ], [ 28.7097563, 47.1221722 ], [ 28.7097574, 47.1221728 ], [ 28.7097583, 47.1221734 ], [ 28.7097592, 47.122174 ], [ 28.7097599, 47.1221748 ], [ 28.7097606, 47.1221756 ], [ 28.7097611, 47.1221764 ], [ 28.7097615, 47.1221772 ], [ 28.7097618, 47.1221781 ], [ 28.709762, 47.122179 ], [ 28.709762, 47.1221799 ], [ 28.7097619, 47.1221808 ], [ 28.7097616, 47.1221817 ], [ 28.7097613, 47.1221825 ], [ 28.7097608, 47.1221833 ], [ 28.7097602, 47.1221841 ], [ 28.7097595, 47.1221849 ], [ 28.7097411, 47.1222022 ], [ 28.7097409, 47.1222023 ], [ 28.7096958, 47.1222462 ], [ 28.7096955, 47.1222465 ], [ 28.7096482, 47.1222892 ], [ 28.7096481, 47.1222894 ], [ 28.7095656, 47.1223661 ], [ 28.7095654, 47.1223663 ], [ 28.7095656, 47.1223664 ], [ 28.7095978, 47.1223826 ], [ 28.7095981, 47.1223827 ], [ 28.7095983, 47.1223825 ], [ 28.7096481, 47.1223362 ], [ 28.709649, 47.1223355 ], [ 28.7096499, 47.1223348 ], [ 28.7096509, 47.1223343 ], [ 28.709652, 47.1223338 ], [ 28.7096531, 47.1223333 ], [ 28.7096544, 47.122333 ], [ 28.7096556, 47.1223327 ], [ 28.7096569, 47.1223326 ], [ 28.7096582, 47.1223325 ], [ 28.7096595, 47.1223325 ], [ 28.7096608, 47.1223326 ], [ 28.7096621, 47.1223328 ], [ 28.7096633, 47.122333 ], [ 28.7096645, 47.1223334 ], [ 28.7096657, 47.1223338 ], [ 28.7096668, 47.1223343 ], [ 28.7096678, 47.1223349 ], [ 28.7096687, 47.1223355 ], [ 28.7096695, 47.1223362 ], [ 28.7096702, 47.122337 ], [ 28.7096708, 47.1223378 ], [ 28.7096713, 47.1223386 ], [ 28.7096716, 47.1223395 ], [ 28.7096718, 47.1223404 ], [ 28.7096719, 47.1223413 ], [ 28.7096719, 47.1223421 ], [ 28.7096717, 47.122343 ], [ 28.7096715, 47.1223439 ], [ 28.709671, 47.1223448 ], [ 28.7096708, 47.1223452 ], [ 28.7096707, 47.1223454 ], [ 28.7096709, 47.1223455 ], [ 28.7096901, 47.1223548 ], [ 28.7096911, 47.1223554 ], [ 28.7096921, 47.122356 ], [ 28.7096929, 47.1223567 ], [ 28.7096936, 47.1223574 ], [ 28.7096943, 47.1223582 ], [ 28.7096948, 47.122359 ], [ 28.7096952, 47.1223599 ], [ 28.7096955, 47.1223607 ], [ 28.7096956, 47.1223616 ], [ 28.7096956, 47.1223625 ], [ 28.7096955, 47.1223634 ], [ 28.7096953, 47.1223643 ], [ 28.7096949, 47.1223651 ], [ 28.7096944, 47.122366 ], [ 28.7096938, 47.1223667 ], [ 28.7096931, 47.1223675 ], [ 28.709693, 47.1223676 ], [ 28.709616, 47.1224405 ], [ 28.7096158, 47.1224407 ], [ 28.709545, 47.1225099 ], [ 28.7095449, 47.12251 ], [ 28.7095451, 47.1225102 ], [ 28.7095659, 47.1225201 ], [ 28.7095669, 47.1225206 ], [ 28.7095679, 47.1225212 ], [ 28.7095687, 47.1225219 ], [ 28.7095694, 47.1225226 ], [ 28.7095701, 47.1225233 ], [ 28.7095706, 47.1225241 ], [ 28.709571, 47.1225249 ], [ 28.7095713, 47.1225258 ], [ 28.7095715, 47.1225266 ], [ 28.7095715, 47.1225269 ], [ 28.7095716, 47.1225272 ], [ 28.7095718, 47.1225273 ], [ 28.7096038, 47.1225437 ], [ 28.7096041, 47.1225438 ], [ 28.7096043, 47.1225436 ], [ 28.7096043, 47.1225436 ], [ 28.7096051, 47.1225429 ], [ 28.709606, 47.1225423 ], [ 28.709607, 47.1225417 ], [ 28.7096081, 47.1225412 ], [ 28.7096092, 47.1225408 ], [ 28.7096104, 47.1225405 ], [ 28.7096116, 47.1225402 ], [ 28.7096129, 47.1225401 ], [ 28.7096142, 47.12254 ], [ 28.7096154, 47.12254 ], [ 28.7096167, 47.12254 ], [ 28.709618, 47.1225402 ], [ 28.7096192, 47.1225404 ], [ 28.7096204, 47.1225408 ], [ 28.7096215, 47.1225412 ], [ 28.7096226, 47.1225417 ], [ 28.7096401, 47.1225503 ], [ 28.7096403, 47.1225504 ], [ 28.7096405, 47.1225502 ], [ 28.7096418, 47.122549 ], [ 28.7096427, 47.1225483 ], [ 28.7096436, 47.1225477 ], [ 28.7096446, 47.1225471 ], [ 28.7096456, 47.1225466 ], [ 28.7096468, 47.1225462 ], [ 28.709648, 47.1225458 ], [ 28.7096492, 47.1225455 ], [ 28.7096505, 47.1225454 ], [ 28.7096518, 47.1225453 ], [ 28.7096531, 47.1225453 ], [ 28.7096544, 47.1225454 ], [ 28.7096557, 47.1225455 ], [ 28.7096569, 47.1225458 ], [ 28.7096581, 47.1225461 ], [ 28.7096593, 47.1225465 ], [ 28.7096604, 47.122547 ], [ 28.7096803, 47.1225571 ], [ 28.7096805, 47.1225572 ], [ 28.7096807, 47.122557 ], [ 28.7096822, 47.1225556 ], [ 28.7096831, 47.1225549 ], [ 28.709684, 47.1225543 ], [ 28.709685, 47.1225537 ], [ 28.709686, 47.1225532 ], [ 28.7096872, 47.1225528 ], [ 28.7096884, 47.1225525 ], [ 28.7096896, 47.1225522 ], [ 28.7096909, 47.122552 ], [ 28.7096922, 47.122552 ], [ 28.7096935, 47.122552 ], [ 28.7096948, 47.122552 ], [ 28.709696, 47.1225522 ], [ 28.7096973, 47.1225525 ], [ 28.7096985, 47.1225528 ], [ 28.7096996, 47.1225532 ], [ 28.7097007, 47.1225537 ], [ 28.7097183, 47.1225626 ], [ 28.7097185, 47.1225627 ], [ 28.7097188, 47.1225625 ], [ 28.7097191, 47.1225623 ], [ 28.7097201, 47.1225618 ], [ 28.7097212, 47.1225614 ], [ 28.7097223, 47.122561 ], [ 28.7097235, 47.1225607 ], [ 28.7097247, 47.1225605 ], [ 28.709726, 47.1225603 ], [ 28.7097272, 47.1225603 ], [ 28.7097285, 47.1225603 ], [ 28.7097297, 47.1225604 ], [ 28.7097309, 47.1225606 ], [ 28.7097321, 47.1225608 ], [ 28.7097333, 47.1225612 ], [ 28.7097344, 47.1225616 ], [ 28.7097354, 47.122562 ], [ 28.7097535, 47.1225712 ], [ 28.7097537, 47.1225713 ], [ 28.7097539, 47.1225712 ], [ 28.7097545, 47.1225709 ], [ 28.7097556, 47.1225703 ], [ 28.7097567, 47.1225699 ], [ 28.7097579, 47.1225695 ], [ 28.7097592, 47.1225692 ], [ 28.7097605, 47.122569 ], [ 28.7097618, 47.1225689 ], [ 28.7097632, 47.1225689 ], [ 28.7097645, 47.1225689 ], [ 28.7097658, 47.1225691 ], [ 28.7097671, 47.1225693 ], [ 28.7097683, 47.1225697 ], [ 28.7097695, 47.1225701 ], [ 28.7097706, 47.1225706 ], [ 28.7097923, 47.1225815 ], [ 28.7097926, 47.1225817 ], [ 28.7097928, 47.1225815 ], [ 28.7097958, 47.1225786 ], [ 28.7097967, 47.122578 ], [ 28.7097976, 47.1225773 ], [ 28.7097986, 47.1225768 ], [ 28.7097996, 47.1225763 ], [ 28.7098007, 47.1225759 ], [ 28.7098019, 47.1225755 ], [ 28.7098032, 47.1225753 ], [ 28.7098044, 47.1225751 ], [ 28.7098057, 47.122575 ], [ 28.709807, 47.122575 ], [ 28.7098083, 47.1225751 ], [ 28.7098095, 47.1225752 ], [ 28.7098108, 47.1225755 ], [ 28.709812, 47.1225758 ], [ 28.7098131, 47.1225762 ], [ 28.7098142, 47.1225767 ], [ 28.7098317, 47.1225854 ], [ 28.709832, 47.1225855 ], [ 28.7098322, 47.1225853 ], [ 28.7098366, 47.1225812 ], [ 28.7098374, 47.1225805 ], [ 28.7098383, 47.1225798 ], [ 28.7098393, 47.1225793 ], [ 28.7098404, 47.1225788 ], [ 28.7098415, 47.1225783 ], [ 28.7098427, 47.122578 ], [ 28.7098439, 47.1225777 ], [ 28.7098452, 47.1225775 ], [ 28.7098465, 47.1225774 ], [ 28.7098478, 47.1225774 ], [ 28.7098491, 47.1225775 ], [ 28.7098504, 47.1225777 ], [ 28.7098516, 47.1225779 ], [ 28.7098528, 47.1225783 ], [ 28.709854, 47.1225787 ], [ 28.7098551, 47.1225792 ], [ 28.7098589, 47.1225811 ], [ 28.7098599, 47.1225817 ], [ 28.7098609, 47.1225823 ], [ 28.7098617, 47.122583 ], [ 28.7098624, 47.1225837 ], [ 28.709863, 47.1225845 ], [ 28.7098635, 47.1225853 ], [ 28.7098639, 47.1225862 ], [ 28.7098642, 47.122587 ], [ 28.7098643, 47.1225879 ], [ 28.7098643, 47.1225888 ], [ 28.7098642, 47.1225897 ], [ 28.7098639, 47.1225905 ], [ 28.7098635, 47.1225914 ], [ 28.709863, 47.1225922 ], [ 28.7098624, 47.122593 ], [ 28.7098617, 47.1225937 ], [ 28.7098574, 47.1225977 ], [ 28.7098572, 47.1225979 ], [ 28.7098574, 47.122598 ], [ 28.7098895, 47.1226143 ], [ 28.7098898, 47.1226144 ], [ 28.70989, 47.1226143 ], [ 28.7098905, 47.1226139 ], [ 28.7098916, 47.1226134 ], [ 28.7098927, 47.122613 ], [ 28.7098938, 47.1226126 ], [ 28.709895, 47.1226123 ], [ 28.7098963, 47.1226121 ], [ 28.7098975, 47.1226119 ], [ 28.7098988, 47.1226119 ], [ 28.7099001, 47.1226119 ], [ 28.7099014, 47.1226121 ], [ 28.7099026, 47.1226123 ], [ 28.7099038, 47.1226126 ], [ 28.709905, 47.1226129 ], [ 28.7099061, 47.1226134 ], [ 28.7099071, 47.1226139 ], [ 28.7099246, 47.1226234 ], [ 28.7099249, 47.1226236 ], [ 28.7099251, 47.1226234 ], [ 28.709939, 47.1226115 ], [ 28.7099399, 47.1226109 ], [ 28.7099408, 47.1226103 ], [ 28.7099418, 47.1226097 ], [ 28.7099428, 47.1226093 ], [ 28.709944, 47.1226089 ], [ 28.7099451, 47.1226086 ], [ 28.7099463, 47.1226084 ], [ 28.7099476, 47.1226082 ], [ 28.7099488, 47.1226081 ], [ 28.7099501, 47.1226081 ], [ 28.7099513, 47.1226082 ], [ 28.7099525, 47.1226084 ], [ 28.7099537, 47.1226086 ], [ 28.7099549, 47.122609 ], [ 28.709956, 47.1226094 ], [ 28.7099571, 47.1226098 ], [ 28.7099751, 47.1226187 ], [ 28.7099753, 47.1226189 ], [ 28.7099755, 47.1226187 ], [ 28.7099803, 47.1226142 ], [ 28.7099812, 47.1226135 ], [ 28.7099821, 47.1226128 ], [ 28.7099831, 47.1226123 ], [ 28.7099841, 47.1226118 ], [ 28.7099853, 47.1226113 ], [ 28.7099865, 47.122611 ], [ 28.7099877, 47.1226107 ], [ 28.709989, 47.1226105 ], [ 28.7099903, 47.1226104 ], [ 28.7099916, 47.1226104 ], [ 28.7099929, 47.1226105 ], [ 28.7099942, 47.1226107 ], [ 28.7099954, 47.122611 ], [ 28.7099966, 47.1226113 ], [ 28.7099978, 47.1226117 ], [ 28.7099989, 47.1226122 ], [ 28.7100172, 47.1226215 ], [ 28.7100175, 47.1226216 ], [ 28.710018, 47.1226217 ], [ 28.7100183, 47.1226218 ], [ 28.7100195, 47.1226221 ], [ 28.7100207, 47.1226225 ], [ 28.7100218, 47.1226229 ], [ 28.7100229, 47.1226235 ], [ 28.7100239, 47.1226241 ], [ 28.7100247, 47.1226248 ], [ 28.7100255, 47.1226255 ], [ 28.7100262, 47.1226263 ], [ 28.7100267, 47.1226271 ], [ 28.7100271, 47.1226279 ], [ 28.7100274, 47.1226288 ], [ 28.7100276, 47.1226297 ], [ 28.7100276, 47.1226306 ], [ 28.7100275, 47.1226315 ], [ 28.7100273, 47.1226324 ], [ 28.7100269, 47.1226333 ], [ 28.7100264, 47.1226341 ], [ 28.7100258, 47.1226349 ], [ 28.7100251, 47.1226357 ], [ 28.7097616, 47.1228841 ], [ 28.7097611, 47.1228845 ], [ 28.7097115, 47.1229258 ], [ 28.7097115, 47.1229258 ], [ 28.7097112, 47.1229261 ], [ 28.7097111, 47.1229262 ], [ 28.7096792, 47.1229545 ], [ 28.709679, 47.1229546 ], [ 28.7096759, 47.1229572 ], [ 28.7096751, 47.1229579 ], [ 28.7096742, 47.1229585 ], [ 28.7096731, 47.122959 ], [ 28.7096721, 47.1229595 ], [ 28.7096709, 47.1229598 ], [ 28.7096697, 47.1229601 ], [ 28.7096685, 47.1229604 ], [ 28.7096673, 47.1229605 ], [ 28.709666, 47.1229606 ], [ 28.7096647, 47.1229606 ], [ 28.7096635, 47.1229605 ], [ 28.7096622, 47.1229603 ], [ 28.709661, 47.12296 ], [ 28.7096599, 47.1229597 ], [ 28.7096588, 47.1229593 ], [ 28.7096577, 47.1229588 ], [ 28.7096356, 47.1229473 ], [ 28.7096346, 47.1229468 ], [ 28.7096337, 47.1229462 ], [ 28.7096329, 47.1229455 ], [ 28.7096322, 47.1229447 ], [ 28.7096316, 47.122944 ], [ 28.7096311, 47.1229432 ], [ 28.7096308, 47.1229423 ], [ 28.7096305, 47.1229415 ], [ 28.7096304, 47.1229406 ], [ 28.7096304, 47.1229397 ], [ 28.7096305, 47.1229389 ], [ 28.7096308, 47.122938 ], [ 28.7096311, 47.1229372 ], [ 28.7096316, 47.1229363 ], [ 28.7096322, 47.1229356 ], [ 28.7096329, 47.1229348 ], [ 28.7096345, 47.1229334 ], [ 28.7096346, 47.1229333 ], [ 28.7097144, 47.1228619 ], [ 28.7097144, 47.1228619 ], [ 28.7097146, 47.1228617 ], [ 28.7097147, 47.1228616 ], [ 28.7098544, 47.1227311 ], [ 28.7098546, 47.1227309 ], [ 28.7099026, 47.1226885 ], [ 28.7099027, 47.1226884 ], [ 28.7099029, 47.1226882 ], [ 28.709903, 47.1226881 ], [ 28.7099339, 47.1226593 ], [ 28.7099341, 47.1226592 ], [ 28.7099339, 47.122659 ], [ 28.7099017, 47.1226429 ], [ 28.7099014, 47.1226428 ], [ 28.7099012, 47.1226429 ], [ 28.7098982, 47.1226457 ], [ 28.7098974, 47.1226464 ], [ 28.7098965, 47.122647 ], [ 28.7098955, 47.1226476 ], [ 28.7098944, 47.1226481 ], [ 28.7098933, 47.1226485 ], [ 28.7098921, 47.1226489 ], [ 28.7098909, 47.1226491 ], [ 28.7098896, 47.1226493 ], [ 28.7098883, 47.1226494 ], [ 28.709887, 47.1226494 ], [ 28.7098857, 47.1226493 ], [ 28.7098845, 47.1226492 ], [ 28.7098832, 47.1226489 ], [ 28.709882, 47.1226486 ], [ 28.7098809, 47.1226482 ], [ 28.7098798, 47.1226477 ], [ 28.7098591, 47.1226374 ], [ 28.7098588, 47.1226372 ], [ 28.7098586, 47.1226374 ], [ 28.7098557, 47.1226402 ], [ 28.7098549, 47.1226408 ], [ 28.709854, 47.1226415 ], [ 28.709853, 47.122642 ], [ 28.7098519, 47.1226425 ], [ 28.7098508, 47.122643 ], [ 28.7098496, 47.1226433 ], [ 28.7098483, 47.1226436 ], [ 28.7098471, 47.1226437 ], [ 28.7098458, 47.1226438 ], [ 28.7098445, 47.1226438 ], [ 28.7098432, 47.1226438 ], [ 28.7098419, 47.1226436 ], [ 28.7098407, 47.1226434 ], [ 28.7098395, 47.122643 ], [ 28.7098384, 47.1226426 ], [ 28.7098373, 47.1226421 ], [ 28.7098194, 47.1226333 ], [ 28.7098191, 47.1226331 ], [ 28.7098189, 47.1226333 ], [ 28.7098114, 47.1226404 ], [ 28.7098106, 47.1226411 ], [ 28.7098096, 47.1226417 ], [ 28.7098086, 47.1226423 ], [ 28.7098076, 47.1226428 ], [ 28.7098064, 47.1226432 ], [ 28.7098052, 47.1226436 ], [ 28.709804, 47.1226438 ], [ 28.7098027, 47.122644 ], [ 28.7098014, 47.1226441 ], [ 28.7098001, 47.1226441 ], [ 28.7097988, 47.122644 ], [ 28.7097975, 47.1226438 ], [ 28.7097963, 47.1226436 ], [ 28.7097951, 47.1226432 ], [ 28.7097939, 47.1226428 ], [ 28.7097929, 47.1226423 ], [ 28.7097867, 47.1226392 ], [ 28.7097857, 47.1226387 ], [ 28.7097848, 47.1226381 ], [ 28.709784, 47.1226374 ], [ 28.7097833, 47.1226367 ], [ 28.7097827, 47.122636 ], [ 28.7097822, 47.1226352 ], [ 28.7097818, 47.1226344 ], [ 28.7097816, 47.1226336 ], [ 28.7097814, 47.1226327 ], [ 28.7097814, 47.1226326 ], [ 28.7097811, 47.1226324 ], [ 28.7097494, 47.1226159 ], [ 28.7097491, 47.1226158 ], [ 28.709749, 47.1226158 ], [ 28.7097478, 47.1226158 ], [ 28.7097465, 47.1226158 ], [ 28.7097453, 47.1226156 ], [ 28.7097441, 47.1226154 ], [ 28.709743, 47.1226152 ], [ 28.7097419, 47.1226148 ], [ 28.7097408, 47.1226144 ], [ 28.7097398, 47.1226139 ], [ 28.7097191, 47.1226029 ], [ 28.7097188, 47.1226028 ], [ 28.7097186, 47.122603 ], [ 28.7097068, 47.1226133 ], [ 28.709706, 47.122614 ], [ 28.7097051, 47.1226146 ], [ 28.7097041, 47.1226151 ], [ 28.709703, 47.1226156 ], [ 28.7097019, 47.122616 ], [ 28.7097007, 47.1226163 ], [ 28.7096995, 47.1226166 ], [ 28.7096983, 47.1226167 ], [ 28.709697, 47.1226168 ], [ 28.7096957, 47.1226168 ], [ 28.7096945, 47.1226167 ], [ 28.7096932, 47.1226165 ], [ 28.709692, 47.1226163 ], [ 28.7096908, 47.122616 ], [ 28.7096897, 47.1226155 ], [ 28.7096887, 47.1226151 ], [ 28.7096678, 47.1226047 ], [ 28.7096676, 47.1226046 ], [ 28.7096676, 47.1226046 ], [ 28.7096662, 47.1226048 ], [ 28.7096649, 47.1226049 ], [ 28.7096635, 47.122605 ], [ 28.7096622, 47.1226049 ], [ 28.7096608, 47.1226048 ], [ 28.7096595, 47.1226045 ], [ 28.7096583, 47.1226042 ], [ 28.709657, 47.1226038 ], [ 28.7096559, 47.1226032 ], [ 28.7096356, 47.1225932 ], [ 28.7096353, 47.122593 ], [ 28.7096351, 47.1225932 ], [ 28.7096307, 47.1225974 ], [ 28.7096298, 47.1225981 ], [ 28.7096289, 47.1225987 ], [ 28.7096279, 47.1225993 ], [ 28.7096269, 47.1225998 ], [ 28.7096257, 47.1226002 ], [ 28.7096245, 47.1226005 ], [ 28.7096233, 47.1226008 ], [ 28.709622, 47.122601 ], [ 28.7096207, 47.1226011 ], [ 28.7096194, 47.1226011 ], [ 28.7096182, 47.122601 ], [ 28.7096169, 47.1226008 ], [ 28.7096156, 47.1226006 ], [ 28.7096144, 47.1226003 ], [ 28.7096133, 47.1225998 ], [ 28.7096122, 47.1225994 ], [ 28.7095946, 47.1225905 ], [ 28.7095943, 47.1225904 ], [ 28.7095939, 47.1225907 ], [ 28.7095938, 47.1225907 ], [ 28.7095928, 47.1225912 ], [ 28.7095918, 47.1225917 ], [ 28.7095906, 47.1225921 ], [ 28.7095895, 47.1225924 ], [ 28.7095883, 47.1225926 ], [ 28.709587, 47.1225927 ], [ 28.7095858, 47.1225928 ], [ 28.7095845, 47.1225928 ], [ 28.7095833, 47.1225927 ], [ 28.709582, 47.1225925 ], [ 28.7095808, 47.1225923 ], [ 28.7095797, 47.1225919 ], [ 28.7095786, 47.1225915 ], [ 28.7095775, 47.1225911 ], [ 28.7095584, 47.1225814 ], [ 28.7095582, 47.1225813 ], [ 28.7095576, 47.1225815 ], [ 28.7095576, 47.1225815 ], [ 28.7095575, 47.1225815 ], [ 28.7095563, 47.1225819 ], [ 28.7095551, 47.1225822 ], [ 28.7095537, 47.1225824 ], [ 28.7095524, 47.1225825 ], [ 28.7095511, 47.1225826 ], [ 28.7095497, 47.1225825 ], [ 28.7095484, 47.1225823 ], [ 28.7095471, 47.1225821 ], [ 28.7095459, 47.1225818 ], [ 28.7095447, 47.1225813 ], [ 28.7095436, 47.1225808 ], [ 28.7095248, 47.1225715 ], [ 28.7095245, 47.1225714 ], [ 28.7095241, 47.1225717 ], [ 28.7095241, 47.1225717 ], [ 28.7095236, 47.1225721 ], [ 28.7095227, 47.1225727 ], [ 28.7095217, 47.1225733 ], [ 28.7095207, 47.1225738 ], [ 28.7095195, 47.1225742 ], [ 28.7095183, 47.1225745 ], [ 28.7095171, 47.1225748 ], [ 28.7095158, 47.122575 ], [ 28.7095145, 47.1225751 ], [ 28.7095132, 47.1225751 ], [ 28.7095119, 47.122575 ], [ 28.7095106, 47.1225748 ], [ 28.7095094, 47.1225746 ], [ 28.7095082, 47.1225742 ], [ 28.7095071, 47.1225738 ], [ 28.709506, 47.1225733 ], [ 28.7094994, 47.12257 ], [ 28.7094984, 47.1225694 ], [ 28.7094975, 47.1225688 ], [ 28.7094967, 47.1225681 ], [ 28.7094959, 47.1225674 ], [ 28.7094953, 47.1225666 ], [ 28.7094948, 47.1225658 ], [ 28.7094945, 47.122565 ], [ 28.7094942, 47.1225641 ], [ 28.7094941, 47.1225633 ], [ 28.709494, 47.1225624 ], [ 28.7094942, 47.1225615 ], [ 28.7094944, 47.1225607 ], [ 28.7094948, 47.1225598 ], [ 28.7094952, 47.122559 ], [ 28.7094958, 47.1225582 ], [ 28.7094965, 47.1225575 ], [ 28.7095026, 47.1225518 ], [ 28.7095027, 47.1225516 ], [ 28.7095025, 47.1225515 ], [ 28.7094701, 47.1225355 ], [ 28.7094698, 47.1225354 ], [ 28.7094696, 47.1225356 ], [ 28.7094526, 47.1225517 ], [ 28.7094518, 47.1225524 ], [ 28.7094508, 47.1225531 ], [ 28.7094499, 47.1225536 ], [ 28.7094488, 47.1225541 ], [ 28.7094476, 47.1225546 ], [ 28.7094464, 47.1225549 ], [ 28.7094452, 47.1225552 ], [ 28.7094439, 47.1225554 ], [ 28.7094426, 47.1225555 ], [ 28.7094413, 47.1225555 ], [ 28.70944, 47.1225554 ], [ 28.7094388, 47.1225552 ], [ 28.7094375, 47.122555 ], [ 28.7094363, 47.1225546 ], [ 28.7094352, 47.1225542 ], [ 28.7094341, 47.1225537 ], [ 28.709416, 47.1225447 ], [ 28.7094157, 47.1225446 ], [ 28.7094155, 47.1225448 ], [ 28.7094145, 47.1225457 ], [ 28.7094137, 47.1225464 ], [ 28.7094128, 47.122547 ], [ 28.7094118, 47.1225476 ], [ 28.7094107, 47.1225481 ], [ 28.7094096, 47.1225485 ], [ 28.7094084, 47.1225488 ], [ 28.7094072, 47.1225491 ], [ 28.7094059, 47.1225493 ], [ 28.7094046, 47.1225494 ], [ 28.7094033, 47.1225494 ], [ 28.709402, 47.1225493 ], [ 28.7094008, 47.1225491 ], [ 28.7093995, 47.1225489 ], [ 28.7093983, 47.1225486 ], [ 28.7093972, 47.1225481 ], [ 28.7093961, 47.1225477 ], [ 28.7093806, 47.1225399 ], [ 28.7093804, 47.1225398 ], [ 28.70938, 47.1225401 ], [ 28.70938, 47.1225401 ], [ 28.7093795, 47.1225406 ], [ 28.7093786, 47.1225412 ], [ 28.7093776, 47.1225417 ], [ 28.7093765, 47.1225422 ], [ 28.7093754, 47.1225427 ], [ 28.7093742, 47.122543 ], [ 28.7093729, 47.1225433 ], [ 28.7093716, 47.1225434 ], [ 28.7093704, 47.1225435 ], [ 28.7093691, 47.1225435 ], [ 28.7093678, 47.1225434 ], [ 28.7093665, 47.1225433 ], [ 28.7093653, 47.122543 ], [ 28.7093641, 47.1225427 ], [ 28.7093629, 47.1225423 ], [ 28.7093618, 47.1225418 ], [ 28.7093442, 47.1225329 ], [ 28.709344, 47.1225328 ], [ 28.7093438, 47.1225329 ], [ 28.7093407, 47.1225358 ], [ 28.7093399, 47.1225365 ], [ 28.709339, 47.1225371 ], [ 28.709338, 47.1225377 ], [ 28.7093369, 47.1225381 ], [ 28.7093358, 47.1225386 ], [ 28.7093346, 47.1225389 ], [ 28.7093333, 47.1225392 ], [ 28.7093321, 47.1225393 ], [ 28.7093308, 47.1225394 ], [ 28.7093295, 47.1225394 ], [ 28.7093282, 47.1225394 ], [ 28.709327, 47.1225392 ], [ 28.7093257, 47.1225389 ], [ 28.7093246, 47.1225386 ], [ 28.7093234, 47.1225382 ], [ 28.7093223, 47.1225377 ], [ 28.7093, 47.1225267 ], [ 28.7092997, 47.1225265 ], [ 28.7092996, 47.1225267 ], [ 28.7092936, 47.1225323 ], [ 28.7092928, 47.122533 ], [ 28.7092919, 47.1225336 ], [ 28.7092909, 47.1225342 ], [ 28.7092898, 47.1225347 ], [ 28.7092887, 47.1225351 ], [ 28.7092875, 47.1225355 ], [ 28.7092863, 47.1225357 ], [ 28.709285, 47.1225359 ], [ 28.7092837, 47.122536 ], [ 28.7092824, 47.122536 ], [ 28.7092811, 47.122536 ], [ 28.7092799, 47.1225358 ], [ 28.7092786, 47.1225356 ], [ 28.7092774, 47.1225352 ], [ 28.7092763, 47.1225348 ], [ 28.7092752, 47.1225343 ], [ 28.7092547, 47.1225242 ], [ 28.7092544, 47.1225241 ], [ 28.7092541, 47.1225241 ], [ 28.7092533, 47.122524 ], [ 28.7092519, 47.1225239 ], [ 28.7092506, 47.1225237 ], [ 28.7092493, 47.1225233 ], [ 28.709248, 47.1225229 ], [ 28.7092469, 47.1225224 ], [ 28.7092229, 47.1225108 ], [ 28.7092226, 47.1225107 ], [ 28.7092225, 47.1225108 ], [ 28.7092216, 47.1225114 ], [ 28.7092207, 47.1225121 ], [ 28.7092196, 47.1225126 ], [ 28.7092185, 47.1225131 ], [ 28.7092174, 47.1225135 ], [ 28.7092161, 47.1225138 ], [ 28.7092149, 47.122514 ], [ 28.7092136, 47.1225141 ], [ 28.7092123, 47.1225142 ], [ 28.7092109, 47.1225142 ], [ 28.7092097, 47.122514 ], [ 28.7092084, 47.1225138 ], [ 28.7092071, 47.1225135 ], [ 28.709206, 47.1225131 ], [ 28.7092048, 47.1225127 ], [ 28.7091866, 47.1225044 ], [ 28.7091863, 47.1225043 ], [ 28.709186, 47.1225043 ], [ 28.7091854, 47.1225044 ], [ 28.7091841, 47.1225045 ], [ 28.7091828, 47.1225045 ], [ 28.7091815, 47.1225044 ], [ 28.7091802, 47.1225042 ], [ 28.709179, 47.122504 ], [ 28.7091778, 47.1225036 ], [ 28.7091766, 47.1225032 ], [ 28.7091756, 47.1225027 ], [ 28.7091545, 47.1224921 ], [ 28.7091543, 47.122492 ], [ 28.709154, 47.1224921 ], [ 28.7091536, 47.1224924 ], [ 28.7091526, 47.1224929 ], [ 28.7091515, 47.1224933 ], [ 28.7091504, 47.1224937 ], [ 28.7091492, 47.122494 ], [ 28.709148, 47.1224942 ], [ 28.7091468, 47.1224944 ], [ 28.7091455, 47.1224944 ], [ 28.7091443, 47.1224944 ], [ 28.709143, 47.1224943 ], [ 28.7091418, 47.1224941 ], [ 28.7091406, 47.1224939 ], [ 28.7091395, 47.1224935 ], [ 28.7091384, 47.1224931 ], [ 28.7091373, 47.1224926 ], [ 28.7091178, 47.1224826 ], [ 28.7091175, 47.1224825 ], [ 28.7091173, 47.1224827 ], [ 28.7091125, 47.1224871 ], [ 28.7091117, 47.1224878 ], [ 28.7091108, 47.1224884 ], [ 28.7091098, 47.1224889 ], [ 28.7091087, 47.1224894 ], [ 28.7091076, 47.1224898 ], [ 28.7091064, 47.1224902 ], [ 28.7091051, 47.1224904 ], [ 28.7091039, 47.1224906 ], [ 28.7091026, 47.1224907 ], [ 28.7091013, 47.1224907 ], [ 28.7091, 47.1224906 ], [ 28.7090988, 47.1224904 ], [ 28.7090975, 47.1224902 ], [ 28.7090964, 47.1224898 ], [ 28.7090952, 47.1224894 ], [ 28.7090942, 47.122489 ], [ 28.709076, 47.1224799 ], [ 28.7090757, 47.1224797 ], [ 28.7090756, 47.1224798 ], [ 28.7090744, 47.12248 ], [ 28.7090732, 47.1224801 ], [ 28.709072, 47.1224802 ], [ 28.7090707, 47.1224801 ], [ 28.7090695, 47.12248 ], [ 28.7090683, 47.1224799 ], [ 28.7090671, 47.1224796 ], [ 28.709066, 47.1224793 ], [ 28.7090649, 47.1224789 ], [ 28.7090639, 47.1224784 ], [ 28.7090441, 47.1224684 ], [ 28.7090439, 47.1224683 ], [ 28.7090437, 47.1224684 ], [ 28.7090421, 47.1224699 ], [ 28.7090413, 47.1224705 ], [ 28.7090404, 47.1224712 ], [ 28.7090394, 47.1224717 ], [ 28.7090383, 47.1224722 ], [ 28.7090372, 47.1224726 ], [ 28.709036, 47.122473 ], [ 28.7090348, 47.1224732 ], [ 28.7090336, 47.1224734 ], [ 28.7090323, 47.1224735 ], [ 28.709031, 47.1224735 ], [ 28.7090297, 47.1224734 ], [ 28.7090285, 47.1224733 ], [ 28.7090272, 47.122473 ], [ 28.709026, 47.1224727 ], [ 28.7090249, 47.1224723 ], [ 28.7090238, 47.1224718 ], [ 28.7090037, 47.1224619 ], [ 28.7090034, 47.1224618 ], [ 28.7090032, 47.1224619 ], [ 28.7090019, 47.1224631 ], [ 28.7090011, 47.1224638 ], [ 28.7090002, 47.1224645 ], [ 28.7089992, 47.122465 ], [ 28.7089982, 47.1224655 ], [ 28.708997, 47.122466 ], [ 28.7089958, 47.1224663 ], [ 28.7089946, 47.1224666 ], [ 28.7089933, 47.1224668 ], [ 28.708992, 47.1224669 ], [ 28.7089907, 47.1224669 ], [ 28.7089895, 47.1224668 ], [ 28.7089882, 47.1224666 ], [ 28.7089869, 47.1224664 ], [ 28.7089857, 47.122466 ], [ 28.7089846, 47.1224656 ], [ 28.7089835, 47.1224652 ], [ 28.708964, 47.1224555 ], [ 28.7089638, 47.1224554 ], [ 28.7089634, 47.1224556 ], [ 28.7089623, 47.1224562 ], [ 28.7089612, 47.1224566 ], [ 28.70896, 47.122457 ], [ 28.7089587, 47.1224573 ], [ 28.7089574, 47.1224576 ], [ 28.7089561, 47.1224577 ], [ 28.7089548, 47.1224577 ], [ 28.7089534, 47.1224577 ], [ 28.7089521, 47.1224575 ], [ 28.7089508, 47.1224573 ], [ 28.7089496, 47.1224569 ], [ 28.7089484, 47.1224565 ], [ 28.7089473, 47.122456 ], [ 28.7089289, 47.1224471 ], [ 28.7089287, 47.122447 ], [ 28.7089284, 47.1224472 ], [ 28.7089276, 47.1224478 ], [ 28.7089267, 47.1224484 ], [ 28.7089257, 47.1224489 ], [ 28.7089246, 47.1224494 ], [ 28.7089235, 47.1224498 ], [ 28.7089223, 47.1224501 ], [ 28.7089211, 47.1224503 ], [ 28.7089199, 47.1224505 ], [ 28.7089186, 47.1224506 ], [ 28.7089174, 47.1224506 ], [ 28.7089161, 47.1224505 ], [ 28.7089149, 47.1224503 ], [ 28.7089137, 47.1224501 ], [ 28.7089125, 47.1224497 ], [ 28.7089114, 47.1224493 ], [ 28.7089103, 47.1224488 ], [ 28.708891, 47.1224392 ], [ 28.7088908, 47.1224391 ], [ 28.7088904, 47.1224395 ], [ 28.7088903, 47.1224394 ], [ 28.7088899, 47.1224398 ], [ 28.708889, 47.1224405 ], [ 28.708888, 47.122441 ], [ 28.7088869, 47.1224415 ], [ 28.7088858, 47.122442 ], [ 28.7088846, 47.1224423 ], [ 28.7088833, 47.1224426 ], [ 28.7088821, 47.1224427 ], [ 28.7088808, 47.1224428 ], [ 28.7088795, 47.1224428 ], [ 28.7088782, 47.1224427 ], [ 28.7088769, 47.1224426 ], [ 28.7088757, 47.1224423 ], [ 28.7088744, 47.122442 ], [ 28.7088733, 47.1224416 ], [ 28.7088722, 47.1224411 ], [ 28.7088528, 47.1224312 ], [ 28.7088525, 47.1224311 ], [ 28.7088521, 47.1224315 ], [ 28.7088521, 47.1224315 ], [ 28.7088515, 47.1224319 ], [ 28.7088506, 47.1224325 ], [ 28.7088496, 47.1224331 ], [ 28.7088486, 47.1224336 ], [ 28.7088475, 47.122434 ], [ 28.7088463, 47.1224343 ], [ 28.708845, 47.1224346 ], [ 28.7088438, 47.1224348 ], [ 28.7088425, 47.1224349 ], [ 28.7088412, 47.1224349 ], [ 28.70884, 47.1224348 ], [ 28.7088387, 47.1224346 ], [ 28.7088375, 47.1224344 ], [ 28.7088363, 47.1224341 ], [ 28.7088351, 47.1224337 ], [ 28.7088341, 47.1224332 ], [ 28.7088133, 47.122423 ], [ 28.7088131, 47.1224229 ], [ 28.7088128, 47.1224231 ], [ 28.708812, 47.1224238 ], [ 28.7088111, 47.1224244 ], [ 28.7088101, 47.1224249 ], [ 28.708809, 47.1224254 ], [ 28.7088079, 47.1224258 ], [ 28.7088067, 47.1224261 ], [ 28.7088055, 47.1224263 ], [ 28.7088043, 47.1224265 ], [ 28.708803, 47.1224265 ], [ 28.7088018, 47.1224265 ], [ 28.7088005, 47.1224264 ], [ 28.7087993, 47.1224263 ], [ 28.7087981, 47.122426 ], [ 28.7087969, 47.1224257 ], [ 28.7087958, 47.1224253 ], [ 28.7087948, 47.1224248 ], [ 28.7087787, 47.1224169 ], [ 28.7087785, 47.1224168 ], [ 28.7087781, 47.1224171 ], [ 28.7087773, 47.1224177 ], [ 28.7087764, 47.1224183 ], [ 28.7087754, 47.1224188 ], [ 28.7087743, 47.1224193 ], [ 28.7087732, 47.1224197 ], [ 28.708772, 47.12242 ], [ 28.7087708, 47.1224202 ], [ 28.7087696, 47.1224204 ], [ 28.7087683, 47.1224205 ], [ 28.7087671, 47.1224204 ], [ 28.7087658, 47.1224204 ], [ 28.7087646, 47.1224202 ], [ 28.7087634, 47.1224199 ], [ 28.7087622, 47.1224196 ], [ 28.7087611, 47.1224192 ], [ 28.7087601, 47.1224187 ], [ 28.7087401, 47.1224088 ], [ 28.7087398, 47.1224086 ], [ 28.7087394, 47.1224088 ], [ 28.7087382, 47.1224092 ], [ 28.7087369, 47.1224095 ], [ 28.7087356, 47.1224097 ], [ 28.7087343, 47.1224098 ], [ 28.7087329, 47.1224099 ], [ 28.7087316, 47.1224098 ], [ 28.7087303, 47.1224097 ], [ 28.708729, 47.1224094 ], [ 28.7087277, 47.1224091 ], [ 28.7087265, 47.1224087 ], [ 28.7087254, 47.1224082 ], [ 28.7087045, 47.1223978 ], [ 28.7087043, 47.1223977 ], [ 28.7087041, 47.1223979 ], [ 28.7086997, 47.122402 ], [ 28.708699, 47.1224026 ], [ 28.7086981, 47.1224032 ], [ 28.7086971, 47.1224038 ], [ 28.7086961, 47.1224043 ], [ 28.708695, 47.1224047 ], [ 28.7086938, 47.1224051 ], [ 28.7086926, 47.1224053 ], [ 28.7086914, 47.1224055 ], [ 28.7086901, 47.1224056 ], [ 28.7086888, 47.1224057 ], [ 28.7086876, 47.1224056 ], [ 28.7086863, 47.1224055 ], [ 28.7086851, 47.1224052 ], [ 28.7086839, 47.1224049 ], [ 28.7086828, 47.1224046 ], [ 28.7086817, 47.1224041 ], [ 28.7086603, 47.1223942 ], [ 28.70866, 47.1223941 ], [ 28.7086595, 47.1223943 ], [ 28.7086594, 47.1223944 ], [ 28.7086584, 47.1223949 ], [ 28.7086572, 47.1223953 ], [ 28.7086561, 47.1223956 ], [ 28.7086548, 47.1223959 ], [ 28.7086536, 47.122396 ], [ 28.7086523, 47.1223961 ], [ 28.7086511, 47.1223961 ], [ 28.7086498, 47.122396 ], [ 28.7086485, 47.1223959 ], [ 28.7086473, 47.1223956 ], [ 28.7086461, 47.1223953 ], [ 28.708645, 47.1223949 ], [ 28.7086439, 47.1223944 ], [ 28.7086268, 47.122386 ], [ 28.7086265, 47.1223859 ], [ 28.708626, 47.122386 ], [ 28.7086248, 47.1223863 ], [ 28.7086236, 47.1223866 ], [ 28.7086224, 47.1223867 ], [ 28.7086211, 47.1223868 ], [ 28.7086199, 47.1223867 ], [ 28.7086186, 47.1223866 ], [ 28.7086174, 47.1223865 ], [ 28.7086162, 47.1223862 ], [ 28.7086151, 47.1223859 ], [ 28.708614, 47.1223855 ], [ 28.7086134, 47.1223852 ], [ 28.7086134, 47.1223852 ], [ 28.7085798, 47.12237 ], [ 28.7085796, 47.1223699 ], [ 28.7085794, 47.12237 ], [ 28.708573, 47.1223766 ], [ 28.7085722, 47.1223773 ], [ 28.7085713, 47.122378 ], [ 28.7085703, 47.1223786 ], [ 28.7085693, 47.1223791 ], [ 28.7085681, 47.1223796 ], [ 28.7085669, 47.12238 ], [ 28.7085656, 47.1223802 ], [ 28.7085643, 47.1223805 ], [ 28.708563, 47.1223806 ], [ 28.7085617, 47.1223806 ], [ 28.7085604, 47.1223805 ], [ 28.7085591, 47.1223804 ], [ 28.7085578, 47.1223801 ], [ 28.7085565, 47.1223798 ], [ 28.7085554, 47.1223794 ], [ 28.7085542, 47.1223789 ], [ 28.7085265, 47.122365 ], [ 28.7085263, 47.1223649 ], [ 28.7085259, 47.1223652 ], [ 28.7085258, 47.1223652 ], [ 28.7085254, 47.1223656 ], [ 28.7085244, 47.1223663 ], [ 28.7085234, 47.1223668 ], [ 28.7085224, 47.1223673 ], [ 28.7085212, 47.1223677 ], [ 28.70852, 47.1223681 ], [ 28.7085188, 47.1223683 ], [ 28.7085175, 47.1223685 ], [ 28.7085162, 47.1223686 ], [ 28.7085149, 47.1223686 ], [ 28.7085136, 47.1223685 ], [ 28.7085124, 47.1223684 ], [ 28.7085111, 47.1223681 ], [ 28.7085099, 47.1223678 ], [ 28.7085088, 47.1223673 ], [ 28.7085077, 47.1223668 ], [ 28.7084896, 47.1223577 ], [ 28.7084893, 47.1223576 ], [ 28.7084891, 47.1223577 ], [ 28.7084891, 47.1223577 ], [ 28.7084883, 47.1223584 ], [ 28.7084874, 47.122359 ], [ 28.7084864, 47.1223596 ], [ 28.7084854, 47.1223601 ], [ 28.7084842, 47.1223605 ], [ 28.7084831, 47.1223608 ], [ 28.7084818, 47.1223611 ], [ 28.7084806, 47.1223613 ], [ 28.7084793, 47.1223613 ], [ 28.708478, 47.1223614 ], [ 28.7084767, 47.1223613 ], [ 28.7084755, 47.1223611 ], [ 28.7084743, 47.1223609 ], [ 28.7084731, 47.1223605 ], [ 28.7084719, 47.1223601 ], [ 28.7084709, 47.1223597 ], [ 28.7084545, 47.1223516 ], [ 28.7084542, 47.1223515 ], [ 28.7084539, 47.1223515 ], [ 28.7084532, 47.1223517 ], [ 28.7084519, 47.1223518 ], [ 28.7084505, 47.1223518 ], [ 28.7084492, 47.1223518 ], [ 28.7084478, 47.1223517 ], [ 28.7084465, 47.1223514 ], [ 28.7084452, 47.1223511 ], [ 28.708444, 47.1223507 ], [ 28.7084429, 47.1223502 ], [ 28.7084218, 47.1223399 ], [ 28.7084215, 47.1223398 ], [ 28.7084213, 47.1223399 ], [ 28.7084201, 47.122341 ], [ 28.7084193, 47.1223417 ], [ 28.7084184, 47.1223424 ], [ 28.7084174, 47.122343 ], [ 28.7084164, 47.1223435 ], [ 28.7084152, 47.1223439 ], [ 28.708414, 47.1223442 ], [ 28.7084128, 47.1223445 ], [ 28.7084115, 47.1223447 ], [ 28.7084102, 47.1223448 ], [ 28.7084089, 47.1223448 ], [ 28.7084076, 47.1223447 ], [ 28.7084064, 47.1223446 ], [ 28.7084051, 47.1223443 ], [ 28.7084039, 47.122344 ], [ 28.7084028, 47.1223436 ], [ 28.7084017, 47.1223431 ], [ 28.7083846, 47.1223347 ], [ 28.7083844, 47.1223346 ], [ 28.708384, 47.1223349 ], [ 28.7083832, 47.1223355 ], [ 28.7083823, 47.1223361 ], [ 28.7083813, 47.1223366 ], [ 28.7083802, 47.1223371 ], [ 28.7083791, 47.1223375 ], [ 28.708378, 47.1223378 ], [ 28.7083768, 47.122338 ], [ 28.7083755, 47.1223382 ], [ 28.7083743, 47.1223382 ], [ 28.708373, 47.1223382 ], [ 28.7083718, 47.1223381 ], [ 28.7083705, 47.122338 ], [ 28.7083693, 47.1223377 ], [ 28.7083682, 47.1223374 ], [ 28.7083671, 47.122337 ], [ 28.708366, 47.1223365 ], [ 28.7083468, 47.122327 ], [ 28.7083466, 47.1223269 ], [ 28.7083462, 47.1223272 ], [ 28.7083453, 47.1223279 ], [ 28.7083443, 47.1223285 ], [ 28.7083433, 47.122329 ], [ 28.7083421, 47.1223295 ], [ 28.7083409, 47.1223299 ], [ 28.7083397, 47.1223302 ], [ 28.7083384, 47.1223304 ], [ 28.7083371, 47.1223305 ], [ 28.7083357, 47.1223306 ], [ 28.7083344, 47.1223305 ], [ 28.7083331, 47.1223303 ], [ 28.7083318, 47.1223301 ], [ 28.7083306, 47.1223298 ], [ 28.7083294, 47.1223294 ], [ 28.7083282, 47.1223289 ], [ 28.708309, 47.1223195 ], [ 28.7083088, 47.1223194 ], [ 28.7083085, 47.1223196 ], [ 28.7083077, 47.1223202 ], [ 28.7083068, 47.1223208 ], [ 28.7083058, 47.1223213 ], [ 28.7083047, 47.1223218 ], [ 28.7083036, 47.1223222 ], [ 28.7083024, 47.1223225 ], [ 28.7083012, 47.1223227 ], [ 28.7083, 47.1223229 ], [ 28.7082987, 47.122323 ], [ 28.7082975, 47.122323 ], [ 28.7082962, 47.1223229 ], [ 28.708295, 47.1223227 ], [ 28.7082938, 47.1223225 ], [ 28.7082926, 47.1223221 ], [ 28.7082915, 47.1223217 ], [ 28.7082905, 47.1223213 ], [ 28.7082735, 47.1223128 ], [ 28.7082732, 47.1223127 ], [ 28.708273, 47.1223129 ], [ 28.7082694, 47.1223163 ], [ 28.7082686, 47.122317 ], [ 28.7082677, 47.1223176 ], [ 28.7082667, 47.1223181 ], [ 28.7082657, 47.1223186 ], [ 28.7082646, 47.1223191 ], [ 28.7082634, 47.1223194 ], [ 28.7082622, 47.1223197 ], [ 28.7082609, 47.1223199 ], [ 28.7082597, 47.12232 ], [ 28.7082584, 47.12232 ], [ 28.7082571, 47.1223199 ], [ 28.7082559, 47.1223198 ], [ 28.7082546, 47.1223195 ], [ 28.7082534, 47.1223192 ], [ 28.7082523, 47.1223188 ], [ 28.7082512, 47.1223184 ], [ 28.7082308, 47.1223087 ], [ 28.7082305, 47.1223085 ], [ 28.7082303, 47.1223087 ], [ 28.7082257, 47.1223133 ], [ 28.7082249, 47.122314 ], [ 28.708224, 47.1223147 ], [ 28.708223, 47.1223152 ], [ 28.7082219, 47.1223158 ], [ 28.7082208, 47.1223162 ], [ 28.7082196, 47.1223166 ], [ 28.7082184, 47.1223168 ], [ 28.7082171, 47.122317 ], [ 28.7082158, 47.1223171 ], [ 28.7082145, 47.1223172 ], [ 28.7082132, 47.1223171 ], [ 28.7082119, 47.1223169 ], [ 28.7082106, 47.1223167 ], [ 28.7082094, 47.1223164 ], [ 28.7082083, 47.122316 ], [ 28.7082072, 47.1223155 ], [ 28.7081929, 47.1223085 ], [ 28.7081921, 47.1223081 ], [ 28.7081914, 47.1223076 ], [ 28.7081912, 47.1223075 ], [ 28.708191, 47.1223074 ], [ 28.7081586, 47.1222914 ], [ 28.7081583, 47.1222913 ], [ 28.7081581, 47.1222914 ], [ 28.7081569, 47.1222918 ], [ 28.7081557, 47.1222921 ], [ 28.7081544, 47.1222923 ], [ 28.708153, 47.1222924 ], [ 28.7081517, 47.1222925 ], [ 28.7081503, 47.1222924 ], [ 28.708149, 47.1222923 ], [ 28.7081477, 47.122292 ], [ 28.7081464, 47.1222917 ], [ 28.7081452, 47.1222913 ], [ 28.7081441, 47.1222908 ], [ 28.708122, 47.12228 ], [ 28.7081218, 47.1222799 ], [ 28.7081216, 47.1222801 ], [ 28.7081207, 47.1222808 ], [ 28.7081197, 47.1222814 ], [ 28.7081186, 47.122282 ], [ 28.7081175, 47.1222824 ], [ 28.7081163, 47.1222828 ], [ 28.708115, 47.1222831 ], [ 28.7081137, 47.1222833 ], [ 28.7081124, 47.1222835 ], [ 28.7081111, 47.1222835 ], [ 28.7081097, 47.1222835 ], [ 28.7081084, 47.1222833 ], [ 28.7081071, 47.1222831 ], [ 28.7081059, 47.1222827 ], [ 28.7081047, 47.1222823 ], [ 28.7081036, 47.1222818 ], [ 28.7080855, 47.122273 ], [ 28.7080852, 47.1222729 ], [ 28.708085, 47.122273 ], [ 28.7080842, 47.1222737 ], [ 28.7080832, 47.1222743 ], [ 28.7080821, 47.1222749 ], [ 28.708081, 47.1222754 ], [ 28.7080798, 47.1222757 ], [ 28.7080785, 47.1222761 ], [ 28.7080773, 47.1222763 ], [ 28.7080759, 47.1222764 ], [ 28.7080746, 47.1222764 ], [ 28.7080733, 47.1222764 ], [ 28.708072, 47.1222762 ], [ 28.7080707, 47.122276 ], [ 28.7080694, 47.1222757 ], [ 28.7080682, 47.1222753 ], [ 28.7080671, 47.1222748 ], [ 28.7080464, 47.1222649 ], [ 28.7080462, 47.1222648 ], [ 28.708046, 47.1222649 ], [ 28.7079249, 47.1223824 ], [ 28.7079248, 47.1223825 ], [ 28.7077393, 47.122557 ], [ 28.7077392, 47.1225571 ], [ 28.7076295, 47.1226581 ], [ 28.7076294, 47.1226582 ], [ 28.7076291, 47.1226585 ], [ 28.707629, 47.1226586 ], [ 28.7075843, 47.1227027 ], [ 28.7075841, 47.1227029 ], [ 28.7074826, 47.1227982 ], [ 28.7074824, 47.1227984 ] ], [ [ 28.7106663, 47.1220181 ], [ 28.7106671, 47.1220174 ], [ 28.7106679, 47.1220168 ], [ 28.7106689, 47.1220162 ], [ 28.71067, 47.1220157 ], [ 28.7106711, 47.1220153 ], [ 28.7106722, 47.1220149 ], [ 28.7106735, 47.1220147 ], [ 28.7106747, 47.1220145 ], [ 28.710676, 47.1220144 ], [ 28.7106772, 47.1220144 ], [ 28.7106785, 47.1220144 ], [ 28.7106798, 47.1220146 ], [ 28.710681, 47.1220148 ], [ 28.7106822, 47.1220151 ], [ 28.7106833, 47.1220155 ], [ 28.7106844, 47.1220159 ], [ 28.7106854, 47.1220165 ], [ 28.7106864, 47.1220171 ], [ 28.7106872, 47.1220177 ], [ 28.710688, 47.1220184 ], [ 28.7106886, 47.1220192 ], [ 28.7106892, 47.12202 ], [ 28.7106896, 47.1220208 ], [ 28.7106899, 47.1220216 ], [ 28.7106901, 47.1220225 ], [ 28.7106901, 47.1220234 ], [ 28.7106901, 47.1220242 ], [ 28.7106899, 47.1220251 ], [ 28.7106896, 47.1220259 ], [ 28.7106892, 47.1220267 ], [ 28.7106886, 47.1220275 ], [ 28.7106772, 47.1220424 ], [ 28.7106765, 47.1220431 ], [ 28.7106758, 47.1220438 ], [ 28.710675, 47.1220445 ], [ 28.710674, 47.122045 ], [ 28.710673, 47.1220456 ], [ 28.710672, 47.122046 ], [ 28.7106709, 47.1220464 ], [ 28.7106697, 47.1220467 ], [ 28.7106685, 47.122047 ], [ 28.7106672, 47.1220471 ], [ 28.710666, 47.1220472 ], [ 28.7106647, 47.1220472 ], [ 28.7106635, 47.1220471 ], [ 28.7106622, 47.1220469 ], [ 28.710661, 47.1220466 ], [ 28.7106599, 47.1220463 ], [ 28.7106587, 47.1220459 ], [ 28.7106577, 47.1220454 ], [ 28.7106549, 47.122044 ], [ 28.7106539, 47.1220435 ], [ 28.710653, 47.1220429 ], [ 28.7106522, 47.1220422 ], [ 28.7106515, 47.1220415 ], [ 28.7106509, 47.1220407 ], [ 28.7106504, 47.1220399 ], [ 28.71065, 47.122039 ], [ 28.7106497, 47.1220382 ], [ 28.7106496, 47.1220373 ], [ 28.7106496, 47.1220364 ], [ 28.7106497, 47.1220356 ], [ 28.7106499, 47.1220347 ], [ 28.7106503, 47.1220339 ], [ 28.7106508, 47.122033 ], [ 28.7106514, 47.1220323 ], [ 28.7106521, 47.1220315 ], [ 28.7106663, 47.1220181 ] ], [ [ 28.7105566, 47.1217282 ], [ 28.7105564, 47.1217284 ], [ 28.7105256, 47.1217573 ], [ 28.7105255, 47.1217574 ], [ 28.7105251, 47.1217578 ], [ 28.7105251, 47.1217578 ], [ 28.7105214, 47.1217616 ], [ 28.7105206, 47.1217624 ], [ 28.7105197, 47.121763 ], [ 28.7105187, 47.1217636 ], [ 28.7105177, 47.1217641 ], [ 28.7105166, 47.1217646 ], [ 28.7105154, 47.121765 ], [ 28.7105142, 47.1217653 ], [ 28.7105129, 47.1217655 ], [ 28.7105116, 47.1217656 ], [ 28.7105103, 47.1217657 ], [ 28.710509, 47.1217656 ], [ 28.7105077, 47.1217655 ], [ 28.7105065, 47.1217653 ], [ 28.7105053, 47.121765 ], [ 28.7105041, 47.1217646 ], [ 28.7105009, 47.1217634 ], [ 28.7104998, 47.1217629 ], [ 28.7104988, 47.1217624 ], [ 28.7104979, 47.1217618 ], [ 28.710497, 47.1217612 ], [ 28.7104963, 47.1217605 ], [ 28.7104956, 47.1217598 ], [ 28.710495, 47.121759 ], [ 28.7104946, 47.1217582 ], [ 28.7104943, 47.1217574 ], [ 28.7104941, 47.1217565 ], [ 28.710494, 47.1217556 ], [ 28.710494, 47.1217548 ], [ 28.7104942, 47.1217539 ], [ 28.7104945, 47.1217531 ], [ 28.7104949, 47.1217523 ], [ 28.7104954, 47.1217515 ], [ 28.710496, 47.1217507 ], [ 28.7104967, 47.12175 ], [ 28.710558, 47.1216953 ], [ 28.7105588, 47.1216946 ], [ 28.7105597, 47.121694 ], [ 28.7105607, 47.1216935 ], [ 28.7105618, 47.121693 ], [ 28.7105629, 47.1216926 ], [ 28.7105641, 47.1216923 ], [ 28.7105653, 47.121692 ], [ 28.7105666, 47.1216919 ], [ 28.7105678, 47.1216918 ], [ 28.7105691, 47.1216918 ], [ 28.7105704, 47.1216919 ], [ 28.7105716, 47.121692 ], [ 28.7105728, 47.1216923 ], [ 28.710574, 47.1216926 ], [ 28.7105752, 47.121693 ], [ 28.7105762, 47.1216935 ], [ 28.710601, 47.1217057 ], [ 28.7106015, 47.1217059 ], [ 28.7106022, 47.1217062 ], [ 28.7106032, 47.1217067 ], [ 28.7106042, 47.1217073 ], [ 28.7106051, 47.121708 ], [ 28.7106059, 47.1217087 ], [ 28.7106066, 47.1217095 ], [ 28.7106071, 47.1217103 ], [ 28.7106076, 47.1217112 ], [ 28.7106079, 47.121712 ], [ 28.7106081, 47.1217129 ], [ 28.7106081, 47.1217138 ], [ 28.710608, 47.1217147 ], [ 28.7106078, 47.1217156 ], [ 28.7106075, 47.1217165 ], [ 28.710607, 47.1217173 ], [ 28.7106064, 47.1217181 ], [ 28.7106057, 47.1217189 ], [ 28.7105905, 47.1217337 ], [ 28.7105897, 47.1217344 ], [ 28.7105888, 47.1217351 ], [ 28.7105878, 47.1217357 ], [ 28.7105868, 47.1217362 ], [ 28.7105856, 47.1217366 ], [ 28.7105844, 47.121737 ], [ 28.7105832, 47.1217373 ], [ 28.7105819, 47.1217374 ], [ 28.7105806, 47.1217375 ], [ 28.7105793, 47.1217376 ], [ 28.710578, 47.1217375 ], [ 28.7105767, 47.1217373 ], [ 28.7105754, 47.1217371 ], [ 28.7105742, 47.1217367 ], [ 28.7105731, 47.1217363 ], [ 28.710572, 47.1217358 ], [ 28.7105569, 47.1217283 ], [ 28.7105566, 47.1217282 ] ], [ [ 28.7105315, 47.1221592 ], [ 28.7105305, 47.1221587 ], [ 28.7105296, 47.122158 ], [ 28.7105287, 47.1221574 ], [ 28.710528, 47.1221566 ], [ 28.7105274, 47.1221559 ], [ 28.7105269, 47.1221551 ], [ 28.7105265, 47.1221542 ], [ 28.7105262, 47.1221533 ], [ 28.7105261, 47.1221525 ], [ 28.710526, 47.1221516 ], [ 28.7105262, 47.1221507 ], [ 28.7105264, 47.1221498 ], [ 28.7105268, 47.122149 ], [ 28.7105272, 47.1221482 ], [ 28.7105278, 47.1221474 ], [ 28.7105285, 47.1221466 ], [ 28.7105459, 47.1221302 ], [ 28.710546, 47.1221301 ], [ 28.7105746, 47.1221036 ], [ 28.7105754, 47.122103 ], [ 28.7105763, 47.1221023 ], [ 28.7105773, 47.1221018 ], [ 28.7105784, 47.1221013 ], [ 28.7105795, 47.1221009 ], [ 28.7105807, 47.1221005 ], [ 28.7105819, 47.1221003 ], [ 28.7105832, 47.1221001 ], [ 28.7105845, 47.1221 ], [ 28.7105858, 47.1221 ], [ 28.7105871, 47.1221001 ], [ 28.7105883, 47.1221002 ], [ 28.7105896, 47.1221005 ], [ 28.7105908, 47.1221008 ], [ 28.7105919, 47.1221012 ], [ 28.710593, 47.1221017 ], [ 28.7106028, 47.1221066 ], [ 28.7106038, 47.1221072 ], [ 28.7106047, 47.1221078 ], [ 28.7106055, 47.1221085 ], [ 28.7106062, 47.1221092 ], [ 28.7106068, 47.12211 ], [ 28.7106073, 47.1221108 ], [ 28.7106077, 47.1221116 ], [ 28.710608, 47.1221125 ], [ 28.7106081, 47.1221134 ], [ 28.7106081, 47.1221142 ], [ 28.710608, 47.1221151 ], [ 28.7106078, 47.122116 ], [ 28.7106074, 47.1221168 ], [ 28.7106069, 47.1221176 ], [ 28.7106063, 47.1221184 ], [ 28.7106056, 47.1221191 ], [ 28.7105603, 47.1221622 ], [ 28.7105595, 47.1221629 ], [ 28.7105586, 47.1221636 ], [ 28.7105576, 47.1221641 ], [ 28.7105565, 47.1221646 ], [ 28.7105554, 47.1221651 ], [ 28.7105542, 47.1221654 ], [ 28.710553, 47.1221657 ], [ 28.7105517, 47.1221659 ], [ 28.7105504, 47.122166 ], [ 28.7105491, 47.122166 ], [ 28.7105478, 47.1221659 ], [ 28.7105466, 47.1221657 ], [ 28.7105453, 47.1221655 ], [ 28.7105441, 47.1221652 ], [ 28.710543, 47.1221648 ], [ 28.7105419, 47.1221643 ], [ 28.7105315, 47.1221592 ] ], [ [ 28.7097599, 47.1221572 ], [ 28.7097597, 47.1221571 ], [ 28.7097331, 47.1221416 ], [ 28.7097322, 47.122141 ], [ 28.7097313, 47.1221403 ], [ 28.7097305, 47.1221396 ], [ 28.7097299, 47.1221388 ], [ 28.7097293, 47.122138 ], [ 28.7097289, 47.1221371 ], [ 28.7097287, 47.1221362 ], [ 28.7097285, 47.1221353 ], [ 28.7097285, 47.1221344 ], [ 28.7097286, 47.1221335 ], [ 28.7097289, 47.1221326 ], [ 28.7097293, 47.1221318 ], [ 28.7097298, 47.1221309 ], [ 28.7097304, 47.1221301 ], [ 28.7097311, 47.1221294 ], [ 28.7097396, 47.1221216 ], [ 28.7097404, 47.122121 ], [ 28.7097414, 47.1221203 ], [ 28.7097424, 47.1221198 ], [ 28.7097435, 47.1221193 ], [ 28.7097447, 47.1221189 ], [ 28.7097459, 47.1221185 ], [ 28.7097472, 47.1221183 ], [ 28.7097485, 47.1221181 ], [ 28.7097498, 47.122118 ], [ 28.7097511, 47.1221181 ], [ 28.7097524, 47.1221182 ], [ 28.7097537, 47.1221184 ], [ 28.709755, 47.1221187 ], [ 28.7097562, 47.122119 ], [ 28.7097573, 47.1221195 ], [ 28.7097584, 47.12212 ], [ 28.7097758, 47.1221295 ], [ 28.7097761, 47.1221296 ], [ 28.7097763, 47.1221295 ], [ 28.7097848, 47.1221221 ], [ 28.7097857, 47.1221214 ], [ 28.7098219, 47.1220965 ], [ 28.7098221, 47.1220963 ], [ 28.7098231, 47.1220955 ], [ 28.7098233, 47.1220953 ], [ 28.7098235, 47.1220952 ], [ 28.7098244, 47.1220946 ], [ 28.7098253, 47.122094 ], [ 28.7098263, 47.1220934 ], [ 28.7098274, 47.122093 ], [ 28.7098286, 47.1220926 ], [ 28.7098298, 47.1220923 ], [ 28.709831, 47.1220921 ], [ 28.7098323, 47.122092 ], [ 28.7098335, 47.1220919 ], [ 28.7098348, 47.1220919 ], [ 28.7098361, 47.122092 ], [ 28.7098373, 47.1220922 ], [ 28.7098385, 47.1220925 ], [ 28.7098397, 47.1220929 ], [ 28.7098408, 47.1220933 ], [ 28.7098418, 47.1220938 ], [ 28.7098428, 47.1220944 ], [ 28.7098437, 47.122095 ], [ 28.7098445, 47.1220957 ], [ 28.7098452, 47.1220964 ], [ 28.7098457, 47.1220972 ], [ 28.7098462, 47.122098 ], [ 28.7098466, 47.1220989 ], [ 28.7098468, 47.1220997 ], [ 28.7098469, 47.1221006 ], [ 28.7098469, 47.1221015 ], [ 28.7098467, 47.1221023 ], [ 28.7098465, 47.1221032 ], [ 28.7098461, 47.122104 ], [ 28.7098456, 47.1221048 ], [ 28.709845, 47.1221056 ], [ 28.7098443, 47.1221063 ], [ 28.7098032, 47.1221438 ], [ 28.709803, 47.1221439 ], [ 28.7097837, 47.1221621 ], [ 28.7097829, 47.1221628 ], [ 28.709782, 47.1221634 ], [ 28.709781, 47.122164 ], [ 28.7097799, 47.1221645 ], [ 28.7097787, 47.1221649 ], [ 28.7097775, 47.1221653 ], [ 28.7097763, 47.1221655 ], [ 28.709775, 47.1221657 ], [ 28.7097737, 47.1221658 ], [ 28.7097724, 47.1221658 ], [ 28.7097711, 47.1221657 ], [ 28.7097698, 47.1221655 ], [ 28.7097686, 47.1221652 ], [ 28.7097673, 47.1221649 ], [ 28.7097662, 47.1221645 ], [ 28.7097651, 47.122164 ], [ 28.7097641, 47.1221634 ], [ 28.7097632, 47.1221628 ], [ 28.7097624, 47.1221621 ], [ 28.7097617, 47.1221613 ], [ 28.7097611, 47.1221605 ], [ 28.7097606, 47.1221597 ], [ 28.7097602, 47.1221588 ], [ 28.70976, 47.1221579 ], [ 28.7097599, 47.1221574 ], [ 28.7097599, 47.1221572 ] ], [ [ 28.7094898, 47.123101 ], [ 28.7094908, 47.1231016 ], [ 28.7094918, 47.1231022 ], [ 28.7094926, 47.1231029 ], [ 28.7094933, 47.1231037 ], [ 28.709494, 47.1231045 ], [ 28.7094945, 47.1231053 ], [ 28.7094948, 47.1231062 ], [ 28.7094951, 47.123107 ], [ 28.7094952, 47.1231079 ], [ 28.7094952, 47.1231088 ], [ 28.709495, 47.1231097 ], [ 28.7094947, 47.1231106 ], [ 28.7094943, 47.1231115 ], [ 28.7094938, 47.1231123 ], [ 28.7094932, 47.1231131 ], [ 28.7094924, 47.1231138 ], [ 28.7094761, 47.123128 ], [ 28.7094753, 47.1231286 ], [ 28.7094744, 47.1231292 ], [ 28.7094734, 47.1231297 ], [ 28.7094724, 47.1231302 ], [ 28.7094713, 47.1231306 ], [ 28.7094701, 47.1231309 ], [ 28.7094689, 47.1231312 ], [ 28.7094677, 47.1231313 ], [ 28.7094664, 47.1231314 ], [ 28.7094652, 47.1231314 ], [ 28.7094639, 47.1231313 ], [ 28.7094627, 47.1231312 ], [ 28.7094615, 47.1231309 ], [ 28.7094603, 47.1231306 ], [ 28.7094592, 47.1231302 ], [ 28.7094581, 47.1231297 ], [ 28.7094462, 47.123124 ], [ 28.7094452, 47.1231234 ], [ 28.7094443, 47.1231228 ], [ 28.7094434, 47.1231221 ], [ 28.7094427, 47.1231214 ], [ 28.709442, 47.1231206 ], [ 28.7094415, 47.1231198 ], [ 28.7094411, 47.1231189 ], [ 28.7094409, 47.1231181 ], [ 28.7094407, 47.1231172 ], [ 28.7094407, 47.1231163 ], [ 28.7094408, 47.1231154 ], [ 28.7094411, 47.1231145 ], [ 28.7094414, 47.1231137 ], [ 28.7094419, 47.1231129 ], [ 28.7094425, 47.1231121 ], [ 28.7094432, 47.1231113 ], [ 28.7094589, 47.1230967 ], [ 28.7094598, 47.123096 ], [ 28.7094607, 47.1230954 ], [ 28.7094617, 47.1230948 ], [ 28.7094627, 47.1230943 ], [ 28.7094639, 47.1230939 ], [ 28.7094651, 47.1230936 ], [ 28.7094663, 47.1230933 ], [ 28.7094676, 47.1230931 ], [ 28.7094689, 47.1230931 ], [ 28.7094701, 47.1230931 ], [ 28.7094714, 47.1230931 ], [ 28.7094727, 47.1230933 ], [ 28.7094739, 47.1230936 ], [ 28.7094751, 47.1230939 ], [ 28.7094763, 47.1230943 ], [ 28.7094774, 47.1230948 ], [ 28.7094898, 47.123101 ] ], [ [ 28.7089333, 47.1213929 ], [ 28.7089325, 47.1213936 ], [ 28.7089316, 47.1213942 ], [ 28.7089307, 47.1213947 ], [ 28.7089296, 47.1213952 ], [ 28.7089285, 47.1213957 ], [ 28.7089273, 47.121396 ], [ 28.7089261, 47.1213963 ], [ 28.7089249, 47.1213965 ], [ 28.7089236, 47.1213966 ], [ 28.7089223, 47.1213966 ], [ 28.708921, 47.1213965 ], [ 28.7089198, 47.1213964 ], [ 28.7089185, 47.1213962 ], [ 28.7089173, 47.1213959 ], [ 28.7089162, 47.1213955 ], [ 28.7089151, 47.121395 ], [ 28.7089141, 47.1213945 ], [ 28.7089132, 47.1213939 ], [ 28.7089123, 47.1213932 ], [ 28.7089116, 47.1213925 ], [ 28.7089109, 47.1213918 ], [ 28.7089104, 47.121391 ], [ 28.70891, 47.1213901 ], [ 28.7089097, 47.1213893 ], [ 28.7089095, 47.1213884 ], [ 28.7089094, 47.1213876 ], [ 28.7089095, 47.1213867 ], [ 28.7089097, 47.1213858 ], [ 28.70891, 47.121385 ], [ 28.7089105, 47.1213842 ], [ 28.708911, 47.1213834 ], [ 28.7089267, 47.1213634 ], [ 28.7089276, 47.1213624 ], [ 28.7090027, 47.1212913 ], [ 28.7090033, 47.1212908 ], [ 28.7090535, 47.12125 ], [ 28.7090535, 47.12125 ], [ 28.7090539, 47.1212496 ], [ 28.709054, 47.1212496 ], [ 28.7091035, 47.1212061 ], [ 28.7091043, 47.1212054 ], [ 28.7091053, 47.1212048 ], [ 28.7091063, 47.1212043 ], [ 28.7091074, 47.1212038 ], [ 28.7091085, 47.1212034 ], [ 28.7091097, 47.1212031 ], [ 28.709111, 47.1212029 ], [ 28.7091122, 47.1212027 ], [ 28.7091135, 47.1212026 ], [ 28.7091148, 47.1212026 ], [ 28.7091161, 47.1212027 ], [ 28.7091173, 47.1212029 ], [ 28.7091186, 47.1212032 ], [ 28.7091197, 47.1212036 ], [ 28.7091209, 47.121204 ], [ 28.7091219, 47.1212045 ], [ 28.7091229, 47.121205 ], [ 28.7091238, 47.1212057 ], [ 28.7091246, 47.1212064 ], [ 28.7091253, 47.1212071 ], [ 28.7091259, 47.1212079 ], [ 28.7091264, 47.1212087 ], [ 28.7091267, 47.1212095 ], [ 28.709127, 47.1212104 ], [ 28.7091271, 47.1212113 ], [ 28.7091271, 47.1212122 ], [ 28.7091269, 47.121213 ], [ 28.7091267, 47.1212139 ], [ 28.7091263, 47.1212147 ], [ 28.7091258, 47.1212155 ], [ 28.7091252, 47.1212163 ], [ 28.7091244, 47.121217 ], [ 28.7091082, 47.1212317 ], [ 28.709108, 47.1212319 ], [ 28.7090306, 47.1213045 ], [ 28.7090305, 47.1213046 ], [ 28.708951, 47.1213761 ], [ 28.708951, 47.1213762 ], [ 28.7089507, 47.1213764 ], [ 28.7089507, 47.1213764 ], [ 28.7089333, 47.1213929 ] ] ], [ [ [ 28.7105252, 47.1222866 ], [ 28.7105254, 47.1222867 ], [ 28.7105363, 47.1222922 ], [ 28.7105372, 47.1222927 ], [ 28.7105381, 47.1222933 ], [ 28.7105389, 47.122294 ], [ 28.7105396, 47.1222947 ], [ 28.7105402, 47.1222954 ], [ 28.7105407, 47.1222962 ], [ 28.7105411, 47.122297 ], [ 28.7105414, 47.1222978 ], [ 28.7105416, 47.1222987 ], [ 28.7105416, 47.1222995 ], [ 28.7105415, 47.1223004 ], [ 28.7105413, 47.1223012 ], [ 28.7105412, 47.1223016 ], [ 28.7105415, 47.1223018 ], [ 28.7105709, 47.1223202 ], [ 28.7105711, 47.1223203 ], [ 28.7105713, 47.1223202 ], [ 28.7107269, 47.1222048 ], [ 28.710727, 47.1222047 ], [ 28.7107272, 47.1222045 ], [ 28.7107273, 47.1222045 ], [ 28.7107622, 47.1221774 ], [ 28.7107623, 47.1221773 ], [ 28.7107628, 47.1221769 ], [ 28.7107629, 47.1221768 ], [ 28.7108123, 47.1221348 ], [ 28.7108124, 47.1221347 ], [ 28.7108128, 47.1221343 ], [ 28.7108129, 47.1221343 ], [ 28.7108754, 47.1220767 ], [ 28.7108756, 47.1220765 ], [ 28.7108754, 47.1220764 ], [ 28.7108433, 47.1220601 ], [ 28.710843, 47.12206 ], [ 28.7108428, 47.1220602 ], [ 28.7107874, 47.1221112 ], [ 28.7107866, 47.1221118 ], [ 28.7107857, 47.1221125 ], [ 28.7107847, 47.122113 ], [ 28.7107836, 47.1221135 ], [ 28.7107825, 47.1221139 ], [ 28.7107813, 47.1221143 ], [ 28.71078, 47.1221145 ], [ 28.7107787, 47.1221147 ], [ 28.7107774, 47.1221148 ], [ 28.7107761, 47.1221148 ], [ 28.7107749, 47.1221147 ], [ 28.7107736, 47.1221145 ], [ 28.7107723, 47.1221143 ], [ 28.7107711, 47.1221139 ], [ 28.71077, 47.1221135 ], [ 28.7107689, 47.122113 ], [ 28.7107481, 47.1221023 ], [ 28.7107478, 47.1221022 ], [ 28.7107476, 47.1221023 ], [ 28.710647, 47.1221937 ], [ 28.7106468, 47.1221938 ], [ 28.7106471, 47.122194 ], [ 28.7106586, 47.1221999 ], [ 28.7106596, 47.1222005 ], [ 28.7106605, 47.1222011 ], [ 28.7106613, 47.1222018 ], [ 28.710662, 47.1222025 ], [ 28.7106626, 47.1222033 ], [ 28.7106631, 47.1222041 ], [ 28.7106635, 47.122205 ], [ 28.7106637, 47.1222058 ], [ 28.7106639, 47.1222067 ], [ 28.7106639, 47.1222076 ], [ 28.7106637, 47.1222085 ], [ 28.7106635, 47.1222093 ], [ 28.7106631, 47.1222102 ], [ 28.7106626, 47.122211 ], [ 28.7106619, 47.1222118 ], [ 28.7106612, 47.1222125 ], [ 28.7106604, 47.1222132 ], [ 28.71061, 47.1222506 ], [ 28.7106091, 47.1222512 ], [ 28.7106081, 47.1222517 ], [ 28.710607, 47.1222522 ], [ 28.7106059, 47.1222526 ], [ 28.7106047, 47.122253 ], [ 28.7106035, 47.1222532 ], [ 28.7106022, 47.1222534 ], [ 28.7106009, 47.1222535 ], [ 28.7105996, 47.1222535 ], [ 28.7105984, 47.1222534 ], [ 28.7105971, 47.1222532 ], [ 28.7105959, 47.122253 ], [ 28.7105947, 47.1222526 ], [ 28.7105936, 47.1222522 ], [ 28.7105925, 47.1222517 ], [ 28.7105735, 47.1222422 ], [ 28.7105733, 47.1222421 ], [ 28.7105731, 47.1222422 ], [ 28.7105254, 47.1222864 ], [ 28.7105252, 47.1222866 ] ] ], [ [ [ 28.7081926, 47.121901 ], [ 28.7081929, 47.1219011 ], [ 28.7081962, 47.1219027 ], [ 28.7081972, 47.1219032 ], [ 28.7081982, 47.1219038 ], [ 28.708199, 47.1219044 ], [ 28.7081998, 47.1219052 ], [ 28.7082004, 47.1219059 ], [ 28.708201, 47.1219067 ], [ 28.7082014, 47.1219075 ], [ 28.7082017, 47.1219084 ], [ 28.7082019, 47.1219093 ], [ 28.7082019, 47.1219101 ], [ 28.7082019, 47.121911 ], [ 28.7082017, 47.1219119 ], [ 28.7082013, 47.1219127 ], [ 28.7082013, 47.1219129 ], [ 28.7082015, 47.121913 ], [ 28.7082335, 47.1219294 ], [ 28.7082337, 47.1219295 ], [ 28.7082339, 47.1219293 ], [ 28.7083344, 47.1218379 ], [ 28.7083346, 47.1218377 ], [ 28.7083343, 47.1218376 ], [ 28.7083024, 47.1218212 ], [ 28.7083021, 47.1218211 ], [ 28.7083019, 47.1218213 ], [ 28.708245, 47.1218731 ], [ 28.7082442, 47.1218737 ], [ 28.7082433, 47.1218743 ], [ 28.7082424, 47.1218749 ], [ 28.7082413, 47.1218754 ], [ 28.7082402, 47.1218758 ], [ 28.7082391, 47.1218761 ], [ 28.7082379, 47.1218764 ], [ 28.7082366, 47.1218765 ], [ 28.7082354, 47.1218766 ], [ 28.7082341, 47.1218767 ], [ 28.7082329, 47.1218766 ], [ 28.7082316, 47.1218764 ], [ 28.7082304, 47.1218762 ], [ 28.7082292, 47.1218759 ], [ 28.7082281, 47.1218755 ], [ 28.708227, 47.1218751 ], [ 28.7082216, 47.1218725 ], [ 28.7082213, 47.1218724 ], [ 28.7082211, 47.1218726 ], [ 28.7081928, 47.1219008 ], [ 28.7081926, 47.121901 ] ] ], [ [ [ 28.7074325, 47.1227374 ], [ 28.7074327, 47.1227375 ], [ 28.707465, 47.1227536 ], [ 28.7074653, 47.1227537 ], [ 28.7074655, 47.1227535 ], [ 28.7074974, 47.1227236 ], [ 28.7074975, 47.1227235 ], [ 28.707498, 47.122723 ], [ 28.7074981, 47.1227229 ], [ 28.7075411, 47.122678 ], [ 28.7075414, 47.1226778 ], [ 28.707662, 47.1225604 ], [ 28.7076622, 47.1225603 ], [ 28.7076926, 47.1225317 ], [ 28.7076929, 47.1225314 ], [ 28.7077414, 47.1224896 ], [ 28.7077416, 47.1224894 ], [ 28.7077414, 47.1224893 ], [ 28.70771, 47.1224724 ], [ 28.7077098, 47.1224722 ], [ 28.7077096, 47.1224724 ], [ 28.7076607, 47.1225146 ], [ 28.7076606, 47.1225146 ], [ 28.7076602, 47.122515 ], [ 28.7076601, 47.1225151 ], [ 28.7076292, 47.1225441 ], [ 28.707629, 47.1225443 ], [ 28.7075078, 47.1226622 ], [ 28.7075078, 47.1226622 ], [ 28.7075075, 47.1226625 ], [ 28.7075074, 47.1226626 ], [ 28.7074646, 47.1227073 ], [ 28.7074642, 47.1227077 ], [ 28.7074327, 47.1227372 ], [ 28.7074325, 47.1227374 ] ] ] ] } },
{ "type": "Feature", "properties": { "vineyard_id": "V11", "n_rows": 6, "row_spacing_m": 3.0, "vine_spacing_m": 1.2, "area_m2": 193.48 }, "geometry": { "type": "MultiPolygon", "coordinates": [ [ [ [ 28.712109, 47.1206459 ], [ 28.7121093, 47.120646 ], [ 28.7121437, 47.1206634 ], [ 28.712144, 47.1206635 ], [ 28.7121442, 47.1206633 ], [ 28.7121935, 47.1206177 ], [ 28.7121943, 47.120617 ], [ 28.7121953, 47.1206164 ], [ 28.7121963, 47.1206158 ], [ 28.7121973, 47.1206154 ], [ 28.7121985, 47.1206149 ], [ 28.7121997, 47.1206146 ], [ 28.7122009, 47.1206143 ], [ 28.7122022, 47.1206142 ], [ 28.7122034, 47.1206141 ], [ 28.7122047, 47.1206141 ], [ 28.712206, 47.1206142 ], [ 28.7122073, 47.1206143 ], [ 28.7122085, 47.1206146 ], [ 28.7122097, 47.1206149 ], [ 28.7122109, 47.1206153 ], [ 28.7122119, 47.1206158 ], [ 28.7122129, 47.1206164 ], [ 28.7122139, 47.120617 ], [ 28.7122147, 47.1206177 ], [ 28.7122154, 47.1206184 ], [ 28.712216, 47.1206192 ], [ 28.7122162, 47.1206194 ], [ 28.7122164, 47.1206195 ], [ 28.7122522, 47.1206356 ], [ 28.7122524, 47.1206358 ], [ 28.7122526, 47.1206356 ], [ 28.7122561, 47.120632 ], [ 28.7122569, 47.1206313 ], [ 28.7122577, 47.1206306 ], [ 28.7122586, 47.12063 ], [ 28.7122597, 47.1206295 ], [ 28.7122607, 47.1206291 ], [ 28.7122619, 47.1206287 ], [ 28.7122631, 47.1206284 ], [ 28.7122643, 47.1206281 ], [ 28.7122655, 47.120628 ], [ 28.7122668, 47.1206279 ], [ 28.7122681, 47.120628 ], [ 28.7122693, 47.1206281 ], [ 28.7122706, 47.1206283 ], [ 28.7122718, 47.1206285 ], [ 28.712273, 47.1206289 ], [ 28.7122741, 47.1206293 ], [ 28.7122751, 47.1206298 ], [ 28.7123028, 47.1206442 ], [ 28.712303, 47.1206443 ], [ 28.7123032, 47.1206442 ], [ 28.7123537, 47.1205991 ], [ 28.7123538, 47.1205989 ], [ 28.7123536, 47.1205988 ], [ 28.7123196, 47.120581 ], [ 28.7123193, 47.1205809 ], [ 28.7123189, 47.120581 ], [ 28.7123185, 47.1205811 ], [ 28.7123173, 47.1205814 ], [ 28.712316, 47.1205816 ], [ 28.7123148, 47.1205818 ], [ 28.7123135, 47.1205818 ], [ 28.7123122, 47.1205817 ], [ 28.7123109, 47.1205816 ], [ 28.7123096, 47.1205813 ], [ 28.7123084, 47.120581 ], [ 28.7123072, 47.1205806 ], [ 28.7123061, 47.1205802 ], [ 28.7123051, 47.1205796 ], [ 28.7123042, 47.120579 ], [ 28.7123033, 47.1205783 ], [ 28.7123026, 47.1205776 ], [ 28.7123019, 47.1205768 ], [ 28.7123014, 47.120576 ], [ 28.712301, 47.1205752 ], [ 28.7123007, 47.1205743 ], [ 28.7123005, 47.1205734 ], [ 28.7123005, 47.1205725 ], [ 28.7123006, 47.1205717 ], [ 28.7123008, 47.1205708 ], [ 28.7123012, 47.1205699 ], [ 28.7123017, 47.1205691 ], [ 28.7123022, 47.1205683 ], [ 28.7123029, 47.1205676 ], [ 28.7123567, 47.120516 ], [ 28.7123569, 47.1205158 ], [ 28.7123567, 47.1205157 ], [ 28.7123218, 47.1204987 ], [ 28.7123215, 47.1204986 ], [ 28.7123213, 47.1204988 ], [ 28.7122536, 47.1205637 ], [ 28.7122535, 47.1205638 ], [ 28.7122537, 47.120564 ], [ 28.7122886, 47.1205809 ], [ 28.7122889, 47.1205811 ], [ 28.7122889, 47.120581 ], [ 28.7122902, 47.1205808 ], [ 28.7122914, 47.1205807 ], [ 28.7122927, 47.1205806 ], [ 28.712294, 47.1205806 ], [ 28.7122953, 47.1205807 ], [ 28.7122965, 47.1205809 ], [ 28.7122978, 47.1205812 ], [ 28.7122989, 47.1205816 ], [ 28.7123001, 47.120582 ], [ 28.7123011, 47.1205825 ], [ 28.7123021, 47.1205831 ], [ 28.712303, 47.1205837 ], [ 28.7123038, 47.1205844 ], [ 28.7123045, 47.1205851 ], [ 28.712305, 47.1205859 ], [ 28.7123055, 47.1205867 ], [ 28.7123059, 47.1205876 ], [ 28.7123061, 47.1205884 ], [ 28.7123062, 47.1205893 ], [ 28.7123062, 47.1205902 ], [ 28.712306, 47.1205911 ], [ 28.7123057, 47.1205919 ], [ 28.7123053, 47.1205928 ], [ 28.7123048, 47.1205936 ], [ 28.7123042, 47.1205943 ], [ 28.7123035, 47.1205951 ], [ 28.7122924, 47.1206049 ], [ 28.7122916, 47.1206056 ], [ 28.7122906, 47.1206062 ], [ 28.7122896, 47.1206068 ], [ 28.7122885, 47.1206073 ], [ 28.7122873, 47.1206077 ], [ 28.7122861, 47.120608 ], [ 28.7122848, 47.1206082 ], [ 28.7122835, 47.1206084 ], [ 28.7122822, 47.1206084 ], [ 28.7122809, 47.1206084 ], [ 28.7122796, 47.1206083 ], [ 28.7122783, 47.1206081 ], [ 28.712277, 47.1206078 ], [ 28.7122758, 47.1206074 ], [ 28.7122747, 47.1206069 ], [ 28.7122426, 47.1205925 ], [ 28.7122424, 47.1205924 ], [ 28.7122422, 47.1205925 ], [ 28.7122376, 47.1205973 ], [ 28.7122368, 47.120598 ], [ 28.7122359, 47.1205986 ], [ 28.712235, 47.1205992 ], [ 28.7122339, 47.1205998 ], [ 28.7122328, 47.1206002 ], [ 28.7122317, 47.1206006 ], [ 28.7122305, 47.1206009 ], [ 28.7122292, 47.1206011 ], [ 28.7122279, 47.1206013 ], [ 28.7122266, 47.1206013 ], [ 28.7122253, 47.1206013 ], [ 28.7122241, 47.1206011 ], [ 28.7122228, 47.1206009 ], [ 28.7122216, 47.1206006 ], [ 28.7122204, 47.1206003 ], [ 28.7122193, 47.1205998 ], [ 28.7122182, 47.1205993 ], [ 28.7122173, 47.1205987 ], [ 28.7122164, 47.120598 ], [ 28.7122156, 47.1205973 ], [ 28.7122156, 47.1205973 ], [ 28.7122154, 47.1205972 ], [ 28.7121809, 47.1205798 ], [ 28.7121806, 47.1205797 ], [ 28.7121804, 47.1205798 ], [ 28.7121092, 47.1206457 ], [ 28.712109, 47.1206459 ] ] ], [ [ [ 28.7120845, 47.120586 ], [ 28.7120848, 47.1205862 ], [ 28.7121194, 47.1206034 ], [ 28.7121197, 47.1206035 ], [ 28.7121199, 47.1206033 ], [ 28.712186, 47.1205412 ], [ 28.7121868, 47.1205405 ], [ 28.7121878, 47.1205399 ], [ 28.7121888, 47.1205393 ], [ 28.7121899, 47.1205388 ], [ 28.712191, 47.1205384 ], [ 28.7121922, 47.120538 ], [ 28.7121935, 47.1205378 ], [ 28.7121948, 47.1205376 ], [ 28.7121961, 47.1205375 ], [ 28.7121974, 47.1205375 ], [ 28.7121987, 47.1205376 ], [ 28.7122, 47.1205378 ], [ 28.7122012, 47.1205381 ], [ 28.7122024, 47.1205384 ], [ 28.7122036, 47.1205389 ], [ 28.7122047, 47.1205394 ], [ 28.7122247, 47.1205498 ], [ 28.7122249, 47.1205499 ], [ 28.7122251, 47.1205498 ], [ 28.7122792, 47.1205015 ], [ 28.7122794, 47.1205013 ], [ 28.7122791, 47.1205012 ], [ 28.712256, 47.1204891 ], [ 28.712255, 47.1204885 ], [ 28.7122541, 47.1204879 ], [ 28.7122533, 47.1204873 ], [ 28.7122526, 47.1204865 ], [ 28.7122521, 47.1204858 ], [ 28.7122516, 47.120485 ], [ 28.7122512, 47.1204842 ], [ 28.712251, 47.1204833 ], [ 28.7122508, 47.1204825 ], [ 28.7122508, 47.1204816 ], [ 28.7122509, 47.1204807 ], [ 28.7122512, 47.1204799 ], [ 28.7122515, 47.1204791 ], [ 28.712252, 47.1204783 ], [ 28.7122525, 47.1204775 ], [ 28.7122532, 47.1204768 ], [ 28.7122913, 47.1204401 ], [ 28.7122914, 47.1204399 ], [ 28.7122912, 47.1204398 ], [ 28.7122562, 47.1204229 ], [ 28.712256, 47.1204228 ], [ 28.7122558, 47.1204229 ], [ 28.7121647, 47.1205107 ], [ 28.7121646, 47.1205108 ], [ 28.7120847, 47.1205858 ], [ 28.7120845, 47.120586 ] ] ] ] } },
{ "type": "Feature", "properties": { "vineyard_id": "V12", "n_rows": 9, "row_spacing_m": 2.8, "vine_spacing_m": 0.95, "area_m2": 854.33 }, "geometry": { "type": "Polygon", "coordinates": [ [ [ 28.7105911, 47.1207969 ], [ 28.7105914, 47.120797 ], [ 28.7106034, 47.1208039 ], [ 28.7106044, 47.1208045 ], [ 28.7106053, 47.1208052 ], [ 28.7106061, 47.1208059 ], [ 28.7106067, 47.1208067 ], [ 28.7106073, 47.1208075 ], [ 28.7106077, 47.1208084 ], [ 28.710608, 47.1208093 ], [ 28.7106081, 47.1208102 ], [ 28.7106082, 47.1208111 ], [ 28.710608, 47.120812 ], [ 28.7106078, 47.1208129 ], [ 28.7106074, 47.1208138 ], [ 28.7106069, 47.1208146 ], [ 28.7106066, 47.120815 ], [ 28.7106065, 47.1208152 ], [ 28.7106067, 47.1208153 ], [ 28.7106376, 47.1208326 ], [ 28.7106378, 47.1208328 ], [ 28.710638, 47.1208326 ], [ 28.7106946, 47.1207856 ], [ 28.7106948, 47.1207854 ], [ 28.7106945, 47.1207853 ], [ 28.7106832, 47.1207789 ], [ 28.7106823, 47.1207783 ], [ 28.7106814, 47.1207777 ], [ 28.7106806, 47.120777 ], [ 28.7106799, 47.1207762 ], [ 28.7106794, 47.1207754 ], [ 28.710679, 47.1207746 ], [ 28.7106786, 47.1207737 ], [ 28.7106785, 47.1207728 ], [ 28.7106784, 47.1207719 ], [ 28.7106785, 47.120771 ], [ 28.7106787, 47.1207702 ], [ 28.710679, 47.1207693 ], [ 28.7106794, 47.1207685 ], [ 28.71068, 47.1207677 ], [ 28.7106807, 47.1207669 ], [ 28.7106815, 47.1207662 ], [ 28.7107088, 47.1207438 ], [ 28.7107097, 47.1207432 ], [ 28.7107106, 47.1207426 ], [ 28.7107117, 47.1207421 ], [ 28.7107128, 47.1207416 ], [ 28.710714, 47.1207413 ], [ 28.7107152, 47.120741 ], [ 28.7107165, 47.1207408 ], [ 28.7107178, 47.1207406 ], [ 28.7107191, 47.1207406 ], [ 28.7107204, 47.1207407 ], [ 28.7107217, 47.1207408 ], [ 28.7107229, 47.120741 ], [ 28.7107241, 47.1207414 ], [ 28.7107253, 47.1207417 ], [ 28.7107264, 47.1207422 ], [ 28.7107274, 47.1207428 ], [ 28.7107284, 47.1207434 ], [ 28.7107292, 47.120744 ], [ 28.71073, 47.1207448 ], [ 28.7107306, 47.1207455 ], [ 28.7107312, 47.1207463 ], [ 28.7107316, 47.1207472 ], [ 28.7107319, 47.120748 ], [ 28.710732, 47.1207484 ], [ 28.7107322, 47.1207485 ], [ 28.7107413, 47.1207533 ], [ 28.7107422, 47.1207538 ], [ 28.7107431, 47.1207545 ], [ 28.7107439, 47.1207551 ], [ 28.7107445, 47.1207559 ], [ 28.7107451, 47.1207566 ], [ 28.7107456, 47.1207574 ], [ 28.710746, 47.1207582 ], [ 28.7107462, 47.1207591 ], [ 28.7107463, 47.1207599 ], [ 28.7107463, 47.1207608 ], [ 28.7107462, 47.1207616 ], [ 28.710746, 47.1207625 ], [ 28.7107456, 47.1207633 ], [ 28.7107452, 47.1207641 ], [ 28.7107446, 47.1207649 ], [ 28.7107439, 47.1207656 ], [ 28.7107432, 47.1207663 ], [ 28.710726, 47.1207799 ], [ 28.7107258, 47.1207801 ], [ 28.710726, 47.1207802 ], [ 28.710734, 47.1207849 ], [ 28.710735, 47.1207855 ], [ 28.7107358, 47.1207862 ], [ 28.7107366, 47.1207869 ], [ 28.7107372, 47.1207877 ], [ 28.7107378, 47.1207885 ], [ 28.7107382, 47.1207894 ], [ 28.7107384, 47.1207902 ], [ 28.7107386, 47.1207911 ], [ 28.7107386, 47.120792 ], [ 28.7107385, 47.1207929 ], [ 28.7107383, 47.1207938 ], [ 28.7107379, 47.1207947 ], [ 28.7107374, 47.1207955 ], [ 28.7107368, 47.1207963 ], [ 28.7107361, 47.120797 ], [ 28.7107164, 47.1208154 ], [ 28.7107162, 47.1208156 ], [ 28.7107165, 47.1208157 ], [ 28.7107487, 47.1208318 ], [ 28.7107489, 47.1208319 ], [ 28.7107491, 47.1208318 ], [ 28.710794, 47.1207899 ], [ 28.7107944, 47.1207896 ], [ 28.7108436, 47.1207483 ], [ 28.7108438, 47.1207481 ], [ 28.7108436, 47.1207479 ], [ 28.71084, 47.120746 ], [ 28.7108391, 47.1207454 ], [ 28.7108382, 47.1207447 ], [ 28.7108374, 47.120744 ], [ 28.7108367, 47.1207432 ], [ 28.7108362, 47.1207424 ], [ 28.7108357, 47.1207416 ], [ 28.7108354, 47.1207407 ], [ 28.7108352, 47.1207398 ], [ 28.7108352, 47.1207389 ], [ 28.7108353, 47.120738 ], [ 28.7108355, 47.1207371 ], [ 28.7108358, 47.1207362 ], [ 28.7108363, 47.1207354 ], [ 28.7108369, 47.1207346 ], [ 28.7108376, 47.1207338 ], [ 28.7108384, 47.1207331 ], [ 28.7108621, 47.1207143 ], [ 28.7108628, 47.1207137 ], [ 28.7108998, 47.1206888 ], [ 28.7108999, 47.1206887 ], [ 28.7109008, 47.120688 ], [ 28.710901, 47.1206879 ], [ 28.7109182, 47.1206744 ], [ 28.7109183, 47.1206743 ], [ 28.7109191, 47.1206736 ], [ 28.7109193, 47.1206734 ], [ 28.7111077, 47.1205004 ], [ 28.7111078, 47.1205002 ], [ 28.7111399, 47.120472 ], [ 28.71114, 47.1204719 ], [ 28.7111405, 47.1204714 ], [ 28.7111406, 47.1204713 ], [ 28.7111852, 47.1204277 ], [ 28.7111857, 47.1204272 ], [ 28.7112177, 47.1203996 ], [ 28.7112179, 47.1203995 ], [ 28.7112184, 47.120399 ], [ 28.7112185, 47.1203989 ], [ 28.7112336, 47.1203843 ], [ 28.7112337, 47.1203842 ], [ 28.7112343, 47.1203836 ], [ 28.7112344, 47.1203835 ], [ 28.7112618, 47.1203536 ], [ 28.7112623, 47.1203531 ], [ 28.7113838, 47.1202366 ], [ 28.711384, 47.1202364 ], [ 28.7113837, 47.1202363 ], [ 28.7113803, 47.1202346 ], [ 28.7113793, 47.1202341 ], [ 28.7113783, 47.1202335 ], [ 28.7113775, 47.1202328 ], [ 28.7113767, 47.120232 ], [ 28.7113761, 47.1202312 ], [ 28.7113756, 47.1202304 ], [ 28.7113752, 47.1202295 ], [ 28.7113749, 47.1202287 ], [ 28.7113748, 47.1202278 ], [ 28.7113748, 47.1202269 ], [ 28.7113749, 47.120226 ], [ 28.7113752, 47.1202251 ], [ 28.7113756, 47.1202242 ], [ 28.7113761, 47.1202234 ], [ 28.7113767, 47.1202226 ], [ 28.7113775, 47.1202219 ], [ 28.7114087, 47.1201939 ], [ 28.7114089, 47.1201937 ], [ 28.7114086, 47.1201936 ], [ 28.7113769, 47.1201771 ], [ 28.7113766, 47.1201769 ], [ 28.7113763, 47.120177 ], [ 28.7113751, 47.1201774 ], [ 28.7113739, 47.1201777 ], [ 28.7113726, 47.1201779 ], [ 28.7113713, 47.120178 ], [ 28.7113701, 47.1201781 ], [ 28.7113688, 47.120178 ], [ 28.7113675, 47.1201779 ], [ 28.7113662, 47.1201776 ], [ 28.711365, 47.1201773 ], [ 28.7113639, 47.1201769 ], [ 28.7113628, 47.1201765 ], [ 28.7113617, 47.1201759 ], [ 28.7113608, 47.1201753 ], [ 28.7113599, 47.1201747 ], [ 28.7113592, 47.120174 ], [ 28.7113585, 47.1201732 ], [ 28.711358, 47.1201724 ], [ 28.7113576, 47.1201716 ], [ 28.7113573, 47.1201707 ], [ 28.7113571, 47.1201698 ], [ 28.711357, 47.120169 ], [ 28.7113571, 47.1201681 ], [ 28.7113571, 47.120168 ], [ 28.7113569, 47.1201679 ], [ 28.7113251, 47.1201514 ], [ 28.7113248, 47.1201512 ], [ 28.7113246, 47.1201514 ], [ 28.7111894, 47.1202729 ], [ 28.7111893, 47.120273 ], [ 28.7111895, 47.1202732 ], [ 28.711201, 47.1202792 ], [ 28.711202, 47.1202797 ], [ 28.7112029, 47.1202803 ], [ 28.7112037, 47.120281 ], [ 28.7112044, 47.1202817 ], [ 28.711205, 47.1202825 ], [ 28.7112055, 47.1202833 ], [ 28.7112058, 47.1202841 ], [ 28.7112061, 47.1202849 ], [ 28.7112062, 47.1202858 ], [ 28.7112062, 47.1202867 ], [ 28.7112061, 47.1202875 ], [ 28.7112059, 47.1202884 ], [ 28.7112056, 47.1202892 ], [ 28.7112051, 47.12029 ], [ 28.7112045, 47.1202908 ], [ 28.7112038, 47.1202915 ], [ 28.7112031, 47.1202922 ], [ 28.7111871, 47.1203048 ], [ 28.711187, 47.1203049 ], [ 28.7111866, 47.1203053 ], [ 28.7111865, 47.1203053 ], [ 28.7111376, 47.1203474 ], [ 28.7111374, 47.1203476 ], [ 28.7109363, 47.1205144 ], [ 28.7109363, 47.1205144 ], [ 28.710823, 47.1206071 ], [ 28.7108221, 47.1206078 ], [ 28.7108212, 47.1206083 ], [ 28.7108202, 47.1206088 ], [ 28.7108191, 47.1206093 ], [ 28.7108179, 47.1206097 ], [ 28.7108167, 47.12061 ], [ 28.7108155, 47.1206102 ], [ 28.7108142, 47.1206103 ], [ 28.7108129, 47.1206103 ], [ 28.7108117, 47.1206103 ], [ 28.7108104, 47.1206102 ], [ 28.7108092, 47.12061 ], [ 28.710808, 47.1206097 ], [ 28.7108068, 47.1206093 ], [ 28.7108057, 47.1206089 ], [ 28.7108047, 47.1206084 ], [ 28.7108037, 47.1206078 ], [ 28.7108028, 47.1206072 ], [ 28.7108021, 47.1206065 ], [ 28.7108014, 47.1206057 ], [ 28.7108008, 47.120605 ], [ 28.7108007, 47.1206049 ], [ 28.7108005, 47.1206047 ], [ 28.7107679, 47.1205889 ], [ 28.7107677, 47.1205888 ], [ 28.7107675, 47.120589 ], [ 28.7107524, 47.1206035 ], [ 28.7107524, 47.1206035 ], [ 28.710752, 47.1206038 ], [ 28.710752, 47.1206039 ], [ 28.7107097, 47.1206477 ], [ 28.7107095, 47.1206479 ], [ 28.7107098, 47.120648 ], [ 28.7107383, 47.1206608 ], [ 28.7107393, 47.1206613 ], [ 28.7107403, 47.1206619 ], [ 28.7107412, 47.1206626 ], [ 28.710742, 47.1206633 ], [ 28.7107426, 47.1206641 ], [ 28.7107432, 47.1206649 ], [ 28.7107436, 47.1206657 ], [ 28.710744, 47.1206666 ], [ 28.7107441, 47.1206675 ], [ 28.7107442, 47.1206684 ], [ 28.7107441, 47.1206692 ], [ 28.7107439, 47.1206701 ], [ 28.7107436, 47.120671 ], [ 28.7107432, 47.1206718 ], [ 28.7107426, 47.1206726 ], [ 28.7107419, 47.1206734 ], [ 28.7107412, 47.1206741 ], [ 28.7105913, 47.1207967 ], [ 28.7105911, 47.1207969 ] ] ] } },
{ "type": "Feature", "properties": { "vineyard_id": "V13", "n_rows": 5, "row_spacing_m": 3.0, "vine_spacing_m": 1.2, "area_m2": 178.27 }, "geometry": { "type": "Polygon", "coordinates": [ [ [ 28.7123153, 47.1204552 ], [ 28.7123155, 47.1204553 ], [ 28.71235, 47.1204727 ], [ 28.7123503, 47.1204728 ], [ 28.7123506, 47.1204728 ], [ 28.7123519, 47.1204729 ], [ 28.7123531, 47.1204731 ], [ 28.7123543, 47.1204734 ], [ 28.7123554, 47.1204738 ], [ 28.7123565, 47.1204742 ], [ 28.7123576, 47.1204747 ], [ 28.7123585, 47.1204753 ], [ 28.7123594, 47.1204759 ], [ 28.7123602, 47.1204766 ], [ 28.7123608, 47.1204773 ], [ 28.7123614, 47.1204781 ], [ 28.7123619, 47.1204789 ], [ 28.7123622, 47.1204797 ], [ 28.7123624, 47.1204806 ], [ 28.7123625, 47.1204815 ], [ 28.7123625, 47.1204823 ], [ 28.7123624, 47.1204832 ], [ 28.7123621, 47.120484 ], [ 28.7123617, 47.1204849 ], [ 28.7123612, 47.1204857 ], [ 28.7123606, 47.1204864 ], [ 28.7123453, 47.1205037 ], [ 28.7123451, 47.1205039 ], [ 28.7123454, 47.120504 ], [ 28.712382, 47.1205192 ], [ 28.7123823, 47.1205193 ], [ 28.7123825, 47.1205191 ], [ 28.7123987, 47.1205008 ], [ 28.7123988, 47.1205007 ], [ 28.7123996, 47.1204998 ], [ 28.7123997, 47.1204996 ], [ 28.7124224, 47.1204684 ], [ 28.7124233, 47.1204674 ], [ 28.7124657, 47.1204242 ], [ 28.712466, 47.1204239 ], [ 28.7125432, 47.1203518 ], [ 28.7125433, 47.1203517 ], [ 28.7125431, 47.1203515 ], [ 28.7125085, 47.1203343 ], [ 28.7125083, 47.1203341 ], [ 28.7125081, 47.1203343 ], [ 28.7124305, 47.1204067 ], [ 28.7124304, 47.1204068 ], [ 28.71243, 47.1204072 ], [ 28.7124299, 47.1204073 ], [ 28.7123957, 47.1204421 ], [ 28.7123949, 47.1204428 ], [ 28.712394, 47.1204435 ], [ 28.712393, 47.1204441 ], [ 28.712392, 47.1204446 ], [ 28.7123908, 47.1204451 ], [ 28.7123896, 47.1204454 ], [ 28.7123883, 47.1204457 ], [ 28.712387, 47.1204459 ], [ 28.7123857, 47.120446 ], [ 28.7123844, 47.1204461 ], [ 28.7123831, 47.120446 ], [ 28.7123818, 47.1204458 ], [ 28.7123805, 47.1204456 ], [ 28.7123792, 47.1204452 ], [ 28.7123781, 47.1204448 ], [ 28.712377, 47.1204443 ], [ 28.7123745, 47.120443 ], [ 28.7123735, 47.1204425 ], [ 28.7123726, 47.1204419 ], [ 28.7123718, 47.1204412 ], [ 28.7123711, 47.1204405 ], [ 28.7123705, 47.1204398 ], [ 28.71237, 47.120439 ], [ 28.7123696, 47.1204382 ], [ 28.7123693, 47.1204373 ], [ 28.7123691, 47.1204365 ], [ 28.7123691, 47.1204356 ], [ 28.7123692, 47.1204348 ], [ 28.7123694, 47.1204339 ], [ 28.7123697, 47.1204331 ], [ 28.7123701, 47.1204323 ], [ 28.7123707, 47.1204315 ], [ 28.7123713, 47.1204308 ], [ 28.7123718, 47.1204303 ], [ 28.712391, 47.1204085 ], [ 28.7123914, 47.1204082 ], [ 28.7124053, 47.1203938 ], [ 28.7124055, 47.1203936 ], [ 28.7124052, 47.1203935 ], [ 28.7124011, 47.1203916 ], [ 28.7124001, 47.1203911 ], [ 28.7123992, 47.1203906 ], [ 28.7123983, 47.1203899 ], [ 28.7123976, 47.1203892 ], [ 28.7123969, 47.1203885 ], [ 28.7123963, 47.1203877 ], [ 28.7123959, 47.1203869 ], [ 28.7123956, 47.1203861 ], [ 28.7123953, 47.1203852 ], [ 28.7123952, 47.1203844 ], [ 28.7123953, 47.1203835 ], [ 28.7123954, 47.1203827 ], [ 28.7123957, 47.1203818 ], [ 28.7123961, 47.120381 ], [ 28.7123966, 47.1203802 ], [ 28.7123972, 47.1203795 ], [ 28.7123979, 47.1203788 ], [ 28.7123987, 47.1203781 ], [ 28.7123996, 47.1203775 ], [ 28.7124145, 47.1203682 ], [ 28.7124147, 47.1203681 ], [ 28.7124158, 47.1203674 ], [ 28.712416, 47.1203672 ], [ 28.7124339, 47.1203541 ], [ 28.7124341, 47.120354 ], [ 28.7124349, 47.1203533 ], [ 28.7124351, 47.1203532 ], [ 28.7124847, 47.1203115 ], [ 28.7124849, 47.1203113 ], [ 28.7124846, 47.1203111 ], [ 28.7124513, 47.1202927 ], [ 28.7124511, 47.1202926 ], [ 28.7124509, 47.1202928 ], [ 28.7124361, 47.1203052 ], [ 28.7124352, 47.1203059 ], [ 28.7124342, 47.1203065 ], [ 28.7124332, 47.120307 ], [ 28.7124321, 47.1203075 ], [ 28.7124309, 47.1203079 ], [ 28.7124296, 47.1203082 ], [ 28.7124284, 47.1203084 ], [ 28.7124271, 47.1203085 ], [ 28.7124258, 47.1203086 ], [ 28.7124245, 47.1203085 ], [ 28.7124232, 47.1203084 ], [ 28.7124219, 47.1203081 ], [ 28.7124207, 47.1203078 ], [ 28.7124195, 47.1203074 ], [ 28.7124184, 47.120307 ], [ 28.7123881, 47.1202928 ], [ 28.7123878, 47.1202927 ], [ 28.7123876, 47.1202928 ], [ 28.7123582, 47.1203221 ], [ 28.712358, 47.1203223 ], [ 28.7123171, 47.1203608 ], [ 28.7123169, 47.120361 ], [ 28.7123172, 47.1203611 ], [ 28.7123519, 47.1203783 ], [ 28.7123521, 47.1203784 ], [ 28.7123532, 47.1203789 ], [ 28.7123542, 47.1203795 ], [ 28.7123551, 47.1203802 ], [ 28.7123558, 47.1203809 ], [ 28.7123565, 47.1203816 ], [ 28.7123571, 47.1203824 ], [ 28.7123575, 47.1203833 ], [ 28.7123579, 47.1203841 ], [ 28.7123581, 47.120385 ], [ 28.7123581, 47.1203859 ], [ 28.7123581, 47.1203868 ], [ 28.7123579, 47.1203877 ], [ 28.7123576, 47.1203885 ], [ 28.7123571, 47.1203894 ], [ 28.7123566, 47.1203902 ], [ 28.7123559, 47.1203909 ], [ 28.7123547, 47.1203922 ], [ 28.7123546, 47.1203923 ], [ 28.7123542, 47.1203927 ], [ 28.7123541, 47.1203928 ], [ 28.7123345, 47.120415 ], [ 28.7123344, 47.1204152 ], [ 28.7123347, 47.1204153 ], [ 28.7123387, 47.1204169 ], [ 28.7123397, 47.1204174 ], [ 28.7123407, 47.120418 ], [ 28.7123416, 47.1204186 ], [ 28.7123425, 47.1204193 ], [ 28.7123432, 47.12042 ], [ 28.7123438, 47.1204208 ], [ 28.7123443, 47.1204216 ], [ 28.7123446, 47.1204225 ], [ 28.7123449, 47.1204233 ], [ 28.712345, 47.1204242 ], [ 28.712345, 47.1204251 ], [ 28.7123449, 47.120426 ], [ 28.7123447, 47.1204268 ], [ 28.7123443, 47.1204277 ], [ 28.7123438, 47.1204285 ], [ 28.7123432, 47.1204293 ], [ 28.7123425, 47.12043 ], [ 28.7123155, 47.120455 ], [ 28.7123153, 47.1204552 ] ] ] } },
{ "type": "Feature", "properties": { "vineyard_id": "V14", "n_rows": 74, "row_spacing_m": 2.95, "vine_spacing_m": 1.2, "area_m2": 11621.13 }, "geometry": { "type": "Polygon", "coordinates": [ [ [ 28.7132433, 47.1192377 ], [ 28.7132435, 47.1192375 ], [ 28.7132432, 47.1192374 ], [ 28.7132374, 47.1192346 ], [ 28.7132365, 47.119234 ], [ 28.7132355, 47.1192334 ], [ 28.7132347, 47.1192328 ], [ 28.713234, 47.1192321 ], [ 28.7132333, 47.1192313 ], [ 28.7132328, 47.1192305 ], [ 28.7132324, 47.1192297 ], [ 28.7132321, 47.1192289 ], [ 28.713232, 47.119228 ], [ 28.7132319, 47.1192271 ], [ 28.713232, 47.1192263 ], [ 28.7132322, 47.1192254 ], [ 28.7132325, 47.1192246 ], [ 28.713233, 47.1192237 ], [ 28.7132335, 47.119223 ], [ 28.7132342, 47.1192222 ], [ 28.7132349, 47.1192215 ], [ 28.7133628, 47.1191155 ], [ 28.713363, 47.1191153 ], [ 28.7133892, 47.1190928 ], [ 28.71339, 47.1190921 ], [ 28.7133909, 47.1190915 ], [ 28.7133919, 47.119091 ], [ 28.713393, 47.1190905 ], [ 28.7133941, 47.1190902 ], [ 28.7133953, 47.1190898 ], [ 28.7133965, 47.1190896 ], [ 28.7133977, 47.1190894 ], [ 28.713399, 47.1190894 ], [ 28.7134002, 47.1190894 ], [ 28.7134015, 47.1190895 ], [ 28.7134027, 47.1190896 ], [ 28.7134039, 47.1190899 ], [ 28.7134051, 47.1190902 ], [ 28.7134062, 47.1190906 ], [ 28.7134072, 47.1190911 ], [ 28.7134098, 47.1190923 ], [ 28.7134108, 47.1190929 ], [ 28.7134118, 47.1190935 ], [ 28.7134126, 47.1190942 ], [ 28.7134133, 47.1190949 ], [ 28.713414, 47.1190957 ], [ 28.7134145, 47.1190966 ], [ 28.7134148, 47.1190974 ], [ 28.7134151, 47.1190983 ], [ 28.7134152, 47.1190992 ], [ 28.7134152, 47.1191001 ], [ 28.7134151, 47.119101 ], [ 28.7134149, 47.1191018 ], [ 28.7134145, 47.1191027 ], [ 28.713414, 47.1191035 ], [ 28.7134134, 47.1191043 ], [ 28.7134126, 47.119105 ], [ 28.7133762, 47.1191382 ], [ 28.7133761, 47.1191383 ], [ 28.7133756, 47.1191388 ], [ 28.7133755, 47.1191388 ], [ 28.7133391, 47.1191756 ], [ 28.713339, 47.1191757 ], [ 28.7133392, 47.1191759 ], [ 28.7133496, 47.1191806 ], [ 28.7133506, 47.1191811 ], [ 28.7133515, 47.1191817 ], [ 28.7133523, 47.1191824 ], [ 28.7133531, 47.119183 ], [ 28.7133537, 47.1191838 ], [ 28.7133543, 47.1191845 ], [ 28.7133547, 47.1191854 ], [ 28.7133551, 47.1191862 ], [ 28.7133553, 47.119187 ], [ 28.7133553, 47.1191879 ], [ 28.7133553, 47.1191888 ], [ 28.7133552, 47.1191896 ], [ 28.7133549, 47.1191904 ], [ 28.7133545, 47.1191913 ], [ 28.713354, 47.119192 ], [ 28.7133534, 47.1191928 ], [ 28.7133527, 47.1191935 ], [ 28.7132772, 47.1192615 ], [ 28.713277, 47.1192616 ], [ 28.7132773, 47.1192618 ], [ 28.7133108, 47.1192791 ], [ 28.7133111, 47.1192793 ], [ 28.7133113, 47.1192791 ], [ 28.7133829, 47.1192146 ], [ 28.7133837, 47.119214 ], [ 28.7133846, 47.1192133 ], [ 28.7133856, 47.1192128 ], [ 28.7133867, 47.1192123 ], [ 28.7133878, 47.1192119 ], [ 28.713389, 47.1192116 ], [ 28.7133903, 47.1192113 ], [ 28.7133915, 47.1192112 ], [ 28.7133928, 47.1192111 ], [ 28.7133941, 47.1192111 ], [ 28.7133954, 47.1192112 ], [ 28.7133966, 47.1192113 ], [ 28.7133978, 47.1192116 ], [ 28.713399, 47.1192119 ], [ 28.7134002, 47.1192123 ], [ 28.7134012, 47.1192128 ], [ 28.7134178, 47.1192212 ], [ 28.7134181, 47.1192213 ], [ 28.7134183, 47.1192211 ], [ 28.7134629, 47.1191799 ], [ 28.7134637, 47.1191792 ], [ 28.7134646, 47.1191786 ], [ 28.7134656, 47.1191781 ], [ 28.7134666, 47.1191776 ], [ 28.7134677, 47.1191772 ], [ 28.7134689, 47.1191768 ], [ 28.7134701, 47.1191766 ], [ 28.7134713, 47.1191764 ], [ 28.7134726, 47.1191763 ], [ 28.7134739, 47.1191763 ], [ 28.7134751, 47.1191763 ], [ 28.7134764, 47.1191765 ], [ 28.7134776, 47.1191767 ], [ 28.7134788, 47.119177 ], [ 28.7134799, 47.1191774 ], [ 28.713481, 47.1191778 ], [ 28.7134879, 47.1191811 ], [ 28.7134882, 47.1191812 ], [ 28.7134884, 47.119181 ], [ 28.7135199, 47.1191497 ], [ 28.7135202, 47.1191494 ], [ 28.7135669, 47.1191067 ], [ 28.7135671, 47.1191065 ], [ 28.7135669, 47.1191064 ], [ 28.7135617, 47.1191038 ], [ 28.7135607, 47.1191032 ], [ 28.7135598, 47.1191026 ], [ 28.713559, 47.1191019 ], [ 28.7135583, 47.1191012 ], [ 28.7135577, 47.1191004 ], [ 28.7135572, 47.1190996 ], [ 28.7135568, 47.1190987 ], [ 28.7135565, 47.1190979 ], [ 28.7135564, 47.119097 ], [ 28.7135564, 47.1190961 ], [ 28.7135566, 47.1190952 ], [ 28.7135568, 47.1190944 ], [ 28.7135572, 47.1190935 ], [ 28.7135577, 47.1190927 ], [ 28.7135583, 47.1190919 ], [ 28.713559, 47.1190912 ], [ 28.7135613, 47.1190891 ], [ 28.7135614, 47.1190889 ], [ 28.7135612, 47.1190888 ], [ 28.7135432, 47.1190797 ], [ 28.7135422, 47.1190792 ], [ 28.7135413, 47.1190785 ], [ 28.7135405, 47.1190779 ], [ 28.7135397, 47.1190771 ], [ 28.7135391, 47.1190763 ], [ 28.7135386, 47.1190755 ], [ 28.7135383, 47.1190747 ], [ 28.713538, 47.1190738 ], [ 28.7135379, 47.1190729 ], [ 28.7135379, 47.119072 ], [ 28.713538, 47.1190711 ], [ 28.7135383, 47.1190703 ], [ 28.7135387, 47.1190694 ], [ 28.7135392, 47.1190686 ], [ 28.7135398, 47.1190678 ], [ 28.7135405, 47.1190671 ], [ 28.7135494, 47.119059 ], [ 28.7135495, 47.1190588 ], [ 28.7135493, 47.1190587 ], [ 28.7135156, 47.1190415 ], [ 28.7135153, 47.1190413 ], [ 28.7135151, 47.1190415 ], [ 28.7134842, 47.1190698 ], [ 28.7134833, 47.1190705 ], [ 28.7134824, 47.1190711 ], [ 28.7134814, 47.1190716 ], [ 28.7134803, 47.1190721 ], [ 28.7134792, 47.1190725 ], [ 28.713478, 47.1190729 ], [ 28.7134767, 47.1190731 ], [ 28.7134755, 47.1190733 ], [ 28.7134742, 47.1190734 ], [ 28.7134729, 47.1190734 ], [ 28.7134716, 47.1190733 ], [ 28.7134703, 47.1190731 ], [ 28.7134691, 47.1190729 ], [ 28.7134679, 47.1190725 ], [ 28.7134668, 47.1190721 ], [ 28.7134657, 47.1190716 ], [ 28.7134601, 47.1190688 ], [ 28.7134592, 47.1190682 ], [ 28.7134583, 47.1190676 ], [ 28.7134574, 47.1190669 ], [ 28.7134567, 47.1190662 ], [ 28.7134561, 47.1190654 ], [ 28.7134556, 47.1190646 ], [ 28.7134553, 47.1190638 ], [ 28.713455, 47.1190629 ], [ 28.7134549, 47.119062 ], [ 28.7134549, 47.1190612 ], [ 28.713455, 47.1190603 ], [ 28.7134552, 47.1190594 ], [ 28.7134556, 47.1190586 ], [ 28.7134561, 47.1190578 ], [ 28.7134567, 47.119057 ], [ 28.7134574, 47.1190563 ], [ 28.7134613, 47.1190525 ], [ 28.7134615, 47.1190524 ], [ 28.7134613, 47.1190522 ], [ 28.7134566, 47.1190499 ], [ 28.7134556, 47.1190494 ], [ 28.7134546, 47.1190487 ], [ 28.7134538, 47.119048 ], [ 28.713453, 47.1190473 ], [ 28.7134524, 47.1190465 ], [ 28.7134519, 47.1190456 ], [ 28.7134515, 47.1190448 ], [ 28.7134513, 47.1190439 ], [ 28.7134512, 47.119043 ], [ 28.7134512, 47.1190421 ], [ 28.7134513, 47.1190412 ], [ 28.7134516, 47.1190403 ], [ 28.713452, 47.1190394 ], [ 28.7134526, 47.1190386 ], [ 28.7134532, 47.1190378 ], [ 28.713454, 47.119037 ], [ 28.7134778, 47.1190166 ], [ 28.7134779, 47.1190165 ], [ 28.7134782, 47.1190163 ], [ 28.7134782, 47.1190162 ], [ 28.7135094, 47.118988 ], [ 28.7135098, 47.1189876 ], [ 28.7135256, 47.1189746 ], [ 28.713526, 47.1189743 ], [ 28.7135604, 47.1189487 ], [ 28.7135611, 47.1189482 ], [ 28.7135989, 47.1189237 ], [ 28.713599, 47.1189236 ], [ 28.7135996, 47.1189232 ], [ 28.7135997, 47.1189231 ], [ 28.713618, 47.1189101 ], [ 28.7136181, 47.11891 ], [ 28.7136186, 47.1189096 ], [ 28.7136188, 47.1189095 ], [ 28.713688, 47.1188551 ], [ 28.7136881, 47.118855 ], [ 28.7136885, 47.1188547 ], [ 28.7136886, 47.1188546 ], [ 28.7137049, 47.1188408 ], [ 28.7137051, 47.1188406 ], [ 28.7137048, 47.1188405 ], [ 28.713672, 47.1188224 ], [ 28.7136718, 47.1188223 ], [ 28.7136716, 47.1188225 ], [ 28.7136556, 47.118836 ], [ 28.7136553, 47.1188362 ], [ 28.7136362, 47.1188512 ], [ 28.7136354, 47.1188518 ], [ 28.7136344, 47.1188524 ], [ 28.7136333, 47.1188529 ], [ 28.7136322, 47.1188533 ], [ 28.713631, 47.1188537 ], [ 28.7136298, 47.118854 ], [ 28.7136286, 47.1188542 ], [ 28.7136273, 47.1188543 ], [ 28.713626, 47.1188543 ], [ 28.7136248, 47.1188542 ], [ 28.7136235, 47.1188541 ], [ 28.7136223, 47.1188539 ], [ 28.7136211, 47.1188536 ], [ 28.7136199, 47.1188532 ], [ 28.7136188, 47.1188527 ], [ 28.7136178, 47.1188522 ], [ 28.7136169, 47.1188516 ], [ 28.713616, 47.1188509 ], [ 28.7136153, 47.1188502 ], [ 28.7136146, 47.1188495 ], [ 28.7136141, 47.1188487 ], [ 28.7136136, 47.1188479 ], [ 28.7136133, 47.118847 ], [ 28.7136132, 47.1188461 ], [ 28.7136131, 47.1188453 ], [ 28.7136132, 47.1188444 ], [ 28.7136134, 47.1188435 ], [ 28.7136137, 47.1188427 ], [ 28.7136141, 47.1188419 ], [ 28.7136147, 47.1188411 ], [ 28.7136153, 47.1188403 ], [ 28.7136312, 47.118824 ], [ 28.7136314, 47.1188239 ], [ 28.7136763, 47.1187797 ], [ 28.7136765, 47.1187796 ], [ 28.7138237, 47.1186306 ], [ 28.713824, 47.1186303 ], [ 28.7138704, 47.1185875 ], [ 28.7138706, 47.1185873 ], [ 28.7138703, 47.1185872 ], [ 28.7138363, 47.11857 ], [ 28.7138362, 47.1185699 ], [ 28.7138161, 47.1185596 ], [ 28.7138151, 47.118559 ], [ 28.7138141, 47.1185583 ], [ 28.7138133, 47.1185576 ], [ 28.7138126, 47.1185568 ], [ 28.713812, 47.118556 ], [ 28.7138115, 47.1185552 ], [ 28.7138112, 47.1185543 ], [ 28.7138109, 47.1185534 ], [ 28.7138109, 47.1185525 ], [ 28.7138109, 47.1185516 ], [ 28.7138111, 47.1185507 ], [ 28.7138114, 47.1185498 ], [ 28.7138118, 47.118549 ], [ 28.7138124, 47.1185482 ], [ 28.7138131, 47.1185474 ], [ 28.7138139, 47.1185466 ], [ 28.713829, 47.1185342 ], [ 28.7138291, 47.118534 ], [ 28.7138289, 47.1185339 ], [ 28.7137965, 47.1185156 ], [ 28.7137962, 47.1185154 ], [ 28.713796, 47.1185156 ], [ 28.7137788, 47.1185298 ], [ 28.7137779, 47.1185305 ], [ 28.7137769, 47.1185311 ], [ 28.7137758, 47.1185316 ], [ 28.7137747, 47.1185321 ], [ 28.7137734, 47.1185325 ], [ 28.7137722, 47.1185327 ], [ 28.7137709, 47.118533 ], [ 28.7137696, 47.1185331 ], [ 28.7137682, 47.1185331 ], [ 28.7137669, 47.118533 ], [ 28.7137656, 47.1185329 ], [ 28.7137643, 47.1185326 ], [ 28.7137631, 47.1185323 ], [ 28.7137619, 47.1185318 ], [ 28.7137608, 47.1185313 ], [ 28.7137535, 47.1185277 ], [ 28.7137525, 47.1185271 ], [ 28.7137516, 47.1185265 ], [ 28.7137507, 47.1185258 ], [ 28.71375, 47.1185251 ], [ 28.7137494, 47.1185243 ], [ 28.7137489, 47.1185235 ], [ 28.7137485, 47.1185226 ], [ 28.7137483, 47.1185218 ], [ 28.7137481, 47.1185209 ], [ 28.7137481, 47.11852 ], [ 28.7137483, 47.1185191 ], [ 28.7137485, 47.1185182 ], [ 28.7137489, 47.1185174 ], [ 28.7137494, 47.1185166 ], [ 28.71375, 47.1185158 ], [ 28.7137508, 47.118515 ], [ 28.7137696, 47.1184978 ], [ 28.7137698, 47.1184977 ], [ 28.7137706, 47.1184969 ], [ 28.7137707, 47.1184967 ], [ 28.7137988, 47.1184665 ], [ 28.7137989, 47.1184663 ], [ 28.7137987, 47.1184662 ], [ 28.7137879, 47.1184616 ], [ 28.7137869, 47.1184611 ], [ 28.7137859, 47.1184605 ], [ 28.713785, 47.1184599 ], [ 28.7137842, 47.1184592 ], [ 28.7137836, 47.1184584 ], [ 28.713783, 47.1184577 ], [ 28.7137825, 47.1184568 ], [ 28.7137822, 47.118456 ], [ 28.7137819, 47.1184551 ], [ 28.7137818, 47.1184543 ], [ 28.7137818, 47.1184534 ], [ 28.713782, 47.1184525 ], [ 28.7137823, 47.1184517 ], [ 28.7137826, 47.1184508 ], [ 28.7137831, 47.11845 ], [ 28.7137838, 47.1184493 ], [ 28.7137845, 47.1184485 ], [ 28.7137846, 47.1184484 ], [ 28.7137848, 47.1184483 ], [ 28.7137845, 47.1184481 ], [ 28.713752, 47.1184313 ], [ 28.7137509, 47.1184307 ], [ 28.71375, 47.11843 ], [ 28.7137492, 47.1184293 ], [ 28.7137485, 47.1184286 ], [ 28.7137479, 47.1184278 ], [ 28.7137474, 47.1184269 ], [ 28.713747, 47.118426 ], [ 28.7137468, 47.1184251 ], [ 28.7137467, 47.1184242 ], [ 28.7137468, 47.1184233 ], [ 28.713747, 47.1184224 ], [ 28.7137473, 47.1184215 ], [ 28.7137477, 47.1184207 ], [ 28.7137483, 47.1184198 ], [ 28.713749, 47.1184191 ], [ 28.713753, 47.1184151 ], [ 28.7137531, 47.1184149 ], [ 28.7137529, 47.1184147 ], [ 28.713718, 47.1183986 ], [ 28.7137178, 47.1183985 ], [ 28.7137176, 47.1183987 ], [ 28.7137034, 47.118413 ], [ 28.7137027, 47.1184137 ], [ 28.7137018, 47.1184143 ], [ 28.7137008, 47.1184149 ], [ 28.7136997, 47.1184154 ], [ 28.7136986, 47.1184159 ], [ 28.7136974, 47.1184163 ], [ 28.7136962, 47.1184165 ], [ 28.7136949, 47.1184168 ], [ 28.7136936, 47.1184169 ], [ 28.7136923, 47.1184169 ], [ 28.713691, 47.1184168 ], [ 28.7136897, 47.1184167 ], [ 28.7136885, 47.1184165 ], [ 28.7136873, 47.1184162 ], [ 28.7136861, 47.1184158 ], [ 28.713685, 47.1184153 ], [ 28.713684, 47.1184147 ], [ 28.713683, 47.1184141 ], [ 28.7136822, 47.1184135 ], [ 28.7136814, 47.1184127 ], [ 28.7136808, 47.118412 ], [ 28.7136805, 47.1184116 ], [ 28.7136802, 47.1184114 ], [ 28.713647, 47.1183938 ], [ 28.7136467, 47.1183936 ], [ 28.7136465, 47.1183938 ], [ 28.7136197, 47.1184174 ], [ 28.7136188, 47.118418 ], [ 28.7136179, 47.1184186 ], [ 28.7136168, 47.1184192 ], [ 28.7136157, 47.1184197 ], [ 28.7136145, 47.1184201 ], [ 28.7136133, 47.1184204 ], [ 28.713612, 47.1184206 ], [ 28.7136108, 47.1184208 ], [ 28.7136094, 47.1184208 ], [ 28.7136081, 47.1184208 ], [ 28.7136068, 47.1184207 ], [ 28.7136056, 47.1184205 ], [ 28.7136043, 47.1184202 ], [ 28.7136031, 47.1184198 ], [ 28.713602, 47.1184193 ], [ 28.7136009, 47.1184188 ], [ 28.7136, 47.1184182 ], [ 28.7135991, 47.1184175 ], [ 28.7135983, 47.1184168 ], [ 28.7135976, 47.118416 ], [ 28.7135971, 47.1184152 ], [ 28.7135966, 47.1184144 ], [ 28.7135963, 47.1184135 ], [ 28.7135962, 47.1184126 ], [ 28.7135961, 47.1184117 ], [ 28.7135962, 47.1184108 ], [ 28.7135963, 47.1184104 ], [ 28.713596, 47.1184102 ], [ 28.7135623, 47.118393 ], [ 28.713562, 47.1183929 ], [ 28.7135618, 47.1183931 ], [ 28.7135006, 47.1184489 ], [ 28.7135005, 47.1184491 ], [ 28.7135007, 47.1184492 ], [ 28.7135157, 47.1184569 ], [ 28.7135168, 47.1184575 ], [ 28.7135177, 47.1184581 ], [ 28.7135185, 47.1184588 ], [ 28.7135193, 47.1184596 ], [ 28.7135199, 47.1184604 ], [ 28.7135203, 47.1184612 ], [ 28.7135207, 47.1184621 ], [ 28.7135209, 47.118463 ], [ 28.713521, 47.1184639 ], [ 28.713521, 47.1184648 ], [ 28.7135208, 47.1184657 ], [ 28.7135205, 47.1184666 ], [ 28.7135201, 47.1184675 ], [ 28.7135195, 47.1184683 ], [ 28.7135188, 47.1184691 ], [ 28.713518, 47.1184698 ], [ 28.7134824, 47.1184994 ], [ 28.7134822, 47.1184996 ], [ 28.7134824, 47.1184997 ], [ 28.713501, 47.1185101 ], [ 28.7135019, 47.1185107 ], [ 28.7135028, 47.1185113 ], [ 28.7135035, 47.118512 ], [ 28.7135042, 47.1185127 ], [ 28.7135047, 47.1185135 ], [ 28.7135052, 47.1185143 ], [ 28.7135055, 47.1185151 ], [ 28.7135057, 47.118516 ], [ 28.7135058, 47.1185168 ], [ 28.7135058, 47.1185177 ], [ 28.7135056, 47.1185185 ], [ 28.7135053, 47.1185194 ], [ 28.713505, 47.1185202 ], [ 28.7135045, 47.118521 ], [ 28.7135039, 47.1185217 ], [ 28.7135032, 47.1185225 ], [ 28.7134771, 47.1185463 ], [ 28.7134763, 47.118547 ], [ 28.7134754, 47.1185476 ], [ 28.7134744, 47.1185481 ], [ 28.7134734, 47.1185486 ], [ 28.7134722, 47.118549 ], [ 28.7134711, 47.1185494 ], [ 28.7134699, 47.1185496 ], [ 28.7134686, 47.1185498 ], [ 28.7134674, 47.1185499 ], [ 28.7134661, 47.1185499 ], [ 28.7134648, 47.1185498 ], [ 28.7134636, 47.1185497 ], [ 28.7134623, 47.1185495 ], [ 28.7134612, 47.1185491 ], [ 28.71346, 47.1185488 ], [ 28.713459, 47.1185483 ], [ 28.713458, 47.1185478 ], [ 28.713457, 47.1185472 ], [ 28.7134562, 47.1185465 ], [ 28.7134555, 47.1185458 ], [ 28.7134548, 47.1185451 ], [ 28.7134543, 47.1185443 ], [ 28.7134539, 47.1185435 ], [ 28.7134538, 47.1185434 ], [ 28.7134536, 47.1185432 ], [ 28.71342, 47.1185259 ], [ 28.7134198, 47.1185258 ], [ 28.7134195, 47.1185259 ], [ 28.713419, 47.1185262 ], [ 28.7134179, 47.1185267 ], [ 28.7134168, 47.1185272 ], [ 28.7134156, 47.1185275 ], [ 28.7134144, 47.1185278 ], [ 28.7134132, 47.118528 ], [ 28.7134119, 47.1185281 ], [ 28.7134106, 47.1185282 ], [ 28.7134093, 47.1185281 ], [ 28.713408, 47.118528 ], [ 28.7134067, 47.1185278 ], [ 28.7134055, 47.1185275 ], [ 28.7134044, 47.1185271 ], [ 28.7134033, 47.1185266 ], [ 28.7134022, 47.1185261 ], [ 28.7133836, 47.1185153 ], [ 28.7133834, 47.1185152 ], [ 28.7133832, 47.1185154 ], [ 28.7133738, 47.1185229 ], [ 28.7133736, 47.1185231 ], [ 28.7133738, 47.1185232 ], [ 28.713394, 47.1185349 ], [ 28.713395, 47.1185355 ], [ 28.7133958, 47.1185362 ], [ 28.7133966, 47.1185369 ], [ 28.7133973, 47.1185377 ], [ 28.7133978, 47.1185385 ], [ 28.7133982, 47.1185394 ], [ 28.7133985, 47.1185403 ], [ 28.7133986, 47.1185412 ], [ 28.7133986, 47.1185421 ], [ 28.7133985, 47.118543 ], [ 28.7133983, 47.1185439 ], [ 28.7133979, 47.1185448 ], [ 28.7133974, 47.1185456 ], [ 28.7133967, 47.1185464 ], [ 28.713396, 47.1185472 ], [ 28.7133885, 47.1185539 ], [ 28.7133884, 47.1185541 ], [ 28.7133886, 47.1185542 ], [ 28.7134222, 47.1185716 ], [ 28.7134224, 47.1185717 ], [ 28.713423, 47.1185717 ], [ 28.7134232, 47.1185717 ], [ 28.7134245, 47.1185717 ], [ 28.7134258, 47.1185719 ], [ 28.7134271, 47.1185721 ], [ 28.7134283, 47.1185724 ], [ 28.7134295, 47.1185728 ], [ 28.7134306, 47.1185733 ], [ 28.7134317, 47.1185739 ], [ 28.7134326, 47.1185745 ], [ 28.7134335, 47.1185752 ], [ 28.7134342, 47.1185759 ], [ 28.7134349, 47.1185767 ], [ 28.7134354, 47.1185775 ], [ 28.7134358, 47.1185784 ], [ 28.7134361, 47.1185793 ], [ 28.7134362, 47.1185801 ], [ 28.7134362, 47.118581 ], [ 28.7134361, 47.1185819 ], [ 28.7134359, 47.1185828 ], [ 28.7134355, 47.1185837 ], [ 28.713435, 47.1185845 ], [ 28.7134344, 47.1185853 ], [ 28.7134336, 47.1185861 ], [ 28.7134199, 47.1185986 ], [ 28.7134197, 47.1185988 ], [ 28.7134199, 47.118599 ], [ 28.7134367, 47.1186075 ], [ 28.7134377, 47.1186081 ], [ 28.7134386, 47.1186087 ], [ 28.7134394, 47.1186094 ], [ 28.7134401, 47.1186101 ], [ 28.7134407, 47.1186109 ], [ 28.7134412, 47.1186117 ], [ 28.7134416, 47.1186125 ], [ 28.7134418, 47.1186134 ], [ 28.7134419, 47.1186143 ], [ 28.7134419, 47.1186152 ], [ 28.7134418, 47.1186161 ], [ 28.7134416, 47.1186169 ], [ 28.7134412, 47.1186178 ], [ 28.7134407, 47.1186186 ], [ 28.7134401, 47.1186194 ], [ 28.7134393, 47.1186201 ], [ 28.7133724, 47.1186811 ], [ 28.7133722, 47.1186813 ], [ 28.7132918, 47.1187523 ], [ 28.7132916, 47.1187525 ], [ 28.7131033, 47.1189256 ], [ 28.7131025, 47.1189262 ], [ 28.7131016, 47.1189269 ], [ 28.7131006, 47.1189274 ], [ 28.7130996, 47.1189279 ], [ 28.7130985, 47.1189283 ], [ 28.7130973, 47.1189286 ], [ 28.7130961, 47.1189289 ], [ 28.7130949, 47.1189291 ], [ 28.7130936, 47.1189292 ], [ 28.7130924, 47.1189292 ], [ 28.7130911, 47.1189291 ], [ 28.7130898, 47.118929 ], [ 28.7130886, 47.1189288 ], [ 28.7130875, 47.1189285 ], [ 28.7130863, 47.1189281 ], [ 28.7130852, 47.1189276 ], [ 28.7130842, 47.1189271 ], [ 28.7130833, 47.1189265 ], [ 28.7130833, 47.1189265 ], [ 28.713083, 47.1189264 ], [ 28.7130634, 47.1189163 ], [ 28.7130624, 47.1189157 ], [ 28.7130615, 47.1189151 ], [ 28.7130607, 47.1189144 ], [ 28.71306, 47.1189137 ], [ 28.7130593, 47.1189129 ], [ 28.7130589, 47.1189121 ], [ 28.7130585, 47.1189113 ], [ 28.7130582, 47.1189104 ], [ 28.7130581, 47.1189095 ], [ 28.7130581, 47.1189086 ], [ 28.7130583, 47.1189078 ], [ 28.7130585, 47.1189069 ], [ 28.7130589, 47.1189061 ], [ 28.7130594, 47.1189052 ], [ 28.71306, 47.1189045 ], [ 28.7130607, 47.1189037 ], [ 28.7130615, 47.1189031 ], [ 28.7130624, 47.1189024 ], [ 28.7130634, 47.1189019 ], [ 28.7130645, 47.1189014 ], [ 28.713065, 47.1189012 ], [ 28.7130653, 47.1189011 ], [ 28.7130655, 47.1189009 ], [ 28.7130983, 47.1188671 ], [ 28.7130987, 47.1188667 ], [ 28.713177, 47.1187954 ], [ 28.7131772, 47.1187952 ], [ 28.7131769, 47.1187951 ], [ 28.7131432, 47.1187779 ], [ 28.713143, 47.1187777 ], [ 28.7131428, 47.1187779 ], [ 28.713064, 47.1188497 ], [ 28.7130639, 47.1188498 ], [ 28.7130633, 47.1188504 ], [ 28.7130632, 47.1188505 ], [ 28.7130298, 47.1188848 ], [ 28.7130297, 47.118885 ], [ 28.7130299, 47.1188851 ], [ 28.7130494, 47.1188939 ], [ 28.7130504, 47.1188944 ], [ 28.7130514, 47.118895 ], [ 28.7130523, 47.1188957 ], [ 28.713053, 47.1188964 ], [ 28.7130537, 47.1188971 ], [ 28.7130543, 47.1188979 ], [ 28.7130547, 47.1188988 ], [ 28.713055, 47.1188996 ], [ 28.7130552, 47.1189005 ], [ 28.7130553, 47.1189014 ], [ 28.7130552, 47.1189023 ], [ 28.713055, 47.1189031 ], [ 28.7130547, 47.118904 ], [ 28.7130542, 47.1189048 ], [ 28.7130537, 47.1189056 ], [ 28.713053, 47.1189064 ], [ 28.7130522, 47.1189071 ], [ 28.7130513, 47.1189078 ], [ 28.7130504, 47.1189084 ], [ 28.7130493, 47.1189089 ], [ 28.7130491, 47.118909 ], [ 28.7130489, 47.1189091 ], [ 28.712983, 47.118969 ], [ 28.7129829, 47.1189689 ], [ 28.7129826, 47.1189688 ], [ 28.7129824, 47.1189689 ], [ 28.7129662, 47.1189819 ], [ 28.7129657, 47.1189824 ], [ 28.7129298, 47.1190079 ], [ 28.7129295, 47.1190081 ], [ 28.7129281, 47.1190093 ], [ 28.7129278, 47.1190095 ], [ 28.712849, 47.1190814 ], [ 28.7128489, 47.1190814 ], [ 28.7128486, 47.1190817 ], [ 28.7128485, 47.1190818 ], [ 28.7128201, 47.1191096 ], [ 28.7128193, 47.1191103 ], [ 28.7128184, 47.1191109 ], [ 28.7128175, 47.1191115 ], [ 28.7128164, 47.119112 ], [ 28.7128153, 47.1191124 ], [ 28.7128141, 47.1191128 ], [ 28.7128128, 47.1191131 ], [ 28.7128116, 47.1191133 ], [ 28.7128103, 47.1191134 ], [ 28.712809, 47.1191134 ], [ 28.7128077, 47.1191133 ], [ 28.7128064, 47.1191132 ], [ 28.7128051, 47.1191129 ], [ 28.7128039, 47.1191126 ], [ 28.7128028, 47.1191122 ], [ 28.7128017, 47.1191117 ], [ 28.7127884, 47.1191053 ], [ 28.7127874, 47.1191047 ], [ 28.7127865, 47.1191041 ], [ 28.7127856, 47.1191035 ], [ 28.7127849, 47.1191027 ], [ 28.7127843, 47.119102 ], [ 28.7127837, 47.1191012 ], [ 28.7127833, 47.1191004 ], [ 28.7127831, 47.1190995 ], [ 28.7127829, 47.1190987 ], [ 28.7127828, 47.1190978 ], [ 28.7127829, 47.1190969 ], [ 28.7127831, 47.1190961 ], [ 28.7127834, 47.1190952 ], [ 28.7127839, 47.1190944 ], [ 28.7127844, 47.1190936 ], [ 28.7127851, 47.1190929 ], [ 28.7127859, 47.1190922 ], [ 28.7128256, 47.1190593 ], [ 28.7128258, 47.1190592 ], [ 28.7128256, 47.119059 ], [ 28.712802, 47.1190457 ], [ 28.712801, 47.1190451 ], [ 28.7128001, 47.1190444 ], [ 28.7127993, 47.1190437 ], [ 28.7127986, 47.1190429 ], [ 28.7127981, 47.1190421 ], [ 28.7127977, 47.1190412 ], [ 28.7127974, 47.1190403 ], [ 28.7127972, 47.1190394 ], [ 28.7127972, 47.1190385 ], [ 28.7127973, 47.1190376 ], [ 28.7127975, 47.1190367 ], [ 28.7127979, 47.1190359 ], [ 28.7127981, 47.1190355 ], [ 28.7127982, 47.1190353 ], [ 28.712798, 47.1190351 ], [ 28.7127628, 47.1190193 ], [ 28.7127625, 47.1190192 ], [ 28.712762, 47.1190194 ], [ 28.712762, 47.1190194 ], [ 28.7127619, 47.1190194 ], [ 28.7127607, 47.1190198 ], [ 28.7127594, 47.11902 ], [ 28.7127581, 47.1190202 ], [ 28.7127567, 47.1190203 ], [ 28.7127554, 47.1190203 ], [ 28.7127541, 47.1190202 ], [ 28.7127528, 47.11902 ], [ 28.7127515, 47.1190197 ], [ 28.7127503, 47.1190193 ], [ 28.7127491, 47.1190189 ], [ 28.712748, 47.1190183 ], [ 28.7127381, 47.119013 ], [ 28.7127379, 47.1190128 ], [ 28.7127377, 47.119013 ], [ 28.7127179, 47.1190299 ], [ 28.7127178, 47.1190301 ], [ 28.712718, 47.1190302 ], [ 28.7127298, 47.1190366 ], [ 28.7127307, 47.1190372 ], [ 28.7127316, 47.1190378 ], [ 28.7127323, 47.1190385 ], [ 28.712733, 47.1190392 ], [ 28.7127336, 47.11904 ], [ 28.712734, 47.1190408 ], [ 28.7127344, 47.1190416 ], [ 28.7127346, 47.1190425 ], [ 28.7127347, 47.1190433 ], [ 28.7127347, 47.1190442 ], [ 28.7127346, 47.119045 ], [ 28.7127343, 47.1190459 ], [ 28.712734, 47.1190467 ], [ 28.7127335, 47.1190475 ], [ 28.7127329, 47.1190483 ], [ 28.7127322, 47.119049 ], [ 28.7125677, 47.1192022 ], [ 28.7125675, 47.1192024 ], [ 28.7125678, 47.1192025 ], [ 28.7126018, 47.1192195 ], [ 28.712602, 47.1192197 ], [ 28.7126021, 47.1192197 ], [ 28.7126032, 47.1192196 ], [ 28.7126045, 47.1192197 ], [ 28.7126057, 47.1192198 ], [ 28.712607, 47.11922 ], [ 28.7126082, 47.1192203 ], [ 28.7126093, 47.1192206 ], [ 28.7126104, 47.1192211 ], [ 28.7126115, 47.1192216 ], [ 28.7126124, 47.1192221 ], [ 28.7126133, 47.1192228 ], [ 28.7126141, 47.1192235 ], [ 28.7126148, 47.1192242 ], [ 28.7126153, 47.119225 ], [ 28.7126158, 47.1192258 ], [ 28.7126161, 47.1192266 ], [ 28.7126164, 47.1192275 ], [ 28.7126165, 47.1192284 ], [ 28.7126164, 47.1192292 ], [ 28.7126163, 47.1192301 ], [ 28.712616, 47.1192309 ], [ 28.7126156, 47.1192318 ], [ 28.7126151, 47.1192326 ], [ 28.7126145, 47.1192333 ], [ 28.7125886, 47.1192621 ], [ 28.7125884, 47.1192623 ], [ 28.7125887, 47.1192624 ], [ 28.7126245, 47.1192775 ], [ 28.7126248, 47.1192776 ], [ 28.712625, 47.1192774 ], [ 28.7126644, 47.1192338 ], [ 28.7126651, 47.119233 ], [ 28.7126659, 47.1192324 ], [ 28.7126668, 47.1192317 ], [ 28.7126678, 47.1192312 ], [ 28.7126689, 47.1192307 ], [ 28.71267, 47.1192303 ], [ 28.7126712, 47.11923 ], [ 28.7126724, 47.1192297 ], [ 28.7126737, 47.1192296 ], [ 28.712675, 47.1192295 ], [ 28.7126763, 47.1192295 ], [ 28.7126775, 47.1192296 ], [ 28.7126788, 47.1192297 ], [ 28.71268, 47.11923 ], [ 28.7126812, 47.1192303 ], [ 28.7126823, 47.1192307 ], [ 28.7126834, 47.1192312 ], [ 28.7127162, 47.1192477 ], [ 28.7127164, 47.1192478 ], [ 28.7127166, 47.1192477 ], [ 28.7127538, 47.1192132 ], [ 28.7127542, 47.1192128 ], [ 28.7127699, 47.1191998 ], [ 28.7127703, 47.1191995 ], [ 28.7127763, 47.1191949 ], [ 28.7127772, 47.1191943 ], [ 28.7127782, 47.1191937 ], [ 28.7127793, 47.1191932 ], [ 28.7127804, 47.1191928 ], [ 28.7127816, 47.1191924 ], [ 28.7127829, 47.1191922 ], [ 28.7127842, 47.119192 ], [ 28.7127854, 47.1191919 ], [ 28.7127867, 47.1191919 ], [ 28.712788, 47.119192 ], [ 28.7127893, 47.1191922 ], [ 28.7127905, 47.1191924 ], [ 28.7127917, 47.1191928 ], [ 28.7127929, 47.1191932 ], [ 28.712794, 47.1191937 ], [ 28.712795, 47.1191942 ], [ 28.7127959, 47.1191949 ], [ 28.7127967, 47.1191955 ], [ 28.7127974, 47.1191963 ], [ 28.712798, 47.1191971 ], [ 28.7127985, 47.1191979 ], [ 28.7127989, 47.1191987 ], [ 28.7127992, 47.1191996 ], [ 28.7127993, 47.1192005 ], [ 28.7127993, 47.1192014 ], [ 28.7127992, 47.1192022 ], [ 28.7127989, 47.1192031 ], [ 28.7127985, 47.1192039 ], [ 28.712798, 47.1192048 ], [ 28.7127974, 47.1192055 ], [ 28.7127967, 47.1192063 ], [ 28.7127833, 47.1192185 ], [ 28.7127831, 47.1192187 ], [ 28.7127822, 47.1192196 ], [ 28.7127821, 47.1192197 ], [ 28.7127405, 47.1192655 ], [ 28.7127404, 47.1192657 ], [ 28.7127286, 47.119278 ], [ 28.7127278, 47.1192787 ], [ 28.712727, 47.1192794 ], [ 28.712726, 47.11928 ], [ 28.712725, 47.1192805 ], [ 28.7127239, 47.119281 ], [ 28.7127227, 47.1192814 ], [ 28.7127215, 47.1192817 ], [ 28.7127203, 47.1192819 ], [ 28.712719, 47.119282 ], [ 28.7127177, 47.1192821 ], [ 28.7127164, 47.1192821 ], [ 28.7127151, 47.1192819 ], [ 28.7127139, 47.1192817 ], [ 28.7127127, 47.1192815 ], [ 28.7127115, 47.1192811 ], [ 28.7127104, 47.1192806 ], [ 28.7127093, 47.1192801 ], [ 28.7126815, 47.119265 ], [ 28.7126813, 47.1192649 ], [ 28.7126811, 47.119265 ], [ 28.712632, 47.119307 ], [ 28.7126319, 47.1193071 ], [ 28.7126315, 47.1193074 ], [ 28.7126315, 47.1193074 ], [ 28.712363, 47.1195523 ], [ 28.7123629, 47.1195523 ], [ 28.7123624, 47.1195528 ], [ 28.7123623, 47.1195529 ], [ 28.7122939, 47.119622 ], [ 28.7122931, 47.1196228 ], [ 28.7122922, 47.1196234 ], [ 28.7122912, 47.119624 ], [ 28.7122901, 47.1196246 ], [ 28.712289, 47.119625 ], [ 28.7122878, 47.1196254 ], [ 28.7122865, 47.1196257 ], [ 28.7122852, 47.1196259 ], [ 28.7122839, 47.119626 ], [ 28.7122826, 47.119626 ], [ 28.7122813, 47.1196259 ], [ 28.7122799, 47.1196258 ], [ 28.7122787, 47.1196255 ], [ 28.7122774, 47.1196252 ], [ 28.7122763, 47.1196247 ], [ 28.7122752, 47.1196242 ], [ 28.7122466, 47.1196098 ], [ 28.7122464, 47.1196097 ], [ 28.7122462, 47.1196099 ], [ 28.7122011, 47.1196514 ], [ 28.7122009, 47.1196516 ], [ 28.7122011, 47.1196517 ], [ 28.7122333, 47.119668 ], [ 28.7122342, 47.1196685 ], [ 28.7122351, 47.1196691 ], [ 28.7122359, 47.1196698 ], [ 28.7122366, 47.1196705 ], [ 28.7122372, 47.1196713 ], [ 28.7122377, 47.1196721 ], [ 28.7122381, 47.1196729 ], [ 28.7122384, 47.1196737 ], [ 28.7122386, 47.1196746 ], [ 28.7122386, 47.1196754 ], [ 28.7122385, 47.1196763 ], [ 28.7122383, 47.1196771 ], [ 28.712238, 47.1196779 ], [ 28.7122375, 47.1196788 ], [ 28.712237, 47.1196795 ], [ 28.7122363, 47.1196803 ], [ 28.7122001, 47.1197169 ], [ 28.7121999, 47.1197171 ], [ 28.7122002, 47.1197172 ], [ 28.7122351, 47.1197333 ], [ 28.7122353, 47.1197334 ], [ 28.7122357, 47.1197331 ], [ 28.7122366, 47.1197325 ], [ 28.7122376, 47.119732 ], [ 28.7122387, 47.1197315 ], [ 28.7122398, 47.1197311 ], [ 28.712241, 47.1197307 ], [ 28.7122422, 47.1197305 ], [ 28.7122435, 47.1197303 ], [ 28.7122448, 47.1197302 ], [ 28.7122461, 47.1197302 ], [ 28.7122474, 47.1197303 ], [ 28.7122486, 47.1197305 ], [ 28.7122498, 47.1197307 ], [ 28.712251, 47.1197311 ], [ 28.7122522, 47.1197315 ], [ 28.7122532, 47.119732 ], [ 28.7122542, 47.1197325 ], [ 28.7122552, 47.1197331 ], [ 28.712256, 47.1197338 ], [ 28.7122562, 47.119734 ], [ 28.7122564, 47.1197343 ], [ 28.7122567, 47.1197344 ], [ 28.7122823, 47.1197486 ], [ 28.7122832, 47.1197492 ], [ 28.7122841, 47.1197498 ], [ 28.7122849, 47.1197505 ], [ 28.7122856, 47.1197513 ], [ 28.7122861, 47.1197521 ], [ 28.7122866, 47.1197529 ], [ 28.7122869, 47.1197538 ], [ 28.7122871, 47.1197547 ], [ 28.7122871, 47.1197556 ], [ 28.7122871, 47.1197565 ], [ 28.7122869, 47.1197573 ], [ 28.7122869, 47.1197573 ], [ 28.7122871, 47.1197575 ], [ 28.7123058, 47.1197669 ], [ 28.7123068, 47.1197675 ], [ 28.7123077, 47.1197681 ], [ 28.7123085, 47.1197688 ], [ 28.7123092, 47.1197695 ], [ 28.7123098, 47.1197703 ], [ 28.7123103, 47.1197711 ], [ 28.7123107, 47.119772 ], [ 28.712311, 47.1197728 ], [ 28.7123111, 47.1197737 ], [ 28.7123111, 47.1197746 ], [ 28.712311, 47.1197755 ], [ 28.7123107, 47.1197763 ], [ 28.7123103, 47.1197772 ], [ 28.7123099, 47.119778 ], [ 28.7123093, 47.1197788 ], [ 28.7123085, 47.1197795 ], [ 28.712301, 47.1197865 ], [ 28.7122719, 47.1197714 ], [ 28.7122717, 47.1197713 ], [ 28.7122715, 47.1197715 ], [ 28.7122552, 47.1197861 ], [ 28.7122543, 47.1197868 ], [ 28.7122534, 47.1197874 ], [ 28.7122524, 47.119788 ], [ 28.7122513, 47.1197885 ], [ 28.7122501, 47.1197889 ], [ 28.7122489, 47.1197892 ], [ 28.7122476, 47.1197895 ], [ 28.7122464, 47.1197896 ], [ 28.712245, 47.1197897 ], [ 28.7122437, 47.1197897 ], [ 28.7122424, 47.1197896 ], [ 28.7122412, 47.1197894 ], [ 28.7122399, 47.1197891 ], [ 28.7122387, 47.1197887 ], [ 28.7122376, 47.1197883 ], [ 28.7122365, 47.1197878 ], [ 28.7122355, 47.1197872 ], [ 28.7122196, 47.1197767 ], [ 28.7122193, 47.1197765 ], [ 28.7122191, 47.1197767 ], [ 28.7122009, 47.1197895 ], [ 28.7122008, 47.1197896 ], [ 28.7122, 47.1197902 ], [ 28.7121999, 47.1197903 ], [ 28.7121829, 47.119804 ], [ 28.7121828, 47.1198041 ], [ 28.7121821, 47.1198047 ], [ 28.712182, 47.1198048 ], [ 28.7119928, 47.1199768 ], [ 28.7119922, 47.1199772 ], [ 28.7119585, 47.1200039 ], [ 28.7119583, 47.120004 ], [ 28.7119578, 47.1200045 ], [ 28.7119577, 47.1200046 ], [ 28.711909, 47.120047 ], [ 28.711909, 47.1200471 ], [ 28.7119086, 47.1200475 ], [ 28.7119085, 47.1200475 ], [ 28.7118468, 47.1201055 ], [ 28.711846, 47.1201062 ], [ 28.7118451, 47.1201068 ], [ 28.7118441, 47.1201074 ], [ 28.711843, 47.1201079 ], [ 28.7118419, 47.1201083 ], [ 28.7118407, 47.1201087 ], [ 28.7118394, 47.1201089 ], [ 28.7118381, 47.1201091 ], [ 28.7118368, 47.1201092 ], [ 28.7118355, 47.1201092 ], [ 28.7118342, 47.1201091 ], [ 28.711833, 47.1201089 ], [ 28.7118317, 47.1201087 ], [ 28.7118305, 47.1201083 ], [ 28.7118294, 47.1201079 ], [ 28.7118004, 47.1200961 ], [ 28.7118001, 47.120096 ], [ 28.7118, 47.1200961 ], [ 28.7117962, 47.1201004 ], [ 28.7117961, 47.1201006 ], [ 28.7117963, 47.1201007 ], [ 28.7118234, 47.1201118 ], [ 28.7118245, 47.1201123 ], [ 28.7118255, 47.1201129 ], [ 28.7118264, 47.1201135 ], [ 28.7118272, 47.1201142 ], [ 28.711828, 47.120115 ], [ 28.7118286, 47.1201158 ], [ 28.711829, 47.1201166 ], [ 28.7118294, 47.1201175 ], [ 28.7118296, 47.1201184 ], [ 28.7118297, 47.1201193 ], [ 28.7118297, 47.1201202 ], [ 28.7118296, 47.1201211 ], [ 28.7118293, 47.1201219 ], [ 28.7118288, 47.1201228 ], [ 28.7118283, 47.1201236 ], [ 28.7118055, 47.1201539 ], [ 28.7118051, 47.1201545 ], [ 28.7117946, 47.1201663 ], [ 28.7117939, 47.120167 ], [ 28.7117931, 47.1201677 ], [ 28.7117922, 47.1201683 ], [ 28.7117912, 47.1201689 ], [ 28.7117901, 47.1201694 ], [ 28.711789, 47.1201698 ], [ 28.7117878, 47.1201701 ], [ 28.7117866, 47.1201704 ], [ 28.7117853, 47.1201705 ], [ 28.711784, 47.1201706 ], [ 28.7117827, 47.1201706 ], [ 28.7117814, 47.1201705 ], [ 28.7117802, 47.1201704 ], [ 28.7117789, 47.1201701 ], [ 28.7117777, 47.1201698 ], [ 28.7117766, 47.1201694 ], [ 28.7117755, 47.1201689 ], [ 28.7117595, 47.1201608 ], [ 28.7117592, 47.1201607 ], [ 28.711759, 47.1201608 ], [ 28.7116967, 47.1202184 ], [ 28.7116966, 47.1202185 ], [ 28.7116488, 47.1202613 ], [ 28.7116488, 47.1202613 ], [ 28.7116485, 47.1202616 ], [ 28.7116484, 47.1202617 ], [ 28.7114643, 47.1204362 ], [ 28.7114638, 47.1204367 ], [ 28.7114139, 47.1204776 ], [ 28.7114138, 47.1204777 ], [ 28.7114133, 47.1204781 ], [ 28.7114132, 47.1204782 ], [ 28.7113814, 47.1205068 ], [ 28.7113813, 47.1205068 ], [ 28.7113811, 47.1205071 ], [ 28.711381, 47.1205071 ], [ 28.7113039, 47.12058 ], [ 28.7113038, 47.12058 ], [ 28.7113036, 47.1205802 ], [ 28.7113036, 47.1205803 ], [ 28.7112592, 47.120624 ], [ 28.7112587, 47.1206245 ], [ 28.7111575, 47.1207119 ], [ 28.7111566, 47.1207125 ], [ 28.7111557, 47.1207131 ], [ 28.7111547, 47.1207136 ], [ 28.7111537, 47.1207141 ], [ 28.7111525, 47.1207145 ], [ 28.7111514, 47.1207148 ], [ 28.7111501, 47.120715 ], [ 28.7111489, 47.1207152 ], [ 28.7111476, 47.1207153 ], [ 28.7111464, 47.1207153 ], [ 28.7111451, 47.1207152 ], [ 28.7111439, 47.120715 ], [ 28.7111427, 47.1207148 ], [ 28.7111415, 47.1207144 ], [ 28.7111404, 47.120714 ], [ 28.7111394, 47.1207136 ], [ 28.711115, 47.1207014 ], [ 28.7111148, 47.1207013 ], [ 28.7111146, 47.1207015 ], [ 28.7110418, 47.1207696 ], [ 28.711041, 47.1207703 ], [ 28.7110401, 47.120771 ], [ 28.7110391, 47.1207715 ], [ 28.711038, 47.120772 ], [ 28.7110368, 47.1207724 ], [ 28.7110357, 47.1207728 ], [ 28.7110344, 47.1207731 ], [ 28.7110332, 47.1207732 ], [ 28.7110319, 47.1207733 ], [ 28.7110306, 47.1207733 ], [ 28.7110293, 47.1207733 ], [ 28.711028, 47.1207731 ], [ 28.7110268, 47.1207728 ], [ 28.7110256, 47.1207725 ], [ 28.7110244, 47.1207721 ], [ 28.7110233, 47.1207716 ], [ 28.711019, 47.1207694 ], [ 28.7110187, 47.1207693 ], [ 28.7110186, 47.1207695 ], [ 28.7110057, 47.1207815 ], [ 28.7110049, 47.1207821 ], [ 28.711004, 47.1207828 ], [ 28.711003, 47.1207833 ], [ 28.7110019, 47.1207838 ], [ 28.7110008, 47.1207843 ], [ 28.7109996, 47.1207846 ], [ 28.7109983, 47.1207849 ], [ 28.710997, 47.120785 ], [ 28.7109957, 47.1207851 ], [ 28.7109944, 47.1207851 ], [ 28.7109931, 47.120785 ], [ 28.7109919, 47.1207849 ], [ 28.7109906, 47.1207846 ], [ 28.7109894, 47.1207843 ], [ 28.7109883, 47.1207838 ], [ 28.7109872, 47.1207833 ], [ 28.7109576, 47.1207683 ], [ 28.7109574, 47.1207681 ], [ 28.7109572, 47.1207683 ], [ 28.7108885, 47.120831 ], [ 28.7108883, 47.1208312 ], [ 28.7108886, 47.1208313 ], [ 28.7109229, 47.1208488 ], [ 28.7109232, 47.1208489 ], [ 28.7109233, 47.1208488 ], [ 28.710929, 47.1208436 ], [ 28.7109298, 47.120843 ], [ 28.7109307, 47.1208424 ], [ 28.7109317, 47.1208418 ], [ 28.7109328, 47.1208413 ], [ 28.7109339, 47.1208409 ], [ 28.7109351, 47.1208406 ], [ 28.7109363, 47.1208403 ], [ 28.7109376, 47.1208401 ], [ 28.7109389, 47.12084 ], [ 28.7109401, 47.12084 ], [ 28.7109414, 47.1208401 ], [ 28.7109427, 47.1208403 ], [ 28.7109439, 47.1208405 ], [ 28.7109451, 47.1208409 ], [ 28.7109462, 47.1208413 ], [ 28.7109473, 47.1208418 ], [ 28.7109481, 47.1208421 ], [ 28.7109491, 47.1208427 ], [ 28.71095, 47.1208433 ], [ 28.7109508, 47.120844 ], [ 28.7109515, 47.1208447 ], [ 28.7109521, 47.1208455 ], [ 28.7109526, 47.1208463 ], [ 28.710953, 47.1208472 ], [ 28.7109533, 47.120848 ], [ 28.7109534, 47.1208489 ], [ 28.7109534, 47.1208498 ], [ 28.7109533, 47.1208507 ], [ 28.7109531, 47.1208515 ], [ 28.7109527, 47.1208524 ], [ 28.7109522, 47.1208532 ], [ 28.7109516, 47.120854 ], [ 28.7109509, 47.1208547 ], [ 28.7109457, 47.1208596 ], [ 28.7109455, 47.1208598 ], [ 28.7109457, 47.1208599 ], [ 28.7109804, 47.1208772 ], [ 28.7109806, 47.1208773 ], [ 28.7109808, 47.1208771 ], [ 28.7110077, 47.1208519 ], [ 28.7110085, 47.1208512 ], [ 28.7110094, 47.1208506 ], [ 28.7110104, 47.12085 ], [ 28.7110114, 47.1208496 ], [ 28.7110125, 47.1208491 ], [ 28.7110137, 47.1208488 ], [ 28.7110149, 47.1208485 ], [ 28.7110162, 47.1208483 ], [ 28.7110174, 47.1208482 ], [ 28.7110187, 47.1208482 ], [ 28.7110199, 47.1208483 ], [ 28.7110212, 47.1208484 ], [ 28.7110224, 47.1208486 ], [ 28.7110236, 47.1208489 ], [ 28.7110247, 47.1208493 ], [ 28.7110258, 47.1208498 ], [ 28.7110268, 47.1208503 ], [ 28.7110417, 47.1208587 ], [ 28.7110426, 47.1208593 ], [ 28.7110435, 47.12086 ], [ 28.7110443, 47.1208607 ], [ 28.7110449, 47.1208615 ], [ 28.7110455, 47.1208623 ], [ 28.7110459, 47.1208631 ], [ 28.7110462, 47.120864 ], [ 28.7110464, 47.1208649 ], [ 28.7110464, 47.1208658 ], [ 28.7110463, 47.1208667 ], [ 28.7110461, 47.1208675 ], [ 28.7110458, 47.1208684 ], [ 28.7110453, 47.1208692 ], [ 28.7110448, 47.12087 ], [ 28.7110441, 47.1208708 ], [ 28.7110433, 47.1208715 ], [ 28.7110331, 47.1208796 ], [ 28.711033, 47.1208797 ], [ 28.7110326, 47.1208801 ], [ 28.7110325, 47.1208801 ], [ 28.7110164, 47.1208941 ], [ 28.7110162, 47.1208942 ], [ 28.7110165, 47.1208944 ], [ 28.7110501, 47.1209125 ], [ 28.7110504, 47.1209126 ], [ 28.7110506, 47.1209124 ], [ 28.7110663, 47.1208988 ], [ 28.7110666, 47.1208986 ], [ 28.7110822, 47.120886 ], [ 28.7110831, 47.1208854 ], [ 28.7110841, 47.1208848 ], [ 28.7110851, 47.1208843 ], [ 28.7110862, 47.1208839 ], [ 28.7110874, 47.1208835 ], [ 28.7110886, 47.1208832 ], [ 28.7110898, 47.120883 ], [ 28.7110911, 47.1208829 ], [ 28.7110924, 47.1208829 ], [ 28.7110937, 47.1208829 ], [ 28.7110949, 47.1208831 ], [ 28.7110962, 47.1208833 ], [ 28.7110974, 47.1208836 ], [ 28.7110985, 47.1208839 ], [ 28.7110996, 47.1208844 ], [ 28.7111143, 47.1208911 ], [ 28.7111153, 47.1208916 ], [ 28.7111163, 47.1208922 ], [ 28.7111171, 47.1208929 ], [ 28.7111179, 47.1208935 ], [ 28.7111185, 47.1208943 ], [ 28.7111191, 47.120895 ], [ 28.7111195, 47.1208958 ], [ 28.7111199, 47.1208967 ], [ 28.7111201, 47.1208975 ], [ 28.7111202, 47.1208984 ], [ 28.7111201, 47.1208992 ], [ 28.71112, 47.1209001 ], [ 28.7111197, 47.1209009 ], [ 28.7111194, 47.1209017 ], [ 28.7111189, 47.1209025 ], [ 28.7111002, 47.120929 ], [ 28.7110997, 47.1209297 ], [ 28.711099, 47.1209304 ], [ 28.7110952, 47.1209339 ], [ 28.7110951, 47.1209341 ], [ 28.7110953, 47.1209342 ], [ 28.7111302, 47.1209516 ], [ 28.7111612, 47.1209669 ], [ 28.7111614, 47.120967 ], [ 28.7111616, 47.1209669 ], [ 28.7111691, 47.1209599 ], [ 28.7111693, 47.1209597 ], [ 28.71117, 47.120959 ], [ 28.7111702, 47.1209587 ], [ 28.7111709, 47.120958 ], [ 28.711171, 47.1209578 ], [ 28.7111869, 47.1209368 ], [ 28.7111876, 47.120936 ], [ 28.7111884, 47.1209353 ], [ 28.7111893, 47.1209346 ], [ 28.7111902, 47.120934 ], [ 28.7111913, 47.1209335 ], [ 28.7111924, 47.120933 ], [ 28.7111936, 47.1209326 ], [ 28.7111949, 47.1209323 ], [ 28.7111962, 47.1209321 ], [ 28.7111975, 47.120932 ], [ 28.7111988, 47.120932 ], [ 28.7112001, 47.120932 ], [ 28.7112015, 47.1209322 ], [ 28.7112027, 47.1209324 ], [ 28.711204, 47.1209328 ], [ 28.7112052, 47.1209332 ], [ 28.7112063, 47.1209336 ], [ 28.7112189, 47.1209398 ], [ 28.7112192, 47.1209399 ], [ 28.7112194, 47.1209397 ], [ 28.7112494, 47.120911 ], [ 28.7112502, 47.1209103 ], [ 28.7112511, 47.1209097 ], [ 28.711252, 47.1209091 ], [ 28.7112531, 47.1209086 ], [ 28.7112542, 47.1209082 ], [ 28.7112553, 47.1209078 ], [ 28.7112565, 47.1209076 ], [ 28.7112577, 47.1209074 ], [ 28.711259, 47.1209072 ], [ 28.7112602, 47.1209072 ], [ 28.7112615, 47.1209072 ], [ 28.7112627, 47.1209074 ], [ 28.711264, 47.1209076 ], [ 28.7112652, 47.1209079 ], [ 28.7112663, 47.1209082 ], [ 28.7112674, 47.1209087 ], [ 28.7112778, 47.1209133 ], [ 28.7112788, 47.1209139 ], [ 28.7112798, 47.1209144 ], [ 28.7112807, 47.1209151 ], [ 28.7112815, 47.1209158 ], [ 28.7112822, 47.1209166 ], [ 28.7112827, 47.1209174 ], [ 28.7112832, 47.1209182 ], [ 28.7112835, 47.1209191 ], [ 28.7112837, 47.12092 ], [ 28.7112837, 47.1209209 ], [ 28.7112837, 47.1209218 ], [ 28.7112835, 47.1209227 ], [ 28.7112831, 47.1209235 ], [ 28.7112827, 47.1209244 ], [ 28.7112821, 47.1209252 ], [ 28.7112814, 47.1209259 ], [ 28.7112511, 47.1209562 ], [ 28.7112509, 47.1209564 ], [ 28.7112512, 47.1209565 ], [ 28.7112865, 47.120973 ], [ 28.7112868, 47.1209731 ], [ 28.711287, 47.120973 ], [ 28.7113268, 47.1209333 ], [ 28.7113276, 47.1209325 ], [ 28.7113285, 47.1209319 ], [ 28.7113294, 47.1209313 ], [ 28.7113305, 47.1209308 ], [ 28.7113316, 47.1209303 ], [ 28.7113328, 47.12093 ], [ 28.711334, 47.1209297 ], [ 28.7113353, 47.1209295 ], [ 28.7113366, 47.1209294 ], [ 28.7113379, 47.1209293 ], [ 28.7113392, 47.1209294 ], [ 28.7113405, 47.1209295 ], [ 28.7113418, 47.1209298 ], [ 28.711343, 47.1209301 ], [ 28.7113441, 47.1209305 ], [ 28.7113452, 47.120931 ], [ 28.7113645, 47.1209402 ], [ 28.7113648, 47.1209404 ], [ 28.711365, 47.1209402 ], [ 28.7113667, 47.1209385 ], [ 28.7113675, 47.1209378 ], [ 28.7113683, 47.1209372 ], [ 28.7113693, 47.1209366 ], [ 28.7113704, 47.1209361 ], [ 28.7113715, 47.1209357 ], [ 28.7113726, 47.1209353 ], [ 28.7113739, 47.1209351 ], [ 28.7113751, 47.1209349 ], [ 28.7113764, 47.1209347 ], [ 28.7113777, 47.1209347 ], [ 28.7113789, 47.1209348 ], [ 28.7113802, 47.1209349 ], [ 28.7113814, 47.1209351 ], [ 28.7113826, 47.1209354 ], [ 28.7113838, 47.1209358 ], [ 28.7113849, 47.1209363 ], [ 28.7114065, 47.1209464 ], [ 28.7114067, 47.1209465 ], [ 28.7114069, 47.1209463 ], [ 28.7114154, 47.1209378 ], [ 28.7114162, 47.1209371 ], [ 28.7114171, 47.1209365 ], [ 28.711418, 47.1209359 ], [ 28.7114191, 47.1209354 ], [ 28.7114202, 47.120935 ], [ 28.7114213, 47.1209346 ], [ 28.7114226, 47.1209343 ], [ 28.7114238, 47.1209341 ], [ 28.7114251, 47.120934 ], [ 28.7114264, 47.1209339 ], [ 28.7114277, 47.120934 ], [ 28.7114289, 47.1209341 ], [ 28.7114302, 47.1209343 ], [ 28.7114314, 47.1209346 ], [ 28.7114325, 47.120935 ], [ 28.7114337, 47.1209355 ], [ 28.7114372, 47.1209371 ], [ 28.7114382, 47.1209376 ], [ 28.7114392, 47.1209382 ], [ 28.7114401, 47.1209389 ], [ 28.7114408, 47.1209396 ], [ 28.7114415, 47.1209404 ], [ 28.711442, 47.1209412 ], [ 28.7114425, 47.1209421 ], [ 28.7114428, 47.1209429 ], [ 28.7114429, 47.1209438 ], [ 28.711443, 47.1209447 ], [ 28.7114429, 47.1209456 ], [ 28.7114427, 47.1209465 ], [ 28.7114423, 47.1209474 ], [ 28.7114418, 47.1209482 ], [ 28.7114412, 47.120949 ], [ 28.7114405, 47.1209498 ], [ 28.7114099, 47.1209791 ], [ 28.7114097, 47.1209793 ], [ 28.71141, 47.1209794 ], [ 28.7114429, 47.1209954 ], [ 28.7114438, 47.1209959 ], [ 28.7114445, 47.1209963 ], [ 28.7114446, 47.1209964 ], [ 28.7114448, 47.1209965 ], [ 28.7114797, 47.1210139 ], [ 28.7115092, 47.1210286 ], [ 28.7115095, 47.1210287 ], [ 28.7115097, 47.1210285 ], [ 28.7115409, 47.1209994 ], [ 28.7115417, 47.1209987 ], [ 28.7115426, 47.1209981 ], [ 28.7115437, 47.1209975 ], [ 28.7115448, 47.120997 ], [ 28.7115459, 47.1209966 ], [ 28.7115472, 47.1209962 ], [ 28.7115484, 47.120996 ], [ 28.7115497, 47.1209958 ], [ 28.7115511, 47.1209957 ], [ 28.7115524, 47.1209958 ], [ 28.7115537, 47.1209959 ], [ 28.711555, 47.1209961 ], [ 28.7115562, 47.1209963 ], [ 28.7115575, 47.1209967 ], [ 28.7115586, 47.1209972 ], [ 28.7115597, 47.1209977 ], [ 28.7115829, 47.1210102 ], [ 28.7115831, 47.1210103 ], [ 28.7115833, 47.1210101 ], [ 28.7116203, 47.1209782 ], [ 28.7116212, 47.1209775 ], [ 28.7116222, 47.1209768 ], [ 28.7116232, 47.1209763 ], [ 28.7116244, 47.1209758 ], [ 28.7116256, 47.1209754 ], [ 28.7116268, 47.1209751 ], [ 28.7116281, 47.1209749 ], [ 28.7116295, 47.1209748 ], [ 28.7116308, 47.1209747 ], [ 28.7116321, 47.1209748 ], [ 28.7116334, 47.1209749 ], [ 28.7116347, 47.1209752 ], [ 28.711636, 47.1209755 ], [ 28.7116372, 47.1209759 ], [ 28.7116383, 47.1209764 ], [ 28.7116598, 47.1209868 ], [ 28.71166, 47.1209869 ], [ 28.7116601, 47.1209869 ], [ 28.7116614, 47.1209869 ], [ 28.7116627, 47.1209869 ], [ 28.7116639, 47.120987 ], [ 28.7116651, 47.1209872 ], [ 28.7116663, 47.1209874 ], [ 28.7116675, 47.1209878 ], [ 28.7116686, 47.1209882 ], [ 28.7116696, 47.1209887 ], [ 28.7116706, 47.1209892 ], [ 28.7116715, 47.1209898 ], [ 28.7116723, 47.1209905 ], [ 28.711673, 47.1209912 ], [ 28.7116736, 47.120992 ], [ 28.7116741, 47.1209928 ], [ 28.7116745, 47.1209936 ], [ 28.7116747, 47.1209944 ], [ 28.7116749, 47.1209953 ], [ 28.7116749, 47.1209961 ], [ 28.7116749, 47.1209961 ], [ 28.7116751, 47.1209962 ], [ 28.7117112, 47.1210121 ], [ 28.7117114, 47.1210122 ], [ 28.7117116, 47.121012 ], [ 28.7117439, 47.1209777 ], [ 28.7117442, 47.1209774 ], [ 28.7117739, 47.1209486 ], [ 28.7117741, 47.1209484 ], [ 28.7117739, 47.1209482 ], [ 28.7117388, 47.1209314 ], [ 28.7117385, 47.1209313 ], [ 28.7117385, 47.1209313 ], [ 28.7117373, 47.1209312 ], [ 28.711736, 47.120931 ], [ 28.7117348, 47.1209308 ], [ 28.7117336, 47.1209304 ], [ 28.7117325, 47.12093 ], [ 28.7117315, 47.1209295 ], [ 28.7117305, 47.1209289 ], [ 28.7117296, 47.1209283 ], [ 28.7117288, 47.1209276 ], [ 28.7117281, 47.1209269 ], [ 28.7117275, 47.1209261 ], [ 28.711727, 47.1209253 ], [ 28.7117267, 47.1209245 ], [ 28.7117264, 47.1209236 ], [ 28.7117263, 47.1209228 ], [ 28.7117263, 47.1209219 ], [ 28.7117264, 47.120921 ], [ 28.7117267, 47.1209202 ], [ 28.7117271, 47.1209193 ], [ 28.7117275, 47.1209185 ], [ 28.7117281, 47.1209178 ], [ 28.7117334, 47.1209117 ], [ 28.7117341, 47.120911 ], [ 28.7117349, 47.1209103 ], [ 28.7117358, 47.1209097 ], [ 28.7117368, 47.1209091 ], [ 28.7117379, 47.1209086 ], [ 28.711739, 47.1209082 ], [ 28.7117402, 47.1209078 ], [ 28.7117415, 47.1209076 ], [ 28.7117427, 47.1209074 ], [ 28.711744, 47.1209073 ], [ 28.7117453, 47.1209073 ], [ 28.7117466, 47.1209074 ], [ 28.7117479, 47.1209075 ], [ 28.7117491, 47.1209078 ], [ 28.7117503, 47.1209081 ], [ 28.7117514, 47.1209085 ], [ 28.7117525, 47.120909 ], [ 28.7117682, 47.1209168 ], [ 28.7117684, 47.120917 ], [ 28.7117686, 47.1209168 ], [ 28.7118068, 47.1208812 ], [ 28.7118069, 47.1208811 ], [ 28.711902, 47.1207953 ], [ 28.7119022, 47.1207951 ], [ 28.7119019, 47.120795 ], [ 28.7118677, 47.1207773 ], [ 28.7118675, 47.1207772 ], [ 28.7118673, 47.1207774 ], [ 28.7118603, 47.1207836 ], [ 28.7118595, 47.1207843 ], [ 28.7118586, 47.1207849 ], [ 28.7118576, 47.1207855 ], [ 28.7118565, 47.120786 ], [ 28.7118554, 47.1207864 ], [ 28.7118542, 47.1207867 ], [ 28.711853, 47.1207869 ], [ 28.7118517, 47.1207871 ], [ 28.7118505, 47.1207872 ], [ 28.7118492, 47.1207872 ], [ 28.7118479, 47.1207871 ], [ 28.7118467, 47.1207869 ], [ 28.7118454, 47.1207867 ], [ 28.7118442, 47.1207864 ], [ 28.7118431, 47.120786 ], [ 28.711842, 47.1207855 ], [ 28.7118227, 47.1207758 ], [ 28.7118224, 47.1207757 ], [ 28.7118222, 47.1207759 ], [ 28.7117758, 47.1208193 ], [ 28.7117756, 47.1208194 ], [ 28.7116994, 47.1208927 ], [ 28.7116992, 47.1208929 ], [ 28.7116984, 47.1208938 ], [ 28.7116983, 47.1208939 ], [ 28.7116721, 47.1209241 ], [ 28.7116715, 47.1209247 ], [ 28.7116259, 47.1209685 ], [ 28.7116251, 47.1209692 ], [ 28.7116242, 47.1209698 ], [ 28.7116233, 47.1209704 ], [ 28.7116222, 47.1209709 ], [ 28.7116212, 47.1209713 ], [ 28.71162, 47.1209717 ], [ 28.7116188, 47.1209719 ], [ 28.7116176, 47.1209722 ], [ 28.7116164, 47.1209723 ], [ 28.7116151, 47.1209723 ], [ 28.7116139, 47.1209723 ], [ 28.7116126, 47.1209721 ], [ 28.7116114, 47.1209719 ], [ 28.7116102, 47.1209717 ], [ 28.7116091, 47.1209713 ], [ 28.711608, 47.1209709 ], [ 28.711607, 47.1209704 ], [ 28.7115948, 47.1209638 ], [ 28.7115938, 47.1209633 ], [ 28.711593, 47.1209626 ], [ 28.7115922, 47.1209619 ], [ 28.7115915, 47.1209612 ], [ 28.7115909, 47.1209605 ], [ 28.7115905, 47.1209596 ], [ 28.7115901, 47.1209588 ], [ 28.7115899, 47.120958 ], [ 28.7115898, 47.1209571 ], [ 28.7115898, 47.1209563 ], [ 28.7115899, 47.1209554 ], [ 28.7115902, 47.1209545 ], [ 28.7115905, 47.1209537 ], [ 28.711591, 47.1209529 ], [ 28.7115916, 47.1209522 ], [ 28.7115923, 47.1209514 ], [ 28.7117118, 47.1208399 ], [ 28.711712, 47.1208398 ], [ 28.7117883, 47.1207666 ], [ 28.7117885, 47.1207665 ], [ 28.7119445, 47.1206219 ], [ 28.7119446, 47.1206218 ], [ 28.7120238, 47.1205501 ], [ 28.712024, 47.12055 ], [ 28.7122273, 47.1203619 ], [ 28.7122274, 47.1203617 ], [ 28.7122272, 47.1203616 ], [ 28.7122065, 47.1203512 ], [ 28.7122055, 47.1203506 ], [ 28.7122046, 47.12035 ], [ 28.7122038, 47.1203493 ], [ 28.7122031, 47.1203486 ], [ 28.7122025, 47.1203478 ], [ 28.712202, 47.120347 ], [ 28.7122016, 47.1203462 ], [ 28.7122013, 47.1203453 ], [ 28.7122012, 47.1203445 ], [ 28.7122012, 47.1203436 ], [ 28.7122013, 47.1203427 ], [ 28.7122015, 47.1203418 ], [ 28.7122019, 47.120341 ], [ 28.7122024, 47.1203402 ], [ 28.712203, 47.1203394 ], [ 28.7122037, 47.1203387 ], [ 28.7122593, 47.1202862 ], [ 28.7122595, 47.120286 ], [ 28.7123049, 47.120242 ], [ 28.712305, 47.1202419 ], [ 28.7123048, 47.1202417 ], [ 28.7122819, 47.1202307 ], [ 28.7122808, 47.1202302 ], [ 28.7122799, 47.1202296 ], [ 28.7122791, 47.1202289 ], [ 28.7122783, 47.1202282 ], [ 28.7122777, 47.1202275 ], [ 28.7122772, 47.1202267 ], [ 28.7122768, 47.1202258 ], [ 28.7122765, 47.120225 ], [ 28.7122763, 47.1202241 ], [ 28.7122763, 47.1202232 ], [ 28.7122763, 47.1202224 ], [ 28.7122765, 47.1202215 ], [ 28.7122769, 47.1202207 ], [ 28.7122773, 47.1202199 ], [ 28.7122773, 47.1202198 ], [ 28.7122771, 47.1202197 ], [ 28.7122429, 47.1202021 ], [ 28.7122426, 47.1202019 ], [ 28.7122424, 47.1202021 ], [ 28.7122392, 47.120205 ], [ 28.7122384, 47.1202057 ], [ 28.7122374, 47.1202063 ], [ 28.7122364, 47.1202069 ], [ 28.7122352, 47.1202074 ], [ 28.712234, 47.1202078 ], [ 28.7122328, 47.1202081 ], [ 28.7122315, 47.1202084 ], [ 28.7122302, 47.1202085 ], [ 28.7122289, 47.1202086 ], [ 28.7122275, 47.1202085 ], [ 28.7122262, 47.1202084 ], [ 28.7122249, 47.1202082 ], [ 28.7122237, 47.1202079 ], [ 28.7122225, 47.1202075 ], [ 28.7122213, 47.120207 ], [ 28.7121971, 47.1201958 ], [ 28.7121968, 47.1201957 ], [ 28.7121966, 47.1201959 ], [ 28.7121944, 47.1201981 ], [ 28.7121936, 47.1201988 ], [ 28.7121928, 47.1201995 ], [ 28.7121918, 47.1202 ], [ 28.7121908, 47.1202006 ], [ 28.7121897, 47.120201 ], [ 28.7121885, 47.1202014 ], [ 28.7121873, 47.1202017 ], [ 28.7121861, 47.1202019 ], [ 28.7121848, 47.120202 ], [ 28.7121835, 47.1202021 ], [ 28.7121823, 47.120202 ], [ 28.712181, 47.1202019 ], [ 28.7121798, 47.1202017 ], [ 28.7121785, 47.1202014 ], [ 28.7121774, 47.120201 ], [ 28.7121763, 47.1202006 ], [ 28.71215, 47.1201889 ], [ 28.7121498, 47.1201888 ], [ 28.7121496, 47.1201888 ], [ 28.7121484, 47.1201884 ], [ 28.7121472, 47.120188 ], [ 28.7121462, 47.1201875 ], [ 28.7121452, 47.120187 ], [ 28.7121442, 47.1201864 ], [ 28.7121434, 47.1201857 ], [ 28.7121427, 47.120185 ], [ 28.7121421, 47.1201842 ], [ 28.7121415, 47.1201834 ], [ 28.7121412, 47.1201826 ], [ 28.7121409, 47.1201817 ], [ 28.7121407, 47.1201808 ], [ 28.7121407, 47.1201799 ], [ 28.7121408, 47.1201791 ], [ 28.7121411, 47.1201782 ], [ 28.7121414, 47.1201774 ], [ 28.7121419, 47.1201765 ], [ 28.7121425, 47.1201758 ], [ 28.7121432, 47.120175 ], [ 28.712144, 47.1201743 ], [ 28.712313, 47.1200429 ], [ 28.7123132, 47.1200427 ], [ 28.7123303, 47.1200301 ], [ 28.7123308, 47.1200297 ], [ 28.7123683, 47.1200048 ], [ 28.7123686, 47.1200047 ], [ 28.7123699, 47.1200037 ], [ 28.7123701, 47.1200036 ], [ 28.7124207, 47.1199624 ], [ 28.7124209, 47.1199622 ], [ 28.7124207, 47.1199621 ], [ 28.7123879, 47.1199433 ], [ 28.7123876, 47.1199431 ], [ 28.7123874, 47.1199433 ], [ 28.7123378, 47.1199836 ], [ 28.7123369, 47.1199843 ], [ 28.7122998, 47.1200089 ], [ 28.7122997, 47.1200089 ], [ 28.712299, 47.1200094 ], [ 28.7122989, 47.1200095 ], [ 28.712281, 47.1200227 ], [ 28.7122809, 47.1200228 ], [ 28.7122806, 47.120023 ], [ 28.7122805, 47.1200231 ], [ 28.7122566, 47.1200417 ], [ 28.7122557, 47.1200423 ], [ 28.7122547, 47.1200429 ], [ 28.7122537, 47.1200434 ], [ 28.7122525, 47.1200438 ], [ 28.7122513, 47.1200442 ], [ 28.7122501, 47.1200444 ], [ 28.7122488, 47.1200446 ], [ 28.7122475, 47.1200447 ], [ 28.7122462, 47.1200447 ], [ 28.7122449, 47.1200446 ], [ 28.7122437, 47.1200445 ], [ 28.7122424, 47.1200442 ], [ 28.7122412, 47.1200439 ], [ 28.71224, 47.1200435 ], [ 28.712239, 47.120043 ], [ 28.7122379, 47.1200424 ], [ 28.712237, 47.1200418 ], [ 28.7122362, 47.1200411 ], [ 28.7122355, 47.1200404 ], [ 28.7122348, 47.1200396 ], [ 28.7122343, 47.1200388 ], [ 28.712234, 47.1200379 ], [ 28.7122337, 47.1200371 ], [ 28.7122336, 47.1200362 ], [ 28.7122336, 47.1200353 ], [ 28.7122337, 47.1200344 ], [ 28.712234, 47.1200335 ], [ 28.7122343, 47.1200327 ], [ 28.7122348, 47.1200319 ], [ 28.7122355, 47.1200311 ], [ 28.7122362, 47.1200303 ], [ 28.7123592, 47.119918 ], [ 28.7123594, 47.1199178 ], [ 28.7123592, 47.1199177 ], [ 28.7123386, 47.1199072 ], [ 28.7123376, 47.1199066 ], [ 28.7123367, 47.119906 ], [ 28.7123359, 47.1199053 ], [ 28.7123352, 47.1199046 ], [ 28.7123346, 47.1199038 ], [ 28.7123341, 47.119903 ], [ 28.7123337, 47.1199021 ], [ 28.7123334, 47.1199013 ], [ 28.7123333, 47.1199004 ], [ 28.7123333, 47.1198995 ], [ 28.7123335, 47.1198986 ], [ 28.7123337, 47.1198978 ], [ 28.7123341, 47.1198969 ], [ 28.7123346, 47.1198961 ], [ 28.7123352, 47.1198953 ], [ 28.712336, 47.1198946 ], [ 28.7123778, 47.1198566 ], [ 28.7123778, 47.1198566 ], [ 28.712378, 47.1198564 ], [ 28.7124009, 47.1198357 ], [ 28.7124017, 47.119835 ], [ 28.7124026, 47.1198344 ], [ 28.7124036, 47.1198339 ], [ 28.7124047, 47.1198334 ], [ 28.7124059, 47.119833 ], [ 28.7124071, 47.1198326 ], [ 28.7124083, 47.1198324 ], [ 28.7124096, 47.1198322 ], [ 28.7124109, 47.1198321 ], [ 28.7124122, 47.1198321 ], [ 28.7124134, 47.1198322 ], [ 28.7124147, 47.1198324 ], [ 28.7124159, 47.1198327 ], [ 28.7124171, 47.119833 ], [ 28.7124183, 47.1198334 ], [ 28.7124193, 47.1198339 ], [ 28.7124395, 47.1198443 ], [ 28.7124397, 47.1198444 ], [ 28.7124399, 47.1198443 ], [ 28.7125604, 47.1197352 ], [ 28.7125612, 47.1197345 ], [ 28.7125621, 47.1197339 ], [ 28.7125631, 47.1197333 ], [ 28.7125642, 47.1197328 ], [ 28.7125654, 47.1197324 ], [ 28.7125666, 47.1197321 ], [ 28.7125678, 47.1197318 ], [ 28.7125691, 47.1197317 ], [ 28.7125704, 47.1197316 ], [ 28.7125717, 47.1197316 ], [ 28.7125729, 47.1197317 ], [ 28.7125742, 47.1197319 ], [ 28.7125754, 47.1197321 ], [ 28.7125766, 47.1197325 ], [ 28.7125778, 47.1197329 ], [ 28.7125788, 47.1197334 ], [ 28.7125975, 47.119743 ], [ 28.7125978, 47.1197431 ], [ 28.7125978, 47.1197431 ], [ 28.712599, 47.1197436 ], [ 28.7126, 47.1197441 ], [ 28.712601, 47.1197448 ], [ 28.7126019, 47.1197455 ], [ 28.7126027, 47.1197462 ], [ 28.7126033, 47.119747 ], [ 28.7126039, 47.1197478 ], [ 28.7126043, 47.1197487 ], [ 28.7126046, 47.1197496 ], [ 28.7126047, 47.1197505 ], [ 28.7126047, 47.1197505 ], [ 28.712605, 47.1197507 ], [ 28.7126402, 47.1197664 ], [ 28.7126404, 47.1197665 ], [ 28.7126406, 47.1197664 ], [ 28.7126841, 47.1197212 ], [ 28.7126843, 47.119721 ], [ 28.712684, 47.1197209 ], [ 28.7126544, 47.1197076 ], [ 28.7126534, 47.1197071 ], [ 28.7126525, 47.1197065 ], [ 28.7126516, 47.1197059 ], [ 28.7126508, 47.1197052 ], [ 28.7126502, 47.1197045 ], [ 28.7126496, 47.1197037 ], [ 28.7126491, 47.1197029 ], [ 28.7126488, 47.119702 ], [ 28.7126486, 47.1197012 ], [ 28.7126485, 47.1197003 ], [ 28.7126485, 47.1196995 ], [ 28.7126487, 47.1196986 ], [ 28.7126489, 47.1196978 ], [ 28.7126493, 47.1196969 ], [ 28.7126498, 47.1196961 ], [ 28.7126504, 47.1196954 ], [ 28.7126511, 47.1196947 ], [ 28.7127078, 47.1196432 ], [ 28.7127086, 47.1196425 ], [ 28.7127095, 47.1196419 ], [ 28.7127105, 47.1196414 ], [ 28.7127116, 47.1196409 ], [ 28.7127127, 47.1196405 ], [ 28.7127139, 47.1196401 ], [ 28.7127151, 47.1196399 ], [ 28.7127164, 47.1196397 ], [ 28.7127177, 47.1196396 ], [ 28.7127189, 47.1196396 ], [ 28.7127202, 47.1196397 ], [ 28.7127215, 47.1196399 ], [ 28.7127227, 47.1196401 ], [ 28.7127239, 47.1196404 ], [ 28.712725, 47.1196409 ], [ 28.7127261, 47.1196413 ], [ 28.7127271, 47.1196419 ], [ 28.7127525, 47.1196573 ], [ 28.7127527, 47.1196574 ], [ 28.7127529, 47.1196573 ], [ 28.7128002, 47.119621 ], [ 28.7128009, 47.1196206 ], [ 28.7128384, 47.1195959 ], [ 28.7128385, 47.1195958 ], [ 28.7128391, 47.1195954 ], [ 28.7128392, 47.1195953 ], [ 28.7128572, 47.1195822 ], [ 28.7128574, 47.1195821 ], [ 28.7128579, 47.1195816 ], [ 28.712858, 47.1195815 ], [ 28.7129414, 47.1195145 ], [ 28.7129423, 47.1195138 ], [ 28.7129433, 47.1195132 ], [ 28.7129444, 47.1195127 ], [ 28.7129456, 47.1195122 ], [ 28.7129468, 47.1195119 ], [ 28.712948, 47.1195116 ], [ 28.7129493, 47.1195114 ], [ 28.7129506, 47.1195113 ], [ 28.7129519, 47.1195113 ], [ 28.7129533, 47.1195114 ], [ 28.7129546, 47.1195115 ], [ 28.7129558, 47.1195118 ], [ 28.7129571, 47.1195121 ], [ 28.7129582, 47.1195125 ], [ 28.7129816, 47.1195221 ], [ 28.7129819, 47.1195221 ], [ 28.712982, 47.119522 ], [ 28.7130109, 47.119489 ], [ 28.7130113, 47.1194885 ], [ 28.7130277, 47.119472 ], [ 28.7130284, 47.1194713 ], [ 28.7130293, 47.1194707 ], [ 28.7130302, 47.1194701 ], [ 28.7130312, 47.1194696 ], [ 28.7130323, 47.1194692 ], [ 28.7130334, 47.1194688 ], [ 28.7130346, 47.1194685 ], [ 28.7130358, 47.1194683 ], [ 28.7130371, 47.1194681 ], [ 28.7130383, 47.1194681 ], [ 28.7130396, 47.1194681 ], [ 28.7130408, 47.1194682 ], [ 28.7130421, 47.1194684 ], [ 28.7130433, 47.1194687 ], [ 28.7130444, 47.119469 ], [ 28.7130455, 47.1194694 ], [ 28.7130465, 47.1194699 ], [ 28.7130793, 47.1194869 ], [ 28.7130795, 47.119487 ], [ 28.7130797, 47.1194868 ], [ 28.7131318, 47.1194401 ], [ 28.7131321, 47.1194398 ], [ 28.7132151, 47.1193707 ], [ 28.7132153, 47.1193705 ], [ 28.7132151, 47.1193704 ], [ 28.7131825, 47.1193522 ], [ 28.7131823, 47.119352 ], [ 28.7131821, 47.1193522 ], [ 28.7131258, 47.119399 ], [ 28.7131249, 47.1193997 ], [ 28.713124, 47.1194003 ], [ 28.7131229, 47.1194008 ], [ 28.7131218, 47.1194013 ], [ 28.7131206, 47.1194017 ], [ 28.7131194, 47.119402 ], [ 28.7131181, 47.1194022 ], [ 28.7131168, 47.1194023 ], [ 28.7131156, 47.1194023 ], [ 28.7131143, 47.1194023 ], [ 28.713113, 47.1194022 ], [ 28.7131117, 47.1194019 ], [ 28.7131105, 47.1194016 ], [ 28.7131093, 47.1194013 ], [ 28.7131082, 47.1194008 ], [ 28.7131072, 47.1194003 ], [ 28.7131062, 47.1193997 ], [ 28.7131053, 47.119399 ], [ 28.7131046, 47.1193983 ], [ 28.7131039, 47.1193975 ], [ 28.7131034, 47.1193967 ], [ 28.713103, 47.1193959 ], [ 28.7131026, 47.119395 ], [ 28.7131025, 47.1193941 ], [ 28.7131024, 47.1193933 ], [ 28.7131025, 47.1193924 ], [ 28.7131027, 47.1193915 ], [ 28.713103, 47.1193906 ], [ 28.7131035, 47.1193898 ], [ 28.713104, 47.119389 ], [ 28.7131359, 47.1193495 ], [ 28.7131361, 47.1193493 ], [ 28.7131756, 47.1193036 ], [ 28.7131761, 47.119303 ], [ 28.7132206, 47.1192597 ], [ 28.7132208, 47.1192596 ], [ 28.7132206, 47.1192595 ], [ 28.7132433, 47.1192377 ] ], [ [ 28.7130178, 47.1191194 ], [ 28.7130188, 47.11912 ], [ 28.7130197, 47.1191206 ], [ 28.7130206, 47.1191213 ], [ 28.7130213, 47.119122 ], [ 28.7130219, 47.1191228 ], [ 28.7130224, 47.1191237 ], [ 28.7130227, 47.1191245 ], [ 28.713023, 47.1191254 ], [ 28.7130231, 47.1191263 ], [ 28.7130231, 47.1191271 ], [ 28.7130229, 47.119128 ], [ 28.7130226, 47.1191289 ], [ 28.7130222, 47.1191297 ], [ 28.7130217, 47.1191306 ], [ 28.7130211, 47.1191313 ], [ 28.7130204, 47.1191321 ], [ 28.7130008, 47.1191495 ], [ 28.712985, 47.1191413 ], [ 28.712984, 47.1191407 ], [ 28.7129831, 47.1191401 ], [ 28.7129823, 47.1191394 ], [ 28.7129815, 47.1191387 ], [ 28.7129809, 47.1191379 ], [ 28.7129805, 47.1191371 ], [ 28.7129801, 47.1191362 ], [ 28.7129798, 47.1191354 ], [ 28.7129797, 47.1191345 ], [ 28.7129797, 47.1191336 ], [ 28.7129799, 47.1191327 ], [ 28.7129801, 47.1191319 ], [ 28.7129805, 47.119131 ], [ 28.712981, 47.1191302 ], [ 28.7129816, 47.1191295 ], [ 28.7129824, 47.1191287 ], [ 28.7130017, 47.1191111 ], [ 28.7130178, 47.1191194 ] ], [ [ 28.7130176, 47.1191824 ], [ 28.7130178, 47.1191823 ], [ 28.7130259, 47.1191751 ], [ 28.7130271, 47.1191741 ], [ 28.7130271, 47.119174 ], [ 28.713038, 47.1191643 ], [ 28.7130388, 47.1191637 ], [ 28.7130398, 47.1191631 ], [ 28.7130408, 47.1191625 ], [ 28.7130418, 47.119162 ], [ 28.713043, 47.1191616 ], [ 28.7130442, 47.1191613 ], [ 28.7130454, 47.1191611 ], [ 28.7130467, 47.1191609 ], [ 28.713048, 47.1191608 ], [ 28.7130493, 47.1191608 ], [ 28.7130505, 47.1191609 ], [ 28.7130518, 47.1191611 ], [ 28.713053, 47.1191614 ], [ 28.7130542, 47.1191617 ], [ 28.7130553, 47.1191622 ], [ 28.7130564, 47.1191626 ], [ 28.7130655, 47.1191673 ], [ 28.7130665, 47.1191679 ], [ 28.7130674, 47.1191685 ], [ 28.7130682, 47.1191692 ], [ 28.7130689, 47.11917 ], [ 28.7130695, 47.1191708 ], [ 28.71307, 47.1191716 ], [ 28.7130703, 47.1191724 ], [ 28.7130706, 47.1191733 ], [ 28.7130707, 47.1191742 ], [ 28.7130707, 47.1191751 ], [ 28.7130705, 47.1191759 ], [ 28.7130703, 47.1191768 ], [ 28.7130699, 47.1191777 ], [ 28.7130693, 47.1191785 ], [ 28.7130687, 47.1191792 ], [ 28.713068, 47.11918 ], [ 28.7130193, 47.1192234 ], [ 28.7130191, 47.1192236 ], [ 28.7130182, 47.1192242 ], [ 28.7130172, 47.1192247 ], [ 28.7130161, 47.1192252 ], [ 28.7130149, 47.1192256 ], [ 28.7130137, 47.1192259 ], [ 28.7130125, 47.1192262 ], [ 28.7130112, 47.1192263 ], [ 28.71301, 47.1192264 ], [ 28.7130087, 47.1192264 ], [ 28.7130074, 47.1192263 ], [ 28.7130061, 47.1192261 ], [ 28.7130049, 47.1192258 ], [ 28.7130037, 47.1192255 ], [ 28.7130026, 47.1192251 ], [ 28.7130015, 47.1192246 ], [ 28.7129922, 47.1192197 ], [ 28.7129912, 47.1192191 ], [ 28.7129903, 47.1192185 ], [ 28.7129895, 47.1192178 ], [ 28.7129888, 47.1192171 ], [ 28.7129882, 47.1192163 ], [ 28.7129877, 47.1192155 ], [ 28.7129874, 47.1192146 ], [ 28.7129871, 47.1192137 ], [ 28.712987, 47.1192128 ], [ 28.712987, 47.119212 ], [ 28.7129872, 47.1192111 ], [ 28.7129875, 47.1192102 ], [ 28.7129879, 47.1192094 ], [ 28.7129884, 47.1192086 ], [ 28.712989, 47.1192078 ], [ 28.7129898, 47.1192071 ], [ 28.7130176, 47.1191824 ], [ 28.7130176, 47.1191824 ] ], [ [ 28.713586, 47.1187235 ], [ 28.7135851, 47.1187229 ], [ 28.7135843, 47.1187222 ], [ 28.7135836, 47.1187215 ], [ 28.7135829, 47.1187207 ], [ 28.7135825, 47.1187199 ], [ 28.7135821, 47.118719 ], [ 28.7135818, 47.1187182 ], [ 28.7135817, 47.1187173 ], [ 28.7135817, 47.1187164 ], [ 28.7135818, 47.1187155 ], [ 28.7135821, 47.1187147 ], [ 28.7135825, 47.1187138 ], [ 28.713583, 47.118713 ], [ 28.7135836, 47.1187122 ], [ 28.7135843, 47.1187115 ], [ 28.7135926, 47.1187039 ], [ 28.7135935, 47.1187032 ], [ 28.7135944, 47.1187026 ], [ 28.7135954, 47.1187021 ], [ 28.7135965, 47.1187016 ], [ 28.7135976, 47.1187012 ], [ 28.7135988, 47.1187008 ], [ 28.7136, 47.1187006 ], [ 28.7136013, 47.1187004 ], [ 28.7136026, 47.1187003 ], [ 28.7136039, 47.1187003 ], [ 28.7136052, 47.1187004 ], [ 28.7136064, 47.1187006 ], [ 28.7136077, 47.1187008 ], [ 28.7136089, 47.1187012 ], [ 28.71361, 47.1187016 ], [ 28.7136111, 47.1187021 ], [ 28.7136175, 47.1187054 ], [ 28.7136185, 47.1187059 ], [ 28.7136194, 47.1187066 ], [ 28.7136202, 47.1187073 ], [ 28.713621, 47.118708 ], [ 28.7136216, 47.1187088 ], [ 28.713622, 47.1187096 ], [ 28.7136224, 47.1187105 ], [ 28.7136227, 47.1187113 ], [ 28.7136228, 47.1187122 ], [ 28.7136228, 47.1187131 ], [ 28.7136226, 47.118714 ], [ 28.7136224, 47.1187149 ], [ 28.713622, 47.1187157 ], [ 28.7136215, 47.1187165 ], [ 28.7136208, 47.1187173 ], [ 28.7136201, 47.118718 ], [ 28.7136117, 47.1187255 ], [ 28.7136109, 47.1187262 ], [ 28.71361, 47.1187268 ], [ 28.713609, 47.1187274 ], [ 28.7136079, 47.1187279 ], [ 28.7136068, 47.1187283 ], [ 28.7136056, 47.1187286 ], [ 28.7136044, 47.1187289 ], [ 28.7136031, 47.118729 ], [ 28.7136018, 47.1187291 ], [ 28.7136005, 47.1187291 ], [ 28.7135993, 47.118729 ], [ 28.713598, 47.1187288 ], [ 28.7135968, 47.1187286 ], [ 28.7135956, 47.1187282 ], [ 28.7135945, 47.1187278 ], [ 28.7135934, 47.1187273 ], [ 28.713587, 47.1187241 ], [ 28.713586, 47.1187235 ] ], [ [ 28.7131559, 47.1192325 ], [ 28.7131549, 47.1192331 ], [ 28.7131538, 47.1192335 ], [ 28.7131527, 47.1192339 ], [ 28.7131515, 47.1192343 ], [ 28.7131503, 47.1192345 ], [ 28.713149, 47.1192347 ], [ 28.7131477, 47.1192348 ], [ 28.7131464, 47.1192348 ], [ 28.7131451, 47.1192347 ], [ 28.7131439, 47.1192345 ], [ 28.7131428, 47.1192343 ], [ 28.7131296, 47.1192276 ], [ 28.7131286, 47.119227 ], [ 28.7131277, 47.1192264 ], [ 28.7131269, 47.1192257 ], [ 28.7131261, 47.119225 ], [ 28.7131255, 47.1192242 ], [ 28.7131252, 47.1192237 ], [ 28.713125, 47.1192232 ], [ 28.7131248, 47.1192223 ], [ 28.7131247, 47.1192215 ], [ 28.7131247, 47.1192206 ], [ 28.7131248, 47.1192197 ], [ 28.7131251, 47.1192188 ], [ 28.7131254, 47.119218 ], [ 28.713126, 47.1192172 ], [ 28.7131266, 47.1192164 ], [ 28.7131273, 47.1192157 ], [ 28.7131419, 47.1192024 ], [ 28.7131428, 47.1192017 ], [ 28.7131437, 47.1192011 ], [ 28.7131447, 47.1192006 ], [ 28.7131457, 47.1192001 ], [ 28.7131469, 47.1191997 ], [ 28.7131481, 47.1191993 ], [ 28.7131493, 47.1191991 ], [ 28.7131506, 47.1191989 ], [ 28.7131518, 47.1191988 ], [ 28.7131531, 47.1191988 ], [ 28.7131544, 47.1191989 ], [ 28.7131557, 47.1191991 ], [ 28.7131569, 47.1191994 ], [ 28.7131581, 47.1191997 ], [ 28.7131592, 47.1192001 ], [ 28.7131603, 47.1192006 ], [ 28.7131722, 47.1192066 ], [ 28.7131732, 47.1192071 ], [ 28.7131741, 47.1192078 ], [ 28.713175, 47.1192085 ], [ 28.7131757, 47.1192092 ], [ 28.7131763, 47.11921 ], [ 28.7131768, 47.1192109 ], [ 28.7131772, 47.1192117 ], [ 28.7131774, 47.1192126 ], [ 28.7131775, 47.1192135 ], [ 28.7131775, 47.1192144 ], [ 28.7131773, 47.1192153 ], [ 28.713177, 47.1192162 ], [ 28.7131766, 47.1192171 ], [ 28.7131761, 47.1192179 ], [ 28.7131754, 47.1192187 ], [ 28.7131746, 47.1192194 ], [ 28.7131737, 47.1192201 ], [ 28.713157, 47.1192317 ], [ 28.7131569, 47.1192318 ], [ 28.7131568, 47.1192319 ], [ 28.7131559, 47.1192325 ] ], [ [ 28.7126524, 47.1192158 ], [ 28.7126515, 47.1192151 ], [ 28.7126507, 47.1192144 ], [ 28.7126499, 47.1192137 ], [ 28.7126493, 47.1192129 ], [ 28.7126489, 47.119212 ], [ 28.7126485, 47.1192111 ], [ 28.7126483, 47.1192103 ], [ 28.7126482, 47.1192093 ], [ 28.7126483, 47.1192084 ], [ 28.7126485, 47.1192075 ], [ 28.7126488, 47.1192067 ], [ 28.7126492, 47.1192058 ], [ 28.7126498, 47.119205 ], [ 28.7126504, 47.1192042 ], [ 28.7126512, 47.1192035 ], [ 28.7127396, 47.1191304 ], [ 28.7127405, 47.1191298 ], [ 28.7127414, 47.1191292 ], [ 28.7127424, 47.1191287 ], [ 28.7127435, 47.1191282 ], [ 28.7127447, 47.1191279 ], [ 28.7127459, 47.1191276 ], [ 28.7127471, 47.1191274 ], [ 28.7127484, 47.1191272 ], [ 28.7127496, 47.1191272 ], [ 28.7127509, 47.1191272 ], [ 28.7127522, 47.1191273 ], [ 28.7127534, 47.1191275 ], [ 28.7127546, 47.1191278 ], [ 28.7127558, 47.1191282 ], [ 28.7127569, 47.1191286 ], [ 28.7127579, 47.1191291 ], [ 28.7127582, 47.1191292 ], [ 28.7127743, 47.1191371 ], [ 28.7127753, 47.1191376 ], [ 28.7127763, 47.1191383 ], [ 28.7127771, 47.119139 ], [ 28.7127779, 47.1191397 ], [ 28.7127785, 47.1191405 ], [ 28.712779, 47.1191413 ], [ 28.7127794, 47.1191422 ], [ 28.7127797, 47.119143 ], [ 28.7127798, 47.1191439 ], [ 28.7127798, 47.1191448 ], [ 28.7127797, 47.1191457 ], [ 28.7127794, 47.1191466 ], [ 28.7127791, 47.1191474 ], [ 28.7127786, 47.1191483 ], [ 28.7127779, 47.1191491 ], [ 28.7127772, 47.1191498 ], [ 28.712773, 47.1191536 ], [ 28.7127723, 47.1191543 ], [ 28.712738, 47.1191803 ], [ 28.7127379, 47.1191804 ], [ 28.7127374, 47.1191808 ], [ 28.7127373, 47.1191809 ], [ 28.7127206, 47.1191947 ], [ 28.7127205, 47.1191948 ], [ 28.71272, 47.1191953 ], [ 28.7127198, 47.1191954 ], [ 28.7126907, 47.1192224 ], [ 28.7126899, 47.1192231 ], [ 28.712689, 47.1192237 ], [ 28.712688, 47.1192243 ], [ 28.712687, 47.1192248 ], [ 28.7126859, 47.1192252 ], [ 28.7126847, 47.1192255 ], [ 28.7126835, 47.1192258 ], [ 28.7126823, 47.119226 ], [ 28.712681, 47.1192261 ], [ 28.7126798, 47.1192261 ], [ 28.7126785, 47.119226 ], [ 28.7126773, 47.1192259 ], [ 28.712676, 47.1192257 ], [ 28.7126749, 47.1192254 ], [ 28.7126737, 47.119225 ], [ 28.7126726, 47.1192245 ], [ 28.7126724, 47.1192244 ], [ 28.7126545, 47.1192169 ], [ 28.7126534, 47.1192164 ], [ 28.7126524, 47.1192158 ] ], [ [ 28.7123213, 47.1196782 ], [ 28.7123204, 47.1196787 ], [ 28.7123193, 47.1196792 ], [ 28.7123182, 47.1196796 ], [ 28.712317, 47.11968 ], [ 28.7123158, 47.1196802 ], [ 28.7123145, 47.1196804 ], [ 28.7123133, 47.1196805 ], [ 28.712312, 47.1196805 ], [ 28.7123107, 47.1196805 ], [ 28.7123095, 47.1196803 ], [ 28.7123082, 47.1196801 ], [ 28.7123071, 47.1196797 ], [ 28.7123059, 47.1196793 ], [ 28.7123049, 47.1196789 ], [ 28.7123038, 47.1196783 ], [ 28.7123029, 47.1196777 ], [ 28.7123021, 47.1196771 ], [ 28.7123014, 47.1196764 ], [ 28.7123007, 47.1196756 ], [ 28.7123002, 47.1196748 ], [ 28.7122998, 47.119674 ], [ 28.7122995, 47.1196731 ], [ 28.7122993, 47.1196723 ], [ 28.7122993, 47.1196714 ], [ 28.7122994, 47.1196705 ], [ 28.7122996, 47.1196697 ], [ 28.7122999, 47.1196688 ], [ 28.7123003, 47.119668 ], [ 28.7123009, 47.1196672 ], [ 28.7123016, 47.1196665 ], [ 28.7123168, 47.1196511 ], [ 28.7123176, 47.1196503 ], [ 28.7123185, 47.1196497 ], [ 28.7123195, 47.1196491 ], [ 28.7123206, 47.1196486 ], [ 28.7123217, 47.1196481 ], [ 28.7123229, 47.1196477 ], [ 28.7123241, 47.1196474 ], [ 28.7123254, 47.1196472 ], [ 28.7123267, 47.1196471 ], [ 28.712328, 47.1196471 ], [ 28.7123293, 47.1196472 ], [ 28.7123306, 47.1196473 ], [ 28.7123319, 47.1196476 ], [ 28.7123331, 47.1196479 ], [ 28.7123343, 47.1196483 ], [ 28.7123354, 47.1196488 ], [ 28.7123364, 47.1196493 ], [ 28.7123375, 47.1196498 ], [ 28.7123384, 47.1196505 ], [ 28.7123393, 47.1196511 ], [ 28.71234, 47.1196519 ], [ 28.7123406, 47.1196527 ], [ 28.7123411, 47.1196535 ], [ 28.7123415, 47.1196543 ], [ 28.7123418, 47.1196552 ], [ 28.7123419, 47.1196561 ], [ 28.7123419, 47.119657 ], [ 28.7123418, 47.1196579 ], [ 28.7123416, 47.1196588 ], [ 28.7123412, 47.1196596 ], [ 28.7123407, 47.1196604 ], [ 28.7123401, 47.1196612 ], [ 28.7123393, 47.119662 ], [ 28.712323, 47.1196769 ], [ 28.7123222, 47.1196776 ], [ 28.7123213, 47.1196782 ] ], [ [ 28.7119493, 47.1201167 ], [ 28.7119503, 47.1201161 ], [ 28.7119515, 47.1201156 ], [ 28.7119526, 47.1201152 ], [ 28.7119539, 47.1201148 ], [ 28.7119551, 47.1201146 ], [ 28.7119564, 47.1201144 ], [ 28.7119578, 47.1201143 ], [ 28.7119591, 47.1201143 ], [ 28.7119604, 47.1201144 ], [ 28.7119617, 47.1201146 ], [ 28.711963, 47.1201149 ], [ 28.7119642, 47.1201153 ], [ 28.7119654, 47.1201157 ], [ 28.7119723, 47.1201187 ], [ 28.7119733, 47.1201193 ], [ 28.7119743, 47.1201198 ], [ 28.7119752, 47.1201205 ], [ 28.711976, 47.1201211 ], [ 28.7119766, 47.1201219 ], [ 28.7119772, 47.1201227 ], [ 28.7119777, 47.1201235 ], [ 28.711978, 47.1201243 ], [ 28.7119782, 47.1201252 ], [ 28.7119783, 47.120126 ], [ 28.7119783, 47.1201269 ], [ 28.7119782, 47.1201278 ], [ 28.7119779, 47.1201286 ], [ 28.7119775, 47.1201295 ], [ 28.711977, 47.1201303 ], [ 28.7119764, 47.120131 ], [ 28.7119757, 47.1201318 ], [ 28.7119726, 47.1201345 ], [ 28.7119725, 47.1201346 ], [ 28.7119722, 47.1201349 ], [ 28.7119722, 47.1201349 ], [ 28.7119325, 47.120173 ], [ 28.7119317, 47.1201736 ], [ 28.7119308, 47.1201743 ], [ 28.7119299, 47.1201748 ], [ 28.7119288, 47.1201753 ], [ 28.7119278, 47.1201758 ], [ 28.7119266, 47.1201761 ], [ 28.7119254, 47.1201764 ], [ 28.7119242, 47.1201766 ], [ 28.7119229, 47.1201767 ], [ 28.7119217, 47.1201767 ], [ 28.7119204, 47.1201767 ], [ 28.7119192, 47.1201766 ], [ 28.711918, 47.1201764 ], [ 28.7119168, 47.1201761 ], [ 28.7119156, 47.1201757 ], [ 28.7119145, 47.1201753 ], [ 28.7119075, 47.1201722 ], [ 28.7119064, 47.1201716 ], [ 28.7119054, 47.120171 ], [ 28.7119045, 47.1201703 ], [ 28.7119037, 47.1201696 ], [ 28.711903, 47.1201688 ], [ 28.7119025, 47.120168 ], [ 28.711902, 47.1201672 ], [ 28.7119017, 47.1201663 ], [ 28.7119016, 47.1201654 ], [ 28.7119015, 47.1201645 ], [ 28.7119016, 47.1201636 ], [ 28.7119018, 47.1201627 ], [ 28.7119022, 47.1201618 ], [ 28.7119027, 47.1201609 ], [ 28.7119033, 47.1201601 ], [ 28.711904, 47.1201594 ], [ 28.7119476, 47.120118 ], [ 28.7119484, 47.1201173 ], [ 28.7119493, 47.1201167 ] ] ] } },
{ "type": "Feature", "properties": { "vineyard_id": "V15", "n_rows": 17, "row_spacing_m": 3.3, "vine_spacing_m": 1.2, "area_m2": 2744.67 }, "geometry": { "type": "Polygon", "coordinates": [ [ [ 28.7108171, 47.1182621 ], [ 28.7108173, 47.1182623 ], [ 28.7108552, 47.1182814 ], [ 28.7108555, 47.1182816 ], [ 28.7108561, 47.1182815 ], [ 28.7108574, 47.1182815 ], [ 28.7108588, 47.1182815 ], [ 28.7108601, 47.1182817 ], [ 28.7108614, 47.1182819 ], [ 28.7108627, 47.1182823 ], [ 28.7108639, 47.1182827 ], [ 28.7108651, 47.1182832 ], [ 28.7108661, 47.1182838 ], [ 28.7108665, 47.118284 ], [ 28.7108833, 47.1182932 ], [ 28.7108842, 47.1182937 ], [ 28.7108851, 47.1182944 ], [ 28.7108858, 47.1182951 ], [ 28.7108865, 47.1182958 ], [ 28.7108871, 47.1182966 ], [ 28.7108875, 47.1182974 ], [ 28.7108879, 47.1182982 ], [ 28.7108881, 47.1182991 ], [ 28.7108882, 47.1182999 ], [ 28.7108882, 47.1183008 ], [ 28.710888, 47.1183017 ], [ 28.7108877, 47.1183025 ], [ 28.7108874, 47.1183033 ], [ 28.7108869, 47.1183041 ], [ 28.7108862, 47.1183049 ], [ 28.7108628, 47.118331 ], [ 28.7108626, 47.1183312 ], [ 28.7108629, 47.1183313 ], [ 28.7109032, 47.1183482 ], [ 28.7109034, 47.1183483 ], [ 28.7109036, 47.1183481 ], [ 28.7109254, 47.1183238 ], [ 28.7109261, 47.1183231 ], [ 28.710927, 47.1183224 ], [ 28.7109279, 47.1183217 ], [ 28.710929, 47.1183212 ], [ 28.7109301, 47.1183207 ], [ 28.7109313, 47.1183203 ], [ 28.7109325, 47.11832 ], [ 28.7109338, 47.1183197 ], [ 28.7109351, 47.1183196 ], [ 28.7109364, 47.1183195 ], [ 28.7109377, 47.1183195 ], [ 28.7109391, 47.1183197 ], [ 28.7109403, 47.1183199 ], [ 28.7109416, 47.1183202 ], [ 28.7109428, 47.1183206 ], [ 28.7109439, 47.118321 ], [ 28.7109472, 47.1183225 ], [ 28.7109482, 47.118323 ], [ 28.7109492, 47.1183236 ], [ 28.7109501, 47.1183243 ], [ 28.7109508, 47.118325 ], [ 28.7109515, 47.1183258 ], [ 28.710952, 47.1183266 ], [ 28.7109525, 47.1183274 ], [ 28.7109528, 47.1183283 ], [ 28.710953, 47.1183292 ], [ 28.710953, 47.1183301 ], [ 28.7109529, 47.118331 ], [ 28.7109527, 47.1183319 ], [ 28.7109524, 47.1183327 ], [ 28.7109519, 47.1183336 ], [ 28.7109513, 47.1183344 ], [ 28.7109506, 47.1183351 ], [ 28.710921, 47.118364 ], [ 28.7109209, 47.1183642 ], [ 28.7109211, 47.1183643 ], [ 28.7109598, 47.1183828 ], [ 28.71096, 47.1183829 ], [ 28.7109602, 47.1183827 ], [ 28.7110036, 47.1183404 ], [ 28.7110044, 47.1183398 ], [ 28.7110052, 47.1183391 ], [ 28.7110062, 47.1183385 ], [ 28.7110072, 47.118338 ], [ 28.7110083, 47.1183376 ], [ 28.7110095, 47.1183372 ], [ 28.7110107, 47.118337 ], [ 28.711012, 47.1183368 ], [ 28.7110132, 47.1183366 ], [ 28.7110145, 47.1183366 ], [ 28.7110158, 47.1183367 ], [ 28.711017, 47.1183368 ], [ 28.7110183, 47.118337 ], [ 28.7110195, 47.1183373 ], [ 28.7110206, 47.1183377 ], [ 28.7110217, 47.1183381 ], [ 28.7110349, 47.1183442 ], [ 28.7110359, 47.1183447 ], [ 28.7110369, 47.1183453 ], [ 28.7110378, 47.118346 ], [ 28.7110386, 47.1183468 ], [ 28.7110393, 47.1183476 ], [ 28.7110398, 47.1183484 ], [ 28.7110402, 47.1183493 ], [ 28.7110405, 47.1183502 ], [ 28.7110407, 47.1183511 ], [ 28.7110407, 47.118352 ], [ 28.7110406, 47.1183528 ], [ 28.7110406, 47.1183528 ], [ 28.7110408, 47.118353 ], [ 28.7110649, 47.1183638 ], [ 28.7110659, 47.1183643 ], [ 28.7110669, 47.1183649 ], [ 28.7110678, 47.1183656 ], [ 28.7110686, 47.1183663 ], [ 28.7110693, 47.1183671 ], [ 28.7110698, 47.1183679 ], [ 28.7110703, 47.1183688 ], [ 28.7110706, 47.1183696 ], [ 28.7110707, 47.1183705 ], [ 28.7110708, 47.1183714 ], [ 28.7110707, 47.1183723 ], [ 28.7110705, 47.1183732 ], [ 28.7110701, 47.1183741 ], [ 28.7110696, 47.118375 ], [ 28.711069, 47.1183758 ], [ 28.7110683, 47.1183765 ], [ 28.7110675, 47.1183772 ], [ 28.7110344, 47.1184028 ], [ 28.7110341, 47.1184031 ], [ 28.7110324, 47.1184046 ], [ 28.7110322, 47.1184048 ], [ 28.7110251, 47.118412 ], [ 28.711025, 47.1184121 ], [ 28.7110252, 47.1184123 ], [ 28.7110645, 47.1184302 ], [ 28.7110647, 47.1184303 ], [ 28.7110649, 47.1184301 ], [ 28.7110707, 47.1184242 ], [ 28.7110717, 47.1184233 ], [ 28.7111052, 47.1183974 ], [ 28.7111054, 47.1183973 ], [ 28.7111063, 47.1183966 ], [ 28.7111064, 47.1183964 ], [ 28.7111107, 47.1183926 ], [ 28.7111116, 47.1183919 ], [ 28.7111125, 47.1183913 ], [ 28.7111135, 47.1183908 ], [ 28.7111146, 47.1183903 ], [ 28.7111157, 47.1183899 ], [ 28.7111169, 47.1183896 ], [ 28.7111182, 47.1183893 ], [ 28.7111194, 47.1183892 ], [ 28.7111207, 47.1183891 ], [ 28.711122, 47.1183891 ], [ 28.7111233, 47.1183892 ], [ 28.7111246, 47.1183894 ], [ 28.7111258, 47.1183897 ], [ 28.711127, 47.11839 ], [ 28.7111281, 47.1183904 ], [ 28.7111625, 47.118405 ], [ 28.7111628, 47.1184051 ], [ 28.711163, 47.118405 ], [ 28.7111642, 47.1184047 ], [ 28.7111654, 47.1184044 ], [ 28.7111666, 47.1184042 ], [ 28.7111679, 47.118404 ], [ 28.7111692, 47.118404 ], [ 28.7111705, 47.1184041 ], [ 28.7111717, 47.1184042 ], [ 28.711173, 47.1184044 ], [ 28.7111742, 47.1184047 ], [ 28.7111753, 47.1184051 ], [ 28.7111764, 47.1184055 ], [ 28.7111997, 47.1184161 ], [ 28.7111999, 47.1184163 ], [ 28.7112001, 47.1184161 ], [ 28.7112226, 47.1183931 ], [ 28.7112234, 47.1183924 ], [ 28.7112242, 47.1183918 ], [ 28.7112252, 47.1183912 ], [ 28.7112262, 47.1183906 ], [ 28.7112273, 47.1183902 ], [ 28.7112285, 47.1183898 ], [ 28.7112297, 47.1183895 ], [ 28.711231, 47.1183893 ], [ 28.7112323, 47.1183892 ], [ 28.7112335, 47.1183891 ], [ 28.7112348, 47.1183892 ], [ 28.7112361, 47.1183893 ], [ 28.7112374, 47.1183895 ], [ 28.7112386, 47.1183898 ], [ 28.7112397, 47.1183902 ], [ 28.7112409, 47.1183906 ], [ 28.7112409, 47.1183907 ], [ 28.711242, 47.1183912 ], [ 28.711243, 47.1183918 ], [ 28.7112438, 47.1183924 ], [ 28.7112446, 47.1183931 ], [ 28.7112453, 47.1183939 ], [ 28.7112458, 47.1183947 ], [ 28.7112463, 47.1183955 ], [ 28.7112466, 47.1183964 ], [ 28.7112468, 47.1183973 ], [ 28.7112468, 47.1183982 ], [ 28.7112468, 47.118399 ], [ 28.7112466, 47.1183999 ], [ 28.7112463, 47.1184008 ], [ 28.7112458, 47.1184016 ], [ 28.7112453, 47.1184024 ], [ 28.7112446, 47.1184032 ], [ 28.7112441, 47.1184037 ], [ 28.7112439, 47.1184039 ], [ 28.7112442, 47.118404 ], [ 28.7112612, 47.1184118 ], [ 28.7112622, 47.1184123 ], [ 28.7112632, 47.1184129 ], [ 28.711264, 47.1184135 ], [ 28.7112648, 47.1184142 ], [ 28.7112654, 47.1184149 ], [ 28.711266, 47.1184157 ], [ 28.7112664, 47.1184165 ], [ 28.7112667, 47.1184174 ], [ 28.711267, 47.1184182 ], [ 28.711267, 47.1184191 ], [ 28.711267, 47.11842 ], [ 28.7112668, 47.1184208 ], [ 28.7112666, 47.1184217 ], [ 28.7112662, 47.1184225 ], [ 28.7112656, 47.1184233 ], [ 28.711265, 47.118424 ], [ 28.7112404, 47.1184508 ], [ 28.7112403, 47.1184509 ], [ 28.7112405, 47.1184511 ], [ 28.7112614, 47.11846 ], [ 28.7112625, 47.1184605 ], [ 28.7112635, 47.1184611 ], [ 28.7112644, 47.1184618 ], [ 28.7112652, 47.1184625 ], [ 28.7112655, 47.1184628 ], [ 28.7112658, 47.1184629 ], [ 28.711304, 47.1184818 ], [ 28.7113043, 47.1184819 ], [ 28.7113044, 47.1184818 ], [ 28.7113468, 47.1184418 ], [ 28.7113474, 47.1184413 ], [ 28.7113805, 47.1184143 ], [ 28.7113806, 47.1184142 ], [ 28.7113813, 47.1184136 ], [ 28.7113814, 47.1184135 ], [ 28.7113971, 47.1183992 ], [ 28.7113972, 47.1183991 ], [ 28.7113979, 47.1183985 ], [ 28.711398, 47.1183984 ], [ 28.7116909, 47.1180995 ], [ 28.711691, 47.1180993 ], [ 28.7116908, 47.1180992 ], [ 28.7116801, 47.1180943 ], [ 28.7116791, 47.1180938 ], [ 28.7116781, 47.1180932 ], [ 28.7116773, 47.1180926 ], [ 28.7116765, 47.1180919 ], [ 28.7116759, 47.1180912 ], [ 28.7116753, 47.1180904 ], [ 28.7116749, 47.1180896 ], [ 28.7116745, 47.1180887 ], [ 28.7116743, 47.1180879 ], [ 28.7116743, 47.118087 ], [ 28.7116743, 47.1180861 ], [ 28.7116745, 47.1180853 ], [ 28.7116748, 47.1180844 ], [ 28.7116752, 47.1180836 ], [ 28.7116757, 47.1180828 ], [ 28.7116763, 47.118082 ], [ 28.7117348, 47.118019 ], [ 28.711735, 47.1180188 ], [ 28.7117347, 47.1180187 ], [ 28.7117089, 47.1180075 ], [ 28.7117079, 47.118007 ], [ 28.7117069, 47.1180065 ], [ 28.711706, 47.1180058 ], [ 28.7117053, 47.1180051 ], [ 28.7117046, 47.1180044 ], [ 28.711704, 47.1180036 ], [ 28.7117035, 47.1180028 ], [ 28.7117032, 47.118002 ], [ 28.7117029, 47.1180011 ], [ 28.7117028, 47.1180003 ], [ 28.7117028, 47.1179999 ], [ 28.7117025, 47.1179998 ], [ 28.7116758, 47.1179873 ], [ 28.7116748, 47.1179868 ], [ 28.7116738, 47.1179862 ], [ 28.711673, 47.1179855 ], [ 28.7116722, 47.1179848 ], [ 28.7116716, 47.1179841 ], [ 28.711671, 47.1179833 ], [ 28.7116706, 47.1179824 ], [ 28.7116703, 47.1179816 ], [ 28.7116701, 47.1179807 ], [ 28.7116701, 47.1179798 ], [ 28.7116702, 47.1179789 ], [ 28.7116702, 47.1179789 ], [ 28.7116699, 47.1179787 ], [ 28.7116322, 47.1179594 ], [ 28.711632, 47.1179592 ], [ 28.7116315, 47.1179593 ], [ 28.7116312, 47.1179595 ], [ 28.7116299, 47.1179598 ], [ 28.7116286, 47.11796 ], [ 28.7116273, 47.1179601 ], [ 28.7116259, 47.1179601 ], [ 28.7116246, 47.11796 ], [ 28.7116233, 47.1179599 ], [ 28.711622, 47.1179596 ], [ 28.7116207, 47.1179593 ], [ 28.7116195, 47.1179589 ], [ 28.7116184, 47.1179584 ], [ 28.71159, 47.1179441 ], [ 28.7115897, 47.1179439 ], [ 28.7115897, 47.1179439 ], [ 28.7115886, 47.1179437 ], [ 28.7115875, 47.1179433 ], [ 28.7115865, 47.117943 ], [ 28.7115632, 47.117933 ], [ 28.7115622, 47.1179325 ], [ 28.7115613, 47.117932 ], [ 28.7115605, 47.1179315 ], [ 28.7115597, 47.1179309 ], [ 28.7115592, 47.1179304 ], [ 28.7115591, 47.1179303 ], [ 28.7115589, 47.1179302 ], [ 28.7115189, 47.117913 ], [ 28.7115186, 47.1179129 ], [ 28.7115185, 47.1179131 ], [ 28.7114911, 47.1179428 ], [ 28.7114904, 47.1179435 ], [ 28.7114895, 47.1179442 ], [ 28.7114886, 47.1179448 ], [ 28.7114875, 47.1179454 ], [ 28.7114864, 47.1179459 ], [ 28.7114852, 47.1179463 ], [ 28.711484, 47.1179466 ], [ 28.7114827, 47.1179468 ], [ 28.7114814, 47.1179469 ], [ 28.7114801, 47.117947 ], [ 28.7114788, 47.117947 ], [ 28.7114774, 47.1179468 ], [ 28.7114762, 47.1179466 ], [ 28.7114749, 47.1179463 ], [ 28.7114737, 47.1179459 ], [ 28.7114726, 47.1179455 ], [ 28.7114656, 47.1179422 ], [ 28.7114646, 47.1179417 ], [ 28.7114636, 47.1179411 ], [ 28.7114627, 47.1179405 ], [ 28.711462, 47.1179397 ], [ 28.7114613, 47.117939 ], [ 28.7114608, 47.1179382 ], [ 28.7114603, 47.1179374 ], [ 28.71146, 47.1179365 ], [ 28.7114598, 47.1179356 ], [ 28.7114598, 47.1179348 ], [ 28.7114599, 47.1179339 ], [ 28.71146, 47.117933 ], [ 28.7114604, 47.1179322 ], [ 28.7114608, 47.1179313 ], [ 28.7114613, 47.1179305 ], [ 28.711462, 47.1179298 ], [ 28.7114781, 47.1179134 ], [ 28.7114782, 47.1179133 ], [ 28.7114786, 47.1179128 ], [ 28.7114787, 47.1179128 ], [ 28.7115061, 47.1178823 ], [ 28.7115062, 47.1178821 ], [ 28.711506, 47.117882 ], [ 28.7114834, 47.1178725 ], [ 28.7114823, 47.117872 ], [ 28.7114813, 47.1178715 ], [ 28.7114804, 47.1178708 ], [ 28.7114796, 47.1178701 ], [ 28.7114789, 47.1178694 ], [ 28.7114783, 47.1178686 ], [ 28.7114778, 47.1178678 ], [ 28.7114775, 47.1178669 ], [ 28.7114772, 47.117866 ], [ 28.7114771, 47.1178651 ], [ 28.7114771, 47.1178642 ], [ 28.7114773, 47.1178634 ], [ 28.7114776, 47.1178625 ], [ 28.711478, 47.1178616 ], [ 28.7114785, 47.1178608 ], [ 28.7114787, 47.1178605 ], [ 28.7114785, 47.1178604 ], [ 28.7114522, 47.1178477 ], [ 28.7114511, 47.1178472 ], [ 28.7114502, 47.1178466 ], [ 28.7114494, 47.1178459 ], [ 28.7114487, 47.1178452 ], [ 28.711448, 47.1178445 ], [ 28.7114475, 47.1178437 ], [ 28.7114471, 47.1178429 ], [ 28.7114468, 47.117842 ], [ 28.7114466, 47.1178412 ], [ 28.7114466, 47.1178403 ], [ 28.7114466, 47.1178394 ], [ 28.7114468, 47.1178386 ], [ 28.7114471, 47.1178377 ], [ 28.7114476, 47.1178369 ], [ 28.7114481, 47.1178361 ], [ 28.7114488, 47.1178354 ], [ 28.7114514, 47.1178326 ], [ 28.7114516, 47.1178325 ], [ 28.7114514, 47.1178323 ], [ 28.7114332, 47.1178241 ], [ 28.7114321, 47.1178236 ], [ 28.7114312, 47.117823 ], [ 28.7114303, 47.1178223 ], [ 28.7114295, 47.1178216 ], [ 28.7114289, 47.1178209 ], [ 28.7114283, 47.1178201 ], [ 28.7114279, 47.1178192 ], [ 28.7114276, 47.1178184 ], [ 28.7114274, 47.1178175 ], [ 28.7114273, 47.1178166 ], [ 28.7114273, 47.1178158 ], [ 28.7114275, 47.1178149 ], [ 28.7114278, 47.117814 ], [ 28.7114283, 47.1178132 ], [ 28.7114288, 47.1178124 ], [ 28.7114295, 47.1178117 ], [ 28.7114302, 47.1178109 ], [ 28.7114311, 47.1178103 ], [ 28.711432, 47.1178096 ], [ 28.7114322, 47.1178095 ], [ 28.711432, 47.1178093 ], [ 28.7114055, 47.1177915 ], [ 28.7114046, 47.1177909 ], [ 28.7114038, 47.1177902 ], [ 28.7114032, 47.1177894 ], [ 28.7114026, 47.1177886 ], [ 28.7114021, 47.1177878 ], [ 28.7114018, 47.117787 ], [ 28.7114016, 47.1177861 ], [ 28.7114015, 47.1177853 ], [ 28.7114015, 47.1177844 ], [ 28.7114017, 47.1177835 ], [ 28.711402, 47.1177827 ], [ 28.7114024, 47.1177819 ], [ 28.7114029, 47.1177811 ], [ 28.7114035, 47.1177803 ], [ 28.7114042, 47.1177796 ], [ 28.7114156, 47.1177694 ], [ 28.7114158, 47.1177692 ], [ 28.7114156, 47.1177691 ], [ 28.7113781, 47.1177495 ], [ 28.7113778, 47.1177494 ], [ 28.7113776, 47.1177496 ], [ 28.7113297, 47.1177923 ], [ 28.7113297, 47.1177924 ], [ 28.7113293, 47.1177927 ], [ 28.7113292, 47.1177928 ], [ 28.7112525, 47.1178659 ], [ 28.7112524, 47.117866 ], [ 28.711252, 47.1178663 ], [ 28.711252, 47.1178664 ], [ 28.7112235, 47.1178954 ], [ 28.7112227, 47.1178962 ], [ 28.7112218, 47.1178968 ], [ 28.7112208, 47.1178974 ], [ 28.7112198, 47.117898 ], [ 28.7112186, 47.1178984 ], [ 28.7112174, 47.1178988 ], [ 28.7112161, 47.1178991 ], [ 28.7112148, 47.1178993 ], [ 28.7112135, 47.1178994 ], [ 28.7112122, 47.1178994 ], [ 28.7112109, 47.1178994 ], [ 28.7112096, 47.1178992 ], [ 28.7112083, 47.1178989 ], [ 28.7112071, 47.1178986 ], [ 28.7112059, 47.1178982 ], [ 28.7112048, 47.1178977 ], [ 28.7112047, 47.1178977 ], [ 28.7112045, 47.1178978 ], [ 28.7111715, 47.1179257 ], [ 28.7111713, 47.1179258 ], [ 28.7111704, 47.1179266 ], [ 28.7111703, 47.1179268 ], [ 28.7110502, 47.1180448 ], [ 28.7110501, 47.1180449 ], [ 28.7108665, 47.1182196 ], [ 28.7108659, 47.1182201 ], [ 28.7108331, 47.1182473 ], [ 28.710833, 47.1182474 ], [ 28.7108324, 47.118248 ], [ 28.7108323, 47.1182481 ], [ 28.7108172, 47.118262 ], [ 28.7108171, 47.1182621 ] ], [ [ 28.7109206, 47.1182426 ], [ 28.7109195, 47.1182422 ], [ 28.7109184, 47.1182417 ], [ 28.7109174, 47.1182411 ], [ 28.7109164, 47.1182405 ], [ 28.7109156, 47.1182399 ], [ 28.7109149, 47.1182391 ], [ 28.7109142, 47.1182384 ], [ 28.7109137, 47.1182375 ], [ 28.7109133, 47.1182367 ], [ 28.710913, 47.1182358 ], [ 28.7109129, 47.118235 ], [ 28.7109129, 47.1182341 ], [ 28.710913, 47.1182332 ], [ 28.7109132, 47.1182323 ], [ 28.7109136, 47.1182315 ], [ 28.710914, 47.1182307 ], [ 28.7109146, 47.1182299 ], [ 28.7109153, 47.1182291 ], [ 28.7109489, 47.1181972 ], [ 28.7109497, 47.1181965 ], [ 28.7109506, 47.1181959 ], [ 28.7109516, 47.1181953 ], [ 28.7109527, 47.1181948 ], [ 28.7109538, 47.1181944 ], [ 28.710955, 47.118194 ], [ 28.7109562, 47.1181938 ], [ 28.7109575, 47.1181936 ], [ 28.7109588, 47.1181935 ], [ 28.7109601, 47.1181935 ], [ 28.7109614, 47.1181935 ], [ 28.7109627, 47.1181937 ], [ 28.7109639, 47.1181939 ], [ 28.7109651, 47.1181943 ], [ 28.7109663, 47.1181947 ], [ 28.7109673, 47.1181952 ], [ 28.7109683, 47.1181957 ], [ 28.7109693, 47.1181963 ], [ 28.7109701, 47.118197 ], [ 28.7109708, 47.1181977 ], [ 28.7109715, 47.1181985 ], [ 28.710972, 47.1181993 ], [ 28.7109724, 47.1182002 ], [ 28.7109726, 47.118201 ], [ 28.7109728, 47.1182019 ], [ 28.7109728, 47.1182028 ], [ 28.7109727, 47.1182037 ], [ 28.7109724, 47.1182046 ], [ 28.7109721, 47.1182054 ], [ 28.7109716, 47.1182062 ], [ 28.710971, 47.118207 ], [ 28.7109417, 47.1182409 ], [ 28.710941, 47.1182417 ], [ 28.7109402, 47.1182424 ], [ 28.7109392, 47.118243 ], [ 28.7109382, 47.1182436 ], [ 28.7109371, 47.1182441 ], [ 28.7109359, 47.1182445 ], [ 28.7109347, 47.1182448 ], [ 28.7109334, 47.1182451 ], [ 28.7109321, 47.1182453 ], [ 28.7109308, 47.1182453 ], [ 28.7109295, 47.1182453 ], [ 28.7109282, 47.1182452 ], [ 28.7109269, 47.118245 ], [ 28.7109256, 47.1182447 ], [ 28.7109244, 47.1182444 ], [ 28.7109233, 47.1182439 ], [ 28.7109222, 47.1182434 ], [ 28.7109215, 47.118243 ], [ 28.7109215, 47.118243 ], [ 28.710921, 47.1182427 ], [ 28.7109206, 47.1182426 ] ] ] } },
{ "type": "Feature", "properties": { "vineyard_id": "V16", "n_rows": 25, "row_spacing_m": 2.85, "vine_spacing_m": 1.55, "area_m2": 4043.94 }, "geometry": { "type": "Polygon", "coordinates": [ [ [ 28.7160005, 47.1183226 ], [ 28.7160008, 47.1183227 ], [ 28.716019, 47.118329 ], [ 28.7160202, 47.1183294 ], [ 28.7160212, 47.11833 ], [ 28.7160222, 47.1183306 ], [ 28.7160231, 47.1183312 ], [ 28.7160239, 47.1183319 ], [ 28.7160246, 47.1183327 ], [ 28.7160252, 47.1183335 ], [ 28.7160257, 47.1183344 ], [ 28.716026, 47.1183352 ], [ 28.7160262, 47.1183361 ], [ 28.7160263, 47.118337 ], [ 28.7160262, 47.1183379 ], [ 28.716026, 47.1183388 ], [ 28.7160257, 47.1183397 ], [ 28.7160252, 47.1183406 ], [ 28.7160246, 47.1183414 ], [ 28.7160022, 47.1183692 ], [ 28.716002, 47.1183694 ], [ 28.7160023, 47.1183695 ], [ 28.7160269, 47.1183788 ], [ 28.716028, 47.1183792 ], [ 28.7160291, 47.1183798 ], [ 28.71603, 47.1183804 ], [ 28.7160309, 47.118381 ], [ 28.7160316, 47.1183817 ], [ 28.7160323, 47.1183825 ], [ 28.7160328, 47.1183833 ], [ 28.7160332, 47.1183841 ], [ 28.7160335, 47.118385 ], [ 28.7160337, 47.1183859 ], [ 28.7160338, 47.1183867 ], [ 28.7160337, 47.1183876 ], [ 28.7160337, 47.1183877 ], [ 28.7160339, 47.1183878 ], [ 28.7160602, 47.1183965 ], [ 28.7160613, 47.118397 ], [ 28.7160624, 47.1183975 ], [ 28.7160634, 47.1183981 ], [ 28.7160644, 47.1183987 ], [ 28.7160652, 47.1183995 ], [ 28.7160656, 47.1183998 ], [ 28.7160658, 47.1183999 ], [ 28.716086, 47.118406 ], [ 28.7160872, 47.1184064 ], [ 28.7160883, 47.1184068 ], [ 28.7160893, 47.1184074 ], [ 28.7160903, 47.118408 ], [ 28.7160911, 47.1184087 ], [ 28.7160919, 47.1184094 ], [ 28.7160925, 47.1184102 ], [ 28.716093, 47.118411 ], [ 28.7160934, 47.1184119 ], [ 28.7160937, 47.1184127 ], [ 28.7160938, 47.1184136 ], [ 28.7160939, 47.1184145 ], [ 28.7160938, 47.1184154 ], [ 28.7160935, 47.1184163 ], [ 28.7160931, 47.1184172 ], [ 28.7160926, 47.118418 ], [ 28.716092, 47.1184188 ], [ 28.7160715, 47.1184425 ], [ 28.7160713, 47.1184427 ], [ 28.7160716, 47.1184428 ], [ 28.7161066, 47.118457 ], [ 28.7161068, 47.1184571 ], [ 28.716107, 47.1184569 ], [ 28.7161472, 47.1184105 ], [ 28.7161479, 47.1184098 ], [ 28.7161487, 47.1184091 ], [ 28.7161496, 47.1184085 ], [ 28.7161505, 47.118408 ], [ 28.7161516, 47.1184075 ], [ 28.7161527, 47.1184071 ], [ 28.7161538, 47.1184067 ], [ 28.716155, 47.1184064 ], [ 28.7161563, 47.1184062 ], [ 28.7161575, 47.1184061 ], [ 28.7161588, 47.1184061 ], [ 28.71616, 47.1184062 ], [ 28.7161613, 47.1184063 ], [ 28.7161625, 47.1184065 ], [ 28.7161637, 47.1184068 ], [ 28.7161648, 47.1184072 ], [ 28.7161659, 47.1184076 ], [ 28.7161772, 47.1184128 ], [ 28.7161782, 47.1184133 ], [ 28.7161792, 47.1184139 ], [ 28.71618, 47.1184146 ], [ 28.7161808, 47.1184153 ], [ 28.7161815, 47.118416 ], [ 28.716182, 47.1184168 ], [ 28.7161824, 47.1184176 ], [ 28.7161828, 47.1184185 ], [ 28.716183, 47.1184193 ], [ 28.716183, 47.1184202 ], [ 28.716183, 47.1184211 ], [ 28.7161828, 47.118422 ], [ 28.7161825, 47.1184228 ], [ 28.7161821, 47.1184236 ], [ 28.7161815, 47.1184244 ], [ 28.7161477, 47.1184688 ], [ 28.7161475, 47.118469 ], [ 28.7161478, 47.1184691 ], [ 28.716176, 47.1184791 ], [ 28.7161771, 47.1184796 ], [ 28.7161781, 47.1184801 ], [ 28.7161791, 47.1184807 ], [ 28.71618, 47.1184813 ], [ 28.7161807, 47.118482 ], [ 28.7161814, 47.1184827 ], [ 28.716182, 47.1184835 ], [ 28.7161824, 47.1184843 ], [ 28.7161828, 47.1184852 ], [ 28.716183, 47.118486 ], [ 28.7161831, 47.1184869 ], [ 28.716183, 47.1184878 ], [ 28.7161829, 47.1184886 ], [ 28.7161826, 47.1184895 ], [ 28.7161822, 47.1184903 ], [ 28.7161817, 47.1184911 ], [ 28.7161811, 47.1184919 ], [ 28.7161696, 47.1185045 ], [ 28.7161694, 47.1185047 ], [ 28.7161697, 47.1185048 ], [ 28.7162042, 47.1185195 ], [ 28.7162045, 47.1185196 ], [ 28.7162047, 47.1185194 ], [ 28.7162117, 47.1185117 ], [ 28.7162125, 47.1185109 ], [ 28.7162133, 47.1185102 ], [ 28.7162143, 47.1185096 ], [ 28.7162153, 47.1185091 ], [ 28.7162164, 47.1185086 ], [ 28.7162176, 47.1185082 ], [ 28.7162188, 47.1185079 ], [ 28.7162201, 47.1185076 ], [ 28.7162214, 47.1185075 ], [ 28.7162228, 47.1185074 ], [ 28.7162241, 47.1185075 ], [ 28.7162254, 47.1185076 ], [ 28.7162267, 47.1185078 ], [ 28.7162279, 47.1185081 ], [ 28.7162291, 47.1185085 ], [ 28.7162487, 47.1185157 ], [ 28.716249, 47.1185158 ], [ 28.7162494, 47.1185155 ], [ 28.7162496, 47.1185154 ], [ 28.7162506, 47.1185148 ], [ 28.7162517, 47.1185143 ], [ 28.7162529, 47.1185139 ], [ 28.7162541, 47.1185136 ], [ 28.7162553, 47.1185133 ], [ 28.7162566, 47.1185131 ], [ 28.7162579, 47.1185131 ], [ 28.7162593, 47.1185131 ], [ 28.7162606, 47.1185132 ], [ 28.7162618, 47.1185134 ], [ 28.7162631, 47.1185136 ], [ 28.7162643, 47.118514 ], [ 28.7162654, 47.1185144 ], [ 28.7162665, 47.1185149 ], [ 28.7162666, 47.118515 ], [ 28.7162669, 47.1185151 ], [ 28.7163041, 47.1185263 ], [ 28.7163044, 47.1185264 ], [ 28.7163046, 47.1185262 ], [ 28.7163738, 47.1184189 ], [ 28.7163743, 47.1184182 ], [ 28.716375, 47.1184174 ], [ 28.7163758, 47.1184167 ], [ 28.7163767, 47.1184161 ], [ 28.7163776, 47.1184155 ], [ 28.7163786, 47.118415 ], [ 28.7163797, 47.1184146 ], [ 28.7163809, 47.1184142 ], [ 28.7163821, 47.1184139 ], [ 28.7163833, 47.1184137 ], [ 28.7163846, 47.1184136 ], [ 28.7163859, 47.1184136 ], [ 28.7163871, 47.1184136 ], [ 28.7163884, 47.1184137 ], [ 28.7163896, 47.1184139 ], [ 28.7163908, 47.1184142 ], [ 28.716392, 47.1184146 ], [ 28.7164103, 47.1184212 ], [ 28.7164105, 47.1184213 ], [ 28.7164107, 47.1184211 ], [ 28.7164854, 47.1183245 ], [ 28.7164861, 47.1183237 ], [ 28.7164868, 47.118323 ], [ 28.7164877, 47.1183224 ], [ 28.7164886, 47.1183218 ], [ 28.7164896, 47.1183213 ], [ 28.7164907, 47.1183208 ], [ 28.7164918, 47.1183204 ], [ 28.716493, 47.1183201 ], [ 28.7164942, 47.1183199 ], [ 28.7164955, 47.1183198 ], [ 28.7164967, 47.1183197 ], [ 28.716498, 47.1183197 ], [ 28.7164992, 47.1183198 ], [ 28.7165005, 47.11832 ], [ 28.7165017, 47.1183203 ], [ 28.716515, 47.1183236 ], [ 28.7165153, 47.1183237 ], [ 28.7165155, 47.1183235 ], [ 28.7165791, 47.1182066 ], [ 28.7165796, 47.1182058 ], [ 28.7165802, 47.118205 ], [ 28.716581, 47.1182043 ], [ 28.7165819, 47.1182036 ], [ 28.7165828, 47.118203 ], [ 28.7165838, 47.1182024 ], [ 28.716585, 47.1182019 ], [ 28.7165861, 47.1182015 ], [ 28.7165874, 47.1182012 ], [ 28.7165886, 47.118201 ], [ 28.7165899, 47.1182008 ], [ 28.7165913, 47.1182008 ], [ 28.7165926, 47.1182008 ], [ 28.7165939, 47.1182009 ], [ 28.7165952, 47.1182011 ], [ 28.7165964, 47.1182014 ], [ 28.7165976, 47.1182018 ], [ 28.7166264, 47.1182122 ], [ 28.7166267, 47.1182123 ], [ 28.7166269, 47.1182121 ], [ 28.7168626, 47.1179077 ], [ 28.7168627, 47.1179076 ], [ 28.716863, 47.1179072 ], [ 28.7168631, 47.1179071 ], [ 28.7168669, 47.1179016 ], [ 28.7168675, 47.1179009 ], [ 28.7168682, 47.1179001 ], [ 28.716869, 47.1178995 ], [ 28.7168699, 47.1178988 ], [ 28.7168709, 47.1178983 ], [ 28.716872, 47.1178978 ], [ 28.7168731, 47.1178974 ], [ 28.7168743, 47.117897 ], [ 28.7168755, 47.1178968 ], [ 28.7168768, 47.1178966 ], [ 28.716878, 47.1178965 ], [ 28.7168793, 47.1178965 ], [ 28.7168806, 47.1178966 ], [ 28.7168819, 47.1178968 ], [ 28.7168831, 47.117897 ], [ 28.7168843, 47.1178973 ], [ 28.7168854, 47.1178977 ], [ 28.7168988, 47.117903 ], [ 28.7168991, 47.1179031 ], [ 28.7168993, 47.117903 ], [ 28.7169566, 47.1178356 ], [ 28.7169567, 47.1178354 ], [ 28.7169565, 47.1178353 ], [ 28.7169331, 47.1178261 ], [ 28.716932, 47.1178256 ], [ 28.716931, 47.117825 ], [ 28.7169301, 47.1178244 ], [ 28.7169292, 47.1178237 ], [ 28.7169285, 47.117823 ], [ 28.7169279, 47.1178222 ], [ 28.7169274, 47.1178214 ], [ 28.716927, 47.1178205 ], [ 28.7169267, 47.1178196 ], [ 28.7169266, 47.1178187 ], [ 28.7169266, 47.1178178 ], [ 28.7169267, 47.117817 ], [ 28.716927, 47.1178161 ], [ 28.7169274, 47.1178152 ], [ 28.7169279, 47.1178144 ], [ 28.7169423, 47.1177937 ], [ 28.7169425, 47.1177935 ], [ 28.7169782, 47.1177459 ], [ 28.7169783, 47.1177457 ], [ 28.716978, 47.1177456 ], [ 28.716975, 47.1177445 ], [ 28.7169739, 47.1177441 ], [ 28.7169729, 47.1177436 ], [ 28.7169719, 47.1177431 ], [ 28.7169711, 47.1177424 ], [ 28.7169703, 47.1177418 ], [ 28.7169696, 47.1177411 ], [ 28.716969, 47.1177403 ], [ 28.7169686, 47.1177395 ], [ 28.7169682, 47.1177387 ], [ 28.716968, 47.1177379 ], [ 28.7169678, 47.117737 ], [ 28.7169678, 47.1177361 ], [ 28.7169679, 47.1177353 ], [ 28.7169682, 47.1177345 ], [ 28.7169685, 47.1177336 ], [ 28.7169808, 47.1177089 ], [ 28.7169809, 47.1177087 ], [ 28.7169806, 47.1177086 ], [ 28.7169421, 47.1176997 ], [ 28.7169418, 47.1176997 ], [ 28.7169416, 47.1176998 ], [ 28.7169255, 47.1177324 ], [ 28.7169251, 47.1177331 ], [ 28.7169247, 47.1177337 ], [ 28.7168777, 47.1177945 ], [ 28.716877, 47.1177953 ], [ 28.7168763, 47.117796 ], [ 28.7168754, 47.1177967 ], [ 28.7168744, 47.1177973 ], [ 28.7168734, 47.1177978 ], [ 28.7168722, 47.1177983 ], [ 28.716871, 47.1177986 ], [ 28.7168698, 47.1177989 ], [ 28.7168685, 47.1177992 ], [ 28.7168672, 47.1177993 ], [ 28.7168659, 47.1177993 ], [ 28.7168646, 47.1177993 ], [ 28.7168633, 47.1177991 ], [ 28.7168621, 47.1177989 ], [ 28.7168608, 47.1177986 ], [ 28.7168597, 47.1177982 ], [ 28.7168453, 47.1177927 ], [ 28.716845, 47.1177926 ], [ 28.716845, 47.1177926 ], [ 28.7168438, 47.1177924 ], [ 28.7168426, 47.117792 ], [ 28.7168414, 47.1177916 ], [ 28.7168403, 47.1177911 ], [ 28.7168393, 47.1177905 ], [ 28.7168384, 47.1177898 ], [ 28.7168376, 47.1177891 ], [ 28.7168369, 47.1177883 ], [ 28.7168363, 47.1177875 ], [ 28.7168359, 47.1177867 ], [ 28.7168355, 47.1177858 ], [ 28.7168353, 47.1177849 ], [ 28.7168352, 47.117784 ], [ 28.7168353, 47.1177831 ], [ 28.7168355, 47.1177822 ], [ 28.7168358, 47.1177813 ], [ 28.7168363, 47.1177805 ], [ 28.7168368, 47.1177797 ], [ 28.7170175, 47.1175519 ], [ 28.7170176, 47.1175517 ], [ 28.7170173, 47.1175516 ], [ 28.7169816, 47.1175383 ], [ 28.7169813, 47.1175383 ], [ 28.7169811, 47.1175384 ], [ 28.7169663, 47.1175572 ], [ 28.7169656, 47.1175579 ], [ 28.7169648, 47.1175586 ], [ 28.7169639, 47.1175593 ], [ 28.716963, 47.1175599 ], [ 28.7169619, 47.1175604 ], [ 28.7169608, 47.1175609 ], [ 28.7169596, 47.1175612 ], [ 28.7169583, 47.1175615 ], [ 28.7169571, 47.1175617 ], [ 28.7169558, 47.1175618 ], [ 28.7169545, 47.1175619 ], [ 28.7169532, 47.1175618 ], [ 28.7169519, 47.1175617 ], [ 28.7169506, 47.1175614 ], [ 28.7169494, 47.1175611 ], [ 28.7169482, 47.1175607 ], [ 28.7169471, 47.1175602 ], [ 28.7169461, 47.1175597 ], [ 28.7169451, 47.1175591 ], [ 28.7169443, 47.1175584 ], [ 28.7169435, 47.1175577 ], [ 28.7169429, 47.1175569 ], [ 28.7169424, 47.1175561 ], [ 28.716942, 47.1175552 ], [ 28.7169417, 47.1175543 ], [ 28.7169415, 47.1175534 ], [ 28.7169415, 47.1175525 ], [ 28.7169416, 47.1175517 ], [ 28.7169419, 47.1175508 ], [ 28.7169421, 47.1175504 ], [ 28.7169421, 47.1175502 ], [ 28.7169419, 47.1175501 ], [ 28.7169041, 47.1175397 ], [ 28.7169038, 47.1175396 ], [ 28.7169036, 47.1175397 ], [ 28.7169027, 47.1175403 ], [ 28.7169016, 47.1175408 ], [ 28.7169005, 47.1175412 ], [ 28.7168994, 47.1175415 ], [ 28.7168982, 47.1175418 ], [ 28.716897, 47.117542 ], [ 28.7168957, 47.1175421 ], [ 28.7168945, 47.1175421 ], [ 28.7168932, 47.1175421 ], [ 28.716892, 47.1175419 ], [ 28.7168907, 47.1175417 ], [ 28.7168896, 47.1175414 ], [ 28.7168884, 47.117541 ], [ 28.7168865, 47.1175403 ], [ 28.7168854, 47.1175399 ], [ 28.7168843, 47.1175393 ], [ 28.7168834, 47.1175387 ], [ 28.7168825, 47.1175381 ], [ 28.7168817, 47.1175374 ], [ 28.7168811, 47.1175366 ], [ 28.7168805, 47.1175358 ], [ 28.7168801, 47.117535 ], [ 28.7168798, 47.1175341 ], [ 28.7168796, 47.1175333 ], [ 28.7168795, 47.1175324 ], [ 28.7168796, 47.1175315 ], [ 28.7168798, 47.1175306 ], [ 28.7168801, 47.1175298 ], [ 28.7168805, 47.117529 ], [ 28.7168811, 47.1175282 ], [ 28.7168816, 47.1175275 ], [ 28.7168817, 47.1175274 ], [ 28.716882, 47.1175269 ], [ 28.7168821, 47.1175269 ], [ 28.7168933, 47.1175107 ], [ 28.7168935, 47.1175105 ], [ 28.7168942, 47.1175093 ], [ 28.7168943, 47.1175091 ], [ 28.7169117, 47.1174751 ], [ 28.7169118, 47.1174749 ], [ 28.7169115, 47.1174748 ], [ 28.7168988, 47.1174718 ], [ 28.7168976, 47.1174714 ], [ 28.7168964, 47.117471 ], [ 28.7168953, 47.1174705 ], [ 28.7168943, 47.1174699 ], [ 28.7168933, 47.1174693 ], [ 28.7168925, 47.1174686 ], [ 28.7168918, 47.1174678 ], [ 28.7168912, 47.117467 ], [ 28.7168907, 47.1174662 ], [ 28.7168903, 47.1174653 ], [ 28.7168901, 47.1174644 ], [ 28.71689, 47.1174635 ], [ 28.71689, 47.1174626 ], [ 28.7168902, 47.1174617 ], [ 28.7168905, 47.1174608 ], [ 28.7168909, 47.11746 ], [ 28.7168914, 47.1174592 ], [ 28.7168974, 47.1174513 ], [ 28.7168975, 47.1174511 ], [ 28.7168972, 47.117451 ], [ 28.7168611, 47.1174383 ], [ 28.7168608, 47.1174382 ], [ 28.7168608, 47.1174382 ], [ 28.7168598, 47.1174387 ], [ 28.7168587, 47.1174391 ], [ 28.7168575, 47.1174394 ], [ 28.7168563, 47.1174397 ], [ 28.7168551, 47.1174399 ], [ 28.7168539, 47.11744 ], [ 28.7168526, 47.11744 ], [ 28.7168514, 47.11744 ], [ 28.7168502, 47.1174399 ], [ 28.7168489, 47.1174396 ], [ 28.7168478, 47.1174394 ], [ 28.7168466, 47.117439 ], [ 28.7168243, 47.117431 ], [ 28.716824, 47.1174309 ], [ 28.7168238, 47.1174311 ], [ 28.7167634, 47.1175094 ], [ 28.7167628, 47.1175102 ], [ 28.716762, 47.1175109 ], [ 28.7167612, 47.1175115 ], [ 28.7167602, 47.1175121 ], [ 28.7167592, 47.1175126 ], [ 28.7167581, 47.1175131 ], [ 28.716757, 47.1175135 ], [ 28.7167558, 47.1175138 ], [ 28.7167546, 47.117514 ], [ 28.7167533, 47.1175141 ], [ 28.716752, 47.1175142 ], [ 28.7167508, 47.1175142 ], [ 28.7167495, 47.1175141 ], [ 28.7167483, 47.1175139 ], [ 28.7167471, 47.1175136 ], [ 28.7167459, 47.1175133 ], [ 28.7167399, 47.1175113 ], [ 28.7167388, 47.1175108 ], [ 28.7167378, 47.1175103 ], [ 28.7167368, 47.1175098 ], [ 28.7167359, 47.1175091 ], [ 28.7167351, 47.1175085 ], [ 28.7167344, 47.1175077 ], [ 28.7167338, 47.117507 ], [ 28.7167333, 47.1175062 ], [ 28.716733, 47.1175053 ], [ 28.7167327, 47.1175045 ], [ 28.7167326, 47.1175036 ], [ 28.7167326, 47.1175028 ], [ 28.7167327, 47.1175019 ], [ 28.716733, 47.117501 ], [ 28.7167334, 47.1175002 ], [ 28.7167335, 47.1175 ], [ 28.7167332, 47.1174999 ], [ 28.7167077, 47.1174907 ], [ 28.7167066, 47.1174902 ], [ 28.7167055, 47.1174897 ], [ 28.7167045, 47.117489 ], [ 28.7167036, 47.1174884 ], [ 28.7167028, 47.1174876 ], [ 28.7167022, 47.1174869 ], [ 28.7167016, 47.117486 ], [ 28.7167012, 47.1174852 ], [ 28.7167009, 47.1174843 ], [ 28.7167007, 47.1174834 ], [ 28.7167007, 47.1174825 ], [ 28.7167008, 47.1174816 ], [ 28.716701, 47.1174807 ], [ 28.7167014, 47.1174798 ], [ 28.7167018, 47.117479 ], [ 28.7167024, 47.1174782 ], [ 28.7167146, 47.1174639 ], [ 28.7167149, 47.1174635 ], [ 28.7167285, 47.1174493 ], [ 28.7167288, 47.117449 ], [ 28.7167593, 47.11742 ], [ 28.7167595, 47.1174198 ], [ 28.7167607, 47.1174185 ], [ 28.7167609, 47.1174183 ], [ 28.7167983, 47.1173711 ], [ 28.7167985, 47.1173709 ], [ 28.7167982, 47.1173708 ], [ 28.7167624, 47.1173576 ], [ 28.7167621, 47.1173575 ], [ 28.716762, 47.1173577 ], [ 28.7167255, 47.1174037 ], [ 28.7167246, 47.1174047 ], [ 28.7166949, 47.1174329 ], [ 28.7166948, 47.117433 ], [ 28.7166944, 47.1174335 ], [ 28.7166943, 47.1174335 ], [ 28.7166799, 47.1174486 ], [ 28.7166798, 47.1174487 ], [ 28.7166793, 47.1174492 ], [ 28.7166792, 47.1174493 ], [ 28.716648, 47.117486 ], [ 28.7166478, 47.1174862 ], [ 28.7166481, 47.1174863 ], [ 28.7166748, 47.1174969 ], [ 28.7166759, 47.1174974 ], [ 28.7166769, 47.1174979 ], [ 28.7166778, 47.1174985 ], [ 28.7166786, 47.1174992 ], [ 28.7166793, 47.1174999 ], [ 28.7166799, 47.1175006 ], [ 28.7166805, 47.1175014 ], [ 28.7166809, 47.1175022 ], [ 28.7166811, 47.1175031 ], [ 28.7166813, 47.1175039 ], [ 28.7166814, 47.1175048 ], [ 28.7166813, 47.1175056 ], [ 28.7166811, 47.1175065 ], [ 28.7166808, 47.1175073 ], [ 28.7166804, 47.1175081 ], [ 28.7166798, 47.1175089 ], [ 28.7166563, 47.1175393 ], [ 28.7166557, 47.1175401 ], [ 28.7166549, 47.1175408 ], [ 28.7166541, 47.1175414 ], [ 28.7166531, 47.117542 ], [ 28.7166521, 47.1175426 ], [ 28.716651, 47.117543 ], [ 28.7166498, 47.1175434 ], [ 28.7166486, 47.1175437 ], [ 28.7166474, 47.1175439 ], [ 28.7166461, 47.1175441 ], [ 28.7166448, 47.1175441 ], [ 28.7166435, 47.1175441 ], [ 28.7166422, 47.117544 ], [ 28.716641, 47.1175437 ], [ 28.7166398, 47.1175435 ], [ 28.7166386, 47.1175431 ], [ 28.7166375, 47.1175426 ], [ 28.7166268, 47.1175379 ], [ 28.7166265, 47.1175378 ], [ 28.7166263, 47.1175379 ], [ 28.7165977, 47.117568 ], [ 28.7165975, 47.1175681 ], [ 28.7165967, 47.1175691 ], [ 28.7165966, 47.1175693 ], [ 28.7165653, 47.1176098 ], [ 28.7165646, 47.1176105 ], [ 28.7165638, 47.1176113 ], [ 28.716563, 47.1176119 ], [ 28.716562, 47.1176125 ], [ 28.7165609, 47.1176131 ], [ 28.7165598, 47.1176135 ], [ 28.7165586, 47.1176139 ], [ 28.7165573, 47.1176142 ], [ 28.716556, 47.1176144 ], [ 28.7165547, 47.1176145 ], [ 28.7165534, 47.1176146 ], [ 28.7165521, 47.1176145 ], [ 28.7165508, 47.1176143 ], [ 28.7165495, 47.1176141 ], [ 28.7165483, 47.1176138 ], [ 28.7165471, 47.1176134 ], [ 28.7165453, 47.1176127 ], [ 28.716545, 47.1176126 ], [ 28.7165449, 47.1176127 ], [ 28.7164795, 47.1176905 ], [ 28.7164794, 47.1176906 ], [ 28.7164259, 47.1177521 ], [ 28.7164257, 47.1177523 ], [ 28.7163833, 47.1177976 ], [ 28.7163831, 47.1177977 ], [ 28.7163824, 47.1177985 ], [ 28.7163823, 47.1177987 ], [ 28.7163582, 47.1178297 ], [ 28.7163577, 47.1178302 ], [ 28.7163162, 47.1178753 ], [ 28.7163161, 47.1178753 ], [ 28.7163159, 47.1178756 ], [ 28.7163158, 47.1178757 ], [ 28.7162488, 47.1179532 ], [ 28.7162486, 47.1179534 ], [ 28.7160856, 47.1181509 ], [ 28.7160855, 47.1181511 ], [ 28.7160857, 47.1181512 ], [ 28.7161212, 47.1181648 ], [ 28.7161214, 47.1181649 ], [ 28.7161216, 47.1181647 ], [ 28.7161578, 47.1181209 ], [ 28.7161584, 47.1181202 ], [ 28.7161592, 47.1181195 ], [ 28.7161601, 47.1181188 ], [ 28.7161611, 47.1181182 ], [ 28.7161622, 47.1181177 ], [ 28.7161633, 47.1181173 ], [ 28.7161645, 47.1181169 ], [ 28.7161658, 47.1181167 ], [ 28.7161671, 47.1181165 ], [ 28.7161683, 47.1181164 ], [ 28.7161697, 47.1181164 ], [ 28.716171, 47.1181164 ], [ 28.7161722, 47.1181166 ], [ 28.7161735, 47.1181168 ], [ 28.7161747, 47.1181172 ], [ 28.7161759, 47.1181176 ], [ 28.716177, 47.1181181 ], [ 28.716178, 47.1181186 ], [ 28.7161789, 47.1181192 ], [ 28.7161797, 47.1181199 ], [ 28.7161805, 47.1181207 ], [ 28.7161811, 47.1181214 ], [ 28.7161814, 47.1181218 ], [ 28.7161815, 47.118122 ], [ 28.7161816, 47.1181221 ], [ 28.7161826, 47.1181226 ], [ 28.7161835, 47.1181232 ], [ 28.7161843, 47.1181239 ], [ 28.716185, 47.1181246 ], [ 28.7161856, 47.1181253 ], [ 28.7161861, 47.1181261 ], [ 28.7161865, 47.1181269 ], [ 28.7161868, 47.1181278 ], [ 28.716187, 47.1181286 ], [ 28.716187, 47.1181295 ], [ 28.7161869, 47.1181303 ], [ 28.7161868, 47.1181312 ], [ 28.7161864, 47.118132 ], [ 28.716186, 47.1181328 ], [ 28.7161855, 47.1181336 ], [ 28.7161385, 47.1181945 ], [ 28.7161378, 47.1181952 ], [ 28.7161371, 47.118196 ], [ 28.7161362, 47.1181966 ], [ 28.7161352, 47.1181972 ], [ 28.7161342, 47.1181977 ], [ 28.7161331, 47.1181982 ], [ 28.7161319, 47.1181986 ], [ 28.7161307, 47.1181989 ], [ 28.7161294, 47.1181991 ], [ 28.7161281, 47.1181992 ], [ 28.7161268, 47.1181993 ], [ 28.7161256, 47.1181992 ], [ 28.7161243, 47.1181991 ], [ 28.716123, 47.1181989 ], [ 28.7161218, 47.1181986 ], [ 28.7161206, 47.1181982 ], [ 28.7161195, 47.1181978 ], [ 28.7161185, 47.1181972 ], [ 28.7161175, 47.1181966 ], [ 28.7161166, 47.118196 ], [ 28.7161159, 47.1181953 ], [ 28.7161152, 47.1181945 ], [ 28.7161146, 47.1181937 ], [ 28.7161142, 47.1181929 ], [ 28.7161139, 47.118192 ], [ 28.7161138, 47.1181916 ], [ 28.7161135, 47.1181915 ], [ 28.7160768, 47.1181795 ], [ 28.7160765, 47.1181795 ], [ 28.7160763, 47.1181796 ], [ 28.7160652, 47.1181957 ], [ 28.7160651, 47.1181957 ], [ 28.7160648, 47.1181962 ], [ 28.7160648, 47.1181963 ], [ 28.7160478, 47.1182234 ], [ 28.7160476, 47.1182236 ], [ 28.7160479, 47.1182237 ], [ 28.7160853, 47.1182346 ], [ 28.7160856, 47.1182347 ], [ 28.7160862, 47.1182347 ], [ 28.7160864, 47.1182347 ], [ 28.7160877, 47.1182348 ], [ 28.716089, 47.118235 ], [ 28.7160903, 47.1182353 ], [ 28.7160915, 47.1182356 ], [ 28.7160926, 47.1182361 ], [ 28.7160937, 47.1182366 ], [ 28.7160947, 47.1182372 ], [ 28.7160956, 47.1182378 ], [ 28.7160964, 47.1182385 ], [ 28.7160971, 47.1182393 ], [ 28.7160977, 47.1182401 ], [ 28.7160981, 47.1182409 ], [ 28.7160985, 47.1182418 ], [ 28.7160987, 47.1182427 ], [ 28.7160988, 47.1182436 ], [ 28.7160987, 47.1182445 ], [ 28.7160986, 47.1182454 ], [ 28.7160983, 47.1182462 ], [ 28.7160978, 47.1182471 ], [ 28.7160973, 47.1182479 ], [ 28.7160506, 47.1183083 ], [ 28.71605, 47.1183091 ], [ 28.7160492, 47.1183098 ], [ 28.7160484, 47.1183104 ], [ 28.7160474, 47.118311 ], [ 28.7160464, 47.1183115 ], [ 28.7160453, 47.118312 ], [ 28.7160442, 47.1183124 ], [ 28.716043, 47.1183127 ], [ 28.7160418, 47.1183129 ], [ 28.7160405, 47.1183131 ], [ 28.7160392, 47.1183131 ], [ 28.716038, 47.1183131 ], [ 28.7160367, 47.118313 ], [ 28.7160354, 47.1183128 ], [ 28.7160342, 47.1183125 ], [ 28.7160331, 47.1183122 ], [ 28.7160135, 47.1183055 ], [ 28.7160132, 47.1183054 ], [ 28.7160131, 47.1183056 ], [ 28.7160006, 47.1183224 ], [ 28.7160005, 47.1183226 ] ], [ [ 28.7162014, 47.1184774 ], [ 28.7162004, 47.1184769 ], [ 28.7161994, 47.1184763 ], [ 28.7161985, 47.1184757 ], [ 28.7161976, 47.118475 ], [ 28.7161969, 47.1184742 ], [ 28.7161964, 47.1184734 ], [ 28.7161959, 47.1184726 ], [ 28.7161955, 47.1184717 ], [ 28.7161953, 47.1184708 ], [ 28.7161952, 47.1184699 ], [ 28.7161953, 47.118469 ], [ 28.7161954, 47.1184681 ], [ 28.7161957, 47.1184673 ], [ 28.7161962, 47.1184664 ], [ 28.7161967, 47.1184656 ], [ 28.7162024, 47.1184582 ], [ 28.716203, 47.1184574 ], [ 28.7162038, 47.1184567 ], [ 28.7162047, 47.118456 ], [ 28.7162057, 47.1184554 ], [ 28.7162067, 47.1184549 ], [ 28.7162079, 47.1184544 ], [ 28.7162091, 47.118454 ], [ 28.7162103, 47.1184537 ], [ 28.7162116, 47.1184535 ], [ 28.7162129, 47.1184534 ], [ 28.7162142, 47.1184534 ], [ 28.7162156, 47.1184534 ], [ 28.7162169, 47.1184536 ], [ 28.7162181, 47.1184538 ], [ 28.7162194, 47.1184541 ], [ 28.7162206, 47.1184545 ], [ 28.7162321, 47.118459 ], [ 28.7162332, 47.1184595 ], [ 28.7162342, 47.11846 ], [ 28.7162351, 47.1184606 ], [ 28.7162359, 47.1184613 ], [ 28.7162367, 47.118462 ], [ 28.7162373, 47.1184627 ], [ 28.7162378, 47.1184635 ], [ 28.7162382, 47.1184643 ], [ 28.7162385, 47.1184652 ], [ 28.7162387, 47.118466 ], [ 28.7162387, 47.1184669 ], [ 28.7162387, 47.1184678 ], [ 28.7162385, 47.1184686 ], [ 28.7162382, 47.1184695 ], [ 28.7162377, 47.1184703 ], [ 28.7162372, 47.1184711 ], [ 28.7162312, 47.1184787 ], [ 28.7162305, 47.1184795 ], [ 28.7162298, 47.1184802 ], [ 28.7162289, 47.1184808 ], [ 28.716228, 47.1184814 ], [ 28.716227, 47.1184819 ], [ 28.7162259, 47.1184824 ], [ 28.7162248, 47.1184828 ], [ 28.7162236, 47.1184831 ], [ 28.7162224, 47.1184833 ], [ 28.7162211, 47.1184834 ], [ 28.7162198, 47.1184835 ], [ 28.7162186, 47.1184835 ], [ 28.7162173, 47.1184834 ], [ 28.7162161, 47.1184832 ], [ 28.7162149, 47.1184829 ], [ 28.7162137, 47.1184825 ], [ 28.7162126, 47.1184821 ], [ 28.7162014, 47.1184774 ] ], [ [ 28.7161205, 47.118386 ], [ 28.7161198, 47.1183867 ], [ 28.716119, 47.1183874 ], [ 28.7161181, 47.118388 ], [ 28.7161171, 47.1183886 ], [ 28.7161161, 47.1183891 ], [ 28.7161149, 47.1183895 ], [ 28.7161138, 47.1183898 ], [ 28.7161126, 47.1183901 ], [ 28.7161113, 47.1183903 ], [ 28.7161101, 47.1183904 ], [ 28.7161088, 47.1183904 ], [ 28.7161075, 47.1183903 ], [ 28.7161063, 47.1183902 ], [ 28.716105, 47.1183899 ], [ 28.7161038, 47.1183896 ], [ 28.7160953, 47.1183871 ], [ 28.7160941, 47.1183867 ], [ 28.716093, 47.1183862 ], [ 28.716092, 47.1183856 ], [ 28.716091, 47.118385 ], [ 28.7160901, 47.1183843 ], [ 28.7160894, 47.1183836 ], [ 28.7160888, 47.1183828 ], [ 28.7160882, 47.1183819 ], [ 28.7160878, 47.1183811 ], [ 28.7160876, 47.1183802 ], [ 28.7160874, 47.1183793 ], [ 28.7160874, 47.1183784 ], [ 28.7160876, 47.1183775 ], [ 28.7160878, 47.1183766 ], [ 28.7160882, 47.1183757 ], [ 28.7160888, 47.1183749 ], [ 28.7161175, 47.1183346 ], [ 28.7161182, 47.1183338 ], [ 28.7161189, 47.1183331 ], [ 28.7161198, 47.1183324 ], [ 28.7161207, 47.1183317 ], [ 28.7161218, 47.1183312 ], [ 28.7161229, 47.1183307 ], [ 28.7161241, 47.1183303 ], [ 28.7161253, 47.11833 ], [ 28.7161266, 47.1183297 ], [ 28.7161279, 47.1183296 ], [ 28.7161293, 47.1183295 ], [ 28.7161306, 47.1183296 ], [ 28.7161319, 47.1183297 ], [ 28.7161332, 47.1183299 ], [ 28.7161344, 47.1183302 ], [ 28.716148, 47.1183341 ], [ 28.7161492, 47.1183345 ], [ 28.7161504, 47.1183349 ], [ 28.7161514, 47.1183355 ], [ 28.7161524, 47.1183361 ], [ 28.7161533, 47.1183368 ], [ 28.716154, 47.1183375 ], [ 28.7161547, 47.1183383 ], [ 28.7161552, 47.1183391 ], [ 28.7161557, 47.11834 ], [ 28.716156, 47.1183409 ], [ 28.7161561, 47.1183418 ], [ 28.7161561, 47.1183427 ], [ 28.716156, 47.1183436 ], [ 28.7161558, 47.1183445 ], [ 28.7161554, 47.1183453 ], [ 28.7161549, 47.1183462 ], [ 28.7161543, 47.118347 ], [ 28.7161205, 47.118386 ] ] ] } },
{ "type": "Feature", "properties": { "vineyard_id": "V17", "n_rows": 22, "row_spacing_m": 2.5, "vine_spacing_m": 1.2, "area_m2": 1332.08 }, "geometry": { "type": "Polygon", "coordinates": [ [ [ 28.7115157, 47.1176416 ], [ 28.7115159, 47.1176418 ], [ 28.7115602, 47.1176852 ], [ 28.7115603, 47.1176853 ], [ 28.7115607, 47.1176857 ], [ 28.7115608, 47.1176858 ], [ 28.7115897, 47.1177115 ], [ 28.7115904, 47.1177122 ], [ 28.7115911, 47.117713 ], [ 28.7115916, 47.1177138 ], [ 28.711592, 47.1177146 ], [ 28.7115922, 47.1177155 ], [ 28.7115924, 47.1177163 ], [ 28.7115924, 47.1177172 ], [ 28.7115923, 47.1177181 ], [ 28.7115921, 47.1177189 ], [ 28.7115918, 47.1177198 ], [ 28.7115913, 47.1177206 ], [ 28.7115908, 47.1177214 ], [ 28.7115901, 47.1177221 ], [ 28.7115893, 47.1177228 ], [ 28.7115885, 47.1177234 ], [ 28.7115875, 47.117724 ], [ 28.7115865, 47.1177245 ], [ 28.7115854, 47.117725 ], [ 28.7115842, 47.1177253 ], [ 28.7115836, 47.1177255 ], [ 28.7115834, 47.1177256 ], [ 28.711557, 47.1177419 ], [ 28.7115568, 47.1177421 ], [ 28.711557, 47.1177422 ], [ 28.7116029, 47.1177769 ], [ 28.7116031, 47.1177771 ], [ 28.7116539, 47.1178178 ], [ 28.7116541, 47.117818 ], [ 28.7116544, 47.1178181 ], [ 28.7116549, 47.1178183 ], [ 28.711655, 47.1178183 ], [ 28.7116555, 47.1178177 ], [ 28.7116562, 47.117817 ], [ 28.7116571, 47.1178163 ], [ 28.7116581, 47.1178157 ], [ 28.7116757, 47.1178054 ], [ 28.7116768, 47.1178049 ], [ 28.7116778, 47.1178044 ], [ 28.711679, 47.117804 ], [ 28.7116802, 47.1178037 ], [ 28.7116814, 47.1178035 ], [ 28.7116826, 47.1178033 ], [ 28.7116839, 47.1178033 ], [ 28.7116852, 47.1178033 ], [ 28.7116864, 47.1178034 ], [ 28.7116877, 47.1178036 ], [ 28.7116889, 47.1178038 ], [ 28.71169, 47.1178042 ], [ 28.7116912, 47.1178046 ], [ 28.7116922, 47.1178051 ], [ 28.7116932, 47.1178056 ], [ 28.7116941, 47.1178062 ], [ 28.7116949, 47.1178069 ], [ 28.7117043, 47.1178156 ], [ 28.711705, 47.1178163 ], [ 28.7117056, 47.1178171 ], [ 28.7117061, 47.1178179 ], [ 28.7117065, 47.1178187 ], [ 28.7117067, 47.1178196 ], [ 28.7117068, 47.1178205 ], [ 28.7117068, 47.1178214 ], [ 28.7117067, 47.1178222 ], [ 28.7117064, 47.1178231 ], [ 28.7117061, 47.117824 ], [ 28.7117056, 47.1178248 ], [ 28.711705, 47.1178255 ], [ 28.7117042, 47.1178263 ], [ 28.7117034, 47.117827 ], [ 28.7117025, 47.1178276 ], [ 28.7117015, 47.1178281 ], [ 28.7117004, 47.1178286 ], [ 28.7116993, 47.117829 ], [ 28.7116981, 47.1178294 ], [ 28.7116968, 47.1178296 ], [ 28.7116956, 47.1178298 ], [ 28.7116952, 47.1178298 ], [ 28.7116947, 47.1178299 ], [ 28.7116945, 47.11783 ], [ 28.7116841, 47.1178358 ], [ 28.7116831, 47.1178363 ], [ 28.7116819, 47.1178368 ], [ 28.7116808, 47.1178371 ], [ 28.7116795, 47.1178374 ], [ 28.7116783, 47.1178376 ], [ 28.711677, 47.1178378 ], [ 28.7116757, 47.1178378 ], [ 28.7116744, 47.1178378 ], [ 28.7116731, 47.1178376 ], [ 28.7116719, 47.1178374 ], [ 28.7116707, 47.1178371 ], [ 28.7116695, 47.1178367 ], [ 28.7116684, 47.1178363 ], [ 28.7116674, 47.1178358 ], [ 28.7116664, 47.1178352 ], [ 28.7116655, 47.1178345 ], [ 28.7116612, 47.1178308 ], [ 28.711661, 47.1178307 ], [ 28.7116609, 47.1178307 ], [ 28.71166, 47.1178303 ], [ 28.7116599, 47.1178304 ], [ 28.7116593, 47.1178311 ], [ 28.7116585, 47.1178318 ], [ 28.7116576, 47.1178325 ], [ 28.7116567, 47.1178331 ], [ 28.7116331, 47.1178462 ], [ 28.7116329, 47.1178463 ], [ 28.7116331, 47.1178465 ], [ 28.7116423, 47.1178542 ], [ 28.7116431, 47.1178549 ], [ 28.7116437, 47.1178557 ], [ 28.7116443, 47.1178564 ], [ 28.7116447, 47.1178572 ], [ 28.711645, 47.1178581 ], [ 28.7116452, 47.1178589 ], [ 28.7116453, 47.1178598 ], [ 28.7116452, 47.1178607 ], [ 28.7116451, 47.1178615 ], [ 28.7116448, 47.1178623 ], [ 28.7116444, 47.1178632 ], [ 28.7116439, 47.117864 ], [ 28.7116433, 47.1178647 ], [ 28.7116425, 47.1178654 ], [ 28.7116417, 47.1178661 ], [ 28.7116408, 47.1178667 ], [ 28.7116228, 47.1178774 ], [ 28.7116226, 47.1178776 ], [ 28.7116228, 47.1178777 ], [ 28.7116346, 47.1178869 ], [ 28.7116348, 47.117887 ], [ 28.711635, 47.1178869 ], [ 28.7116618, 47.1178709 ], [ 28.711662, 47.1178707 ], [ 28.7116618, 47.1178706 ], [ 28.7116554, 47.1178656 ], [ 28.7116545, 47.1178649 ], [ 28.7116538, 47.1178641 ], [ 28.7116532, 47.1178633 ], [ 28.7116527, 47.1178624 ], [ 28.7116524, 47.1178616 ], [ 28.7116522, 47.1178607 ], [ 28.7116521, 47.1178598 ], [ 28.7116521, 47.1178589 ], [ 28.7116523, 47.117858 ], [ 28.7116526, 47.1178571 ], [ 28.711653, 47.1178562 ], [ 28.7116536, 47.1178554 ], [ 28.7116543, 47.1178546 ], [ 28.7116551, 47.1178539 ], [ 28.711656, 47.1178533 ], [ 28.7116569, 47.1178526 ], [ 28.7116606, 47.1178506 ], [ 28.7116616, 47.1178501 ], [ 28.7116627, 47.1178497 ], [ 28.7116638, 47.1178493 ], [ 28.7116649, 47.117849 ], [ 28.7116661, 47.1178488 ], [ 28.7116673, 47.1178487 ], [ 28.7116685, 47.1178486 ], [ 28.7116697, 47.1178486 ], [ 28.7116704, 47.1178486 ], [ 28.7116707, 47.1178485 ], [ 28.7116982, 47.1178331 ], [ 28.7116985, 47.117833 ], [ 28.7116987, 47.1178326 ], [ 28.7116994, 47.1178318 ], [ 28.7117001, 47.1178311 ], [ 28.7117009, 47.1178304 ], [ 28.7117018, 47.1178298 ], [ 28.7117027, 47.1178293 ], [ 28.7117038, 47.1178288 ], [ 28.7117049, 47.1178284 ], [ 28.7117061, 47.117828 ], [ 28.7117073, 47.1178278 ], [ 28.7117086, 47.1178276 ], [ 28.7117098, 47.1178275 ], [ 28.7117111, 47.1178275 ], [ 28.7117124, 47.1178276 ], [ 28.7117136, 47.1178277 ], [ 28.7117148, 47.1178279 ], [ 28.711716, 47.1178283 ], [ 28.7117172, 47.1178287 ], [ 28.7117182, 47.1178291 ], [ 28.7117192, 47.1178297 ], [ 28.7117202, 47.1178303 ], [ 28.711721, 47.1178309 ], [ 28.7117516, 47.1178574 ], [ 28.7117521, 47.1178579 ], [ 28.7117662, 47.117872 ], [ 28.7117664, 47.1178722 ], [ 28.7117667, 47.1178721 ], [ 28.7117953, 47.1178587 ], [ 28.7117964, 47.1178583 ], [ 28.7117976, 47.1178579 ], [ 28.7117987, 47.1178576 ], [ 28.7118, 47.1178574 ], [ 28.7118012, 47.1178572 ], [ 28.7118025, 47.1178572 ], [ 28.7118038, 47.1178572 ], [ 28.711805, 47.1178573 ], [ 28.7118063, 47.1178575 ], [ 28.7118075, 47.1178577 ], [ 28.7118086, 47.1178581 ], [ 28.7118097, 47.1178585 ], [ 28.7118108, 47.117859 ], [ 28.7118117, 47.1178596 ], [ 28.7118126, 47.1178602 ], [ 28.7118223, 47.1178676 ], [ 28.7118231, 47.1178683 ], [ 28.7118238, 47.1178691 ], [ 28.7118244, 47.1178699 ], [ 28.7118249, 47.1178708 ], [ 28.7118253, 47.1178716 ], [ 28.7118255, 47.1178725 ], [ 28.7118256, 47.1178734 ], [ 28.7118256, 47.1178743 ], [ 28.7118254, 47.1178752 ], [ 28.7118251, 47.1178761 ], [ 28.7118246, 47.117877 ], [ 28.7118241, 47.1178778 ], [ 28.7118234, 47.1178786 ], [ 28.7118226, 47.1178793 ], [ 28.7118217, 47.11788 ], [ 28.7118207, 47.1178806 ], [ 28.7118197, 47.1178811 ], [ 28.7118043, 47.117888 ], [ 28.7118041, 47.1178881 ], [ 28.7118042, 47.1178883 ], [ 28.7118268, 47.1179117 ], [ 28.711827, 47.1179119 ], [ 28.7118272, 47.1179118 ], [ 28.7118491, 47.117902 ], [ 28.7118502, 47.1179016 ], [ 28.7118514, 47.1179012 ], [ 28.7118526, 47.1179009 ], [ 28.7118538, 47.1179007 ], [ 28.7118551, 47.1179006 ], [ 28.7118564, 47.1179005 ], [ 28.7118577, 47.1179006 ], [ 28.7118589, 47.1179007 ], [ 28.7118602, 47.1179009 ], [ 28.7118614, 47.1179012 ], [ 28.7118625, 47.1179016 ], [ 28.7118636, 47.117902 ], [ 28.7118647, 47.1179026 ], [ 28.7118656, 47.1179031 ], [ 28.7118665, 47.1179038 ], [ 28.7118801, 47.1179151 ], [ 28.7118803, 47.1179153 ], [ 28.7118806, 47.1179151 ], [ 28.7119081, 47.1178997 ], [ 28.7119083, 47.1178995 ], [ 28.7119081, 47.1178994 ], [ 28.7118581, 47.1178579 ], [ 28.711858, 47.1178578 ], [ 28.7118576, 47.1178576 ], [ 28.7118576, 47.1178575 ], [ 28.7118388, 47.117843 ], [ 28.7118379, 47.1178423 ], [ 28.7118372, 47.1178416 ], [ 28.7118366, 47.1178407 ], [ 28.7118361, 47.1178399 ], [ 28.7118358, 47.117839 ], [ 28.7118356, 47.1178381 ], [ 28.7118355, 47.1178372 ], [ 28.7118355, 47.1178363 ], [ 28.7118357, 47.1178354 ], [ 28.711836, 47.1178345 ], [ 28.7118364, 47.1178337 ], [ 28.711837, 47.1178329 ], [ 28.7118377, 47.1178321 ], [ 28.7118384, 47.1178314 ], [ 28.7118393, 47.1178307 ], [ 28.7118403, 47.1178301 ], [ 28.711857, 47.1178208 ], [ 28.7118572, 47.1178207 ], [ 28.7118573, 47.1178206 ], [ 28.7118579, 47.1178201 ], [ 28.7118588, 47.1178195 ], [ 28.7118598, 47.117819 ], [ 28.7118811, 47.117808 ], [ 28.7118813, 47.1178079 ], [ 28.7118812, 47.1178077 ], [ 28.711881, 47.1178068 ], [ 28.711881, 47.1178059 ], [ 28.711881, 47.117805 ], [ 28.7118812, 47.1178041 ], [ 28.7118815, 47.1178033 ], [ 28.711882, 47.1178024 ], [ 28.7118825, 47.1178016 ], [ 28.7118832, 47.1178009 ], [ 28.711884, 47.1178001 ], [ 28.7118849, 47.1177995 ], [ 28.7118859, 47.1177989 ], [ 28.7118922, 47.1177954 ], [ 28.7118933, 47.1177948 ], [ 28.7118945, 47.1177944 ], [ 28.7118957, 47.117794 ], [ 28.711897, 47.1177937 ], [ 28.7118983, 47.1177935 ], [ 28.7118997, 47.1177934 ], [ 28.711901, 47.1177934 ], [ 28.7119024, 47.1177935 ], [ 28.7119037, 47.1177937 ], [ 28.711905, 47.1177939 ], [ 28.7119052, 47.117794 ], [ 28.7119054, 47.1177938 ], [ 28.7119197, 47.1177859 ], [ 28.7119207, 47.1177854 ], [ 28.7119219, 47.1177849 ], [ 28.7119231, 47.1177845 ], [ 28.7119243, 47.1177842 ], [ 28.7119256, 47.117784 ], [ 28.7119269, 47.1177839 ], [ 28.7119282, 47.1177839 ], [ 28.7119295, 47.1177839 ], [ 28.7119308, 47.1177841 ], [ 28.7119321, 47.1177843 ], [ 28.7119333, 47.1177846 ], [ 28.7119345, 47.117785 ], [ 28.7119356, 47.1177855 ], [ 28.7119366, 47.1177861 ], [ 28.7119376, 47.1177867 ], [ 28.7119384, 47.1177874 ], [ 28.7119392, 47.1177881 ], [ 28.7119511, 47.1178011 ], [ 28.7119512, 47.1178013 ], [ 28.7119517, 47.1178018 ], [ 28.7119518, 47.1178019 ], [ 28.7119669, 47.1178163 ], [ 28.7119671, 47.1178165 ], [ 28.7119674, 47.1178164 ], [ 28.71198, 47.1178103 ], [ 28.711981, 47.1178098 ], [ 28.7119822, 47.1178094 ], [ 28.7119833, 47.1178091 ], [ 28.7119846, 47.1178088 ], [ 28.7119858, 47.1178087 ], [ 28.7119871, 47.1178086 ], [ 28.7119883, 47.1178086 ], [ 28.7119896, 47.1178087 ], [ 28.7119909, 47.1178089 ], [ 28.7119921, 47.1178091 ], [ 28.7119932, 47.1178095 ], [ 28.7119944, 47.1178099 ], [ 28.7119954, 47.1178103 ], [ 28.7119964, 47.1178109 ], [ 28.7119973, 47.1178115 ], [ 28.7120226, 47.1178303 ], [ 28.7120228, 47.1178304 ], [ 28.7120231, 47.1178303 ], [ 28.7120493, 47.1178138 ], [ 28.7120495, 47.1178137 ], [ 28.7120493, 47.1178135 ], [ 28.712027, 47.117797 ], [ 28.7120261, 47.1177963 ], [ 28.7120254, 47.1177955 ], [ 28.7120248, 47.1177948 ], [ 28.7120243, 47.1177939 ], [ 28.7120239, 47.1177931 ], [ 28.7120237, 47.1177922 ], [ 28.7120235, 47.1177913 ], [ 28.7120235, 47.1177904 ], [ 28.7120237, 47.1177895 ], [ 28.7120239, 47.1177886 ], [ 28.7120243, 47.1177878 ], [ 28.7120248, 47.117787 ], [ 28.7120255, 47.1177862 ], [ 28.7120262, 47.1177854 ], [ 28.712027, 47.1177848 ], [ 28.712028, 47.1177841 ], [ 28.7120361, 47.1177793 ], [ 28.7120371, 47.1177787 ], [ 28.7120383, 47.1177782 ], [ 28.7120394, 47.1177778 ], [ 28.7120407, 47.1177775 ], [ 28.712042, 47.1177772 ], [ 28.7120433, 47.1177771 ], [ 28.7120446, 47.117777 ], [ 28.7120459, 47.1177771 ], [ 28.7120472, 47.1177772 ], [ 28.7120485, 47.1177774 ], [ 28.7120498, 47.1177777 ], [ 28.712051, 47.1177781 ], [ 28.7120521, 47.1177785 ], [ 28.7120532, 47.1177791 ], [ 28.7120542, 47.1177797 ], [ 28.7120551, 47.1177804 ], [ 28.7120745, 47.1177969 ], [ 28.7120747, 47.117797 ], [ 28.7120749, 47.1177969 ], [ 28.7121027, 47.1177817 ], [ 28.7121029, 47.1177815 ], [ 28.7121027, 47.1177813 ], [ 28.7121011, 47.1177799 ], [ 28.7121003, 47.1177792 ], [ 28.7120997, 47.1177785 ], [ 28.7120991, 47.1177777 ], [ 28.7120987, 47.1177769 ], [ 28.7120984, 47.117776 ], [ 28.7120982, 47.1177752 ], [ 28.7120981, 47.1177743 ], [ 28.7120982, 47.1177734 ], [ 28.7120984, 47.1177725 ], [ 28.7120987, 47.1177717 ], [ 28.7120991, 47.1177709 ], [ 28.7120997, 47.1177701 ], [ 28.7121003, 47.1177693 ], [ 28.7121011, 47.1177686 ], [ 28.7121019, 47.117768 ], [ 28.7121029, 47.1177674 ], [ 28.7121039, 47.1177669 ], [ 28.7121258, 47.1177567 ], [ 28.7121261, 47.1177565 ], [ 28.7121259, 47.1177563 ], [ 28.7120963, 47.1177267 ], [ 28.7120962, 47.1177267 ], [ 28.7120957, 47.1177262 ], [ 28.7120956, 47.1177261 ], [ 28.7120828, 47.1177147 ], [ 28.7120821, 47.1177139 ], [ 28.7120815, 47.1177132 ], [ 28.712081, 47.1177124 ], [ 28.7120806, 47.1177115 ], [ 28.7120803, 47.1177107 ], [ 28.7120802, 47.1177098 ], [ 28.7120802, 47.1177089 ], [ 28.7120803, 47.117708 ], [ 28.7120805, 47.1177072 ], [ 28.7120808, 47.1177063 ], [ 28.7120813, 47.1177055 ], [ 28.7120819, 47.1177047 ], [ 28.7120826, 47.117704 ], [ 28.7120834, 47.1177033 ], [ 28.7120843, 47.1177027 ], [ 28.7120852, 47.1177021 ], [ 28.7120863, 47.1177016 ], [ 28.7120874, 47.1177012 ], [ 28.7120886, 47.1177008 ], [ 28.7120898, 47.1177005 ], [ 28.7120906, 47.1177004 ], [ 28.7120908, 47.1177004 ], [ 28.7120911, 47.1177002 ], [ 28.7121174, 47.1176847 ], [ 28.7121183, 47.1176842 ], [ 28.7121194, 47.1176837 ], [ 28.7121205, 47.1176833 ], [ 28.7121217, 47.117683 ], [ 28.7121229, 47.1176828 ], [ 28.7121242, 47.1176826 ], [ 28.7121255, 47.1176825 ], [ 28.7121267, 47.1176825 ], [ 28.712128, 47.1176826 ], [ 28.7121292, 47.1176828 ], [ 28.7121304, 47.1176831 ], [ 28.7121316, 47.1176834 ], [ 28.7121327, 47.1176838 ], [ 28.7121338, 47.1176843 ], [ 28.7121348, 47.1176848 ], [ 28.7121357, 47.1176854 ], [ 28.7121365, 47.1176861 ], [ 28.712155, 47.1177028 ], [ 28.7121552, 47.117703 ], [ 28.7121555, 47.1177028 ], [ 28.7121838, 47.1176882 ], [ 28.7121841, 47.117688 ], [ 28.7121839, 47.1176879 ], [ 28.7121364, 47.117645 ], [ 28.7121363, 47.1176449 ], [ 28.712136, 47.1176446 ], [ 28.7121359, 47.1176446 ], [ 28.7121027, 47.1176168 ], [ 28.7121026, 47.1176167 ], [ 28.7121019, 47.1176162 ], [ 28.7121018, 47.1176161 ], [ 28.7119224, 47.1174847 ], [ 28.7119218, 47.1174843 ], [ 28.7118709, 47.1174418 ], [ 28.7118707, 47.1174417 ], [ 28.7118704, 47.1174418 ], [ 28.711864, 47.1174454 ], [ 28.7118629, 47.1174459 ], [ 28.7118618, 47.1174464 ], [ 28.7118606, 47.1174468 ], [ 28.7118594, 47.1174471 ], [ 28.7118581, 47.1174473 ], [ 28.7118568, 47.1174474 ], [ 28.7118555, 47.1174474 ], [ 28.7118542, 47.1174474 ], [ 28.7118529, 47.1174472 ], [ 28.7118516, 47.117447 ], [ 28.7118504, 47.1174467 ], [ 28.7118492, 47.1174463 ], [ 28.7118481, 47.1174458 ], [ 28.7118471, 47.1174453 ], [ 28.7118461, 47.1174447 ], [ 28.7118144, 47.1174221 ], [ 28.7118142, 47.1174219 ], [ 28.7118139, 47.1174221 ], [ 28.7117883, 47.1174389 ], [ 28.711788, 47.1174391 ], [ 28.7117882, 47.1174392 ], [ 28.7117886, 47.1174401 ], [ 28.711789, 47.1174409 ], [ 28.7117892, 47.1174417 ], [ 28.7117896, 47.1174418 ], [ 28.7117908, 47.1174421 ], [ 28.711792, 47.1174425 ], [ 28.7117931, 47.1174429 ], [ 28.7117941, 47.1174435 ], [ 28.7117951, 47.1174441 ], [ 28.7118455, 47.1174799 ], [ 28.7118457, 47.1174801 ], [ 28.7119166, 47.1175328 ], [ 28.7119168, 47.117533 ], [ 28.7119218, 47.1175369 ], [ 28.7119226, 47.1175376 ], [ 28.7119233, 47.1175383 ], [ 28.7119239, 47.1175391 ], [ 28.7119243, 47.1175399 ], [ 28.7119247, 47.1175408 ], [ 28.7119249, 47.1175417 ], [ 28.711925, 47.1175426 ], [ 28.711925, 47.1175434 ], [ 28.7119248, 47.1175443 ], [ 28.7119245, 47.1175452 ], [ 28.7119241, 47.117546 ], [ 28.7119236, 47.1175469 ], [ 28.7119229, 47.1175476 ], [ 28.7119222, 47.1175483 ], [ 28.7119213, 47.117549 ], [ 28.7119204, 47.1175496 ], [ 28.7119193, 47.1175502 ], [ 28.7119108, 47.1175542 ], [ 28.7119097, 47.1175546 ], [ 28.7119086, 47.117555 ], [ 28.7119073, 47.1175554 ], [ 28.7119061, 47.1175556 ], [ 28.7119048, 47.1175557 ], [ 28.7119035, 47.1175558 ], [ 28.7119022, 47.1175557 ], [ 28.7119009, 47.1175556 ], [ 28.7118996, 47.1175554 ], [ 28.7118984, 47.1175551 ], [ 28.7118972, 47.1175547 ], [ 28.7118961, 47.1175543 ], [ 28.711895, 47.1175537 ], [ 28.711894, 47.1175531 ], [ 28.7118932, 47.1175525 ], [ 28.7118148, 47.1174873 ], [ 28.7118148, 47.1174872 ], [ 28.7118145, 47.1174871 ], [ 28.7118145, 47.117487 ], [ 28.7117756, 47.1174562 ], [ 28.7117748, 47.1174555 ], [ 28.7117741, 47.1174547 ], [ 28.7117735, 47.1174539 ], [ 28.711773, 47.1174531 ], [ 28.7117727, 47.1174522 ], [ 28.7117725, 47.1174516 ], [ 28.7117719, 47.1174515 ], [ 28.7117707, 47.1174511 ], [ 28.7117696, 47.1174507 ], [ 28.7117685, 47.1174503 ], [ 28.7117675, 47.1174497 ], [ 28.7117672, 47.1174495 ], [ 28.7117669, 47.1174497 ], [ 28.71174, 47.1174655 ], [ 28.7117397, 47.1174657 ], [ 28.7117399, 47.1174658 ], [ 28.7117671, 47.1174874 ], [ 28.7117679, 47.1174881 ], [ 28.7117686, 47.1174889 ], [ 28.7117692, 47.1174897 ], [ 28.7117697, 47.1174905 ], [ 28.71177, 47.1174914 ], [ 28.7117702, 47.1174922 ], [ 28.7117703, 47.1174931 ], [ 28.7117703, 47.117494 ], [ 28.7117701, 47.1174949 ], [ 28.7117698, 47.1174958 ], [ 28.7117693, 47.1174966 ], [ 28.7117688, 47.1174975 ], [ 28.7117681, 47.1174982 ], [ 28.7117673, 47.117499 ], [ 28.7117665, 47.1174996 ], [ 28.7117655, 47.1175002 ], [ 28.7117386, 47.1175152 ], [ 28.7117382, 47.1175155 ], [ 28.7117378, 47.1175157 ], [ 28.711737, 47.1175162 ], [ 28.7117145, 47.1175284 ], [ 28.7117143, 47.1175286 ], [ 28.7117141, 47.1175287 ], [ 28.7117129, 47.1175295 ], [ 28.7117114, 47.1175303 ], [ 28.7117103, 47.1175308 ], [ 28.7117092, 47.1175313 ], [ 28.7117081, 47.1175317 ], [ 28.7117069, 47.117532 ], [ 28.7117056, 47.1175322 ], [ 28.7117044, 47.1175323 ], [ 28.7117031, 47.1175324 ], [ 28.7117018, 47.1175323 ], [ 28.7117005, 47.1175322 ], [ 28.7116993, 47.117532 ], [ 28.7116981, 47.1175317 ], [ 28.7116969, 47.1175314 ], [ 28.7116958, 47.1175309 ], [ 28.7116947, 47.1175304 ], [ 28.7116938, 47.1175298 ], [ 28.7116929, 47.1175292 ], [ 28.7116741, 47.117514 ], [ 28.7116739, 47.1175138 ], [ 28.7116736, 47.117514 ], [ 28.7116464, 47.1175296 ], [ 28.7116462, 47.1175298 ], [ 28.7116464, 47.11753 ], [ 28.7116648, 47.1175448 ], [ 28.7116655, 47.1175455 ], [ 28.7116662, 47.1175462 ], [ 28.7116668, 47.117547 ], [ 28.7116672, 47.1175478 ], [ 28.7116675, 47.1175486 ], [ 28.7116678, 47.1175495 ], [ 28.7116679, 47.1175503 ], [ 28.7116678, 47.1175512 ], [ 28.7116677, 47.117552 ], [ 28.7116674, 47.1175529 ], [ 28.7116671, 47.1175537 ], [ 28.7116666, 47.1175545 ], [ 28.711666, 47.1175553 ], [ 28.7116653, 47.117556 ], [ 28.7116652, 47.1175561 ], [ 28.7116644, 47.1175567 ], [ 28.7116635, 47.1175573 ], [ 28.7116626, 47.1175578 ], [ 28.7116404, 47.1175693 ], [ 28.7116402, 47.1175695 ], [ 28.7116403, 47.1175698 ], [ 28.7116404, 47.11757 ], [ 28.7116406, 47.1175709 ], [ 28.7116407, 47.1175718 ], [ 28.7116406, 47.1175727 ], [ 28.7116404, 47.1175736 ], [ 28.7116401, 47.1175745 ], [ 28.7116397, 47.1175753 ], [ 28.7116391, 47.1175761 ], [ 28.7116384, 47.1175769 ], [ 28.7116376, 47.1175776 ], [ 28.7116367, 47.1175783 ], [ 28.7116357, 47.1175789 ], [ 28.7116321, 47.1175809 ], [ 28.711631, 47.1175814 ], [ 28.7116299, 47.1175818 ], [ 28.7116288, 47.1175822 ], [ 28.7116276, 47.1175825 ], [ 28.7116264, 47.1175827 ], [ 28.7116251, 47.1175828 ], [ 28.7116239, 47.1175828 ], [ 28.7116226, 47.1175828 ], [ 28.7116213, 47.1175827 ], [ 28.7116201, 47.1175825 ], [ 28.7116194, 47.1175823 ], [ 28.7116192, 47.1175823 ], [ 28.7116189, 47.1175824 ], [ 28.7115906, 47.1175971 ], [ 28.7115903, 47.1175972 ], [ 28.7115902, 47.1175973 ], [ 28.7115898, 47.1175978 ], [ 28.7115892, 47.1175984 ], [ 28.7115884, 47.117599 ], [ 28.7115876, 47.1175996 ], [ 28.7115867, 47.1176001 ], [ 28.7115649, 47.1176113 ], [ 28.7115647, 47.1176115 ], [ 28.7115645, 47.1176118 ], [ 28.7115643, 47.117612 ], [ 28.7115636, 47.1176128 ], [ 28.7115627, 47.1176136 ], [ 28.7115618, 47.1176143 ], [ 28.7115608, 47.1176149 ], [ 28.7115421, 47.1176249 ], [ 28.7115419, 47.117625 ], [ 28.7115419, 47.1176251 ], [ 28.7115417, 47.117626 ], [ 28.7115414, 47.1176268 ], [ 28.711541, 47.1176277 ], [ 28.7115405, 47.1176285 ], [ 28.7115398, 47.1176293 ], [ 28.7115391, 47.11763 ], [ 28.7115382, 47.1176307 ], [ 28.7115373, 47.1176313 ], [ 28.7115363, 47.1176318 ], [ 28.711516, 47.1176415 ], [ 28.7115157, 47.1176416 ] ], [ [ 28.7119835, 47.1176032 ], [ 28.7119836, 47.117603 ], [ 28.7119843, 47.1176023 ], [ 28.7119852, 47.1176016 ], [ 28.7119861, 47.117601 ], [ 28.7119871, 47.1176005 ], [ 28.7119882, 47.1176 ], [ 28.7119894, 47.1175996 ], [ 28.7119906, 47.1175993 ], [ 28.7119918, 47.117599 ], [ 28.7119931, 47.1175989 ], [ 28.7119944, 47.1175988 ], [ 28.7119957, 47.1175988 ], [ 28.711997, 47.1175989 ], [ 28.7119982, 47.1175991 ], [ 28.7119995, 47.1175994 ], [ 28.7120006, 47.1175997 ], [ 28.7120018, 47.1176002 ], [ 28.7120028, 47.1176007 ], [ 28.7120038, 47.1176012 ], [ 28.7120047, 47.1176019 ], [ 28.7120805, 47.1176612 ], [ 28.7120813, 47.1176619 ], [ 28.712082, 47.1176627 ], [ 28.7120825, 47.1176635 ], [ 28.712083, 47.1176643 ], [ 28.7120834, 47.1176651 ], [ 28.7120836, 47.117666 ], [ 28.7120837, 47.1176669 ], [ 28.7120837, 47.1176678 ], [ 28.7120835, 47.1176687 ], [ 28.7120832, 47.1176695 ], [ 28.7120828, 47.1176704 ], [ 28.7120823, 47.1176712 ], [ 28.7120817, 47.117672 ], [ 28.7120809, 47.1176727 ], [ 28.7120801, 47.1176733 ], [ 28.7120791, 47.117674 ], [ 28.7120669, 47.1176812 ], [ 28.7120667, 47.1176813 ], [ 28.7120663, 47.1176816 ], [ 28.7120661, 47.1176818 ], [ 28.7120652, 47.1176824 ], [ 28.7120643, 47.117683 ], [ 28.7120632, 47.1176835 ], [ 28.7120621, 47.1176839 ], [ 28.7120609, 47.1176843 ], [ 28.7120596, 47.1176846 ], [ 28.7120584, 47.1176848 ], [ 28.7120571, 47.1176849 ], [ 28.7120558, 47.1176849 ], [ 28.7120545, 47.1176848 ], [ 28.7120532, 47.1176847 ], [ 28.7120519, 47.1176844 ], [ 28.7120507, 47.1176841 ], [ 28.7120496, 47.1176837 ], [ 28.7120485, 47.1176832 ], [ 28.7120474, 47.1176826 ], [ 28.7120465, 47.117682 ], [ 28.7120457, 47.1176813 ], [ 28.7120158, 47.1176546 ], [ 28.7120158, 47.1176545 ], [ 28.7120154, 47.1176542 ], [ 28.7120154, 47.1176542 ], [ 28.7119742, 47.1176199 ], [ 28.7119734, 47.1176192 ], [ 28.7119727, 47.1176184 ], [ 28.7119721, 47.1176176 ], [ 28.7119717, 47.1176168 ], [ 28.7119714, 47.1176159 ], [ 28.7119712, 47.117615 ], [ 28.7119712, 47.1176141 ], [ 28.7119712, 47.1176132 ], [ 28.7119714, 47.1176123 ], [ 28.7119718, 47.1176115 ], [ 28.7119722, 47.1176106 ], [ 28.7119728, 47.1176098 ], [ 28.7119735, 47.1176091 ], [ 28.7119743, 47.1176084 ], [ 28.7119752, 47.1176077 ], [ 28.7119762, 47.1176071 ], [ 28.7119832, 47.1176033 ], [ 28.7119835, 47.1176032 ] ] ] } },
{ "type": "Feature", "properties": { "vineyard_id": "V18", "n_rows": 22, "row_spacing_m": 2.55, "vine_spacing_m": 1.2, "area_m2": 2247.74 }, "geometry": { "type": "Polygon", "coordinates": [ [ [ 28.7133426, 47.1172983 ], [ 28.7133428, 47.1172984 ], [ 28.7135737, 47.1174456 ], [ 28.7135738, 47.1174457 ], [ 28.7135741, 47.1174458 ], [ 28.7135741, 47.1174459 ], [ 28.7136327, 47.1174814 ], [ 28.7136334, 47.1174819 ], [ 28.7136504, 47.1174939 ], [ 28.7136508, 47.1174942 ], [ 28.7136708, 47.1175096 ], [ 28.7136716, 47.1175103 ], [ 28.7136723, 47.117511 ], [ 28.7136729, 47.1175118 ], [ 28.7136734, 47.1175126 ], [ 28.7136737, 47.1175134 ], [ 28.713674, 47.1175143 ], [ 28.7136741, 47.1175151 ], [ 28.7136741, 47.117516 ], [ 28.713674, 47.1175168 ], [ 28.7136738, 47.1175177 ], [ 28.7136734, 47.1175185 ], [ 28.713673, 47.1175193 ], [ 28.7136724, 47.1175201 ], [ 28.7136717, 47.1175208 ], [ 28.7136709, 47.1175215 ], [ 28.7136701, 47.1175221 ], [ 28.7136664, 47.1175245 ], [ 28.7136662, 47.1175246 ], [ 28.7136664, 47.1175248 ], [ 28.7137141, 47.1175589 ], [ 28.7137144, 47.1175591 ], [ 28.7137664, 47.117599 ], [ 28.7137666, 47.1175991 ], [ 28.7137669, 47.117599 ], [ 28.7137863, 47.1175872 ], [ 28.7137873, 47.1175866 ], [ 28.7137883, 47.1175861 ], [ 28.7137895, 47.1175857 ], [ 28.7137907, 47.1175854 ], [ 28.7137919, 47.1175852 ], [ 28.7137932, 47.117585 ], [ 28.7137944, 47.1175849 ], [ 28.7137957, 47.1175849 ], [ 28.713797, 47.117585 ], [ 28.7137983, 47.1175852 ], [ 28.7137995, 47.1175854 ], [ 28.7138007, 47.1175858 ], [ 28.7138018, 47.1175862 ], [ 28.7138029, 47.1175867 ], [ 28.7138039, 47.1175872 ], [ 28.7138048, 47.1175878 ], [ 28.7138797, 47.1176441 ], [ 28.7138799, 47.1176442 ], [ 28.7138801, 47.1176441 ], [ 28.713907, 47.1176274 ], [ 28.7139072, 47.1176273 ], [ 28.713907, 47.1176271 ], [ 28.7138672, 47.1175972 ], [ 28.7138664, 47.1175965 ], [ 28.7138657, 47.1175958 ], [ 28.7138651, 47.117595 ], [ 28.7138646, 47.1175943 ], [ 28.7138642, 47.1175934 ], [ 28.7138639, 47.1175926 ], [ 28.7138638, 47.1175917 ], [ 28.7138638, 47.1175909 ], [ 28.7138639, 47.11759 ], [ 28.7138641, 47.1175892 ], [ 28.7138644, 47.1175883 ], [ 28.7138649, 47.1175875 ], [ 28.7138654, 47.1175868 ], [ 28.7138661, 47.117586 ], [ 28.7138668, 47.1175853 ], [ 28.7138677, 47.1175847 ], [ 28.7138686, 47.1175841 ], [ 28.7138715, 47.1175826 ], [ 28.7138726, 47.117582 ], [ 28.7138737, 47.1175816 ], [ 28.7138749, 47.1175812 ], [ 28.7138761, 47.1175809 ], [ 28.7138774, 47.1175807 ], [ 28.7138787, 47.1175806 ], [ 28.71388, 47.1175805 ], [ 28.7138813, 47.1175806 ], [ 28.7138826, 47.1175808 ], [ 28.7138839, 47.117581 ], [ 28.7138851, 47.1175813 ], [ 28.7138863, 47.1175817 ], [ 28.7138874, 47.1175822 ], [ 28.7138884, 47.1175827 ], [ 28.7138894, 47.1175834 ], [ 28.7138905, 47.1175842 ], [ 28.7138907, 47.1175843 ], [ 28.713891, 47.1175842 ], [ 28.7138964, 47.1175807 ], [ 28.7138974, 47.1175801 ], [ 28.7138985, 47.1175796 ], [ 28.7138996, 47.1175792 ], [ 28.7139008, 47.1175788 ], [ 28.7139021, 47.1175785 ], [ 28.7139034, 47.1175784 ], [ 28.7139047, 47.1175783 ], [ 28.713906, 47.1175782 ], [ 28.7139073, 47.1175783 ], [ 28.7139086, 47.1175785 ], [ 28.7139098, 47.1175788 ], [ 28.713911, 47.1175791 ], [ 28.7139122, 47.1175795 ], [ 28.7139133, 47.11758 ], [ 28.7139143, 47.1175806 ], [ 28.7139152, 47.1175812 ], [ 28.7139503, 47.1176077 ], [ 28.7139505, 47.1176078 ], [ 28.7139508, 47.1176077 ], [ 28.7139602, 47.1176019 ], [ 28.7139611, 47.1176014 ], [ 28.7139622, 47.1176009 ], [ 28.7139633, 47.1176005 ], [ 28.7139644, 47.1176001 ], [ 28.7139656, 47.1175999 ], [ 28.7139669, 47.1175997 ], [ 28.7139681, 47.1175996 ], [ 28.7139694, 47.1175996 ], [ 28.7139707, 47.1175997 ], [ 28.7139719, 47.1175998 ], [ 28.7139731, 47.1176 ], [ 28.7139743, 47.1176004 ], [ 28.7139754, 47.1176007 ], [ 28.7139765, 47.1176012 ], [ 28.7139775, 47.1176017 ], [ 28.7139784, 47.1176023 ], [ 28.7139793, 47.117603 ], [ 28.71398, 47.1176036 ], [ 28.7139963, 47.1176205 ], [ 28.7139965, 47.1176207 ], [ 28.7139967, 47.1176206 ], [ 28.7140271, 47.117607 ], [ 28.7140273, 47.1176068 ], [ 28.7140272, 47.1176067 ], [ 28.7140057, 47.1175844 ], [ 28.7140051, 47.1175837 ], [ 28.7140045, 47.1175828 ], [ 28.7140041, 47.117582 ], [ 28.7140038, 47.1175811 ], [ 28.7140036, 47.1175802 ], [ 28.7140036, 47.1175793 ], [ 28.7140037, 47.1175783 ], [ 28.7140039, 47.1175774 ], [ 28.7140043, 47.1175766 ], [ 28.7140048, 47.1175757 ], [ 28.7140054, 47.1175749 ], [ 28.7140062, 47.1175741 ], [ 28.714007, 47.1175734 ], [ 28.714008, 47.1175728 ], [ 28.7140265, 47.1175615 ], [ 28.7140267, 47.1175613 ], [ 28.7140266, 47.1175612 ], [ 28.7140262, 47.1175607 ], [ 28.7140256, 47.1175599 ], [ 28.7140252, 47.117559 ], [ 28.7140249, 47.1175582 ], [ 28.7140247, 47.1175573 ], [ 28.7140246, 47.1175564 ], [ 28.7140247, 47.1175555 ], [ 28.7140249, 47.1175546 ], [ 28.7140253, 47.1175538 ], [ 28.7140257, 47.1175529 ], [ 28.7140263, 47.1175521 ], [ 28.714027, 47.1175514 ], [ 28.7140278, 47.1175507 ], [ 28.7140287, 47.11755 ], [ 28.7140297, 47.1175494 ], [ 28.7140307, 47.1175489 ], [ 28.7140319, 47.1175485 ], [ 28.714033, 47.1175481 ], [ 28.7140343, 47.1175478 ], [ 28.7140356, 47.1175476 ], [ 28.7140368, 47.1175475 ], [ 28.7140382, 47.1175475 ], [ 28.7140395, 47.1175476 ], [ 28.7140407, 47.1175477 ], [ 28.714042, 47.117548 ], [ 28.7140432, 47.1175483 ], [ 28.7140444, 47.1175487 ], [ 28.7140455, 47.1175492 ], [ 28.7140458, 47.1175494 ], [ 28.7140461, 47.1175492 ], [ 28.7140737, 47.1175331 ], [ 28.7140739, 47.117533 ], [ 28.7140737, 47.1175328 ], [ 28.7140448, 47.1175097 ], [ 28.714044, 47.117509 ], [ 28.7140433, 47.1175082 ], [ 28.7140428, 47.1175074 ], [ 28.7140423, 47.1175066 ], [ 28.714042, 47.1175058 ], [ 28.7140418, 47.1175049 ], [ 28.7140417, 47.117504 ], [ 28.7140417, 47.1175032 ], [ 28.7140419, 47.1175023 ], [ 28.7140421, 47.1175014 ], [ 28.7140425, 47.1175006 ], [ 28.7140431, 47.1174998 ], [ 28.7140437, 47.117499 ], [ 28.7140444, 47.1174983 ], [ 28.7140453, 47.1174977 ], [ 28.7140462, 47.117497 ], [ 28.7140507, 47.1174944 ], [ 28.7140517, 47.1174938 ], [ 28.7140528, 47.1174934 ], [ 28.7140539, 47.117493 ], [ 28.7140551, 47.1174927 ], [ 28.7140563, 47.1174924 ], [ 28.7140575, 47.1174923 ], [ 28.7140588, 47.1174922 ], [ 28.7140601, 47.1174922 ], [ 28.7140613, 47.1174923 ], [ 28.7140626, 47.1174924 ], [ 28.7140638, 47.1174927 ], [ 28.7140649, 47.117493 ], [ 28.7140661, 47.1174934 ], [ 28.7140671, 47.1174939 ], [ 28.7140681, 47.1174945 ], [ 28.714069, 47.1174951 ], [ 28.7140745, 47.1174991 ], [ 28.7140748, 47.1174993 ], [ 28.714075, 47.1174991 ], [ 28.7140865, 47.1174919 ], [ 28.7140875, 47.1174913 ], [ 28.7140885, 47.1174908 ], [ 28.7140897, 47.1174904 ], [ 28.7140909, 47.1174901 ], [ 28.7140921, 47.1174898 ], [ 28.7140934, 47.1174896 ], [ 28.7140947, 47.1174895 ], [ 28.714096, 47.1174895 ], [ 28.7140973, 47.1174896 ], [ 28.7140985, 47.1174898 ], [ 28.7140998, 47.11749 ], [ 28.714101, 47.1174904 ], [ 28.7141021, 47.1174908 ], [ 28.7141032, 47.1174913 ], [ 28.7141042, 47.1174918 ], [ 28.7141052, 47.1174925 ], [ 28.7141207, 47.1175041 ], [ 28.7141209, 47.1175042 ], [ 28.7141211, 47.1175041 ], [ 28.714148, 47.1174874 ], [ 28.7141482, 47.1174872 ], [ 28.714148, 47.1174871 ], [ 28.7141087, 47.1174577 ], [ 28.7141079, 47.117457 ], [ 28.7141072, 47.1174562 ], [ 28.7141066, 47.1174554 ], [ 28.7141061, 47.1174546 ], [ 28.7141057, 47.1174538 ], [ 28.7141054, 47.1174529 ], [ 28.7141053, 47.117452 ], [ 28.7141053, 47.1174511 ], [ 28.7141055, 47.1174502 ], [ 28.7141057, 47.1174493 ], [ 28.7141061, 47.1174485 ], [ 28.7141066, 47.1174477 ], [ 28.7141072, 47.1174469 ], [ 28.714108, 47.1174462 ], [ 28.7141088, 47.1174455 ], [ 28.7141097, 47.1174449 ], [ 28.7141108, 47.1174443 ], [ 28.7141119, 47.1174438 ], [ 28.714113, 47.1174434 ], [ 28.714113, 47.1174434 ], [ 28.7141133, 47.1174433 ], [ 28.7141417, 47.1174279 ], [ 28.7141419, 47.1174277 ], [ 28.7141417, 47.1174275 ], [ 28.7141109, 47.117401 ], [ 28.7141101, 47.1174003 ], [ 28.7141094, 47.1173995 ], [ 28.7141089, 47.1173987 ], [ 28.7141085, 47.1173978 ], [ 28.7141082, 47.1173969 ], [ 28.714108, 47.1173961 ], [ 28.714108, 47.1173952 ], [ 28.7141081, 47.1173943 ], [ 28.7141083, 47.1173934 ], [ 28.7141087, 47.1173925 ], [ 28.7141092, 47.1173917 ], [ 28.7141098, 47.1173909 ], [ 28.7141105, 47.1173901 ], [ 28.7141114, 47.1173894 ], [ 28.7141123, 47.1173888 ], [ 28.7141276, 47.1173793 ], [ 28.7141279, 47.1173791 ], [ 28.7141277, 47.117379 ], [ 28.7141259, 47.1173776 ], [ 28.714125, 47.1173769 ], [ 28.7141243, 47.1173762 ], [ 28.7141237, 47.1173754 ], [ 28.7141232, 47.1173746 ], [ 28.7141228, 47.1173737 ], [ 28.7141226, 47.1173728 ], [ 28.7141225, 47.117372 ], [ 28.7141225, 47.1173711 ], [ 28.7141226, 47.1173702 ], [ 28.7141229, 47.1173693 ], [ 28.7141232, 47.1173685 ], [ 28.7141237, 47.1173676 ], [ 28.7141244, 47.1173669 ], [ 28.7141251, 47.1173661 ], [ 28.7141259, 47.1173655 ], [ 28.7141269, 47.1173648 ], [ 28.7141381, 47.117358 ], [ 28.7141383, 47.1173579 ], [ 28.7141381, 47.1173577 ], [ 28.7139281, 47.1171966 ], [ 28.713928, 47.1171965 ], [ 28.713792, 47.1170939 ], [ 28.7137918, 47.1170937 ], [ 28.7137915, 47.1170939 ], [ 28.7137785, 47.1171019 ], [ 28.7137775, 47.1171025 ], [ 28.7137764, 47.117103 ], [ 28.7137753, 47.1171034 ], [ 28.7137741, 47.1171037 ], [ 28.7137729, 47.117104 ], [ 28.7137717, 47.1171042 ], [ 28.7137704, 47.1171043 ], [ 28.7137691, 47.1171043 ], [ 28.7137678, 47.1171042 ], [ 28.7137666, 47.117104 ], [ 28.7137654, 47.1171038 ], [ 28.7137642, 47.1171035 ], [ 28.713763, 47.1171031 ], [ 28.713762, 47.1171026 ], [ 28.713761, 47.117102 ], [ 28.71376, 47.1171014 ], [ 28.7137563, 47.1170988 ], [ 28.7137561, 47.1170986 ], [ 28.7136641, 47.1170343 ], [ 28.7136638, 47.1170342 ], [ 28.7136634, 47.117034 ], [ 28.7136631, 47.1170339 ], [ 28.713662, 47.1170335 ], [ 28.713661, 47.117033 ], [ 28.71366, 47.1170325 ], [ 28.7136591, 47.1170319 ], [ 28.7136583, 47.1170312 ], [ 28.7136576, 47.1170305 ], [ 28.713657, 47.1170297 ], [ 28.7136565, 47.1170289 ], [ 28.7136561, 47.117028 ], [ 28.7136559, 47.1170272 ], [ 28.7136557, 47.1170263 ], [ 28.7136557, 47.1170255 ], [ 28.7136558, 47.1170246 ], [ 28.7136561, 47.1170237 ], [ 28.7136564, 47.1170229 ], [ 28.7136569, 47.1170221 ], [ 28.7136575, 47.1170213 ], [ 28.7136582, 47.1170206 ], [ 28.713659, 47.1170199 ], [ 28.7136599, 47.1170193 ], [ 28.7136739, 47.1170103 ], [ 28.7136741, 47.1170102 ], [ 28.7136739, 47.11701 ], [ 28.7136599, 47.1169998 ], [ 28.7136597, 47.1169997 ], [ 28.7136595, 47.1169998 ], [ 28.7136389, 47.1170129 ], [ 28.7136379, 47.1170135 ], [ 28.7136368, 47.117014 ], [ 28.7136357, 47.1170145 ], [ 28.7136345, 47.1170148 ], [ 28.7136332, 47.1170151 ], [ 28.7136319, 47.1170153 ], [ 28.7136306, 47.1170154 ], [ 28.7136293, 47.1170154 ], [ 28.713628, 47.1170153 ], [ 28.7136267, 47.1170151 ], [ 28.7136254, 47.1170148 ], [ 28.7136242, 47.1170145 ], [ 28.713623, 47.117014 ], [ 28.7136219, 47.1170135 ], [ 28.7136209, 47.117013 ], [ 28.71362, 47.1170123 ], [ 28.7136124, 47.1170064 ], [ 28.7136122, 47.1170062 ], [ 28.7136119, 47.1170064 ], [ 28.7135846, 47.1170227 ], [ 28.7135844, 47.1170229 ], [ 28.7135844, 47.117023 ], [ 28.7135846, 47.1170236 ], [ 28.7135846, 47.1170245 ], [ 28.7135845, 47.1170254 ], [ 28.7135843, 47.1170262 ], [ 28.713584, 47.1170271 ], [ 28.7135835, 47.1170279 ], [ 28.713583, 47.1170287 ], [ 28.7135823, 47.1170294 ], [ 28.7135815, 47.1170301 ], [ 28.7135806, 47.1170308 ], [ 28.7135797, 47.1170314 ], [ 28.7135786, 47.1170319 ], [ 28.7135775, 47.1170323 ], [ 28.7135763, 47.1170327 ], [ 28.7135751, 47.117033 ], [ 28.7135739, 47.1170332 ], [ 28.7135726, 47.1170333 ], [ 28.7135713, 47.1170333 ], [ 28.71357, 47.1170333 ], [ 28.7135687, 47.1170332 ], [ 28.7135684, 47.1170331 ], [ 28.7135679, 47.117033 ], [ 28.7135677, 47.1170332 ], [ 28.7135406, 47.1170497 ], [ 28.7135404, 47.1170498 ], [ 28.7135406, 47.11705 ], [ 28.7135481, 47.1170557 ], [ 28.7135489, 47.1170564 ], [ 28.7135734, 47.1170795 ], [ 28.7135742, 47.1170803 ], [ 28.7135748, 47.1170811 ], [ 28.7135753, 47.1170819 ], [ 28.7135756, 47.1170828 ], [ 28.7135759, 47.1170837 ], [ 28.713576, 47.1170846 ], [ 28.7135759, 47.1170855 ], [ 28.7135758, 47.1170864 ], [ 28.7135755, 47.1170872 ], [ 28.713575, 47.1170881 ], [ 28.7135745, 47.1170889 ], [ 28.7135738, 47.1170897 ], [ 28.713573, 47.1170904 ], [ 28.7135722, 47.1170911 ], [ 28.7135712, 47.1170917 ], [ 28.7135596, 47.1170983 ], [ 28.7135586, 47.1170988 ], [ 28.7135575, 47.1170992 ], [ 28.7135564, 47.1170996 ], [ 28.7135552, 47.1170999 ], [ 28.713554, 47.1171001 ], [ 28.7135528, 47.1171003 ], [ 28.7135515, 47.1171003 ], [ 28.7135503, 47.1171003 ], [ 28.713549, 47.1171002 ], [ 28.7135478, 47.1171 ], [ 28.7135466, 47.1170998 ], [ 28.7135454, 47.1170994 ], [ 28.7135443, 47.117099 ], [ 28.7135433, 47.1170985 ], [ 28.7135423, 47.117098 ], [ 28.7135414, 47.1170974 ], [ 28.7135155, 47.1170778 ], [ 28.7135153, 47.1170776 ], [ 28.713515, 47.1170778 ], [ 28.7134881, 47.1170944 ], [ 28.7134879, 47.1170945 ], [ 28.7134881, 47.1170947 ], [ 28.713491, 47.1170969 ], [ 28.7134918, 47.1170976 ], [ 28.7134925, 47.1170983 ], [ 28.7134931, 47.1170991 ], [ 28.7134936, 47.1170998 ], [ 28.713494, 47.1171007 ], [ 28.7134942, 47.1171015 ], [ 28.7134944, 47.1171024 ], [ 28.7134944, 47.1171032 ], [ 28.7134943, 47.1171041 ], [ 28.7134941, 47.1171049 ], [ 28.7134937, 47.1171058 ], [ 28.7134933, 47.1171066 ], [ 28.7134927, 47.1171073 ], [ 28.7134921, 47.1171081 ], [ 28.7134913, 47.1171087 ], [ 28.7134904, 47.1171094 ], [ 28.7134893, 47.1171102 ], [ 28.7134883, 47.1171107 ], [ 28.7134872, 47.1171113 ], [ 28.7134861, 47.1171117 ], [ 28.7134849, 47.1171121 ], [ 28.7134847, 47.1171122 ], [ 28.7134844, 47.1171123 ], [ 28.7134602, 47.1171268 ], [ 28.7134591, 47.1171274 ], [ 28.7134579, 47.1171279 ], [ 28.7134576, 47.1171281 ], [ 28.7134573, 47.1171282 ], [ 28.7134446, 47.1171364 ], [ 28.7134436, 47.117137 ], [ 28.7134426, 47.1171375 ], [ 28.7134415, 47.1171379 ], [ 28.7134403, 47.1171382 ], [ 28.7134391, 47.1171385 ], [ 28.7134378, 47.1171387 ], [ 28.7134366, 47.1171388 ], [ 28.7134353, 47.1171388 ], [ 28.713434, 47.1171388 ], [ 28.7134328, 47.1171386 ], [ 28.7134315, 47.1171384 ], [ 28.7134303, 47.1171381 ], [ 28.7134292, 47.1171377 ], [ 28.7134281, 47.1171373 ], [ 28.7134271, 47.1171367 ], [ 28.7134262, 47.1171362 ], [ 28.7134253, 47.1171355 ], [ 28.7134201, 47.1171311 ], [ 28.71342, 47.117131 ], [ 28.7134195, 47.1171306 ], [ 28.7134194, 47.1171306 ], [ 28.7133785, 47.1170992 ], [ 28.7133783, 47.1170991 ], [ 28.713378, 47.1170992 ], [ 28.7133509, 47.1171157 ], [ 28.7133507, 47.1171158 ], [ 28.7133509, 47.117116 ], [ 28.7133914, 47.117147 ], [ 28.7133918, 47.1171473 ], [ 28.7134204, 47.1171715 ], [ 28.7134212, 47.1171722 ], [ 28.7134219, 47.117173 ], [ 28.7134224, 47.1171738 ], [ 28.7134228, 47.1171747 ], [ 28.7134231, 47.1171755 ], [ 28.7134233, 47.1171764 ], [ 28.7134233, 47.1171773 ], [ 28.7134233, 47.1171782 ], [ 28.713423, 47.1171791 ], [ 28.7134227, 47.11718 ], [ 28.7134222, 47.1171808 ], [ 28.7134216, 47.1171816 ], [ 28.7134209, 47.1171824 ], [ 28.7134201, 47.1171831 ], [ 28.7134192, 47.1171837 ], [ 28.7134024, 47.1171944 ], [ 28.7134022, 47.1171946 ], [ 28.7134024, 47.1171947 ], [ 28.7134346, 47.1172183 ], [ 28.7134354, 47.117219 ], [ 28.7134361, 47.1172197 ], [ 28.7134367, 47.1172204 ], [ 28.7134373, 47.1172212 ], [ 28.7134377, 47.117222 ], [ 28.7134379, 47.1172229 ], [ 28.7134381, 47.1172237 ], [ 28.7134381, 47.1172246 ], [ 28.7134381, 47.1172255 ], [ 28.7134379, 47.1172263 ], [ 28.7134375, 47.1172271 ], [ 28.7134371, 47.1172279 ], [ 28.7134366, 47.1172287 ], [ 28.7134359, 47.1172295 ], [ 28.7134352, 47.1172301 ], [ 28.7134343, 47.1172308 ], [ 28.7134305, 47.1172334 ], [ 28.7134295, 47.117234 ], [ 28.7134285, 47.1172346 ], [ 28.7134274, 47.117235 ], [ 28.7134262, 47.1172354 ], [ 28.7134249, 47.1172357 ], [ 28.7134237, 47.1172359 ], [ 28.7134224, 47.117236 ], [ 28.713421, 47.1172361 ], [ 28.7134197, 47.117236 ], [ 28.7134184, 47.1172359 ], [ 28.7134171, 47.1172357 ], [ 28.7134159, 47.1172353 ], [ 28.7134147, 47.1172349 ], [ 28.7134136, 47.1172345 ], [ 28.7134126, 47.1172339 ], [ 28.7134116, 47.1172333 ], [ 28.7134108, 47.1172326 ], [ 28.713391, 47.1172154 ], [ 28.7133909, 47.1172153 ], [ 28.7133903, 47.1172148 ], [ 28.7133902, 47.1172147 ], [ 28.7133809, 47.1172075 ], [ 28.7133807, 47.1172074 ], [ 28.7133805, 47.1172075 ], [ 28.7133532, 47.1172239 ], [ 28.713353, 47.117224 ], [ 28.7133532, 47.1172242 ], [ 28.7133619, 47.117231 ], [ 28.7133624, 47.1172314 ], [ 28.7133942, 47.1172591 ], [ 28.7133944, 47.1172593 ], [ 28.7133946, 47.1172592 ], [ 28.7134008, 47.1172558 ], [ 28.7134019, 47.1172553 ], [ 28.713403, 47.1172549 ], [ 28.7134041, 47.1172546 ], [ 28.7134053, 47.1172543 ], [ 28.7134066, 47.1172541 ], [ 28.7134078, 47.117254 ], [ 28.7134091, 47.1172539 ], [ 28.7134104, 47.117254 ], [ 28.7134116, 47.1172541 ], [ 28.7134128, 47.1172543 ], [ 28.713414, 47.1172546 ], [ 28.7134152, 47.117255 ], [ 28.7134163, 47.1172554 ], [ 28.7134173, 47.117256 ], [ 28.7134182, 47.1172565 ], [ 28.7134191, 47.1172572 ], [ 28.7134862, 47.1173122 ], [ 28.7134869, 47.1173129 ], [ 28.7134876, 47.1173136 ], [ 28.7134881, 47.1173144 ], [ 28.7134886, 47.1173152 ], [ 28.7134889, 47.1173161 ], [ 28.7134891, 47.1173169 ], [ 28.7134892, 47.1173178 ], [ 28.7134892, 47.1173186 ], [ 28.713489, 47.1173195 ], [ 28.7134887, 47.1173203 ], [ 28.7134884, 47.1173212 ], [ 28.7134879, 47.1173219 ], [ 28.7134872, 47.1173227 ], [ 28.7134865, 47.1173234 ], [ 28.7134857, 47.1173241 ], [ 28.7134848, 47.1173247 ], [ 28.7134708, 47.1173332 ], [ 28.7134704, 47.1173335 ], [ 28.7134695, 47.117334 ], [ 28.7134685, 47.1173345 ], [ 28.7134674, 47.117335 ], [ 28.7134663, 47.1173354 ], [ 28.7134651, 47.1173356 ], [ 28.7134639, 47.1173359 ], [ 28.7134626, 47.117336 ], [ 28.7134614, 47.117336 ], [ 28.7134601, 47.117336 ], [ 28.7134589, 47.1173359 ], [ 28.7134576, 47.1173357 ], [ 28.7134564, 47.1173354 ], [ 28.7134553, 47.1173351 ], [ 28.7134542, 47.1173347 ], [ 28.7134532, 47.1173342 ], [ 28.7134522, 47.1173336 ], [ 28.7133681, 47.11728 ], [ 28.7133678, 47.1172798 ], [ 28.7133676, 47.11728 ], [ 28.7133428, 47.1172981 ], [ 28.7133426, 47.1172983 ] ], [ [ 28.7136706, 47.1171259 ], [ 28.7136697, 47.1171252 ], [ 28.7136689, 47.1171245 ], [ 28.7136682, 47.1171238 ], [ 28.7136677, 47.117123 ], [ 28.7136672, 47.1171222 ], [ 28.7136668, 47.1171213 ], [ 28.7136666, 47.1171205 ], [ 28.7136665, 47.1171196 ], [ 28.7136665, 47.1171187 ], [ 28.7136667, 47.1171178 ], [ 28.713667, 47.117117 ], [ 28.7136673, 47.1171161 ], [ 28.7136679, 47.1171153 ], [ 28.7136685, 47.1171146 ], [ 28.7136692, 47.1171138 ], [ 28.7136701, 47.1171132 ], [ 28.7136758, 47.117109 ], [ 28.7136768, 47.1171083 ], [ 28.7136778, 47.1171078 ], [ 28.7136789, 47.1171073 ], [ 28.71368, 47.1171069 ], [ 28.7136812, 47.1171066 ], [ 28.7136825, 47.1171064 ], [ 28.7136837, 47.1171062 ], [ 28.713685, 47.1171061 ], [ 28.7136863, 47.1171061 ], [ 28.7136876, 47.1171062 ], [ 28.7136889, 47.1171064 ], [ 28.7136901, 47.1171067 ], [ 28.7136913, 47.117107 ], [ 28.7136924, 47.1171075 ], [ 28.7136935, 47.117108 ], [ 28.7136945, 47.1171085 ], [ 28.7136954, 47.1171092 ], [ 28.7137639, 47.1171625 ], [ 28.7137647, 47.1171632 ], [ 28.7137654, 47.1171639 ], [ 28.713766, 47.1171647 ], [ 28.7137665, 47.1171656 ], [ 28.7137668, 47.1171664 ], [ 28.7137671, 47.1171673 ], [ 28.7137672, 47.1171682 ], [ 28.7137671, 47.1171691 ], [ 28.713767, 47.11717 ], [ 28.7137667, 47.1171708 ], [ 28.7137663, 47.1171717 ], [ 28.7137657, 47.1171725 ], [ 28.7137651, 47.1171733 ], [ 28.7137643, 47.117174 ], [ 28.7137635, 47.1171747 ], [ 28.7137625, 47.1171753 ], [ 28.7137615, 47.1171758 ], [ 28.7137604, 47.1171763 ], [ 28.7137592, 47.1171767 ], [ 28.713758, 47.117177 ], [ 28.7137567, 47.1171772 ], [ 28.7137554, 47.1171774 ], [ 28.7137541, 47.1171774 ], [ 28.7137528, 47.1171774 ], [ 28.7137515, 47.1171773 ], [ 28.7137503, 47.1171771 ], [ 28.713749, 47.1171768 ], [ 28.7137478, 47.1171764 ], [ 28.7137467, 47.1171759 ], [ 28.7137457, 47.1171754 ], [ 28.7137447, 47.1171748 ], [ 28.7137094, 47.1171508 ], [ 28.7137094, 47.1171508 ], [ 28.7137091, 47.1171506 ], [ 28.713709, 47.1171506 ], [ 28.7136706, 47.1171259 ] ], [ [ 28.7136002, 47.1171089 ], [ 28.7135994, 47.1171082 ], [ 28.7135987, 47.1171074 ], [ 28.7135981, 47.1171066 ], [ 28.7135977, 47.1171058 ], [ 28.7135974, 47.1171049 ], [ 28.7135972, 47.117104 ], [ 28.7135971, 47.1171031 ], [ 28.7135972, 47.1171022 ], [ 28.7135974, 47.1171014 ], [ 28.7135977, 47.1171005 ], [ 28.7135982, 47.1170997 ], [ 28.7135987, 47.1170989 ], [ 28.7135994, 47.1170981 ], [ 28.7136002, 47.1170974 ], [ 28.7136011, 47.1170967 ], [ 28.713602, 47.1170961 ], [ 28.7136131, 47.11709 ], [ 28.7136141, 47.1170895 ], [ 28.7136152, 47.1170891 ], [ 28.7136164, 47.1170887 ], [ 28.7136175, 47.1170884 ], [ 28.7136188, 47.1170882 ], [ 28.71362, 47.1170881 ], [ 28.7136213, 47.117088 ], [ 28.7136225, 47.1170881 ], [ 28.7136238, 47.1170882 ], [ 28.713625, 47.1170884 ], [ 28.7136262, 47.1170887 ], [ 28.7136273, 47.117089 ], [ 28.7136284, 47.1170894 ], [ 28.7136295, 47.1170899 ], [ 28.7136304, 47.1170905 ], [ 28.71364, 47.1170966 ], [ 28.7136409, 47.1170972 ], [ 28.7136417, 47.1170979 ], [ 28.7136424, 47.1170986 ], [ 28.7136429, 47.1170994 ], [ 28.7136434, 47.1171002 ], [ 28.7136438, 47.1171011 ], [ 28.713644, 47.1171019 ], [ 28.7136441, 47.1171028 ], [ 28.7136441, 47.1171037 ], [ 28.713644, 47.1171046 ], [ 28.7136437, 47.1171054 ], [ 28.7136433, 47.1171063 ], [ 28.7136428, 47.1171071 ], [ 28.7136422, 47.1171078 ], [ 28.7136415, 47.1171086 ], [ 28.7136406, 47.1171092 ], [ 28.7136397, 47.1171099 ], [ 28.7136279, 47.1171171 ], [ 28.7136268, 47.1171177 ], [ 28.7136257, 47.1171181 ], [ 28.7136245, 47.1171186 ], [ 28.7136233, 47.1171189 ], [ 28.713622, 47.1171191 ], [ 28.7136207, 47.1171193 ], [ 28.7136194, 47.1171194 ], [ 28.7136181, 47.1171193 ], [ 28.7136168, 47.1171192 ], [ 28.7136155, 47.117119 ], [ 28.7136142, 47.1171187 ], [ 28.713613, 47.1171184 ], [ 28.7136119, 47.1171179 ], [ 28.7136108, 47.1171174 ], [ 28.7136098, 47.1171168 ], [ 28.7136089, 47.1171161 ], [ 28.7136002, 47.1171089 ] ], [ [ 28.7136044, 47.1170656 ], [ 28.7136037, 47.1170649 ], [ 28.7136031, 47.1170641 ], [ 28.7136026, 47.1170633 ], [ 28.7136022, 47.1170624 ], [ 28.713602, 47.1170616 ], [ 28.7136019, 47.1170607 ], [ 28.7136019, 47.1170598 ], [ 28.713602, 47.1170589 ], [ 28.7136023, 47.1170581 ], [ 28.7136027, 47.1170572 ], [ 28.7136032, 47.1170564 ], [ 28.7136038, 47.1170556 ], [ 28.7136046, 47.1170549 ], [ 28.7136054, 47.1170542 ], [ 28.7136063, 47.1170536 ], [ 28.7136073, 47.1170531 ], [ 28.7136084, 47.1170526 ], [ 28.7136096, 47.1170522 ], [ 28.7136108, 47.1170518 ], [ 28.713612, 47.1170516 ], [ 28.7136133, 47.1170514 ], [ 28.7136146, 47.1170514 ], [ 28.7136159, 47.1170514 ], [ 28.7136172, 47.1170515 ], [ 28.7136184, 47.1170517 ], [ 28.7136197, 47.1170519 ], [ 28.7136209, 47.1170523 ], [ 28.713622, 47.1170527 ], [ 28.7136231, 47.1170532 ], [ 28.7136241, 47.1170538 ], [ 28.713625, 47.1170544 ], [ 28.713627, 47.117056 ], [ 28.7136278, 47.1170567 ], [ 28.7136285, 47.1170575 ], [ 28.7136291, 47.1170582 ], [ 28.7136296, 47.1170591 ], [ 28.71363, 47.1170599 ], [ 28.7136302, 47.1170608 ], [ 28.7136303, 47.1170617 ], [ 28.7136303, 47.1170625 ], [ 28.7136301, 47.1170634 ], [ 28.7136299, 47.1170643 ], [ 28.7136295, 47.1170651 ], [ 28.7136289, 47.1170659 ], [ 28.7136283, 47.1170667 ], [ 28.7136276, 47.1170674 ], [ 28.7136267, 47.1170681 ], [ 28.7136265, 47.1170683 ], [ 28.7136256, 47.1170689 ], [ 28.7136246, 47.1170694 ], [ 28.7136235, 47.1170699 ], [ 28.7136224, 47.1170703 ], [ 28.7136212, 47.1170706 ], [ 28.7136199, 47.1170709 ], [ 28.7136187, 47.117071 ], [ 28.7136174, 47.1170711 ], [ 28.7136161, 47.1170711 ], [ 28.7136148, 47.117071 ], [ 28.7136136, 47.1170708 ], [ 28.7136123, 47.1170705 ], [ 28.7136111, 47.1170702 ], [ 28.71361, 47.1170698 ], [ 28.713609, 47.1170693 ], [ 28.713608, 47.1170687 ], [ 28.7136071, 47.1170681 ], [ 28.7136063, 47.1170674 ], [ 28.7136044, 47.1170656 ] ] ] } },
{ "type": "Feature", "properties": { "vineyard_id": "V19", "n_rows": 19, "row_spacing_m": 2.6, "vine_spacing_m": 1.2, "area_m2": 1626.92 }, "geometry": { "type": "Polygon", "coordinates": [ [ [ 28.7125525, 47.1167587 ], [ 28.7125527, 47.1167588 ], [ 28.7125871, 47.1167883 ], [ 28.7125879, 47.116789 ], [ 28.7125885, 47.1167897 ], [ 28.712589, 47.1167905 ], [ 28.7125895, 47.1167913 ], [ 28.7125898, 47.1167921 ], [ 28.7125899, 47.116793 ], [ 28.71259, 47.1167938 ], [ 28.71259, 47.1167947 ], [ 28.7125898, 47.1167956 ], [ 28.7125895, 47.1167964 ], [ 28.7125891, 47.1167972 ], [ 28.7125886, 47.116798 ], [ 28.7125879, 47.1167987 ], [ 28.7125872, 47.1167994 ], [ 28.7125864, 47.1168001 ], [ 28.7125855, 47.1168007 ], [ 28.7125845, 47.1168012 ], [ 28.7125842, 47.1168014 ], [ 28.7125839, 47.1168015 ], [ 28.7125599, 47.1168208 ], [ 28.7125597, 47.1168209 ], [ 28.7125599, 47.1168211 ], [ 28.7125842, 47.1168352 ], [ 28.7125851, 47.1168358 ], [ 28.712586, 47.1168365 ], [ 28.7125867, 47.1168372 ], [ 28.7125874, 47.1168379 ], [ 28.7125879, 47.1168387 ], [ 28.7125883, 47.1168395 ], [ 28.7125886, 47.1168404 ], [ 28.7125888, 47.1168412 ], [ 28.7125889, 47.1168421 ], [ 28.7125888, 47.1168429 ], [ 28.7125886, 47.1168438 ], [ 28.7125883, 47.1168446 ], [ 28.7125879, 47.1168454 ], [ 28.7125874, 47.1168462 ], [ 28.7125867, 47.116847 ], [ 28.712586, 47.1168477 ], [ 28.7125851, 47.1168483 ], [ 28.7125842, 47.1168489 ], [ 28.7125762, 47.1168536 ], [ 28.712576, 47.1168537 ], [ 28.7125762, 47.1168539 ], [ 28.7126102, 47.1168811 ], [ 28.7126109, 47.1168818 ], [ 28.7126116, 47.1168825 ], [ 28.7126122, 47.1168833 ], [ 28.7126127, 47.1168841 ], [ 28.712613, 47.116885 ], [ 28.7126132, 47.1168858 ], [ 28.7126133, 47.1168867 ], [ 28.7126133, 47.1168876 ], [ 28.7126131, 47.1168884 ], [ 28.7126128, 47.1168893 ], [ 28.7126124, 47.1168901 ], [ 28.7126119, 47.1168909 ], [ 28.7126113, 47.1168917 ], [ 28.7126106, 47.1168924 ], [ 28.7126097, 47.1168931 ], [ 28.7126088, 47.1168937 ], [ 28.7125922, 47.1169036 ], [ 28.712592, 47.1169038 ], [ 28.7125922, 47.1169039 ], [ 28.7126264, 47.1169306 ], [ 28.7126272, 47.1169313 ], [ 28.7126279, 47.116932 ], [ 28.7126284, 47.1169328 ], [ 28.7126289, 47.1169336 ], [ 28.7126293, 47.1169344 ], [ 28.7126295, 47.1169353 ], [ 28.7126296, 47.1169362 ], [ 28.7126296, 47.116937 ], [ 28.7126295, 47.1169379 ], [ 28.7126292, 47.1169388 ], [ 28.7126289, 47.1169396 ], [ 28.7126284, 47.1169404 ], [ 28.7126278, 47.1169412 ], [ 28.7126271, 47.1169419 ], [ 28.7126262, 47.1169426 ], [ 28.7126253, 47.1169432 ], [ 28.7126107, 47.1169523 ], [ 28.7126104, 47.1169525 ], [ 28.7126103, 47.1169528 ], [ 28.7126097, 47.1169536 ], [ 28.712609, 47.1169544 ], [ 28.7126082, 47.1169551 ], [ 28.7126073, 47.1169558 ], [ 28.7126064, 47.1169564 ], [ 28.7126053, 47.1169569 ], [ 28.7126041, 47.1169574 ], [ 28.7126029, 47.1169577 ], [ 28.7126017, 47.116958 ], [ 28.7126004, 47.1169582 ], [ 28.7125991, 47.1169583 ], [ 28.712599, 47.1169583 ], [ 28.7125988, 47.1169585 ], [ 28.7125709, 47.1169751 ], [ 28.7125707, 47.1169753 ], [ 28.7125708, 47.1169754 ], [ 28.7126485, 47.1170362 ], [ 28.7126493, 47.1170369 ], [ 28.71265, 47.1170376 ], [ 28.7126506, 47.1170384 ], [ 28.7126511, 47.1170392 ], [ 28.7126514, 47.1170401 ], [ 28.7126516, 47.117041 ], [ 28.7126517, 47.1170419 ], [ 28.7126517, 47.1170428 ], [ 28.7126515, 47.1170436 ], [ 28.7126512, 47.1170445 ], [ 28.7126508, 47.1170454 ], [ 28.7126503, 47.1170462 ], [ 28.7126496, 47.1170469 ], [ 28.7126489, 47.1170477 ], [ 28.712648, 47.1170483 ], [ 28.712647, 47.117049 ], [ 28.712646, 47.1170495 ], [ 28.7126449, 47.11705 ], [ 28.7126437, 47.1170503 ], [ 28.7126432, 47.1170505 ], [ 28.712643, 47.1170506 ], [ 28.7126184, 47.1170696 ], [ 28.7126182, 47.1170697 ], [ 28.7126184, 47.1170699 ], [ 28.7126321, 47.1170782 ], [ 28.7126329, 47.1170787 ], [ 28.7127228, 47.1171431 ], [ 28.712723, 47.1171433 ], [ 28.7127232, 47.1171431 ], [ 28.712732, 47.1171374 ], [ 28.7127331, 47.1171368 ], [ 28.7127342, 47.1171363 ], [ 28.7127354, 47.1171358 ], [ 28.7127366, 47.1171355 ], [ 28.712738, 47.1171352 ], [ 28.7127393, 47.117135 ], [ 28.7127407, 47.1171349 ], [ 28.7127413, 47.1171349 ], [ 28.7127417, 47.1171349 ], [ 28.7127419, 47.1171348 ], [ 28.7127566, 47.1171269 ], [ 28.7127577, 47.1171264 ], [ 28.7127589, 47.1171259 ], [ 28.7127601, 47.1171256 ], [ 28.7127614, 47.1171253 ], [ 28.7127627, 47.1171251 ], [ 28.712764, 47.117125 ], [ 28.7127653, 47.117125 ], [ 28.7127667, 47.1171251 ], [ 28.712768, 47.1171253 ], [ 28.7127692, 47.1171255 ], [ 28.7127705, 47.1171259 ], [ 28.7127716, 47.1171263 ], [ 28.7127727, 47.1171268 ], [ 28.7127738, 47.1171274 ], [ 28.7127747, 47.1171281 ], [ 28.7128096, 47.1171552 ], [ 28.7128098, 47.1171553 ], [ 28.71281, 47.1171552 ], [ 28.7128379, 47.1171385 ], [ 28.7128381, 47.1171384 ], [ 28.7128379, 47.1171382 ], [ 28.712786, 47.1170978 ], [ 28.7127859, 47.1170978 ], [ 28.7127854, 47.1170974 ], [ 28.7127853, 47.1170973 ], [ 28.7127794, 47.1170932 ], [ 28.7127786, 47.1170925 ], [ 28.7127779, 47.1170918 ], [ 28.7127772, 47.1170911 ], [ 28.7127767, 47.1170903 ], [ 28.7127763, 47.1170895 ], [ 28.712776, 47.1170886 ], [ 28.7127758, 47.1170877 ], [ 28.7127758, 47.1170869 ], [ 28.7127758, 47.117086 ], [ 28.712776, 47.1170851 ], [ 28.7127763, 47.1170843 ], [ 28.7127768, 47.1170835 ], [ 28.7127773, 47.1170827 ], [ 28.712778, 47.117082 ], [ 28.7127787, 47.1170813 ], [ 28.7127796, 47.1170806 ], [ 28.7127805, 47.11708 ], [ 28.7127815, 47.1170795 ], [ 28.7127826, 47.117079 ], [ 28.7127838, 47.1170787 ], [ 28.712785, 47.1170784 ], [ 28.7127862, 47.1170781 ], [ 28.7127875, 47.117078 ], [ 28.7127887, 47.1170779 ], [ 28.71279, 47.117078 ], [ 28.7127913, 47.1170781 ], [ 28.7127925, 47.1170783 ], [ 28.7127937, 47.1170786 ], [ 28.7127949, 47.1170789 ], [ 28.712796, 47.1170793 ], [ 28.712797, 47.1170798 ], [ 28.712798, 47.1170804 ], [ 28.7128523, 47.1171156 ], [ 28.7128531, 47.1171161 ], [ 28.7129049, 47.1171555 ], [ 28.7129051, 47.1171556 ], [ 28.7129054, 47.1171555 ], [ 28.7129258, 47.1171429 ], [ 28.7129268, 47.1171424 ], [ 28.7129279, 47.1171419 ], [ 28.7129291, 47.1171414 ], [ 28.7129303, 47.1171411 ], [ 28.7129315, 47.1171409 ], [ 28.7129328, 47.1171407 ], [ 28.7129341, 47.1171406 ], [ 28.7129354, 47.1171406 ], [ 28.7129367, 47.1171407 ], [ 28.7129373, 47.1171408 ], [ 28.7129376, 47.1171408 ], [ 28.7129379, 47.1171407 ], [ 28.7129645, 47.1171231 ], [ 28.7129647, 47.1171229 ], [ 28.7129645, 47.1171228 ], [ 28.7129464, 47.11711 ], [ 28.7129463, 47.11711 ], [ 28.7129457, 47.1171096 ], [ 28.7129455, 47.1171095 ], [ 28.7128865, 47.1170722 ], [ 28.7128856, 47.1170716 ], [ 28.7128848, 47.1170709 ], [ 28.7128841, 47.1170702 ], [ 28.7128835, 47.1170694 ], [ 28.712883, 47.1170685 ], [ 28.7128826, 47.1170677 ], [ 28.7128824, 47.1170668 ], [ 28.7128823, 47.1170659 ], [ 28.7128823, 47.117065 ], [ 28.7128825, 47.1170641 ], [ 28.7128827, 47.1170633 ], [ 28.7128831, 47.1170624 ], [ 28.7128837, 47.1170616 ], [ 28.7128843, 47.1170608 ], [ 28.7128851, 47.1170601 ], [ 28.7128859, 47.1170594 ], [ 28.7128868, 47.1170588 ], [ 28.7128999, 47.1170511 ], [ 28.7129009, 47.1170506 ], [ 28.712902, 47.1170501 ], [ 28.7129031, 47.1170497 ], [ 28.7129043, 47.1170494 ], [ 28.7129056, 47.1170492 ], [ 28.7129068, 47.117049 ], [ 28.7129081, 47.117049 ], [ 28.7129094, 47.117049 ], [ 28.7129107, 47.1170491 ], [ 28.712912, 47.1170493 ], [ 28.7129132, 47.1170496 ], [ 28.7129144, 47.1170499 ], [ 28.7129155, 47.1170504 ], [ 28.7129166, 47.1170509 ], [ 28.7129176, 47.1170514 ], [ 28.7129185, 47.1170521 ], [ 28.7129826, 47.1171028 ], [ 28.7129828, 47.1171029 ], [ 28.712983, 47.1171028 ], [ 28.7130003, 47.1170926 ], [ 28.7130013, 47.1170921 ], [ 28.7130025, 47.1170916 ], [ 28.7130036, 47.1170912 ], [ 28.7130049, 47.1170909 ], [ 28.7130062, 47.1170907 ], [ 28.7130075, 47.1170905 ], [ 28.7130088, 47.1170905 ], [ 28.7130101, 47.1170905 ], [ 28.7130114, 47.1170906 ], [ 28.7130127, 47.1170908 ], [ 28.7130139, 47.1170911 ], [ 28.7130151, 47.1170915 ], [ 28.7130162, 47.117092 ], [ 28.7130173, 47.1170925 ], [ 28.7130183, 47.1170931 ], [ 28.7130188, 47.1170935 ], [ 28.7130191, 47.1170936 ], [ 28.7130193, 47.1170935 ], [ 28.7130456, 47.1170757 ], [ 28.7130458, 47.1170755 ], [ 28.7130456, 47.1170754 ], [ 28.7130273, 47.1170628 ], [ 28.7130271, 47.1170627 ], [ 28.7130263, 47.1170621 ], [ 28.7130261, 47.117062 ], [ 28.7130098, 47.1170524 ], [ 28.7130088, 47.1170518 ], [ 28.713008, 47.1170511 ], [ 28.7130073, 47.1170504 ], [ 28.7130066, 47.1170496 ], [ 28.7130061, 47.1170488 ], [ 28.7130057, 47.117048 ], [ 28.7130054, 47.1170472 ], [ 28.7130053, 47.1170463 ], [ 28.7130052, 47.1170454 ], [ 28.7130053, 47.1170446 ], [ 28.7130055, 47.1170437 ], [ 28.7130058, 47.1170429 ], [ 28.7130063, 47.117042 ], [ 28.7130068, 47.1170413 ], [ 28.7130075, 47.1170405 ], [ 28.7130083, 47.1170398 ], [ 28.7130091, 47.1170392 ], [ 28.7130101, 47.1170386 ], [ 28.7130111, 47.1170381 ], [ 28.7130122, 47.1170376 ], [ 28.7130126, 47.1170375 ], [ 28.7130129, 47.1170374 ], [ 28.7130132, 47.1170372 ], [ 28.7130296, 47.1170271 ], [ 28.7130306, 47.1170265 ], [ 28.7130317, 47.117026 ], [ 28.7130328, 47.1170256 ], [ 28.7130341, 47.1170252 ], [ 28.7130353, 47.117025 ], [ 28.7130366, 47.1170248 ], [ 28.713038, 47.1170247 ], [ 28.7130393, 47.1170247 ], [ 28.7130406, 47.1170248 ], [ 28.7130419, 47.117025 ], [ 28.7130432, 47.1170253 ], [ 28.7130444, 47.1170257 ], [ 28.7130455, 47.1170261 ], [ 28.7130466, 47.1170267 ], [ 28.7130476, 47.1170273 ], [ 28.7130485, 47.1170279 ], [ 28.7130571, 47.1170349 ], [ 28.7130579, 47.1170356 ], [ 28.7130586, 47.1170364 ], [ 28.7130592, 47.1170371 ], [ 28.7130596, 47.117038 ], [ 28.71306, 47.1170388 ], [ 28.7130602, 47.1170397 ], [ 28.7130603, 47.1170405 ], [ 28.7130602, 47.1170414 ], [ 28.7130601, 47.1170423 ], [ 28.7130598, 47.1170431 ], [ 28.7130594, 47.117044 ], [ 28.7130588, 47.1170448 ], [ 28.7130582, 47.1170455 ], [ 28.7130575, 47.1170462 ], [ 28.7130566, 47.1170469 ], [ 28.7130557, 47.1170475 ], [ 28.7130524, 47.1170495 ], [ 28.7130522, 47.1170496 ], [ 28.7130524, 47.1170498 ], [ 28.7130727, 47.1170658 ], [ 28.7130729, 47.1170659 ], [ 28.7130731, 47.1170658 ], [ 28.7130758, 47.1170642 ], [ 28.7130769, 47.1170636 ], [ 28.713078, 47.1170632 ], [ 28.7130791, 47.1170628 ], [ 28.7130803, 47.1170624 ], [ 28.7130816, 47.1170622 ], [ 28.7130829, 47.1170621 ], [ 28.7130842, 47.117062 ], [ 28.7130855, 47.117062 ], [ 28.7130868, 47.1170621 ], [ 28.7130881, 47.1170623 ], [ 28.7130893, 47.1170626 ], [ 28.7130905, 47.117063 ], [ 28.7130916, 47.1170634 ], [ 28.7130927, 47.1170639 ], [ 28.7130936, 47.1170645 ], [ 28.7130945, 47.1170652 ], [ 28.7131247, 47.1170896 ], [ 28.7131249, 47.1170898 ], [ 28.7131252, 47.1170896 ], [ 28.7131374, 47.1170826 ], [ 28.7131385, 47.1170821 ], [ 28.7131396, 47.1170816 ], [ 28.7131407, 47.1170812 ], [ 28.713142, 47.1170809 ], [ 28.7131432, 47.1170807 ], [ 28.7131445, 47.1170805 ], [ 28.7131458, 47.1170805 ], [ 28.7131471, 47.1170805 ], [ 28.7131484, 47.1170806 ], [ 28.7131497, 47.1170809 ], [ 28.7131509, 47.1170811 ], [ 28.7131521, 47.1170815 ], [ 28.7131532, 47.117082 ], [ 28.7131543, 47.1170825 ], [ 28.7131552, 47.1170831 ], [ 28.7131561, 47.1170838 ], [ 28.7131569, 47.1170845 ], [ 28.7131646, 47.1170923 ], [ 28.7131647, 47.1170925 ], [ 28.713165, 47.1170924 ], [ 28.7131958, 47.1170783 ], [ 28.7131961, 47.1170782 ], [ 28.7131961, 47.117078 ], [ 28.7131965, 47.1170772 ], [ 28.713197, 47.1170763 ], [ 28.7131977, 47.1170756 ], [ 28.7131984, 47.1170748 ], [ 28.7131993, 47.1170741 ], [ 28.7132002, 47.1170735 ], [ 28.7132156, 47.1170642 ], [ 28.7132166, 47.1170637 ], [ 28.7132177, 47.1170632 ], [ 28.7132189, 47.1170628 ], [ 28.7132201, 47.1170625 ], [ 28.7132213, 47.1170622 ], [ 28.7132226, 47.1170621 ], [ 28.7132239, 47.117062 ], [ 28.7132252, 47.117062 ], [ 28.7132265, 47.1170621 ], [ 28.7132278, 47.1170623 ], [ 28.713229, 47.1170626 ], [ 28.7132302, 47.117063 ], [ 28.7132313, 47.1170634 ], [ 28.7132324, 47.1170639 ], [ 28.7132334, 47.1170645 ], [ 28.7132343, 47.1170651 ], [ 28.7132489, 47.1170767 ], [ 28.7132491, 47.1170768 ], [ 28.7132493, 47.1170767 ], [ 28.7132774, 47.1170602 ], [ 28.7132776, 47.11706 ], [ 28.7132774, 47.1170599 ], [ 28.7131744, 47.1169783 ], [ 28.7131743, 47.1169783 ], [ 28.713055, 47.1168823 ], [ 28.7130549, 47.1168823 ], [ 28.712917, 47.1167734 ], [ 28.7129169, 47.1167734 ], [ 28.7127087, 47.1166065 ], [ 28.7127085, 47.1166064 ], [ 28.7127082, 47.1166065 ], [ 28.71268, 47.1166229 ], [ 28.7126798, 47.116623 ], [ 28.71268, 47.1166232 ], [ 28.7126942, 47.1166346 ], [ 28.712695, 47.1166353 ], [ 28.7126957, 47.116636 ], [ 28.7126963, 47.1166368 ], [ 28.7126967, 47.1166376 ], [ 28.7126971, 47.1166385 ], [ 28.7126973, 47.1166393 ], [ 28.7126974, 47.1166402 ], [ 28.7126973, 47.1166411 ], [ 28.7126972, 47.1166419 ], [ 28.7126969, 47.1166428 ], [ 28.7126965, 47.1166436 ], [ 28.712696, 47.1166444 ], [ 28.7126954, 47.1166452 ], [ 28.7126947, 47.1166459 ], [ 28.7126939, 47.1166466 ], [ 28.7126929, 47.1166472 ], [ 28.7126919, 47.1166477 ], [ 28.7126787, 47.1166543 ], [ 28.7126785, 47.1166544 ], [ 28.7126785, 47.1166545 ], [ 28.7126787, 47.1166554 ], [ 28.7126787, 47.1166562 ], [ 28.7126787, 47.1166571 ], [ 28.7126785, 47.1166579 ], [ 28.7126782, 47.1166588 ], [ 28.7126777, 47.1166596 ], [ 28.7126772, 47.1166604 ], [ 28.7126765, 47.1166611 ], [ 28.7126758, 47.1166618 ], [ 28.7126749, 47.1166625 ], [ 28.712674, 47.1166631 ], [ 28.712673, 47.1166636 ], [ 28.7126719, 47.116664 ], [ 28.7126707, 47.1166644 ], [ 28.7126696, 47.1166647 ], [ 28.7126683, 47.116665 ], [ 28.7126671, 47.1166651 ], [ 28.7126658, 47.1166652 ], [ 28.7126645, 47.1166651 ], [ 28.7126633, 47.116665 ], [ 28.712662, 47.1166648 ], [ 28.7126608, 47.1166646 ], [ 28.7126597, 47.1166642 ], [ 28.7126585, 47.1166638 ], [ 28.7126575, 47.1166633 ], [ 28.7126565, 47.1166627 ], [ 28.7126556, 47.1166621 ], [ 28.7126549, 47.1166614 ], [ 28.712651, 47.1166578 ], [ 28.7126509, 47.1166577 ], [ 28.7126504, 47.1166572 ], [ 28.7126503, 47.1166571 ], [ 28.7126393, 47.1166479 ], [ 28.7126391, 47.1166477 ], [ 28.7126389, 47.1166479 ], [ 28.7126101, 47.1166638 ], [ 28.7126099, 47.1166639 ], [ 28.71261, 47.1166641 ], [ 28.7126205, 47.1166729 ], [ 28.7126209, 47.1166733 ], [ 28.7126372, 47.1166887 ], [ 28.7126379, 47.1166895 ], [ 28.7126385, 47.1166902 ], [ 28.712639, 47.1166911 ], [ 28.7126393, 47.1166919 ], [ 28.7126396, 47.1166928 ], [ 28.7126397, 47.1166937 ], [ 28.7126397, 47.1166945 ], [ 28.7126395, 47.1166954 ], [ 28.7126393, 47.1166963 ], [ 28.7126389, 47.1166971 ], [ 28.7126384, 47.1166979 ], [ 28.7126377, 47.1166987 ], [ 28.712637, 47.1166994 ], [ 28.7126362, 47.1167001 ], [ 28.7126353, 47.1167007 ], [ 28.7126103, 47.1167158 ], [ 28.7126097, 47.1167161 ], [ 28.7125869, 47.1167286 ], [ 28.7125867, 47.1167287 ], [ 28.7125864, 47.116729 ], [ 28.7125864, 47.116729 ], [ 28.7125864, 47.1167291 ], [ 28.7125864, 47.1167291 ], [ 28.7125864, 47.1167291 ], [ 28.7125858, 47.1167297 ], [ 28.712585, 47.1167303 ], [ 28.7125842, 47.1167309 ], [ 28.7125833, 47.1167314 ], [ 28.7125633, 47.1167423 ], [ 28.712563, 47.1167424 ], [ 28.7125633, 47.1167427 ], [ 28.7125635, 47.1167429 ], [ 28.7125641, 47.1167437 ], [ 28.7125645, 47.1167446 ], [ 28.7125649, 47.1167455 ], [ 28.7125651, 47.1167464 ], [ 28.7125652, 47.1167473 ], [ 28.7125651, 47.1167482 ], [ 28.712565, 47.1167491 ], [ 28.7125646, 47.11675 ], [ 28.7125642, 47.1167508 ], [ 28.7125636, 47.1167517 ], [ 28.7125629, 47.1167524 ], [ 28.7125621, 47.1167532 ], [ 28.7125612, 47.1167538 ], [ 28.7125602, 47.1167544 ], [ 28.7125527, 47.1167585 ], [ 28.7125525, 47.1167587 ] ], [ [ 28.7128732, 47.1170638 ], [ 28.712874, 47.1170645 ], [ 28.7128747, 47.1170652 ], [ 28.7128753, 47.117066 ], [ 28.7128757, 47.1170668 ], [ 28.7128761, 47.1170676 ], [ 28.7128763, 47.1170685 ], [ 28.7128764, 47.1170694 ], [ 28.7128764, 47.1170702 ], [ 28.7128762, 47.1170711 ], [ 28.712876, 47.117072 ], [ 28.7128756, 47.1170728 ], [ 28.7128751, 47.1170736 ], [ 28.7128745, 47.1170744 ], [ 28.7128737, 47.1170751 ], [ 28.7128729, 47.1170758 ], [ 28.7128692, 47.1170785 ], [ 28.7128683, 47.1170791 ], [ 28.7128672, 47.1170797 ], [ 28.7128662, 47.1170802 ], [ 28.712865, 47.1170806 ], [ 28.7128638, 47.1170809 ], [ 28.7128625, 47.1170811 ], [ 28.7128612, 47.1170813 ], [ 28.71286, 47.1170814 ], [ 28.7128586, 47.1170814 ], [ 28.7128574, 47.1170813 ], [ 28.7128561, 47.1170811 ], [ 28.7128548, 47.1170808 ], [ 28.7128536, 47.1170804 ], [ 28.7128525, 47.11708 ], [ 28.7128514, 47.1170795 ], [ 28.7128504, 47.1170789 ], [ 28.7128218, 47.1170603 ], [ 28.7128216, 47.1170602 ], [ 28.7128078, 47.1170509 ], [ 28.712807, 47.1170503 ], [ 28.7128062, 47.1170496 ], [ 28.7128055, 47.1170488 ], [ 28.712805, 47.117048 ], [ 28.7128045, 47.1170472 ], [ 28.7128042, 47.1170464 ], [ 28.712804, 47.1170455 ], [ 28.7128039, 47.1170447 ], [ 28.712804, 47.1170438 ], [ 28.7128041, 47.1170429 ], [ 28.7128044, 47.1170421 ], [ 28.7128048, 47.1170412 ], [ 28.7128054, 47.1170405 ], [ 28.712806, 47.1170397 ], [ 28.7128067, 47.117039 ], [ 28.7128076, 47.1170383 ], [ 28.7128085, 47.1170377 ], [ 28.7128167, 47.1170329 ], [ 28.7128177, 47.1170323 ], [ 28.7128188, 47.1170319 ], [ 28.7128199, 47.1170315 ], [ 28.7128211, 47.1170311 ], [ 28.7128224, 47.1170309 ], [ 28.7128236, 47.1170308 ], [ 28.7128249, 47.1170307 ], [ 28.7128262, 47.1170307 ], [ 28.7128275, 47.1170308 ], [ 28.7128288, 47.117031 ], [ 28.71283, 47.1170313 ], [ 28.7128312, 47.1170316 ], [ 28.7128323, 47.1170321 ], [ 28.7128334, 47.1170326 ], [ 28.7128344, 47.1170332 ], [ 28.7128353, 47.1170338 ], [ 28.7128732, 47.1170638 ] ], [ [ 28.7127975, 47.1169564 ], [ 28.7127983, 47.1169571 ], [ 28.712799, 47.1169578 ], [ 28.7127995, 47.1169586 ], [ 28.7128, 47.1169594 ], [ 28.7128003, 47.1169603 ], [ 28.7128006, 47.1169612 ], [ 28.7128007, 47.116962 ], [ 28.7128006, 47.1169629 ], [ 28.7128005, 47.1169638 ], [ 28.7128002, 47.1169647 ], [ 28.7127998, 47.1169655 ], [ 28.7127993, 47.1169663 ], [ 28.7127986, 47.1169671 ], [ 28.7127979, 47.1169678 ], [ 28.712797, 47.1169685 ], [ 28.7127961, 47.1169691 ], [ 28.7127882, 47.1169737 ], [ 28.7127872, 47.1169743 ], [ 28.7127861, 47.1169747 ], [ 28.712785, 47.1169751 ], [ 28.7127838, 47.1169754 ], [ 28.7127825, 47.1169757 ], [ 28.7127813, 47.1169758 ], [ 28.71278, 47.1169759 ], [ 28.7127787, 47.1169759 ], [ 28.7127774, 47.1169758 ], [ 28.7127761, 47.1169756 ], [ 28.7127749, 47.1169753 ], [ 28.7127737, 47.1169749 ], [ 28.7127726, 47.1169745 ], [ 28.7127715, 47.116974 ], [ 28.7127706, 47.1169734 ], [ 28.7127697, 47.1169728 ], [ 28.712756, 47.1169621 ], [ 28.7127552, 47.1169614 ], [ 28.7127546, 47.1169606 ], [ 28.712754, 47.1169599 ], [ 28.7127535, 47.1169591 ], [ 28.7127532, 47.1169582 ], [ 28.7127529, 47.1169574 ], [ 28.7127528, 47.1169565 ], [ 28.7127528, 47.1169556 ], [ 28.712753, 47.1169548 ], [ 28.7127532, 47.1169539 ], [ 28.7127536, 47.1169531 ], [ 28.7127541, 47.1169523 ], [ 28.7127547, 47.1169515 ], [ 28.7127554, 47.1169508 ], [ 28.7127562, 47.1169501 ], [ 28.7127571, 47.1169495 ], [ 28.7127648, 47.1169447 ], [ 28.7127658, 47.1169441 ], [ 28.7127669, 47.1169436 ], [ 28.7127681, 47.1169432 ], [ 28.7127693, 47.1169429 ], [ 28.7127706, 47.1169426 ], [ 28.7127719, 47.1169424 ], [ 28.7127732, 47.1169424 ], [ 28.7127745, 47.1169424 ], [ 28.7127758, 47.1169425 ], [ 28.7127771, 47.1169427 ], [ 28.7127783, 47.1169429 ], [ 28.7127795, 47.1169433 ], [ 28.7127807, 47.1169437 ], [ 28.7127818, 47.1169442 ], [ 28.7127828, 47.1169448 ], [ 28.7127837, 47.1169455 ], [ 28.7127975, 47.1169564 ] ] ] } },
{ "type": "Feature", "properties": { "vineyard_id": "V20", "n_rows": 17, "row_spacing_m": 3.0, "vine_spacing_m": 1.58, "area_m2": 2362.22 }, "geometry": { "type": "MultiPolygon", "coordinates": [ [ [ [ 28.7158011, 47.1164155 ], [ 28.7158012, 47.1164156 ], [ 28.7158181, 47.1164294 ], [ 28.7158183, 47.1164296 ], [ 28.7158186, 47.1164295 ], [ 28.7158515, 47.1164107 ], [ 28.7158517, 47.1164106 ], [ 28.7158515, 47.1164104 ], [ 28.7158346, 47.1163966 ], [ 28.7158344, 47.1163964 ], [ 28.7158342, 47.1163966 ], [ 28.7158013, 47.1164153 ], [ 28.7158011, 47.1164155 ] ] ], [ [ [ 28.7148848, 47.1163552 ], [ 28.714885, 47.1163554 ], [ 28.7149713, 47.1164319 ], [ 28.7149713, 47.116432 ], [ 28.7149717, 47.1164323 ], [ 28.7149718, 47.1164323 ], [ 28.7152563, 47.1166683 ], [ 28.7152565, 47.1166684 ], [ 28.7152722, 47.1166821 ], [ 28.7152724, 47.1166823 ], [ 28.71535, 47.1167545 ], [ 28.7153502, 47.1167546 ], [ 28.7153505, 47.1167545 ], [ 28.715385, 47.1167372 ], [ 28.7153853, 47.1167371 ], [ 28.7153851, 47.1167369 ], [ 28.7153501, 47.1167043 ], [ 28.7153493, 47.1167036 ], [ 28.7153487, 47.1167028 ], [ 28.7153482, 47.1167019 ], [ 28.7153479, 47.1167011 ], [ 28.7153476, 47.1167002 ], [ 28.7153475, 47.1166993 ], [ 28.7153475, 47.1166984 ], [ 28.7153477, 47.1166975 ], [ 28.7153479, 47.1166967 ], [ 28.7153483, 47.1166958 ], [ 28.7153489, 47.116695 ], [ 28.7153495, 47.1166942 ], [ 28.7153503, 47.1166935 ], [ 28.7153511, 47.1166928 ], [ 28.7153521, 47.1166922 ], [ 28.7153531, 47.1166916 ], [ 28.7153542, 47.1166911 ], [ 28.7153554, 47.1166907 ], [ 28.7153566, 47.1166904 ], [ 28.7153579, 47.1166902 ], [ 28.7153591, 47.11669 ], [ 28.7153605, 47.11669 ], [ 28.7153618, 47.11669 ], [ 28.7153631, 47.1166901 ], [ 28.7153643, 47.1166903 ], [ 28.7153656, 47.1166906 ], [ 28.7153668, 47.116691 ], [ 28.7153679, 47.1166915 ], [ 28.715369, 47.116692 ], [ 28.7153699, 47.1166926 ], [ 28.7153708, 47.1166932 ], [ 28.7153962, 47.1167141 ], [ 28.7153964, 47.1167143 ], [ 28.7153967, 47.1167142 ], [ 28.7154237, 47.1166989 ], [ 28.7154249, 47.1166983 ], [ 28.7154261, 47.1166978 ], [ 28.7154274, 47.1166974 ], [ 28.7154287, 47.1166971 ], [ 28.7154293, 47.116697 ], [ 28.7154295, 47.1166969 ], [ 28.7154622, 47.116678 ], [ 28.7154625, 47.1166778 ], [ 28.7154625, 47.1166778 ], [ 28.715463, 47.116677 ], [ 28.7154635, 47.1166762 ], [ 28.7154642, 47.1166755 ], [ 28.715465, 47.1166748 ], [ 28.7154659, 47.1166742 ], [ 28.7154668, 47.1166736 ], [ 28.7154789, 47.1166671 ], [ 28.71548, 47.1166666 ], [ 28.7154812, 47.1166661 ], [ 28.7154824, 47.1166657 ], [ 28.7154837, 47.1166655 ], [ 28.715485, 47.1166653 ], [ 28.7154864, 47.1166652 ], [ 28.7154877, 47.1166652 ], [ 28.7154881, 47.1166652 ], [ 28.7154886, 47.1166652 ], [ 28.7154889, 47.1166651 ], [ 28.7155222, 47.1166467 ], [ 28.7155224, 47.1166465 ], [ 28.7155222, 47.1166464 ], [ 28.7155176, 47.1166424 ], [ 28.7155168, 47.1166417 ], [ 28.7155161, 47.116641 ], [ 28.7155156, 47.1166402 ], [ 28.7155152, 47.1166394 ], [ 28.7155149, 47.1166385 ], [ 28.7155147, 47.1166377 ], [ 28.7155146, 47.1166368 ], [ 28.7155147, 47.1166359 ], [ 28.7155149, 47.116635 ], [ 28.7155152, 47.1166342 ], [ 28.7155156, 47.1166334 ], [ 28.7155162, 47.1166326 ], [ 28.7155168, 47.1166318 ], [ 28.7155176, 47.1166311 ], [ 28.7155184, 47.1166305 ], [ 28.7155194, 47.1166299 ], [ 28.7155295, 47.1166241 ], [ 28.7155305, 47.1166236 ], [ 28.7155316, 47.1166232 ], [ 28.7155327, 47.1166228 ], [ 28.7155339, 47.1166225 ], [ 28.7155351, 47.1166223 ], [ 28.7155363, 47.1166221 ], [ 28.7155376, 47.1166221 ], [ 28.7155389, 47.1166221 ], [ 28.7155401, 47.1166222 ], [ 28.7155414, 47.1166224 ], [ 28.7155426, 47.1166226 ], [ 28.7155437, 47.116623 ], [ 28.7155448, 47.1166234 ], [ 28.7155459, 47.1166239 ], [ 28.7155468, 47.1166244 ], [ 28.7155477, 47.1166251 ], [ 28.7155641, 47.1166376 ], [ 28.7155644, 47.1166377 ], [ 28.7155646, 47.1166376 ], [ 28.7155965, 47.1166181 ], [ 28.7155968, 47.116618 ], [ 28.7155966, 47.1166178 ], [ 28.7154917, 47.1165377 ], [ 28.7154914, 47.1165375 ], [ 28.7154702, 47.1165204 ], [ 28.7154694, 47.1165197 ], [ 28.7154688, 47.1165189 ], [ 28.7154682, 47.1165181 ], [ 28.7154677, 47.1165173 ], [ 28.7154674, 47.1165164 ], [ 28.7154672, 47.1165155 ], [ 28.7154671, 47.1165146 ], [ 28.7154672, 47.1165137 ], [ 28.7154674, 47.1165128 ], [ 28.7154677, 47.116512 ], [ 28.7154681, 47.1165111 ], [ 28.7154687, 47.1165103 ], [ 28.7154693, 47.1165096 ], [ 28.7154701, 47.1165088 ], [ 28.715471, 47.1165082 ], [ 28.715472, 47.1165076 ], [ 28.7154798, 47.1165032 ], [ 28.7154808, 47.1165027 ], [ 28.7154819, 47.1165023 ], [ 28.7154831, 47.1165019 ], [ 28.7154843, 47.1165016 ], [ 28.7154856, 47.1165014 ], [ 28.7154869, 47.1165012 ], [ 28.7154881, 47.1165012 ], [ 28.7154894, 47.1165012 ], [ 28.7154907, 47.1165014 ], [ 28.715492, 47.1165016 ], [ 28.7154932, 47.1165019 ], [ 28.7154944, 47.1165023 ], [ 28.7154955, 47.1165027 ], [ 28.7154965, 47.1165033 ], [ 28.7154975, 47.1165039 ], [ 28.7154983, 47.1165045 ], [ 28.7155779, 47.1165715 ], [ 28.7155781, 47.1165717 ], [ 28.7155783, 47.1165715 ], [ 28.7156116, 47.1165531 ], [ 28.7156119, 47.116553 ], [ 28.7156117, 47.1165528 ], [ 28.7156029, 47.1165454 ], [ 28.7156021, 47.1165447 ], [ 28.7156015, 47.116544 ], [ 28.7156009, 47.1165432 ], [ 28.7156005, 47.1165423 ], [ 28.7156002, 47.1165415 ], [ 28.7156, 47.1165406 ], [ 28.7155999, 47.1165398 ], [ 28.7156, 47.1165389 ], [ 28.7156002, 47.116538 ], [ 28.7156005, 47.1165372 ], [ 28.7156009, 47.1165363 ], [ 28.7156015, 47.1165355 ], [ 28.7156021, 47.1165348 ], [ 28.7156029, 47.1165341 ], [ 28.7156037, 47.1165334 ], [ 28.7156047, 47.1165328 ], [ 28.7156256, 47.1165209 ], [ 28.7156258, 47.1165208 ], [ 28.7156256, 47.1165206 ], [ 28.7156137, 47.1165109 ], [ 28.715613, 47.1165102 ], [ 28.7156123, 47.1165095 ], [ 28.7156117, 47.1165087 ], [ 28.7156113, 47.1165079 ], [ 28.715611, 47.116507 ], [ 28.7156108, 47.1165062 ], [ 28.7156107, 47.1165053 ], [ 28.7156107, 47.1165044 ], [ 28.7156109, 47.1165036 ], [ 28.7156112, 47.1165027 ], [ 28.7156116, 47.1165019 ], [ 28.7156121, 47.1165011 ], [ 28.7156127, 47.1165003 ], [ 28.7156134, 47.1164996 ], [ 28.7156143, 47.116499 ], [ 28.7156152, 47.1164984 ], [ 28.7156249, 47.1164926 ], [ 28.715626, 47.116492 ], [ 28.7156271, 47.1164915 ], [ 28.7156282, 47.1164911 ], [ 28.7156294, 47.1164908 ], [ 28.7156307, 47.1164906 ], [ 28.715632, 47.1164904 ], [ 28.7156333, 47.1164904 ], [ 28.7156345, 47.1164904 ], [ 28.7156358, 47.1164905 ], [ 28.7156371, 47.1164907 ], [ 28.7156383, 47.116491 ], [ 28.7156395, 47.1164913 ], [ 28.7156407, 47.1164918 ], [ 28.7156417, 47.1164923 ], [ 28.7156427, 47.1164929 ], [ 28.7156436, 47.1164935 ], [ 28.715673, 47.1165169 ], [ 28.7156732, 47.116517 ], [ 28.7156735, 47.1165169 ], [ 28.715706, 47.1164978 ], [ 28.7157062, 47.1164977 ], [ 28.7157063, 47.1164975 ], [ 28.7157064, 47.116497 ], [ 28.7157067, 47.1164961 ], [ 28.7157072, 47.1164953 ], [ 28.7157078, 47.1164945 ], [ 28.7157085, 47.1164938 ], [ 28.7157093, 47.1164931 ], [ 28.7157102, 47.1164924 ], [ 28.7157112, 47.1164918 ], [ 28.7157123, 47.1164913 ], [ 28.7157134, 47.1164909 ], [ 28.7157146, 47.1164906 ], [ 28.7157159, 47.1164903 ], [ 28.7157172, 47.1164901 ], [ 28.7157185, 47.11649 ], [ 28.7157198, 47.11649 ], [ 28.7157202, 47.11649 ], [ 28.7157204, 47.1164899 ], [ 28.7157534, 47.1164712 ], [ 28.7157536, 47.116471 ], [ 28.7157539, 47.1164707 ], [ 28.7157546, 47.1164699 ], [ 28.7157554, 47.1164693 ], [ 28.7157563, 47.1164687 ], [ 28.7157573, 47.1164681 ], [ 28.7157583, 47.1164676 ], [ 28.7157594, 47.1164672 ], [ 28.7157606, 47.1164668 ], [ 28.7157618, 47.1164666 ], [ 28.7157622, 47.1164665 ], [ 28.7157625, 47.1164663 ], [ 28.7157949, 47.1164472 ], [ 28.7157952, 47.1164471 ], [ 28.715795, 47.1164469 ], [ 28.7157436, 47.1164063 ], [ 28.7157433, 47.1164061 ], [ 28.7157418, 47.1164051 ], [ 28.7157415, 47.1164049 ], [ 28.715703, 47.1163809 ], [ 28.7157025, 47.1163806 ], [ 28.7156852, 47.1163686 ], [ 28.7156847, 47.1163683 ], [ 28.715672, 47.1163584 ], [ 28.7156712, 47.1163577 ], [ 28.7156705, 47.116357 ], [ 28.7156699, 47.1163562 ], [ 28.7156694, 47.1163554 ], [ 28.715669, 47.1163545 ], [ 28.7156688, 47.1163537 ], [ 28.7156687, 47.1163528 ], [ 28.7156687, 47.1163519 ], [ 28.7156688, 47.116351 ], [ 28.7156691, 47.1163502 ], [ 28.7156695, 47.1163493 ], [ 28.71567, 47.1163485 ], [ 28.7156706, 47.1163477 ], [ 28.7156714, 47.116347 ], [ 28.7156722, 47.1163463 ], [ 28.7156731, 47.1163457 ], [ 28.7157016, 47.1163286 ], [ 28.7157018, 47.1163284 ], [ 28.7157016, 47.1163283 ], [ 28.715638, 47.116279 ], [ 28.7156378, 47.1162788 ], [ 28.7156375, 47.1162789 ], [ 28.7156054, 47.1162983 ], [ 28.7156051, 47.1162985 ], [ 28.7156043, 47.116299 ], [ 28.7156034, 47.1162996 ], [ 28.7156023, 47.1163001 ], [ 28.7156012, 47.1163006 ], [ 28.7156, 47.116301 ], [ 28.7155988, 47.1163012 ], [ 28.7155983, 47.1163013 ], [ 28.715598, 47.1163014 ], [ 28.7155977, 47.1163015 ], [ 28.7155762, 47.1163145 ], [ 28.7155752, 47.1163151 ], [ 28.7155741, 47.1163156 ], [ 28.7155729, 47.116316 ], [ 28.7155717, 47.1163163 ], [ 28.7155705, 47.1163166 ], [ 28.7155692, 47.1163167 ], [ 28.7155679, 47.1163168 ], [ 28.7155666, 47.1163168 ], [ 28.7155653, 47.1163167 ], [ 28.715564, 47.1163165 ], [ 28.7155628, 47.1163162 ], [ 28.7155616, 47.1163159 ], [ 28.7155605, 47.1163154 ], [ 28.7155594, 47.1163149 ], [ 28.7155584, 47.1163144 ], [ 28.7155575, 47.1163137 ], [ 28.7154963, 47.1162659 ], [ 28.7154961, 47.1162658 ], [ 28.7154113, 47.1161976 ], [ 28.715411, 47.1161974 ], [ 28.7153195, 47.1161191 ], [ 28.7153193, 47.1161189 ], [ 28.715319, 47.116119 ], [ 28.7152855, 47.1161373 ], [ 28.7152853, 47.1161374 ], [ 28.7152851, 47.1161377 ], [ 28.7152849, 47.116138 ], [ 28.7152843, 47.1161388 ], [ 28.7152835, 47.1161395 ], [ 28.7152827, 47.1161402 ], [ 28.7152817, 47.1161408 ], [ 28.7152807, 47.1161414 ], [ 28.7152796, 47.1161419 ], [ 28.7152784, 47.1161423 ], [ 28.7152772, 47.1161426 ], [ 28.715276, 47.1161428 ], [ 28.7152747, 47.116143 ], [ 28.7152734, 47.116143 ], [ 28.715272, 47.116143 ], [ 28.7152708, 47.1161429 ], [ 28.7152695, 47.1161427 ], [ 28.7152683, 47.1161424 ], [ 28.7152683, 47.1161424 ], [ 28.715268, 47.1161425 ], [ 28.715234, 47.1161603 ], [ 28.7152338, 47.1161605 ], [ 28.7152337, 47.1161605 ], [ 28.7152331, 47.1161613 ], [ 28.7152322, 47.1161621 ], [ 28.7152313, 47.1161628 ], [ 28.7152303, 47.1161634 ], [ 28.7152025, 47.1161788 ], [ 28.7152022, 47.1161789 ], [ 28.7152022, 47.1161789 ], [ 28.7152015, 47.1161796 ], [ 28.7152007, 47.1161803 ], [ 28.7151999, 47.1161809 ], [ 28.715199, 47.1161814 ], [ 28.7151734, 47.1161948 ], [ 28.7151731, 47.1161949 ], [ 28.7151731, 47.1161951 ], [ 28.7151726, 47.1161959 ], [ 28.7151721, 47.1161968 ], [ 28.7151714, 47.1161976 ], [ 28.7151706, 47.1161983 ], [ 28.7151696, 47.116199 ], [ 28.7151686, 47.1161996 ], [ 28.7151516, 47.1162089 ], [ 28.7151505, 47.1162094 ], [ 28.7151494, 47.1162098 ], [ 28.7151481, 47.1162102 ], [ 28.7151468, 47.1162105 ], [ 28.7151455, 47.1162107 ], [ 28.7151442, 47.1162108 ], [ 28.7151428, 47.1162108 ], [ 28.7151421, 47.1162108 ], [ 28.7151418, 47.1162107 ], [ 28.7151415, 47.1162109 ], [ 28.7151084, 47.1162294 ], [ 28.7151081, 47.1162295 ], [ 28.7151079, 47.1162299 ], [ 28.7151079, 47.1162299 ], [ 28.7151078, 47.11623 ], [ 28.7151071, 47.1162308 ], [ 28.7151063, 47.1162316 ], [ 28.7151054, 47.1162323 ], [ 28.7151044, 47.116233 ], [ 28.7150938, 47.116239 ], [ 28.7150928, 47.1162395 ], [ 28.7150917, 47.11624 ], [ 28.7150906, 47.1162404 ], [ 28.7150894, 47.1162407 ], [ 28.7150882, 47.1162409 ], [ 28.7150869, 47.116241 ], [ 28.7150856, 47.1162411 ], [ 28.7150844, 47.1162411 ], [ 28.7150831, 47.116241 ], [ 28.7150819, 47.1162408 ], [ 28.7150807, 47.1162405 ], [ 28.7150795, 47.1162402 ], [ 28.7150784, 47.1162397 ], [ 28.7150774, 47.1162393 ], [ 28.7150764, 47.1162387 ], [ 28.7150755, 47.1162381 ], [ 28.7150747, 47.1162374 ], [ 28.71505, 47.1162144 ], [ 28.7150498, 47.1162143 ], [ 28.7150496, 47.1162144 ], [ 28.715015, 47.1162317 ], [ 28.7150148, 47.1162318 ], [ 28.715015, 47.116232 ], [ 28.7150647, 47.1162783 ], [ 28.7150648, 47.1162784 ], [ 28.7150653, 47.1162788 ], [ 28.7150654, 47.1162789 ], [ 28.7150796, 47.116291 ], [ 28.7150803, 47.1162917 ], [ 28.715081, 47.1162925 ], [ 28.7150815, 47.1162933 ], [ 28.715082, 47.1162941 ], [ 28.7150823, 47.116295 ], [ 28.7150824, 47.1162959 ], [ 28.7150825, 47.1162968 ], [ 28.7150824, 47.1162977 ], [ 28.7150822, 47.1162985 ], [ 28.7150818, 47.1162994 ], [ 28.7150814, 47.1163002 ], [ 28.7150808, 47.116301 ], [ 28.7150801, 47.1163018 ], [ 28.7150793, 47.1163025 ], [ 28.7150784, 47.1163031 ], [ 28.7150774, 47.1163037 ], [ 28.7150769, 47.116304 ], [ 28.7150758, 47.1163045 ], [ 28.7150747, 47.1163049 ], [ 28.7150735, 47.1163053 ], [ 28.7150723, 47.1163055 ], [ 28.7150711, 47.1163057 ], [ 28.7150698, 47.1163058 ], [ 28.7150686, 47.1163059 ], [ 28.7150673, 47.1163058 ], [ 28.7150661, 47.1163057 ], [ 28.7150648, 47.1163055 ], [ 28.7150636, 47.1163052 ], [ 28.7150625, 47.1163048 ], [ 28.7150614, 47.1163043 ], [ 28.7150604, 47.1163038 ], [ 28.7150595, 47.1163032 ], [ 28.7150586, 47.1163026 ], [ 28.7150273, 47.1162766 ], [ 28.7150271, 47.1162764 ], [ 28.7150268, 47.1162766 ], [ 28.7149937, 47.1162951 ], [ 28.7149935, 47.1162953 ], [ 28.7149935, 47.1162955 ], [ 28.7149934, 47.1162958 ], [ 28.7149932, 47.1162967 ], [ 28.7149928, 47.1162975 ], [ 28.7149924, 47.1162982 ], [ 28.7149918, 47.116299 ], [ 28.7149912, 47.1162997 ], [ 28.7149904, 47.1163004 ], [ 28.7149896, 47.116301 ], [ 28.7149766, 47.1163097 ], [ 28.7149756, 47.1163103 ], [ 28.7149745, 47.1163109 ], [ 28.7149733, 47.1163113 ], [ 28.714972, 47.1163117 ], [ 28.7149707, 47.116312 ], [ 28.7149693, 47.1163122 ], [ 28.7149692, 47.1163122 ], [ 28.714969, 47.1163123 ], [ 28.714936, 47.116331 ], [ 28.7149357, 47.1163311 ], [ 28.7149355, 47.1163315 ], [ 28.7149355, 47.1163315 ], [ 28.7149355, 47.1163315 ], [ 28.714935, 47.1163324 ], [ 28.7149344, 47.1163332 ], [ 28.7149336, 47.1163339 ], [ 28.7149328, 47.1163346 ], [ 28.7149318, 47.1163352 ], [ 28.7149308, 47.1163358 ], [ 28.7149297, 47.1163363 ], [ 28.7149285, 47.1163367 ], [ 28.7149273, 47.116337 ], [ 28.714926, 47.1163373 ], [ 28.7149247, 47.1163375 ], [ 28.7149234, 47.1163375 ], [ 28.7149221, 47.1163375 ], [ 28.7149208, 47.1163374 ], [ 28.7149195, 47.1163372 ], [ 28.7149193, 47.1163371 ], [ 28.714919, 47.1163373 ], [ 28.7148851, 47.1163551 ], [ 28.7148848, 47.1163552 ] ] ] ] } },
{ "type": "Feature", "properties": { "vineyard_id": "V21", "n_rows": 32, "row_spacing_m": 2.6, "vine_spacing_m": 1.2, "area_m2": 3285.83 }, "geometry": { "type": "Polygon", "coordinates": [ [ [ 28.7133025, 47.1161284 ], [ 28.7133027, 47.1161286 ], [ 28.7133351, 47.1161559 ], [ 28.7133358, 47.1161566 ], [ 28.7133365, 47.1161573 ], [ 28.713337, 47.1161581 ], [ 28.7133375, 47.1161589 ], [ 28.7133378, 47.1161597 ], [ 28.713338, 47.1161606 ], [ 28.713338, 47.1161615 ], [ 28.713338, 47.1161623 ], [ 28.7133378, 47.1161632 ], [ 28.7133375, 47.116164 ], [ 28.7133371, 47.1161649 ], [ 28.7133366, 47.1161657 ], [ 28.7133359, 47.1161664 ], [ 28.7133352, 47.1161671 ], [ 28.7133344, 47.1161678 ], [ 28.7133334, 47.1161684 ], [ 28.713322, 47.1161751 ], [ 28.7133218, 47.1161752 ], [ 28.713322, 47.1161754 ], [ 28.7133821, 47.1162232 ], [ 28.7133823, 47.1162233 ], [ 28.7133825, 47.1162232 ], [ 28.7133915, 47.1162179 ], [ 28.7133925, 47.1162174 ], [ 28.7133937, 47.1162169 ], [ 28.7133948, 47.1162165 ], [ 28.7133961, 47.1162162 ], [ 28.7133973, 47.116216 ], [ 28.7133986, 47.1162158 ], [ 28.7134, 47.1162158 ], [ 28.7134013, 47.1162158 ], [ 28.7134026, 47.1162159 ], [ 28.7134039, 47.1162161 ], [ 28.7134051, 47.1162164 ], [ 28.7134063, 47.1162168 ], [ 28.7134074, 47.1162173 ], [ 28.7134085, 47.1162178 ], [ 28.7134094, 47.1162184 ], [ 28.7134103, 47.1162191 ], [ 28.7134251, 47.1162315 ], [ 28.7134251, 47.1162315 ], [ 28.7134254, 47.1162317 ], [ 28.7134254, 47.1162318 ], [ 28.7134765, 47.1162726 ], [ 28.7134767, 47.1162728 ], [ 28.713507, 47.1162981 ], [ 28.7135078, 47.1162988 ], [ 28.7135084, 47.1162996 ], [ 28.713509, 47.1163004 ], [ 28.7135094, 47.1163012 ], [ 28.7135097, 47.116302 ], [ 28.7135099, 47.1163029 ], [ 28.71351, 47.1163037 ], [ 28.71351, 47.1163046 ], [ 28.7135098, 47.1163054 ], [ 28.7135095, 47.1163063 ], [ 28.7135091, 47.1163071 ], [ 28.7135086, 47.1163079 ], [ 28.713508, 47.1163086 ], [ 28.7135072, 47.1163093 ], [ 28.7135064, 47.11631 ], [ 28.7135055, 47.1163106 ], [ 28.7134872, 47.1163215 ], [ 28.713487, 47.1163217 ], [ 28.7134872, 47.1163219 ], [ 28.7135169, 47.116345 ], [ 28.7135177, 47.1163457 ], [ 28.7135184, 47.1163464 ], [ 28.713519, 47.1163472 ], [ 28.7135195, 47.116348 ], [ 28.7135198, 47.1163488 ], [ 28.7135201, 47.1163497 ], [ 28.7135202, 47.1163506 ], [ 28.7135202, 47.1163514 ], [ 28.71352, 47.1163523 ], [ 28.7135198, 47.1163531 ], [ 28.7135194, 47.116354 ], [ 28.713519, 47.1163548 ], [ 28.7135184, 47.1163555 ], [ 28.7135177, 47.1163563 ], [ 28.7135169, 47.1163569 ], [ 28.713516, 47.1163575 ], [ 28.713515, 47.1163581 ], [ 28.713514, 47.1163586 ], [ 28.7135129, 47.116359 ], [ 28.7135117, 47.1163594 ], [ 28.7135105, 47.1163596 ], [ 28.7135093, 47.1163598 ], [ 28.7135088, 47.1163599 ], [ 28.7135085, 47.11636 ], [ 28.7134971, 47.1163667 ], [ 28.7134961, 47.1163673 ], [ 28.713495, 47.1163678 ], [ 28.7134938, 47.1163682 ], [ 28.7134926, 47.1163685 ], [ 28.7134914, 47.1163687 ], [ 28.7134901, 47.1163689 ], [ 28.7134888, 47.1163689 ], [ 28.7134875, 47.1163689 ], [ 28.7134862, 47.1163688 ], [ 28.7134849, 47.1163686 ], [ 28.7134837, 47.1163683 ], [ 28.7134825, 47.1163679 ], [ 28.7134814, 47.1163675 ], [ 28.7134803, 47.116367 ], [ 28.7134793, 47.1163664 ], [ 28.7134784, 47.1163657 ], [ 28.7134499, 47.1163427 ], [ 28.7134497, 47.1163426 ], [ 28.7134494, 47.1163427 ], [ 28.7134212, 47.1163591 ], [ 28.7134209, 47.1163592 ], [ 28.7134211, 47.1163594 ], [ 28.7134628, 47.1163929 ], [ 28.7134634, 47.1163934 ], [ 28.7134811, 47.1164099 ], [ 28.7134818, 47.1164106 ], [ 28.7134824, 47.1164114 ], [ 28.7134829, 47.1164123 ], [ 28.7134832, 47.1164131 ], [ 28.7134835, 47.116414 ], [ 28.7134836, 47.1164149 ], [ 28.7134836, 47.1164158 ], [ 28.7134834, 47.1164167 ], [ 28.7134832, 47.1164175 ], [ 28.7134828, 47.1164184 ], [ 28.7134822, 47.1164192 ], [ 28.7134816, 47.11642 ], [ 28.7134809, 47.1164207 ], [ 28.71348, 47.1164214 ], [ 28.7134791, 47.116422 ], [ 28.7134688, 47.1164281 ], [ 28.7134685, 47.1164283 ], [ 28.7134687, 47.1164284 ], [ 28.7134946, 47.1164487 ], [ 28.7134954, 47.1164494 ], [ 28.7134961, 47.1164502 ], [ 28.7134967, 47.116451 ], [ 28.7134972, 47.1164518 ], [ 28.7134975, 47.1164527 ], [ 28.7134977, 47.1164536 ], [ 28.7134978, 47.1164545 ], [ 28.7134978, 47.1164554 ], [ 28.7134976, 47.1164563 ], [ 28.7134973, 47.1164572 ], [ 28.7134968, 47.1164581 ], [ 28.7134962, 47.1164589 ], [ 28.7134956, 47.1164597 ], [ 28.7134948, 47.1164604 ], [ 28.7134939, 47.116461 ], [ 28.7134832, 47.1164681 ], [ 28.713483, 47.1164683 ], [ 28.7134832, 47.1164685 ], [ 28.7135096, 47.1164868 ], [ 28.7135098, 47.116487 ], [ 28.71351, 47.1164868 ], [ 28.7135179, 47.1164815 ], [ 28.7135189, 47.116481 ], [ 28.7135199, 47.1164805 ], [ 28.713521, 47.11648 ], [ 28.7135221, 47.1164796 ], [ 28.7135233, 47.1164794 ], [ 28.7135245, 47.1164791 ], [ 28.7135258, 47.116479 ], [ 28.713527, 47.116479 ], [ 28.7135283, 47.116479 ], [ 28.7135296, 47.1164791 ], [ 28.7135308, 47.1164793 ], [ 28.713532, 47.1164796 ], [ 28.7135331, 47.1164799 ], [ 28.7135342, 47.1164804 ], [ 28.7135353, 47.1164809 ], [ 28.7135362, 47.1164814 ], [ 28.7135371, 47.1164821 ], [ 28.7135501, 47.1164922 ], [ 28.7135503, 47.1164924 ], [ 28.7135505, 47.1164923 ], [ 28.7135785, 47.1164757 ], [ 28.7135787, 47.1164755 ], [ 28.7135789, 47.1164752 ], [ 28.713579, 47.116475 ], [ 28.7135794, 47.1164741 ], [ 28.71358, 47.1164733 ], [ 28.7135807, 47.1164726 ], [ 28.7135815, 47.1164719 ], [ 28.7135824, 47.1164712 ], [ 28.7135834, 47.1164706 ], [ 28.7135845, 47.1164701 ], [ 28.7135857, 47.1164697 ], [ 28.7135869, 47.1164693 ], [ 28.7135881, 47.1164691 ], [ 28.7135894, 47.1164689 ], [ 28.7135907, 47.1164688 ], [ 28.713592, 47.1164688 ], [ 28.7135933, 47.1164688 ], [ 28.7135946, 47.116469 ], [ 28.7135959, 47.1164693 ], [ 28.7135971, 47.1164696 ], [ 28.7135983, 47.11647 ], [ 28.7135993, 47.1164705 ], [ 28.7136004, 47.1164711 ], [ 28.7136013, 47.1164717 ], [ 28.7137027, 47.1165488 ], [ 28.7137028, 47.1165489 ], [ 28.7137894, 47.1166163 ], [ 28.7137896, 47.1166164 ], [ 28.7137899, 47.1166163 ], [ 28.7138131, 47.1166024 ], [ 28.7138132, 47.1166023 ], [ 28.7138235, 47.1165963 ], [ 28.7138245, 47.1165958 ], [ 28.7138255, 47.1165953 ], [ 28.7138266, 47.1165949 ], [ 28.7138278, 47.1165946 ], [ 28.713829, 47.1165944 ], [ 28.7138303, 47.1165942 ], [ 28.7138315, 47.1165942 ], [ 28.7138328, 47.1165942 ], [ 28.713834, 47.1165943 ], [ 28.7138353, 47.1165944 ], [ 28.7138365, 47.1165947 ], [ 28.7138376, 47.116595 ], [ 28.7138387, 47.1165954 ], [ 28.7138398, 47.1165959 ], [ 28.7138408, 47.1165964 ], [ 28.7138417, 47.116597 ], [ 28.7138425, 47.1165977 ], [ 28.7138849, 47.1166355 ], [ 28.7138851, 47.1166356 ], [ 28.7138854, 47.1166355 ], [ 28.7138986, 47.1166286 ], [ 28.7138997, 47.1166281 ], [ 28.7139008, 47.1166276 ], [ 28.713902, 47.1166273 ], [ 28.7139032, 47.116627 ], [ 28.7139045, 47.1166268 ], [ 28.7139057, 47.1166267 ], [ 28.713907, 47.1166267 ], [ 28.7139083, 47.1166268 ], [ 28.7139096, 47.1166269 ], [ 28.7139108, 47.1166272 ], [ 28.713912, 47.1166275 ], [ 28.7139131, 47.1166279 ], [ 28.7139142, 47.1166283 ], [ 28.7139152, 47.1166289 ], [ 28.7139162, 47.1166295 ], [ 28.713917, 47.1166301 ], [ 28.7139172, 47.1166303 ], [ 28.7139174, 47.1166305 ], [ 28.7139177, 47.1166303 ], [ 28.7139468, 47.1166147 ], [ 28.713947, 47.1166145 ], [ 28.7139472, 47.1166143 ], [ 28.7139475, 47.116614 ], [ 28.7139482, 47.1166132 ], [ 28.7139491, 47.1166126 ], [ 28.71395, 47.116612 ], [ 28.7139511, 47.1166114 ], [ 28.7139522, 47.1166109 ], [ 28.7139533, 47.1166105 ], [ 28.7139545, 47.1166102 ], [ 28.7139558, 47.11661 ], [ 28.7139571, 47.1166098 ], [ 28.7139584, 47.1166098 ], [ 28.7139597, 47.1166098 ], [ 28.713961, 47.1166099 ], [ 28.7139622, 47.1166101 ], [ 28.7139635, 47.1166104 ], [ 28.7139647, 47.1166107 ], [ 28.7139658, 47.1166112 ], [ 28.7139669, 47.1166117 ], [ 28.7139678, 47.1166123 ], [ 28.7139687, 47.1166129 ], [ 28.7139892, 47.1166295 ], [ 28.7139894, 47.1166296 ], [ 28.7139896, 47.1166295 ], [ 28.7140101, 47.1166176 ], [ 28.7140112, 47.1166171 ], [ 28.7140123, 47.1166166 ], [ 28.7140135, 47.1166162 ], [ 28.7140148, 47.1166159 ], [ 28.714016, 47.1166157 ], [ 28.7140174, 47.1166156 ], [ 28.7140187, 47.1166155 ], [ 28.71402, 47.1166156 ], [ 28.7140213, 47.1166157 ], [ 28.7140226, 47.1166159 ], [ 28.7140238, 47.1166162 ], [ 28.714025, 47.1166166 ], [ 28.7140262, 47.1166171 ], [ 28.7140272, 47.1166177 ], [ 28.7140282, 47.1166183 ], [ 28.714058, 47.1166396 ], [ 28.7140588, 47.1166402 ], [ 28.7140596, 47.1166409 ], [ 28.7140602, 47.1166417 ], [ 28.7140607, 47.1166425 ], [ 28.7140611, 47.1166433 ], [ 28.7140614, 47.1166442 ], [ 28.7140616, 47.116645 ], [ 28.7140616, 47.1166459 ], [ 28.7140615, 47.1166468 ], [ 28.7140613, 47.1166477 ], [ 28.714061, 47.1166485 ], [ 28.7140606, 47.1166493 ], [ 28.71406, 47.1166501 ], [ 28.7140593, 47.1166509 ], [ 28.7140586, 47.1166515 ], [ 28.7140577, 47.1166522 ], [ 28.7140567, 47.1166528 ], [ 28.7140557, 47.1166533 ], [ 28.7140546, 47.1166537 ], [ 28.7140534, 47.1166541 ], [ 28.7140522, 47.1166544 ], [ 28.714051, 47.1166546 ], [ 28.7140497, 47.1166547 ], [ 28.7140484, 47.1166548 ], [ 28.7140478, 47.1166548 ], [ 28.7140475, 47.1166549 ], [ 28.7140179, 47.1166701 ], [ 28.7140177, 47.1166702 ], [ 28.7140179, 47.1166704 ], [ 28.7140588, 47.1167075 ], [ 28.714059, 47.1167077 ], [ 28.7140592, 47.1167076 ], [ 28.7140888, 47.1166924 ], [ 28.7140891, 47.1166922 ], [ 28.7140892, 47.1166921 ], [ 28.7140896, 47.1166916 ], [ 28.7140904, 47.1166909 ], [ 28.7140913, 47.1166902 ], [ 28.7140922, 47.1166896 ], [ 28.714116, 47.1166761 ], [ 28.7141163, 47.1166759 ], [ 28.7141161, 47.1166758 ], [ 28.7140875, 47.1166524 ], [ 28.7140867, 47.1166517 ], [ 28.7140861, 47.1166509 ], [ 28.7140855, 47.1166501 ], [ 28.714085, 47.1166492 ], [ 28.7140847, 47.1166484 ], [ 28.7140845, 47.1166475 ], [ 28.7140845, 47.1166466 ], [ 28.7140846, 47.1166457 ], [ 28.7140848, 47.1166448 ], [ 28.7140851, 47.1166439 ], [ 28.7140856, 47.1166431 ], [ 28.7140861, 47.1166423 ], [ 28.7140868, 47.1166415 ], [ 28.7140876, 47.1166408 ], [ 28.7140885, 47.1166401 ], [ 28.7140887, 47.11664 ], [ 28.7140897, 47.1166394 ], [ 28.7140907, 47.1166389 ], [ 28.7140918, 47.1166385 ], [ 28.7140929, 47.1166382 ], [ 28.7140941, 47.1166379 ], [ 28.7140953, 47.1166377 ], [ 28.7140966, 47.1166375 ], [ 28.7140978, 47.1166375 ], [ 28.7140991, 47.1166375 ], [ 28.7141003, 47.1166377 ], [ 28.7141016, 47.1166379 ], [ 28.7141027, 47.1166382 ], [ 28.7141039, 47.1166385 ], [ 28.714105, 47.1166389 ], [ 28.714106, 47.1166394 ], [ 28.714107, 47.11664 ], [ 28.7141078, 47.1166406 ], [ 28.7141366, 47.1166633 ], [ 28.7141368, 47.1166635 ], [ 28.714137, 47.1166634 ], [ 28.7141651, 47.1166468 ], [ 28.7141653, 47.1166467 ], [ 28.7141651, 47.1166465 ], [ 28.7141538, 47.1166376 ], [ 28.714153, 47.1166369 ], [ 28.7141523, 47.1166362 ], [ 28.7141517, 47.1166354 ], [ 28.7141513, 47.1166346 ], [ 28.7141509, 47.1166337 ], [ 28.7141507, 47.1166328 ], [ 28.7141506, 47.116632 ], [ 28.7141506, 47.1166311 ], [ 28.7141508, 47.1166302 ], [ 28.7141511, 47.1166293 ], [ 28.7141515, 47.1166285 ], [ 28.714152, 47.1166277 ], [ 28.7141526, 47.1166269 ], [ 28.7141533, 47.1166262 ], [ 28.7141542, 47.1166255 ], [ 28.7141551, 47.1166249 ], [ 28.7141561, 47.1166244 ], [ 28.7141572, 47.1166239 ], [ 28.7141584, 47.1166235 ], [ 28.7141596, 47.1166232 ], [ 28.7141608, 47.1166229 ], [ 28.7141621, 47.1166228 ], [ 28.7141629, 47.1166227 ], [ 28.7141631, 47.1166227 ], [ 28.7141633, 47.1166226 ], [ 28.71419, 47.116605 ], [ 28.7141902, 47.1166049 ], [ 28.71419, 47.1166047 ], [ 28.7141753, 47.1165943 ], [ 28.7141751, 47.1165942 ], [ 28.7141748, 47.1165943 ], [ 28.7141482, 47.1166119 ], [ 28.714148, 47.1166121 ], [ 28.7141478, 47.1166124 ], [ 28.7141478, 47.1166125 ], [ 28.7141472, 47.1166133 ], [ 28.7141466, 47.1166141 ], [ 28.7141459, 47.1166148 ], [ 28.714145, 47.1166155 ], [ 28.7141441, 47.1166161 ], [ 28.7141431, 47.1166166 ], [ 28.714142, 47.1166171 ], [ 28.7141408, 47.1166175 ], [ 28.7141396, 47.1166178 ], [ 28.7141384, 47.1166181 ], [ 28.7141371, 47.1166182 ], [ 28.7141358, 47.1166183 ], [ 28.7141345, 47.1166183 ], [ 28.7141332, 47.1166182 ], [ 28.7141319, 47.116618 ], [ 28.7141307, 47.1166177 ], [ 28.7141295, 47.1166174 ], [ 28.7141284, 47.1166169 ], [ 28.7141273, 47.1166164 ], [ 28.7141263, 47.1166158 ], [ 28.7141254, 47.1166152 ], [ 28.7140933, 47.1165898 ], [ 28.7140925, 47.1165891 ], [ 28.7140919, 47.1165884 ], [ 28.7140913, 47.1165876 ], [ 28.7140908, 47.1165868 ], [ 28.7140905, 47.116586 ], [ 28.7140902, 47.1165851 ], [ 28.7140901, 47.1165842 ], [ 28.7140902, 47.1165833 ], [ 28.7140903, 47.1165825 ], [ 28.7140906, 47.1165816 ], [ 28.714091, 47.1165808 ], [ 28.7140915, 47.11658 ], [ 28.7140921, 47.1165792 ], [ 28.7140929, 47.1165785 ], [ 28.7140937, 47.1165778 ], [ 28.7140946, 47.1165772 ], [ 28.7141054, 47.1165708 ], [ 28.7141066, 47.1165702 ], [ 28.7141078, 47.1165696 ], [ 28.7141084, 47.1165694 ], [ 28.7141087, 47.1165693 ], [ 28.7141361, 47.1165523 ], [ 28.7141364, 47.1165521 ], [ 28.7141364, 47.1165521 ], [ 28.7141363, 47.1165513 ], [ 28.7141364, 47.1165505 ], [ 28.7141365, 47.1165496 ], [ 28.7141368, 47.1165488 ], [ 28.7141373, 47.116548 ], [ 28.7141378, 47.1165472 ], [ 28.7141384, 47.1165464 ], [ 28.7141392, 47.1165457 ], [ 28.71414, 47.1165451 ], [ 28.7141409, 47.1165445 ], [ 28.7141428, 47.1165434 ], [ 28.7141438, 47.1165428 ], [ 28.714145, 47.1165424 ], [ 28.7141462, 47.116542 ], [ 28.7141475, 47.1165416 ], [ 28.7141488, 47.1165414 ], [ 28.7141501, 47.1165413 ], [ 28.7141514, 47.1165413 ], [ 28.7141528, 47.1165413 ], [ 28.7141541, 47.1165415 ], [ 28.7141546, 47.1165415 ], [ 28.714155, 47.1165416 ], [ 28.7141552, 47.1165415 ], [ 28.7141783, 47.1165277 ], [ 28.7141791, 47.1165273 ], [ 28.7141795, 47.1165271 ], [ 28.7141799, 47.1165269 ], [ 28.7142078, 47.1165103 ], [ 28.7142081, 47.1165102 ], [ 28.714208, 47.11651 ], [ 28.7142078, 47.1165095 ], [ 28.7142075, 47.1165087 ], [ 28.7142073, 47.1165078 ], [ 28.7142073, 47.116507 ], [ 28.7142073, 47.1165061 ], [ 28.7142075, 47.1165053 ], [ 28.7142078, 47.1165045 ], [ 28.7142082, 47.1165037 ], [ 28.7142088, 47.1165029 ], [ 28.7142094, 47.1165022 ], [ 28.7142101, 47.1165015 ], [ 28.7142109, 47.1165008 ], [ 28.7142118, 47.1165002 ], [ 28.7142286, 47.1164904 ], [ 28.7142288, 47.1164903 ], [ 28.7142288, 47.1164901 ], [ 28.7142286, 47.1164896 ], [ 28.7142285, 47.1164888 ], [ 28.7142285, 47.1164879 ], [ 28.7142285, 47.116487 ], [ 28.7142288, 47.1164862 ], [ 28.7142291, 47.1164853 ], [ 28.7142295, 47.1164845 ], [ 28.7142301, 47.1164837 ], [ 28.7142308, 47.116483 ], [ 28.7142316, 47.1164823 ], [ 28.7142324, 47.1164817 ], [ 28.7142334, 47.1164811 ], [ 28.7142344, 47.1164806 ], [ 28.7142527, 47.1164724 ], [ 28.714253, 47.1164723 ], [ 28.7142528, 47.1164721 ], [ 28.7142239, 47.1164419 ], [ 28.7142238, 47.1164418 ], [ 28.7142233, 47.1164413 ], [ 28.7142231, 47.1164412 ], [ 28.7142074, 47.1164268 ], [ 28.7142073, 47.1164267 ], [ 28.7142068, 47.1164263 ], [ 28.7142067, 47.1164262 ], [ 28.7141394, 47.1163709 ], [ 28.7141393, 47.1163709 ], [ 28.7141391, 47.1163707 ], [ 28.7141391, 47.1163707 ], [ 28.7140874, 47.11633 ], [ 28.7140871, 47.1163298 ], [ 28.7140857, 47.1163288 ], [ 28.7140854, 47.1163286 ], [ 28.714049, 47.1163065 ], [ 28.7140481, 47.1163058 ], [ 28.7140473, 47.1163051 ], [ 28.7140465, 47.1163044 ], [ 28.7140459, 47.1163036 ], [ 28.7140454, 47.1163028 ], [ 28.714045, 47.1163019 ], [ 28.7140448, 47.116301 ], [ 28.7140446, 47.1163001 ], [ 28.7140446, 47.1162992 ], [ 28.7140448, 47.1162983 ], [ 28.7140451, 47.1162975 ], [ 28.7140455, 47.1162966 ], [ 28.714046, 47.1162958 ], [ 28.7140466, 47.116295 ], [ 28.7140474, 47.1162943 ], [ 28.7140482, 47.1162936 ], [ 28.7140492, 47.116293 ], [ 28.7140552, 47.1162894 ], [ 28.7140558, 47.116289 ], [ 28.7140568, 47.1162884 ], [ 28.7140578, 47.1162879 ], [ 28.7140589, 47.1162875 ], [ 28.7140601, 47.1162871 ], [ 28.7140613, 47.1162868 ], [ 28.7140625, 47.1162866 ], [ 28.7140638, 47.1162865 ], [ 28.7140651, 47.1162865 ], [ 28.7140663, 47.1162865 ], [ 28.7140676, 47.1162867 ], [ 28.7140688, 47.1162869 ], [ 28.71407, 47.1162872 ], [ 28.7140712, 47.1162876 ], [ 28.7140723, 47.116288 ], [ 28.7140733, 47.1162885 ], [ 28.7140742, 47.1162891 ], [ 28.7140751, 47.1162898 ], [ 28.7140776, 47.1162918 ], [ 28.7140778, 47.116292 ], [ 28.7141633, 47.1163604 ], [ 28.7141634, 47.1163605 ], [ 28.7141637, 47.1163607 ], [ 28.7141638, 47.1163607 ], [ 28.7142874, 47.1164539 ], [ 28.7142876, 47.1164541 ], [ 28.7142879, 47.116454 ], [ 28.7143153, 47.116437 ], [ 28.7143156, 47.1164368 ], [ 28.7143154, 47.1164367 ], [ 28.7142485, 47.1163863 ], [ 28.7142477, 47.1163856 ], [ 28.714247, 47.1163849 ], [ 28.7142464, 47.1163841 ], [ 28.7142459, 47.1163833 ], [ 28.7142455, 47.1163824 ], [ 28.7142452, 47.1163815 ], [ 28.7142451, 47.1163807 ], [ 28.7142451, 47.1163798 ], [ 28.7142453, 47.1163789 ], [ 28.7142455, 47.116378 ], [ 28.7142459, 47.1163772 ], [ 28.7142464, 47.1163764 ], [ 28.714247, 47.1163756 ], [ 28.7142477, 47.1163748 ], [ 28.7142486, 47.1163742 ], [ 28.7142495, 47.1163735 ], [ 28.7142505, 47.116373 ], [ 28.7142758, 47.1163604 ], [ 28.714276, 47.1163603 ], [ 28.7142758, 47.1163601 ], [ 28.7140741, 47.1161713 ], [ 28.7140736, 47.1161707 ], [ 28.7140321, 47.116125 ], [ 28.7140319, 47.1161248 ], [ 28.7139604, 47.1160488 ], [ 28.7139601, 47.1160484 ], [ 28.7139516, 47.1160383 ], [ 28.7139514, 47.1160381 ], [ 28.7139512, 47.1160382 ], [ 28.7139322, 47.1160456 ], [ 28.7139311, 47.116046 ], [ 28.7139299, 47.1160464 ], [ 28.7139287, 47.1160466 ], [ 28.7139274, 47.1160468 ], [ 28.7139261, 47.1160468 ], [ 28.7139248, 47.1160468 ], [ 28.7139236, 47.1160467 ], [ 28.7139223, 47.1160465 ], [ 28.7139211, 47.1160463 ], [ 28.7139199, 47.1160459 ], [ 28.7139188, 47.1160455 ], [ 28.7139177, 47.116045 ], [ 28.7139168, 47.1160445 ], [ 28.7139159, 47.1160438 ], [ 28.7139151, 47.1160432 ], [ 28.7138762, 47.1160072 ], [ 28.713876, 47.116007 ], [ 28.7138759, 47.116007 ], [ 28.7138748, 47.1160073 ], [ 28.7138735, 47.1160075 ], [ 28.7138722, 47.1160076 ], [ 28.7138709, 47.1160077 ], [ 28.7138695, 47.1160076 ], [ 28.7138682, 47.1160074 ], [ 28.7138669, 47.1160072 ], [ 28.7138657, 47.1160069 ], [ 28.7138645, 47.1160065 ], [ 28.7138634, 47.116006 ], [ 28.7138624, 47.1160054 ], [ 28.7138614, 47.1160048 ], [ 28.7138605, 47.1160041 ], [ 28.7138598, 47.1160033 ], [ 28.7138595, 47.116003 ], [ 28.7138593, 47.1160028 ], [ 28.7138591, 47.1160026 ], [ 28.7138482, 47.1159936 ], [ 28.713848, 47.1159934 ], [ 28.7138477, 47.1159936 ], [ 28.7138267, 47.1160054 ], [ 28.7138257, 47.116006 ], [ 28.7138246, 47.1160064 ], [ 28.7138235, 47.1160068 ], [ 28.7138223, 47.1160071 ], [ 28.713821, 47.1160073 ], [ 28.7138197, 47.1160075 ], [ 28.7138185, 47.1160075 ], [ 28.7138172, 47.1160075 ], [ 28.7138159, 47.1160073 ], [ 28.7138146, 47.1160071 ], [ 28.7138134, 47.1160069 ], [ 28.7138123, 47.1160065 ], [ 28.7138112, 47.1160061 ], [ 28.7138101, 47.1160055 ], [ 28.7138091, 47.116005 ], [ 28.7138083, 47.1160043 ], [ 28.7137776, 47.1159795 ], [ 28.7137774, 47.1159794 ], [ 28.7137259, 47.1159387 ], [ 28.7137257, 47.1159386 ], [ 28.7137255, 47.1159387 ], [ 28.7136974, 47.1159553 ], [ 28.7136972, 47.1159554 ], [ 28.7136972, 47.1159557 ], [ 28.7136971, 47.115956 ], [ 28.7136969, 47.1159568 ], [ 28.7136966, 47.1159577 ], [ 28.7136961, 47.1159585 ], [ 28.7136956, 47.1159593 ], [ 28.7136949, 47.11596 ], [ 28.7136941, 47.1159607 ], [ 28.7136933, 47.1159613 ], [ 28.7136923, 47.1159619 ], [ 28.7136913, 47.1159624 ], [ 28.7136902, 47.1159629 ], [ 28.7136891, 47.1159632 ], [ 28.7136879, 47.1159635 ], [ 28.7136866, 47.1159637 ], [ 28.7136854, 47.1159639 ], [ 28.7136841, 47.1159639 ], [ 28.7136828, 47.1159639 ], [ 28.7136816, 47.1159638 ], [ 28.7136803, 47.1159636 ], [ 28.7136791, 47.1159633 ], [ 28.713678, 47.1159629 ], [ 28.7136769, 47.1159625 ], [ 28.7136759, 47.115962 ], [ 28.7136749, 47.1159614 ], [ 28.7136522, 47.1159465 ], [ 28.7136518, 47.1159462 ], [ 28.7136334, 47.1159331 ], [ 28.7136331, 47.1159329 ], [ 28.7136329, 47.1159331 ], [ 28.7136061, 47.1159505 ], [ 28.7136059, 47.1159507 ], [ 28.7136061, 47.1159508 ], [ 28.713625, 47.1159643 ], [ 28.7136251, 47.1159644 ], [ 28.7136256, 47.1159647 ], [ 28.7136257, 47.1159648 ], [ 28.7136627, 47.1159891 ], [ 28.7136635, 47.1159897 ], [ 28.7136967, 47.1160158 ], [ 28.713697, 47.1160161 ], [ 28.7137296, 47.1160438 ], [ 28.7137303, 47.1160445 ], [ 28.7137309, 47.1160452 ], [ 28.7137315, 47.116046 ], [ 28.7137319, 47.1160468 ], [ 28.7137322, 47.1160477 ], [ 28.7137324, 47.1160485 ], [ 28.7137325, 47.1160494 ], [ 28.7137324, 47.1160502 ], [ 28.7137322, 47.1160511 ], [ 28.7137319, 47.1160519 ], [ 28.7137315, 47.1160527 ], [ 28.713731, 47.1160535 ], [ 28.7137304, 47.1160543 ], [ 28.7137296, 47.116055 ], [ 28.7137288, 47.1160556 ], [ 28.7137279, 47.1160562 ], [ 28.7137274, 47.1160565 ], [ 28.7137264, 47.116057 ], [ 28.7137253, 47.1160575 ], [ 28.7137242, 47.1160579 ], [ 28.713723, 47.1160582 ], [ 28.7137218, 47.1160585 ], [ 28.7137205, 47.1160586 ], [ 28.7137192, 47.1160587 ], [ 28.713718, 47.1160587 ], [ 28.7137167, 47.1160586 ], [ 28.7137154, 47.1160584 ], [ 28.7137142, 47.1160581 ], [ 28.713713, 47.1160578 ], [ 28.7137119, 47.1160574 ], [ 28.7137108, 47.1160569 ], [ 28.7137099, 47.1160563 ], [ 28.713709, 47.1160557 ], [ 28.7136737, 47.1160288 ], [ 28.7136735, 47.1160286 ], [ 28.7136732, 47.1160288 ], [ 28.7136456, 47.1160456 ], [ 28.7136454, 47.1160458 ], [ 28.7136456, 47.1160459 ], [ 28.7136566, 47.1160544 ], [ 28.7136575, 47.1160551 ], [ 28.7136582, 47.1160558 ], [ 28.7136588, 47.1160566 ], [ 28.7136593, 47.1160574 ], [ 28.7136597, 47.1160583 ], [ 28.7136599, 47.1160592 ], [ 28.71366, 47.1160601 ], [ 28.71366, 47.116061 ], [ 28.7136598, 47.1160619 ], [ 28.7136595, 47.1160627 ], [ 28.7136591, 47.1160636 ], [ 28.7136586, 47.1160644 ], [ 28.713658, 47.1160652 ], [ 28.7136572, 47.1160659 ], [ 28.7136563, 47.1160666 ], [ 28.713645, 47.1160747 ], [ 28.7136442, 47.1160752 ], [ 28.7136434, 47.1160756 ], [ 28.713637, 47.1160789 ], [ 28.713636, 47.1160794 ], [ 28.7136349, 47.1160798 ], [ 28.7136337, 47.1160801 ], [ 28.7136325, 47.1160804 ], [ 28.7136312, 47.1160805 ], [ 28.71363, 47.1160806 ], [ 28.7136287, 47.1160807 ], [ 28.7136274, 47.1160806 ], [ 28.7136262, 47.1160804 ], [ 28.713625, 47.1160802 ], [ 28.7136238, 47.1160799 ], [ 28.7136226, 47.1160795 ], [ 28.7136216, 47.116079 ], [ 28.7136206, 47.1160785 ], [ 28.7136196, 47.1160779 ], [ 28.7136188, 47.1160772 ], [ 28.7136129, 47.1160721 ], [ 28.7136128, 47.116072 ], [ 28.7136123, 47.1160716 ], [ 28.7136122, 47.1160715 ], [ 28.7135214, 47.116 ], [ 28.7135212, 47.1159998 ], [ 28.713521, 47.116 ], [ 28.7135024, 47.1160109 ], [ 28.7135014, 47.1160115 ], [ 28.7135002, 47.116012 ], [ 28.713499, 47.1160124 ], [ 28.7134978, 47.1160127 ], [ 28.7134965, 47.1160129 ], [ 28.7134952, 47.1160131 ], [ 28.7134939, 47.1160131 ], [ 28.7134925, 47.1160131 ], [ 28.7134912, 47.116013 ], [ 28.7134899, 47.1160127 ], [ 28.7134887, 47.1160124 ], [ 28.7134875, 47.116012 ], [ 28.7134863, 47.1160116 ], [ 28.7134853, 47.116011 ], [ 28.7134704, 47.1160025 ], [ 28.7134702, 47.1160023 ], [ 28.71347, 47.1160025 ], [ 28.7134461, 47.1160218 ], [ 28.7134459, 47.116022 ], [ 28.7134461, 47.1160221 ], [ 28.7134606, 47.1160305 ], [ 28.7134615, 47.1160311 ], [ 28.7134624, 47.1160317 ], [ 28.7134631, 47.1160324 ], [ 28.7134638, 47.1160332 ], [ 28.7134643, 47.116034 ], [ 28.7134647, 47.1160348 ], [ 28.713465, 47.1160356 ], [ 28.7134652, 47.1160365 ], [ 28.7134653, 47.1160373 ], [ 28.7134652, 47.1160382 ], [ 28.713465, 47.1160391 ], [ 28.7134647, 47.1160399 ], [ 28.7134643, 47.1160407 ], [ 28.7134638, 47.1160415 ], [ 28.7134631, 47.1160423 ], [ 28.7134624, 47.116043 ], [ 28.7134615, 47.1160436 ], [ 28.7134508, 47.1160511 ], [ 28.7134506, 47.1160513 ], [ 28.7134508, 47.1160514 ], [ 28.7134799, 47.1160708 ], [ 28.7134808, 47.1160715 ], [ 28.7134815, 47.1160722 ], [ 28.7134822, 47.1160729 ], [ 28.7134828, 47.1160737 ], [ 28.7134832, 47.1160745 ], [ 28.7134836, 47.1160754 ], [ 28.7134838, 47.1160762 ], [ 28.7134838, 47.1160771 ], [ 28.7134838, 47.116078 ], [ 28.7134836, 47.1160788 ], [ 28.7134834, 47.1160797 ], [ 28.7134829, 47.1160805 ], [ 28.7134824, 47.1160813 ], [ 28.7134818, 47.1160821 ], [ 28.7134811, 47.1160828 ], [ 28.7134802, 47.1160834 ], [ 28.7134793, 47.1160841 ], [ 28.7134755, 47.1160863 ], [ 28.7134745, 47.1160868 ], [ 28.7134734, 47.1160873 ], [ 28.7134722, 47.1160877 ], [ 28.7134711, 47.116088 ], [ 28.7134698, 47.1160883 ], [ 28.7134685, 47.1160884 ], [ 28.7134673, 47.1160885 ], [ 28.713466, 47.1160885 ], [ 28.7134647, 47.1160884 ], [ 28.7134635, 47.1160882 ], [ 28.7134622, 47.1160879 ], [ 28.713461, 47.1160876 ], [ 28.7134599, 47.1160871 ], [ 28.7134589, 47.1160866 ], [ 28.7134579, 47.1160861 ], [ 28.7134217, 47.116063 ], [ 28.7134214, 47.1160629 ], [ 28.7134212, 47.116063 ], [ 28.7134082, 47.1160726 ], [ 28.7134073, 47.1160732 ], [ 28.7134063, 47.1160737 ], [ 28.7134052, 47.1160742 ], [ 28.7134041, 47.1160746 ], [ 28.7134029, 47.1160749 ], [ 28.7134017, 47.1160752 ], [ 28.7134005, 47.1160753 ], [ 28.7133992, 47.1160754 ], [ 28.7133979, 47.1160754 ], [ 28.7133967, 47.1160753 ], [ 28.7133954, 47.1160752 ], [ 28.7133947, 47.116075 ], [ 28.7133944, 47.116075 ], [ 28.7133942, 47.1160751 ], [ 28.7133657, 47.1160913 ], [ 28.7133655, 47.1160915 ], [ 28.7133657, 47.1160916 ], [ 28.7133752, 47.1160994 ], [ 28.7133759, 47.1161001 ], [ 28.7133766, 47.1161008 ], [ 28.7133772, 47.1161016 ], [ 28.7133776, 47.1161024 ], [ 28.7133779, 47.1161033 ], [ 28.7133781, 47.1161041 ], [ 28.7133782, 47.116105 ], [ 28.7133782, 47.1161059 ], [ 28.713378, 47.1161068 ], [ 28.7133777, 47.1161076 ], [ 28.7133773, 47.1161085 ], [ 28.7133767, 47.1161093 ], [ 28.7133761, 47.11611 ], [ 28.7133754, 47.1161107 ], [ 28.7133745, 47.1161114 ], [ 28.713361, 47.1161209 ], [ 28.7133601, 47.1161215 ], [ 28.713359, 47.116122 ], [ 28.7133579, 47.1161225 ], [ 28.7133567, 47.1161229 ], [ 28.7133555, 47.1161232 ], [ 28.7133542, 47.1161234 ], [ 28.7133529, 47.1161236 ], [ 28.7133516, 47.1161236 ], [ 28.7133503, 47.1161236 ], [ 28.713349, 47.1161234 ], [ 28.7133478, 47.1161232 ], [ 28.7133465, 47.1161229 ], [ 28.7133453, 47.1161226 ], [ 28.7133442, 47.1161221 ], [ 28.7133432, 47.1161216 ], [ 28.7133422, 47.116121 ], [ 28.7133413, 47.1161203 ], [ 28.7133319, 47.1161124 ], [ 28.7133317, 47.1161122 ], [ 28.7133315, 47.1161124 ], [ 28.7133027, 47.1161283 ], [ 28.7133025, 47.1161284 ] ], [ [ 28.7137469, 47.1160464 ], [ 28.7137461, 47.1160457 ], [ 28.7137454, 47.1160449 ], [ 28.7137448, 47.1160441 ], [ 28.7137443, 47.1160432 ], [ 28.713744, 47.1160424 ], [ 28.7137438, 47.1160415 ], [ 28.7137437, 47.1160406 ], [ 28.7137437, 47.1160397 ], [ 28.7137439, 47.1160388 ], [ 28.7137442, 47.1160379 ], [ 28.7137447, 47.116037 ], [ 28.7137452, 47.1160362 ], [ 28.7137459, 47.1160355 ], [ 28.7137467, 47.1160347 ], [ 28.7137476, 47.1160341 ], [ 28.7137486, 47.1160335 ], [ 28.7137588, 47.1160279 ], [ 28.713759, 47.1160278 ], [ 28.7137591, 47.1160275 ], [ 28.7137593, 47.1160266 ], [ 28.7137597, 47.1160258 ], [ 28.7137603, 47.1160249 ], [ 28.7137609, 47.1160242 ], [ 28.7137616, 47.1160234 ], [ 28.7137625, 47.1160227 ], [ 28.7137634, 47.1160221 ], [ 28.7137644, 47.1160216 ], [ 28.7137655, 47.1160211 ], [ 28.7137667, 47.1160207 ], [ 28.7137679, 47.1160204 ], [ 28.7137692, 47.1160201 ], [ 28.7137705, 47.11602 ], [ 28.7137718, 47.1160199 ], [ 28.7137731, 47.1160199 ], [ 28.7137744, 47.11602 ], [ 28.7137757, 47.1160202 ], [ 28.7137769, 47.1160205 ], [ 28.7137781, 47.1160209 ], [ 28.7137792, 47.1160213 ], [ 28.7137803, 47.1160218 ], [ 28.7137813, 47.1160224 ], [ 28.7137822, 47.1160231 ], [ 28.7138234, 47.1160564 ], [ 28.7138242, 47.1160572 ], [ 28.7138249, 47.1160579 ], [ 28.7138255, 47.1160587 ], [ 28.713826, 47.1160596 ], [ 28.7138263, 47.1160605 ], [ 28.7138265, 47.1160614 ], [ 28.7138266, 47.1160623 ], [ 28.7138265, 47.1160632 ], [ 28.7138263, 47.1160641 ], [ 28.7138259, 47.1160649 ], [ 28.7138255, 47.1160658 ], [ 28.7138249, 47.1160666 ], [ 28.7138242, 47.1160674 ], [ 28.7138234, 47.1160681 ], [ 28.7138225, 47.1160688 ], [ 28.7138215, 47.1160693 ], [ 28.7138173, 47.1160715 ], [ 28.7138171, 47.1160717 ], [ 28.7138173, 47.1160718 ], [ 28.7138448, 47.116096 ], [ 28.7138455, 47.1160967 ], [ 28.7138462, 47.1160975 ], [ 28.7138467, 47.1160983 ], [ 28.7138471, 47.1160992 ], [ 28.7138474, 47.1161 ], [ 28.7138475, 47.1161009 ], [ 28.7138475, 47.1161018 ], [ 28.7138474, 47.1161027 ], [ 28.7138472, 47.1161036 ], [ 28.7138468, 47.1161045 ], [ 28.7138463, 47.1161053 ], [ 28.7138457, 47.1161061 ], [ 28.713845, 47.1161068 ], [ 28.7138441, 47.1161075 ], [ 28.7138432, 47.1161082 ], [ 28.7138422, 47.1161087 ], [ 28.7138411, 47.1161092 ], [ 28.71384, 47.1161096 ], [ 28.7138387, 47.11611 ], [ 28.7138375, 47.1161102 ], [ 28.7138362, 47.1161104 ], [ 28.7138349, 47.1161105 ], [ 28.7138336, 47.1161105 ], [ 28.7138323, 47.1161104 ], [ 28.713831, 47.1161102 ], [ 28.7138297, 47.1161099 ], [ 28.7138285, 47.1161096 ], [ 28.7138274, 47.1161091 ], [ 28.7138263, 47.1161086 ], [ 28.7138253, 47.116108 ], [ 28.7138244, 47.1161074 ], [ 28.7137469, 47.1160464 ] ] ] } },
{ "type": "Feature", "properties": { "vineyard_id": "V22", "n_rows": 8, "row_spacing_m": 2.45, "vine_spacing_m": 1.38, "area_m2": 688.57 }, "geometry": { "type": "Polygon", "coordinates": [ [ [ 28.7177275, 47.1155527 ], [ 28.7177277, 47.1155528 ], [ 28.7178146, 47.1156071 ], [ 28.7178147, 47.1156072 ], [ 28.7178152, 47.1156075 ], [ 28.7178154, 47.1156076 ], [ 28.7178355, 47.1156191 ], [ 28.7178357, 47.1156192 ], [ 28.7181844, 47.115811 ], [ 28.7181846, 47.1158111 ], [ 28.7181848, 47.115811 ], [ 28.7181963, 47.1158013 ], [ 28.7181971, 47.1158006 ], [ 28.7181981, 47.1158 ], [ 28.7181991, 47.1157995 ], [ 28.7182003, 47.115799 ], [ 28.7182014, 47.1157986 ], [ 28.7182027, 47.1157983 ], [ 28.7182039, 47.1157981 ], [ 28.7182052, 47.115798 ], [ 28.7182065, 47.1157979 ], [ 28.7182078, 47.115798 ], [ 28.7182091, 47.1157981 ], [ 28.7182104, 47.1157983 ], [ 28.7182116, 47.1157986 ], [ 28.7182128, 47.115799 ], [ 28.7182139, 47.1157995 ], [ 28.7182149, 47.1158 ], [ 28.7182275, 47.1158071 ], [ 28.7182278, 47.1158072 ], [ 28.718228, 47.1158071 ], [ 28.7182502, 47.1157887 ], [ 28.7182504, 47.1157886 ], [ 28.7182501, 47.1157884 ], [ 28.7182378, 47.1157815 ], [ 28.7182369, 47.1157809 ], [ 28.718236, 47.1157802 ], [ 28.7182352, 47.1157795 ], [ 28.7182346, 47.1157788 ], [ 28.718234, 47.115778 ], [ 28.7182336, 47.1157772 ], [ 28.7182333, 47.1157763 ], [ 28.7182331, 47.1157754 ], [ 28.718233, 47.1157746 ], [ 28.7182331, 47.1157737 ], [ 28.7182333, 47.1157728 ], [ 28.7182336, 47.115772 ], [ 28.718234, 47.1157712 ], [ 28.7182345, 47.1157704 ], [ 28.7182352, 47.1157696 ], [ 28.7182359, 47.1157689 ], [ 28.7182378, 47.1157673 ], [ 28.7182387, 47.1157666 ], [ 28.7182397, 47.115766 ], [ 28.7182407, 47.1157655 ], [ 28.7182418, 47.115765 ], [ 28.718243, 47.1157646 ], [ 28.7182442, 47.1157643 ], [ 28.7182455, 47.1157641 ], [ 28.7182468, 47.115764 ], [ 28.7182481, 47.1157639 ], [ 28.7182494, 47.1157639 ], [ 28.7182507, 47.1157641 ], [ 28.718252, 47.1157643 ], [ 28.7182532, 47.1157646 ], [ 28.7182544, 47.115765 ], [ 28.7182555, 47.1157654 ], [ 28.7182565, 47.115766 ], [ 28.7182599, 47.1157679 ], [ 28.7182602, 47.115768 ], [ 28.7182604, 47.1157679 ], [ 28.7182826, 47.1157496 ], [ 28.7182828, 47.1157494 ], [ 28.7182826, 47.1157491 ], [ 28.718282, 47.1157483 ], [ 28.7182815, 47.1157475 ], [ 28.7182811, 47.1157467 ], [ 28.7182809, 47.1157458 ], [ 28.7182808, 47.1157449 ], [ 28.7182808, 47.115744 ], [ 28.718281, 47.1157431 ], [ 28.7182812, 47.1157422 ], [ 28.7182816, 47.1157414 ], [ 28.7182822, 47.1157405 ], [ 28.7182828, 47.1157398 ], [ 28.7182842, 47.1157382 ], [ 28.7182849, 47.1157375 ], [ 28.7182858, 47.1157369 ], [ 28.7182867, 47.1157363 ], [ 28.7182877, 47.1157357 ], [ 28.7182887, 47.1157353 ], [ 28.7182899, 47.1157349 ], [ 28.718291, 47.1157345 ], [ 28.7182922, 47.1157343 ], [ 28.7182935, 47.1157341 ], [ 28.7182948, 47.115734 ], [ 28.718296, 47.115734 ], [ 28.7182973, 47.1157341 ], [ 28.7182985, 47.1157343 ], [ 28.7182997, 47.1157345 ], [ 28.7183009, 47.1157349 ], [ 28.718302, 47.1157353 ], [ 28.7183031, 47.1157357 ], [ 28.7183391, 47.1157535 ], [ 28.7183393, 47.1157536 ], [ 28.7183395, 47.1157534 ], [ 28.7183599, 47.1157342 ], [ 28.7183601, 47.115734 ], [ 28.7183599, 47.1157339 ], [ 28.7182966, 47.1157026 ], [ 28.7182961, 47.1157023 ], [ 28.7182556, 47.1156802 ], [ 28.7182555, 47.1156802 ], [ 28.7182398, 47.1156715 ], [ 28.7182389, 47.1156709 ], [ 28.718238, 47.1156703 ], [ 28.7182372, 47.1156696 ], [ 28.7182366, 47.1156689 ], [ 28.718236, 47.1156681 ], [ 28.7182356, 47.1156673 ], [ 28.7182352, 47.1156664 ], [ 28.718235, 47.1156656 ], [ 28.7182349, 47.1156647 ], [ 28.718235, 47.1156639 ], [ 28.7182351, 47.115663 ], [ 28.7182354, 47.1156621 ], [ 28.7182358, 47.1156613 ], [ 28.7182363, 47.1156605 ], [ 28.7182369, 47.1156598 ], [ 28.7182376, 47.1156591 ], [ 28.7182384, 47.1156584 ], [ 28.718247, 47.1156521 ], [ 28.7182472, 47.1156519 ], [ 28.718247, 47.1156517 ], [ 28.7182375, 47.1156457 ], [ 28.7182365, 47.1156451 ], [ 28.7182357, 47.1156444 ], [ 28.718235, 47.1156436 ], [ 28.7182344, 47.1156429 ], [ 28.7182339, 47.115642 ], [ 28.7182336, 47.1156412 ], [ 28.7182333, 47.1156403 ], [ 28.7182332, 47.1156394 ], [ 28.7182332, 47.1156386 ], [ 28.7182334, 47.1156377 ], [ 28.7182337, 47.1156368 ], [ 28.718234, 47.115636 ], [ 28.7182346, 47.1156352 ], [ 28.7182352, 47.1156344 ], [ 28.7182359, 47.1156337 ], [ 28.7182367, 47.115633 ], [ 28.7182377, 47.1156324 ], [ 28.7182387, 47.1156318 ], [ 28.7182398, 47.1156313 ], [ 28.7182409, 47.1156309 ], [ 28.7182421, 47.1156306 ], [ 28.7182434, 47.1156303 ], [ 28.7182446, 47.1156302 ], [ 28.7182459, 47.1156301 ], [ 28.7182472, 47.1156301 ], [ 28.7182485, 47.1156302 ], [ 28.7182498, 47.1156304 ], [ 28.7182499, 47.1156304 ], [ 28.7182502, 47.1156303 ], [ 28.7182726, 47.1156121 ], [ 28.7182728, 47.1156119 ], [ 28.7182726, 47.1156118 ], [ 28.7182579, 47.1156033 ], [ 28.7182577, 47.1156032 ], [ 28.7182575, 47.1156034 ], [ 28.718235, 47.1156216 ], [ 28.7182348, 47.1156218 ], [ 28.7182349, 47.1156219 ], [ 28.718235, 47.1156225 ], [ 28.7182351, 47.1156233 ], [ 28.7182351, 47.1156242 ], [ 28.718235, 47.1156251 ], [ 28.7182347, 47.115626 ], [ 28.7182343, 47.1156268 ], [ 28.7182338, 47.1156276 ], [ 28.7182332, 47.1156284 ], [ 28.7182324, 47.1156291 ], [ 28.7182316, 47.1156298 ], [ 28.7182307, 47.1156304 ], [ 28.7182297, 47.115631 ], [ 28.7182286, 47.1156314 ], [ 28.7182275, 47.1156318 ], [ 28.7182263, 47.1156322 ], [ 28.718225, 47.1156324 ], [ 28.7182237, 47.1156326 ], [ 28.7182225, 47.1156327 ], [ 28.7182212, 47.1156327 ], [ 28.7182199, 47.1156326 ], [ 28.7182186, 47.1156324 ], [ 28.7182174, 47.1156321 ], [ 28.7182162, 47.1156318 ], [ 28.7182151, 47.1156313 ], [ 28.718214, 47.1156308 ], [ 28.718213, 47.1156303 ], [ 28.7182085, 47.1156274 ], [ 28.7182084, 47.1156274 ], [ 28.718208, 47.1156271 ], [ 28.718208, 47.1156271 ], [ 28.7181082, 47.1155683 ], [ 28.7181081, 47.1155682 ], [ 28.7180679, 47.1155449 ], [ 28.7180679, 47.1155449 ], [ 28.7180676, 47.1155447 ], [ 28.7180675, 47.1155447 ], [ 28.7179823, 47.1154976 ], [ 28.7179821, 47.1154975 ], [ 28.7179819, 47.1154976 ], [ 28.7179698, 47.1155077 ], [ 28.717969, 47.1155084 ], [ 28.717968, 47.115509 ], [ 28.717967, 47.1155095 ], [ 28.7179659, 47.11551 ], [ 28.7179647, 47.1155104 ], [ 28.7179635, 47.1155107 ], [ 28.7179623, 47.1155109 ], [ 28.717961, 47.115511 ], [ 28.7179597, 47.1155111 ], [ 28.7179584, 47.115511 ], [ 28.7179572, 47.1155109 ], [ 28.7179559, 47.1155107 ], [ 28.7179547, 47.1155104 ], [ 28.7179535, 47.1155101 ], [ 28.7179524, 47.1155096 ], [ 28.7179514, 47.1155091 ], [ 28.7178975, 47.1154798 ], [ 28.7178972, 47.1154797 ], [ 28.717897, 47.1154798 ], [ 28.7178753, 47.1154984 ], [ 28.7178751, 47.1154986 ], [ 28.7178753, 47.1154988 ], [ 28.7178936, 47.1155087 ], [ 28.7178946, 47.1155093 ], [ 28.7178955, 47.11551 ], [ 28.7178963, 47.1155107 ], [ 28.717897, 47.1155115 ], [ 28.7178976, 47.1155123 ], [ 28.717898, 47.1155131 ], [ 28.7178984, 47.115514 ], [ 28.7178986, 47.1155149 ], [ 28.7178986, 47.1155158 ], [ 28.7178985, 47.1155167 ], [ 28.7178983, 47.1155176 ], [ 28.717898, 47.1155185 ], [ 28.7178975, 47.1155193 ], [ 28.7178969, 47.1155202 ], [ 28.7178962, 47.1155209 ], [ 28.7178954, 47.1155216 ], [ 28.7178831, 47.1155313 ], [ 28.7178829, 47.1155315 ], [ 28.7178831, 47.1155316 ], [ 28.7179033, 47.1155435 ], [ 28.7179034, 47.1155436 ], [ 28.7179038, 47.1155438 ], [ 28.7179039, 47.1155439 ], [ 28.7179156, 47.1155503 ], [ 28.7179165, 47.1155508 ], [ 28.7179174, 47.1155515 ], [ 28.7179181, 47.1155521 ], [ 28.7179188, 47.1155529 ], [ 28.7179194, 47.1155537 ], [ 28.7179198, 47.1155545 ], [ 28.7179202, 47.1155553 ], [ 28.7179204, 47.1155561 ], [ 28.7179205, 47.115557 ], [ 28.7179205, 47.1155579 ], [ 28.7179203, 47.1155587 ], [ 28.7179201, 47.1155596 ], [ 28.7179197, 47.1155604 ], [ 28.7179192, 47.1155612 ], [ 28.7179186, 47.115562 ], [ 28.7179179, 47.1155627 ], [ 28.7179162, 47.1155642 ], [ 28.7179153, 47.1155649 ], [ 28.7179144, 47.1155655 ], [ 28.7179134, 47.1155661 ], [ 28.7179123, 47.1155666 ], [ 28.7179111, 47.115567 ], [ 28.7179099, 47.1155673 ], [ 28.7179086, 47.1155676 ], [ 28.7179073, 47.1155677 ], [ 28.717906, 47.1155678 ], [ 28.7179047, 47.1155678 ], [ 28.7179034, 47.1155677 ], [ 28.7179021, 47.1155675 ], [ 28.7179009, 47.1155672 ], [ 28.7178997, 47.1155669 ], [ 28.7178986, 47.1155664 ], [ 28.7178975, 47.1155659 ], [ 28.7178215, 47.1155251 ], [ 28.7178212, 47.115525 ], [ 28.717821, 47.1155251 ], [ 28.7177995, 47.1155438 ], [ 28.7177993, 47.115544 ], [ 28.7177993, 47.1155441 ], [ 28.7177991, 47.1155448 ], [ 28.7177988, 47.1155456 ], [ 28.7177983, 47.1155464 ], [ 28.7177978, 47.1155471 ], [ 28.7177971, 47.1155478 ], [ 28.7177964, 47.1155485 ], [ 28.7177953, 47.1155494 ], [ 28.7177945, 47.11555 ], [ 28.7177936, 47.1155506 ], [ 28.7177926, 47.1155511 ], [ 28.7177915, 47.1155516 ], [ 28.7177903, 47.1155519 ], [ 28.7177892, 47.1155522 ], [ 28.717788, 47.1155525 ], [ 28.7177867, 47.1155526 ], [ 28.7177855, 47.1155527 ], [ 28.7177842, 47.1155526 ], [ 28.717783, 47.1155525 ], [ 28.7177817, 47.1155523 ], [ 28.7177805, 47.1155521 ], [ 28.7177794, 47.1155517 ], [ 28.7177783, 47.1155513 ], [ 28.7177772, 47.1155508 ], [ 28.7177763, 47.1155503 ], [ 28.7177517, 47.1155349 ], [ 28.7177515, 47.1155348 ], [ 28.7177513, 47.115535 ], [ 28.7177277, 47.1155525 ], [ 28.7177275, 47.1155527 ] ] ] } },
{ "type": "Feature", "properties": { "vineyard_id": "V23", "n_rows": 22, "row_spacing_m": 3.0, "vine_spacing_m": 1.2, "area_m2": 2934.1 }, "geometry": { "type": "Polygon", "coordinates": [ [ [ 28.7146256, 47.1153517 ], [ 28.7146258, 47.1153518 ], [ 28.7146471, 47.1153674 ], [ 28.7146479, 47.115368 ], [ 28.7146487, 47.1153687 ], [ 28.7146493, 47.1153695 ], [ 28.7146498, 47.1153703 ], [ 28.7146502, 47.1153711 ], [ 28.7146505, 47.1153719 ], [ 28.7146506, 47.1153728 ], [ 28.7146507, 47.1153737 ], [ 28.7146506, 47.1153745 ], [ 28.7146504, 47.1153754 ], [ 28.7146501, 47.1153762 ], [ 28.7146497, 47.115377 ], [ 28.7146491, 47.1153778 ], [ 28.7146485, 47.1153785 ], [ 28.7146477, 47.1153792 ], [ 28.7146469, 47.1153799 ], [ 28.7146459, 47.1153804 ], [ 28.714634, 47.1153872 ], [ 28.7146338, 47.1153874 ], [ 28.714634, 47.1153875 ], [ 28.7147069, 47.1154474 ], [ 28.7147071, 47.1154475 ], [ 28.7147077, 47.1154474 ], [ 28.714709, 47.1154472 ], [ 28.7147103, 47.1154471 ], [ 28.7147116, 47.1154471 ], [ 28.7147129, 47.1154472 ], [ 28.7147142, 47.1154474 ], [ 28.7147154, 47.1154477 ], [ 28.7147166, 47.115448 ], [ 28.7147178, 47.1154484 ], [ 28.7147189, 47.1154489 ], [ 28.7147199, 47.1154495 ], [ 28.7147208, 47.1154501 ], [ 28.7147216, 47.1154508 ], [ 28.7147224, 47.1154516 ], [ 28.714723, 47.1154524 ], [ 28.7147234, 47.1154532 ], [ 28.7147238, 47.1154541 ], [ 28.714724, 47.1154549 ], [ 28.7147242, 47.1154558 ], [ 28.7147241, 47.1154567 ], [ 28.714724, 47.1154576 ], [ 28.7147237, 47.1154585 ], [ 28.7147233, 47.1154593 ], [ 28.7147228, 47.1154602 ], [ 28.7147221, 47.1154609 ], [ 28.7147214, 47.1154617 ], [ 28.7147205, 47.1154623 ], [ 28.7147116, 47.1154687 ], [ 28.7147114, 47.1154689 ], [ 28.7147116, 47.115469 ], [ 28.7147609, 47.1155012 ], [ 28.7147618, 47.1155019 ], [ 28.7148798, 47.115597 ], [ 28.7148799, 47.1155971 ], [ 28.7148806, 47.1155977 ], [ 28.7148808, 47.1155978 ], [ 28.714917, 47.1156237 ], [ 28.7149172, 47.1156238 ], [ 28.7149175, 47.1156237 ], [ 28.714947, 47.1156044 ], [ 28.714948, 47.1156038 ], [ 28.714949, 47.1156033 ], [ 28.7149501, 47.1156029 ], [ 28.7149513, 47.1156025 ], [ 28.7149524, 47.1156023 ], [ 28.7149537, 47.1156021 ], [ 28.7149549, 47.1156019 ], [ 28.7149562, 47.1156019 ], [ 28.7149574, 47.1156019 ], [ 28.7149587, 47.1156021 ], [ 28.7149599, 47.1156023 ], [ 28.7149611, 47.1156026 ], [ 28.7149622, 47.1156029 ], [ 28.7149633, 47.1156034 ], [ 28.7149644, 47.1156039 ], [ 28.7149653, 47.1156044 ], [ 28.7149662, 47.1156051 ], [ 28.7150201, 47.1156482 ], [ 28.7150202, 47.1156483 ], [ 28.7150358, 47.1156605 ], [ 28.7150369, 47.1156615 ], [ 28.7151251, 47.115754 ], [ 28.7151253, 47.1157543 ], [ 28.715166, 47.1158007 ], [ 28.7151661, 47.1158008 ], [ 28.7151664, 47.1158011 ], [ 28.7151664, 47.1158012 ], [ 28.7152378, 47.1158773 ], [ 28.715238, 47.1158774 ], [ 28.7152382, 47.1158773 ], [ 28.7152625, 47.1158667 ], [ 28.7152636, 47.1158663 ], [ 28.7152648, 47.1158659 ], [ 28.7152661, 47.1158656 ], [ 28.7152673, 47.1158654 ], [ 28.7152686, 47.1158653 ], [ 28.71527, 47.1158653 ], [ 28.7152713, 47.1158654 ], [ 28.7152725, 47.1158655 ], [ 28.7152738, 47.1158658 ], [ 28.715275, 47.1158661 ], [ 28.7152762, 47.1158665 ], [ 28.7152773, 47.115867 ], [ 28.7152783, 47.1158676 ], [ 28.7152793, 47.1158682 ], [ 28.7152801, 47.1158689 ], [ 28.7153152, 47.1159005 ], [ 28.7153154, 47.1159007 ], [ 28.7153157, 47.1159006 ], [ 28.7153383, 47.1158889 ], [ 28.7153393, 47.1158884 ], [ 28.7153404, 47.115888 ], [ 28.7153416, 47.1158876 ], [ 28.7153428, 47.1158874 ], [ 28.715344, 47.1158872 ], [ 28.7153452, 47.1158871 ], [ 28.7153465, 47.115887 ], [ 28.7153477, 47.1158871 ], [ 28.715349, 47.1158872 ], [ 28.7153502, 47.1158875 ], [ 28.7153514, 47.1158877 ], [ 28.7153525, 47.1158881 ], [ 28.7153536, 47.1158886 ], [ 28.7153546, 47.1158891 ], [ 28.7153555, 47.1158896 ], [ 28.7153564, 47.1158903 ], [ 28.7153713, 47.1159025 ], [ 28.7153715, 47.1159027 ], [ 28.7153717, 47.1159025 ], [ 28.7154, 47.1158865 ], [ 28.715401, 47.115886 ], [ 28.7154021, 47.1158855 ], [ 28.7154033, 47.1158851 ], [ 28.7154045, 47.1158848 ], [ 28.7154058, 47.1158846 ], [ 28.7154071, 47.1158845 ], [ 28.7154084, 47.1158844 ], [ 28.7154097, 47.1158845 ], [ 28.715411, 47.1158846 ], [ 28.7154123, 47.1158848 ], [ 28.7154135, 47.1158851 ], [ 28.7154147, 47.1158855 ], [ 28.7154158, 47.115886 ], [ 28.7154168, 47.1158865 ], [ 28.7154178, 47.1158871 ], [ 28.7154187, 47.1158878 ], [ 28.7154282, 47.1158958 ], [ 28.7154284, 47.115896 ], [ 28.7154286, 47.1158959 ], [ 28.715462, 47.1158775 ], [ 28.7154623, 47.1158774 ], [ 28.7154627, 47.1158771 ], [ 28.7154627, 47.1158771 ], [ 28.7154629, 47.1158769 ], [ 28.7154641, 47.1158762 ], [ 28.7154897, 47.1158618 ], [ 28.7154899, 47.1158616 ], [ 28.7154899, 47.1158614 ], [ 28.7154898, 47.115861 ], [ 28.7154898, 47.1158601 ], [ 28.7154899, 47.1158592 ], [ 28.7154902, 47.1158584 ], [ 28.7154906, 47.1158575 ], [ 28.7154911, 47.1158567 ], [ 28.7154917, 47.1158559 ], [ 28.7154924, 47.1158552 ], [ 28.7154933, 47.1158545 ], [ 28.7154942, 47.1158539 ], [ 28.7154952, 47.1158533 ], [ 28.7154963, 47.1158528 ], [ 28.7154974, 47.1158524 ], [ 28.7154986, 47.1158521 ], [ 28.7154999, 47.1158518 ], [ 28.7155012, 47.1158516 ], [ 28.7155025, 47.1158516 ], [ 28.7155038, 47.1158516 ], [ 28.715505, 47.1158517 ], [ 28.7155063, 47.1158518 ], [ 28.7155069, 47.115852 ], [ 28.7155072, 47.1158518 ], [ 28.7155404, 47.1158334 ], [ 28.7155407, 47.1158332 ], [ 28.7155407, 47.115833 ], [ 28.7155408, 47.1158325 ], [ 28.7155411, 47.1158316 ], [ 28.7155415, 47.1158307 ], [ 28.715542, 47.1158298 ], [ 28.7155427, 47.115829 ], [ 28.7155435, 47.1158283 ], [ 28.7155444, 47.1158276 ], [ 28.7155454, 47.1158269 ], [ 28.7155773, 47.115809 ], [ 28.7155776, 47.1158089 ], [ 28.7155774, 47.1158087 ], [ 28.7155304, 47.1157697 ], [ 28.7155296, 47.115769 ], [ 28.7155289, 47.1157682 ], [ 28.7155284, 47.1157674 ], [ 28.7155279, 47.1157666 ], [ 28.7155276, 47.1157657 ], [ 28.7155274, 47.1157648 ], [ 28.7155274, 47.1157639 ], [ 28.7155274, 47.115763 ], [ 28.7155277, 47.1157621 ], [ 28.715528, 47.1157613 ], [ 28.7155284, 47.1157604 ], [ 28.715529, 47.1157596 ], [ 28.7155297, 47.1157589 ], [ 28.7155305, 47.1157581 ], [ 28.7155314, 47.1157575 ], [ 28.7155324, 47.1157569 ], [ 28.7155438, 47.1157508 ], [ 28.7155441, 47.1157507 ], [ 28.7155439, 47.1157505 ], [ 28.715527, 47.1157358 ], [ 28.7155263, 47.1157351 ], [ 28.7155257, 47.1157343 ], [ 28.7155251, 47.1157336 ], [ 28.7155247, 47.1157328 ], [ 28.7155245, 47.1157319 ], [ 28.7155243, 47.1157311 ], [ 28.7155242, 47.1157302 ], [ 28.7155243, 47.1157294 ], [ 28.7155245, 47.1157285 ], [ 28.7155248, 47.1157277 ], [ 28.7155252, 47.1157269 ], [ 28.7155257, 47.1157261 ], [ 28.7155263, 47.1157254 ], [ 28.7155271, 47.1157247 ], [ 28.7155279, 47.115724 ], [ 28.7155288, 47.1157234 ], [ 28.7155528, 47.1157093 ], [ 28.7155531, 47.1157092 ], [ 28.7155531, 47.1157091 ], [ 28.7155535, 47.1157085 ], [ 28.7155541, 47.1157076 ], [ 28.7155548, 47.1157069 ], [ 28.7155556, 47.1157062 ], [ 28.7155565, 47.1157055 ], [ 28.7155576, 47.115705 ], [ 28.7155827, 47.115692 ], [ 28.7155829, 47.1156918 ], [ 28.7155829, 47.1156916 ], [ 28.715583, 47.1156907 ], [ 28.7155832, 47.1156898 ], [ 28.7155835, 47.1156889 ], [ 28.715584, 47.1156881 ], [ 28.7155845, 47.1156873 ], [ 28.7155852, 47.1156865 ], [ 28.715586, 47.1156858 ], [ 28.7155869, 47.1156851 ], [ 28.715588, 47.1156845 ], [ 28.715589, 47.115684 ], [ 28.7155902, 47.1156835 ], [ 28.7155914, 47.1156832 ], [ 28.7155919, 47.115683 ], [ 28.7155921, 47.1156829 ], [ 28.7156218, 47.1156617 ], [ 28.715622, 47.1156616 ], [ 28.7156217, 47.1156614 ], [ 28.715578, 47.1156328 ], [ 28.7155771, 47.1156322 ], [ 28.7155763, 47.1156315 ], [ 28.7155756, 47.1156307 ], [ 28.715575, 47.1156299 ], [ 28.7155745, 47.1156291 ], [ 28.7155742, 47.1156282 ], [ 28.715574, 47.1156273 ], [ 28.7155739, 47.1156265 ], [ 28.7155739, 47.1156256 ], [ 28.7155741, 47.1156247 ], [ 28.7155744, 47.1156238 ], [ 28.7155748, 47.115623 ], [ 28.7155754, 47.1156222 ], [ 28.7155761, 47.1156214 ], [ 28.7155768, 47.1156207 ], [ 28.7155777, 47.11562 ], [ 28.7155787, 47.1156194 ], [ 28.7155852, 47.1156157 ], [ 28.7155854, 47.1156156 ], [ 28.7155852, 47.1156154 ], [ 28.7155181, 47.1155602 ], [ 28.715518, 47.1155602 ], [ 28.7155176, 47.1155598 ], [ 28.7155175, 47.1155598 ], [ 28.7154477, 47.1155065 ], [ 28.7154474, 47.1155062 ], [ 28.715331, 47.1154091 ], [ 28.7153309, 47.1154091 ], [ 28.7153306, 47.1154088 ], [ 28.7153305, 47.1154088 ], [ 28.715279, 47.1153682 ], [ 28.7152788, 47.115368 ], [ 28.7151277, 47.1152436 ], [ 28.7151275, 47.1152434 ], [ 28.7150722, 47.115199 ], [ 28.715072, 47.1151989 ], [ 28.7150717, 47.115199 ], [ 28.7150546, 47.115209 ], [ 28.7150535, 47.1152095 ], [ 28.7150524, 47.11521 ], [ 28.7150513, 47.1152104 ], [ 28.71505, 47.1152107 ], [ 28.7150488, 47.1152109 ], [ 28.7150475, 47.1152111 ], [ 28.7150462, 47.1152111 ], [ 28.7150449, 47.1152111 ], [ 28.7150436, 47.115211 ], [ 28.7150423, 47.1152108 ], [ 28.7150411, 47.1152105 ], [ 28.7150399, 47.1152101 ], [ 28.7150388, 47.1152096 ], [ 28.7150377, 47.1152091 ], [ 28.7150368, 47.1152085 ], [ 28.7150359, 47.1152079 ], [ 28.7150351, 47.1152071 ], [ 28.715015, 47.1151867 ], [ 28.7150149, 47.1151866 ], [ 28.7150146, 47.1151867 ], [ 28.714979, 47.115203 ], [ 28.7149788, 47.1152031 ], [ 28.7149784, 47.1152033 ], [ 28.7149774, 47.1152039 ], [ 28.7149763, 47.1152044 ], [ 28.7149752, 47.1152048 ], [ 28.7149741, 47.1152051 ], [ 28.7149729, 47.1152054 ], [ 28.7149717, 47.1152056 ], [ 28.7149704, 47.1152057 ], [ 28.7149691, 47.1152057 ], [ 28.7149679, 47.1152056 ], [ 28.7149667, 47.1152055 ], [ 28.7149654, 47.1152052 ], [ 28.7149643, 47.1152049 ], [ 28.7149631, 47.1152046 ], [ 28.7149621, 47.1152041 ], [ 28.7149611, 47.1152036 ], [ 28.7149601, 47.115203 ], [ 28.7149601, 47.115203 ], [ 28.7149599, 47.1152031 ], [ 28.7149436, 47.1152131 ], [ 28.7149427, 47.1152136 ], [ 28.7149419, 47.115214 ], [ 28.7149089, 47.1152326 ], [ 28.7149086, 47.1152328 ], [ 28.7149088, 47.115233 ], [ 28.714909, 47.1152332 ], [ 28.7149098, 47.1152338 ], [ 28.7149105, 47.1152346 ], [ 28.714911, 47.1152353 ], [ 28.7149114, 47.1152362 ], [ 28.7149118, 47.115237 ], [ 28.714912, 47.1152378 ], [ 28.7149121, 47.1152387 ], [ 28.714912, 47.1152396 ], [ 28.7149119, 47.1152404 ], [ 28.7149116, 47.1152412 ], [ 28.7149112, 47.1152421 ], [ 28.7149107, 47.1152429 ], [ 28.7149101, 47.1152436 ], [ 28.7149094, 47.1152443 ], [ 28.7149086, 47.115245 ], [ 28.7149077, 47.1152456 ], [ 28.7149067, 47.1152461 ], [ 28.7149067, 47.1152461 ], [ 28.7148862, 47.1152576 ], [ 28.7148852, 47.1152581 ], [ 28.7148841, 47.1152585 ], [ 28.7148829, 47.1152589 ], [ 28.7148817, 47.1152592 ], [ 28.7148804, 47.1152594 ], [ 28.7148792, 47.1152595 ], [ 28.7148779, 47.1152596 ], [ 28.7148766, 47.1152595 ], [ 28.7148753, 47.1152594 ], [ 28.7148741, 47.1152592 ], [ 28.7148729, 47.1152589 ], [ 28.7148717, 47.1152585 ], [ 28.7148706, 47.1152581 ], [ 28.7148695, 47.1152576 ], [ 28.7148686, 47.115257 ], [ 28.7148677, 47.1152563 ], [ 28.7148675, 47.1152561 ], [ 28.7148673, 47.115256 ], [ 28.714867, 47.1152561 ], [ 28.7148434, 47.1152694 ], [ 28.7148423, 47.11527 ], [ 28.7148412, 47.1152704 ], [ 28.7148401, 47.1152708 ], [ 28.7148388, 47.1152711 ], [ 28.7148376, 47.1152713 ], [ 28.7148363, 47.1152714 ], [ 28.714835, 47.1152715 ], [ 28.7148337, 47.1152714 ], [ 28.7148324, 47.1152713 ], [ 28.7148311, 47.1152711 ], [ 28.7148299, 47.1152708 ], [ 28.7148287, 47.1152704 ], [ 28.7148276, 47.1152699 ], [ 28.7148266, 47.1152694 ], [ 28.7148256, 47.1152688 ], [ 28.7147959, 47.1152482 ], [ 28.7147953, 47.1152478 ], [ 28.7147811, 47.1152366 ], [ 28.7147809, 47.1152365 ], [ 28.7147807, 47.1152366 ], [ 28.7147483, 47.1152558 ], [ 28.7147481, 47.1152559 ], [ 28.7147482, 47.1152561 ], [ 28.7147484, 47.1152565 ], [ 28.7147488, 47.1152573 ], [ 28.7147491, 47.1152582 ], [ 28.7147493, 47.115259 ], [ 28.7147493, 47.1152599 ], [ 28.7147493, 47.1152607 ], [ 28.7147491, 47.1152616 ], [ 28.7147487, 47.1152624 ], [ 28.7147483, 47.1152633 ], [ 28.7147478, 47.115264 ], [ 28.7147471, 47.1152648 ], [ 28.7147463, 47.1152655 ], [ 28.7147455, 47.1152661 ], [ 28.7147446, 47.1152667 ], [ 28.7147283, 47.1152759 ], [ 28.7147281, 47.115276 ], [ 28.7147283, 47.1152762 ], [ 28.7147414, 47.115287 ], [ 28.7147422, 47.1152878 ], [ 28.7147429, 47.1152885 ], [ 28.7147434, 47.1152893 ], [ 28.7147439, 47.1152902 ], [ 28.7147442, 47.115291 ], [ 28.7147444, 47.1152919 ], [ 28.7147445, 47.1152928 ], [ 28.7147444, 47.1152937 ], [ 28.7147442, 47.1152946 ], [ 28.7147439, 47.1152954 ], [ 28.7147434, 47.1152963 ], [ 28.7147429, 47.1152971 ], [ 28.7147422, 47.1152978 ], [ 28.7147414, 47.1152985 ], [ 28.7147405, 47.1152992 ], [ 28.7147395, 47.1152998 ], [ 28.7147385, 47.1153003 ], [ 28.7147373, 47.1153008 ], [ 28.7147362, 47.1153011 ], [ 28.7147349, 47.1153014 ], [ 28.7147337, 47.1153016 ], [ 28.7147324, 47.1153017 ], [ 28.7147311, 47.1153018 ], [ 28.7147298, 47.1153017 ], [ 28.7147285, 47.1153016 ], [ 28.7147272, 47.1153013 ], [ 28.714726, 47.115301 ], [ 28.7147248, 47.1153006 ], [ 28.7147237, 47.1153001 ], [ 28.7147227, 47.1152996 ], [ 28.7147217, 47.115299 ], [ 28.714675, 47.1152656 ], [ 28.7146748, 47.1152655 ], [ 28.7146746, 47.1152656 ], [ 28.7146436, 47.1152858 ], [ 28.7146434, 47.115286 ], [ 28.7146436, 47.1152861 ], [ 28.7147087, 47.1153327 ], [ 28.7147096, 47.1153333 ], [ 28.7147103, 47.115334 ], [ 28.714711, 47.1153348 ], [ 28.7147115, 47.1153356 ], [ 28.7147119, 47.1153364 ], [ 28.7147122, 47.1153373 ], [ 28.7147123, 47.1153382 ], [ 28.7147124, 47.115339 ], [ 28.7147123, 47.1153399 ], [ 28.7147121, 47.1153408 ], [ 28.7147118, 47.1153416 ], [ 28.7147113, 47.1153424 ], [ 28.7147108, 47.1153432 ], [ 28.7147101, 47.115344 ], [ 28.7147093, 47.1153447 ], [ 28.7147085, 47.1153453 ], [ 28.7147075, 47.1153459 ], [ 28.7146998, 47.1153501 ], [ 28.7146988, 47.1153507 ], [ 28.7146976, 47.1153511 ], [ 28.7146964, 47.1153515 ], [ 28.7146952, 47.1153518 ], [ 28.7146939, 47.115352 ], [ 28.7146926, 47.1153521 ], [ 28.7146913, 47.1153521 ], [ 28.71469, 47.1153521 ], [ 28.7146887, 47.1153519 ], [ 28.7146874, 47.1153517 ], [ 28.7146862, 47.1153514 ], [ 28.714685, 47.115351 ], [ 28.7146839, 47.1153505 ], [ 28.7146829, 47.1153499 ], [ 28.7146819, 47.1153493 ], [ 28.7146576, 47.1153316 ], [ 28.7146574, 47.1153314 ], [ 28.7146571, 47.1153315 ], [ 28.7146259, 47.1153515 ], [ 28.7146256, 47.1153517 ] ], [ [ 28.7154986, 47.1158148 ], [ 28.7154976, 47.1158153 ], [ 28.7154965, 47.1158158 ], [ 28.7154953, 47.1158162 ], [ 28.7154941, 47.1158165 ], [ 28.7154928, 47.1158167 ], [ 28.7154916, 47.1158168 ], [ 28.7154903, 47.1158168 ], [ 28.715489, 47.1158168 ], [ 28.7154877, 47.1158167 ], [ 28.7154865, 47.1158165 ], [ 28.7154852, 47.1158162 ], [ 28.7154841, 47.1158158 ], [ 28.715483, 47.1158153 ], [ 28.7154819, 47.1158148 ], [ 28.715481, 47.1158142 ], [ 28.7154801, 47.1158136 ], [ 28.7154436, 47.1157833 ], [ 28.7154428, 47.1157826 ], [ 28.7154422, 47.1157818 ], [ 28.7154416, 47.1157811 ], [ 28.7154412, 47.1157803 ], [ 28.7154408, 47.1157794 ], [ 28.7154406, 47.1157786 ], [ 28.7154406, 47.1157777 ], [ 28.7154406, 47.1157769 ], [ 28.7154408, 47.115776 ], [ 28.715441, 47.1157752 ], [ 28.7154414, 47.1157743 ], [ 28.7154419, 47.1157736 ], [ 28.7154425, 47.1157728 ], [ 28.7154433, 47.1157721 ], [ 28.7154441, 47.1157714 ], [ 28.715445, 47.1157708 ], [ 28.7154523, 47.1157664 ], [ 28.7154533, 47.1157658 ], [ 28.7154544, 47.1157653 ], [ 28.7154556, 47.1157649 ], [ 28.7154568, 47.1157646 ], [ 28.7154581, 47.1157643 ], [ 28.7154594, 47.1157642 ], [ 28.7154607, 47.1157641 ], [ 28.7154621, 47.1157641 ], [ 28.7154634, 47.1157643 ], [ 28.7154647, 47.1157645 ], [ 28.7154659, 47.1157647 ], [ 28.7154671, 47.1157651 ], [ 28.7154683, 47.1157656 ], [ 28.7154693, 47.1157661 ], [ 28.7154703, 47.1157667 ], [ 28.7154712, 47.1157674 ], [ 28.7155081, 47.1157979 ], [ 28.7155088, 47.1157986 ], [ 28.7155095, 47.1157994 ], [ 28.71551, 47.1158002 ], [ 28.7155105, 47.115801 ], [ 28.7155108, 47.1158019 ], [ 28.715511, 47.1158028 ], [ 28.7155111, 47.1158036 ], [ 28.715511, 47.1158045 ], [ 28.7155108, 47.1158054 ], [ 28.7155105, 47.1158063 ], [ 28.71551, 47.1158071 ], [ 28.7155095, 47.1158079 ], [ 28.7155088, 47.1158087 ], [ 28.715508, 47.1158094 ], [ 28.7155072, 47.11581 ], [ 28.7155062, 47.1158106 ], [ 28.7154986, 47.1158148 ] ], [ [ 28.7150138, 47.1152548 ], [ 28.7150147, 47.1152543 ], [ 28.7150158, 47.1152538 ], [ 28.7150169, 47.1152534 ], [ 28.7150181, 47.115253 ], [ 28.7150193, 47.1152528 ], [ 28.7150206, 47.1152526 ], [ 28.7150219, 47.1152525 ], [ 28.7150231, 47.1152525 ], [ 28.7150244, 47.1152526 ], [ 28.7150257, 47.1152528 ], [ 28.7150269, 47.115253 ], [ 28.7150281, 47.1152533 ], [ 28.7150292, 47.1152537 ], [ 28.7150303, 47.1152542 ], [ 28.7150313, 47.1152548 ], [ 28.7150322, 47.1152554 ], [ 28.715033, 47.115256 ], [ 28.7151047, 47.1153199 ], [ 28.7151054, 47.1153207 ], [ 28.7151061, 47.1153214 ], [ 28.7151066, 47.1153222 ], [ 28.715107, 47.115323 ], [ 28.7151072, 47.1153239 ], [ 28.7151074, 47.1153248 ], [ 28.7151074, 47.1153256 ], [ 28.7151073, 47.1153265 ], [ 28.7151071, 47.1153274 ], [ 28.7151068, 47.1153282 ], [ 28.7151063, 47.115329 ], [ 28.7151057, 47.1153298 ], [ 28.7151051, 47.1153305 ], [ 28.7151043, 47.1153312 ], [ 28.7151034, 47.1153319 ], [ 28.7151024, 47.1153324 ], [ 28.7151014, 47.115333 ], [ 28.7151003, 47.1153334 ], [ 28.7150991, 47.1153338 ], [ 28.7150979, 47.115334 ], [ 28.7150967, 47.1153342 ], [ 28.7150954, 47.1153344 ], [ 28.7150942, 47.1153344 ], [ 28.7150929, 47.1153344 ], [ 28.7150916, 47.1153342 ], [ 28.7150904, 47.115334 ], [ 28.7150892, 47.1153337 ], [ 28.715088, 47.1153333 ], [ 28.7150869, 47.1153329 ], [ 28.7150859, 47.1153324 ], [ 28.7150849, 47.1153318 ], [ 28.7150841, 47.1153311 ], [ 28.7150091, 47.1152692 ], [ 28.7150084, 47.1152685 ], [ 28.7150077, 47.1152678 ], [ 28.7150072, 47.115267 ], [ 28.7150067, 47.1152662 ], [ 28.7150064, 47.1152654 ], [ 28.7150062, 47.1152645 ], [ 28.7150061, 47.1152637 ], [ 28.7150062, 47.1152628 ], [ 28.7150063, 47.115262 ], [ 28.7150066, 47.1152611 ], [ 28.715007, 47.1152603 ], [ 28.7150075, 47.1152595 ], [ 28.7150081, 47.1152588 ], [ 28.7150088, 47.1152581 ], [ 28.7150096, 47.1152574 ], [ 28.7150105, 47.1152568 ], [ 28.7150138, 47.1152548 ] ] ] } },
{ "type": "Feature", "properties": { "vineyard_id": "V24", "n_rows": 66, "row_spacing_m": 2.58, "vine_spacing_m": 1.51, "area_m2": 7807.76 }, "geometry": { "type": "MultiPolygon", "coordinates": [ [ [ [ 28.7179621, 47.1144748 ], [ 28.7180145, 47.1145228 ], [ 28.7180152, 47.1145235 ], [ 28.7180158, 47.1145243 ], [ 28.7180163, 47.1145251 ], [ 28.7180167, 47.1145259 ], [ 28.7180169, 47.1145267 ], [ 28.7180171, 47.1145276 ], [ 28.7180171, 47.1145285 ], [ 28.718017, 47.1145293 ], [ 28.7180168, 47.1145302 ], [ 28.7180164, 47.114531 ], [ 28.718016, 47.1145318 ], [ 28.7180154, 47.1145326 ], [ 28.7180147, 47.1145333 ], [ 28.7180139, 47.114534 ], [ 28.7180131, 47.1145346 ], [ 28.7180121, 47.1145352 ], [ 28.7179966, 47.1145436 ], [ 28.7179964, 47.1145437 ], [ 28.7179966, 47.1145439 ], [ 28.7180266, 47.1145697 ], [ 28.7180273, 47.1145704 ], [ 28.718028, 47.1145712 ], [ 28.7180285, 47.1145719 ], [ 28.7180289, 47.1145728 ], [ 28.7180292, 47.1145736 ], [ 28.7180294, 47.1145745 ], [ 28.7180294, 47.1145753 ], [ 28.7180294, 47.1145762 ], [ 28.7180292, 47.114577 ], [ 28.7180289, 47.1145779 ], [ 28.7180285, 47.1145787 ], [ 28.7180279, 47.1145795 ], [ 28.7180273, 47.1145802 ], [ 28.7180265, 47.1145809 ], [ 28.7180257, 47.1145816 ], [ 28.7180248, 47.1145822 ], [ 28.7180081, 47.1145918 ], [ 28.7180079, 47.1145919 ], [ 28.7180081, 47.1145921 ], [ 28.7180188, 47.1146007 ], [ 28.718019, 47.1146008 ], [ 28.7180192, 47.1146007 ], [ 28.7180349, 47.1145916 ], [ 28.7180359, 47.1145911 ], [ 28.718037, 47.1145906 ], [ 28.7180382, 47.1145903 ], [ 28.7180394, 47.1145899 ], [ 28.7180406, 47.1145897 ], [ 28.7180419, 47.1145896 ], [ 28.7180432, 47.1145895 ], [ 28.7180445, 47.1145895 ], [ 28.7180457, 47.1145896 ], [ 28.718047, 47.1145898 ], [ 28.7180482, 47.1145901 ], [ 28.7180494, 47.1145905 ], [ 28.7180505, 47.1145909 ], [ 28.7180516, 47.1145914 ], [ 28.7180525, 47.114592 ], [ 28.7180534, 47.1145927 ], [ 28.7181362, 47.1146588 ], [ 28.7181365, 47.114659 ], [ 28.7181367, 47.1146589 ], [ 28.7181434, 47.114655 ], [ 28.7181444, 47.1146544 ], [ 28.7181455, 47.114654 ], [ 28.7181467, 47.1146536 ], [ 28.7181479, 47.1146532 ], [ 28.7181491, 47.114653 ], [ 28.7181504, 47.1146529 ], [ 28.7181517, 47.1146528 ], [ 28.718153, 47.1146528 ], [ 28.7181543, 47.1146529 ], [ 28.7181555, 47.1146531 ], [ 28.7181568, 47.1146534 ], [ 28.7181579, 47.1146538 ], [ 28.7181591, 47.1146542 ], [ 28.7181601, 47.1146547 ], [ 28.7181611, 47.1146553 ], [ 28.718162, 47.114656 ], [ 28.7181714, 47.1146636 ], [ 28.7181722, 47.1146643 ], [ 28.7181729, 47.114665 ], [ 28.7181735, 47.1146658 ], [ 28.7181739, 47.1146666 ], [ 28.7181743, 47.1146675 ], [ 28.7181745, 47.1146684 ], [ 28.7181746, 47.1146692 ], [ 28.7181745, 47.1146701 ], [ 28.7181744, 47.114671 ], [ 28.7181741, 47.1146718 ], [ 28.7181737, 47.1146727 ], [ 28.7181731, 47.1146735 ], [ 28.7181725, 47.1146743 ], [ 28.7181717, 47.114675 ], [ 28.7181709, 47.1146756 ], [ 28.7181699, 47.1146762 ], [ 28.7181689, 47.1146768 ], [ 28.7181678, 47.1146772 ], [ 28.7181667, 47.1146776 ], [ 28.7181655, 47.114678 ], [ 28.7181642, 47.1146782 ], [ 28.718163, 47.1146783 ], [ 28.718163, 47.1146783 ], [ 28.7181627, 47.1146785 ], [ 28.7181487, 47.1146875 ], [ 28.7181477, 47.114688 ], [ 28.7181467, 47.1146885 ], [ 28.7181455, 47.114689 ], [ 28.7181444, 47.1146893 ], [ 28.7181431, 47.1146896 ], [ 28.7181418, 47.1146898 ], [ 28.7181406, 47.1146899 ], [ 28.7181393, 47.1146899 ], [ 28.718138, 47.1146898 ], [ 28.7181367, 47.1146897 ], [ 28.7181354, 47.1146894 ], [ 28.7181342, 47.1146891 ], [ 28.7181331, 47.1146887 ], [ 28.718132, 47.1146882 ], [ 28.718131, 47.1146877 ], [ 28.718107, 47.1146732 ], [ 28.7181068, 47.1146731 ], [ 28.7180527, 47.1146389 ], [ 28.7180525, 47.1146388 ], [ 28.7180522, 47.1146389 ], [ 28.7180301, 47.1146553 ], [ 28.7180299, 47.1146555 ], [ 28.7180301, 47.1146556 ], [ 28.7180844, 47.1146899 ], [ 28.7180844, 47.1146899 ], [ 28.7180847, 47.1146901 ], [ 28.7180847, 47.1146901 ], [ 28.7181026, 47.1147009 ], [ 28.7181035, 47.1147015 ], [ 28.7181044, 47.1147022 ], [ 28.7181051, 47.114703 ], [ 28.7181058, 47.1147038 ], [ 28.7181063, 47.1147046 ], [ 28.7181067, 47.1147055 ], [ 28.7181069, 47.1147063 ], [ 28.718107, 47.1147072 ], [ 28.718107, 47.1147081 ], [ 28.7181069, 47.114709 ], [ 28.7181066, 47.1147099 ], [ 28.7181062, 47.1147108 ], [ 28.7181057, 47.1147116 ], [ 28.7181051, 47.1147124 ], [ 28.7181043, 47.1147131 ], [ 28.7181035, 47.1147138 ], [ 28.7181026, 47.1147144 ], [ 28.7181009, 47.1147154 ], [ 28.7181007, 47.1147156 ], [ 28.7181009, 47.1147157 ], [ 28.718154, 47.1147572 ], [ 28.7181541, 47.1147572 ], [ 28.7181542, 47.1147574 ], [ 28.7181543, 47.1147574 ], [ 28.7182429, 47.1148237 ], [ 28.7182431, 47.1148239 ], [ 28.7182434, 47.1148237 ], [ 28.7182675, 47.1148087 ], [ 28.7182678, 47.1148085 ], [ 28.7182676, 47.1148084 ], [ 28.7182341, 47.1147833 ], [ 28.7182333, 47.1147827 ], [ 28.7182326, 47.1147819 ], [ 28.718232, 47.1147812 ], [ 28.7182315, 47.1147804 ], [ 28.7182311, 47.1147795 ], [ 28.7182308, 47.1147787 ], [ 28.7182307, 47.1147778 ], [ 28.7182307, 47.1147769 ], [ 28.7182308, 47.1147761 ], [ 28.718231, 47.1147752 ], [ 28.7182314, 47.1147744 ], [ 28.7182319, 47.1147735 ], [ 28.7182324, 47.1147728 ], [ 28.7182331, 47.114772 ], [ 28.7182339, 47.1147713 ], [ 28.7182348, 47.1147707 ], [ 28.7182358, 47.1147701 ], [ 28.7182368, 47.1147696 ], [ 28.718238, 47.1147692 ], [ 28.7182391, 47.1147689 ], [ 28.7182404, 47.1147686 ], [ 28.7182416, 47.1147684 ], [ 28.7182429, 47.1147683 ], [ 28.7182442, 47.1147683 ], [ 28.7182454, 47.1147683 ], [ 28.7182467, 47.1147685 ], [ 28.7182479, 47.1147687 ], [ 28.7182491, 47.114769 ], [ 28.7182503, 47.1147694 ], [ 28.7182514, 47.1147699 ], [ 28.7182524, 47.1147704 ], [ 28.7182533, 47.114771 ], [ 28.7183422, 47.1148337 ], [ 28.7183424, 47.1148339 ], [ 28.7183426, 47.1148337 ], [ 28.7183427, 47.1148337 ], [ 28.7183436, 47.1148331 ], [ 28.7183447, 47.1148326 ], [ 28.7183458, 47.1148322 ], [ 28.718347, 47.1148318 ], [ 28.7183482, 47.1148315 ], [ 28.7183494, 47.1148313 ], [ 28.7183507, 47.1148312 ], [ 28.718352, 47.1148312 ], [ 28.7183533, 47.1148312 ], [ 28.7183545, 47.1148314 ], [ 28.7183558, 47.1148316 ], [ 28.718357, 47.1148319 ], [ 28.7183582, 47.1148323 ], [ 28.7183593, 47.1148327 ], [ 28.7183603, 47.1148333 ], [ 28.7183612, 47.1148339 ], [ 28.7183621, 47.1148345 ], [ 28.7183787, 47.1148486 ], [ 28.7183787, 47.1148486 ], [ 28.7183789, 47.1148488 ], [ 28.718379, 47.1148488 ], [ 28.7184298, 47.1148899 ], [ 28.71843, 47.11489 ], [ 28.7184302, 47.1148899 ], [ 28.7184552, 47.1148755 ], [ 28.7184554, 47.1148754 ], [ 28.7184552, 47.1148752 ], [ 28.7184046, 47.1148343 ], [ 28.7184044, 47.1148341 ], [ 28.7183762, 47.1148102 ], [ 28.7183754, 47.1148094 ], [ 28.7183747, 47.1148087 ], [ 28.7183742, 47.1148079 ], [ 28.7183738, 47.114807 ], [ 28.7183735, 47.1148061 ], [ 28.7183733, 47.1148053 ], [ 28.7183733, 47.1148044 ], [ 28.7183734, 47.1148035 ], [ 28.7183736, 47.1148026 ], [ 28.7183739, 47.1148017 ], [ 28.7183744, 47.1148009 ], [ 28.718375, 47.1148001 ], [ 28.7183757, 47.1147993 ], [ 28.7183765, 47.1147986 ], [ 28.7183774, 47.114798 ], [ 28.7183784, 47.1147974 ], [ 28.7183794, 47.1147969 ], [ 28.7183806, 47.1147965 ], [ 28.7183818, 47.1147961 ], [ 28.718383, 47.1147958 ], [ 28.7183843, 47.1147956 ], [ 28.7183856, 47.1147955 ], [ 28.7183869, 47.1147955 ], [ 28.7183882, 47.1147956 ], [ 28.7183895, 47.1147958 ], [ 28.7183908, 47.114796 ], [ 28.718392, 47.1147964 ], [ 28.7183931, 47.1147968 ], [ 28.7183942, 47.1147973 ], [ 28.7183952, 47.1147978 ], [ 28.7183962, 47.1147985 ], [ 28.7184284, 47.1148225 ], [ 28.7184287, 47.1148227 ], [ 28.7184627, 47.1148496 ], [ 28.7184629, 47.1148497 ], [ 28.7184632, 47.1148496 ], [ 28.7184879, 47.114835 ], [ 28.7184881, 47.1148348 ], [ 28.7184881, 47.1148347 ], [ 28.7184879, 47.1148338 ], [ 28.7184879, 47.114833 ], [ 28.718488, 47.1148321 ], [ 28.7184882, 47.1148313 ], [ 28.7184885, 47.1148304 ], [ 28.7184889, 47.1148296 ], [ 28.7184895, 47.1148288 ], [ 28.7184902, 47.1148281 ], [ 28.7184909, 47.1148274 ], [ 28.7184918, 47.1148267 ], [ 28.7184927, 47.1148262 ], [ 28.7184938, 47.1148257 ], [ 28.7184949, 47.1148252 ], [ 28.718496, 47.1148248 ], [ 28.7184972, 47.1148245 ], [ 28.7184984, 47.1148243 ], [ 28.7184997, 47.1148242 ], [ 28.718501, 47.1148242 ], [ 28.7185022, 47.1148242 ], [ 28.7185035, 47.1148243 ], [ 28.7185047, 47.1148245 ], [ 28.7185059, 47.1148248 ], [ 28.7185071, 47.1148252 ], [ 28.7185082, 47.1148256 ], [ 28.7185092, 47.1148261 ], [ 28.7185102, 47.1148267 ], [ 28.7185111, 47.1148273 ], [ 28.7185264, 47.1148395 ], [ 28.7185266, 47.1148397 ], [ 28.7185269, 47.1148396 ], [ 28.7185422, 47.1148306 ], [ 28.7185432, 47.1148301 ], [ 28.7185443, 47.1148296 ], [ 28.7185455, 47.1148292 ], [ 28.7185467, 47.1148289 ], [ 28.7185479, 47.1148286 ], [ 28.7185492, 47.1148285 ], [ 28.7185505, 47.1148284 ], [ 28.7185517, 47.1148285 ], [ 28.718553, 47.1148286 ], [ 28.7185543, 47.1148288 ], [ 28.7185555, 47.114829 ], [ 28.7185561, 47.1148292 ], [ 28.7185563, 47.1148291 ], [ 28.7185685, 47.1148211 ], [ 28.7185695, 47.1148206 ], [ 28.7185705, 47.1148201 ], [ 28.7185716, 47.1148196 ], [ 28.7185727, 47.1148193 ], [ 28.7185739, 47.114819 ], [ 28.7185752, 47.1148188 ], [ 28.7185764, 47.1148187 ], [ 28.7185777, 47.1148187 ], [ 28.7185789, 47.1148187 ], [ 28.7185802, 47.1148188 ], [ 28.7185814, 47.114819 ], [ 28.7185826, 47.1148193 ], [ 28.7185837, 47.1148197 ], [ 28.7185848, 47.1148201 ], [ 28.7185858, 47.1148206 ], [ 28.7185868, 47.1148212 ], [ 28.7186074, 47.1148348 ], [ 28.7186078, 47.1148351 ], [ 28.7186252, 47.1148477 ], [ 28.7186254, 47.1148478 ], [ 28.7186256, 47.1148477 ], [ 28.7186494, 47.1148324 ], [ 28.7186497, 47.1148323 ], [ 28.7186495, 47.1148321 ], [ 28.7186317, 47.1148192 ], [ 28.7186316, 47.1148191 ], [ 28.7186311, 47.1148188 ], [ 28.718631, 47.1148187 ], [ 28.718614, 47.1148075 ], [ 28.7186131, 47.1148069 ], [ 28.7186123, 47.1148062 ], [ 28.7186117, 47.1148054 ], [ 28.7186111, 47.1148047 ], [ 28.7186106, 47.1148038 ], [ 28.7186103, 47.114803 ], [ 28.7186101, 47.1148021 ], [ 28.71861, 47.1148013 ], [ 28.71861, 47.1148004 ], [ 28.7186102, 47.1147995 ], [ 28.7186104, 47.1147987 ], [ 28.7186108, 47.1147978 ], [ 28.7186113, 47.114797 ], [ 28.718612, 47.1147963 ], [ 28.7186127, 47.1147956 ], [ 28.7186135, 47.1147949 ], [ 28.7186144, 47.1147943 ], [ 28.7186228, 47.1147892 ], [ 28.718623, 47.1147891 ], [ 28.7186228, 47.1147889 ], [ 28.7186139, 47.114782 ], [ 28.7186131, 47.1147813 ], [ 28.7186123, 47.1147806 ], [ 28.7186117, 47.1147798 ], [ 28.7186113, 47.1147789 ], [ 28.7186109, 47.1147781 ], [ 28.7186107, 47.1147772 ], [ 28.7186106, 47.1147763 ], [ 28.7186106, 47.1147754 ], [ 28.7186108, 47.1147745 ], [ 28.7186111, 47.1147736 ], [ 28.7186115, 47.1147727 ], [ 28.7186121, 47.1147719 ], [ 28.7186127, 47.1147711 ], [ 28.7186135, 47.1147704 ], [ 28.7186144, 47.1147697 ], [ 28.7186277, 47.1147605 ], [ 28.7186279, 47.1147604 ], [ 28.7186279, 47.1147602 ], [ 28.7186276, 47.1147593 ], [ 28.7186275, 47.1147584 ], [ 28.7186275, 47.1147576 ], [ 28.7186276, 47.1147567 ], [ 28.7186278, 47.1147558 ], [ 28.7186282, 47.1147549 ], [ 28.7186287, 47.1147541 ], [ 28.7186293, 47.1147533 ], [ 28.7186301, 47.1147526 ], [ 28.7186309, 47.1147519 ], [ 28.7186318, 47.1147513 ], [ 28.71865, 47.1147401 ], [ 28.7186503, 47.1147399 ], [ 28.7186501, 47.1147398 ], [ 28.7185601, 47.1146715 ], [ 28.7185599, 47.1146714 ], [ 28.7185597, 47.1146715 ], [ 28.7185354, 47.1146864 ], [ 28.7185352, 47.1146866 ], [ 28.7185353, 47.1146867 ], [ 28.7185361, 47.1146875 ], [ 28.7185368, 47.1146882 ], [ 28.7185373, 47.1146891 ], [ 28.7185378, 47.1146899 ], [ 28.7185381, 47.1146908 ], [ 28.7185382, 47.1146917 ], [ 28.7185383, 47.1146926 ], [ 28.7185382, 47.1146936 ], [ 28.7185379, 47.1146945 ], [ 28.7185376, 47.1146953 ], [ 28.7185371, 47.1146962 ], [ 28.7185365, 47.114697 ], [ 28.7185357, 47.1146977 ], [ 28.7185349, 47.1146984 ], [ 28.7185339, 47.1146991 ], [ 28.7185285, 47.1147024 ], [ 28.7185275, 47.114703 ], [ 28.7185264, 47.1147035 ], [ 28.7185253, 47.1147039 ], [ 28.7185241, 47.1147042 ], [ 28.7185228, 47.1147045 ], [ 28.7185215, 47.1147047 ], [ 28.7185202, 47.1147047 ], [ 28.7185189, 47.1147047 ], [ 28.7185176, 47.1147046 ], [ 28.7185164, 47.1147045 ], [ 28.7185151, 47.1147042 ], [ 28.7185139, 47.1147038 ], [ 28.7185128, 47.1147034 ], [ 28.7185117, 47.1147029 ], [ 28.7185107, 47.1147023 ], [ 28.7185098, 47.1147017 ], [ 28.718494, 47.1146895 ], [ 28.7184938, 47.1146894 ], [ 28.7184936, 47.1146895 ], [ 28.718484, 47.1146952 ], [ 28.718483, 47.1146958 ], [ 28.7184819, 47.1146963 ], [ 28.7184808, 47.1146967 ], [ 28.7184795, 47.114697 ], [ 28.7184783, 47.1146973 ], [ 28.718477, 47.1146974 ], [ 28.7184757, 47.1146975 ], [ 28.7184744, 47.1146975 ], [ 28.7184731, 47.1146974 ], [ 28.7184718, 47.1146972 ], [ 28.7184706, 47.1146969 ], [ 28.7184694, 47.1146965 ], [ 28.7184683, 47.1146961 ], [ 28.7184672, 47.1146956 ], [ 28.7184662, 47.114695 ], [ 28.7184653, 47.1146944 ], [ 28.7183902, 47.1146347 ], [ 28.7183894, 47.114634 ], [ 28.7183887, 47.1146333 ], [ 28.7183881, 47.1146325 ], [ 28.7183877, 47.1146317 ], [ 28.7183873, 47.1146308 ], [ 28.7183871, 47.11463 ], [ 28.718387, 47.1146291 ], [ 28.718387, 47.1146282 ], [ 28.7183872, 47.1146274 ], [ 28.7183875, 47.1146265 ], [ 28.7183879, 47.1146257 ], [ 28.7183884, 47.1146249 ], [ 28.718389, 47.1146241 ], [ 28.7183897, 47.1146234 ], [ 28.7183905, 47.1146227 ], [ 28.7183915, 47.1146221 ], [ 28.7184045, 47.1146142 ], [ 28.7184047, 47.1146141 ], [ 28.7184045, 47.1146139 ], [ 28.7183308, 47.1145571 ], [ 28.71833, 47.1145564 ], [ 28.7183293, 47.1145557 ], [ 28.7183287, 47.1145549 ], [ 28.7183282, 47.114554 ], [ 28.7183278, 47.1145532 ], [ 28.7183276, 47.1145523 ], [ 28.7183275, 47.1145514 ], [ 28.7183275, 47.1145505 ], [ 28.7183276, 47.1145496 ], [ 28.7183279, 47.1145488 ], [ 28.7183283, 47.1145479 ], [ 28.7183289, 47.1145471 ], [ 28.7183295, 47.1145463 ], [ 28.7183302, 47.1145456 ], [ 28.7183311, 47.1145449 ], [ 28.718332, 47.1145443 ], [ 28.7183439, 47.1145373 ], [ 28.7183442, 47.1145372 ], [ 28.718344, 47.114537 ], [ 28.7182194, 47.1144383 ], [ 28.7182186, 47.1144376 ], [ 28.7182179, 47.1144368 ], [ 28.7182173, 47.114436 ], [ 28.7182169, 47.1144352 ], [ 28.7182165, 47.1144343 ], [ 28.7182163, 47.1144334 ], [ 28.7182163, 47.1144325 ], [ 28.7182163, 47.1144316 ], [ 28.7182165, 47.1144307 ], [ 28.7182168, 47.1144298 ], [ 28.7182173, 47.114429 ], [ 28.7182178, 47.1144282 ], [ 28.7182185, 47.1144274 ], [ 28.7182193, 47.1144267 ], [ 28.7182202, 47.114426 ], [ 28.7182212, 47.1144254 ], [ 28.7182378, 47.1144164 ], [ 28.718238, 47.1144162 ], [ 28.7182378, 47.1144161 ], [ 28.7181887, 47.1143741 ], [ 28.7181886, 47.114374 ], [ 28.7181883, 47.1143738 ], [ 28.7181882, 47.1143737 ], [ 28.7181482, 47.1143418 ], [ 28.718148, 47.1143416 ], [ 28.7181478, 47.1143418 ], [ 28.7181229, 47.1143563 ], [ 28.7181227, 47.1143564 ], [ 28.7181229, 47.1143566 ], [ 28.7181626, 47.1143883 ], [ 28.7181629, 47.1143885 ], [ 28.7181636, 47.1143891 ], [ 28.7181643, 47.1143898 ], [ 28.718165, 47.1143906 ], [ 28.7181655, 47.1143913 ], [ 28.7181659, 47.1143922 ], [ 28.7181662, 47.114393 ], [ 28.7181664, 47.1143938 ], [ 28.7181665, 47.1143947 ], [ 28.7181664, 47.1143956 ], [ 28.7181662, 47.1143964 ], [ 28.7181659, 47.1143973 ], [ 28.7181655, 47.1143981 ], [ 28.718165, 47.1143989 ], [ 28.7181644, 47.1143996 ], [ 28.7181636, 47.1144003 ], [ 28.7181628, 47.114401 ], [ 28.7181619, 47.1144015 ], [ 28.7181433, 47.1144125 ], [ 28.7181431, 47.1144126 ], [ 28.7181431, 47.1144127 ], [ 28.7181437, 47.1144134 ], [ 28.7181442, 47.1144142 ], [ 28.7181446, 47.114415 ], [ 28.7181449, 47.1144159 ], [ 28.7181451, 47.1144167 ], [ 28.7181452, 47.1144176 ], [ 28.7181451, 47.1144184 ], [ 28.7181449, 47.1144193 ], [ 28.7181446, 47.1144201 ], [ 28.7181442, 47.1144209 ], [ 28.7181436, 47.1144217 ], [ 28.718143, 47.1144224 ], [ 28.7181423, 47.1144231 ], [ 28.7181415, 47.1144238 ], [ 28.7181408, 47.1144242 ], [ 28.7181399, 47.1144248 ], [ 28.7181388, 47.1144254 ], [ 28.7181377, 47.1144258 ], [ 28.7181366, 47.1144262 ], [ 28.7181354, 47.1144265 ], [ 28.7181341, 47.1144268 ], [ 28.7181328, 47.1144269 ], [ 28.7181315, 47.114427 ], [ 28.7181302, 47.1144269 ], [ 28.7181289, 47.1144268 ], [ 28.7181277, 47.1144266 ], [ 28.7181265, 47.1144263 ], [ 28.7181253, 47.114426 ], [ 28.7181242, 47.1144255 ], [ 28.7181231, 47.114425 ], [ 28.7181221, 47.1144244 ], [ 28.7181213, 47.1144238 ], [ 28.718044, 47.1143613 ], [ 28.7180437, 47.1143611 ], [ 28.7180435, 47.1143613 ], [ 28.7180185, 47.1143757 ], [ 28.7180183, 47.1143758 ], [ 28.7180185, 47.114376 ], [ 28.7180344, 47.1143888 ], [ 28.7180352, 47.1143895 ], [ 28.7180358, 47.1143902 ], [ 28.7180364, 47.114391 ], [ 28.7180368, 47.1143918 ], [ 28.7180372, 47.1143927 ], [ 28.7180374, 47.1143935 ], [ 28.7180375, 47.1143944 ], [ 28.7180375, 47.1143953 ], [ 28.7180373, 47.1143961 ], [ 28.718037, 47.114397 ], [ 28.7180366, 47.1143978 ], [ 28.7180361, 47.1143986 ], [ 28.7180355, 47.1143994 ], [ 28.7180348, 47.1144001 ], [ 28.718034, 47.1144007 ], [ 28.7180331, 47.1144013 ], [ 28.7180321, 47.1144019 ], [ 28.718031, 47.1144024 ], [ 28.7180299, 47.1144028 ], [ 28.7180287, 47.1144031 ], [ 28.7180275, 47.1144034 ], [ 28.7180273, 47.1144035 ], [ 28.718013, 47.1144115 ], [ 28.718012, 47.114412 ], [ 28.7180109, 47.1144124 ], [ 28.7180097, 47.1144128 ], [ 28.7180085, 47.1144131 ], [ 28.7180073, 47.1144133 ], [ 28.718006, 47.1144134 ], [ 28.7180047, 47.1144135 ], [ 28.7180034, 47.1144135 ], [ 28.7180022, 47.1144133 ], [ 28.7180009, 47.1144131 ], [ 28.7179997, 47.1144128 ], [ 28.7179985, 47.1144125 ], [ 28.7179974, 47.114412 ], [ 28.7179964, 47.1144115 ], [ 28.7179954, 47.1144109 ], [ 28.7179946, 47.1144103 ], [ 28.7179946, 47.1144103 ], [ 28.7179943, 47.1144101 ], [ 28.7179941, 47.1144102 ], [ 28.717969, 47.1144246 ], [ 28.7179688, 47.1144247 ], [ 28.717969, 47.1144249 ], [ 28.7179808, 47.1144345 ], [ 28.7179816, 47.1144352 ], [ 28.7179823, 47.114436 ], [ 28.7179828, 47.1144368 ], [ 28.7179833, 47.1144376 ], [ 28.7179836, 47.1144384 ], [ 28.7179838, 47.1144393 ], [ 28.7179839, 47.1144402 ], [ 28.7179839, 47.1144411 ], [ 28.7179837, 47.1144419 ], [ 28.7179834, 47.1144428 ], [ 28.717983, 47.1144436 ], [ 28.7179825, 47.1144444 ], [ 28.7179818, 47.1144452 ], [ 28.7179811, 47.1144459 ], [ 28.7179802, 47.1144465 ], [ 28.7179793, 47.1144472 ], [ 28.7179645, 47.1144558 ], [ 28.7179642, 47.1144559 ], [ 28.7179644, 47.1144561 ], [ 28.7179685, 47.1144593 ], [ 28.7179692, 47.11446 ], [ 28.7179699, 47.1144607 ], [ 28.7179705, 47.1144615 ], [ 28.7179709, 47.1144623 ], [ 28.7179713, 47.1144632 ], [ 28.7179715, 47.114464 ], [ 28.7179716, 47.1144649 ], [ 28.7179716, 47.1144657 ], [ 28.7179714, 47.1144666 ], [ 28.7179712, 47.1144674 ], [ 28.7179708, 47.1144683 ], [ 28.7179703, 47.1144691 ], [ 28.7179697, 47.1144698 ], [ 28.717969, 47.1144705 ], [ 28.7179682, 47.1144712 ], [ 28.7179673, 47.1144718 ], [ 28.7179663, 47.1144724 ], [ 28.7179622, 47.1144745 ], [ 28.717962, 47.1144746 ], [ 28.7179621, 47.1144748 ] ], [ [ 28.7181901, 47.1146973 ], [ 28.7181893, 47.1146965 ], [ 28.7181886, 47.1146958 ], [ 28.718188, 47.1146949 ], [ 28.7181876, 47.1146941 ], [ 28.7181872, 47.1146932 ], [ 28.718187, 47.1146923 ], [ 28.718187, 47.1146914 ], [ 28.7181871, 47.1146905 ], [ 28.7181873, 47.1146896 ], [ 28.7181876, 47.1146888 ], [ 28.718188, 47.1146879 ], [ 28.7181886, 47.1146871 ], [ 28.7181893, 47.1146863 ], [ 28.7181901, 47.1146856 ], [ 28.718191, 47.114685 ], [ 28.718192, 47.1146844 ], [ 28.7181931, 47.1146838 ], [ 28.7181943, 47.1146834 ], [ 28.7181955, 47.114683 ], [ 28.7181957, 47.114683 ], [ 28.7181959, 47.1146829 ], [ 28.7182165, 47.1146709 ], [ 28.7182175, 47.1146704 ], [ 28.7182185, 47.1146699 ], [ 28.7182197, 47.1146695 ], [ 28.7182209, 47.1146692 ], [ 28.7182221, 47.114669 ], [ 28.7182233, 47.1146689 ], [ 28.7182246, 47.1146688 ], [ 28.7182258, 47.1146688 ], [ 28.7182271, 47.1146689 ], [ 28.7182283, 47.1146691 ], [ 28.7182295, 47.1146693 ], [ 28.7182307, 47.1146697 ], [ 28.7182318, 47.1146701 ], [ 28.7182329, 47.1146706 ], [ 28.7182338, 47.1146711 ], [ 28.7182347, 47.1146717 ], [ 28.718246, 47.1146801 ], [ 28.7182468, 47.1146808 ], [ 28.7182475, 47.1146815 ], [ 28.7182481, 47.1146823 ], [ 28.7182486, 47.1146831 ], [ 28.718249, 47.1146839 ], [ 28.7182493, 47.1146848 ], [ 28.7182494, 47.1146857 ], [ 28.7182494, 47.1146865 ], [ 28.7182493, 47.1146874 ], [ 28.718249, 47.1146883 ], [ 28.7182487, 47.1146891 ], [ 28.7182482, 47.1146899 ], [ 28.7182476, 47.1146907 ], [ 28.7182469, 47.1146915 ], [ 28.7182461, 47.1146921 ], [ 28.7182452, 47.1146928 ], [ 28.7182442, 47.1146933 ], [ 28.7182431, 47.1146938 ], [ 28.718242, 47.1146943 ], [ 28.7182408, 47.1146946 ], [ 28.7182396, 47.1146949 ], [ 28.7182383, 47.114695 ], [ 28.718237, 47.1146951 ], [ 28.718237, 47.1146951 ], [ 28.7182368, 47.1146953 ], [ 28.7182192, 47.1147053 ], [ 28.7182182, 47.1147059 ], [ 28.7182171, 47.1147063 ], [ 28.7182159, 47.1147067 ], [ 28.7182147, 47.114707 ], [ 28.7182135, 47.1147073 ], [ 28.7182122, 47.1147074 ], [ 28.7182109, 47.1147075 ], [ 28.7182096, 47.1147074 ], [ 28.7182083, 47.1147073 ], [ 28.7182071, 47.1147071 ], [ 28.7182059, 47.1147068 ], [ 28.7182047, 47.1147065 ], [ 28.7182036, 47.114706 ], [ 28.7182025, 47.1147055 ], [ 28.7182016, 47.1147049 ], [ 28.718191, 47.1146979 ], [ 28.7181901, 47.1146973 ] ] ], [ [ [ 28.7168985, 47.1151742 ], [ 28.7169835, 47.1152566 ], [ 28.7169836, 47.1152568 ], [ 28.7169839, 47.1152567 ], [ 28.7170011, 47.1152484 ], [ 28.7170022, 47.115248 ], [ 28.7170033, 47.1152476 ], [ 28.7170045, 47.1152473 ], [ 28.7170057, 47.115247 ], [ 28.7170069, 47.1152469 ], [ 28.7170082, 47.1152468 ], [ 28.7170095, 47.1152468 ], [ 28.7170107, 47.1152469 ], [ 28.717012, 47.1152471 ], [ 28.7170132, 47.1152473 ], [ 28.7170143, 47.1152476 ], [ 28.7170154, 47.115248 ], [ 28.7170165, 47.1152485 ], [ 28.7170175, 47.1152491 ], [ 28.7170184, 47.1152497 ], [ 28.7170192, 47.1152503 ], [ 28.7170898, 47.1153136 ], [ 28.71709, 47.1153137 ], [ 28.7170902, 47.1153136 ], [ 28.7171226, 47.1152968 ], [ 28.7171228, 47.1152966 ], [ 28.7171226, 47.1152965 ], [ 28.7170555, 47.1152363 ], [ 28.7170547, 47.1152356 ], [ 28.7170541, 47.1152348 ], [ 28.7170536, 47.1152339 ], [ 28.7170532, 47.1152331 ], [ 28.7170529, 47.1152322 ], [ 28.7170528, 47.1152313 ], [ 28.7170528, 47.1152304 ], [ 28.7170529, 47.1152295 ], [ 28.7170532, 47.1152286 ], [ 28.7170536, 47.1152278 ], [ 28.7170541, 47.1152269 ], [ 28.7170547, 47.1152262 ], [ 28.7170555, 47.1152254 ], [ 28.7170563, 47.1152247 ], [ 28.7170572, 47.1152241 ], [ 28.7170583, 47.1152235 ], [ 28.7170594, 47.1152231 ], [ 28.717063, 47.1152216 ], [ 28.7170641, 47.1152212 ], [ 28.7170653, 47.1152209 ], [ 28.7170665, 47.1152207 ], [ 28.7170678, 47.1152205 ], [ 28.7170691, 47.1152204 ], [ 28.7170703, 47.1152204 ], [ 28.7170716, 47.1152205 ], [ 28.7170728, 47.1152207 ], [ 28.717074, 47.1152209 ], [ 28.7170752, 47.1152213 ], [ 28.7170763, 47.1152217 ], [ 28.7170774, 47.1152222 ], [ 28.7170784, 47.1152227 ], [ 28.7170793, 47.1152233 ], [ 28.7170801, 47.115224 ], [ 28.7171939, 47.1153262 ], [ 28.7171941, 47.1153263 ], [ 28.7174411, 47.1155597 ], [ 28.7174412, 47.1155597 ], [ 28.7174415, 47.11556 ], [ 28.7174415, 47.11556 ], [ 28.7174893, 47.1156027 ], [ 28.7174895, 47.1156029 ], [ 28.7175348, 47.1156465 ], [ 28.717535, 47.1156467 ], [ 28.7175353, 47.1156465 ], [ 28.7175638, 47.1156327 ], [ 28.7175649, 47.1156322 ], [ 28.7175661, 47.1156318 ], [ 28.7175674, 47.1156315 ], [ 28.7175687, 47.1156313 ], [ 28.71757, 47.1156311 ], [ 28.7175713, 47.1156311 ], [ 28.7175727, 47.1156311 ], [ 28.717574, 47.1156312 ], [ 28.7175753, 47.1156315 ], [ 28.7175766, 47.1156318 ], [ 28.7175778, 47.1156322 ], [ 28.7175782, 47.1156323 ], [ 28.7175785, 47.1156322 ], [ 28.7176136, 47.1156183 ], [ 28.7176139, 47.1156181 ], [ 28.7176137, 47.115618 ], [ 28.717588, 47.1155878 ], [ 28.7175874, 47.115587 ], [ 28.717587, 47.1155862 ], [ 28.7175866, 47.1155853 ], [ 28.7175864, 47.1155844 ], [ 28.7175863, 47.1155835 ], [ 28.7175863, 47.1155826 ], [ 28.7175865, 47.1155817 ], [ 28.7175868, 47.1155809 ], [ 28.7175872, 47.11558 ], [ 28.7175877, 47.1155792 ], [ 28.7175884, 47.1155784 ], [ 28.7175892, 47.1155777 ], [ 28.7175901, 47.115577 ], [ 28.717591, 47.1155764 ], [ 28.7175921, 47.1155759 ], [ 28.7175999, 47.1155723 ], [ 28.7175999, 47.1155723 ], [ 28.717601, 47.1155718 ], [ 28.7176021, 47.1155714 ], [ 28.7176033, 47.115571 ], [ 28.7176045, 47.1155708 ], [ 28.7176057, 47.1155706 ], [ 28.717607, 47.1155705 ], [ 28.7176083, 47.1155705 ], [ 28.7176096, 47.1155706 ], [ 28.7176108, 47.1155707 ], [ 28.7176121, 47.115571 ], [ 28.7176133, 47.1155713 ], [ 28.7176144, 47.1155717 ], [ 28.7176155, 47.1155722 ], [ 28.7176165, 47.1155727 ], [ 28.7176174, 47.1155733 ], [ 28.7176182, 47.115574 ], [ 28.717619, 47.1155747 ], [ 28.7176339, 47.1155911 ], [ 28.7176341, 47.1155913 ], [ 28.7176343, 47.1155912 ], [ 28.7176688, 47.1155765 ], [ 28.7176691, 47.1155764 ], [ 28.7176689, 47.1155762 ], [ 28.7175837, 47.1154828 ], [ 28.7175831, 47.115482 ], [ 28.7175826, 47.1154812 ], [ 28.7175822, 47.1154804 ], [ 28.7175819, 47.1154795 ], [ 28.7175818, 47.1154787 ], [ 28.7175818, 47.1154778 ], [ 28.7175819, 47.1154769 ], [ 28.7175821, 47.1154761 ], [ 28.7175824, 47.1154752 ], [ 28.7175829, 47.1154744 ], [ 28.7175834, 47.1154736 ], [ 28.7175841, 47.1154729 ], [ 28.7175849, 47.1154722 ], [ 28.7175858, 47.1154715 ], [ 28.7175867, 47.115471 ], [ 28.7175878, 47.1154705 ], [ 28.7175889, 47.11547 ], [ 28.71759, 47.1154697 ], [ 28.7175913, 47.1154694 ], [ 28.7175925, 47.1154692 ], [ 28.7175938, 47.1154691 ], [ 28.717595, 47.115469 ], [ 28.7175963, 47.1154691 ], [ 28.7175976, 47.1154692 ], [ 28.7175988, 47.1154694 ], [ 28.7175992, 47.1154695 ], [ 28.7175994, 47.1154694 ], [ 28.7176178, 47.1154602 ], [ 28.7176189, 47.1154597 ], [ 28.71762, 47.1154593 ], [ 28.7176213, 47.1154589 ], [ 28.7176225, 47.1154587 ], [ 28.7176239, 47.1154585 ], [ 28.7176252, 47.1154584 ], [ 28.7176265, 47.1154584 ], [ 28.7176278, 47.1154586 ], [ 28.7176291, 47.1154588 ], [ 28.7176304, 47.115459 ], [ 28.7176316, 47.1154594 ], [ 28.7176327, 47.1154599 ], [ 28.7176338, 47.1154604 ], [ 28.7176348, 47.115461 ], [ 28.7176357, 47.1154617 ], [ 28.7176365, 47.1154624 ], [ 28.7177009, 47.1155274 ], [ 28.7177011, 47.1155276 ], [ 28.7177014, 47.1155275 ], [ 28.7177351, 47.1155119 ], [ 28.7177353, 47.1155118 ], [ 28.7177354, 47.1155116 ], [ 28.7177357, 47.1155108 ], [ 28.7177362, 47.1155101 ], [ 28.7177368, 47.1155093 ], [ 28.7177374, 47.1155086 ], [ 28.7177382, 47.1155079 ], [ 28.717739, 47.1155073 ], [ 28.7177399, 47.1155068 ], [ 28.7177409, 47.1155063 ], [ 28.7177429, 47.1155054 ], [ 28.7177432, 47.1155052 ], [ 28.7177431, 47.115505 ], [ 28.717743, 47.1155047 ], [ 28.7177429, 47.1155039 ], [ 28.7177429, 47.115503 ], [ 28.717743, 47.1155022 ], [ 28.7177432, 47.1155013 ], [ 28.7177436, 47.1155005 ], [ 28.717744, 47.1154997 ], [ 28.7177446, 47.1154989 ], [ 28.7177453, 47.1154982 ], [ 28.717746, 47.1154975 ], [ 28.7177469, 47.1154969 ], [ 28.7177478, 47.1154964 ], [ 28.7177489, 47.1154959 ], [ 28.7177735, 47.1154849 ], [ 28.7177737, 47.1154847 ], [ 28.7177739, 47.1154844 ], [ 28.7177744, 47.1154835 ], [ 28.7177751, 47.1154828 ], [ 28.7177758, 47.115482 ], [ 28.7177766, 47.1154814 ], [ 28.7177775, 47.1154808 ], [ 28.7177785, 47.1154802 ], [ 28.7177796, 47.1154797 ], [ 28.7177808, 47.1154793 ], [ 28.717782, 47.115479 ], [ 28.7177832, 47.1154787 ], [ 28.7177845, 47.1154786 ], [ 28.7177858, 47.1154785 ], [ 28.7177871, 47.1154785 ], [ 28.7177883, 47.1154786 ], [ 28.7177896, 47.1154788 ], [ 28.7177908, 47.115479 ], [ 28.717792, 47.1154794 ], [ 28.7177932, 47.1154798 ], [ 28.7177942, 47.1154803 ], [ 28.7177952, 47.1154809 ], [ 28.7177961, 47.1154815 ], [ 28.7177969, 47.1154822 ], [ 28.7177972, 47.1154824 ], [ 28.7177975, 47.1154823 ], [ 28.7178314, 47.115467 ], [ 28.7178317, 47.1154669 ], [ 28.7178315, 47.1154667 ], [ 28.7177916, 47.1154253 ], [ 28.7177909, 47.1154245 ], [ 28.7177904, 47.1154237 ], [ 28.71779, 47.1154229 ], [ 28.7177896, 47.115422 ], [ 28.7177895, 47.1154211 ], [ 28.7177894, 47.1154202 ], [ 28.7177895, 47.1154194 ], [ 28.7177897, 47.1154185 ], [ 28.71779, 47.1154176 ], [ 28.7177905, 47.1154168 ], [ 28.7177911, 47.115416 ], [ 28.7177917, 47.1154152 ], [ 28.7177925, 47.1154145 ], [ 28.7177934, 47.1154139 ], [ 28.7177944, 47.1154133 ], [ 28.7177954, 47.1154128 ], [ 28.7178005, 47.1154105 ], [ 28.7178016, 47.1154101 ], [ 28.7178028, 47.1154097 ], [ 28.717804, 47.1154095 ], [ 28.7178053, 47.1154093 ], [ 28.7178066, 47.1154091 ], [ 28.7178079, 47.1154091 ], [ 28.7178091, 47.1154092 ], [ 28.7178104, 47.1154093 ], [ 28.7178117, 47.1154095 ], [ 28.7178129, 47.1154098 ], [ 28.717814, 47.1154102 ], [ 28.7178151, 47.1154107 ], [ 28.7178162, 47.1154112 ], [ 28.7178171, 47.1154118 ], [ 28.717818, 47.1154125 ], [ 28.7178187, 47.1154132 ], [ 28.7178595, 47.1154564 ], [ 28.7178597, 47.1154565 ], [ 28.7178599, 47.1154564 ], [ 28.7178941, 47.1154414 ], [ 28.7178944, 47.1154413 ], [ 28.7178943, 47.1154412 ], [ 28.7178937, 47.1154404 ], [ 28.7178932, 47.1154395 ], [ 28.7178928, 47.1154386 ], [ 28.7178926, 47.1154377 ], [ 28.7178925, 47.1154368 ], [ 28.7178926, 47.1154359 ], [ 28.7178927, 47.115435 ], [ 28.7178931, 47.1154341 ], [ 28.7178935, 47.1154333 ], [ 28.7178941, 47.1154325 ], [ 28.7178947, 47.1154317 ], [ 28.7178955, 47.1154309 ], [ 28.7178964, 47.1154303 ], [ 28.7178974, 47.1154297 ], [ 28.7178985, 47.1154291 ], [ 28.7179163, 47.1154212 ], [ 28.7179165, 47.1154211 ], [ 28.7179164, 47.1154209 ], [ 28.7178945, 47.115398 ], [ 28.7178938, 47.1153973 ], [ 28.7178933, 47.1153965 ], [ 28.7178929, 47.1153956 ], [ 28.7178926, 47.1153948 ], [ 28.7178924, 47.1153939 ], [ 28.7178923, 47.115393 ], [ 28.7178924, 47.1153922 ], [ 28.7178926, 47.1153913 ], [ 28.7178929, 47.1153904 ], [ 28.7178933, 47.1153896 ], [ 28.7178939, 47.1153888 ], [ 28.7178946, 47.1153881 ], [ 28.7178953, 47.1153874 ], [ 28.7178962, 47.1153867 ], [ 28.7178972, 47.1153861 ], [ 28.7178982, 47.1153856 ], [ 28.7178998, 47.1153849 ], [ 28.7179003, 47.1153846 ], [ 28.7179009, 47.1153843 ], [ 28.7179019, 47.1153838 ], [ 28.717903, 47.1153834 ], [ 28.7179042, 47.1153831 ], [ 28.7179054, 47.1153828 ], [ 28.7179067, 47.1153827 ], [ 28.7179079, 47.1153826 ], [ 28.7179092, 47.1153825 ], [ 28.7179104, 47.1153826 ], [ 28.7179117, 47.1153828 ], [ 28.7179129, 47.115383 ], [ 28.7179141, 47.1153833 ], [ 28.7179152, 47.1153837 ], [ 28.7179163, 47.1153842 ], [ 28.7179173, 47.1153847 ], [ 28.7179182, 47.1153853 ], [ 28.717919, 47.1153859 ], [ 28.7179198, 47.1153866 ], [ 28.7179445, 47.1154126 ], [ 28.7179446, 47.1154128 ], [ 28.7179449, 47.1154127 ], [ 28.717979, 47.1153976 ], [ 28.7179793, 47.1153975 ], [ 28.7179791, 47.1153973 ], [ 28.7179214, 47.1153365 ], [ 28.7179207, 47.1153357 ], [ 28.7179202, 47.1153349 ], [ 28.7179198, 47.1153341 ], [ 28.7179195, 47.1153333 ], [ 28.7179193, 47.1153324 ], [ 28.7179192, 47.1153316 ], [ 28.7179193, 47.1153307 ], [ 28.7179195, 47.1153299 ], [ 28.7179198, 47.115329 ], [ 28.7179202, 47.1153282 ], [ 28.7179207, 47.1153274 ], [ 28.7179213, 47.1153267 ], [ 28.7179221, 47.115326 ], [ 28.7179229, 47.1153254 ], [ 28.7179238, 47.1153248 ], [ 28.7179248, 47.1153242 ], [ 28.7179384, 47.1153176 ], [ 28.7179395, 47.1153172 ], [ 28.7179406, 47.1153168 ], [ 28.7179418, 47.1153165 ], [ 28.717943, 47.1153162 ], [ 28.7179443, 47.1153161 ], [ 28.7179456, 47.115316 ], [ 28.7179468, 47.115316 ], [ 28.7179481, 47.1153161 ], [ 28.7179494, 47.1153163 ], [ 28.7179506, 47.1153165 ], [ 28.7179517, 47.1153169 ], [ 28.7179529, 47.1153173 ], [ 28.7179539, 47.1153178 ], [ 28.7179549, 47.1153183 ], [ 28.7179558, 47.115319 ], [ 28.7179566, 47.1153196 ], [ 28.7179573, 47.1153204 ], [ 28.717978, 47.1153439 ], [ 28.7179782, 47.1153441 ], [ 28.7179784, 47.115344 ], [ 28.7180133, 47.1153297 ], [ 28.7180136, 47.1153296 ], [ 28.7180134, 47.1153294 ], [ 28.7179893, 47.1153019 ], [ 28.7179887, 47.1153011 ], [ 28.7179881, 47.1153003 ], [ 28.7179878, 47.1152994 ], [ 28.7179875, 47.1152985 ], [ 28.7179874, 47.1152976 ], [ 28.7179874, 47.1152967 ], [ 28.7179876, 47.1152958 ], [ 28.7179879, 47.1152949 ], [ 28.7179883, 47.115294 ], [ 28.7179888, 47.1152932 ], [ 28.7179895, 47.1152924 ], [ 28.7179903, 47.1152917 ], [ 28.7179912, 47.115291 ], [ 28.7179922, 47.1152904 ], [ 28.7179932, 47.1152898 ], [ 28.7180216, 47.1152768 ], [ 28.7180218, 47.1152766 ], [ 28.7180217, 47.1152762 ], [ 28.7180216, 47.1152753 ], [ 28.7180216, 47.1152745 ], [ 28.7180217, 47.1152736 ], [ 28.718022, 47.1152727 ], [ 28.7180223, 47.1152719 ], [ 28.7180228, 47.115271 ], [ 28.7180234, 47.1152703 ], [ 28.7180242, 47.1152695 ], [ 28.718025, 47.1152688 ], [ 28.7180259, 47.1152682 ], [ 28.7180269, 47.1152677 ], [ 28.718028, 47.1152672 ], [ 28.7180291, 47.1152667 ], [ 28.7180303, 47.1152664 ], [ 28.7180315, 47.1152661 ], [ 28.7180328, 47.115266 ], [ 28.7180341, 47.1152659 ], [ 28.7180354, 47.1152659 ], [ 28.718036, 47.1152659 ], [ 28.7180363, 47.1152658 ], [ 28.7180701, 47.1152503 ], [ 28.7180704, 47.1152502 ], [ 28.7180702, 47.11525 ], [ 28.7180438, 47.1152232 ], [ 28.7180432, 47.1152224 ], [ 28.7180426, 47.1152216 ], [ 28.7180422, 47.1152208 ], [ 28.7180419, 47.1152199 ], [ 28.7180417, 47.115219 ], [ 28.7180416, 47.1152181 ], [ 28.7180417, 47.1152172 ], [ 28.7180419, 47.1152164 ], [ 28.7180422, 47.1152155 ], [ 28.7180426, 47.1152147 ], [ 28.7180432, 47.1152139 ], [ 28.7180439, 47.1152131 ], [ 28.7180447, 47.1152124 ], [ 28.7180455, 47.1152117 ], [ 28.7180465, 47.1152112 ], [ 28.7180476, 47.1152106 ], [ 28.7180555, 47.1152071 ], [ 28.7180566, 47.1152067 ], [ 28.7180577, 47.1152063 ], [ 28.7180589, 47.115206 ], [ 28.7180602, 47.1152058 ], [ 28.7180615, 47.1152057 ], [ 28.7180627, 47.1152056 ], [ 28.718064, 47.1152057 ], [ 28.7180653, 47.1152058 ], [ 28.7180665, 47.115206 ], [ 28.7180677, 47.1152063 ], [ 28.7180689, 47.1152067 ], [ 28.71807, 47.1152071 ], [ 28.718071, 47.1152076 ], [ 28.718072, 47.1152082 ], [ 28.7180728, 47.1152089 ], [ 28.7180736, 47.1152096 ], [ 28.718104, 47.1152403 ], [ 28.7181042, 47.1152404 ], [ 28.7181044, 47.1152403 ], [ 28.7181357, 47.1152259 ], [ 28.7181364, 47.1152256 ], [ 28.7181592, 47.1152163 ], [ 28.7181595, 47.1152162 ], [ 28.7181595, 47.1152162 ], [ 28.7181598, 47.1152154 ], [ 28.7181603, 47.1152146 ], [ 28.7181608, 47.1152137 ], [ 28.7181615, 47.115213 ], [ 28.7181623, 47.1152123 ], [ 28.7181632, 47.1152116 ], [ 28.7181642, 47.115211 ], [ 28.7181653, 47.1152105 ], [ 28.7181665, 47.11521 ], [ 28.7181677, 47.1152097 ], [ 28.7181689, 47.1152094 ], [ 28.7181702, 47.1152092 ], [ 28.7181708, 47.1152092 ], [ 28.7181711, 47.1152091 ], [ 28.7181714, 47.115209 ], [ 28.718207, 47.1151955 ], [ 28.7182072, 47.1151954 ], [ 28.7182071, 47.1151952 ], [ 28.718195, 47.1151804 ], [ 28.7181946, 47.1151798 ], [ 28.7181849, 47.1151657 ], [ 28.7181844, 47.1151648 ], [ 28.718184, 47.115164 ], [ 28.7181837, 47.1151631 ], [ 28.7181836, 47.1151622 ], [ 28.7181837, 47.1151613 ], [ 28.7181838, 47.1151604 ], [ 28.7181841, 47.1151595 ], [ 28.7181845, 47.1151586 ], [ 28.7181851, 47.1151578 ], [ 28.7181857, 47.115157 ], [ 28.7181865, 47.1151563 ], [ 28.7181874, 47.1151556 ], [ 28.7181884, 47.115155 ], [ 28.7181894, 47.1151544 ], [ 28.7181986, 47.1151501 ], [ 28.7181997, 47.1151497 ], [ 28.7182009, 47.1151493 ], [ 28.7182021, 47.115149 ], [ 28.7182034, 47.1151488 ], [ 28.7182047, 47.1151486 ], [ 28.718206, 47.1151486 ], [ 28.7182073, 47.1151486 ], [ 28.7182085, 47.1151488 ], [ 28.7182098, 47.115149 ], [ 28.718211, 47.1151493 ], [ 28.7182122, 47.1151496 ], [ 28.7182133, 47.1151501 ], [ 28.7182144, 47.1151506 ], [ 28.7182153, 47.1151512 ], [ 28.7182162, 47.1151519 ], [ 28.7182691, 47.1151957 ], [ 28.7182693, 47.1151958 ], [ 28.7182695, 47.1151957 ], [ 28.7183009, 47.115178 ], [ 28.7183012, 47.1151779 ], [ 28.7183015, 47.1151776 ], [ 28.7183023, 47.1151769 ], [ 28.7183033, 47.1151762 ], [ 28.7183044, 47.1151756 ], [ 28.7183055, 47.1151751 ], [ 28.7183067, 47.1151747 ], [ 28.7183165, 47.1151717 ], [ 28.7183178, 47.1151714 ], [ 28.718319, 47.1151712 ], [ 28.7183203, 47.115171 ], [ 28.7183216, 47.115171 ], [ 28.7183229, 47.115171 ], [ 28.7183242, 47.1151711 ], [ 28.7183255, 47.1151713 ], [ 28.7183267, 47.1151716 ], [ 28.7183279, 47.1151719 ], [ 28.718329, 47.1151724 ], [ 28.7183301, 47.1151729 ], [ 28.7183311, 47.1151735 ], [ 28.718332, 47.1151741 ], [ 28.7183327, 47.1151749 ], [ 28.7183354, 47.1151775 ], [ 28.7183356, 47.1151777 ], [ 28.7183359, 47.1151776 ], [ 28.7183694, 47.1151618 ], [ 28.7183696, 47.1151617 ], [ 28.7183695, 47.1151615 ], [ 28.7182749, 47.1150676 ], [ 28.7182742, 47.1150668 ], [ 28.7182736, 47.115066 ], [ 28.7182731, 47.1150652 ], [ 28.7182728, 47.1150643 ], [ 28.7182726, 47.1150634 ], [ 28.7182725, 47.1150625 ], [ 28.7182726, 47.1150616 ], [ 28.7182728, 47.1150608 ], [ 28.7182731, 47.1150599 ], [ 28.7182736, 47.115059 ], [ 28.7182741, 47.1150582 ], [ 28.7182748, 47.1150575 ], [ 28.7182756, 47.1150567 ], [ 28.7182765, 47.1150561 ], [ 28.7182775, 47.1150555 ], [ 28.7182786, 47.115055 ], [ 28.7182982, 47.1150463 ], [ 28.7182984, 47.1150461 ], [ 28.7182989, 47.1150459 ], [ 28.7182997, 47.1150454 ], [ 28.7183006, 47.115045 ], [ 28.7183264, 47.1150339 ], [ 28.7183267, 47.1150338 ], [ 28.7183265, 47.1150336 ], [ 28.7182627, 47.1149643 ], [ 28.718262, 47.1149635 ], [ 28.7182615, 47.1149627 ], [ 28.7182611, 47.1149618 ], [ 28.7182608, 47.114961 ], [ 28.7182607, 47.1149601 ], [ 28.7182606, 47.1149592 ], [ 28.7182607, 47.1149583 ], [ 28.718261, 47.1149575 ], [ 28.7182613, 47.1149566 ], [ 28.7182618, 47.1149558 ], [ 28.7182624, 47.114955 ], [ 28.7182631, 47.1149542 ], [ 28.7182639, 47.1149535 ], [ 28.7182648, 47.1149529 ], [ 28.7182658, 47.1149523 ], [ 28.7182669, 47.1149518 ], [ 28.718299, 47.1149383 ], [ 28.7182993, 47.1149381 ], [ 28.7182991, 47.114938 ], [ 28.718259, 47.1148937 ], [ 28.7182583, 47.1148929 ], [ 28.7182578, 47.1148921 ], [ 28.7182574, 47.1148913 ], [ 28.7182572, 47.1148904 ], [ 28.718257, 47.1148896 ], [ 28.718257, 47.1148887 ], [ 28.7182571, 47.1148878 ], [ 28.7182573, 47.114887 ], [ 28.7182576, 47.1148861 ], [ 28.7182581, 47.1148853 ], [ 28.7182587, 47.1148845 ], [ 28.7182593, 47.1148838 ], [ 28.7182601, 47.1148831 ], [ 28.718261, 47.1148825 ], [ 28.7182619, 47.1148819 ], [ 28.718263, 47.1148814 ], [ 28.7182742, 47.1148764 ], [ 28.7182753, 47.1148759 ], [ 28.7182765, 47.1148756 ], [ 28.7182773, 47.1148754 ], [ 28.7182773, 47.1148752 ], [ 28.7182774, 47.1148749 ], [ 28.7182773, 47.1148748 ], [ 28.7182684, 47.1148655 ], [ 28.7182677, 47.1148647 ], [ 28.7182672, 47.1148639 ], [ 28.7182668, 47.1148631 ], [ 28.7182665, 47.1148622 ], [ 28.7182663, 47.1148614 ], [ 28.7182662, 47.1148605 ], [ 28.7182663, 47.1148596 ], [ 28.7182665, 47.1148587 ], [ 28.7182668, 47.1148579 ], [ 28.7182673, 47.1148571 ], [ 28.7182678, 47.1148563 ], [ 28.7182685, 47.1148555 ], [ 28.7182693, 47.1148548 ], [ 28.7182701, 47.1148542 ], [ 28.7182711, 47.1148536 ], [ 28.7182721, 47.1148531 ], [ 28.7182725, 47.1148529 ], [ 28.7182736, 47.1148524 ], [ 28.7182748, 47.1148521 ], [ 28.718276, 47.1148518 ], [ 28.7182773, 47.1148516 ], [ 28.7182786, 47.1148514 ], [ 28.7182798, 47.1148514 ], [ 28.7182811, 47.1148514 ], [ 28.7182824, 47.1148516 ], [ 28.7182837, 47.1148518 ], [ 28.7182849, 47.1148521 ], [ 28.7182861, 47.1148525 ], [ 28.7182872, 47.1148529 ], [ 28.7182882, 47.1148535 ], [ 28.7182891, 47.1148541 ], [ 28.71829, 47.1148547 ], [ 28.7183001, 47.1148632 ], [ 28.7183005, 47.1148636 ], [ 28.7183066, 47.1148692 ], [ 28.7183073, 47.11487 ], [ 28.7183079, 47.1148707 ], [ 28.7183084, 47.1148716 ], [ 28.7183088, 47.1148724 ], [ 28.718309, 47.1148733 ], [ 28.7183091, 47.1148742 ], [ 28.7183091, 47.1148751 ], [ 28.718309, 47.1148759 ], [ 28.7183087, 47.1148768 ], [ 28.7183083, 47.1148776 ], [ 28.7183078, 47.1148785 ], [ 28.7183072, 47.1148792 ], [ 28.7183065, 47.11488 ], [ 28.7183057, 47.1148807 ], [ 28.7183047, 47.1148813 ], [ 28.7183037, 47.1148818 ], [ 28.7182978, 47.1148848 ], [ 28.7182967, 47.1148852 ], [ 28.7182956, 47.1148856 ], [ 28.7182944, 47.114886 ], [ 28.7182942, 47.114886 ], [ 28.718294, 47.1148866 ], [ 28.718294, 47.1148867 ], [ 28.7182942, 47.1148868 ], [ 28.718372, 47.1149601 ], [ 28.7183722, 47.1149603 ], [ 28.7183725, 47.1149602 ], [ 28.7184054, 47.1149439 ], [ 28.7184056, 47.1149437 ], [ 28.7184055, 47.1149436 ], [ 28.7183675, 47.1149078 ], [ 28.7183668, 47.1149071 ], [ 28.7183662, 47.1149063 ], [ 28.7183657, 47.1149054 ], [ 28.7183653, 47.1149045 ], [ 28.7183651, 47.1149036 ], [ 28.718365, 47.1149027 ], [ 28.718365, 47.1149018 ], [ 28.7183652, 47.1149009 ], [ 28.7183655, 47.1149 ], [ 28.718366, 47.1148992 ], [ 28.7183665, 47.1148984 ], [ 28.7183672, 47.1148976 ], [ 28.718368, 47.1148968 ], [ 28.7183689, 47.1148962 ], [ 28.7183699, 47.1148956 ], [ 28.718371, 47.114895 ], [ 28.7183781, 47.1148918 ], [ 28.7183784, 47.1148917 ], [ 28.7183782, 47.1148915 ], [ 28.7183496, 47.1148616 ], [ 28.7183495, 47.1148615 ], [ 28.718349, 47.114861 ], [ 28.7183489, 47.1148609 ], [ 28.7183334, 47.1148465 ], [ 28.7183333, 47.1148464 ], [ 28.7183328, 47.1148459 ], [ 28.7183327, 47.1148458 ], [ 28.7183062, 47.1148236 ], [ 28.718306, 47.1148234 ], [ 28.7183057, 47.1148235 ], [ 28.7182838, 47.1148357 ], [ 28.7182828, 47.1148362 ], [ 28.7182817, 47.1148366 ], [ 28.7182805, 47.114837 ], [ 28.7182793, 47.1148373 ], [ 28.718278, 47.1148375 ], [ 28.7182768, 47.1148376 ], [ 28.7182755, 47.1148377 ], [ 28.7182742, 47.1148376 ], [ 28.7182729, 47.1148375 ], [ 28.7182717, 47.1148373 ], [ 28.7182704, 47.114837 ], [ 28.7182693, 47.1148366 ], [ 28.7182682, 47.1148361 ], [ 28.7182671, 47.1148356 ], [ 28.7182662, 47.114835 ], [ 28.7182653, 47.1148344 ], [ 28.7182645, 47.1148337 ], [ 28.718263, 47.1148321 ], [ 28.7182628, 47.1148319 ], [ 28.7182626, 47.114832 ], [ 28.7182553, 47.1148353 ], [ 28.7182542, 47.1148357 ], [ 28.7182531, 47.1148361 ], [ 28.7182518, 47.1148364 ], [ 28.7182506, 47.1148366 ], [ 28.7182493, 47.1148368 ], [ 28.718248, 47.1148368 ], [ 28.7182467, 47.1148367 ], [ 28.7182454, 47.1148366 ], [ 28.7182441, 47.1148364 ], [ 28.7182429, 47.1148361 ], [ 28.7182418, 47.1148357 ], [ 28.7182407, 47.1148352 ], [ 28.7182396, 47.1148347 ], [ 28.7182387, 47.1148341 ], [ 28.7182378, 47.1148334 ], [ 28.718237, 47.1148327 ], [ 28.7182243, 47.1148194 ], [ 28.7182241, 47.1148192 ], [ 28.7182238, 47.1148193 ], [ 28.7181898, 47.1148345 ], [ 28.7181895, 47.1148346 ], [ 28.7181895, 47.1148347 ], [ 28.7181894, 47.1148354 ], [ 28.7181891, 47.1148362 ], [ 28.7181888, 47.114837 ], [ 28.7181883, 47.1148378 ], [ 28.7181877, 47.1148386 ], [ 28.718187, 47.1148393 ], [ 28.7181862, 47.11484 ], [ 28.7181853, 47.1148406 ], [ 28.7181844, 47.1148411 ], [ 28.7181833, 47.1148416 ], [ 28.7181689, 47.1148477 ], [ 28.7181677, 47.1148481 ], [ 28.7181666, 47.1148485 ], [ 28.7181653, 47.1148488 ], [ 28.7181641, 47.1148489 ], [ 28.7181628, 47.114849 ], [ 28.7181615, 47.1148491 ], [ 28.7181603, 47.114849 ], [ 28.718159, 47.1148488 ], [ 28.7181578, 47.1148486 ], [ 28.7181566, 47.1148483 ], [ 28.7181554, 47.1148479 ], [ 28.7181544, 47.1148474 ], [ 28.7181533, 47.1148469 ], [ 28.7181524, 47.1148463 ], [ 28.7181516, 47.1148456 ], [ 28.7181508, 47.1148449 ], [ 28.7181427, 47.1148363 ], [ 28.7181425, 47.1148361 ], [ 28.7180693, 47.1147614 ], [ 28.7180691, 47.1147613 ], [ 28.717883, 47.1145654 ], [ 28.7178828, 47.1145653 ], [ 28.7178825, 47.1145654 ], [ 28.7178622, 47.1145744 ], [ 28.7178611, 47.1145748 ], [ 28.7178599, 47.1145752 ], [ 28.7178587, 47.1145755 ], [ 28.7178575, 47.1145757 ], [ 28.7178562, 47.1145758 ], [ 28.7178549, 47.1145758 ], [ 28.7178537, 47.1145758 ], [ 28.7178524, 47.1145757 ], [ 28.7178512, 47.1145754 ], [ 28.71785, 47.1145751 ], [ 28.7178488, 47.1145748 ], [ 28.7178477, 47.1145743 ], [ 28.7178467, 47.1145738 ], [ 28.7178458, 47.1145732 ], [ 28.7178449, 47.1145726 ], [ 28.7178441, 47.1145719 ], [ 28.7178141, 47.114542 ], [ 28.7178139, 47.1145418 ], [ 28.7178137, 47.1145419 ], [ 28.7177835, 47.114556 ], [ 28.7177824, 47.1145565 ], [ 28.7177812, 47.1145569 ], [ 28.7177799, 47.1145572 ], [ 28.7177786, 47.1145574 ], [ 28.7177777, 47.1145575 ], [ 28.7177775, 47.1145575 ], [ 28.7177772, 47.1145577 ], [ 28.7177513, 47.1145706 ], [ 28.7177502, 47.1145711 ], [ 28.7177499, 47.1145712 ], [ 28.7177492, 47.1145715 ], [ 28.7177206, 47.1145844 ], [ 28.7177194, 47.1145848 ], [ 28.7177181, 47.1145852 ], [ 28.7177168, 47.1145855 ], [ 28.7177155, 47.1145857 ], [ 28.7177155, 47.1145857 ], [ 28.7177152, 47.1145858 ], [ 28.7176938, 47.1145958 ], [ 28.7176927, 47.1145963 ], [ 28.7176915, 47.1145967 ], [ 28.7176903, 47.114597 ], [ 28.7176891, 47.1145972 ], [ 28.7176878, 47.1145973 ], [ 28.7176865, 47.1145974 ], [ 28.7176852, 47.1145974 ], [ 28.7176839, 47.1145972 ], [ 28.7176827, 47.114597 ], [ 28.7176814, 47.1145967 ], [ 28.7176803, 47.1145964 ], [ 28.7176792, 47.1145959 ], [ 28.7176781, 47.1145954 ], [ 28.7176771, 47.1145948 ], [ 28.7176763, 47.1145942 ], [ 28.717664, 47.1145842 ], [ 28.7176638, 47.114584 ], [ 28.7176635, 47.1145842 ], [ 28.7176324, 47.114602 ], [ 28.7176321, 47.1146021 ], [ 28.7176318, 47.1146024 ], [ 28.7176317, 47.1146026 ], [ 28.7176309, 47.1146032 ], [ 28.71763, 47.1146039 ], [ 28.717629, 47.1146044 ], [ 28.7176279, 47.1146049 ], [ 28.7176268, 47.1146054 ], [ 28.7176256, 47.1146057 ], [ 28.7176244, 47.114606 ], [ 28.7176231, 47.1146062 ], [ 28.7176219, 47.1146063 ], [ 28.7176206, 47.1146063 ], [ 28.7176193, 47.1146062 ], [ 28.717618, 47.114606 ], [ 28.7176168, 47.1146058 ], [ 28.7176156, 47.1146055 ], [ 28.7176144, 47.1146051 ], [ 28.7176133, 47.1146046 ], [ 28.7176123, 47.114604 ], [ 28.7176114, 47.1146034 ], [ 28.7176106, 47.1146028 ], [ 28.7176062, 47.1145989 ], [ 28.717606, 47.1145987 ], [ 28.7176057, 47.1145988 ], [ 28.7175735, 47.1146157 ], [ 28.7175732, 47.1146159 ], [ 28.7175734, 47.114616 ], [ 28.7176012, 47.1146408 ], [ 28.7176016, 47.1146412 ], [ 28.7176283, 47.1146677 ], [ 28.7176289, 47.1146685 ], [ 28.7176295, 47.1146693 ], [ 28.71763, 47.1146701 ], [ 28.7176303, 47.114671 ], [ 28.7176305, 47.1146718 ], [ 28.7176306, 47.1146727 ], [ 28.7176305, 47.1146736 ], [ 28.7176303, 47.1146745 ], [ 28.71763, 47.1146753 ], [ 28.7176296, 47.1146762 ], [ 28.7176291, 47.114677 ], [ 28.7176284, 47.1146777 ], [ 28.7176277, 47.1146784 ], [ 28.7176268, 47.1146791 ], [ 28.7176259, 47.1146797 ], [ 28.7176249, 47.1146802 ], [ 28.7176094, 47.1146875 ], [ 28.7176092, 47.1146876 ], [ 28.7176091, 47.1146877 ], [ 28.7176088, 47.1146884 ], [ 28.7176082, 47.1146891 ], [ 28.7176075, 47.1146898 ], [ 28.7176068, 47.1146905 ], [ 28.7176059, 47.1146911 ], [ 28.717605, 47.1146917 ], [ 28.717604, 47.1146922 ], [ 28.7176038, 47.1146923 ], [ 28.7176027, 47.1146927 ], [ 28.7176015, 47.1146931 ], [ 28.7176002, 47.1146934 ], [ 28.7175989, 47.1146936 ], [ 28.7175976, 47.1146937 ], [ 28.7175962, 47.1146937 ], [ 28.7175949, 47.1146937 ], [ 28.7175936, 47.1146935 ], [ 28.7175923, 47.1146933 ], [ 28.7175911, 47.1146929 ], [ 28.7175899, 47.1146925 ], [ 28.7175888, 47.114692 ], [ 28.7175878, 47.1146914 ], [ 28.7175868, 47.1146908 ], [ 28.717586, 47.1146901 ], [ 28.7175852, 47.1146893 ], [ 28.7175584, 47.1146582 ], [ 28.7175582, 47.114658 ], [ 28.7175579, 47.1146581 ], [ 28.7175229, 47.1146722 ], [ 28.7175227, 47.1146724 ], [ 28.7175228, 47.1146725 ], [ 28.7175615, 47.1147173 ], [ 28.7175615, 47.1147174 ], [ 28.7175619, 47.1147178 ], [ 28.717562, 47.1147179 ], [ 28.7175763, 47.1147329 ], [ 28.7175843, 47.1147413 ], [ 28.717585, 47.1147421 ], [ 28.7175855, 47.1147429 ], [ 28.717586, 47.1147437 ], [ 28.7175863, 47.1147446 ], [ 28.7175864, 47.1147454 ], [ 28.7175865, 47.1147463 ], [ 28.7175864, 47.1147472 ], [ 28.7175862, 47.1147481 ], [ 28.7175859, 47.114749 ], [ 28.7175854, 47.1147498 ], [ 28.7175848, 47.1147506 ], [ 28.7175842, 47.1147513 ], [ 28.7175834, 47.114752 ], [ 28.7175825, 47.1147527 ], [ 28.7175815, 47.1147533 ], [ 28.7175805, 47.1147538 ], [ 28.7175489, 47.1147677 ], [ 28.7175486, 47.1147679 ], [ 28.7175488, 47.114768 ], [ 28.7176121, 47.1148349 ], [ 28.7176128, 47.1148357 ], [ 28.7176133, 47.1148365 ], [ 28.7176137, 47.1148373 ], [ 28.717614, 47.1148382 ], [ 28.7176142, 47.114839 ], [ 28.7176142, 47.1148399 ], [ 28.7176141, 47.1148408 ], [ 28.7176139, 47.1148417 ], [ 28.7176136, 47.1148425 ], [ 28.7176131, 47.1148434 ], [ 28.7176126, 47.1148442 ], [ 28.7176119, 47.1148449 ], [ 28.7176111, 47.1148456 ], [ 28.7176102, 47.1148463 ], [ 28.7176092, 47.1148468 ], [ 28.7176082, 47.1148473 ], [ 28.717607, 47.1148478 ], [ 28.7176059, 47.1148482 ], [ 28.7176046, 47.1148484 ], [ 28.7176034, 47.1148486 ], [ 28.7176021, 47.1148487 ], [ 28.7176008, 47.1148488 ], [ 28.7175995, 47.1148487 ], [ 28.7175982, 47.1148486 ], [ 28.717597, 47.1148483 ], [ 28.7175958, 47.114848 ], [ 28.7175946, 47.1148476 ], [ 28.7175935, 47.1148471 ], [ 28.7175925, 47.1148466 ], [ 28.7175915, 47.114846 ], [ 28.7175907, 47.1148453 ], [ 28.7175664, 47.1148242 ], [ 28.7175657, 47.1148236 ], [ 28.7175595, 47.1148171 ], [ 28.7175593, 47.1148169 ], [ 28.7175591, 47.114817 ], [ 28.717525, 47.1148322 ], [ 28.7175248, 47.1148323 ], [ 28.7175249, 47.1148325 ], [ 28.7175252, 47.1148334 ], [ 28.7175255, 47.1148343 ], [ 28.7175256, 47.1148351 ], [ 28.7175256, 47.114836 ], [ 28.7175254, 47.1148369 ], [ 28.7175251, 47.1148378 ], [ 28.7175247, 47.1148386 ], [ 28.7175242, 47.1148394 ], [ 28.7175236, 47.1148402 ], [ 28.7175229, 47.1148409 ], [ 28.717522, 47.1148416 ], [ 28.7175211, 47.1148422 ], [ 28.7175201, 47.1148428 ], [ 28.717519, 47.1148433 ], [ 28.7175178, 47.1148437 ], [ 28.7175166, 47.114844 ], [ 28.7175153, 47.1148442 ], [ 28.7175141, 47.1148444 ], [ 28.7175128, 47.1148445 ], [ 28.7175115, 47.1148444 ], [ 28.7175102, 47.1148443 ], [ 28.7175089, 47.1148441 ], [ 28.7175077, 47.1148439 ], [ 28.7175065, 47.1148435 ], [ 28.7175053, 47.1148431 ], [ 28.7175043, 47.1148425 ], [ 28.7175033, 47.114842 ], [ 28.7175024, 47.1148413 ], [ 28.7175021, 47.1148411 ], [ 28.7175018, 47.1148412 ], [ 28.7174697, 47.1148582 ], [ 28.7174694, 47.1148583 ], [ 28.7174693, 47.1148585 ], [ 28.7174691, 47.1148589 ], [ 28.7174686, 47.1148598 ], [ 28.7174679, 47.1148605 ], [ 28.7174671, 47.1148613 ], [ 28.7174663, 47.1148619 ], [ 28.7174653, 47.1148625 ], [ 28.7174643, 47.1148631 ], [ 28.7174503, 47.1148696 ], [ 28.7174501, 47.1148697 ], [ 28.7174502, 47.1148699 ], [ 28.7175026, 47.1149222 ], [ 28.7175033, 47.114923 ], [ 28.7175038, 47.1149238 ], [ 28.7175043, 47.1149246 ], [ 28.7175046, 47.1149255 ], [ 28.7175048, 47.1149263 ], [ 28.7175049, 47.1149272 ], [ 28.7175048, 47.1149281 ], [ 28.7175047, 47.1149289 ], [ 28.7175044, 47.1149298 ], [ 28.717504, 47.1149306 ], [ 28.7175034, 47.1149314 ], [ 28.7175028, 47.1149322 ], [ 28.717502, 47.1149329 ], [ 28.7175012, 47.1149336 ], [ 28.7175003, 47.1149342 ], [ 28.7174992, 47.1149347 ], [ 28.7174981, 47.1149352 ], [ 28.717497, 47.1149356 ], [ 28.7174958, 47.1149359 ], [ 28.7174945, 47.1149361 ], [ 28.7174933, 47.1149362 ], [ 28.717492, 47.1149363 ], [ 28.7174907, 47.1149363 ], [ 28.7174894, 47.1149362 ], [ 28.7174882, 47.114936 ], [ 28.717487, 47.1149357 ], [ 28.7174858, 47.1149353 ], [ 28.7174847, 47.1149349 ], [ 28.7174836, 47.1149344 ], [ 28.7174826, 47.1149338 ], [ 28.7174817, 47.1149332 ], [ 28.717481, 47.1149325 ], [ 28.7174692, 47.1149212 ], [ 28.717469, 47.114921 ], [ 28.7174688, 47.1149211 ], [ 28.7174356, 47.1149371 ], [ 28.7174353, 47.1149373 ], [ 28.7174355, 47.1149374 ], [ 28.7174366, 47.1149385 ], [ 28.7174373, 47.1149393 ], [ 28.7174379, 47.1149401 ], [ 28.7174384, 47.1149409 ], [ 28.7174387, 47.1149418 ], [ 28.7174389, 47.1149427 ], [ 28.717439, 47.1149436 ], [ 28.717439, 47.1149445 ], [ 28.7174388, 47.1149454 ], [ 28.7174385, 47.1149462 ], [ 28.717438, 47.1149471 ], [ 28.7174375, 47.1149479 ], [ 28.7174368, 47.1149487 ], [ 28.717436, 47.1149494 ], [ 28.7174352, 47.1149501 ], [ 28.7174342, 47.1149507 ], [ 28.7174331, 47.1149512 ], [ 28.717432, 47.1149517 ], [ 28.7174308, 47.114952 ], [ 28.7174296, 47.1149523 ], [ 28.7174283, 47.1149526 ], [ 28.717427, 47.1149527 ], [ 28.7174256, 47.1149527 ], [ 28.7174243, 47.1149527 ], [ 28.717423, 47.1149525 ], [ 28.7174218, 47.1149523 ], [ 28.7174217, 47.1149523 ], [ 28.7174214, 47.1149524 ], [ 28.7174131, 47.1149564 ], [ 28.717412, 47.1149569 ], [ 28.7174108, 47.1149573 ], [ 28.7174096, 47.1149576 ], [ 28.7174083, 47.1149579 ], [ 28.717407, 47.114958 ], [ 28.7174057, 47.1149581 ], [ 28.7174044, 47.1149581 ], [ 28.717403, 47.1149579 ], [ 28.7174018, 47.1149577 ], [ 28.7174005, 47.1149574 ], [ 28.7173993, 47.1149571 ], [ 28.7173982, 47.1149566 ], [ 28.7173971, 47.1149561 ], [ 28.7173961, 47.1149555 ], [ 28.7173952, 47.1149548 ], [ 28.7173945, 47.1149541 ], [ 28.7173879, 47.1149472 ], [ 28.7173877, 47.1149471 ], [ 28.7173874, 47.1149472 ], [ 28.7173535, 47.1149625 ], [ 28.7173532, 47.1149626 ], [ 28.7173534, 47.1149628 ], [ 28.7173835, 47.1149939 ], [ 28.7173841, 47.1149947 ], [ 28.7173847, 47.1149955 ], [ 28.7173851, 47.1149963 ], [ 28.7173854, 47.1149972 ], [ 28.7173856, 47.1149981 ], [ 28.7173857, 47.114999 ], [ 28.7173856, 47.1149999 ], [ 28.7173854, 47.1150008 ], [ 28.717385, 47.1150016 ], [ 28.7173846, 47.1150025 ], [ 28.717384, 47.1150033 ], [ 28.7173833, 47.115004 ], [ 28.7173825, 47.1150047 ], [ 28.7173816, 47.1150054 ], [ 28.7173806, 47.115006 ], [ 28.7173795, 47.1150065 ], [ 28.7173784, 47.1150069 ], [ 28.7173772, 47.1150073 ], [ 28.7173759, 47.1150075 ], [ 28.7173747, 47.1150077 ], [ 28.7173734, 47.1150078 ], [ 28.7173721, 47.1150079 ], [ 28.7173715, 47.1150078 ], [ 28.7173711, 47.1150078 ], [ 28.7173709, 47.1150079 ], [ 28.7173557, 47.1150151 ], [ 28.7173546, 47.1150156 ], [ 28.7173534, 47.1150159 ], [ 28.7173522, 47.1150163 ], [ 28.7173509, 47.1150165 ], [ 28.7173496, 47.1150166 ], [ 28.7173483, 47.1150167 ], [ 28.717347, 47.1150166 ], [ 28.7173457, 47.1150165 ], [ 28.7173444, 47.1150163 ], [ 28.7173432, 47.115016 ], [ 28.717342, 47.1150156 ], [ 28.7173409, 47.1150152 ], [ 28.7173398, 47.1150146 ], [ 28.7173389, 47.115014 ], [ 28.7173043, 47.1149902 ], [ 28.7173039, 47.1149899 ], [ 28.7172155, 47.1149223 ], [ 28.7172153, 47.1149221 ], [ 28.717215, 47.1149222 ], [ 28.7171847, 47.1149407 ], [ 28.7171845, 47.1149409 ], [ 28.7171847, 47.114941 ], [ 28.7172099, 47.1149603 ], [ 28.7172107, 47.114961 ], [ 28.7172115, 47.1149618 ], [ 28.7172121, 47.1149626 ], [ 28.7172126, 47.1149635 ], [ 28.7172129, 47.1149643 ], [ 28.7172131, 47.1149652 ], [ 28.7172132, 47.1149661 ], [ 28.7172132, 47.114967 ], [ 28.717213, 47.1149679 ], [ 28.7172127, 47.1149688 ], [ 28.7172123, 47.1149697 ], [ 28.7172117, 47.1149705 ], [ 28.717211, 47.1149713 ], [ 28.7172103, 47.114972 ], [ 28.7172094, 47.1149727 ], [ 28.7172084, 47.1149733 ], [ 28.7172073, 47.1149738 ], [ 28.7171926, 47.1149805 ], [ 28.7171923, 47.1149806 ], [ 28.7171921, 47.1149808 ], [ 28.7171917, 47.1149811 ], [ 28.7171909, 47.1149818 ], [ 28.71719, 47.1149824 ], [ 28.717189, 47.114983 ], [ 28.7171879, 47.1149835 ], [ 28.7171867, 47.1149839 ], [ 28.7171855, 47.1149842 ], [ 28.7171843, 47.1149845 ], [ 28.7171832, 47.1149846 ], [ 28.7171831, 47.1149846 ], [ 28.7171828, 47.1149847 ], [ 28.7171614, 47.1149943 ], [ 28.7171603, 47.1149947 ], [ 28.7171592, 47.1149951 ], [ 28.717158, 47.1149954 ], [ 28.7171567, 47.1149956 ], [ 28.7171555, 47.1149957 ], [ 28.7171542, 47.1149958 ], [ 28.7171529, 47.1149957 ], [ 28.7171517, 47.1149956 ], [ 28.7171504, 47.1149954 ], [ 28.7171492, 47.1149951 ], [ 28.7171481, 47.1149947 ], [ 28.717147, 47.1149943 ], [ 28.717146, 47.1149938 ], [ 28.717145, 47.1149932 ], [ 28.7171442, 47.1149926 ], [ 28.7171434, 47.1149919 ], [ 28.7171359, 47.1149845 ], [ 28.7171352, 47.1149838 ], [ 28.7171346, 47.1149829 ], [ 28.7171341, 47.1149821 ], [ 28.7171338, 47.1149812 ], [ 28.7171336, 47.1149803 ], [ 28.7171335, 47.1149794 ], [ 28.7171336, 47.1149785 ], [ 28.7171337, 47.1149777 ], [ 28.7171341, 47.1149768 ], [ 28.7171345, 47.1149759 ], [ 28.7171351, 47.1149751 ], [ 28.7171358, 47.1149744 ], [ 28.7171365, 47.1149736 ], [ 28.7171374, 47.114973 ], [ 28.7171384, 47.1149724 ], [ 28.7171395, 47.1149718 ], [ 28.7171473, 47.1149684 ], [ 28.7171475, 47.1149682 ], [ 28.7171474, 47.1149681 ], [ 28.7171402, 47.1149605 ], [ 28.71714, 47.1149604 ], [ 28.7171397, 47.1149605 ], [ 28.7171057, 47.1149756 ], [ 28.7171054, 47.1149757 ], [ 28.7171056, 47.1149759 ], [ 28.7171088, 47.1149793 ], [ 28.7171095, 47.1149801 ], [ 28.71711, 47.1149809 ], [ 28.7171104, 47.1149817 ], [ 28.7171107, 47.1149825 ], [ 28.7171109, 47.1149834 ], [ 28.717111, 47.1149842 ], [ 28.7171109, 47.1149851 ], [ 28.7171107, 47.114986 ], [ 28.7171104, 47.1149868 ], [ 28.71711, 47.1149876 ], [ 28.7171095, 47.1149884 ], [ 28.7171088, 47.1149892 ], [ 28.7171081, 47.1149899 ], [ 28.7171072, 47.1149905 ], [ 28.7171063, 47.1149911 ], [ 28.7171053, 47.1149916 ], [ 28.7170971, 47.1149955 ], [ 28.7170969, 47.1149956 ], [ 28.717097, 47.114996 ], [ 28.717097, 47.1149962 ], [ 28.7170972, 47.1149971 ], [ 28.7170972, 47.114998 ], [ 28.7170971, 47.1149989 ], [ 28.7170968, 47.1149998 ], [ 28.7170964, 47.1150007 ], [ 28.7170959, 47.1150015 ], [ 28.7170953, 47.1150023 ], [ 28.7170945, 47.115003 ], [ 28.7170937, 47.1150037 ], [ 28.7170927, 47.1150044 ], [ 28.7170917, 47.1150049 ], [ 28.7170884, 47.1150065 ], [ 28.7170873, 47.115007 ], [ 28.7170862, 47.1150074 ], [ 28.7170849, 47.1150077 ], [ 28.7170837, 47.115008 ], [ 28.7170824, 47.1150081 ], [ 28.7170811, 47.1150082 ], [ 28.7170798, 47.1150082 ], [ 28.7170784, 47.1150081 ], [ 28.7170772, 47.1150079 ], [ 28.7170759, 47.1150076 ], [ 28.7170747, 47.1150072 ], [ 28.7170736, 47.1150068 ], [ 28.7170725, 47.1150062 ], [ 28.7170715, 47.1150056 ], [ 28.7170707, 47.115005 ], [ 28.7170699, 47.1150043 ], [ 28.7170309, 47.1149649 ], [ 28.7170307, 47.1149648 ], [ 28.7170304, 47.1149649 ], [ 28.7169967, 47.1149804 ], [ 28.7169965, 47.1149805 ], [ 28.7169966, 47.1149807 ], [ 28.7170578, 47.1150424 ], [ 28.7170585, 47.1150432 ], [ 28.7170591, 47.115044 ], [ 28.7170595, 47.1150448 ], [ 28.7170598, 47.1150456 ], [ 28.71706, 47.1150465 ], [ 28.7170601, 47.1150473 ], [ 28.7170601, 47.1150482 ], [ 28.7170599, 47.1150491 ], [ 28.7170596, 47.1150499 ], [ 28.7170592, 47.1150507 ], [ 28.7170587, 47.1150515 ], [ 28.7170581, 47.1150523 ], [ 28.7170573, 47.115053 ], [ 28.7170565, 47.1150537 ], [ 28.7170556, 47.1150543 ], [ 28.7170546, 47.1150548 ], [ 28.7170535, 47.1150553 ], [ 28.7170363, 47.1150621 ], [ 28.717036, 47.1150622 ], [ 28.7170359, 47.1150623 ], [ 28.7170352, 47.1150628 ], [ 28.7170343, 47.1150634 ], [ 28.7170332, 47.1150639 ], [ 28.7170322, 47.1150643 ], [ 28.717031, 47.1150647 ], [ 28.7170298, 47.115065 ], [ 28.7170286, 47.1150652 ], [ 28.7170273, 47.1150653 ], [ 28.7170261, 47.1150653 ], [ 28.7170248, 47.1150653 ], [ 28.7170235, 47.1150652 ], [ 28.7170223, 47.115065 ], [ 28.7170211, 47.1150647 ], [ 28.71702, 47.1150643 ], [ 28.7170189, 47.1150639 ], [ 28.7170178, 47.1150634 ], [ 28.7170169, 47.1150628 ], [ 28.717016, 47.1150622 ], [ 28.7170152, 47.1150615 ], [ 28.7170146, 47.1150608 ], [ 28.7169893, 47.1150304 ], [ 28.7169892, 47.1150303 ], [ 28.7169889, 47.1150303 ], [ 28.7169535, 47.115044 ], [ 28.7169533, 47.1150442 ], [ 28.7169534, 47.1150443 ], [ 28.7169851, 47.1150825 ], [ 28.7169857, 47.1150833 ], [ 28.7169861, 47.1150841 ], [ 28.7169865, 47.1150849 ], [ 28.7169867, 47.1150858 ], [ 28.7169868, 47.1150867 ], [ 28.7169868, 47.1150876 ], [ 28.7169866, 47.1150885 ], [ 28.7169863, 47.1150893 ], [ 28.7169859, 47.1150902 ], [ 28.7169854, 47.115091 ], [ 28.7169847, 47.1150917 ], [ 28.716984, 47.1150925 ], [ 28.7169831, 47.1150931 ], [ 28.7169822, 47.1150937 ], [ 28.7169812, 47.1150943 ], [ 28.7169562, 47.1151062 ], [ 28.716956, 47.1151063 ], [ 28.7169562, 47.1151065 ], [ 28.7170337, 47.1151823 ], [ 28.7170338, 47.1151823 ], [ 28.7170342, 47.1151827 ], [ 28.7170343, 47.1151828 ], [ 28.7170443, 47.1151918 ], [ 28.717045, 47.1151926 ], [ 28.7170457, 47.1151933 ], [ 28.7170462, 47.1151942 ], [ 28.7170466, 47.115195 ], [ 28.7170468, 47.1151959 ], [ 28.717047, 47.1151968 ], [ 28.717047, 47.1151977 ], [ 28.7170468, 47.1151986 ], [ 28.7170466, 47.1151995 ], [ 28.7170462, 47.1152003 ], [ 28.7170457, 47.1152012 ], [ 28.717045, 47.1152019 ], [ 28.7170443, 47.1152027 ], [ 28.7170435, 47.1152034 ], [ 28.7170425, 47.115204 ], [ 28.7170415, 47.1152046 ], [ 28.7170404, 47.1152051 ], [ 28.7170367, 47.1152065 ], [ 28.7170355, 47.1152069 ], [ 28.7170344, 47.1152072 ], [ 28.7170332, 47.1152075 ], [ 28.7170319, 47.1152076 ], [ 28.7170306, 47.1152077 ], [ 28.7170294, 47.1152077 ], [ 28.7170281, 47.1152076 ], [ 28.7170269, 47.1152074 ], [ 28.7170257, 47.1152072 ], [ 28.7170245, 47.1152069 ], [ 28.7170234, 47.1152065 ], [ 28.7170223, 47.115206 ], [ 28.7170213, 47.1152054 ], [ 28.7170204, 47.1152048 ], [ 28.7170196, 47.1152042 ], [ 28.7170111, 47.1151966 ], [ 28.7170108, 47.1151963 ], [ 28.716967, 47.1151537 ], [ 28.7169668, 47.1151536 ], [ 28.7169666, 47.1151537 ], [ 28.7169515, 47.1151609 ], [ 28.7169504, 47.1151614 ], [ 28.7169492, 47.1151618 ], [ 28.716948, 47.1151621 ], [ 28.7169468, 47.1151623 ], [ 28.7169455, 47.1151625 ], [ 28.7169442, 47.1151626 ], [ 28.7169429, 47.1151625 ], [ 28.7169416, 47.1151624 ], [ 28.7169404, 47.1151622 ], [ 28.7169391, 47.115162 ], [ 28.716938, 47.1151616 ], [ 28.7169368, 47.1151612 ], [ 28.7169358, 47.1151606 ], [ 28.7169348, 47.1151601 ], [ 28.7169339, 47.1151594 ], [ 28.7169331, 47.1151587 ], [ 28.7169323, 47.1151579 ], [ 28.7169321, 47.1151578 ], [ 28.7169318, 47.1151579 ], [ 28.7168986, 47.1151738 ], [ 28.7168983, 47.115174 ], [ 28.7168985, 47.1151742 ] ], [ [ 28.7182804, 47.1151407 ], [ 28.7182798, 47.1151415 ], [ 28.7182791, 47.1151423 ], [ 28.7182782, 47.1151429 ], [ 28.7182773, 47.1151436 ], [ 28.7182762, 47.1151441 ], [ 28.7182751, 47.1151446 ], [ 28.7182739, 47.115145 ], [ 28.7182727, 47.1151453 ], [ 28.7182714, 47.1151456 ], [ 28.7182702, 47.1151457 ], [ 28.7182688, 47.1151458 ], [ 28.7182675, 47.1151457 ], [ 28.7182662, 47.1151456 ], [ 28.7182649, 47.1151454 ], [ 28.7182637, 47.1151451 ], [ 28.7182625, 47.1151448 ], [ 28.7182614, 47.1151443 ], [ 28.7182603, 47.1151438 ], [ 28.7182593, 47.1151432 ], [ 28.7182584, 47.1151425 ], [ 28.7182483, 47.1151341 ], [ 28.7182476, 47.1151334 ], [ 28.7182469, 47.1151327 ], [ 28.7182463, 47.1151319 ], [ 28.7182459, 47.115131 ], [ 28.7182456, 47.1151302 ], [ 28.7182454, 47.1151293 ], [ 28.7182453, 47.1151284 ], [ 28.7182454, 47.1151275 ], [ 28.7182456, 47.1151267 ], [ 28.7182459, 47.1151258 ], [ 28.7182463, 47.115125 ], [ 28.7182469, 47.1151242 ], [ 28.7182475, 47.1151234 ], [ 28.7182483, 47.1151227 ], [ 28.7182492, 47.115122 ], [ 28.7182502, 47.1151214 ], [ 28.7182512, 47.1151209 ], [ 28.7182591, 47.1151173 ], [ 28.7182602, 47.1151169 ], [ 28.7182613, 47.1151165 ], [ 28.7182625, 47.1151162 ], [ 28.7182638, 47.115116 ], [ 28.718265, 47.1151159 ], [ 28.7182663, 47.1151158 ], [ 28.7182676, 47.1151159 ], [ 28.7182689, 47.115116 ], [ 28.7182701, 47.1151162 ], [ 28.7182713, 47.1151165 ], [ 28.7182725, 47.1151169 ], [ 28.7182736, 47.1151173 ], [ 28.7182746, 47.1151178 ], [ 28.7182756, 47.1151184 ], [ 28.7182765, 47.115119 ], [ 28.7182772, 47.1151197 ], [ 28.7182847, 47.1151272 ], [ 28.7182854, 47.1151279 ], [ 28.718286, 47.1151287 ], [ 28.7182864, 47.1151295 ], [ 28.7182867, 47.1151304 ], [ 28.718287, 47.1151312 ], [ 28.718287, 47.1151321 ], [ 28.718287, 47.115133 ], [ 28.7182869, 47.1151338 ], [ 28.7182866, 47.1151347 ], [ 28.7182862, 47.1151355 ], [ 28.7182857, 47.1151363 ], [ 28.718285, 47.1151371 ], [ 28.7182843, 47.1151378 ], [ 28.7182835, 47.1151384 ], [ 28.7182826, 47.115139 ], [ 28.7182816, 47.1151396 ], [ 28.718281, 47.1151399 ], [ 28.718281, 47.1151399 ], [ 28.7182804, 47.1151407 ] ], [ [ 28.7169982, 47.1150982 ], [ 28.7169976, 47.1150974 ], [ 28.7169971, 47.1150966 ], [ 28.7169968, 47.1150957 ], [ 28.7169966, 47.1150949 ], [ 28.7169965, 47.115094 ], [ 28.7169965, 47.1150931 ], [ 28.7169967, 47.1150922 ], [ 28.716997, 47.1150914 ], [ 28.7169974, 47.1150906 ], [ 28.7169979, 47.1150897 ], [ 28.7169985, 47.115089 ], [ 28.7169993, 47.1150883 ], [ 28.7170001, 47.1150876 ], [ 28.717001, 47.115087 ], [ 28.7170021, 47.1150864 ], [ 28.7170031, 47.115086 ], [ 28.7170035, 47.1150858 ], [ 28.7170047, 47.1150854 ], [ 28.717006, 47.1150851 ], [ 28.7170072, 47.1150849 ], [ 28.7170085, 47.1150847 ], [ 28.7170099, 47.1150847 ], [ 28.7170112, 47.1150847 ], [ 28.7170125, 47.1150848 ], [ 28.7170138, 47.115085 ], [ 28.7170151, 47.1150853 ], [ 28.7170163, 47.1150857 ], [ 28.7170174, 47.1150862 ], [ 28.7170185, 47.1150867 ], [ 28.7170194, 47.1150874 ], [ 28.7170203, 47.115088 ], [ 28.7170211, 47.1150888 ], [ 28.7170216, 47.1150893 ], [ 28.7170507, 47.115117 ], [ 28.7170514, 47.1151178 ], [ 28.717052, 47.1151186 ], [ 28.7170525, 47.1151194 ], [ 28.7170528, 47.1151202 ], [ 28.7170531, 47.1151211 ], [ 28.7170532, 47.115122 ], [ 28.7170532, 47.1151229 ], [ 28.717053, 47.1151238 ], [ 28.7170527, 47.1151246 ], [ 28.7170523, 47.1151255 ], [ 28.7170518, 47.1151263 ], [ 28.7170511, 47.1151271 ], [ 28.7170504, 47.1151278 ], [ 28.7170496, 47.1151285 ], [ 28.7170486, 47.1151291 ], [ 28.7170478, 47.1151295 ], [ 28.7170468, 47.1151301 ], [ 28.7170457, 47.1151306 ], [ 28.7170446, 47.115131 ], [ 28.7170434, 47.1151313 ], [ 28.7170421, 47.1151315 ], [ 28.7170408, 47.1151317 ], [ 28.7170395, 47.1151317 ], [ 28.7170382, 47.1151317 ], [ 28.717037, 47.1151316 ], [ 28.7170357, 47.1151314 ], [ 28.7170345, 47.1151311 ], [ 28.7170333, 47.1151307 ], [ 28.7170322, 47.1151303 ], [ 28.7170311, 47.1151298 ], [ 28.7170301, 47.1151292 ], [ 28.7170292, 47.1151286 ], [ 28.7170284, 47.1151279 ], [ 28.7169988, 47.115099 ], [ 28.7169982, 47.1150982 ] ] ] ] } },
{ "type": "Feature", "properties": { "vineyard_id": "V25", "n_rows": 3, "row_spacing_m": 2.75, "vine_spacing_m": 1.55, "area_m2": 145.83 }, "geometry": { "type": "MultiPolygon", "coordinates": [ [ [ [ 28.7167662, 47.1142592 ], [ 28.7167664, 47.1142594 ], [ 28.7168104, 47.1142999 ], [ 28.7168106, 47.1143 ], [ 28.7168108, 47.1142999 ], [ 28.7168423, 47.114284 ], [ 28.7168426, 47.1142838 ], [ 28.7168424, 47.1142837 ], [ 28.7167984, 47.1142431 ], [ 28.7167982, 47.114243 ], [ 28.7167979, 47.1142431 ], [ 28.7167664, 47.114259 ], [ 28.7167662, 47.1142592 ] ] ], [ [ [ 28.7165655, 47.1141827 ], [ 28.7165657, 47.1141829 ], [ 28.7165807, 47.1142012 ], [ 28.716581, 47.1142015 ], [ 28.7166045, 47.1142333 ], [ 28.7166047, 47.1142336 ], [ 28.7166057, 47.1142348 ], [ 28.7166059, 47.114235 ], [ 28.7167524, 47.1143842 ], [ 28.7167526, 47.1143843 ], [ 28.7167529, 47.1143842 ], [ 28.7167855, 47.1143693 ], [ 28.7167857, 47.1143692 ], [ 28.7167855, 47.114369 ], [ 28.7167769, 47.1143602 ], [ 28.7167762, 47.1143595 ], [ 28.7167757, 47.1143587 ], [ 28.7167752, 47.1143578 ], [ 28.7167749, 47.114357 ], [ 28.7167747, 47.1143561 ], [ 28.7167747, 47.1143552 ], [ 28.7167747, 47.1143543 ], [ 28.7167749, 47.1143535 ], [ 28.7167752, 47.1143526 ], [ 28.7167757, 47.1143518 ], [ 28.7167762, 47.114351 ], [ 28.7167769, 47.1143502 ], [ 28.7167776, 47.1143495 ], [ 28.7167785, 47.1143489 ], [ 28.7167795, 47.1143483 ], [ 28.7167805, 47.1143477 ], [ 28.716799, 47.1143393 ], [ 28.7167992, 47.1143391 ], [ 28.7167991, 47.114339 ], [ 28.7166682, 47.114206 ], [ 28.716668, 47.1142059 ], [ 28.7166678, 47.114206 ], [ 28.7166511, 47.1142136 ], [ 28.71665, 47.1142141 ], [ 28.7166488, 47.1142144 ], [ 28.7166476, 47.1142147 ], [ 28.7166463, 47.114215 ], [ 28.716645, 47.1142151 ], [ 28.7166437, 47.1142151 ], [ 28.7166424, 47.1142151 ], [ 28.7166411, 47.1142149 ], [ 28.7166398, 47.1142147 ], [ 28.7166386, 47.1142144 ], [ 28.7166374, 47.114214 ], [ 28.7166363, 47.1142135 ], [ 28.7166353, 47.114213 ], [ 28.7166343, 47.1142124 ], [ 28.7166334, 47.1142117 ], [ 28.7166327, 47.114211 ], [ 28.716632, 47.1142102 ], [ 28.7166162, 47.1141889 ], [ 28.7166162, 47.1141888 ], [ 28.7166158, 47.1141883 ], [ 28.7166158, 47.1141883 ], [ 28.7166004, 47.1141696 ], [ 28.7166003, 47.1141694 ], [ 28.7166, 47.1141695 ], [ 28.7165658, 47.1141826 ], [ 28.7165655, 47.1141827 ] ] ] ] } },
{ "type": "Feature", "properties": { "vineyard_id": "V26", "n_rows": 82, "row_spacing_m": 2.75, "vine_spacing_m": 1.55, "area_m2": 11440.93 }, "geometry": { "type": "MultiPolygon", "coordinates": [ [ [ [ 28.7156286, 47.1140889 ], [ 28.7156288, 47.114089 ], [ 28.715629, 47.1140891 ], [ 28.7156301, 47.1140894 ], [ 28.7156312, 47.1140898 ], [ 28.7156322, 47.1140902 ], [ 28.7156331, 47.1140907 ], [ 28.715634, 47.1140912 ], [ 28.7156565, 47.1141067 ], [ 28.7156567, 47.1141069 ], [ 28.7156573, 47.114107 ], [ 28.7156585, 47.1141074 ], [ 28.7156597, 47.1141078 ], [ 28.7156608, 47.1141083 ], [ 28.7156618, 47.1141089 ], [ 28.7156627, 47.1141095 ], [ 28.7156635, 47.1141102 ], [ 28.7156642, 47.114111 ], [ 28.7156648, 47.1141118 ], [ 28.7156653, 47.1141127 ], [ 28.7156657, 47.1141135 ], [ 28.7156659, 47.1141144 ], [ 28.715666, 47.1141153 ], [ 28.7156659, 47.1141162 ], [ 28.7156657, 47.1141171 ], [ 28.7156654, 47.114118 ], [ 28.715665, 47.1141189 ], [ 28.7156644, 47.1141197 ], [ 28.7156637, 47.1141205 ], [ 28.715663, 47.1141212 ], [ 28.7156627, 47.1141214 ], [ 28.7156628, 47.1141216 ], [ 28.7156866, 47.1141435 ], [ 28.7156868, 47.1141437 ], [ 28.715687, 47.1141436 ], [ 28.7157073, 47.1141333 ], [ 28.7157079, 47.1141331 ], [ 28.7157435, 47.1141169 ], [ 28.7157446, 47.1141164 ], [ 28.7157458, 47.1141161 ], [ 28.715747, 47.1141158 ], [ 28.7157483, 47.1141155 ], [ 28.7157495, 47.1141154 ], [ 28.7157508, 47.1141154 ], [ 28.7157521, 47.1141154 ], [ 28.7157534, 47.1141155 ], [ 28.7157546, 47.1141158 ], [ 28.7157559, 47.1141161 ], [ 28.715757, 47.1141164 ], [ 28.7157581, 47.1141169 ], [ 28.7157592, 47.1141174 ], [ 28.7157601, 47.114118 ], [ 28.715761, 47.1141187 ], [ 28.7157767, 47.1141318 ], [ 28.7157769, 47.1141319 ], [ 28.7157772, 47.1141318 ], [ 28.7158176, 47.1141092 ], [ 28.7158186, 47.1141086 ], [ 28.7158197, 47.1141082 ], [ 28.7158209, 47.1141078 ], [ 28.7158221, 47.1141075 ], [ 28.7158234, 47.1141073 ], [ 28.7158246, 47.1141072 ], [ 28.7158259, 47.1141071 ], [ 28.7158272, 47.1141071 ], [ 28.7158285, 47.1141073 ], [ 28.7158297, 47.1141075 ], [ 28.7158309, 47.1141078 ], [ 28.7158321, 47.1141081 ], [ 28.7158332, 47.1141086 ], [ 28.7158342, 47.1141091 ], [ 28.7158352, 47.1141097 ], [ 28.7158361, 47.1141103 ], [ 28.7158388, 47.1141126 ], [ 28.7158396, 47.1141133 ], [ 28.7158403, 47.114114 ], [ 28.7158408, 47.1141148 ], [ 28.7158413, 47.1141157 ], [ 28.7158416, 47.1141165 ], [ 28.7158418, 47.1141174 ], [ 28.7158419, 47.1141183 ], [ 28.7158418, 47.1141192 ], [ 28.7158416, 47.11412 ], [ 28.7158413, 47.1141209 ], [ 28.7158409, 47.1141217 ], [ 28.7158404, 47.1141225 ], [ 28.7158397, 47.1141233 ], [ 28.7158389, 47.114124 ], [ 28.7158381, 47.1141247 ], [ 28.7158371, 47.1141253 ], [ 28.7158027, 47.1141448 ], [ 28.7158024, 47.1141449 ], [ 28.7158026, 47.1141451 ], [ 28.7158172, 47.1141571 ], [ 28.7158179, 47.1141578 ], [ 28.7158186, 47.1141585 ], [ 28.7158192, 47.1141593 ], [ 28.7158196, 47.1141601 ], [ 28.7158199, 47.114161 ], [ 28.7158201, 47.1141619 ], [ 28.7158202, 47.1141627 ], [ 28.7158201, 47.1141636 ], [ 28.7158199, 47.1141645 ], [ 28.7158196, 47.1141654 ], [ 28.7158192, 47.1141662 ], [ 28.7158187, 47.114167 ], [ 28.715818, 47.1141678 ], [ 28.7158172, 47.1141685 ], [ 28.7158164, 47.1141691 ], [ 28.7158157, 47.1141696 ], [ 28.7158157, 47.1141696 ], [ 28.7158152, 47.1141699 ], [ 28.7158154, 47.11417 ], [ 28.7158409, 47.114191 ], [ 28.7158411, 47.1141912 ], [ 28.7158414, 47.114191 ], [ 28.7158749, 47.114172 ], [ 28.7158759, 47.1141715 ], [ 28.715877, 47.1141711 ], [ 28.7158782, 47.1141707 ], [ 28.7158794, 47.1141704 ], [ 28.7158806, 47.1141702 ], [ 28.7158819, 47.11417 ], [ 28.7158832, 47.11417 ], [ 28.7158845, 47.11417 ], [ 28.7158858, 47.1141701 ], [ 28.715887, 47.1141703 ], [ 28.7158882, 47.1141706 ], [ 28.7158894, 47.114171 ], [ 28.7158905, 47.1141714 ], [ 28.7158916, 47.114172 ], [ 28.7158925, 47.1141726 ], [ 28.7158934, 47.1141732 ], [ 28.7158982, 47.1141771 ], [ 28.7158989, 47.1141778 ], [ 28.7158996, 47.1141786 ], [ 28.7159002, 47.1141794 ], [ 28.7159006, 47.1141802 ], [ 28.7159009, 47.114181 ], [ 28.7159012, 47.1141819 ], [ 28.7159012, 47.1141828 ], [ 28.7159012, 47.1141836 ], [ 28.715901, 47.1141845 ], [ 28.7159007, 47.1141854 ], [ 28.7159003, 47.1141862 ], [ 28.7158998, 47.114187 ], [ 28.7158991, 47.1141878 ], [ 28.7158984, 47.1141885 ], [ 28.7158975, 47.1141891 ], [ 28.7158966, 47.1141897 ], [ 28.7158662, 47.1142074 ], [ 28.715866, 47.1142075 ], [ 28.7158052, 47.1142414 ], [ 28.715805, 47.1142415 ], [ 28.7158052, 47.1142417 ], [ 28.7158304, 47.1142628 ], [ 28.7158306, 47.114263 ], [ 28.715831, 47.1142632 ], [ 28.715832, 47.1142638 ], [ 28.7158328, 47.1142645 ], [ 28.7158335, 47.1142653 ], [ 28.7158341, 47.1142661 ], [ 28.7158346, 47.1142669 ], [ 28.715835, 47.1142677 ], [ 28.7158352, 47.1142686 ], [ 28.7158353, 47.1142695 ], [ 28.7158353, 47.1142704 ], [ 28.7158352, 47.1142713 ], [ 28.7158349, 47.1142722 ], [ 28.7158345, 47.114273 ], [ 28.715834, 47.1142738 ], [ 28.7158333, 47.1142746 ], [ 28.7158326, 47.1142754 ], [ 28.7158317, 47.114276 ], [ 28.7158308, 47.1142766 ], [ 28.7158298, 47.1142772 ], [ 28.7158099, 47.1142867 ], [ 28.7158098, 47.1142868 ], [ 28.7158094, 47.114287 ], [ 28.7158093, 47.1142871 ], [ 28.7157886, 47.1142978 ], [ 28.7157883, 47.114298 ], [ 28.7157885, 47.1142981 ], [ 28.7158008, 47.1143092 ], [ 28.7158015, 47.1143099 ], [ 28.7158022, 47.1143107 ], [ 28.7158027, 47.1143114 ], [ 28.7158031, 47.1143123 ], [ 28.7158033, 47.1143131 ], [ 28.7158035, 47.114314 ], [ 28.7158035, 47.1143148 ], [ 28.7158034, 47.1143157 ], [ 28.7158032, 47.1143165 ], [ 28.7158029, 47.1143174 ], [ 28.7158024, 47.1143182 ], [ 28.7158019, 47.114319 ], [ 28.7158012, 47.1143197 ], [ 28.7158005, 47.1143204 ], [ 28.7157996, 47.114321 ], [ 28.7157987, 47.1143216 ], [ 28.7157795, 47.1143323 ], [ 28.7157793, 47.1143324 ], [ 28.7157795, 47.1143326 ], [ 28.7157912, 47.1143424 ], [ 28.715792, 47.1143431 ], [ 28.7157927, 47.1143439 ], [ 28.7157933, 47.1143448 ], [ 28.7157937, 47.1143457 ], [ 28.715794, 47.1143466 ], [ 28.7157942, 47.1143475 ], [ 28.7157942, 47.1143484 ], [ 28.7157941, 47.1143493 ], [ 28.7157938, 47.1143502 ], [ 28.7157934, 47.1143511 ], [ 28.7157933, 47.1143513 ], [ 28.7157935, 47.1143515 ], [ 28.7158188, 47.1143726 ], [ 28.715819, 47.1143727 ], [ 28.7158192, 47.1143728 ], [ 28.7158196, 47.1143731 ], [ 28.7158204, 47.1143736 ], [ 28.7158211, 47.1143741 ], [ 28.7158212, 47.1143742 ], [ 28.7158333, 47.1143834 ], [ 28.7158341, 47.1143841 ], [ 28.7158348, 47.1143848 ], [ 28.7158354, 47.1143855 ], [ 28.7158359, 47.1143863 ], [ 28.7158363, 47.1143871 ], [ 28.7158365, 47.114388 ], [ 28.7158367, 47.1143888 ], [ 28.7158367, 47.1143897 ], [ 28.7158366, 47.1143905 ], [ 28.7158364, 47.1143914 ], [ 28.7158362, 47.1143919 ], [ 28.7158361, 47.114392 ], [ 28.7158363, 47.1143922 ], [ 28.7158626, 47.1144128 ], [ 28.7158628, 47.1144129 ], [ 28.715863, 47.1144128 ], [ 28.7158888, 47.1143975 ], [ 28.7158898, 47.1143969 ], [ 28.7158909, 47.1143964 ], [ 28.7158921, 47.114396 ], [ 28.7158934, 47.1143957 ], [ 28.7158946, 47.1143955 ], [ 28.7158959, 47.1143953 ], [ 28.7158973, 47.1143953 ], [ 28.7158986, 47.1143953 ], [ 28.7158999, 47.1143954 ], [ 28.7159012, 47.1143956 ], [ 28.7159024, 47.1143959 ], [ 28.7159036, 47.1143963 ], [ 28.7159048, 47.1143968 ], [ 28.7159058, 47.1143973 ], [ 28.7159068, 47.1143979 ], [ 28.7159077, 47.1143986 ], [ 28.7159123, 47.1144025 ], [ 28.7159125, 47.1144026 ], [ 28.7159126, 47.1144027 ], [ 28.7159135, 47.1144033 ], [ 28.7159143, 47.114404 ], [ 28.715915, 47.1144048 ], [ 28.7159156, 47.1144056 ], [ 28.7159161, 47.1144064 ], [ 28.7159165, 47.1144072 ], [ 28.7159167, 47.1144081 ], [ 28.7159169, 47.114409 ], [ 28.7159168, 47.1144099 ], [ 28.7159167, 47.1144107 ], [ 28.7159164, 47.1144116 ], [ 28.7159161, 47.1144124 ], [ 28.7159156, 47.1144133 ], [ 28.7159149, 47.114414 ], [ 28.7159142, 47.1144148 ], [ 28.7159134, 47.1144154 ], [ 28.7159008, 47.1144247 ], [ 28.7159006, 47.1144249 ], [ 28.7159009, 47.114425 ], [ 28.7159088, 47.1144301 ], [ 28.7159097, 47.1144307 ], [ 28.7159105, 47.1144313 ], [ 28.7159112, 47.1144321 ], [ 28.7159118, 47.1144328 ], [ 28.7159123, 47.1144336 ], [ 28.7159127, 47.1144344 ], [ 28.7159129, 47.1144353 ], [ 28.7159131, 47.1144361 ], [ 28.7159131, 47.114437 ], [ 28.715913, 47.1144379 ], [ 28.7159127, 47.1144387 ], [ 28.7159124, 47.1144395 ], [ 28.7159119, 47.1144403 ], [ 28.7159114, 47.1144411 ], [ 28.7159107, 47.1144418 ], [ 28.7159099, 47.1144425 ], [ 28.7159095, 47.1144429 ], [ 28.7159097, 47.114443 ], [ 28.7159361, 47.1144635 ], [ 28.7159363, 47.1144636 ], [ 28.7159366, 47.1144635 ], [ 28.7159547, 47.1144526 ], [ 28.7159557, 47.114452 ], [ 28.7159568, 47.1144515 ], [ 28.715958, 47.1144511 ], [ 28.7159592, 47.1144508 ], [ 28.7159605, 47.1144506 ], [ 28.7159618, 47.1144504 ], [ 28.7159631, 47.1144503 ], [ 28.7159645, 47.1144504 ], [ 28.7159658, 47.1144505 ], [ 28.7159671, 47.1144507 ], [ 28.7159683, 47.114451 ], [ 28.7159695, 47.1144514 ], [ 28.7159707, 47.1144518 ], [ 28.7159717, 47.1144524 ], [ 28.7159727, 47.114453 ], [ 28.7159736, 47.1144536 ], [ 28.7159955, 47.114472 ], [ 28.7159957, 47.1144721 ], [ 28.7159959, 47.114472 ], [ 28.7159971, 47.1144716 ], [ 28.7159983, 47.1144713 ], [ 28.7159995, 47.114471 ], [ 28.7160008, 47.1144709 ], [ 28.7160021, 47.1144708 ], [ 28.7160033, 47.1144708 ], [ 28.7160046, 47.1144709 ], [ 28.7160059, 47.114471 ], [ 28.7160071, 47.1144713 ], [ 28.7160083, 47.1144716 ], [ 28.7160095, 47.1144721 ], [ 28.7160105, 47.1144725 ], [ 28.7160115, 47.1144731 ], [ 28.7160124, 47.1144737 ], [ 28.7160307, 47.1144876 ], [ 28.7160309, 47.1144877 ], [ 28.7160312, 47.1144876 ], [ 28.7161292, 47.1144273 ], [ 28.7161294, 47.1144272 ], [ 28.7162587, 47.1143509 ], [ 28.7162597, 47.1143503 ], [ 28.7162608, 47.1143499 ], [ 28.716262, 47.1143495 ], [ 28.7162632, 47.1143491 ], [ 28.7162645, 47.1143489 ], [ 28.7162657, 47.1143487 ], [ 28.716267, 47.1143487 ], [ 28.7162684, 47.1143487 ], [ 28.7162696, 47.1143488 ], [ 28.7162709, 47.114349 ], [ 28.7162722, 47.1143493 ], [ 28.7162733, 47.1143497 ], [ 28.7162745, 47.1143501 ], [ 28.7162755, 47.1143507 ], [ 28.7162765, 47.1143513 ], [ 28.7162774, 47.1143519 ], [ 28.716283, 47.1143565 ], [ 28.7162832, 47.1143567 ], [ 28.7162835, 47.1143565 ], [ 28.7163488, 47.1143193 ], [ 28.7163489, 47.1143192 ], [ 28.7164505, 47.1142628 ], [ 28.7164509, 47.1142626 ], [ 28.7166185, 47.1141758 ], [ 28.7166187, 47.1141757 ], [ 28.7167556, 47.1141031 ], [ 28.7167567, 47.1141026 ], [ 28.7167578, 47.1141022 ], [ 28.716759, 47.1141018 ], [ 28.7167602, 47.1141015 ], [ 28.7167615, 47.1141013 ], [ 28.7167628, 47.1141012 ], [ 28.7167641, 47.1141012 ], [ 28.7167654, 47.1141013 ], [ 28.7167667, 47.1141014 ], [ 28.7167679, 47.1141017 ], [ 28.7167691, 47.114102 ], [ 28.7167703, 47.1141024 ], [ 28.7167714, 47.1141029 ], [ 28.7167724, 47.1141035 ], [ 28.7167733, 47.1141041 ], [ 28.7167741, 47.1141048 ], [ 28.7167819, 47.1141117 ], [ 28.7167821, 47.1141118 ], [ 28.7167823, 47.1141117 ], [ 28.7168174, 47.1140934 ], [ 28.7168177, 47.1140933 ], [ 28.7168175, 47.1140931 ], [ 28.7167951, 47.114073 ], [ 28.7167944, 47.1140723 ], [ 28.7167937, 47.1140715 ], [ 28.7167932, 47.1140707 ], [ 28.7167928, 47.1140699 ], [ 28.7167926, 47.114069 ], [ 28.7167924, 47.1140682 ], [ 28.7167924, 47.1140673 ], [ 28.7167925, 47.1140664 ], [ 28.7167927, 47.1140656 ], [ 28.7167931, 47.1140647 ], [ 28.7167935, 47.1140639 ], [ 28.7167941, 47.1140631 ], [ 28.7167948, 47.1140624 ], [ 28.7167956, 47.1140617 ], [ 28.7167964, 47.1140611 ], [ 28.7167974, 47.1140605 ], [ 28.7168414, 47.1140369 ], [ 28.7168419, 47.1140366 ], [ 28.716906, 47.1140058 ], [ 28.7169061, 47.1140058 ], [ 28.7169066, 47.1140055 ], [ 28.7169067, 47.1140055 ], [ 28.7169548, 47.1139805 ], [ 28.716973, 47.1140009 ], [ 28.7169732, 47.1140011 ], [ 28.717088, 47.1141398 ], [ 28.7170885, 47.1141406 ], [ 28.717089, 47.1141414 ], [ 28.7170893, 47.1141422 ], [ 28.7170895, 47.114143 ], [ 28.7170896, 47.1141439 ], [ 28.7170896, 47.1141447 ], [ 28.7170895, 47.1141456 ], [ 28.7170893, 47.1141464 ], [ 28.7170889, 47.1141472 ], [ 28.7170885, 47.114148 ], [ 28.7170879, 47.1141488 ], [ 28.7170877, 47.114149 ], [ 28.7170875, 47.1141492 ], [ 28.7170875, 47.1141493 ], [ 28.7170874, 47.11415 ], [ 28.7170872, 47.1141508 ], [ 28.7170868, 47.1141517 ], [ 28.7170864, 47.1141525 ], [ 28.7170858, 47.1141533 ], [ 28.7170851, 47.114154 ], [ 28.7170843, 47.1141547 ], [ 28.7170835, 47.1141553 ], [ 28.7170825, 47.1141559 ], [ 28.7170815, 47.1141564 ], [ 28.7170804, 47.1141568 ], [ 28.7170792, 47.1141572 ], [ 28.717078, 47.1141575 ], [ 28.7170767, 47.1141577 ], [ 28.7170755, 47.1141578 ], [ 28.7170742, 47.1141578 ], [ 28.7170729, 47.1141578 ], [ 28.7170717, 47.1141576 ], [ 28.7170704, 47.1141574 ], [ 28.7170692, 47.1141571 ], [ 28.7170681, 47.1141568 ], [ 28.717067, 47.1141563 ], [ 28.717066, 47.1141558 ], [ 28.717065, 47.1141552 ], [ 28.7170642, 47.1141546 ], [ 28.7170634, 47.1141539 ], [ 28.7170311, 47.1141211 ], [ 28.7170309, 47.1141209 ], [ 28.7170307, 47.114121 ], [ 28.7170219, 47.1141251 ], [ 28.7170208, 47.1141255 ], [ 28.7170196, 47.1141259 ], [ 28.7170184, 47.1141262 ], [ 28.7170172, 47.1141264 ], [ 28.7170159, 47.1141266 ], [ 28.7170146, 47.1141266 ], [ 28.7170134, 47.1141266 ], [ 28.7170121, 47.1141265 ], [ 28.7170108, 47.1141263 ], [ 28.7170096, 47.114126 ], [ 28.7170085, 47.1141256 ], [ 28.7170074, 47.1141252 ], [ 28.7170063, 47.1141247 ], [ 28.7170054, 47.1141241 ], [ 28.7170045, 47.1141235 ], [ 28.7170037, 47.1141228 ], [ 28.7169355, 47.1140564 ], [ 28.7169353, 47.1140562 ], [ 28.716935, 47.1140563 ], [ 28.7169183, 47.1140643 ], [ 28.7169172, 47.1140648 ], [ 28.7169161, 47.1140652 ], [ 28.7169149, 47.1140655 ], [ 28.7169137, 47.1140657 ], [ 28.7169125, 47.1140659 ], [ 28.7169112, 47.114066 ], [ 28.7169099, 47.114066 ], [ 28.7169087, 47.1140659 ], [ 28.7169075, 47.1140657 ], [ 28.7169062, 47.1140654 ], [ 28.7169051, 47.1140651 ], [ 28.716904, 47.1140647 ], [ 28.7169029, 47.1140642 ], [ 28.7169019, 47.1140637 ], [ 28.716901, 47.1140631 ], [ 28.7169002, 47.1140624 ], [ 28.7168854, 47.1140491 ], [ 28.7168852, 47.1140489 ], [ 28.7168849, 47.1140491 ], [ 28.7168566, 47.1140638 ], [ 28.7168564, 47.1140639 ], [ 28.7168565, 47.1140641 ], [ 28.7168693, 47.1140756 ], [ 28.7168701, 47.1140763 ], [ 28.7168707, 47.1140771 ], [ 28.7168712, 47.1140779 ], [ 28.7168716, 47.1140788 ], [ 28.7168719, 47.1140797 ], [ 28.716872, 47.1140806 ], [ 28.716872, 47.1140815 ], [ 28.7168718, 47.1140824 ], [ 28.7168716, 47.1140833 ], [ 28.7168712, 47.1140841 ], [ 28.7168706, 47.114085 ], [ 28.71687, 47.1140858 ], [ 28.7168692, 47.1140865 ], [ 28.7168684, 47.1140872 ], [ 28.7168674, 47.1140878 ], [ 28.7168664, 47.1140884 ], [ 28.7168536, 47.1140945 ], [ 28.7168533, 47.1140946 ], [ 28.7168535, 47.1140948 ], [ 28.7168542, 47.1140955 ], [ 28.7168549, 47.1140962 ], [ 28.7168555, 47.114097 ], [ 28.7168559, 47.1140979 ], [ 28.7168563, 47.1140987 ], [ 28.7168565, 47.1140996 ], [ 28.7168566, 47.1141005 ], [ 28.7168565, 47.1141014 ], [ 28.7168563, 47.1141023 ], [ 28.716856, 47.1141031 ], [ 28.7168556, 47.114104 ], [ 28.7168551, 47.1141048 ], [ 28.7168544, 47.1141056 ], [ 28.7168536, 47.1141063 ], [ 28.7168528, 47.1141069 ], [ 28.7168518, 47.1141075 ], [ 28.7168508, 47.1141081 ], [ 28.7168273, 47.1141189 ], [ 28.7168271, 47.1141191 ], [ 28.7168272, 47.1141192 ], [ 28.7169221, 47.1142148 ], [ 28.7169227, 47.1142155 ], [ 28.7169233, 47.1142163 ], [ 28.7169237, 47.1142171 ], [ 28.7169241, 47.114218 ], [ 28.7169243, 47.1142189 ], [ 28.7169243, 47.1142197 ], [ 28.7169243, 47.1142206 ], [ 28.7169241, 47.1142215 ], [ 28.7169238, 47.1142224 ], [ 28.7169234, 47.1142232 ], [ 28.7169228, 47.114224 ], [ 28.7169221, 47.1142248 ], [ 28.7169214, 47.1142255 ], [ 28.7169205, 47.1142261 ], [ 28.7169196, 47.1142267 ], [ 28.7169185, 47.1142273 ], [ 28.716912, 47.1142303 ], [ 28.7169118, 47.1142304 ], [ 28.7169119, 47.1142306 ], [ 28.7169615, 47.1142806 ], [ 28.7169621, 47.1142813 ], [ 28.7169627, 47.1142821 ], [ 28.7169631, 47.114283 ], [ 28.7169635, 47.1142838 ], [ 28.7169637, 47.1142847 ], [ 28.7169637, 47.1142855 ], [ 28.7169637, 47.1142864 ], [ 28.7169635, 47.1142873 ], [ 28.7169632, 47.1142881 ], [ 28.7169628, 47.114289 ], [ 28.7169623, 47.1142898 ], [ 28.7169616, 47.1142905 ], [ 28.7169609, 47.1142912 ], [ 28.71696, 47.1142919 ], [ 28.7169591, 47.1142925 ], [ 28.7169581, 47.114293 ], [ 28.716957, 47.1142935 ], [ 28.7169558, 47.1142939 ], [ 28.7169546, 47.1142942 ], [ 28.7169534, 47.1142944 ], [ 28.7169521, 47.1142946 ], [ 28.7169509, 47.1142946 ], [ 28.7169506, 47.1142946 ], [ 28.7169503, 47.1142948 ], [ 28.7169222, 47.1143097 ], [ 28.716922, 47.1143098 ], [ 28.7169222, 47.11431 ], [ 28.7169486, 47.1143332 ], [ 28.7169493, 47.1143339 ], [ 28.71695, 47.1143347 ], [ 28.7169505, 47.1143355 ], [ 28.7169509, 47.1143363 ], [ 28.7169512, 47.1143372 ], [ 28.7169513, 47.1143381 ], [ 28.7169514, 47.114339 ], [ 28.7169513, 47.1143399 ], [ 28.716951, 47.1143407 ], [ 28.7169507, 47.1143416 ], [ 28.7169502, 47.1143424 ], [ 28.7169496, 47.1143432 ], [ 28.7169489, 47.114344 ], [ 28.7169481, 47.1143447 ], [ 28.7169471, 47.1143453 ], [ 28.7169461, 47.1143459 ], [ 28.716939, 47.1143496 ], [ 28.7169388, 47.1143497 ], [ 28.7169389, 47.1143499 ], [ 28.7171297, 47.1145216 ], [ 28.7171299, 47.1145218 ], [ 28.7171531, 47.1145419 ], [ 28.7171538, 47.1145426 ], [ 28.7171544, 47.1145434 ], [ 28.717155, 47.1145442 ], [ 28.7171554, 47.114545 ], [ 28.7171557, 47.1145458 ], [ 28.7171558, 47.1145467 ], [ 28.7171559, 47.1145475 ], [ 28.7171558, 47.1145484 ], [ 28.7171556, 47.1145492 ], [ 28.7171553, 47.1145501 ], [ 28.7171549, 47.1145509 ], [ 28.7171544, 47.1145516 ], [ 28.7171538, 47.1145524 ], [ 28.7171536, 47.1145525 ], [ 28.7171534, 47.1145528 ], [ 28.7171535, 47.114553 ], [ 28.7173067, 47.1147207 ], [ 28.7173069, 47.1147209 ], [ 28.7173071, 47.1147208 ], [ 28.7173374, 47.1147079 ], [ 28.7173376, 47.1147078 ], [ 28.7173376, 47.1147078 ], [ 28.7173386, 47.1147072 ], [ 28.7173396, 47.1147066 ], [ 28.7173407, 47.1147062 ], [ 28.7173419, 47.1147058 ], [ 28.7173431, 47.1147054 ], [ 28.7173432, 47.1147054 ], [ 28.7173434, 47.1147053 ], [ 28.7173623, 47.1146955 ], [ 28.7173634, 47.114695 ], [ 28.7173645, 47.1146946 ], [ 28.7173657, 47.1146943 ], [ 28.717367, 47.114694 ], [ 28.7173683, 47.1146938 ], [ 28.7173697, 47.1146937 ], [ 28.717371, 47.1146937 ], [ 28.7173723, 47.1146938 ], [ 28.7173728, 47.1146939 ], [ 28.7173731, 47.1146938 ], [ 28.7174029, 47.1146805 ], [ 28.7174032, 47.1146804 ], [ 28.717403, 47.1146802 ], [ 28.7173993, 47.1146763 ], [ 28.7173986, 47.1146755 ], [ 28.7173981, 47.1146747 ], [ 28.7173977, 47.1146739 ], [ 28.7173974, 47.114673 ], [ 28.7173972, 47.1146721 ], [ 28.7173972, 47.1146712 ], [ 28.7173972, 47.1146703 ], [ 28.7173975, 47.1146694 ], [ 28.7173978, 47.1146686 ], [ 28.7173983, 47.1146677 ], [ 28.7173989, 47.114667 ], [ 28.7173996, 47.1146662 ], [ 28.7174004, 47.1146655 ], [ 28.7174013, 47.1146648 ], [ 28.7174023, 47.1146643 ], [ 28.7174033, 47.1146638 ], [ 28.7174052, 47.1146629 ], [ 28.7174064, 47.1146625 ], [ 28.7174076, 47.1146621 ], [ 28.7174089, 47.1146619 ], [ 28.7174102, 47.1146617 ], [ 28.7174115, 47.1146616 ], [ 28.7174128, 47.1146616 ], [ 28.7174142, 47.1146617 ], [ 28.7174155, 47.1146618 ], [ 28.7174167, 47.1146621 ], [ 28.7174179, 47.1146625 ], [ 28.7174191, 47.1146629 ], [ 28.7174202, 47.1146634 ], [ 28.7174212, 47.114664 ], [ 28.7174221, 47.1146646 ], [ 28.717423, 47.1146654 ], [ 28.7174629, 47.1147036 ], [ 28.7174631, 47.1147038 ], [ 28.7174634, 47.1147037 ], [ 28.7174924, 47.1146896 ], [ 28.7174926, 47.1146895 ], [ 28.7174926, 47.1146894 ], [ 28.7174923, 47.1146886 ], [ 28.7174922, 47.1146878 ], [ 28.7174921, 47.1146869 ], [ 28.7174922, 47.114686 ], [ 28.7174924, 47.1146851 ], [ 28.7174927, 47.1146843 ], [ 28.7174932, 47.1146835 ], [ 28.7174938, 47.1146827 ], [ 28.7174944, 47.1146819 ], [ 28.7174952, 47.1146812 ], [ 28.7174961, 47.1146806 ], [ 28.7174971, 47.11468 ], [ 28.7174981, 47.1146795 ], [ 28.7174985, 47.1146793 ], [ 28.7174991, 47.1146791 ], [ 28.717528, 47.1146648 ], [ 28.7175282, 47.1146647 ], [ 28.7175282, 47.1146646 ], [ 28.717528, 47.1146638 ], [ 28.717528, 47.1146629 ], [ 28.7175281, 47.114662 ], [ 28.7175283, 47.1146612 ], [ 28.7175286, 47.1146603 ], [ 28.717529, 47.1146595 ], [ 28.7175296, 47.1146587 ], [ 28.7175302, 47.114658 ], [ 28.717531, 47.1146573 ], [ 28.7175318, 47.1146566 ], [ 28.7175328, 47.114656 ], [ 28.7175338, 47.1146555 ], [ 28.7175598, 47.1146435 ], [ 28.71756, 47.1146434 ], [ 28.7175599, 47.1146432 ], [ 28.7175313, 47.1146144 ], [ 28.7175306, 47.1146137 ], [ 28.717493, 47.1145671 ], [ 28.717493, 47.114567 ], [ 28.7174928, 47.1145668 ], [ 28.7174927, 47.1145667 ], [ 28.7174734, 47.1145444 ], [ 28.7174728, 47.1145436 ], [ 28.7174723, 47.1145428 ], [ 28.7174719, 47.114542 ], [ 28.7174717, 47.1145411 ], [ 28.7174716, 47.1145403 ], [ 28.7174716, 47.1145394 ], [ 28.7174717, 47.1145385 ], [ 28.717472, 47.1145376 ], [ 28.7174723, 47.1145368 ], [ 28.7174728, 47.114536 ], [ 28.7174734, 47.1145352 ], [ 28.7174741, 47.1145345 ], [ 28.7174749, 47.1145338 ], [ 28.7174758, 47.1145332 ], [ 28.7174768, 47.1145326 ], [ 28.7174779, 47.1145321 ], [ 28.717479, 47.1145317 ], [ 28.7174802, 47.1145314 ], [ 28.7174814, 47.1145311 ], [ 28.7174827, 47.1145309 ], [ 28.7174835, 47.1145309 ], [ 28.7174837, 47.1145309 ], [ 28.717484, 47.1145307 ], [ 28.7175134, 47.1145171 ], [ 28.7175137, 47.1145169 ], [ 28.7175135, 47.1145167 ], [ 28.7174692, 47.1144724 ], [ 28.717469, 47.1144722 ], [ 28.7174681, 47.1144714 ], [ 28.7174679, 47.1144712 ], [ 28.7174342, 47.1144441 ], [ 28.7174338, 47.1144438 ], [ 28.7174186, 47.1144303 ], [ 28.7174182, 47.1144299 ], [ 28.7174154, 47.1144272 ], [ 28.7174147, 47.1144264 ], [ 28.7174142, 47.1144256 ], [ 28.7174137, 47.1144248 ], [ 28.7174134, 47.1144239 ], [ 28.7174132, 47.114423 ], [ 28.7174131, 47.1144221 ], [ 28.7174131, 47.1144212 ], [ 28.7174133, 47.1144203 ], [ 28.7174136, 47.1144195 ], [ 28.7174141, 47.1144186 ], [ 28.7174146, 47.1144178 ], [ 28.7174153, 47.114417 ], [ 28.7174161, 47.1144163 ], [ 28.717417, 47.1144156 ], [ 28.717418, 47.114415 ], [ 28.7174191, 47.1144145 ], [ 28.717437, 47.1144066 ], [ 28.7174372, 47.1144064 ], [ 28.7174374, 47.1144063 ], [ 28.7174381, 47.1144055 ], [ 28.717439, 47.1144048 ], [ 28.7174399, 47.1144042 ], [ 28.7174409, 47.1144037 ], [ 28.717442, 47.1144032 ], [ 28.7174432, 47.1144028 ], [ 28.7174444, 47.1144024 ], [ 28.7174457, 47.1144022 ], [ 28.717447, 47.114402 ], [ 28.7174483, 47.114402 ], [ 28.7174496, 47.114402 ], [ 28.7174509, 47.1144021 ], [ 28.7174522, 47.1144023 ], [ 28.7174535, 47.1144026 ], [ 28.7174547, 47.114403 ], [ 28.7174558, 47.1144034 ], [ 28.7174569, 47.114404 ], [ 28.7174578, 47.1144046 ], [ 28.7174587, 47.1144052 ], [ 28.7174595, 47.1144059 ], [ 28.7175119, 47.114459 ], [ 28.717512, 47.114459 ], [ 28.7175407, 47.1144884 ], [ 28.7175411, 47.1144888 ], [ 28.7175539, 47.1145037 ], [ 28.7175541, 47.1145038 ], [ 28.7175544, 47.1145037 ], [ 28.7175725, 47.1144964 ], [ 28.7175736, 47.114496 ], [ 28.7175748, 47.1144957 ], [ 28.7175761, 47.1144954 ], [ 28.7175773, 47.1144953 ], [ 28.7175786, 47.1144952 ], [ 28.7175799, 47.1144952 ], [ 28.7175812, 47.1144953 ], [ 28.7175825, 47.1144955 ], [ 28.7175837, 47.1144957 ], [ 28.7175849, 47.1144961 ], [ 28.717586, 47.1144965 ], [ 28.7175871, 47.114497 ], [ 28.7175881, 47.1144976 ], [ 28.717589, 47.1144982 ], [ 28.7175898, 47.1144989 ], [ 28.7175905, 47.1144996 ], [ 28.717607, 47.1145187 ], [ 28.7176072, 47.1145189 ], [ 28.7176075, 47.1145188 ], [ 28.7176381, 47.1145065 ], [ 28.7176384, 47.1145064 ], [ 28.7176383, 47.1145062 ], [ 28.7175983, 47.1144598 ], [ 28.7175982, 47.1144597 ], [ 28.7175977, 47.1144592 ], [ 28.7175975, 47.1144591 ], [ 28.7175354, 47.1143963 ], [ 28.7175347, 47.1143956 ], [ 28.7175342, 47.1143948 ], [ 28.7175338, 47.114394 ], [ 28.7175334, 47.1143931 ], [ 28.7175332, 47.1143923 ], [ 28.7175332, 47.1143914 ], [ 28.7175332, 47.1143905 ], [ 28.7175334, 47.1143896 ], [ 28.7175337, 47.1143888 ], [ 28.7175341, 47.114388 ], [ 28.7175346, 47.1143872 ], [ 28.7175353, 47.1143864 ], [ 28.717536, 47.1143857 ], [ 28.7175368, 47.114385 ], [ 28.7175378, 47.1143844 ], [ 28.7175388, 47.1143839 ], [ 28.7175399, 47.1143834 ], [ 28.717541, 47.114383 ], [ 28.7175422, 47.1143827 ], [ 28.7175434, 47.1143825 ], [ 28.7175447, 47.1143823 ], [ 28.717546, 47.1143823 ], [ 28.7175473, 47.1143823 ], [ 28.7175485, 47.1143824 ], [ 28.7175498, 47.1143826 ], [ 28.717551, 47.1143829 ], [ 28.7175522, 47.1143832 ], [ 28.7175533, 47.1143836 ], [ 28.7175543, 47.1143841 ], [ 28.7175553, 47.1143847 ], [ 28.7175562, 47.1143853 ], [ 28.717557, 47.114386 ], [ 28.7176359, 47.1144606 ], [ 28.7176361, 47.1144607 ], [ 28.7176363, 47.1144606 ], [ 28.7176623, 47.1144478 ], [ 28.7176634, 47.1144473 ], [ 28.7176646, 47.1144469 ], [ 28.7176658, 47.1144466 ], [ 28.717667, 47.1144463 ], [ 28.7176683, 47.1144462 ], [ 28.7176696, 47.1144461 ], [ 28.7176709, 47.1144461 ], [ 28.7176722, 47.1144462 ], [ 28.7176735, 47.1144464 ], [ 28.7176747, 47.1144467 ], [ 28.7176759, 47.114447 ], [ 28.717677, 47.1144474 ], [ 28.7176781, 47.1144479 ], [ 28.7176791, 47.1144485 ], [ 28.71768, 47.1144492 ], [ 28.7176808, 47.1144499 ], [ 28.7176815, 47.1144506 ], [ 28.7176922, 47.1144634 ], [ 28.7176924, 47.1144635 ], [ 28.7176927, 47.1144634 ], [ 28.7177235, 47.1144513 ], [ 28.7177238, 47.1144512 ], [ 28.7177236, 47.114451 ], [ 28.717678, 47.1143967 ], [ 28.7176774, 47.1143959 ], [ 28.7176769, 47.1143951 ], [ 28.7176766, 47.1143943 ], [ 28.7176763, 47.1143934 ], [ 28.7176762, 47.1143925 ], [ 28.7176763, 47.1143917 ], [ 28.7176764, 47.1143908 ], [ 28.7176767, 47.1143899 ], [ 28.7176771, 47.1143891 ], [ 28.7176776, 47.1143883 ], [ 28.7176782, 47.1143875 ], [ 28.7176789, 47.1143868 ], [ 28.7176798, 47.1143861 ], [ 28.7176807, 47.1143855 ], [ 28.7176817, 47.114385 ], [ 28.7177004, 47.1143757 ], [ 28.7177006, 47.1143756 ], [ 28.7177004, 47.1143754 ], [ 28.7176078, 47.1142881 ], [ 28.7176077, 47.114288 ], [ 28.7175532, 47.1142383 ], [ 28.7175524, 47.1142375 ], [ 28.7175518, 47.1142367 ], [ 28.7175513, 47.1142359 ], [ 28.7175509, 47.114235 ], [ 28.7175507, 47.1142341 ], [ 28.7175506, 47.1142332 ], [ 28.7175506, 47.1142323 ], [ 28.7175507, 47.1142314 ], [ 28.717551, 47.1142305 ], [ 28.7175514, 47.1142296 ], [ 28.717552, 47.1142288 ], [ 28.7175526, 47.114228 ], [ 28.7175534, 47.1142273 ], [ 28.7175543, 47.1142266 ], [ 28.7175553, 47.114226 ], [ 28.7175563, 47.1142254 ], [ 28.7175598, 47.1142238 ], [ 28.71756, 47.1142237 ], [ 28.7175599, 47.1142235 ], [ 28.7174859, 47.1141493 ], [ 28.7174859, 47.1141493 ], [ 28.7174856, 47.1141491 ], [ 28.7174856, 47.114149 ], [ 28.7174553, 47.1141203 ], [ 28.7174546, 47.1141196 ], [ 28.717454, 47.1141188 ], [ 28.7174535, 47.114118 ], [ 28.7174532, 47.1141171 ], [ 28.7174529, 47.1141163 ], [ 28.7174528, 47.1141154 ], [ 28.7174528, 47.1141145 ], [ 28.717453, 47.1141136 ], [ 28.7174533, 47.1141128 ], [ 28.7174537, 47.1141119 ], [ 28.7174542, 47.1141111 ], [ 28.7174548, 47.1141103 ], [ 28.7174555, 47.1141096 ], [ 28.7174564, 47.1141089 ], [ 28.7174573, 47.1141083 ], [ 28.7174583, 47.1141078 ], [ 28.7174682, 47.1141029 ], [ 28.7174692, 47.1141025 ], [ 28.7174703, 47.1141021 ], [ 28.7174706, 47.114102 ], [ 28.7174709, 47.1141019 ], [ 28.7174712, 47.1141018 ], [ 28.7175007, 47.1140881 ], [ 28.7175009, 47.114088 ], [ 28.7175008, 47.1140878 ], [ 28.7174715, 47.1140584 ], [ 28.7174708, 47.1140576 ], [ 28.7174702, 47.1140568 ], [ 28.7174698, 47.1140559 ], [ 28.7174695, 47.1140551 ], [ 28.7174693, 47.1140542 ], [ 28.7174692, 47.1140533 ], [ 28.7174693, 47.1140523 ], [ 28.7174695, 47.1140515 ], [ 28.7174699, 47.1140506 ], [ 28.7174703, 47.1140497 ], [ 28.7174709, 47.1140489 ], [ 28.7174717, 47.1140481 ], [ 28.7174725, 47.1140474 ], [ 28.7174734, 47.1140468 ], [ 28.7174744, 47.1140462 ], [ 28.7174929, 47.1140366 ], [ 28.7174931, 47.1140364 ], [ 28.7174932, 47.1140361 ], [ 28.7174935, 47.1140352 ], [ 28.717494, 47.1140344 ], [ 28.7174945, 47.1140336 ], [ 28.7174951, 47.1140328 ], [ 28.7174959, 47.1140321 ], [ 28.7174967, 47.1140315 ], [ 28.7174977, 47.1140309 ], [ 28.7174987, 47.1140303 ], [ 28.7175119, 47.1140241 ], [ 28.7175122, 47.114024 ], [ 28.717512, 47.1140238 ], [ 28.7174563, 47.1139686 ], [ 28.7174556, 47.1139678 ], [ 28.717455, 47.113967 ], [ 28.7174546, 47.1139662 ], [ 28.7174542, 47.1139654 ], [ 28.717454, 47.1139645 ], [ 28.7174539, 47.1139636 ], [ 28.717454, 47.1139628 ], [ 28.7174541, 47.1139619 ], [ 28.7174544, 47.1139611 ], [ 28.7174548, 47.1139602 ], [ 28.7174553, 47.1139594 ], [ 28.7174559, 47.1139587 ], [ 28.7174567, 47.113958 ], [ 28.7174575, 47.1139573 ], [ 28.7174584, 47.1139567 ], [ 28.7174594, 47.1139561 ], [ 28.7174742, 47.1139489 ], [ 28.7174745, 47.1139487 ], [ 28.7174743, 47.1139486 ], [ 28.7174592, 47.1139342 ], [ 28.717459, 47.1139341 ], [ 28.7174583, 47.1139334 ], [ 28.7174581, 47.1139333 ], [ 28.7174245, 47.1139061 ], [ 28.7174241, 47.1139058 ], [ 28.717408, 47.1138913 ], [ 28.7174078, 47.1138912 ], [ 28.7174075, 47.1138913 ], [ 28.717403, 47.1138937 ], [ 28.7174019, 47.1138941 ], [ 28.7174009, 47.1138946 ], [ 28.7173997, 47.1138949 ], [ 28.7173985, 47.1138952 ], [ 28.7173973, 47.1138954 ], [ 28.717396, 47.1138955 ], [ 28.7173948, 47.1138955 ], [ 28.7173935, 47.1138954 ], [ 28.7173923, 47.1138953 ], [ 28.7173911, 47.1138951 ], [ 28.7173899, 47.1138948 ], [ 28.7173887, 47.1138944 ], [ 28.7173877, 47.113894 ], [ 28.7173867, 47.1138935 ], [ 28.7173857, 47.1138929 ], [ 28.7173849, 47.1138923 ], [ 28.7173841, 47.1138916 ], [ 28.7173834, 47.1138909 ], [ 28.7173683, 47.1138722 ], [ 28.7173682, 47.113872 ], [ 28.7173679, 47.1138721 ], [ 28.7173368, 47.1138839 ], [ 28.7173365, 47.113884 ], [ 28.7173362, 47.1138843 ], [ 28.7173361, 47.1138845 ], [ 28.7173354, 47.1138852 ], [ 28.7173345, 47.1138859 ], [ 28.7173336, 47.1138866 ], [ 28.7173326, 47.1138871 ], [ 28.7173315, 47.1138876 ], [ 28.7173311, 47.1138878 ], [ 28.7173117, 47.1138968 ], [ 28.7173106, 47.1138973 ], [ 28.7173094, 47.1138977 ], [ 28.7173082, 47.113898 ], [ 28.7173069, 47.1138982 ], [ 28.7173056, 47.1138983 ], [ 28.7173043, 47.1138984 ], [ 28.717303, 47.1138983 ], [ 28.7173018, 47.1138982 ], [ 28.7173005, 47.113898 ], [ 28.7172993, 47.1138977 ], [ 28.7172981, 47.1138973 ], [ 28.717297, 47.1138969 ], [ 28.7172959, 47.1138963 ], [ 28.717295, 47.1138957 ], [ 28.7172945, 47.1138954 ], [ 28.7172943, 47.1138955 ], [ 28.7172827, 47.1139014 ], [ 28.7172816, 47.1139019 ], [ 28.7172805, 47.1139023 ], [ 28.7172793, 47.1139027 ], [ 28.7172781, 47.1139029 ], [ 28.7172768, 47.1139031 ], [ 28.7172756, 47.1139032 ], [ 28.7172743, 47.1139032 ], [ 28.717273, 47.1139031 ], [ 28.7172718, 47.113903 ], [ 28.7172705, 47.1139027 ], [ 28.7172693, 47.1139024 ], [ 28.7172682, 47.113902 ], [ 28.7172671, 47.1139015 ], [ 28.7172661, 47.113901 ], [ 28.7172652, 47.1139004 ], [ 28.7172644, 47.1138997 ], [ 28.7172637, 47.113899 ], [ 28.7172467, 47.1138808 ], [ 28.7172464, 47.1138804 ], [ 28.7172343, 47.1138656 ], [ 28.717234, 47.1138652 ], [ 28.7172112, 47.1138332 ], [ 28.717211, 47.1138329 ], [ 28.7172099, 47.1138316 ], [ 28.7172096, 47.1138314 ], [ 28.7172026, 47.1138242 ], [ 28.7172024, 47.1138241 ], [ 28.7172021, 47.1138242 ], [ 28.7171727, 47.1138378 ], [ 28.7171724, 47.1138379 ], [ 28.7171726, 47.1138381 ], [ 28.7171785, 47.1138441 ], [ 28.7171795, 47.1138452 ], [ 28.7172018, 47.1138765 ], [ 28.7172018, 47.1138766 ], [ 28.7172022, 47.1138771 ], [ 28.7172023, 47.1138772 ], [ 28.7172151, 47.1138929 ], [ 28.7172152, 47.113893 ], [ 28.7172156, 47.1138935 ], [ 28.7172157, 47.1138936 ], [ 28.7172302, 47.1139092 ], [ 28.7172308, 47.1139099 ], [ 28.7172313, 47.1139108 ], [ 28.7172317, 47.1139116 ], [ 28.717232, 47.1139125 ], [ 28.7172322, 47.1139133 ], [ 28.7172322, 47.1139142 ], [ 28.7172321, 47.1139151 ], [ 28.7172319, 47.113916 ], [ 28.7172315, 47.1139168 ], [ 28.7172311, 47.1139176 ], [ 28.7172305, 47.1139184 ], [ 28.7172298, 47.1139192 ], [ 28.717229, 47.1139199 ], [ 28.7172281, 47.1139205 ], [ 28.7172271, 47.1139211 ], [ 28.7172261, 47.1139216 ], [ 28.7172169, 47.1139255 ], [ 28.7172167, 47.1139257 ], [ 28.7172168, 47.1139258 ], [ 28.7172452, 47.1139565 ], [ 28.7172459, 47.1139573 ], [ 28.7172464, 47.1139581 ], [ 28.7172468, 47.113959 ], [ 28.7172471, 47.1139598 ], [ 28.7172472, 47.1139607 ], [ 28.7172472, 47.1139616 ], [ 28.7172471, 47.1139625 ], [ 28.7172469, 47.1139634 ], [ 28.7172465, 47.1139642 ], [ 28.7172461, 47.1139651 ], [ 28.7172454, 47.1139659 ], [ 28.7172447, 47.1139666 ], [ 28.7172439, 47.1139673 ], [ 28.717243, 47.1139679 ], [ 28.717242, 47.1139685 ], [ 28.717229, 47.1139752 ], [ 28.7172279, 47.1139757 ], [ 28.7172268, 47.1139761 ], [ 28.7172256, 47.1139764 ], [ 28.7172244, 47.1139767 ], [ 28.7172231, 47.1139769 ], [ 28.7172218, 47.113977 ], [ 28.7172205, 47.113977 ], [ 28.7172192, 47.1139769 ], [ 28.7172179, 47.1139767 ], [ 28.7172167, 47.1139765 ], [ 28.7172155, 47.1139761 ], [ 28.7172144, 47.1139757 ], [ 28.7172133, 47.1139752 ], [ 28.7172123, 47.1139747 ], [ 28.7172114, 47.113974 ], [ 28.7172105, 47.1139734 ], [ 28.7172056, 47.1139689 ], [ 28.7172054, 47.1139687 ], [ 28.7172052, 47.1139688 ], [ 28.7171895, 47.1139768 ], [ 28.7171884, 47.1139773 ], [ 28.7171873, 47.1139778 ], [ 28.7171861, 47.1139781 ], [ 28.7171848, 47.1139784 ], [ 28.7171836, 47.1139785 ], [ 28.7171823, 47.1139786 ], [ 28.717181, 47.1139786 ], [ 28.7171797, 47.1139785 ], [ 28.7171784, 47.1139784 ], [ 28.7171772, 47.1139781 ], [ 28.717176, 47.1139778 ], [ 28.7171749, 47.1139774 ], [ 28.7171738, 47.1139769 ], [ 28.7171728, 47.1139763 ], [ 28.7171719, 47.1139757 ], [ 28.7171711, 47.113975 ], [ 28.7171586, 47.1139637 ], [ 28.7171583, 47.1139634 ], [ 28.7171139, 47.1139195 ], [ 28.7171137, 47.1139193 ], [ 28.7171135, 47.1139195 ], [ 28.7170842, 47.1139333 ], [ 28.7170839, 47.1139334 ], [ 28.7170838, 47.1139335 ], [ 28.7170832, 47.113934 ], [ 28.7170823, 47.1139346 ], [ 28.7170814, 47.1139352 ], [ 28.7170803, 47.1139357 ], [ 28.7170792, 47.1139361 ], [ 28.7170781, 47.1139364 ], [ 28.7170769, 47.1139367 ], [ 28.7170756, 47.1139369 ], [ 28.7170752, 47.113937 ], [ 28.7170749, 47.1139371 ], [ 28.7170459, 47.1139512 ], [ 28.7170457, 47.1139513 ], [ 28.7170453, 47.1139516 ], [ 28.7170445, 47.1139524 ], [ 28.7170436, 47.113953 ], [ 28.7170425, 47.1139536 ], [ 28.7170365, 47.1139568 ], [ 28.7170354, 47.1139573 ], [ 28.7170343, 47.1139577 ], [ 28.7170332, 47.1139581 ], [ 28.717032, 47.1139583 ], [ 28.7170307, 47.1139585 ], [ 28.7170295, 47.1139586 ], [ 28.7170282, 47.1139587 ], [ 28.717027, 47.1139586 ], [ 28.7170257, 47.1139585 ], [ 28.7170245, 47.1139583 ], [ 28.7170233, 47.113958 ], [ 28.7170222, 47.1139576 ], [ 28.7170211, 47.1139572 ], [ 28.7170201, 47.1139567 ], [ 28.7170192, 47.1139561 ], [ 28.7170183, 47.1139554 ], [ 28.7170176, 47.1139548 ], [ 28.7170131, 47.1139503 ], [ 28.7170535, 47.1139294 ], [ 28.7170537, 47.1139293 ], [ 28.717117, 47.1138975 ], [ 28.7171172, 47.1138974 ], [ 28.717117, 47.1138972 ], [ 28.7170933, 47.1138753 ], [ 28.7170931, 47.1138751 ], [ 28.7170929, 47.1138752 ], [ 28.7170294, 47.1139071 ], [ 28.7170292, 47.1139072 ], [ 28.7170236, 47.1139101 ], [ 28.7170225, 47.1139106 ], [ 28.7170214, 47.113911 ], [ 28.7170203, 47.1139114 ], [ 28.7170191, 47.1139117 ], [ 28.7170178, 47.1139118 ], [ 28.7170165, 47.1139119 ], [ 28.7170153, 47.113912 ], [ 28.717014, 47.1139119 ], [ 28.7170128, 47.1139117 ], [ 28.7170115, 47.1139115 ], [ 28.7170103, 47.1139112 ], [ 28.7170092, 47.1139108 ], [ 28.7170081, 47.1139104 ], [ 28.7170071, 47.1139098 ], [ 28.7170062, 47.1139092 ], [ 28.7170053, 47.1139086 ], [ 28.7170007, 47.1139046 ], [ 28.7170005, 47.1139044 ], [ 28.7170002, 47.1139046 ], [ 28.7169809, 47.1139151 ], [ 28.7169718, 47.1139048 ], [ 28.7169716, 47.1139046 ], [ 28.7169714, 47.1139047 ], [ 28.7169408, 47.1139172 ], [ 28.7169405, 47.1139173 ], [ 28.7169407, 47.1139175 ], [ 28.7169517, 47.1139301 ], [ 28.7169523, 47.1139307 ], [ 28.7166749, 47.1140821 ], [ 28.7166738, 47.1140826 ], [ 28.7166727, 47.114083 ], [ 28.7166716, 47.1140834 ], [ 28.7166703, 47.1140837 ], [ 28.7166691, 47.1140839 ], [ 28.7166678, 47.114084 ], [ 28.7166665, 47.1140841 ], [ 28.7166653, 47.114084 ], [ 28.716664, 47.1140839 ], [ 28.7166627, 47.1140837 ], [ 28.7166615, 47.1140834 ], [ 28.7166604, 47.114083 ], [ 28.7166593, 47.1140825 ], [ 28.7166582, 47.114082 ], [ 28.7166573, 47.1140814 ], [ 28.7166564, 47.1140807 ], [ 28.7166463, 47.1140723 ], [ 28.7166455, 47.1140716 ], [ 28.7166449, 47.1140708 ], [ 28.7166443, 47.11407 ], [ 28.7166439, 47.1140692 ], [ 28.7166436, 47.1140683 ], [ 28.7166434, 47.1140674 ], [ 28.7166433, 47.1140665 ], [ 28.7166434, 47.1140656 ], [ 28.7166436, 47.1140648 ], [ 28.7166439, 47.1140639 ], [ 28.7166444, 47.1140631 ], [ 28.716645, 47.1140623 ], [ 28.7166456, 47.1140615 ], [ 28.7166464, 47.1140608 ], [ 28.7166473, 47.1140602 ], [ 28.7166483, 47.1140596 ], [ 28.716777, 47.113989 ], [ 28.7167771, 47.113989 ], [ 28.7167775, 47.1139888 ], [ 28.7167776, 47.1139887 ], [ 28.7168374, 47.1139538 ], [ 28.7168376, 47.1139537 ], [ 28.7168984, 47.1139197 ], [ 28.7168985, 47.1139196 ], [ 28.7171033, 47.1138069 ], [ 28.7171035, 47.1138068 ], [ 28.7171034, 47.1138066 ], [ 28.7170809, 47.1137876 ], [ 28.7170802, 47.1137869 ], [ 28.7170795, 47.1137861 ], [ 28.717079, 47.1137853 ], [ 28.7170785, 47.1137844 ], [ 28.7170782, 47.1137835 ], [ 28.7170782, 47.1137833 ], [ 28.717078, 47.1137832 ], [ 28.7170558, 47.1137657 ], [ 28.7170552, 47.1137652 ], [ 28.7170369, 47.1137486 ], [ 28.7170367, 47.1137484 ], [ 28.7170362, 47.1137482 ], [ 28.7170352, 47.1137477 ], [ 28.7170343, 47.1137472 ], [ 28.7170335, 47.1137466 ], [ 28.7170328, 47.113746 ], [ 28.7170325, 47.1137457 ], [ 28.7170321, 47.1137453 ], [ 28.7170133, 47.1137298 ], [ 28.7170128, 47.1137294 ], [ 28.7170125, 47.113729 ], [ 28.7169937, 47.1137134 ], [ 28.716993, 47.1137127 ], [ 28.7169923, 47.1137119 ], [ 28.7169918, 47.1137111 ], [ 28.7169913, 47.1137103 ], [ 28.7169912, 47.11371 ], [ 28.716991, 47.1137098 ], [ 28.7169705, 47.1136946 ], [ 28.7169696, 47.1136938 ], [ 28.7169688, 47.113693 ], [ 28.7169686, 47.1136928 ], [ 28.7169684, 47.1136926 ], [ 28.7169437, 47.1136712 ], [ 28.7169435, 47.113671 ], [ 28.7169431, 47.1136712 ], [ 28.7169429, 47.1136713 ], [ 28.7169417, 47.1136717 ], [ 28.7169405, 47.113672 ], [ 28.7169393, 47.1136722 ], [ 28.716938, 47.1136724 ], [ 28.7169367, 47.1136725 ], [ 28.7169354, 47.1136724 ], [ 28.7169341, 47.1136723 ], [ 28.7169329, 47.1136721 ], [ 28.7169316, 47.1136719 ], [ 28.7169304, 47.1136715 ], [ 28.7169293, 47.1136711 ], [ 28.7169282, 47.1136706 ], [ 28.7169273, 47.11367 ], [ 28.7169264, 47.1136693 ], [ 28.7169256, 47.1136686 ], [ 28.716918, 47.1136613 ], [ 28.7169178, 47.1136611 ], [ 28.7169175, 47.1136612 ], [ 28.7168823, 47.1136781 ], [ 28.7168812, 47.1136786 ], [ 28.7168801, 47.113679 ], [ 28.7168788, 47.1136793 ], [ 28.7168776, 47.1136796 ], [ 28.7168763, 47.1136797 ], [ 28.7168749, 47.1136798 ], [ 28.7168736, 47.1136797 ], [ 28.7168723, 47.1136796 ], [ 28.716871, 47.1136794 ], [ 28.7168698, 47.1136791 ], [ 28.7168686, 47.1136787 ], [ 28.7168675, 47.1136783 ], [ 28.7168664, 47.1136777 ], [ 28.7168654, 47.1136771 ], [ 28.7168646, 47.1136765 ], [ 28.7168444, 47.1136596 ], [ 28.7168442, 47.1136595 ], [ 28.716844, 47.1136596 ], [ 28.7167524, 47.1137107 ], [ 28.7167513, 47.1137112 ], [ 28.7167502, 47.1137117 ], [ 28.7167491, 47.113712 ], [ 28.7167478, 47.1137123 ], [ 28.7167466, 47.1137125 ], [ 28.7167453, 47.1137127 ], [ 28.716744, 47.1137127 ], [ 28.7167427, 47.1137127 ], [ 28.7167414, 47.1137125 ], [ 28.7167401, 47.1137123 ], [ 28.7167389, 47.113712 ], [ 28.7167378, 47.1137116 ], [ 28.7167366, 47.1137112 ], [ 28.7167356, 47.1137106 ], [ 28.7167347, 47.11371 ], [ 28.7167338, 47.1137094 ], [ 28.7167224, 47.1136997 ], [ 28.7167222, 47.1136996 ], [ 28.716722, 47.1136997 ], [ 28.7166809, 47.1137223 ], [ 28.7166799, 47.1137228 ], [ 28.7166787, 47.1137233 ], [ 28.7166775, 47.1137236 ], [ 28.7166762, 47.1137239 ], [ 28.7166749, 47.1137241 ], [ 28.7166736, 47.1137242 ], [ 28.7166723, 47.1137243 ], [ 28.716671, 47.1137242 ], [ 28.7166697, 47.113724 ], [ 28.7166684, 47.1137238 ], [ 28.7166672, 47.1137234 ], [ 28.716666, 47.113723 ], [ 28.7166649, 47.1137225 ], [ 28.7166638, 47.1137219 ], [ 28.7166629, 47.1137213 ], [ 28.7166621, 47.1137206 ], [ 28.7166492, 47.1137087 ], [ 28.716649, 47.1137085 ], [ 28.7166485, 47.1137084 ], [ 28.7166482, 47.1137082 ], [ 28.716647, 47.1137078 ], [ 28.716646, 47.1137072 ], [ 28.716645, 47.1137066 ], [ 28.7166441, 47.1137059 ], [ 28.716622, 47.1136866 ], [ 28.7166218, 47.1136864 ], [ 28.7166215, 47.1136862 ], [ 28.716621, 47.1136859 ], [ 28.7166201, 47.1136852 ], [ 28.7165977, 47.1136669 ], [ 28.7165975, 47.1136668 ], [ 28.7165972, 47.1136669 ], [ 28.7165574, 47.1136897 ], [ 28.7165563, 47.1136902 ], [ 28.7165552, 47.1136907 ], [ 28.716554, 47.1136911 ], [ 28.7165528, 47.1136914 ], [ 28.7165515, 47.1136916 ], [ 28.7165502, 47.1136917 ], [ 28.7165489, 47.1136918 ], [ 28.7165476, 47.1136917 ], [ 28.7165463, 47.1136916 ], [ 28.716545, 47.1136914 ], [ 28.7165438, 47.1136911 ], [ 28.7165426, 47.1136907 ], [ 28.7165415, 47.1136902 ], [ 28.7165404, 47.1136897 ], [ 28.7165394, 47.1136891 ], [ 28.7165386, 47.1136884 ], [ 28.7165263, 47.1136778 ], [ 28.7165261, 47.1136777 ], [ 28.7165258, 47.1136775 ], [ 28.7165251, 47.1136771 ], [ 28.716524, 47.1136763 ], [ 28.7165062, 47.1136612 ], [ 28.7165054, 47.1136605 ], [ 28.7165048, 47.1136598 ], [ 28.7165042, 47.1136589 ], [ 28.716504, 47.1136586 ], [ 28.7165038, 47.1136584 ], [ 28.7164894, 47.1136473 ], [ 28.7164886, 47.1136466 ], [ 28.7164878, 47.1136459 ], [ 28.7164872, 47.1136451 ], [ 28.7164868, 47.1136443 ], [ 28.7164864, 47.1136434 ], [ 28.7164862, 47.1136425 ], [ 28.7164861, 47.1136416 ], [ 28.7164861, 47.1136407 ], [ 28.7164862, 47.1136399 ], [ 28.7164865, 47.113639 ], [ 28.7164869, 47.1136381 ], [ 28.7164874, 47.1136373 ], [ 28.7164881, 47.1136365 ], [ 28.7164888, 47.1136358 ], [ 28.7164897, 47.1136351 ], [ 28.7164906, 47.1136345 ], [ 28.7165246, 47.1136146 ], [ 28.7165248, 47.1136145 ], [ 28.7165246, 47.1136143 ], [ 28.7165113, 47.1136037 ], [ 28.7165105, 47.113603 ], [ 28.7165099, 47.1136023 ], [ 28.7165093, 47.1136015 ], [ 28.7165088, 47.1136007 ], [ 28.7165085, 47.1135999 ], [ 28.7165082, 47.113599 ], [ 28.7165081, 47.1135982 ], [ 28.7165082, 47.1135973 ], [ 28.7165083, 47.1135964 ], [ 28.7165086, 47.1135956 ], [ 28.7165089, 47.1135948 ], [ 28.7165094, 47.113594 ], [ 28.7165099, 47.1135934 ], [ 28.7165099, 47.1135933 ], [ 28.7165097, 47.1135931 ], [ 28.7164877, 47.1135747 ], [ 28.7164873, 47.1135744 ], [ 28.7164868, 47.1135739 ], [ 28.7164614, 47.1135528 ], [ 28.7164612, 47.1135526 ], [ 28.716461, 47.1135528 ], [ 28.7164564, 47.1135553 ], [ 28.7164554, 47.1135558 ], [ 28.7164543, 47.1135563 ], [ 28.7164531, 47.1135567 ], [ 28.7164519, 47.113557 ], [ 28.7164506, 47.1135572 ], [ 28.7164493, 47.1135573 ], [ 28.716448, 47.1135573 ], [ 28.7164467, 47.1135573 ], [ 28.7164455, 47.1135572 ], [ 28.7164442, 47.113557 ], [ 28.716443, 47.1135567 ], [ 28.7164418, 47.1135563 ], [ 28.7164407, 47.1135558 ], [ 28.7164397, 47.1135553 ], [ 28.7164387, 47.1135547 ], [ 28.7164378, 47.113554 ], [ 28.7164371, 47.1135533 ], [ 28.7164364, 47.1135525 ], [ 28.7164359, 47.1135517 ], [ 28.7164354, 47.1135509 ], [ 28.7164351, 47.11355 ], [ 28.7164349, 47.1135492 ], [ 28.7164349, 47.1135487 ], [ 28.7164347, 47.1135485 ], [ 28.7164143, 47.1135251 ], [ 28.7164142, 47.1135249 ], [ 28.7164139, 47.113525 ], [ 28.7163684, 47.1135434 ], [ 28.7163682, 47.1135435 ], [ 28.7163672, 47.113544 ], [ 28.716367, 47.1135441 ], [ 28.7163661, 47.1135445 ], [ 28.716365, 47.1135449 ], [ 28.7163639, 47.1135453 ], [ 28.7163626, 47.1135457 ], [ 28.7163614, 47.1135459 ], [ 28.7163601, 47.113546 ], [ 28.7163588, 47.1135461 ], [ 28.7163575, 47.113546 ], [ 28.7163562, 47.1135459 ], [ 28.7163549, 47.1135457 ], [ 28.7163537, 47.1135454 ], [ 28.7163525, 47.1135451 ], [ 28.7163514, 47.1135446 ], [ 28.7163503, 47.1135441 ], [ 28.7163494, 47.1135435 ], [ 28.7163485, 47.1135428 ], [ 28.7163284, 47.1135263 ], [ 28.7163282, 47.1135261 ], [ 28.7163279, 47.1135262 ], [ 28.7162974, 47.1135435 ], [ 28.7162963, 47.113544 ], [ 28.7162953, 47.1135445 ], [ 28.7162941, 47.1135449 ], [ 28.7162929, 47.1135452 ], [ 28.7162917, 47.1135454 ], [ 28.7162904, 47.1135455 ], [ 28.7162892, 47.1135456 ], [ 28.7162879, 47.1135456 ], [ 28.7162866, 47.1135454 ], [ 28.7162854, 47.1135452 ], [ 28.7162842, 47.113545 ], [ 28.716283, 47.1135446 ], [ 28.7162819, 47.1135442 ], [ 28.7162809, 47.1135437 ], [ 28.7162799, 47.1135431 ], [ 28.716279, 47.1135425 ], [ 28.7162668, 47.1135329 ], [ 28.7162666, 47.1135328 ], [ 28.7162663, 47.1135329 ], [ 28.7162658, 47.1135331 ], [ 28.7162646, 47.1135334 ], [ 28.7162634, 47.1135337 ], [ 28.7162622, 47.1135339 ], [ 28.7162609, 47.113534 ], [ 28.7162597, 47.1135341 ], [ 28.7162584, 47.113534 ], [ 28.7162571, 47.1135339 ], [ 28.7162559, 47.1135337 ], [ 28.7162547, 47.1135334 ], [ 28.7162536, 47.113533 ], [ 28.7162525, 47.1135326 ], [ 28.7162515, 47.113532 ], [ 28.7162505, 47.1135315 ], [ 28.7162497, 47.1135308 ], [ 28.7162432, 47.1135255 ], [ 28.716243, 47.1135254 ], [ 28.7162427, 47.1135255 ], [ 28.716131, 47.1135892 ], [ 28.7161307, 47.1135894 ], [ 28.7161309, 47.1135896 ], [ 28.71614, 47.1135969 ], [ 28.7161407, 47.1135976 ], [ 28.7161414, 47.1135984 ], [ 28.716142, 47.1135992 ], [ 28.7161424, 47.1136 ], [ 28.7161427, 47.1136009 ], [ 28.7161429, 47.1136017 ], [ 28.716143, 47.1136026 ], [ 28.716143, 47.1136035 ], [ 28.7161428, 47.1136044 ], [ 28.7161425, 47.1136052 ], [ 28.7161421, 47.1136061 ], [ 28.7161415, 47.1136069 ], [ 28.7161409, 47.1136076 ], [ 28.7161401, 47.1136083 ], [ 28.7161393, 47.113609 ], [ 28.7161383, 47.1136096 ], [ 28.7161078, 47.1136272 ], [ 28.7161077, 47.1136272 ], [ 28.7161075, 47.1136274 ], [ 28.7161074, 47.1136274 ], [ 28.7160617, 47.1136549 ], [ 28.7160614, 47.1136551 ], [ 28.7160616, 47.1136552 ], [ 28.7160737, 47.1136646 ], [ 28.7160745, 47.1136653 ], [ 28.7160752, 47.1136661 ], [ 28.7160758, 47.1136669 ], [ 28.7160763, 47.1136677 ], [ 28.7160767, 47.1136686 ], [ 28.7160769, 47.1136694 ], [ 28.716077, 47.1136703 ], [ 28.716077, 47.1136712 ], [ 28.7160768, 47.1136721 ], [ 28.7160765, 47.113673 ], [ 28.7160761, 47.1136739 ], [ 28.7160755, 47.1136747 ], [ 28.7160749, 47.1136754 ], [ 28.7160741, 47.1136762 ], [ 28.7160732, 47.1136768 ], [ 28.7160723, 47.1136775 ], [ 28.716045, 47.1136931 ], [ 28.7160447, 47.1136932 ], [ 28.7160449, 47.1136934 ], [ 28.7160706, 47.1137143 ], [ 28.7160708, 47.1137144 ], [ 28.7160712, 47.1137143 ], [ 28.7160724, 47.1137141 ], [ 28.7160736, 47.1137139 ], [ 28.7160749, 47.1137138 ], [ 28.7160762, 47.1137138 ], [ 28.7160774, 47.1137139 ], [ 28.7160787, 47.113714 ], [ 28.7160799, 47.1137143 ], [ 28.7160811, 47.1137146 ], [ 28.7160823, 47.113715 ], [ 28.7160833, 47.1137154 ], [ 28.7160843, 47.113716 ], [ 28.7160853, 47.1137166 ], [ 28.7160861, 47.1137172 ], [ 28.7160868, 47.1137179 ], [ 28.7160875, 47.1137187 ], [ 28.716088, 47.1137195 ], [ 28.7160884, 47.1137203 ], [ 28.7160887, 47.1137211 ], [ 28.7160889, 47.113722 ], [ 28.7160889, 47.1137229 ], [ 28.7160888, 47.1137237 ], [ 28.7160886, 47.1137246 ], [ 28.7160883, 47.1137254 ], [ 28.7160879, 47.1137263 ], [ 28.7160874, 47.113727 ], [ 28.7160867, 47.1137278 ], [ 28.7160859, 47.1137285 ], [ 28.7160851, 47.1137291 ], [ 28.7160841, 47.1137297 ], [ 28.7160248, 47.1137632 ], [ 28.7160247, 47.1137633 ], [ 28.7159241, 47.1138215 ], [ 28.715924, 47.1138216 ], [ 28.7158241, 47.1138801 ], [ 28.7158239, 47.1138803 ], [ 28.7158228, 47.113881 ], [ 28.7158226, 47.1138811 ], [ 28.7157683, 47.1139192 ], [ 28.7157673, 47.1139198 ], [ 28.7157256, 47.1139439 ], [ 28.7157253, 47.1139441 ], [ 28.7157255, 47.1139443 ], [ 28.7157371, 47.1139536 ], [ 28.7157378, 47.1139543 ], [ 28.7157385, 47.113955 ], [ 28.7157391, 47.1139558 ], [ 28.7157396, 47.1139566 ], [ 28.7157399, 47.1139575 ], [ 28.7157401, 47.1139583 ], [ 28.7157402, 47.1139592 ], [ 28.7157401, 47.1139601 ], [ 28.71574, 47.113961 ], [ 28.7157397, 47.1139618 ], [ 28.7157393, 47.1139627 ], [ 28.7157387, 47.1139635 ], [ 28.7157381, 47.1139642 ], [ 28.7157373, 47.1139649 ], [ 28.7157365, 47.1139656 ], [ 28.7157355, 47.1139662 ], [ 28.7156846, 47.1139958 ], [ 28.7156844, 47.113996 ], [ 28.7156846, 47.1139961 ], [ 28.7156945, 47.1140041 ], [ 28.7156953, 47.1140048 ], [ 28.715696, 47.1140056 ], [ 28.7156966, 47.1140064 ], [ 28.715697, 47.1140072 ], [ 28.7156973, 47.114008 ], [ 28.7156976, 47.1140089 ], [ 28.7156976, 47.1140098 ], [ 28.7156976, 47.1140107 ], [ 28.7156974, 47.1140116 ], [ 28.7156971, 47.1140125 ], [ 28.7156967, 47.1140133 ], [ 28.7156961, 47.1140141 ], [ 28.7156955, 47.1140149 ], [ 28.7156947, 47.1140156 ], [ 28.7156938, 47.1140163 ], [ 28.7156929, 47.1140169 ], [ 28.7156032, 47.1140676 ], [ 28.7156029, 47.1140677 ], [ 28.7156031, 47.1140679 ], [ 28.7156286, 47.1140889 ] ], [ [ 28.7168923, 47.1137596 ], [ 28.7168912, 47.1137599 ], [ 28.71689, 47.1137602 ], [ 28.7168887, 47.1137604 ], [ 28.7168875, 47.1137605 ], [ 28.7168862, 47.1137606 ], [ 28.7168849, 47.1137605 ], [ 28.7168837, 47.1137604 ], [ 28.7168824, 47.1137601 ], [ 28.7168812, 47.1137599 ], [ 28.7168801, 47.1137595 ], [ 28.716879, 47.113759 ], [ 28.716878, 47.1137585 ], [ 28.716877, 47.1137579 ], [ 28.7168762, 47.1137573 ], [ 28.7168739, 47.1137554 ], [ 28.7168731, 47.1137547 ], [ 28.7168724, 47.1137539 ], [ 28.7168719, 47.1137531 ], [ 28.7168714, 47.1137522 ], [ 28.7168711, 47.1137514 ], [ 28.7168709, 47.1137505 ], [ 28.7168709, 47.1137496 ], [ 28.716871, 47.1137487 ], [ 28.7168712, 47.1137478 ], [ 28.7168715, 47.1137469 ], [ 28.716872, 47.1137461 ], [ 28.7168725, 47.1137453 ], [ 28.7168732, 47.1137445 ], [ 28.716874, 47.1137438 ], [ 28.7168749, 47.1137432 ], [ 28.7168759, 47.1137426 ], [ 28.7169136, 47.1137224 ], [ 28.7169146, 47.1137219 ], [ 28.7169157, 47.1137214 ], [ 28.7169168, 47.1137211 ], [ 28.716918, 47.1137208 ], [ 28.7169193, 47.1137206 ], [ 28.7169205, 47.1137205 ], [ 28.7169218, 47.1137204 ], [ 28.716923, 47.1137205 ], [ 28.7169243, 47.1137206 ], [ 28.7169255, 47.1137208 ], [ 28.7169267, 47.1137211 ], [ 28.7169278, 47.1137215 ], [ 28.7169289, 47.1137219 ], [ 28.71693, 47.1137224 ], [ 28.7169309, 47.113723 ], [ 28.7169334, 47.1137246 ], [ 28.7169343, 47.1137253 ], [ 28.7169351, 47.113726 ], [ 28.7169358, 47.1137268 ], [ 28.7169363, 47.1137276 ], [ 28.7169368, 47.1137284 ], [ 28.7169371, 47.1137293 ], [ 28.7169373, 47.1137302 ], [ 28.7169374, 47.113731 ], [ 28.7169373, 47.1137319 ], [ 28.7169371, 47.1137328 ], [ 28.7169368, 47.1137337 ], [ 28.7169364, 47.1137345 ], [ 28.7169358, 47.1137353 ], [ 28.7169352, 47.1137361 ], [ 28.7169344, 47.1137368 ], [ 28.7169335, 47.1137375 ], [ 28.7169325, 47.1137381 ], [ 28.716926, 47.1137417 ], [ 28.7169258, 47.1137418 ], [ 28.7168945, 47.1137586 ], [ 28.7168935, 47.1137591 ], [ 28.7168923, 47.1137596 ] ], [ [ 28.7159419, 47.114223 ], [ 28.7159407, 47.1142233 ], [ 28.7159394, 47.1142235 ], [ 28.7159381, 47.1142237 ], [ 28.7159368, 47.1142237 ], [ 28.7159355, 47.1142237 ], [ 28.7159342, 47.1142236 ], [ 28.715933, 47.1142234 ], [ 28.7159318, 47.1142231 ], [ 28.7159306, 47.1142228 ], [ 28.7159294, 47.1142223 ], [ 28.7159284, 47.1142218 ], [ 28.7159274, 47.1142212 ], [ 28.7159265, 47.1142206 ], [ 28.7159257, 47.1142199 ], [ 28.715925, 47.1142191 ], [ 28.7159244, 47.1142184 ], [ 28.715924, 47.1142175 ], [ 28.7159236, 47.1142167 ], [ 28.7159234, 47.1142158 ], [ 28.7159233, 47.1142149 ], [ 28.7159234, 47.114214 ], [ 28.7159235, 47.1142132 ], [ 28.7159238, 47.1142123 ], [ 28.7159242, 47.1142115 ], [ 28.7159248, 47.1142106 ], [ 28.7159254, 47.1142099 ], [ 28.7159262, 47.1142092 ], [ 28.715927, 47.1142085 ], [ 28.715928, 47.1142079 ], [ 28.7159522, 47.1141938 ], [ 28.7159524, 47.1141937 ], [ 28.7159767, 47.1141802 ], [ 28.7159777, 47.1141797 ], [ 28.7159788, 47.1141793 ], [ 28.71598, 47.1141789 ], [ 28.7159812, 47.1141786 ], [ 28.7159825, 47.1141784 ], [ 28.7159838, 47.1141782 ], [ 28.715985, 47.1141782 ], [ 28.7159863, 47.1141783 ], [ 28.7159876, 47.1141784 ], [ 28.7159889, 47.1141786 ], [ 28.7159901, 47.1141789 ], [ 28.7159912, 47.1141793 ], [ 28.7159923, 47.1141797 ], [ 28.7159934, 47.1141803 ], [ 28.7159943, 47.1141808 ], [ 28.7159952, 47.1141815 ], [ 28.7159972, 47.1141832 ], [ 28.715998, 47.1141839 ], [ 28.7159987, 47.1141847 ], [ 28.7159992, 47.1141855 ], [ 28.7159997, 47.1141863 ], [ 28.716, 47.1141872 ], [ 28.7160002, 47.1141881 ], [ 28.7160002, 47.114189 ], [ 28.7160001, 47.1141899 ], [ 28.7159999, 47.1141908 ], [ 28.7159996, 47.1141917 ], [ 28.7159991, 47.1141925 ], [ 28.7159985, 47.1141933 ], [ 28.7159978, 47.1141941 ], [ 28.715997, 47.1141948 ], [ 28.7159961, 47.1141954 ], [ 28.7159951, 47.114196 ], [ 28.7159609, 47.114214 ], [ 28.7159604, 47.1142142 ], [ 28.7159441, 47.1142221 ], [ 28.715943, 47.1142226 ], [ 28.7159419, 47.114223 ] ], [ [ 28.7158628, 47.1143577 ], [ 28.7158621, 47.1143569 ], [ 28.7158617, 47.1143561 ], [ 28.7158613, 47.1143552 ], [ 28.715861, 47.1143543 ], [ 28.7158609, 47.1143535 ], [ 28.7158609, 47.1143526 ], [ 28.7158611, 47.1143517 ], [ 28.7158613, 47.1143508 ], [ 28.7158617, 47.11435 ], [ 28.7158622, 47.1143492 ], [ 28.7158628, 47.1143484 ], [ 28.7158636, 47.1143476 ], [ 28.7158644, 47.114347 ], [ 28.7158653, 47.1143463 ], [ 28.715874, 47.1143411 ], [ 28.7158741, 47.114341 ], [ 28.7158746, 47.1143407 ], [ 28.7158747, 47.1143407 ], [ 28.7158956, 47.114327 ], [ 28.7158965, 47.1143264 ], [ 28.7158976, 47.1143259 ], [ 28.7158987, 47.1143254 ], [ 28.7158999, 47.1143251 ], [ 28.7159011, 47.1143248 ], [ 28.7159023, 47.1143246 ], [ 28.7159036, 47.1143245 ], [ 28.7159049, 47.1143244 ], [ 28.7159061, 47.1143245 ], [ 28.7159074, 47.1143246 ], [ 28.7159086, 47.1143248 ], [ 28.7159098, 47.1143251 ], [ 28.715911, 47.1143255 ], [ 28.7159121, 47.114326 ], [ 28.7159131, 47.1143265 ], [ 28.715914, 47.1143271 ], [ 28.7159149, 47.1143277 ], [ 28.7159159, 47.1143286 ], [ 28.7159166, 47.1143293 ], [ 28.7159173, 47.11433 ], [ 28.7159178, 47.1143308 ], [ 28.7159183, 47.1143316 ], [ 28.7159186, 47.1143324 ], [ 28.7159188, 47.1143333 ], [ 28.7159189, 47.1143341 ], [ 28.7159188, 47.114335 ], [ 28.7159187, 47.1143359 ], [ 28.7159184, 47.1143367 ], [ 28.715918, 47.1143375 ], [ 28.7159175, 47.1143383 ], [ 28.7159168, 47.1143391 ], [ 28.7159161, 47.1143398 ], [ 28.7159153, 47.1143404 ], [ 28.7158909, 47.1143581 ], [ 28.7158905, 47.1143584 ], [ 28.7158859, 47.1143615 ], [ 28.7158849, 47.1143621 ], [ 28.7158838, 47.1143626 ], [ 28.7158827, 47.1143631 ], [ 28.7158815, 47.1143634 ], [ 28.7158802, 47.1143637 ], [ 28.7158789, 47.1143639 ], [ 28.7158776, 47.114364 ], [ 28.7158763, 47.114364 ], [ 28.7158749, 47.114364 ], [ 28.7158736, 47.1143638 ], [ 28.7158724, 47.1143635 ], [ 28.7158711, 47.1143632 ], [ 28.71587, 47.1143628 ], [ 28.7158689, 47.1143623 ], [ 28.7158678, 47.1143617 ], [ 28.7158669, 47.1143611 ], [ 28.7158643, 47.1143591 ], [ 28.7158635, 47.1143584 ], [ 28.7158628, 47.1143577 ] ], [ [ 28.7156948, 47.1141055 ], [ 28.7156935, 47.1141058 ], [ 28.7156923, 47.114106 ], [ 28.715691, 47.1141062 ], [ 28.7156897, 47.1141062 ], [ 28.7156884, 47.1141062 ], [ 28.7156871, 47.114106 ], [ 28.7156859, 47.1141058 ], [ 28.7156847, 47.1141055 ], [ 28.7156835, 47.1141051 ], [ 28.7156824, 47.1141047 ], [ 28.7156814, 47.1141042 ], [ 28.7156804, 47.1141036 ], [ 28.7156795, 47.1141029 ], [ 28.7156788, 47.1141022 ], [ 28.7156781, 47.1141014 ], [ 28.7156775, 47.1141006 ], [ 28.7156771, 47.1140998 ], [ 28.7156768, 47.1140989 ], [ 28.7156766, 47.1140981 ], [ 28.7156766, 47.1140972 ], [ 28.7156766, 47.1140963 ], [ 28.7156768, 47.1140954 ], [ 28.7156771, 47.1140946 ], [ 28.7156776, 47.1140937 ], [ 28.7156781, 47.1140929 ], [ 28.7156788, 47.1140922 ], [ 28.7156796, 47.1140915 ], [ 28.7156805, 47.1140908 ], [ 28.7157098, 47.1140709 ], [ 28.7157106, 47.1140705 ], [ 28.7157345, 47.1140567 ], [ 28.7157355, 47.1140562 ], [ 28.7157366, 47.1140557 ], [ 28.7157378, 47.1140553 ], [ 28.7157389, 47.114055 ], [ 28.7157402, 47.1140548 ], [ 28.7157414, 47.1140547 ], [ 28.7157427, 47.1140546 ], [ 28.715744, 47.1140546 ], [ 28.7157452, 47.1140547 ], [ 28.7157465, 47.1140549 ], [ 28.7157477, 47.1140552 ], [ 28.7157488, 47.1140555 ], [ 28.7157499, 47.1140559 ], [ 28.715751, 47.1140564 ], [ 28.715752, 47.114057 ], [ 28.7157528, 47.1140576 ], [ 28.7157536, 47.1140583 ], [ 28.7157587, 47.114063 ], [ 28.7157594, 47.1140637 ], [ 28.71576, 47.1140645 ], [ 28.7157605, 47.1140653 ], [ 28.7157609, 47.1140661 ], [ 28.7157611, 47.1140669 ], [ 28.7157612, 47.1140678 ], [ 28.7157612, 47.1140686 ], [ 28.7157611, 47.1140695 ], [ 28.7157609, 47.1140704 ], [ 28.7157606, 47.1140712 ], [ 28.7157601, 47.114072 ], [ 28.7157595, 47.1140728 ], [ 28.7157589, 47.1140735 ], [ 28.7157581, 47.1140742 ], [ 28.7157572, 47.1140748 ], [ 28.7157563, 47.1140754 ], [ 28.7157285, 47.1140904 ], [ 28.7157276, 47.1140908 ], [ 28.715697, 47.1141047 ], [ 28.7156959, 47.1141052 ], [ 28.7156948, 47.1141055 ] ], [ [ 28.717489, 47.1146137 ], [ 28.7174893, 47.1146145 ], [ 28.7174895, 47.1146154 ], [ 28.7174896, 47.1146162 ], [ 28.7174896, 47.1146171 ], [ 28.7174894, 47.114618 ], [ 28.7174891, 47.1146188 ], [ 28.7174887, 47.1146196 ], [ 28.7174882, 47.1146204 ], [ 28.7174876, 47.1146212 ], [ 28.7174869, 47.1146219 ], [ 28.717486, 47.1146226 ], [ 28.7174851, 47.1146232 ], [ 28.7174841, 47.1146237 ], [ 28.7174773, 47.1146271 ], [ 28.7174762, 47.1146276 ], [ 28.7174751, 47.114628 ], [ 28.7174739, 47.1146283 ], [ 28.7174727, 47.1146285 ], [ 28.7174714, 47.1146287 ], [ 28.7174701, 47.1146288 ], [ 28.7174688, 47.1146288 ], [ 28.7174676, 47.1146287 ], [ 28.7174663, 47.1146285 ], [ 28.7174651, 47.1146282 ], [ 28.7174639, 47.1146279 ], [ 28.7174627, 47.1146275 ], [ 28.7174617, 47.114627 ], [ 28.7174607, 47.1146264 ], [ 28.7174598, 47.1146258 ], [ 28.717459, 47.1146251 ], [ 28.7174583, 47.1146244 ], [ 28.7174456, 47.1146098 ], [ 28.717445, 47.114609 ], [ 28.7174445, 47.1146082 ], [ 28.7174441, 47.1146073 ], [ 28.7174439, 47.1146064 ], [ 28.7174438, 47.1146055 ], [ 28.7174438, 47.1146046 ], [ 28.7174439, 47.1146037 ], [ 28.7174442, 47.1146028 ], [ 28.7174446, 47.114602 ], [ 28.7174452, 47.1146012 ], [ 28.7174458, 47.1146004 ], [ 28.7174466, 47.1145996 ], [ 28.7174475, 47.114599 ], [ 28.7174485, 47.1145983 ], [ 28.7174495, 47.1145978 ], [ 28.7174571, 47.1145943 ], [ 28.7174582, 47.1145938 ], [ 28.7174594, 47.1145934 ], [ 28.7174606, 47.1145931 ], [ 28.7174618, 47.1145929 ], [ 28.7174631, 47.1145928 ], [ 28.7174644, 47.1145927 ], [ 28.7174657, 47.1145927 ], [ 28.717467, 47.1145929 ], [ 28.7174682, 47.1145931 ], [ 28.7174694, 47.1145933 ], [ 28.7174706, 47.1145937 ], [ 28.7174717, 47.1145942 ], [ 28.7174728, 47.1145947 ], [ 28.7174737, 47.1145953 ], [ 28.7174746, 47.1145959 ], [ 28.7174754, 47.1145966 ], [ 28.7174761, 47.1145974 ], [ 28.717488, 47.1146121 ], [ 28.7174885, 47.1146129 ], [ 28.717489, 47.1146137 ] ], [ [ 28.7172807, 47.1143708 ], [ 28.7172811, 47.1143716 ], [ 28.7172813, 47.1143725 ], [ 28.7172814, 47.1143734 ], [ 28.7172814, 47.1143743 ], [ 28.7172813, 47.1143752 ], [ 28.717281, 47.114376 ], [ 28.7172806, 47.1143769 ], [ 28.7172801, 47.1143777 ], [ 28.7172794, 47.1143785 ], [ 28.7172787, 47.1143792 ], [ 28.7172778, 47.1143799 ], [ 28.7172769, 47.1143805 ], [ 28.7172759, 47.1143811 ], [ 28.7172748, 47.1143815 ], [ 28.7172736, 47.1143819 ], [ 28.7172724, 47.1143823 ], [ 28.7172711, 47.1143825 ], [ 28.7172698, 47.1143826 ], [ 28.7172685, 47.1143827 ], [ 28.7172672, 47.1143827 ], [ 28.7172659, 47.1143826 ], [ 28.7172646, 47.1143824 ], [ 28.7172634, 47.1143821 ], [ 28.7172622, 47.1143817 ], [ 28.7172611, 47.1143813 ], [ 28.71726, 47.1143807 ], [ 28.717259, 47.1143801 ], [ 28.7172581, 47.1143795 ], [ 28.7172574, 47.1143788 ], [ 28.7172547, 47.1143761 ], [ 28.717254, 47.1143754 ], [ 28.7172535, 47.1143746 ], [ 28.717253, 47.1143738 ], [ 28.7172527, 47.1143729 ], [ 28.7172525, 47.1143721 ], [ 28.7172524, 47.1143712 ], [ 28.7172524, 47.1143703 ], [ 28.7172526, 47.1143695 ], [ 28.7172529, 47.1143686 ], [ 28.7172533, 47.1143678 ], [ 28.7172538, 47.114367 ], [ 28.7172544, 47.1143663 ], [ 28.7172551, 47.1143656 ], [ 28.7172559, 47.1143649 ], [ 28.7172569, 47.1143643 ], [ 28.7172579, 47.1143637 ], [ 28.7172581, 47.1143636 ], [ 28.7172592, 47.1143631 ], [ 28.7172603, 47.1143627 ], [ 28.7172615, 47.1143624 ], [ 28.7172628, 47.1143622 ], [ 28.717264, 47.114362 ], [ 28.7172653, 47.1143619 ], [ 28.7172666, 47.1143619 ], [ 28.7172679, 47.114362 ], [ 28.7172691, 47.1143622 ], [ 28.7172704, 47.1143625 ], [ 28.7172716, 47.1143628 ], [ 28.7172727, 47.1143632 ], [ 28.7172738, 47.1143637 ], [ 28.7172747, 47.1143643 ], [ 28.7172756, 47.1143649 ], [ 28.7172765, 47.1143656 ], [ 28.7172772, 47.1143663 ], [ 28.7172796, 47.1143691 ], [ 28.7172802, 47.1143699 ], [ 28.7172807, 47.1143708 ] ], [ [ 28.7171003, 47.1140385 ], [ 28.7171007, 47.1140394 ], [ 28.7171011, 47.1140402 ], [ 28.7171013, 47.1140411 ], [ 28.7171013, 47.114042 ], [ 28.7171013, 47.1140429 ], [ 28.7171011, 47.1140438 ], [ 28.7171007, 47.1140447 ], [ 28.7171003, 47.1140455 ], [ 28.7170997, 47.1140463 ], [ 28.717099, 47.1140471 ], [ 28.7170982, 47.1140478 ], [ 28.7170973, 47.1140484 ], [ 28.7170963, 47.114049 ], [ 28.7170953, 47.1140496 ], [ 28.7170773, 47.1140574 ], [ 28.7170762, 47.1140578 ], [ 28.7170751, 47.1140582 ], [ 28.7170739, 47.1140585 ], [ 28.7170727, 47.1140587 ], [ 28.7170714, 47.1140588 ], [ 28.7170702, 47.1140588 ], [ 28.7170689, 47.1140588 ], [ 28.7170677, 47.1140586 ], [ 28.7170664, 47.1140584 ], [ 28.7170652, 47.1140582 ], [ 28.7170641, 47.1140578 ], [ 28.717063, 47.1140574 ], [ 28.717062, 47.1140568 ], [ 28.7170611, 47.1140563 ], [ 28.7170602, 47.1140557 ], [ 28.7170594, 47.114055 ], [ 28.7170587, 47.1140542 ], [ 28.7170449, 47.1140375 ], [ 28.7170443, 47.1140367 ], [ 28.7170438, 47.1140358 ], [ 28.7170435, 47.114035 ], [ 28.7170433, 47.1140341 ], [ 28.7170432, 47.1140332 ], [ 28.7170432, 47.1140323 ], [ 28.7170434, 47.1140314 ], [ 28.7170437, 47.1140306 ], [ 28.7170441, 47.1140297 ], [ 28.7170446, 47.1140289 ], [ 28.7170453, 47.1140282 ], [ 28.717046, 47.1140274 ], [ 28.7170469, 47.1140268 ], [ 28.7170479, 47.1140262 ], [ 28.7170489, 47.1140256 ], [ 28.7170646, 47.1140183 ], [ 28.7170657, 47.1140178 ], [ 28.7170668, 47.1140175 ], [ 28.717068, 47.1140171 ], [ 28.7170693, 47.1140169 ], [ 28.7170706, 47.1140168 ], [ 28.7170719, 47.1140167 ], [ 28.7170732, 47.1140168 ], [ 28.7170745, 47.1140169 ], [ 28.7170757, 47.1140171 ], [ 28.7170769, 47.1140174 ], [ 28.7170781, 47.1140178 ], [ 28.7170792, 47.1140182 ], [ 28.7170803, 47.1140187 ], [ 28.7170812, 47.1140193 ], [ 28.7170821, 47.11402 ], [ 28.7170829, 47.1140207 ], [ 28.7170991, 47.1140369 ], [ 28.7170997, 47.1140377 ], [ 28.7171003, 47.1140385 ] ], [ [ 28.7170157, 47.1142671 ], [ 28.7170153, 47.1142662 ], [ 28.717015, 47.1142654 ], [ 28.7170148, 47.1142645 ], [ 28.7170147, 47.1142636 ], [ 28.7170148, 47.1142628 ], [ 28.7170149, 47.1142619 ], [ 28.7170152, 47.114261 ], [ 28.7170157, 47.1142602 ], [ 28.7170162, 47.1142594 ], [ 28.7170169, 47.1142587 ], [ 28.7170176, 47.114258 ], [ 28.7170185, 47.1142573 ], [ 28.7170194, 47.1142567 ], [ 28.7170205, 47.1142562 ], [ 28.7170307, 47.1142514 ], [ 28.7170318, 47.114251 ], [ 28.717033, 47.1142506 ], [ 28.7170342, 47.1142503 ], [ 28.7170355, 47.1142501 ], [ 28.7170368, 47.1142499 ], [ 28.7170381, 47.1142499 ], [ 28.7170394, 47.1142499 ], [ 28.7170407, 47.1142501 ], [ 28.717042, 47.1142503 ], [ 28.7170432, 47.1142506 ], [ 28.7170444, 47.114251 ], [ 28.7170455, 47.1142514 ], [ 28.7170465, 47.114252 ], [ 28.7170475, 47.1142526 ], [ 28.7170484, 47.1142533 ], [ 28.7170491, 47.114254 ], [ 28.7170572, 47.1142625 ], [ 28.7170579, 47.1142633 ], [ 28.7170584, 47.1142641 ], [ 28.7170588, 47.114265 ], [ 28.7170591, 47.1142659 ], [ 28.7170593, 47.1142667 ], [ 28.7170593, 47.1142677 ], [ 28.7170592, 47.1142686 ], [ 28.717059, 47.1142694 ], [ 28.7170586, 47.1142703 ], [ 28.7170581, 47.1142711 ], [ 28.7170575, 47.1142719 ], [ 28.7170568, 47.1142727 ], [ 28.717056, 47.1142734 ], [ 28.717055, 47.114274 ], [ 28.717054, 47.1142746 ], [ 28.7170443, 47.1142796 ], [ 28.7170432, 47.11428 ], [ 28.7170421, 47.1142804 ], [ 28.717041, 47.1142808 ], [ 28.7170398, 47.114281 ], [ 28.7170385, 47.1142812 ], [ 28.7170373, 47.1142813 ], [ 28.717036, 47.1142813 ], [ 28.7170348, 47.1142813 ], [ 28.7170335, 47.1142811 ], [ 28.7170323, 47.1142809 ], [ 28.7170312, 47.1142806 ], [ 28.71703, 47.1142802 ], [ 28.717029, 47.1142798 ], [ 28.717028, 47.1142792 ], [ 28.717027, 47.1142787 ], [ 28.7170262, 47.114278 ], [ 28.7170255, 47.1142773 ], [ 28.7170169, 47.1142686 ], [ 28.7170163, 47.1142679 ], [ 28.7170157, 47.1142671 ] ] ], [ [ [ 28.7165292, 47.1145905 ], [ 28.7165293, 47.1145906 ], [ 28.7165718, 47.1146359 ], [ 28.7165719, 47.114636 ], [ 28.7166491, 47.1147158 ], [ 28.7166498, 47.1147166 ], [ 28.7166503, 47.1147174 ], [ 28.7166508, 47.1147182 ], [ 28.7166511, 47.1147191 ], [ 28.7166513, 47.1147199 ], [ 28.7166513, 47.1147208 ], [ 28.7166512, 47.1147217 ], [ 28.716651, 47.1147226 ], [ 28.7166507, 47.1147234 ], [ 28.7166503, 47.1147243 ], [ 28.7166497, 47.1147251 ], [ 28.716649, 47.1147258 ], [ 28.7166482, 47.1147265 ], [ 28.7166474, 47.1147272 ], [ 28.7166464, 47.1147278 ], [ 28.7166453, 47.1147283 ], [ 28.7166255, 47.1147371 ], [ 28.7166253, 47.1147372 ], [ 28.7166254, 47.1147374 ], [ 28.7166693, 47.1147834 ], [ 28.7166695, 47.1147836 ], [ 28.7166698, 47.1147835 ], [ 28.7166906, 47.1147742 ], [ 28.7166917, 47.1147737 ], [ 28.7166929, 47.1147734 ], [ 28.7166941, 47.1147731 ], [ 28.7166954, 47.1147729 ], [ 28.7166966, 47.1147728 ], [ 28.7166979, 47.1147727 ], [ 28.7166992, 47.1147728 ], [ 28.7167004, 47.1147729 ], [ 28.7167017, 47.1147731 ], [ 28.7167029, 47.1147734 ], [ 28.7167041, 47.1147738 ], [ 28.7167051, 47.1147742 ], [ 28.7167062, 47.1147748 ], [ 28.7167071, 47.1147754 ], [ 28.716708, 47.114776 ], [ 28.7167088, 47.1147767 ], [ 28.7168651, 47.114935 ], [ 28.7168653, 47.1149352 ], [ 28.7168655, 47.1149351 ], [ 28.7168981, 47.1149201 ], [ 28.7168983, 47.11492 ], [ 28.7168983, 47.1149198 ], [ 28.7168982, 47.1149194 ], [ 28.7168982, 47.1149186 ], [ 28.7168983, 47.1149177 ], [ 28.7168986, 47.1149169 ], [ 28.7168989, 47.1149161 ], [ 28.7168993, 47.1149153 ], [ 28.7168999, 47.1149145 ], [ 28.7169006, 47.1149138 ], [ 28.7169013, 47.1149131 ], [ 28.7169022, 47.1149125 ], [ 28.7169031, 47.1149119 ], [ 28.7169041, 47.1149114 ], [ 28.716925, 47.1149019 ], [ 28.7169252, 47.1149018 ], [ 28.7169251, 47.1149016 ], [ 28.7168993, 47.1148752 ], [ 28.7168986, 47.1148744 ], [ 28.716898, 47.1148736 ], [ 28.7168976, 47.1148728 ], [ 28.7168973, 47.1148719 ], [ 28.7168971, 47.1148711 ], [ 28.716897, 47.1148702 ], [ 28.7168971, 47.1148693 ], [ 28.7168973, 47.1148684 ], [ 28.7168976, 47.1148676 ], [ 28.716898, 47.1148667 ], [ 28.7168986, 47.1148659 ], [ 28.7168992, 47.1148652 ], [ 28.7169, 47.1148645 ], [ 28.7169009, 47.1148638 ], [ 28.7169018, 47.1148632 ], [ 28.7169029, 47.1148627 ], [ 28.7169136, 47.1148578 ], [ 28.7169147, 47.1148573 ], [ 28.7169158, 47.114857 ], [ 28.7169171, 47.1148567 ], [ 28.7169183, 47.1148564 ], [ 28.7169196, 47.1148563 ], [ 28.7169209, 47.1148563 ], [ 28.7169222, 47.1148563 ], [ 28.7169235, 47.1148564 ], [ 28.7169247, 47.1148567 ], [ 28.716926, 47.114857 ], [ 28.7169271, 47.1148573 ], [ 28.7169282, 47.1148578 ], [ 28.7169293, 47.1148583 ], [ 28.7169302, 47.1148589 ], [ 28.7169311, 47.1148596 ], [ 28.7169319, 47.1148603 ], [ 28.7169576, 47.1148866 ], [ 28.7169578, 47.1148868 ], [ 28.7169581, 47.1148867 ], [ 28.7169907, 47.1148718 ], [ 28.7169909, 47.1148717 ], [ 28.7169908, 47.1148715 ], [ 28.7169777, 47.1148582 ], [ 28.7169771, 47.1148574 ], [ 28.7169765, 47.1148566 ], [ 28.7169761, 47.1148558 ], [ 28.7169758, 47.1148549 ], [ 28.7169756, 47.114854 ], [ 28.7169755, 47.1148532 ], [ 28.7169756, 47.1148523 ], [ 28.7169758, 47.1148514 ], [ 28.7169761, 47.1148505 ], [ 28.7169765, 47.1148497 ], [ 28.7169771, 47.1148489 ], [ 28.7169778, 47.1148482 ], [ 28.7169785, 47.1148474 ], [ 28.7169794, 47.1148468 ], [ 28.7169804, 47.1148462 ], [ 28.7169814, 47.1148457 ], [ 28.7169845, 47.1148443 ], [ 28.7169856, 47.1148438 ], [ 28.7169868, 47.1148434 ], [ 28.716988, 47.1148431 ], [ 28.7169893, 47.1148429 ], [ 28.7169905, 47.1148428 ], [ 28.7169918, 47.1148428 ], [ 28.7169931, 47.1148428 ], [ 28.7169944, 47.1148429 ], [ 28.7169956, 47.1148431 ], [ 28.7169969, 47.1148434 ], [ 28.716998, 47.1148438 ], [ 28.7169991, 47.1148443 ], [ 28.7170002, 47.1148448 ], [ 28.7170011, 47.1148454 ], [ 28.717002, 47.114846 ], [ 28.7170028, 47.1148467 ], [ 28.7170199, 47.1148641 ], [ 28.7170201, 47.1148643 ], [ 28.7170203, 47.1148642 ], [ 28.7170529, 47.1148492 ], [ 28.7170531, 47.1148491 ], [ 28.7170529, 47.1148489 ], [ 28.7170468, 47.1148427 ], [ 28.7170462, 47.1148419 ], [ 28.7170456, 47.1148411 ], [ 28.7170451, 47.1148403 ], [ 28.7170448, 47.1148394 ], [ 28.7170446, 47.1148385 ], [ 28.7170446, 47.1148376 ], [ 28.7170447, 47.1148367 ], [ 28.7170449, 47.1148359 ], [ 28.7170452, 47.114835 ], [ 28.7170456, 47.1148341 ], [ 28.7170462, 47.1148333 ], [ 28.7170469, 47.1148326 ], [ 28.7170477, 47.1148319 ], [ 28.7170486, 47.1148312 ], [ 28.7170496, 47.1148306 ], [ 28.7170507, 47.1148301 ], [ 28.7170518, 47.1148297 ], [ 28.717053, 47.1148293 ], [ 28.7170542, 47.114829 ], [ 28.7170555, 47.1148288 ], [ 28.7170568, 47.1148287 ], [ 28.7170581, 47.1148287 ], [ 28.7170594, 47.1148288 ], [ 28.7170607, 47.1148289 ], [ 28.717062, 47.1148292 ], [ 28.7170632, 47.1148295 ], [ 28.7170644, 47.1148299 ], [ 28.7170655, 47.1148304 ], [ 28.7170665, 47.1148309 ], [ 28.7170674, 47.1148316 ], [ 28.7170683, 47.1148323 ], [ 28.7170688, 47.1148328 ], [ 28.7170691, 47.1148329 ], [ 28.7171026, 47.11486 ], [ 28.7171031, 47.1148604 ], [ 28.7171182, 47.1148741 ], [ 28.7171184, 47.1148743 ], [ 28.7171187, 47.1148742 ], [ 28.7171376, 47.1148644 ], [ 28.7171386, 47.1148639 ], [ 28.7171397, 47.1148635 ], [ 28.7171409, 47.1148632 ], [ 28.7171419, 47.1148629 ], [ 28.717142, 47.1148629 ], [ 28.7171423, 47.1148628 ], [ 28.7171743, 47.1148474 ], [ 28.7171746, 47.1148473 ], [ 28.7171744, 47.1148471 ], [ 28.7171167, 47.114791 ], [ 28.717116, 47.1147902 ], [ 28.7171154, 47.1147894 ], [ 28.7171149, 47.1147886 ], [ 28.7171146, 47.1147877 ], [ 28.7171144, 47.1147868 ], [ 28.7171143, 47.1147859 ], [ 28.7171143, 47.114785 ], [ 28.7171145, 47.1147842 ], [ 28.7171148, 47.1147833 ], [ 28.7171152, 47.1147824 ], [ 28.7171158, 47.1147816 ], [ 28.7171164, 47.1147809 ], [ 28.7171172, 47.1147801 ], [ 28.7171181, 47.1147795 ], [ 28.7171191, 47.1147789 ], [ 28.7171201, 47.1147783 ], [ 28.717136, 47.1147711 ], [ 28.7171362, 47.1147709 ], [ 28.7171361, 47.1147708 ], [ 28.7170867, 47.1147205 ], [ 28.717086, 47.1147197 ], [ 28.7170855, 47.1147189 ], [ 28.7170851, 47.1147181 ], [ 28.7170847, 47.1147172 ], [ 28.7170846, 47.1147164 ], [ 28.7170845, 47.1147155 ], [ 28.7170845, 47.1147146 ], [ 28.7170847, 47.1147137 ], [ 28.7170851, 47.1147129 ], [ 28.7170855, 47.114712 ], [ 28.717086, 47.1147112 ], [ 28.7170867, 47.1147105 ], [ 28.7170875, 47.1147098 ], [ 28.7170883, 47.1147091 ], [ 28.7170893, 47.1147085 ], [ 28.7170903, 47.114708 ], [ 28.717095, 47.1147059 ], [ 28.7170961, 47.1147054 ], [ 28.7170972, 47.1147051 ], [ 28.7170984, 47.1147048 ], [ 28.7170996, 47.1147045 ], [ 28.7171008, 47.1147044 ], [ 28.7171021, 47.1147043 ], [ 28.7171033, 47.1147044 ], [ 28.7171046, 47.1147045 ], [ 28.7171058, 47.1147047 ], [ 28.717107, 47.1147049 ], [ 28.7171081, 47.1147053 ], [ 28.7171092, 47.1147057 ], [ 28.7171103, 47.1147062 ], [ 28.7171112, 47.1147067 ], [ 28.7171121, 47.1147073 ], [ 28.7171125, 47.1147076 ], [ 28.7171128, 47.1147075 ], [ 28.7171311, 47.114699 ], [ 28.7171322, 47.1146986 ], [ 28.7171334, 47.1146982 ], [ 28.7171346, 47.1146979 ], [ 28.7171359, 47.1146977 ], [ 28.7171372, 47.1146975 ], [ 28.7171384, 47.1146975 ], [ 28.7171397, 47.1146975 ], [ 28.717141, 47.1146977 ], [ 28.7171423, 47.1146979 ], [ 28.7171435, 47.1146982 ], [ 28.7171447, 47.1146985 ], [ 28.7171458, 47.114699 ], [ 28.7171468, 47.1146995 ], [ 28.7171478, 47.1147001 ], [ 28.7171487, 47.1147007 ], [ 28.7171494, 47.1147014 ], [ 28.7171758, 47.1147279 ], [ 28.7171759, 47.114728 ], [ 28.7171765, 47.1147286 ], [ 28.7171767, 47.1147287 ], [ 28.7172577, 47.1147998 ], [ 28.7172578, 47.1147999 ], [ 28.7172585, 47.1148004 ], [ 28.7172586, 47.1148005 ], [ 28.7172931, 47.1148271 ], [ 28.7172936, 47.1148276 ], [ 28.7173089, 47.1148411 ], [ 28.7173091, 47.1148412 ], [ 28.7173094, 47.1148411 ], [ 28.7173404, 47.1148247 ], [ 28.7173406, 47.1148246 ], [ 28.7173405, 47.1148244 ], [ 28.7173246, 47.1148104 ], [ 28.7173244, 47.1148103 ], [ 28.7173237, 47.1148097 ], [ 28.7173236, 47.1148096 ], [ 28.7173201, 47.1148069 ], [ 28.7173192, 47.1148061 ], [ 28.7173185, 47.1148054 ], [ 28.7173179, 47.1148046 ], [ 28.7173174, 47.1148037 ], [ 28.7173171, 47.1148028 ], [ 28.7173168, 47.114802 ], [ 28.7173167, 47.114801 ], [ 28.7173168, 47.1148001 ], [ 28.717317, 47.1147992 ], [ 28.7173173, 47.1147984 ], [ 28.7173177, 47.1147975 ], [ 28.7173183, 47.1147967 ], [ 28.717319, 47.1147959 ], [ 28.7173198, 47.1147952 ], [ 28.7173207, 47.1147945 ], [ 28.7173217, 47.1147939 ], [ 28.7173322, 47.1147881 ], [ 28.7173324, 47.114788 ], [ 28.7173322, 47.1147878 ], [ 28.7172995, 47.1147601 ], [ 28.7172993, 47.1147599 ], [ 28.7172681, 47.1147319 ], [ 28.7172678, 47.1147315 ], [ 28.7171938, 47.1146579 ], [ 28.7171937, 47.1146578 ], [ 28.7171906, 47.1146546 ], [ 28.7171899, 47.1146539 ], [ 28.7171894, 47.114653 ], [ 28.7171889, 47.1146522 ], [ 28.7171886, 47.1146513 ], [ 28.7171884, 47.1146504 ], [ 28.7171884, 47.1146495 ], [ 28.7171885, 47.1146486 ], [ 28.7171887, 47.1146477 ], [ 28.717189, 47.1146468 ], [ 28.7171895, 47.114646 ], [ 28.7171901, 47.1146452 ], [ 28.7171908, 47.1146444 ], [ 28.7171917, 47.1146437 ], [ 28.7171926, 47.1146431 ], [ 28.7171936, 47.1146425 ], [ 28.7172038, 47.1146372 ], [ 28.717204, 47.1146371 ], [ 28.7172039, 47.1146369 ], [ 28.7169813, 47.1144362 ], [ 28.716981, 47.114436 ], [ 28.716936, 47.1143921 ], [ 28.716936, 47.1143921 ], [ 28.7169358, 47.1143919 ], [ 28.7169357, 47.1143918 ], [ 28.7169096, 47.1143675 ], [ 28.7169089, 47.1143668 ], [ 28.7169083, 47.114366 ], [ 28.7169079, 47.1143652 ], [ 28.7169075, 47.1143644 ], [ 28.7169072, 47.1143635 ], [ 28.7169071, 47.1143626 ], [ 28.7169071, 47.1143618 ], [ 28.7169072, 47.1143609 ], [ 28.7169075, 47.11436 ], [ 28.7169079, 47.1143592 ], [ 28.7169084, 47.1143584 ], [ 28.716909, 47.1143576 ], [ 28.7169097, 47.1143569 ], [ 28.7169105, 47.1143562 ], [ 28.7169114, 47.1143556 ], [ 28.7169124, 47.114355 ], [ 28.7169175, 47.1143524 ], [ 28.7169178, 47.1143522 ], [ 28.7169176, 47.1143521 ], [ 28.7168875, 47.1143247 ], [ 28.7168873, 47.1143245 ], [ 28.716887, 47.1143246 ], [ 28.7168755, 47.1143305 ], [ 28.7168745, 47.114331 ], [ 28.7168735, 47.1143314 ], [ 28.7168724, 47.1143317 ], [ 28.7168716, 47.1143319 ], [ 28.7168715, 47.1143319 ], [ 28.7168712, 47.1143321 ], [ 28.7168568, 47.1143393 ], [ 28.7168557, 47.1143398 ], [ 28.7168545, 47.1143402 ], [ 28.7168533, 47.1143405 ], [ 28.716852, 47.1143408 ], [ 28.7168507, 47.1143409 ], [ 28.7168494, 47.114341 ], [ 28.716848, 47.114341 ], [ 28.7168467, 47.1143409 ], [ 28.7168454, 47.1143407 ], [ 28.7168442, 47.1143404 ], [ 28.7168429, 47.11434 ], [ 28.7168418, 47.1143396 ], [ 28.7168407, 47.114339 ], [ 28.7168397, 47.1143384 ], [ 28.7168388, 47.1143378 ], [ 28.716838, 47.114337 ], [ 28.716828, 47.1143268 ], [ 28.7168278, 47.1143266 ], [ 28.7168275, 47.1143267 ], [ 28.716795, 47.1143417 ], [ 28.7167947, 47.1143418 ], [ 28.7167949, 47.114342 ], [ 28.7168138, 47.1143612 ], [ 28.7168145, 47.114362 ], [ 28.716815, 47.1143628 ], [ 28.7168155, 47.1143636 ], [ 28.7168158, 47.1143644 ], [ 28.716816, 47.1143653 ], [ 28.716816, 47.1143662 ], [ 28.716816, 47.1143671 ], [ 28.7168158, 47.114368 ], [ 28.7168155, 47.1143688 ], [ 28.716815, 47.1143697 ], [ 28.7168145, 47.1143705 ], [ 28.7168138, 47.1143712 ], [ 28.716813, 47.1143719 ], [ 28.7168122, 47.1143726 ], [ 28.7168112, 47.1143732 ], [ 28.7168102, 47.1143737 ], [ 28.7167931, 47.1143815 ], [ 28.7167929, 47.1143816 ], [ 28.716793, 47.1143818 ], [ 28.7167958, 47.1143846 ], [ 28.7167965, 47.1143854 ], [ 28.7167971, 47.1143862 ], [ 28.7167975, 47.114387 ], [ 28.7167978, 47.1143879 ], [ 28.716798, 47.1143887 ], [ 28.7167981, 47.1143896 ], [ 28.716798, 47.1143905 ], [ 28.7167978, 47.1143914 ], [ 28.7167975, 47.1143922 ], [ 28.7167971, 47.1143931 ], [ 28.7167965, 47.1143939 ], [ 28.7167958, 47.1143946 ], [ 28.7167951, 47.1143953 ], [ 28.7167942, 47.114396 ], [ 28.7167932, 47.1143966 ], [ 28.7167922, 47.1143971 ], [ 28.7167739, 47.1144054 ], [ 28.7167737, 47.1144056 ], [ 28.7167738, 47.1144057 ], [ 28.7168212, 47.1144542 ], [ 28.7168219, 47.114455 ], [ 28.7168224, 47.1144558 ], [ 28.7168229, 47.1144566 ], [ 28.7168232, 47.1144575 ], [ 28.7168234, 47.1144583 ], [ 28.7168234, 47.1144592 ], [ 28.7168234, 47.1144601 ], [ 28.7168232, 47.114461 ], [ 28.7168229, 47.1144618 ], [ 28.7168225, 47.1144626 ], [ 28.7168219, 47.1144634 ], [ 28.7168213, 47.1144642 ], [ 28.7168205, 47.1144649 ], [ 28.7168196, 47.1144656 ], [ 28.7168187, 47.1144662 ], [ 28.7168177, 47.1144667 ], [ 28.7167974, 47.1144761 ], [ 28.7167971, 47.1144762 ], [ 28.7167973, 47.1144764 ], [ 28.7168544, 47.1145338 ], [ 28.7168551, 47.1145345 ], [ 28.7168556, 47.1145353 ], [ 28.7168561, 47.1145361 ], [ 28.7168564, 47.114537 ], [ 28.7168566, 47.1145378 ], [ 28.7168567, 47.1145387 ], [ 28.7168566, 47.1145396 ], [ 28.7168564, 47.1145405 ], [ 28.7168561, 47.1145413 ], [ 28.7168557, 47.1145421 ], [ 28.7168552, 47.1145429 ], [ 28.7168546, 47.1145437 ], [ 28.7168538, 47.1145444 ], [ 28.716853, 47.1145451 ], [ 28.716852, 47.1145457 ], [ 28.716851, 47.1145462 ], [ 28.7168503, 47.1145466 ], [ 28.7168492, 47.114547 ], [ 28.716848, 47.1145474 ], [ 28.7168468, 47.1145477 ], [ 28.7168455, 47.114548 ], [ 28.7168443, 47.1145481 ], [ 28.716843, 47.1145482 ], [ 28.7168417, 47.1145481 ], [ 28.7168404, 47.114548 ], [ 28.7168391, 47.1145478 ], [ 28.7168379, 47.1145475 ], [ 28.7168367, 47.1145472 ], [ 28.7168356, 47.1145467 ], [ 28.7168345, 47.1145462 ], [ 28.7168335, 47.1145456 ], [ 28.7168327, 47.1145449 ], [ 28.7168319, 47.1145442 ], [ 28.7167763, 47.1144885 ], [ 28.7167761, 47.1144884 ], [ 28.7167758, 47.1144885 ], [ 28.7167434, 47.1145036 ], [ 28.7167431, 47.1145037 ], [ 28.7167433, 47.1145039 ], [ 28.7167865, 47.1145471 ], [ 28.7167872, 47.1145479 ], [ 28.7167877, 47.1145486 ], [ 28.7167882, 47.1145495 ], [ 28.7167885, 47.1145503 ], [ 28.7167887, 47.1145512 ], [ 28.7167888, 47.114552 ], [ 28.7167888, 47.1145529 ], [ 28.7167886, 47.1145538 ], [ 28.7167883, 47.1145546 ], [ 28.7167879, 47.1145554 ], [ 28.7167874, 47.1145562 ], [ 28.7167868, 47.114557 ], [ 28.716786, 47.1145577 ], [ 28.7167852, 47.1145584 ], [ 28.7167843, 47.114559 ], [ 28.7167833, 47.1145595 ], [ 28.7167822, 47.11456 ], [ 28.7167811, 47.1145604 ], [ 28.7167799, 47.1145607 ], [ 28.7167787, 47.1145609 ], [ 28.7167774, 47.1145611 ], [ 28.7167762, 47.1145612 ], [ 28.7167749, 47.1145612 ], [ 28.7167736, 47.1145611 ], [ 28.7167724, 47.1145609 ], [ 28.7167712, 47.1145607 ], [ 28.71677, 47.1145603 ], [ 28.7167689, 47.1145599 ], [ 28.7167678, 47.1145594 ], [ 28.7167675, 47.1145595 ], [ 28.716735, 47.1145745 ], [ 28.7167347, 47.1145746 ], [ 28.7167349, 47.1145748 ], [ 28.7167531, 47.1145933 ], [ 28.7167537, 47.114594 ], [ 28.7167543, 47.1145948 ], [ 28.7167547, 47.1145956 ], [ 28.7167551, 47.1145965 ], [ 28.7167553, 47.1145973 ], [ 28.7167553, 47.1145982 ], [ 28.7167553, 47.1145991 ], [ 28.7167551, 47.1146 ], [ 28.7167548, 47.1146008 ], [ 28.7167544, 47.1146017 ], [ 28.7167538, 47.1146025 ], [ 28.7167532, 47.1146032 ], [ 28.7167524, 47.1146039 ], [ 28.7167515, 47.1146046 ], [ 28.7167506, 47.1146052 ], [ 28.7167496, 47.1146057 ], [ 28.7167461, 47.1146073 ], [ 28.716745, 47.1146078 ], [ 28.7167439, 47.1146081 ], [ 28.7167427, 47.1146085 ], [ 28.7167414, 47.1146087 ], [ 28.7167401, 47.1146088 ], [ 28.7167389, 47.1146089 ], [ 28.7167376, 47.1146088 ], [ 28.7167363, 47.1146087 ], [ 28.716735, 47.1146085 ], [ 28.7167338, 47.1146082 ], [ 28.7167326, 47.1146079 ], [ 28.7167315, 47.1146074 ], [ 28.7167305, 47.1146069 ], [ 28.7167295, 47.1146063 ], [ 28.7167286, 47.1146057 ], [ 28.7167279, 47.114605 ], [ 28.7167259, 47.114603 ], [ 28.7167258, 47.1146029 ], [ 28.7166231, 47.1144986 ], [ 28.716623, 47.1144985 ], [ 28.7165438, 47.1144165 ], [ 28.7165436, 47.1144163 ], [ 28.7165434, 47.1144164 ], [ 28.7165222, 47.114426 ], [ 28.7165211, 47.1144264 ], [ 28.71652, 47.1144268 ], [ 28.7165188, 47.1144271 ], [ 28.7165175, 47.1144273 ], [ 28.7165162, 47.1144274 ], [ 28.716515, 47.1144274 ], [ 28.7165137, 47.1144274 ], [ 28.7165124, 47.1144273 ], [ 28.7165112, 47.1144271 ], [ 28.71651, 47.1144268 ], [ 28.7165088, 47.1144264 ], [ 28.7165077, 47.1144259 ], [ 28.7165067, 47.1144254 ], [ 28.7165057, 47.1144248 ], [ 28.7165048, 47.1144242 ], [ 28.7165041, 47.1144235 ], [ 28.7164758, 47.1143949 ], [ 28.7164756, 47.1143948 ], [ 28.7164753, 47.1143949 ], [ 28.7164429, 47.1144099 ], [ 28.7164426, 47.11441 ], [ 28.7164428, 47.1144102 ], [ 28.7164761, 47.1144438 ], [ 28.7164768, 47.1144446 ], [ 28.7164773, 47.1144454 ], [ 28.7164778, 47.1144462 ], [ 28.7164781, 47.1144471 ], [ 28.7164783, 47.1144479 ], [ 28.7164784, 47.1144488 ], [ 28.7164783, 47.1144497 ], [ 28.7164781, 47.1144506 ], [ 28.7164778, 47.1144514 ], [ 28.7164774, 47.1144523 ], [ 28.7164768, 47.1144531 ], [ 28.7164762, 47.1144538 ], [ 28.7164754, 47.1144546 ], [ 28.7164746, 47.1144552 ], [ 28.7164736, 47.1144558 ], [ 28.7164726, 47.1144563 ], [ 28.7164648, 47.1144599 ], [ 28.7164637, 47.1144604 ], [ 28.7164625, 47.1144607 ], [ 28.7164613, 47.114461 ], [ 28.7164601, 47.1144613 ], [ 28.7164588, 47.1144614 ], [ 28.7164575, 47.1144614 ], [ 28.7164562, 47.1144614 ], [ 28.7164549, 47.1144613 ], [ 28.7164536, 47.1144611 ], [ 28.7164524, 47.1144608 ], [ 28.7164513, 47.1144604 ], [ 28.7164501, 47.1144599 ], [ 28.7164491, 47.1144594 ], [ 28.7164481, 47.1144588 ], [ 28.7164473, 47.1144582 ], [ 28.7164465, 47.1144575 ], [ 28.7164258, 47.1144363 ], [ 28.7164256, 47.1144362 ], [ 28.7164253, 47.1144363 ], [ 28.7163927, 47.1144512 ], [ 28.7163925, 47.1144513 ], [ 28.7163926, 47.1144515 ], [ 28.7165292, 47.1145905 ] ] ] ] } }
]
}
