{
"type": "FeatureCollection",
"name": "graph_inspector",
"crs": { "type": "name", "properties": { "name": "urn:ogc:def:crs:OGC:1.3:CRS84" } },
"features": [
{ "type": "Feature", "properties": { "element": "node", "id": "START", "kind": "start", "length_m": null, "frm": null, "to": null }, "geometry": { "type": "Point", "coordinates": [ 28.707377621998358, 47.123033463692671 ] } },
{ "type": "Feature", "properties": { "element": "edge", "id": "START->W0030", "kind": "leg", "length_m": 682.3, "frm": "START", "to": "W0030" }, "geometry": { "type": "LineString", "coordinates": [ [ 28.707378314410455, 47.123034501161897 ], [ 28.707378458339292, 47.123038998446326 ], [ 28.707378602268165, 47.123043495730748 ], [ 28.707378746197072, 47.12304799301517 ], [ 28.707378890126016, 47.123052490299592 ], [ 28.707379034054995, 47.123056987584008 ], [ 28.707379177984006, 47.123061484868408 ], [ 28.707379321913049, 47.123065982152823 ], [ 28.707379465842131, 47.123070479437231 ], [ 28.707379609771248, 47.123074976721604 ], [ 28.707379753700401, 47.123079474006012 ], [ 28.707379897629583, 47.123083971290399 ], [ 28.707380041558803, 47.123088468574792 ], [ 28.707380185488063, 47.123092965859165 ], [ 28.707380329417347, 47.123097463143544 ], [ 28.707380473346678, 47.123101960427917 ], [ 28.707380617276034, 47.123106457712282 ], [ 28.707380761205432, 47.123110954996655 ], [ 28.707380905134858, 47.12311545228102 ], [ 28.707374460103068, 47.123120047804008 ], [ 28.707374604032008, 47.123124545088388 ], [ 28.707374747960987, 47.123129042372753 ], [ 28.707374891890005, 47.123133539657118 ], [ 28.707375035819048, 47.123138036941469 ], [ 28.70737517974813, 47.123142534225828 ], [ 28.707375323677248, 47.123147031510179 ], [ 28.707375467606401, 47.123151528794523 ], [ 28.707375611535589, 47.123156026078867 ], [ 28.70737575546481, 47.123160523363211 ], [ 28.707375899394069, 47.123165020647534 ], [ 28.707376043323361, 47.123169517931871 ], [ 28.707376187252684, 47.1231740152162 ], [ 28.707376331182044, 47.123178512500523 ], [ 28.707376475111438, 47.123183009784846 ], [ 28.707376619040868, 47.123187507069161 ], [ 28.70737676297033, 47.12319200435347 ], [ 28.707376906899832, 47.123196501637771 ], [ 28.707377050829365, 47.123200998922087 ], [ 28.707377194758937, 47.123205496206381 ], [ 28.707377338688538, 47.123209993490683 ], [ 28.707377482618181, 47.12321449077497 ], [ 28.707377626547853, 47.123218988059271 ], [ 28.707377770477564, 47.123223485343544 ], [ 28.707377914407306, 47.123227982627817 ], [ 28.707371469361924, 47.123232578150727 ], [ 28.707371613291176, 47.123237075435036 ], [ 28.707371757220475, 47.123241572719316 ], [ 28.707371901149795, 47.123246070003596 ], [ 28.707372045079158, 47.123250567287869 ], [ 28.707372189008556, 47.123255064572142 ], [ 28.70737233293799, 47.123259561856408 ], [ 28.707372476867459, 47.123264059140681 ], [ 28.707372620796956, 47.123268556424939 ], [ 28.70737276472649, 47.123273053709198 ], [ 28.707372908656062, 47.123277550993443 ], [ 28.707373052585666, 47.123282048277702 ], [ 28.707373196515306, 47.123286545561946 ], [ 28.707373340444978, 47.123291042846184 ], [ 28.707373484374688, 47.123295540130428 ], [ 28.707373628304431, 47.123300037414658 ], [ 28.707373772234213, 47.123304534698889 ], [ 28.707373916164027, 47.123309031983112 ], [ 28.707374060093876, 47.123313529267335 ], [ 28.707374204023761, 47.123318026551551 ], [ 28.707374347953674, 47.123322523835768 ], [ 28.707374491883627, 47.123327021119977 ], [ 28.707374635813618, 47.123331518404186 ], [ 28.707374779743642, 47.123336015688388 ], [ 28.707374923673694, 47.12334051297259 ], [ 28.707375067603788, 47.123345010256784 ], [ 28.707368622544294, 47.12334960577963 ], [ 28.707368766473898, 47.123354103063832 ], [ 28.707368910403538, 47.123358600348041 ], [ 28.707369054333217, 47.123363097632229 ], [ 28.707369198262928, 47.123367594916424 ], [ 28.707369342192671, 47.123372092200604 ], [ 28.707369486122452, 47.123376589484792 ], [ 28.707369630052266, 47.123381086768973 ], [ 28.707369773982116, 47.123385584053146 ], [ 28.707369917911997, 47.12339008133732 ], [ 28.707370061841921, 47.123394578621486 ], [ 28.707370205771873, 47.123399075905645 ], [ 28.707370349701861, 47.123403573189805 ], [ 28.707370493631885, 47.123408070473964 ], [ 28.70737063756194, 47.123412567758123 ], [ 28.707370781492031, 47.123417065042275 ], [ 28.707370925422165, 47.123421562326413 ], [ 28.707371069352327, 47.123426059610551 ], [ 28.707371213282521, 47.123430556894697 ], [ 28.707371357212754, 47.123435054178827 ], [ 28.707371501143019, 47.123439551462951 ], [ 28.707371645073319, 47.123444048747082 ], [ 28.707371789003655, 47.123448546031206 ], [ 28.707371932934027, 47.123453043315315 ], [ 28.707372076864431, 47.123457540599432 ], [ 28.707365631791351, 47.123462136122214 ], [ 28.707365775721271, 47.123466633406331 ], [ 28.707365919651224, 47.12347113069044 ], [ 28.707366063581215, 47.123475627974557 ], [ 28.707366207511239, 47.123480125258673 ], [ 28.707366351441298, 47.123484622542769 ], [ 28.707366495371392, 47.123489119826871 ], [ 28.707366639301522, 47.123493617110974 ], [ 28.707366783231684, 47.123498114395062 ], [ 28.707366927161878, 47.12350261167915 ], [ 28.707367071092111, 47.123507108963238 ], [ 28.707367215022384, 47.12351160624732 ], [ 28.707367358952684, 47.123516103531401 ], [ 28.70736750288302, 47.123520600815468 ], [ 28.707367646813392, 47.123525098099542 ], [ 28.707367790743803, 47.123529595383609 ], [ 28.707367934674238, 47.123534092667676 ], [ 28.70736807860472, 47.123538589951735 ], [ 28.707368222535226, 47.123543087235795 ], [ 28.707368366465776, 47.123547584519841 ], [ 28.707368510396353, 47.123552081803886 ], [ 28.707368654326974, 47.123556579087918 ], [ 28.707368798257619, 47.123561076371971 ], [ 28.707368942188303, 47.123565573656016 ], [ 28.707369086119026, 47.123570070940033 ], [ 28.707362641032351, 47.12357466646273 ], [ 28.707356195944563, 47.123579261985078 ], [ 28.70734975085567, 47.123583857507072 ], [ 28.707343305765662, 47.123588453028709 ], [ 28.707336860674555, 47.123593048550006 ], [ 28.707330415582327, 47.123597644070948 ], [ 28.707330559509966, 47.123602141355043 ], [ 28.707330703437634, 47.123606638639139 ], [ 28.707330847365334, 47.12361113592322 ], [ 28.707330991293073, 47.123615633207308 ], [ 28.707331135220844, 47.123620130491389 ], [ 28.707331279148654, 47.123624627775463 ], [ 28.707331423076496, 47.123629125059537 ], [ 28.707331567004374, 47.123633622343611 ], [ 28.707331710932284, 47.123638119627678 ], [ 28.707331854860232, 47.123642616911738 ], [ 28.707331998788213, 47.123647114195791 ], [ 28.707332142716226, 47.12365161147985 ], [ 28.707332286644277, 47.123656108763896 ], [ 28.707332430572368, 47.123660606047935 ], [ 28.707332574500487, 47.12366510333198 ], [ 28.707332718428638, 47.123669600616019 ], [ 28.707332862356829, 47.123674097900064 ], [ 28.707333006285058, 47.123678595184096 ], [ 28.707333150213312, 47.123683092468106 ], [ 28.707333294141613, 47.123687589752137 ], [ 28.707333438069938, 47.123692087036162 ], [ 28.707333581998306, 47.123696584320179 ], [ 28.707333725926699, 47.123701081604189 ], [ 28.70733386985513, 47.123705578888199 ], [ 28.707327424749316, 47.123710174409055 ], [ 28.707320979642397, 47.12371476992957 ], [ 28.707321123569823, 47.123719267213588 ], [ 28.707314678461273, 47.123723862733755 ], [ 28.707314822388209, 47.123728360017793 ], [ 28.707314966315192, 47.123732857301825 ], [ 28.707308521204485, 47.123737452821665 ], [ 28.707308665130977, 47.123741950105703 ], [ 28.707302220018644, 47.123746545625202 ], [ 28.707302363944653, 47.123751042909241 ], [ 28.707295918830688, 47.123755638428406 ], [ 28.707296062756214, 47.123760135712466 ], [ 28.707289617640622, 47.123764731231276 ], [ 28.707289761565658, 47.123769228515336 ], [ 28.707289905490725, 47.123773725799389 ], [ 28.707283460372985, 47.123778321317886 ], [ 28.707283604297576, 47.123782818601946 ], [ 28.707277159178197, 47.123787414120095 ], [ 28.707270714057721, 47.123792009637903 ], [ 28.707264268936129, 47.123796605155334 ], [ 28.707264412859189, 47.123801102439437 ], [ 28.70725796773597, 47.123805697956541 ], [ 28.707251522611639, 47.123810293473298 ], [ 28.707251666533697, 47.123814790757407 ], [ 28.707245221407735, 47.123819386273809 ], [ 28.707238776280668, 47.123823981789869 ], [ 28.707238920201714, 47.123828479074014 ], [ 28.70723247507302, 47.123833074589733 ], [ 28.707226029943204, 47.12383767010509 ], [ 28.707226173863255, 47.123842167389242 ], [ 28.707219728731815, 47.123846762904279 ], [ 28.707213283599266, 47.123851358418946 ], [ 28.707213427518301, 47.123855855703127 ], [ 28.707206982384129, 47.123860451217446 ], [ 28.707200537248845, 47.123865046731432 ], [ 28.707200681166878, 47.123869544015626 ], [ 28.707200825084939, 47.1238740412998 ], [ 28.707194379947506, 47.123878636813465 ], [ 28.707194523865091, 47.12388313409766 ], [ 28.707194667782701, 47.123887631381841 ], [ 28.707188222643119, 47.123892226895165 ], [ 28.707188366560253, 47.123896724179374 ], [ 28.707181921419039, 47.123901319692351 ], [ 28.707182065335683, 47.12390581697656 ], [ 28.707182209252366, 47.123910314260748 ], [ 28.707175764108996, 47.123914909773418 ], [ 28.707175908025196, 47.12391940705762 ], [ 28.707176051941428, 47.123923904341822 ], [ 28.707169606795915, 47.123928499854145 ], [ 28.707169750711657, 47.123932997138361 ], [ 28.707163305564514, 47.123937592650343 ], [ 28.707163449479772, 47.123942089934573 ], [ 28.70716359339507, 47.123946587218782 ], [ 28.707157148245773, 47.123951182730444 ], [ 28.707157292160581, 47.12395568001466 ], [ 28.707157436075427, 47.123960177298883 ], [ 28.707150990923985, 47.123964772810211 ], [ 28.707151134838341, 47.123969270094442 ], [ 28.707144689685268, 47.123973865605421 ], [ 28.707144833599141, 47.123978362889666 ], [ 28.70714497751305, 47.123982860173882 ], [ 28.707138532357828, 47.123987455684556 ], [ 28.707138676271249, 47.123991952968794 ], [ 28.707138820184706, 47.12399645025301 ], [ 28.707132375027335, 47.12400104576335 ], [ 28.707132518940305, 47.124005543047595 ], [ 28.707132662853311, 47.124010040331832 ], [ 28.707126217693791, 47.124014635841831 ], [ 28.707126361606313, 47.124019133126076 ], [ 28.707126505518868, 47.124023630410314 ], [ 28.707120060357195, 47.124028225919986 ], [ 28.707120204269266, 47.12403272320423 ], [ 28.707120348181377, 47.124037220488482 ], [ 28.70711390301755, 47.12404181599782 ], [ 28.707114046929171, 47.124046313282065 ], [ 28.707114190840826, 47.124050810566324 ], [ 28.707107745674854, 47.124055406075342 ], [ 28.707107889586023, 47.124059903359601 ], [ 28.707108033497232, 47.124064400643846 ], [ 28.70710158832911, 47.124068996152523 ], [ 28.707101732239824, 47.124073493436796 ], [ 28.707101876150581, 47.124077990721048 ], [ 28.70709543098031, 47.124082586229399 ], [ 28.70709557489058, 47.124087083513658 ], [ 28.707095718800883, 47.124091580797938 ], [ 28.707089273628462, 47.124096176305947 ], [ 28.707082828454933, 47.124100771813623 ], [ 28.70708297236423, 47.124105269097896 ], [ 28.707083116273562, 47.124109766382176 ], [ 28.70708326018293, 47.124114263666456 ], [ 28.707083404092334, 47.124118760950715 ], [ 28.707076958915614, 47.124123356458085 ], [ 28.707077102824531, 47.124127853742358 ], [ 28.707077246733483, 47.124132351026638 ], [ 28.707077390642471, 47.124136848310904 ], [ 28.707070945463077, 47.124141443817955 ], [ 28.707071089371581, 47.124145941102221 ], [ 28.707071233280114, 47.124150438386494 ], [ 28.707071377188687, 47.124154935670759 ], [ 28.707064932006631, 47.124159531177497 ], [ 28.707065075914713, 47.124164028461777 ], [ 28.707065219822834, 47.124168525746043 ], [ 28.707065363730987, 47.124173023030309 ], [ 28.707058918546256, 47.124177618536727 ], [ 28.707059062453926, 47.124182115821007 ], [ 28.707059206361635, 47.124186613105273 ], [ 28.707052761174754, 47.124191208611357 ], [ 28.707052905081973, 47.124195705895623 ], [ 28.707053048989227, 47.124200203179903 ], [ 28.707053192896517, 47.124204700464176 ], [ 28.707046747706965, 47.124209295969933 ], [ 28.707046891613768, 47.124213793254228 ], [ 28.707047035520606, 47.124218290538508 ], [ 28.70704717942748, 47.124222787822774 ], [ 28.707040734235257, 47.124227383328218 ], [ 28.707040878141648, 47.124231880612506 ], [ 28.70704102204807, 47.124236377896771 ], [ 28.707034576853701, 47.124240973401889 ], [ 28.707034720759633, 47.124245470686176 ], [ 28.707034864665605, 47.124249967970457 ], [ 28.707035008571616, 47.124254465254729 ], [ 28.707028563374575, 47.124259060759528 ], [ 28.707028707280095, 47.124263558043822 ], [ 28.707028851185655, 47.124268055328102 ], [ 28.707028995091243, 47.124272552612368 ], [ 28.707022549891533, 47.124277148116853 ], [ 28.707022693796638, 47.12428164540114 ], [ 28.707022837701775, 47.124286142685413 ], [ 28.707016392499924, 47.124290738189572 ], [ 28.707016536404577, 47.124295235473859 ], [ 28.707016680309263, 47.124299732758139 ], [ 28.707016824213987, 47.124304230042426 ], [ 28.707016968118751, 47.124308727326692 ], [ 28.707010522913695, 47.124313322830531 ], [ 28.707010666817975, 47.124317820114825 ], [ 28.707010810722281, 47.124322317399098 ], [ 28.707010954626622, 47.124326814683364 ], [ 28.707004509418901, 47.124331410186905 ], [ 28.707004653322763, 47.124335907471192 ], [ 28.707004797226652, 47.124340404755458 ], [ 28.707004941130585, 47.124344902039738 ], [ 28.707005085034545, 47.124349399324004 ], [ 28.706998639823638, 47.124353994827239 ], [ 28.706998783727109, 47.124358492111512 ], [ 28.706998927630625, 47.124362989395784 ], [ 28.706999071534174, 47.12436748668005 ], [ 28.706992626320588, 47.124372082182965 ], [ 28.706992770223653, 47.124376579467246 ], [ 28.706992914126747, 47.124381076751511 ], [ 28.706993058029877, 47.124385574035792 ], [ 28.706993201933042, 47.124390071320043 ], [ 28.706986756716276, 47.124394666822646 ], [ 28.706986900618954, 47.124399164106919 ], [ 28.706987044521668, 47.124403661391192 ], [ 28.706987188424421, 47.124408158675465 ], [ 28.706980743204976, 47.124412754177733 ], [ 28.706980887107246, 47.12441725146202 ], [ 28.706981031009541, 47.124421748746279 ], [ 28.706981174911874, 47.124426246030545 ], [ 28.706981318814243, 47.124430743314804 ], [ 28.706974873591616, 47.124435338816774 ], [ 28.706975017493495, 47.124439836101054 ], [ 28.706975161395416, 47.12444433338532 ], [ 28.706975305297366, 47.124448830669579 ], [ 28.70696886007207, 47.124453426171236 ], [ 28.706969003973537, 47.124457923455516 ], [ 28.706969147875039, 47.124462420739775 ], [ 28.706969291776577, 47.124466918024041 ], [ 28.70696284654861, 47.124471513525371 ], [ 28.706962990449657, 47.124476010809651 ], [ 28.706963134350744, 47.12448050809391 ], [ 28.706963278251866, 47.124485005378176 ], [ 28.706963422153024, 47.124489502662435 ], [ 28.706956976921862, 47.124494098163467 ], [ 28.70695712082253, 47.124498595447733 ], [ 28.70695726472324, 47.124503092731992 ], [ 28.706957408623975, 47.12450759001625 ], [ 28.706950963390149, 47.124512185516977 ], [ 28.706951107290401, 47.124516682801236 ], [ 28.706951251190691, 47.124521180085495 ], [ 28.706951395091014, 47.124525677369753 ], [ 28.706951538991376, 47.124530174654005 ], [ 28.706945093754356, 47.124534770154419 ], [ 28.706945237654228, 47.124539267438678 ], [ 28.706945381554139, 47.124543764722929 ], [ 28.706945525454078, 47.124548262007188 ], [ 28.706939080214386, 47.124552857507283 ], [ 28.706939224113846, 47.124557354791541 ], [ 28.706939368013341, 47.124561852075807 ], [ 28.706939511912868, 47.124566349360052 ], [ 28.706939655812427, 47.124570846644296 ], [ 28.706933210569549, 47.124575442144085 ], [ 28.706933354468628, 47.124579939428344 ], [ 28.706933498367732, 47.124584436712603 ], [ 28.706933642266879, 47.124588933996847 ], [ 28.706927197021336, 47.124593529496323 ], [ 28.706927340919993, 47.124598026780575 ], [ 28.706927484818689, 47.124602524064827 ], [ 28.70692762871742, 47.124607021349071 ], [ 28.706927772616183, 47.124611518633323 ], [ 28.706921327367446, 47.124616114132493 ], [ 28.706921471265723, 47.124620611416738 ], [ 28.706921615164042, 47.124625108700975 ], [ 28.706921759062386, 47.124629605985227 ], [ 28.706915313810978, 47.124634201484071 ], [ 28.706915457708845, 47.124638698768322 ], [ 28.706915601606738, 47.124643196052567 ], [ 28.706915745504674, 47.124647693336833 ], [ 28.706915889402644, 47.124652190621056 ], [ 28.706909444148042, 47.124656786119601 ], [ 28.70690958804553, 47.124661283403839 ], [ 28.706909731943039, 47.12466578068809 ], [ 28.706909875840594, 47.124670277972328 ], [ 28.706903430583328, 47.124674873470553 ], [ 28.706903574480393, 47.124679370754805 ], [ 28.706903718377493, 47.12468386803905 ], [ 28.706903862274629, 47.12468836532328 ], [ 28.706897417014691, 47.124692960821193 ], [ 28.706897560911344, 47.124697458105445 ], [ 28.706897704808025, 47.124701955389682 ], [ 28.706897848704749, 47.124706452673919 ], [ 28.706897992601501, 47.124710949958157 ], [ 28.706891547338373, 47.124715545455757 ], [ 28.706891691234642, 47.124720042740002 ], [ 28.70689183513095, 47.124724540024246 ], [ 28.706891979027287, 47.12472903730847 ], [ 28.70688553376149, 47.124733632805771 ], [ 28.70688567765734, 47.124738130089995 ], [ 28.706885821553229, 47.124742627374239 ], [ 28.706885965449153, 47.124747124658484 ], [ 28.706886109345106, 47.124751621942707 ], [ 28.706879664076123, 47.124756217439689 ], [ 28.706879807971593, 47.124760714723919 ], [ 28.706879951867101, 47.124765212008157 ], [ 28.706880095762646, 47.124769709292394 ], [ 28.706873650490984, 47.124774304789049 ], [ 28.706873794386041, 47.124778802073294 ], [ 28.706873938281134, 47.124783299357517 ], [ 28.70687408217626, 47.124787796641755 ], [ 28.706874226071424, 47.124792293925985 ], [ 28.706867780796575, 47.124796889422328 ], [ 28.706867924691249, 47.124801386706558 ], [ 28.706868068585962, 47.124805883990796 ], [ 28.706868212480703, 47.124810381275026 ], [ 28.706861767203186, 47.124814976771056 ], [ 28.706861911097445, 47.124819474055293 ], [ 28.706862054991738, 47.124823971339531 ], [ 28.706862198886068, 47.124828468623747 ], [ 28.706862342780429, 47.12483296590797 ], [ 28.706855897499725, 47.124837561403723 ], [ 28.706856041393603, 47.124842058687939 ], [ 28.706856185287521, 47.124846555972162 ], [ 28.706856329181463, 47.124851053256386 ], [ 28.706849883898084, 47.124855648751804 ], [ 28.70685002779155, 47.124860146036035 ], [ 28.706850171685044, 47.124864643320251 ], [ 28.706850315578581, 47.124869140604474 ], [ 28.706850459472147, 47.124873637888697 ], [ 28.706844014185577, 47.124878233383797 ], [ 28.70684415807866, 47.124882730668027 ], [ 28.706844301971774, 47.124887227952243 ], [ 28.706844445864924, 47.124891725236466 ], [ 28.706838000575686, 47.124896320731253 ], [ 28.706838144468357, 47.124900818015476 ], [ 28.706838288361052, 47.124905315299706 ], [ 28.706838432253793, 47.124909812583923 ], [ 28.706838576146556, 47.124914309868132 ], [ 28.706832130854131, 47.124918905362613 ], [ 28.706832274746414, 47.124923402646829 ], [ 28.706832418638736, 47.124927899931059 ], [ 28.706832562531087, 47.124932397215275 ], [ 28.706826117235991, 47.124936992709436 ], [ 28.706826261127862, 47.124941489993653 ], [ 28.706826405019761, 47.124945987277869 ], [ 28.7068265489117, 47.124950484562092 ], [ 28.70682669280367, 47.124954981846301 ], [ 28.706826836695679, 47.124959479130503 ], [ 28.706826980587721, 47.124963976414712 ], [ 28.706827124479798, 47.1249684736989 ], [ 28.70682726837191, 47.124972970983102 ], [ 28.706827412264058, 47.124977468267289 ], [ 28.706827556156238, 47.124981965551477 ], [ 28.706827700048457, 47.124986462835658 ], [ 28.706827843940708, 47.124990960119838 ], [ 28.706821398638258, 47.124995555613793 ], [ 28.706821542530026, 47.125000052897981 ], [ 28.706821686421822, 47.125004550182162 ], [ 28.706821830313661, 47.125009047466335 ], [ 28.706821974205528, 47.125013544750509 ], [ 28.706815528899885, 47.125018140244165 ], [ 28.706815672791272, 47.125022637528339 ], [ 28.706815816682688, 47.125027134812527 ], [ 28.706815960574144, 47.1250316320967 ], [ 28.706809515265835, 47.125036227590023 ], [ 28.7068096591568, 47.125040724874204 ], [ 28.706809803047804, 47.125045222158377 ], [ 28.706809946938847, 47.125049719442551 ], [ 28.706810090829922, 47.125054216726731 ], [ 28.70680364551842, 47.125058812219748 ], [ 28.706803789409005, 47.125063309503929 ], [ 28.706803933299632, 47.125067806788103 ], [ 28.706804077190284, 47.125072304072262 ], [ 28.706797631876118, 47.125076899564966 ], [ 28.70679777576629, 47.125081396849147 ], [ 28.706797919656491, 47.125085894133328 ], [ 28.706798063546731, 47.12509039141748 ], [ 28.706798207437011, 47.125094888701646 ], [ 28.706798351327322, 47.12509938598582 ], [ 28.706791906009439, 47.125103981478233 ], [ 28.706792049899267, 47.125108478762399 ], [ 28.706792193789124, 47.125112976046559 ], [ 28.706792337679023, 47.125117473330725 ], [ 28.70679248156895, 47.125121970614885 ], [ 28.70679262545891, 47.125126467899044 ], [ 28.706792769348908, 47.125130965183189 ], [ 28.706792913238946, 47.125135462467348 ], [ 28.706793057129016, 47.125139959751486 ], [ 28.706793201019114, 47.125144457035624 ], [ 28.706793344909254, 47.125148954319762 ], [ 28.706786899585062, 47.125153549811927 ], [ 28.706787043474716, 47.125158047096072 ], [ 28.706787187364402, 47.12516254438021 ], [ 28.706780742038063, 47.125167139872048 ], [ 28.706774296710613, 47.125171735363544 ], [ 28.706767851382057, 47.125176330854678 ], [ 28.70676140605239, 47.125180926345458 ], [ 28.706754960721607, 47.125185521835888 ], [ 28.70674851538972, 47.125190117325978 ], [ 28.706742070056723, 47.125194712815706 ], [ 28.706735624722615, 47.125199308305078 ], [ 28.706729179387398, 47.125203903794109 ], [ 28.70672273405107, 47.125208499282778 ], [ 28.706716288713636, 47.125213094771098 ], [ 28.706709843375087, 47.125217690259063 ], [ 28.706709987258574, 47.125222187543336 ], [ 28.706703541918394, 47.125226783030968 ], [ 28.70670368580139, 47.125231280315255 ], [ 28.706703829684418, 47.125235777599528 ], [ 28.706697384342096, 47.125240373086811 ], [ 28.706697528224641, 47.125244870371112 ], [ 28.706691082880685, 47.125249465858062 ], [ 28.706691226762743, 47.125253963142356 ], [ 28.706691370644837, 47.12525846042665 ], [ 28.706684925298731, 47.125263055913273 ], [ 28.706685069180338, 47.125267553197574 ], [ 28.706678623832605, 47.125272148683855 ], [ 28.706678767713729, 47.125276645968164 ], [ 28.706678911594885, 47.125281143252458 ], [ 28.706672466245003, 47.12528573873842 ], [ 28.706672610125676, 47.125290236022728 ], [ 28.706666164774155, 47.125294831508342 ], [ 28.706666308654345, 47.125299328792657 ], [ 28.706666452534567, 47.125303826076966 ], [ 28.706660007180897, 47.125308421562266 ], [ 28.706660151060635, 47.125312918846575 ], [ 28.706653705705346, 47.125317514331535 ], [ 28.706653849584594, 47.125322011615843 ], [ 28.706647404227667, 47.125326607100462 ], [ 28.706647548106432, 47.125331104384792 ], [ 28.706647691985236, 47.125335601669121 ], [ 28.706641246626159, 47.125340197153399 ], [ 28.706634801265977, 47.125344792637321 ], [ 28.70662835590468, 47.125349388120902 ], [ 28.706621910542278, 47.125353983604128 ], [ 28.706615465178768, 47.125358579087006 ], [ 28.706609019814145, 47.125363174569529 ], [ 28.706602574448411, 47.125367770051689 ], [ 28.706596129081568, 47.125372365533501 ], [ 28.706589683713617, 47.125376961014958 ], [ 28.706583238344553, 47.125381556496073 ], [ 28.706576792974385, 47.125386151976834 ], [ 28.706570347603101, 47.125390747457239 ], [ 28.706563902230712, 47.125395342937296 ], [ 28.706557456857215, 47.125399938416997 ], [ 28.706551011482606, 47.125404533896351 ], [ 28.706544566106885, 47.125409129375356 ], [ 28.706538120730055, 47.125413724853999 ], [ 28.706531675352117, 47.125418320332294 ], [ 28.706525229973067, 47.125422915810233 ], [ 28.706518784592912, 47.125427511287825 ], [ 28.706512339211642, 47.125432106765075 ], [ 28.706505893829259, 47.125436702241956 ], [ 28.706499448445776, 47.125441297718488 ], [ 28.706493003061176, 47.125445893194666 ], [ 28.706486557675468, 47.125450488670502 ], [ 28.706480112288652, 47.125455084145983 ], [ 28.706473666900727, 47.125459679621109 ], [ 28.706467221511691, 47.125464275095865 ], [ 28.706460776121542, 47.125468870570302 ], [ 28.706454330730292, 47.125473466044369 ], [ 28.706447885337919, 47.125478061518088 ], [ 28.706441439944452, 47.125482656991451 ], [ 28.706434994549859, 47.125487252464474 ], [ 28.706428549154172, 47.125491847937127 ], [ 28.706422103757365, 47.125496443409439 ], [ 28.70641565835945, 47.125501038881396 ], [ 28.706409212960427, 47.125505634352997 ], [ 28.706402767560295, 47.125510229824265 ], [ 28.706396322159051, 47.125514825295156 ], [ 28.706389876756703, 47.125519420765698 ], [ 28.706383431353238, 47.125524016235907 ], [ 28.706376842091707, 47.125524114420941 ], [ 28.706370396686545, 47.125528709890418 ], [ 28.706363951280277, 47.125533305359546 ], [ 28.706357362017531, 47.125533403543479 ], [ 28.706350916609566, 47.12553799901189 ], [ 28.706344471200484, 47.125542594479953 ], [ 28.706337881936527, 47.125542692662776 ], [ 28.706331436525748, 47.125547288130122 ], [ 28.70632499111386, 47.125551883597112 ], [ 28.706318401848687, 47.125551981778827 ], [ 28.706311956435101, 47.125556577245113 ], [ 28.70630536716931, 47.125556675426097 ], [ 28.706298921754023, 47.125561270891644 ], [ 28.706292476337619, 47.125565866356858 ], [ 28.706285887070614, 47.125565964536726 ], [ 28.706279441652519, 47.125570560001222 ], [ 28.706272996233309, 47.125575155465377 ], [ 28.706266406965089, 47.125575253644129 ], [ 28.706259961544184, 47.125579849107559 ], [ 28.706253516122164, 47.125584444570634 ], [ 28.706246926852735, 47.125584542748285 ], [ 28.706240481429017, 47.125589138210643 ], [ 28.706234036004194, 47.125593733672659 ], [ 28.706227446733543, 47.125593831849208 ], [ 28.706221001307018, 47.1255984273105 ], [ 28.706214412035745, 47.125598525486311 ], [ 28.706207966607522, 47.125603120946884 ], [ 28.706201521178187, 47.12560771640711 ], [ 28.706194931905699, 47.125607814581805 ], [ 28.706188486474666, 47.125612410041327 ], [ 28.706182041042528, 47.12561700550048 ], [ 28.706175451768829, 47.125617103674074 ], [ 28.706169006334985, 47.125621699132523 ], [ 28.706162560900033, 47.125626294590603 ], [ 28.706155971625119, 47.125626392763103 ], [ 28.706149526188469, 47.125630988220472 ], [ 28.706143080750707, 47.125635583677493 ], [ 28.706136491474577, 47.125635681848877 ], [ 28.706130046035117, 47.12564027730518 ], [ 28.706123600594548, 47.125644872761143 ], [ 28.706117011317207, 47.125644970931425 ], [ 28.70611056587494, 47.125649566386656 ], [ 28.706103976596975, 47.1256496645562 ], [ 28.706097531153002, 47.125654260010712 ], [ 28.706091085707925, 47.125658855464884 ], [ 28.706084496428744, 47.125658953633312 ], [ 28.706078050981972, 47.125663549086774 ], [ 28.706071605534081, 47.125668144539887 ], [ 28.706065160085085, 47.125672739992631 ], [ 28.706058570804103, 47.125672838159581 ], [ 28.706052125353409, 47.125677433611621 ], [ 28.706045679901599, 47.125682029063306 ], [ 28.706039234448685, 47.125686624514628 ], [ 28.706032645165898, 47.125686722680136 ], [ 28.706026199711285, 47.125691318130741 ], [ 28.706019754255557, 47.125695913580998 ], [ 28.706013164971562, 47.12569601174539 ], [ 28.706006719514136, 47.125700607194958 ], [ 28.706000274055604, 47.125705202644149 ], [ 28.705993828595957, 47.125709798092977 ], [ 28.705987239310154, 47.125709896255891 ], [ 28.705980793848813, 47.125714491704031 ], [ 28.705974348386363, 47.125719087151815 ], [ 28.705967902922797, 47.125723682599229 ], [ 28.705961313635189, 47.125723780760687 ], [ 28.705954868169925, 47.125728376207384 ], [ 28.705948422703557, 47.125732971653747 ], [ 28.705941977236076, 47.125737567099755 ], [ 28.705935387946667, 47.125737665259727 ], [ 28.705928942477485, 47.12574226070501 ], [ 28.705922497007197, 47.125746856149952 ], [ 28.705916051535798, 47.125751451594539 ], [ 28.705909462244581, 47.125751549753048 ], [ 28.705903016771483, 47.125756145196917 ], [ 28.705896571297277, 47.12576074064043 ], [ 28.705889982004845, 47.125760838797831 ], [ 28.70588353652894, 47.125765434240634 ], [ 28.705877091051924, 47.125770029683089 ], [ 28.705870645573793, 47.125774625125182 ], [ 28.705864056279562, 47.125774723281118 ], [ 28.70585761079974, 47.125779318722493 ], [ 28.705851165318801, 47.125783914163527 ], [ 28.705844719836755, 47.125788509604206 ], [ 28.705838130540723, 47.125788607758665 ], [ 28.705831685056975, 47.125793203198626 ], [ 28.705825239572121, 47.125797798638231 ], [ 28.705818794086152, 47.125802394077489 ], [ 28.705812204788316, 47.125802492230491 ], [ 28.705805759300656, 47.125807087669031 ], [ 28.705799313811877, 47.125811683107223 ], [ 28.705792868321996, 47.125816278545066 ], [ 28.705786279022352, 47.125816376696584 ], [ 28.705779833530766, 47.12582097213371 ], [ 28.705773388038075, 47.12582556757048 ], [ 28.705766798737223, 47.125825665720896 ], [ 28.705760353242827, 47.125830261156956 ], [ 28.705753907747329, 47.125834856592654 ], [ 28.705747462250716, 47.125839452028004 ], [ 28.705740872948056, 47.125839550176948 ], [ 28.705734427449748, 47.12584414561158 ], [ 28.705727981950325, 47.125848741045871 ], [ 28.705721536449797, 47.125853336479793 ], [ 28.705714947145331, 47.125853434627281 ], [ 28.705708501643105, 47.125858030060492 ], [ 28.705702056139764, 47.125862625493362 ], [ 28.705695610635317, 47.125867220925876 ], [ 28.70568902132905, 47.12586731907188 ], [ 28.705682575822902, 47.125871914503669 ], [ 28.705676130315641, 47.125876509935111 ], [ 28.705669684807276, 47.125881105366219 ], [ 28.705663095499204, 47.125881203510744 ], [ 28.705656649989141, 47.12588579894112 ], [ 28.705650204477966, 47.125890394371147 ], [ 28.705643615168675, 47.125890492514586 ], [ 28.705637169655802, 47.125895087943896 ], [ 28.70563072414182, 47.12589968337285 ], [ 28.705624278626725, 47.12590427880145 ], [ 28.705617689315634, 47.12590437694341 ], [ 28.705611243798835, 47.125908972371299 ], [ 28.705604798280937, 47.12591356779884 ], [ 28.705598352761921, 47.125918163226018 ], [ 28.705591763449029, 47.125918261366522 ], [ 28.705585317928314, 47.125922856792982 ], [ 28.705578872406498, 47.125927452219095 ], [ 28.70557242688356, 47.125932047644874 ], [ 28.705565837568862, 47.125932145783892 ], [ 28.705559392044233, 47.125936741208939 ], [ 28.705552946518491, 47.125941336633645 ], [ 28.705546357202586, 47.125941434771562 ], [ 28.705539911675142, 47.125946030195536 ], [ 28.705533466146591, 47.125950625619176 ], [ 28.705527020616934, 47.125955221042446 ], [ 28.705520431299217, 47.1259553191789 ], [ 28.705513985767855, 47.125959914601466 ], [ 28.705507540235388, 47.125964510023664 ], [ 28.705501094701809, 47.125969105445527 ], [ 28.705494505382291, 47.12596920358051 ], [ 28.705488059847013, 47.125973799001642 ], [ 28.705481614310628, 47.125978394422432 ], [ 28.70547516877313, 47.125982989842875 ], [ 28.705468579451811, 47.12598308797638 ], [ 28.705462133912615, 47.125987683396097 ], [ 28.705455544590667, 47.125987781528877 ], [ 28.70544895526869, 47.125987879661267 ], [ 28.705449099049773, 47.125992376947892 ], [ 28.705449242830888, 47.125996874234509 ], [ 28.705442653507763, 47.125996972366536 ], [ 28.705436207964649, 47.12600156778484 ], [ 28.705429762420426, 47.126006163202796 ], [ 28.705423173096086, 47.126006261333721 ], [ 28.705416727550158, 47.126010856750966 ], [ 28.705410282003125, 47.126015452167842 ], [ 28.705403836454984, 47.126020047584376 ], [ 28.70539724712884, 47.126020145713845 ], [ 28.705390801579, 47.126024741129655 ], [ 28.705384356028048, 47.126029336545116 ], [ 28.705377910475981, 47.126033931960229 ], [ 28.705371321148036, 47.126034030088221 ], [ 28.70536487559427, 47.126038625502616 ], [ 28.7053584300394, 47.126043220916664 ], [ 28.705351984483418, 47.126047816330349 ], [ 28.705345395153671, 47.126047914456876 ], [ 28.705338949595987, 47.126052509869858 ], [ 28.705332504037198, 47.126057105282477 ], [ 28.705326058477297, 47.126061700694748 ], [ 28.705319469145742, 47.126061798819805 ], [ 28.705313023584143, 47.126066394231358 ], [ 28.705306578021435, 47.12607098964255 ], [ 28.705299988688672, 47.126071087766512 ], [ 28.705293543124263, 47.126075683177007 ], [ 28.705287097558742, 47.126080278587132 ], [ 28.705280651992116, 47.126084873996916 ], [ 28.705274062657541, 47.126084972119394 ], [ 28.705267617089216, 47.126089567528467 ], [ 28.70526117151978, 47.126094162937186 ], [ 28.705254725949228, 47.126098758345549 ], [ 28.705248136612859, 47.126098856466562 ], [ 28.705241691040612, 47.126103451874208 ], [ 28.705235245467254, 47.126108047281505 ], [ 28.70522879989279, 47.126112642688454 ], [ 28.705222210554609, 47.12611274080799 ], [ 28.705215764978451, 47.126117336214222 ], [ 28.705209319401174, 47.126121931620098 ], [ 28.705202873822788, 47.126126527025612 ], [ 28.705196284482806, 47.126126625143691 ], [ 28.705189838902726, 47.126131220548501 ], [ 28.705183393321526, 47.126135815952956 ], [ 28.705176803980336, 47.126135914069927 ], [ 28.705170358397446, 47.126140509473657 ], [ 28.70516391281344, 47.126145104877054 ], [ 28.705157467228329, 47.126149700280088 ], [ 28.705150877885334, 47.126149798395588 ], [ 28.705144432298518, 47.126154393797904 ], [ 28.705137986710593, 47.126158989199872 ], [ 28.705131541121563, 47.126163584601493 ], [ 28.70512495177676, 47.126163682715521 ], [ 28.705118506186032, 47.126168278116417 ], [ 28.705112060594193, 47.126172873516971 ], [ 28.705105615001241, 47.126177468917156 ], [ 28.70509902565464, 47.126177567029721 ], [ 28.705092580059986, 47.126182162429203 ], [ 28.705086134464228, 47.126186757828343 ], [ 28.705079688867361, 47.126191353227114 ], [ 28.705073099518948, 47.126191451338194 ], [ 28.705066653920383, 47.126196046736254 ], [ 28.705060208320706, 47.126200642133981 ], [ 28.705053618971082, 47.126200740243959 ], [ 28.705047173369703, 47.126205335640954 ], [ 28.705040727767216, 47.126209931037586 ], [ 28.705034282163616, 47.126214526433877 ], [ 28.705027692812191, 47.126214624542385 ], [ 28.705021247206897, 47.126219219937965 ], [ 28.705014801600488, 47.126223815333184 ], [ 28.705008355992973, 47.126228410728054 ], [ 28.70500176663975, 47.126228508835098 ], [ 28.704995321030534, 47.12623310422925 ], [ 28.704988875420209, 47.126237699623061 ], [ 28.704982429808773, 47.126242295016503 ], [ 28.704975840453741, 47.126242393122077 ], [ 28.704969394840603, 47.126246988514815 ], [ 28.704962949226363, 47.126251583907198 ], [ 28.704956359870117, 47.12625168201167 ], [ 28.704949914254176, 47.126256277403336 ], [ 28.704943468637119, 47.126260872794646 ], [ 28.704937023018953, 47.126265468185615 ], [ 28.704930433660905, 47.126265566288602 ], [ 28.704923988041045, 47.12627016167886 ], [ 28.704917542420077, 47.126274757068757 ], [ 28.704911096797993, 47.126279352458297 ], [ 28.70490450743814, 47.126279450559821 ], [ 28.704898061814358, 47.126284045948644 ], [ 28.704891616189467, 47.126288641337133 ], [ 28.704885170563465, 47.126293236725246 ], [ 28.704878581201811, 47.126293334825313 ], [ 28.704872135574114, 47.126297930212729 ], [ 28.704865689945301, 47.126302525599769 ], [ 28.704859244315379, 47.126307120986482 ], [ 28.704852654951921, 47.126307219085064 ], [ 28.704846209320305, 47.126311814471059 ], [ 28.704839763687573, 47.126316409856692 ], [ 28.704833174322903, 47.126316507954165 ], [ 28.704826728688474, 47.126321103339095 ], [ 28.704820283052939, 47.126325698723662 ], [ 28.704813837416289, 47.126330294107873 ], [ 28.704807248049814, 47.12633039220389 ], [ 28.704800802411466, 47.126334987587384 ], [ 28.704794356772013, 47.12633958297053 ], [ 28.704787911131444, 47.126344178353335 ], [ 28.704781321763164, 47.126344276447874 ], [ 28.704774876120897, 47.126348871829954 ], [ 28.704768430477525, 47.126353467211679 ], [ 28.704761984833038, 47.126358062593049 ], [ 28.704755395462957, 47.126358160686138 ], [ 28.704748949816771, 47.126362756066797 ], [ 28.704742504169474, 47.126367351447094 ], [ 28.704736058521068, 47.126371946827057 ], [ 28.704729469149186, 47.126372044918661 ], [ 28.704723023499085, 47.126376640297906 ], [ 28.704716577847869, 47.126381235676789 ], [ 28.704709988474772, 47.126381333767291 ], [ 28.704703542821857, 47.126385929145449 ], [ 28.704697097167834, 47.126390524523288 ], [ 28.704690651512699, 47.126395119900756 ], [ 28.704684062137797, 47.126395217989774 ], [ 28.704677616480964, 47.12639981336654 ], [ 28.704671170823023, 47.126404408742928 ], [ 28.704664725163969, 47.126409004118983 ], [ 28.704658135787266, 47.126409102206537 ], [ 28.704651690126514, 47.126413697581874 ], [ 28.704645244464658, 47.126418292956856 ], [ 28.704638798801685, 47.126422888331483 ], [ 28.704632209423174, 47.12642298641758 ], [ 28.704625763758504, 47.126427581791489 ], [ 28.704619318092728, 47.126432177165043 ], [ 28.704612872425837, 47.126436772538248 ], [ 28.704606283045521, 47.126436870622875 ], [ 28.704599837376932, 47.126441465995377 ], [ 28.704593391707238, 47.126446061367503 ], [ 28.704586802325711, 47.126446159451028 ], [ 28.704580356654311, 47.126450754822457 ], [ 28.704573910981807, 47.126455350193524 ], [ 28.704567465308191, 47.12645994556425 ], [ 28.704560875924859, 47.126460043646283 ], [ 28.704554430249541, 47.126464639016291 ], [ 28.704547984573114, 47.126469234385951 ], [ 28.704541538895576, 47.126473829755255 ], [ 28.704534949510446, 47.126473927835832 ], [ 28.704528503831209, 47.126478523204412 ], [ 28.704522058150864, 47.126483118572644 ], [ 28.704515612469407, 47.126487713940534 ], [ 28.704509023082476, 47.126487812019626 ], [ 28.704502577399321, 47.126492407386799 ], [ 28.70449613171505, 47.126497002753617 ], [ 28.704489686029682, 47.126501598120079 ], [ 28.704483096640939, 47.126501696197707 ], [ 28.704476650953868, 47.126506291563459 ], [ 28.704470205265682, 47.126510886928848 ], [ 28.704463615875728, 47.126510985005389 ], [ 28.704457170185844, 47.126515580370054 ], [ 28.704450724494858, 47.126520175734392 ], [ 28.704444278802754, 47.12652477109836 ], [ 28.704437689410998, 47.126524869173416 ], [ 28.704431243717195, 47.126529464536674 ], [ 28.704424798022284, 47.126534059899591 ], [ 28.704418352326261, 47.126538655262138 ], [ 28.7044117629327, 47.126538753335737 ], [ 28.704405317234983, 47.126543348697567 ], [ 28.704398871536153, 47.126547944059055 ], [ 28.704392425836211, 47.126552539420189 ], [ 28.704385836440846, 47.126552637492303 ], [ 28.704379390739209, 47.126557232852718 ], [ 28.704372945036464, 47.1265618282128 ], [ 28.70436635563988, 47.126561926283813 ], [ 28.704359909935434, 47.126566521643163 ], [ 28.704353464229875, 47.126571117002158 ], [ 28.704347018523208, 47.126575712360804 ], [ 28.704340429124827, 47.12657581043036 ], [ 28.704333983416458, 47.126580405788296 ], [ 28.70432753770698, 47.12658500114587 ], [ 28.704321091996395, 47.126589596503095 ], [ 28.704314502596212, 47.126589694571173 ], [ 28.704308056883921, 47.126594289927688 ], [ 28.704301611170525, 47.12659888528384 ], [ 28.704295165456024, 47.126603480639645 ], [ 28.704288576054033, 47.126603578706245 ], [ 28.704282130337827, 47.126608174061346 ], [ 28.704275684620512, 47.126612769416091 ], [ 28.704269238902093, 47.126617364770475 ], [ 28.704262649498297, 47.126617462835611 ], [ 28.704256203778176, 47.126622058189284 ], [ 28.704249758056942, 47.126626653542608 ], [ 28.704243168651931, 47.126626751606636 ], [ 28.704236722929, 47.126631346959243 ], [ 28.704230277204957, 47.126635942311495 ], [ 28.704223831479805, 47.126640537663384 ], [ 28.704217242072993, 47.126640635725956 ], [ 28.704210796346143, 47.126645231077134 ], [ 28.704204350618181, 47.126649826427972 ], [ 28.70419790488911, 47.126654421778447 ], [ 28.7041913154805, 47.126654519839533 ], [ 28.704184869749724, 47.126659115189291 ], [ 28.704178424017851, 47.126663710538715 ], [ 28.704171978284855, 47.126668305887776 ], [ 28.70416538887444, 47.126668403947399 ], [ 28.704158943139753, 47.126672999295742 ], [ 28.704152497403953, 47.126677594643724 ], [ 28.704146051667045, 47.126682189991371 ], [ 28.704139462254822, 47.12668228804953 ], [ 28.704133016516217, 47.126686883396445 ], [ 28.704126570776499, 47.126691478743012 ], [ 28.704119981363057, 47.126691576800063 ], [ 28.704113535621641, 47.126696172145913 ], [ 28.70410708987912, 47.126700767491428 ], [ 28.70410064413548, 47.126705362836574 ], [ 28.70409405472024, 47.126705460892154 ], [ 28.704087608974906, 47.12671005623659 ], [ 28.704081163228459, 47.126714651580677 ], [ 28.704074717480903, 47.126719246924409 ], [ 28.704068128063863, 47.126719344978518 ], [ 28.70406168231461, 47.126723940321533 ], [ 28.704055236564244, 47.126728535664192 ], [ 28.70404879081277, 47.12673313100651 ], [ 28.704042201393925, 47.126733229059148 ], [ 28.704035755640746, 47.126737824400749 ], [ 28.704029309886465, 47.126742419741987 ], [ 28.704022864131069, 47.12674701508287 ], [ 28.704016274710423, 47.126747113134037 ], [ 28.704009828953332, 47.126751708474224 ], [ 28.704003383195129, 47.126756303814048 ], [ 28.703996793773268, 47.126756401864114 ], [ 28.703990348013363, 47.126760997203213 ], [ 28.70398390225235, 47.126765592541979 ], [ 28.703977456490225, 47.126770187880375 ], [ 28.703970867066566, 47.126770285928977 ], [ 28.703964421302739, 47.126774881266662 ], [ 28.703957975537811, 47.126779476603993 ], [ 28.703951529771771, 47.126784071940975 ], [ 28.703944940346304, 47.126784169988099 ], [ 28.703938494578559, 47.12678876532437 ], [ 28.703932048809712, 47.12679336066028 ], [ 28.703925603039753, 47.126797955995848 ], [ 28.703919013612477, 47.126798054041508 ], [ 28.70391256784082, 47.126802649376351 ], [ 28.703906122068048, 47.126807244710854 ], [ 28.703899676294171, 47.126811840045001 ], [ 28.703893086865097, 47.126811938089176 ], [ 28.703886641089515, 47.126816533422613 ], [ 28.703880195312827, 47.12682112875568 ], [ 28.703873605882542, 47.126821226798768 ], [ 28.703867160104156, 47.126825822131124 ], [ 28.703860714324655, 47.12683041746314 ], [ 28.703854268544045, 47.126835012794785 ], [ 28.703847679111956, 47.126835110836403 ], [ 28.703841233329651, 47.126839706167345 ], [ 28.703834787546231, 47.126844301497933 ], [ 28.703828341761707, 47.126848896828172 ], [ 28.703821752327809, 47.126848994868311 ], [ 28.703815306541586, 47.126853590197832 ], [ 28.703808860754254, 47.126858185527006 ], [ 28.703802414965804, 47.126862780855816 ], [ 28.703795825530108, 47.126862878894485 ], [ 28.703789379739963, 47.126867474222585 ], [ 28.703782933948709, 47.126872069550345 ], [ 28.703776344511795, 47.126872167587912 ], [ 28.703769898718843, 47.126876762914939 ], [ 28.703763452924779, 47.126881358241619 ], [ 28.703757007129607, 47.126885953567957 ], [ 28.703750417690888, 47.126886051604039 ], [ 28.703743971894013, 47.12689064692966 ], [ 28.703737526096035, 47.126895242254918 ], [ 28.703731080296944, 47.126899837579828 ], [ 28.703724490856423, 47.126899935614453 ], [ 28.703718045055631, 47.126904530938646 ], [ 28.703711599253726, 47.126909126262483 ], [ 28.703705153450716, 47.126913721585986 ], [ 28.703698564008398, 47.126913819619134 ], [ 28.70369211820368, 47.126918414941912 ], [ 28.703685672397864, 47.126923010264328 ], [ 28.703679226590936, 47.126927605586395 ], [ 28.703672637146809, 47.12692770361808 ], [ 28.703666191338176, 47.12693229893943 ], [ 28.703659745528441, 47.126936894260432 ], [ 28.703653156083099, 47.126936992291014 ], [ 28.703646710271659, 47.126941587611299 ], [ 28.703640264459114, 47.126946182931228 ], [ 28.703633675012558, 47.126946280960702 ], [ 28.703627229198307, 47.126950876279928 ], [ 28.703620783382949, 47.126955471598784 ], [ 28.703614193935184, 47.126955569627157 ], [ 28.703607748118127, 47.126960164945309 ], [ 28.703601302299958, 47.126964760263114 ], [ 28.703594712850979, 47.126964858290371 ], [ 28.703588267031112, 47.126969453607451 ], [ 28.703581821210136, 47.126974048924168 ], [ 28.703575231759938, 47.126974146950339 ], [ 28.703568785937264, 47.126978742266346 ], [ 28.703562340113475, 47.126983337582011 ], [ 28.703555750662069, 47.126983435607066 ], [ 28.703549304836582, 47.126988030922 ], [ 28.703542859009993, 47.1269926262366 ], [ 28.703536269557368, 47.126992724260546 ], [ 28.70352982372907, 47.126997319574421 ], [ 28.703523377899675, 47.127001914887963 ], [ 28.703516932069157, 47.127006510201127 ], [ 28.703510342614727, 47.127006608223603 ], [ 28.703503896782518, 47.127011203536064 ], [ 28.703497450949197, 47.127015798848163 ], [ 28.703490861493549, 47.127015896869523 ], [ 28.703484415658529, 47.127020492180925 ], [ 28.703477969822401, 47.127025087491965 ], [ 28.703471380365542, 47.127025185512217 ], [ 28.703464934527716, 47.127029780822546 ], [ 28.703458488688771, 47.127034376132514 ], [ 28.703452042848724, 47.12703897144214 ], [ 28.703445597007562, 47.127043566751396 ], [ 28.703439151165295, 47.127048162060312 ], [ 28.703432705321916, 47.127052757368872 ], [ 28.703426259477425, 47.127057352677092 ], [ 28.703419813631825, 47.127061947984949 ], [ 28.703413367785117, 47.127066543292457 ], [ 28.703406634708575, 47.12706214401851 ], [ 28.703406491094267, 47.12705764672797 ], [ 28.703406347479998, 47.127053149437408 ], [ 28.703406203865761, 47.127048652146854 ], [ 28.703406060251552, 47.127044154856293 ], [ 28.703405916637386, 47.127039657565732 ], [ 28.703405773023249, 47.127035160275156 ], [ 28.703405629409151, 47.127030662984573 ], [ 28.703405485795084, 47.127026165694005 ], [ 28.703405342181057, 47.127021668403422 ], [ 28.703405198567058, 47.12701717111284 ], [ 28.703405054953095, 47.127012673822243 ], [ 28.70340491133917, 47.127008176531653 ], [ 28.703404767725281, 47.127003679241056 ], [ 28.703404624111425, 47.126999181950453 ], [ 28.7034044804976, 47.126994684659849 ], [ 28.703404336883814, 47.126990187369245 ], [ 28.703404193270057, 47.126985690078634 ], [ 28.703404049656342, 47.126981192787994 ], [ 28.703403906042656, 47.126976695497383 ], [ 28.703403762429005, 47.126972198206758 ], [ 28.70340361881539, 47.12696770091614 ], [ 28.703403475201814, 47.1269632036255 ], [ 28.70340333158827, 47.126958706334854 ], [ 28.703403187974754, 47.126954209044221 ], [ 28.703403044361281, 47.126949711753575 ], [ 28.703402900747836, 47.126945214462935 ], [ 28.703402757134434, 47.126940717172275 ], [ 28.70340261352106, 47.126936219881621 ], [ 28.703402469907726, 47.126931722590953 ], [ 28.703402326294423, 47.1269272253003 ], [ 28.703402182681156, 47.126922728009625 ], [ 28.703408628511806, 47.126918132702848 ], [ 28.703408484898052, 47.126913635412187 ], [ 28.703408341284337, 47.126909138121526 ], [ 28.703408197670651, 47.126904640830858 ], [ 28.703408054056997, 47.12690014354019 ], [ 28.703414499884463, 47.126895548233101 ], [ 28.703414356270326, 47.126891050942454 ], [ 28.703414212656227, 47.126886553651779 ], [ 28.703414069042161, 47.126882056361111 ], [ 28.703413925428126, 47.126877559070422 ], [ 28.703413781814135, 47.12687306177974 ], [ 28.703420227637885, 47.126868466472359 ], [ 28.703420084023406, 47.126863969181692 ], [ 28.703419940408956, 47.126859471891009 ], [ 28.703419796794542, 47.126854974600342 ], [ 28.703419653180163, 47.126850477309645 ], [ 28.703419509565823, 47.126845980018956 ], [ 28.703425955385864, 47.126841384711298 ], [ 28.703425811771034, 47.126836887420609 ], [ 28.703425668156235, 47.126832390129934 ], [ 28.703425524541483, 47.126827892839238 ], [ 28.703425380926753, 47.126823395548556 ], [ 28.703425237312064, 47.126818898257852 ], [ 28.703431683128397, 47.126814302949896 ], [ 28.703431539513215, 47.126809805659192 ], [ 28.703431395898075, 47.126805308368503 ], [ 28.703431252282972, 47.126800811077814 ], [ 28.7034311086679, 47.126796313787111 ], [ 28.70343096505286, 47.1267918164964 ], [ 28.703437410865483, 47.126787221188145 ], [ 28.70343726724996, 47.126782723897442 ], [ 28.703437123634469, 47.12677822660676 ], [ 28.703436980019017, 47.126773729316035 ], [ 28.703436836403601, 47.126769232025332 ], [ 28.70343669278822, 47.126764734734621 ], [ 28.70344313859712, 47.126760139426068 ], [ 28.703442994981252, 47.126755642135358 ], [ 28.70344285136542, 47.126751144844654 ], [ 28.703442707749623, 47.126746647553944 ], [ 28.703442564133859, 47.126742150263226 ], [ 28.703442420518122, 47.126737652972515 ], [ 28.703448866323317, 47.12673305766365 ], [ 28.703448722707101, 47.126728560372946 ], [ 28.703448579090924, 47.126724063082222 ], [ 28.703448435474776, 47.126719565791511 ], [ 28.703448291858663, 47.126715068500786 ], [ 28.703454737660667, 47.126710473191629 ], [ 28.703454594044072, 47.126705975900904 ], [ 28.703454450427511, 47.126701478610187 ], [ 28.703454306810983, 47.126696981319462 ], [ 28.703454163194486, 47.12669248402873 ], [ 28.703454019578029, 47.126687986738006 ], [ 28.70346046537632, 47.12668339142855 ], [ 28.703460321759376, 47.126678894137832 ], [ 28.703460178142468, 47.126674396847108 ], [ 28.703460034525595, 47.126669899556376 ], [ 28.703459890908757, 47.126665402265644 ], [ 28.703466336703855, 47.126660806955883 ], [ 28.70346619308653, 47.126656309665158 ], [ 28.703466049469238, 47.126651812374419 ], [ 28.703465905851981, 47.126647315083687 ], [ 28.703472351644411, 47.126642719773599 ], [ 28.703472208026675, 47.126638222482882 ], [ 28.703472064408963, 47.126633725192143 ], [ 28.703471920791291, 47.126629227901418 ], [ 28.703478366581052, 47.126624632591003 ], [ 28.703478222962897, 47.126620135300286 ], [ 28.703478079344773, 47.126615638009547 ], [ 28.703477935726685, 47.126611140718808 ], [ 28.703484381513775, 47.126606545408102 ], [ 28.703484237895204, 47.12660204811737 ], [ 28.703484094276664, 47.126597550826638 ], [ 28.70348395065816, 47.126593053535899 ], [ 28.703490396442579, 47.126588458224859 ], [ 28.703490252823588, 47.126583960934134 ], [ 28.703490109204637, 47.126579463643402 ], [ 28.70348996558571, 47.126574966352663 ], [ 28.70349641136746, 47.126570371041325 ], [ 28.703496267748058, 47.126565873750586 ], [ 28.70349612412868, 47.126561376459854 ], [ 28.703495980509349, 47.126556879169115 ], [ 28.703502426288427, 47.12655228385745 ], [ 28.703502282668605, 47.126547786566725 ], [ 28.703502139048815, 47.126543289275993 ], [ 28.703501995429061, 47.126538791985261 ], [ 28.703508441205475, 47.126534196673283 ], [ 28.703508297585234, 47.126529699382544 ], [ 28.703508153965029, 47.126525202091813 ], [ 28.703508010344862, 47.126520704801067 ], [ 28.703514456118601, 47.126516109488776 ], [ 28.703514312497944, 47.126511612198037 ], [ 28.703514168877323, 47.126507114907305 ], [ 28.703514025256737, 47.126502617616566 ], [ 28.703520471027812, 47.126498022303949 ], [ 28.703520327406732, 47.126493525013217 ], [ 28.703520183785695, 47.126489027722485 ], [ 28.703520040164694, 47.126484530431746 ], [ 28.703526485933097, 47.126479935118809 ], [ 28.703526342311605, 47.12647543782807 ], [ 28.703532788078377, 47.126470842514799 ], [ 28.703539233844037, 47.126466247201165 ], [ 28.703545679608585, 47.12646165188719 ], [ 28.703552125372028, 47.126457056572846 ], [ 28.703558571134355, 47.126452461258175 ], [ 28.703565016895574, 47.126447865943135 ], [ 28.703571462655685, 47.126443270627739 ] ] } },
{ "type": "Feature", "properties": { "element": "node", "id": "W0030", "kind": "waste", "length_m": null, "frm": null, "to": null }, "geometry": { "type": "Point", "coordinates": [ 28.70359226476527, 47.12644438806268 ] } },
{ "type": "Feature", "properties": { "element": "edge", "id": "W0030->I0062", "kind": "leg", "length_m": 11.3, "frm": "W0030", "to": "I0062" }, "geometry": { "type": "LineString", "coordinates": [ [ 28.703571462655685, 47.126443270627739 ], [ 28.703571319030594, 47.126438773337078 ], [ 28.703571175405528, 47.126434276046425 ], [ 28.703571031780509, 47.126429778755764 ], [ 28.703570888155514, 47.126425281465096 ], [ 28.703570744530559, 47.126420784174428 ], [ 28.703570600905639, 47.126416286883753 ], [ 28.703570457280755, 47.126411789593078 ], [ 28.703570313655899, 47.126407292302396 ], [ 28.703570170031082, 47.126402795011714 ], [ 28.703570026406304, 47.126398297721018 ], [ 28.703569882781558, 47.126393800430328 ], [ 28.703569739156841, 47.126389303139639 ], [ 28.703569595532166, 47.126384805848936 ], [ 28.703569451907519, 47.126380308558232 ], [ 28.703562718906547, 47.126375909292008 ], [ 28.703555985906686, 47.126371510025386 ], [ 28.703555842283258, 47.126367012734647 ], [ 28.703549109285095, 47.126362613467592 ], [ 28.703548965662296, 47.126358116176817 ], [ 28.703542376288048, 47.126358214200103 ], [ 28.703535930535459, 47.126362809513836 ] ] } },
{ "type": "Feature", "properties": { "element": "node", "id": "I0062", "kind": "inspection", "length_m": null, "frm": null, "to": null }, "geometry": { "type": "Point", "coordinates": [ 28.703536723958585, 47.126370024305331 ] } },
{ "type": "Feature", "properties": { "element": "node", "id": "I0063", "kind": "inspection", "length_m": null, "frm": null, "to": null }, "geometry": { "type": "Point", "coordinates": [ 28.703530339934293, 47.126352104206333 ] } },
{ "type": "Feature", "properties": { "element": "edge", "id": "I0062->W0029", "kind": "leg", "length_m": 14.9, "frm": "I0062", "to": "W0029" }, "geometry": { "type": "LineString", "coordinates": [ [ 28.703535930535459, 47.126362809513836 ], [ 28.703542376288048, 47.126358214200103 ], [ 28.703548965662296, 47.126358116176817 ], [ 28.703549109285095, 47.126362613467592 ], [ 28.703555842283258, 47.126367012734647 ], [ 28.703555985906686, 47.126371510025386 ], [ 28.703556129530156, 47.126376007316132 ], [ 28.703556273153655, 47.126380504606878 ], [ 28.703556416777186, 47.126385001897603 ], [ 28.703556560400756, 47.126389499188335 ], [ 28.703556704024358, 47.126393996479067 ], [ 28.703556847647999, 47.126398493769784 ], [ 28.703556991271668, 47.126402991060509 ], [ 28.703557134895373, 47.126407488351219 ], [ 28.703557278519114, 47.126411985641937 ], [ 28.703557422142893, 47.126416482932648 ], [ 28.703557565766705, 47.126420980223344 ], [ 28.703557709390548, 47.12642547751404 ], [ 28.703557853014431, 47.126429974804743 ], [ 28.703557996638345, 47.126434472095433 ], [ 28.703558140262295, 47.126438969386129 ], [ 28.703558283886281, 47.126443466676804 ], [ 28.703558427510302, 47.126447963967493 ], [ 28.703558571134355, 47.126452461258175 ], [ 28.703558714758447, 47.126456958548843 ], [ 28.703558858382568, 47.126461455839504 ], [ 28.703559002006724, 47.126465953130172 ], [ 28.703559145630916, 47.126470450420832 ], [ 28.70355928925515, 47.126474947711493 ], [ 28.703559432879405, 47.126479445002147 ] ] } },
{ "type": "Feature", "properties": { "element": "node", "id": "W0029", "kind": "waste", "length_m": null, "frm": null, "to": null }, "geometry": { "type": "Point", "coordinates": [ 28.703574570259903, 47.126488970649504 ] } },
{ "type": "Feature", "properties": { "element": "edge", "id": "W0029->I0047", "kind": "leg", "length_m": 279.4, "frm": "W0029", "to": "I0047" }, "geometry": { "type": "LineString", "coordinates": [ [ 28.703559432879405, 47.126479445002147 ], [ 28.703552987113955, 47.126484040316896 ], [ 28.703553130737735, 47.126488537607557 ], [ 28.703553274361543, 47.126493034898218 ], [ 28.70355341798539, 47.126497532188871 ], [ 28.703546972217271, 47.126502127503308 ], [ 28.703540526448037, 47.126506722817396 ], [ 28.703540670070876, 47.126511220108071 ], [ 28.703540813693753, 47.126515717398732 ], [ 28.703540957316658, 47.1265202146894 ], [ 28.703541100939606, 47.126524711980053 ], [ 28.703541244562583, 47.126529209270714 ], [ 28.703541388185602, 47.126533706561375 ], [ 28.703534942412137, 47.126538301875172 ], [ 28.703535086034663, 47.126542799165833 ], [ 28.703535229657227, 47.126547296456486 ], [ 28.703535373279824, 47.126551793747147 ], [ 28.70352892750369, 47.126556389060632 ], [ 28.703529071125804, 47.126560886351285 ], [ 28.703529214747949, 47.126565383641939 ], [ 28.70352935837013, 47.1265698809326 ], [ 28.703522912591328, 47.126574476245764 ], [ 28.703523056213022, 47.126578973536418 ], [ 28.703523199834756, 47.126583470827072 ], [ 28.703523343456517, 47.126587968117732 ], [ 28.703516897675044, 47.126592563430592 ], [ 28.703517041296326, 47.126597060721238 ], [ 28.703517184917636, 47.126601558011899 ], [ 28.703517328538986, 47.12660605530256 ], [ 28.703510882754841, 47.126610650615085 ], [ 28.703511026375708, 47.126615147905738 ], [ 28.703511169996606, 47.126619645196406 ], [ 28.703511313617536, 47.126624142487053 ], [ 28.70350486783072, 47.126628737799265 ], [ 28.703505011451167, 47.126633235089926 ], [ 28.703505155071653, 47.12663773238058 ], [ 28.703505298692168, 47.126642229671234 ], [ 28.70349885290268, 47.126646824983133 ], [ 28.703498996522715, 47.126651322273787 ], [ 28.703499140142778, 47.126655819564448 ], [ 28.703499283762881, 47.126660316855087 ], [ 28.703492837970725, 47.126664912166667 ], [ 28.703492981590337, 47.126669409457314 ], [ 28.703493125209988, 47.126673906747989 ], [ 28.703493268829671, 47.126678404038636 ], [ 28.703486823034847, 47.126682999349896 ], [ 28.703486966654047, 47.12668749664055 ], [ 28.703487110273276, 47.126691993931203 ], [ 28.703487253892547, 47.126696491221864 ], [ 28.70348739751185, 47.126700988512511 ], [ 28.703487541131182, 47.126705485803143 ], [ 28.703481095332648, 47.126710081114112 ], [ 28.7034812389515, 47.126714578404773 ], [ 28.703481382570388, 47.126719075695405 ], [ 28.703481526189307, 47.126723572986052 ], [ 28.703481669808266, 47.126728070276691 ], [ 28.703475224006539, 47.126732665587348 ], [ 28.7034687782037, 47.126737260897656 ], [ 28.703468921821653, 47.126741758188317 ], [ 28.703469065439638, 47.126746255478977 ], [ 28.703469209057655, 47.126750752769617 ], [ 28.703469352675707, 47.126755250060263 ], [ 28.703469496293796, 47.12675974735091 ], [ 28.703469639911919, 47.126764244641556 ], [ 28.703469783530075, 47.126768741932175 ], [ 28.703469927148269, 47.126773239222814 ], [ 28.703470070766496, 47.126777736513453 ], [ 28.703470214384762, 47.126782233804065 ], [ 28.703463768575613, 47.126786829114138 ], [ 28.703463912193389, 47.126791326404771 ], [ 28.7034640558112, 47.126795823695403 ], [ 28.703464199429046, 47.126800320986014 ], [ 28.703464343046921, 47.126804818276646 ], [ 28.703464486664835, 47.126809315567257 ], [ 28.703458040851977, 47.126813910877026 ], [ 28.703458184469408, 47.126818408167651 ], [ 28.703458328086874, 47.126822905458262 ], [ 28.703458471704373, 47.12682740274888 ], [ 28.703458615321907, 47.126831900039498 ], [ 28.703458758939473, 47.126836397330102 ], [ 28.703452313122906, 47.126840992639572 ], [ 28.703452456739988, 47.126845489930197 ], [ 28.7034526003571, 47.126849987220801 ], [ 28.703452743974257, 47.126854484511412 ], [ 28.703452887591443, 47.126858981802016 ], [ 28.703453031208664, 47.126863479092606 ], [ 28.703446585388381, 47.126868074401798 ], [ 28.703446729005119, 47.12687257169241 ], [ 28.703446872621889, 47.126877068983013 ], [ 28.703447016238698, 47.126881566273617 ], [ 28.703447159855536, 47.126886063564214 ], [ 28.703447303472409, 47.126890560854797 ], [ 28.703440857648417, 47.126895156163691 ], [ 28.703441001264807, 47.126899653454288 ], [ 28.703441144881225, 47.126904150744878 ], [ 28.703441288497686, 47.126908648035482 ], [ 28.703441432114182, 47.126913145326057 ], [ 28.703441575730707, 47.126917642616654 ], [ 28.703435129903003, 47.126922237925243 ], [ 28.703435273519048, 47.126926735215825 ], [ 28.703435417135125, 47.126931232506408 ], [ 28.703435560751235, 47.126935729797005 ], [ 28.703435704367379, 47.12694022708758 ], [ 28.703435847983563, 47.126944724378149 ], [ 28.70342940215215, 47.126949319686446 ], [ 28.703429545767847, 47.126953816977036 ], [ 28.703429689383572, 47.126958314267625 ], [ 28.703429832999337, 47.126962811558187 ], [ 28.703429976615141, 47.126967308848769 ], [ 28.703430120230969, 47.126971806139331 ], [ 28.703423674395847, 47.126976401447344 ], [ 28.703423818011196, 47.126980898737912 ], [ 28.703417372174439, 47.126985494045577 ], [ 28.703410926336577, 47.126990089352887 ], [ 28.7034044804976, 47.126994684659849 ], [ 28.703398034657514, 47.126999279966448 ], [ 28.70339158881632, 47.127003875272706 ], [ 28.7033917324291, 47.127008372563338 ], [ 28.70339187604192, 47.127012869853957 ], [ 28.703392019654771, 47.127017367144575 ], [ 28.703392163267655, 47.1270218644352 ], [ 28.703392306880577, 47.127026361725804 ], [ 28.703392450493535, 47.127030859016422 ], [ 28.703392594106521, 47.127035356307019 ], [ 28.70339273771955, 47.12703985359763 ], [ 28.703392881332604, 47.127044350888227 ], [ 28.703393024945697, 47.127048848178809 ], [ 28.703393168558829, 47.127053345469406 ], [ 28.703393312171993, 47.127057842759996 ], [ 28.703393455785193, 47.127062340050578 ], [ 28.703393599398421, 47.127066837341154 ], [ 28.703393743011691, 47.127071334631729 ], [ 28.703393886624994, 47.127075831922291 ], [ 28.703394030238329, 47.127080329212859 ], [ 28.703394173851702, 47.127084826503427 ], [ 28.703394317465108, 47.127089323793982 ], [ 28.703394461078549, 47.127093821084536 ], [ 28.703394604692026, 47.12709831837509 ], [ 28.703394748305531, 47.12710281566563 ], [ 28.703388302451785, 47.127107410971789 ], [ 28.703381856596923, 47.127112006277585 ], [ 28.703375410740954, 47.12711660158304 ], [ 28.703368964883875, 47.12712119688814 ], [ 28.703362519025685, 47.127125792192892 ], [ 28.703356073166393, 47.127130387497282 ], [ 28.703349627305986, 47.127134982801323 ], [ 28.703343181444463, 47.127139578105016 ], [ 28.703336591973006, 47.127139676117707 ], [ 28.703330146109792, 47.127144271420676 ], [ 28.703323700245459, 47.127148866723289 ], [ 28.703317110772794, 47.127148964734872 ], [ 28.703310521300086, 47.127149062746085 ], [ 28.70330393182735, 47.127149160756908 ], [ 28.703297342354574, 47.127149258767346 ], [ 28.703290752881767, 47.127149356777416 ], [ 28.70328416340892, 47.127149454787109 ], [ 28.703277573936042, 47.127149552796418 ], [ 28.703270984463135, 47.127149650805343 ], [ 28.703264394990185, 47.127149748813899 ], [ 28.7032578055172, 47.127149846822064 ], [ 28.703251216044183, 47.127149944829846 ], [ 28.703244626571134, 47.127150042837265 ], [ 28.703238037098046, 47.1271501408443 ], [ 28.70323144762493, 47.127150238850959 ], [ 28.703224858151771, 47.127150336857234 ], [ 28.703218268678583, 47.12715043486314 ], [ 28.703211679205356, 47.127150532868662 ], [ 28.703205089732094, 47.127150630873793 ], [ 28.703198500258804, 47.127150728878554 ], [ 28.703191767188819, 47.127146329591966 ], [ 28.703185177716012, 47.127146427595939 ], [ 28.703178444647655, 47.12714202830854 ], [ 28.703171855175338, 47.127142126311753 ], [ 28.703165122108611, 47.127137727023531 ], [ 28.703158532636778, 47.127137825025976 ], [ 28.703151943164904, 47.127137923028044 ], [ 28.703145210100331, 47.127133523738628 ], [ 28.703138620628945, 47.127133621739922 ], [ 28.703131887565998, 47.127129222449689 ], [ 28.703125298095102, 47.127129320450216 ], [ 28.703118565033787, 47.127124921159179 ], [ 28.70311197556337, 47.127125019158917 ], [ 28.703105386092922, 47.127125117158279 ], [ 28.703098653033759, 47.127120717866049 ], [ 28.703092063563794, 47.127120815864643 ], [ 28.703085330506259, 47.127116416571603 ], [ 28.703078741036784, 47.127116514569416 ], [ 28.703072007980875, 47.127112115275565 ], [ 28.703065418511887, 47.127112213272618 ], [ 28.703058685457613, 47.12710781397795 ], [ 28.703052095989104, 47.127107911974228 ], [ 28.703045362936461, 47.127103512678758 ], [ 28.703038773468442, 47.127103610674261 ], [ 28.703032040417426, 47.127099211377988 ], [ 28.703025450949891, 47.12709930937271 ], [ 28.70301886148232, 47.127099407367062 ], [ 28.703012415596003, 47.127104002652466 ], [ 28.703012559177331, 47.127108499943901 ], [ 28.703006113289383, 47.127113095228964 ], [ 28.703006256870228, 47.12711759252042 ], [ 28.702999810980653, 47.127122187805142 ], [ 28.702999954561005, 47.127126685096584 ], [ 28.702993508669799, 47.127131280380979 ], [ 28.702993652249667, 47.127135777672436 ], [ 28.702987206356838, 47.12714037295649 ], [ 28.702987349936215, 47.127144870247953 ], [ 28.702987493515632, 47.12714936753941 ], [ 28.702981047620653, 47.12715396282313 ], [ 28.70298119119958, 47.1271584601146 ], [ 28.702974745302967, 47.127163055397972 ], [ 28.702974888881418, 47.127167552689457 ], [ 28.702968442983174, 47.127172147972487 ], [ 28.702968586561134, 47.127176645263972 ], [ 28.702962140661256, 47.127181240546669 ], [ 28.702962284238733, 47.127185737838161 ], [ 28.702955838337225, 47.127190333120502 ], [ 28.702955981914215, 47.127194830412016 ], [ 28.702949536011079, 47.127199425694023 ], [ 28.70294967958759, 47.127203922985537 ], [ 28.70294323368282, 47.127208518267203 ], [ 28.70294337725884, 47.127213015558709 ], [ 28.702943520834893, 47.12721751285023 ], [ 28.702937074927977, 47.127222108131569 ], [ 28.702937218503546, 47.12722660542309 ], [ 28.702930772595, 47.127231200704088 ], [ 28.702930916170082, 47.127235697995623 ], [ 28.702924470259905, 47.127240293276287 ], [ 28.702924613834501, 47.127244790567822 ], [ 28.702918167922697, 47.127249385848131 ], [ 28.702918311496809, 47.12725388313968 ], [ 28.702911865583371, 47.127258478419655 ], [ 28.702912009156996, 47.127262975711204 ], [ 28.702905563241931, 47.127267570990838 ], [ 28.702905706815073, 47.127272068282402 ], [ 28.702899260898377, 47.127276663561702 ], [ 28.702899404471033, 47.127281160853258 ], [ 28.702899548043721, 47.127285658144821 ], [ 28.702893102124872, 47.127290253423794 ], [ 28.702893245697076, 47.127294750715357 ], [ 28.7028867997766, 47.12729934599399 ], [ 28.702886943348314, 47.12730384328556 ], [ 28.702880497426211, 47.127308438563851 ], [ 28.702880640997442, 47.127312935855429 ], [ 28.702874195073711, 47.127317531133379 ], [ 28.702874338644456, 47.12732202842497 ], [ 28.702867892719091, 47.127326623702579 ], [ 28.702868036289345, 47.127331120994178 ], [ 28.70286159036235, 47.127335716271432 ], [ 28.702861733932124, 47.127340213563052 ], [ 28.702855288003501, 47.127344808839965 ], [ 28.702855431572793, 47.127349306131585 ], [ 28.702855575142113, 47.12735380342319 ], [ 28.702849129211341, 47.127358398699791 ], [ 28.702849272780178, 47.127362895991403 ], [ 28.702842826847771, 47.127367491267655 ], [ 28.702842970416125, 47.127371988559275 ], [ 28.702836524482088, 47.127376583835193 ], [ 28.702836668049954, 47.127381081126828 ], [ 28.702830222114287, 47.127385676402405 ], [ 28.70283036568167, 47.127390173694046 ], [ 28.70283050924909, 47.12739467098568 ], [ 28.702824063311269, 47.127399266260923 ], [ 28.702824206878198, 47.127403763552564 ], [ 28.702824350445166, 47.127408260844199 ], [ 28.702817904505199, 47.127412856119122 ], [ 28.702818048071681, 47.127417353410763 ], [ 28.702818191638197, 47.127421850702405 ], [ 28.702811745696074, 47.127426445976994 ], [ 28.702811889262108, 47.127430943268642 ], [ 28.702812032828174, 47.127435440560284 ], [ 28.702805443318358, 47.127435538542883 ], [ 28.702805586883901, 47.127440035834546 ], [ 28.702805730449484, 47.127444533126209 ], [ 28.70279928450358, 47.127449128400116 ], [ 28.702799428068673, 47.127453625691786 ], [ 28.702799571633804, 47.127458122983434 ], [ 28.702793125685755, 47.127462718257036 ], [ 28.702793269250392, 47.127467215548698 ], [ 28.702793412815073, 47.127471712840354 ], [ 28.702786966864871, 47.127476308113607 ], [ 28.702787110429067, 47.127480805405291 ], [ 28.702780664477238, 47.127485400678196 ], [ 28.702780808040941, 47.127489897969873 ], [ 28.70278095160468, 47.127494395261543 ], [ 28.702774505650702, 47.127498990534129 ], [ 28.702774649213953, 47.127503487825813 ], [ 28.702774792777245, 47.127507985117489 ], [ 28.702768346821117, 47.127512580389741 ], [ 28.702768490383917, 47.127517077681432 ], [ 28.702762044426162, 47.12752167295335 ], [ 28.70276218798848, 47.127526170245041 ], [ 28.702762331550829, 47.127530667536718 ], [ 28.702755885590921, 47.127535262808308 ], [ 28.702756029152788, 47.127539760100007 ], [ 28.70275617271469, 47.127544257391698 ], [ 28.702749726752629, 47.127548852662962 ], [ 28.702749870314044, 47.127553349954653 ], [ 28.702750013875498, 47.127557847246351 ], [ 28.702743567911284, 47.127562442517288 ], [ 28.702743711472248, 47.127566939808986 ], [ 28.702737265506411, 47.127571535079575 ], [ 28.702737409066884, 47.127576032371287 ], [ 28.702737552627404, 47.127580529662985 ], [ 28.70273110665941, 47.127585124933248 ], [ 28.70273125021944, 47.12758962222496 ], [ 28.702731393779505, 47.127594119516665 ], [ 28.702724947809365, 47.127598714786608 ], [ 28.70272509136894, 47.12760321207832 ], [ 28.702725234928558, 47.127607709370032 ], [ 28.702718788956261, 47.127612304639634 ], [ 28.702718932515388, 47.127616801931353 ], [ 28.702712486541465, 47.127621397200613 ], [ 28.702712630100109, 47.127625894492347 ], [ 28.702712773658781, 47.127630391784059 ], [ 28.702706327682712, 47.127634987053 ], [ 28.702706471240901, 47.127639484344733 ], [ 28.702706614799123, 47.127643981636453 ], [ 28.7027001688209, 47.127648576905059 ], [ 28.702700312378639, 47.127653074196786 ], [ 28.702693866398789, 47.127657669465059 ], [ 28.702694009956041, 47.127662166756799 ], [ 28.702694153513331, 47.127666664048533 ], [ 28.702687707531325, 47.127671259316479 ], [ 28.702687851088129, 47.12767575660822 ], [ 28.702687994644965, 47.127680253899968 ], [ 28.702681548660813, 47.127684849167558 ], [ 28.702681692217165, 47.127689346459313 ], [ 28.70268183577355, 47.127693843751068 ], [ 28.702681979329974, 47.127698341042802 ], [ 28.702682122886433, 47.127702838334535 ], [ 28.702675676899084, 47.127707433601842 ], [ 28.702669230910633, 47.127712028868778 ], [ 28.70266937446608, 47.127716526160548 ], [ 28.702662928475995, 47.127721121427136 ], [ 28.702663072030962, 47.127725618718905 ], [ 28.702663215585957, 47.127730116010675 ], [ 28.702656769593723, 47.127734711276943 ], [ 28.702656913148235, 47.127739208568713 ], [ 28.702657056702787, 47.127743705860489 ], [ 28.702650610708403, 47.127748301126424 ], [ 28.702650754262464, 47.1277527984182 ], [ 28.702644308266446, 47.127757393683808 ], [ 28.702644451820024, 47.127761890975592 ], [ 28.702644595373634, 47.127766388267368 ], [ 28.702638149375471, 47.127770983532635 ], [ 28.702638292928597, 47.127775480824411 ], [ 28.702638436481756, 47.127779978116209 ], [ 28.702631990481443, 47.127784573381156 ], [ 28.702632134034118, 47.127789070672932 ], [ 28.702625688032168, 47.127793665937538 ], [ 28.702619242029112, 47.127798261201789 ], [ 28.702619385580782, 47.127802758493594 ], [ 28.702612939576092, 47.127807353757504 ], [ 28.702606493570297, 47.127811949021073 ], [ 28.702606637120962, 47.127816446312892 ], [ 28.702600191113536, 47.127821041576105 ], [ 28.70260033466371, 47.127825538867945 ], [ 28.702600478213924, 47.127830036159786 ], [ 28.702600621764176, 47.127834533451605 ], [ 28.702600765314454, 47.127839030743417 ], [ 28.702600908864767, 47.127843528035243 ], [ 28.702601052415122, 47.127848025327062 ], [ 28.702601195965507, 47.127852522618866 ], [ 28.70260133951593, 47.127857019910671 ], [ 28.702594893503232, 47.127861615173622 ], [ 28.702595037053165, 47.127866112465448 ], [ 28.702595180603137, 47.127870609757252 ], [ 28.702588734588289, 47.127875205019876 ], [ 28.702588878137771, 47.127879702311709 ], [ 28.702589021687292, 47.127884199603521 ], [ 28.702582575670291, 47.127888794865818 ], [ 28.702582719219322, 47.12789329215763 ], [ 28.702576273200695, 47.127897887419593 ], [ 28.702576416749242, 47.127902384711433 ], [ 28.702576560297821, 47.127906882003245 ], [ 28.702570114277041, 47.127911477264888 ], [ 28.702570257825137, 47.127915974556721 ], [ 28.702570401373272, 47.127920471848547 ], [ 28.702563955350339, 47.127925067109842 ], [ 28.702564098897987, 47.127929564401676 ], [ 28.702564242445664, 47.127934061693509 ], [ 28.702557796420585, 47.127938656954484 ], [ 28.702557939967779, 47.127943154246317 ], [ 28.702558083515008, 47.12794765153815 ], [ 28.70255163748778, 47.127952246798799 ], [ 28.702551781034519, 47.127956744090639 ], [ 28.7025519245813, 47.127961241382479 ], [ 28.702545478551915, 47.127965836642801 ], [ 28.70254562209821, 47.127970333934634 ], [ 28.702545765644537, 47.127974831226474 ], [ 28.702539319613003, 47.127979426486476 ], [ 28.702539463158846, 47.127983923778316 ], [ 28.702539606704722, 47.127988421070171 ], [ 28.702533160671042, 47.127993016329818 ], [ 28.702533304216427, 47.127997513621672 ], [ 28.702533447761859, 47.128002010913519 ], [ 28.702527001726025, 47.128006606172846 ], [ 28.702520555689084, 47.128011201431818 ], [ 28.70251410965103, 47.128015796690427 ], [ 28.702514253194927, 47.128020293982324 ], [ 28.702507807155243, 47.128024889240599 ], [ 28.702501361114454, 47.128029484498533 ], [ 28.702501504657345, 47.128033981790431 ], [ 28.702495058614922, 47.128038577048024 ], [ 28.70248861257139, 47.128043172305254 ], [ 28.702488756113276, 47.128047669597173 ], [ 28.702488899655201, 47.128052166889084 ], [ 28.702489043197158, 47.128056664181003 ], [ 28.702489186739147, 47.128061161472914 ], [ 28.702489330281175, 47.128065658764818 ], [ 28.702489473823231, 47.128070156056708 ], [ 28.70248961736533, 47.128074653348612 ], [ 28.702489760907458, 47.128079150640495 ], [ 28.702489904449624, 47.128083647932385 ], [ 28.702490047991823, 47.128088145224261 ], [ 28.702490191534061, 47.128092642516144 ], [ 28.70248374548369, 47.128097237773162 ], [ 28.702483889025444, 47.128101735065044 ], [ 28.702484032567224, 47.12810623235692 ], [ 28.702477586514711, 47.128110827613604 ], [ 28.702477730056003, 47.128115324905501 ], [ 28.702477873597338, 47.128119822197384 ], [ 28.702471427542676, 47.128124417453733 ], [ 28.702464981486898, 47.128129012709735 ], [ 28.702458535430008, 47.128133607965381 ], [ 28.702458678969816, 47.128138105257293 ], [ 28.702452232911298, 47.128142700512605 ], [ 28.702452376450619, 47.12814719780453 ], [ 28.702445930390475, 47.128151793059487 ], [ 28.702439484329215, 47.128156388314096 ], [ 28.702439627867534, 47.128160885606043 ], [ 28.702433181804643, 47.128165480860318 ], [ 28.702433325342472, 47.128169978152272 ], [ 28.702426879277958, 47.128174573406199 ], [ 28.702420433212328, 47.128179168659777 ], [ 28.702420576749152, 47.128183665951745 ], [ 28.702414130681891, 47.12818826120499 ], [ 28.702407684613526, 47.128192856457865 ], [ 28.702407828149344, 47.128197353749862 ], [ 28.702401382079344, 47.128201949002403 ], [ 28.702401525614679, 47.128206446294406 ], [ 28.702395079543052, 47.128211041546606 ], [ 28.702388633470317, 47.128215636798458 ], [ 28.702388777004639, 47.128220134090476 ], [ 28.702388920539001, 47.128224631382487 ], [ 28.702389064073397, 47.128229128674491 ], [ 28.702389207607826, 47.128233625966502 ], [ 28.702389351142291, 47.128238123258505 ], [ 28.702389494676794, 47.128242620550502 ], [ 28.702389638211319, 47.128247117842484 ], [ 28.70238978174589, 47.128251615134488 ], [ 28.702383335667882, 47.12825621038607 ], [ 28.702376889588759, 47.128260805637304 ], [ 28.702370443508531, 47.128265400888203 ], [ 28.702363997427199, 47.128269996138734 ], [ 28.702357551344747, 47.128274591388909 ], [ 28.702357694876749, 47.128279088680955 ], [ 28.702351248792667, 47.128283683930803 ], [ 28.702351392324186, 47.12828818122285 ], [ 28.702344946238473, 47.12829277647235 ], [ 28.702345089769508, 47.128297273764403 ], [ 28.702338643682168, 47.128301869013569 ], [ 28.702338787212714, 47.12830636630563 ], [ 28.702332341123743, 47.128310961554455 ], [ 28.702332484653798, 47.128315458846515 ], [ 28.702326038563204, 47.128320054095013 ], [ 28.702326182092776, 47.128324551387095 ], [ 28.70231973600055, 47.128329146635224 ], [ 28.702319879529632, 47.128333643927299 ], [ 28.702313433435769, 47.128338239175108 ], [ 28.702313576964375, 47.128342736467211 ], [ 28.702307130868885, 47.128347331714657 ], [ 28.702307274397, 47.12835182900676 ], [ 28.702300828299883, 47.12835642425388 ], [ 28.702300971827508, 47.12836092154599 ], [ 28.702294525728764, 47.128365516792762 ], [ 28.702294669255906, 47.128370014084886 ], [ 28.702288223155524, 47.128374609331317 ], [ 28.702288366682183, 47.128379106623441 ], [ 28.702281920580173, 47.128383701869538 ], [ 28.702282064106349, 47.128388199161677 ], [ 28.702282207632557, 47.128392696453808 ], [ 28.7022823511588, 47.128397193745933 ], [ 28.702282494685079, 47.128401691038043 ], [ 28.702289227842872, 47.128406090376124 ], [ 28.702295961001774, 47.128410489713772 ], [ 28.702302694161787, 47.128414889051022 ], [ 28.702309283794271, 47.128414791095807 ], [ 28.702316016955912, 47.128419190432233 ] ] } },
{ "type": "Feature", "properties": { "element": "node", "id": "I0047", "kind": "inspection", "length_m": null, "frm": null, "to": null }, "geometry": { "type": "Point", "coordinates": [ 28.702308687592687, 47.128417426901748 ] } },
{ "type": "Feature", "properties": { "element": "edge", "id": "I0047->I0051", "kind": "leg", "length_m": 93.5, "frm": "I0047", "to": "I0051" }, "geometry": { "type": "LineString", "coordinates": [ [ 28.702316016955912, 47.128419190432233 ], [ 28.702309427322906, 47.128419288387839 ], [ 28.702302694161787, 47.128414889051022 ], [ 28.702295961001774, 47.128410489713772 ], [ 28.702289227842872, 47.128406090376124 ], [ 28.702282494685079, 47.128401691038043 ], [ 28.7022823511588, 47.128397193745933 ], [ 28.702282207632557, 47.128392696453808 ], [ 28.702282064106349, 47.128388199161677 ], [ 28.702281920580173, 47.128383701869538 ], [ 28.702281777054036, 47.128379204577392 ], [ 28.702281633527932, 47.128374707285261 ], [ 28.702281490001859, 47.128370209993115 ], [ 28.702287936102309, 47.128365614747054 ], [ 28.702294382201654, 47.128361019500637 ], [ 28.702300828299883, 47.12835642425388 ], [ 28.702307274397, 47.12835182900676 ], [ 28.702307130868885, 47.128347331714657 ], [ 28.702313576964375, 47.128342736467211 ], [ 28.702313433435769, 47.128338239175108 ], [ 28.702319879529632, 47.128333643927299 ], [ 28.70231973600055, 47.128329146635224 ], [ 28.702319592471493, 47.128324649343135 ], [ 28.702326038563204, 47.128320054095013 ], [ 28.702325895033663, 47.128315556802917 ], [ 28.702332341123743, 47.128310961554455 ], [ 28.702332197593719, 47.128306464262373 ], [ 28.702338643682168, 47.128301869013569 ], [ 28.702338500151654, 47.128297371721494 ], [ 28.70233835662118, 47.12829287442942 ], [ 28.702344802707483, 47.128288279180289 ], [ 28.702344659176518, 47.128283781888221 ], [ 28.702351105261187, 47.128279186638736 ], [ 28.702350961729739, 47.128274689346675 ], [ 28.70235740781278, 47.12827009409687 ], [ 28.702357264280845, 47.128265596804816 ], [ 28.70236371036226, 47.128261001554655 ], [ 28.702363566829838, 47.128256504262616 ], [ 28.702363423297452, 47.12825200697057 ], [ 28.702369869376714, 47.128247411720075 ], [ 28.702369725843841, 47.128242914428036 ], [ 28.702376171921468, 47.128238319177214 ], [ 28.70237602838812, 47.128233821885182 ], [ 28.702382474464116, 47.128229226634005 ], [ 28.702382330930277, 47.128224729341987 ], [ 28.70238218739647, 47.128220232049955 ], [ 28.702388633470317, 47.128215636798458 ], [ 28.702388489936027, 47.128211139506426 ], [ 28.70239493600824, 47.128206544254596 ], [ 28.702394792473463, 47.128202046962585 ], [ 28.702401238544056, 47.128197451710399 ], [ 28.702401095008792, 47.128192954418395 ], [ 28.702407541077747, 47.128188359165875 ], [ 28.702407397542, 47.128183861873879 ], [ 28.702407254006289, 47.128179364581875 ], [ 28.702413700073087, 47.128174769329021 ], [ 28.702413556536897, 47.128170272037039 ], [ 28.702420002602068, 47.128165676783844 ], [ 28.702419859065383, 47.128161179491855 ], [ 28.70241971552873, 47.128156682199858 ], [ 28.702419571992117, 47.128152184907869 ], [ 28.702419428455535, 47.128147687615879 ], [ 28.702419284918992, 47.128143190323875 ], [ 28.702419141382482, 47.128138693031858 ], [ 28.702425587443429, 47.128134097778386 ], [ 28.702432033503257, 47.128129502524558 ], [ 28.702438479561984, 47.128124907270383 ], [ 28.702438336023945, 47.128120409978408 ], [ 28.702444782081042, 47.128115814723884 ], [ 28.702444638542516, 47.128111317431923 ], [ 28.702444495004027, 47.128106820139948 ], [ 28.70245094105897, 47.128102224885104 ], [ 28.702450797519997, 47.128097727593136 ], [ 28.702457243573313, 47.128093132337952 ], [ 28.702457100033854, 47.128088635045984 ], [ 28.70245695649443, 47.128084137754023 ], [ 28.702463402545597, 47.128079542498504 ], [ 28.702463259005679, 47.12807504520655 ], [ 28.702463115465811, 47.128070547914596 ], [ 28.702469561514818, 47.128065952658744 ], [ 28.702469417974459, 47.128061455366797 ], [ 28.702469274434129, 47.128056958074843 ], [ 28.702475720480994, 47.128052362818664 ], [ 28.702475576940181, 47.128047865526725 ], [ 28.702475433399403, 47.128043368234771 ], [ 28.702481879444118, 47.128038772978272 ], [ 28.702481735902854, 47.128034275686311 ], [ 28.702481592361622, 47.128029778394378 ], [ 28.702488038404187, 47.128025183137538 ], [ 28.702487894862472, 47.128020685845598 ], [ 28.702487751320792, 47.128016188553651 ], [ 28.702494197361201, 47.128011593296492 ], [ 28.702494053819034, 47.128007096004552 ], [ 28.702493910276907, 47.128002598712612 ], [ 28.70250035631517, 47.127998003455126 ], [ 28.702500212772552, 47.127993506163186 ], [ 28.702500069229973, 47.127989008871253 ], [ 28.70250651526608, 47.127984413613419 ], [ 28.702506371723015, 47.1279799163215 ], [ 28.702506228179978, 47.127975419029568 ], [ 28.702512674213942, 47.12797082377142 ], [ 28.702512530670422, 47.127966326479488 ], [ 28.702518976702748, 47.127961731220992 ], [ 28.702518833158752, 47.127957233929088 ], [ 28.702518689614777, 47.127952736637162 ], [ 28.702525135644958, 47.127948141378347 ], [ 28.702524992100507, 47.127943644086422 ], [ 28.702524848556081, 47.12793914679451 ], [ 28.702531294584112, 47.127934551535354 ], [ 28.70253115103921, 47.127930054243443 ], [ 28.70253100749434, 47.127925556951531 ], [ 28.702537453520218, 47.127920961692048 ], [ 28.702537309974858, 47.127916464400144 ], [ 28.702537166429536, 47.127911967108233 ], [ 28.702543612453265, 47.127907371848423 ], [ 28.702543468907461, 47.127902874556526 ], [ 28.702543325361685, 47.127898377264614 ], [ 28.702549771383257, 47.127893782004477 ], [ 28.702549627837001, 47.127889284712587 ], [ 28.702549484290778, 47.127884787420676 ], [ 28.702555930310204, 47.127880192160205 ], [ 28.702555786763497, 47.127875694868308 ], [ 28.702555643216819, 47.127871197576418 ], [ 28.7025620892341, 47.127866602315621 ], [ 28.702561945686938, 47.127862105023731 ], [ 28.702561802139819, 47.127857607731833 ], [ 28.70256824815494, 47.127853012470702 ], [ 28.702568104607327, 47.127848515178819 ], [ 28.702567961059753, 47.127844017886922 ], [ 28.702574407072728, 47.127839422625463 ], [ 28.702574263524664, 47.127834925333588 ], [ 28.702580709536015, 47.127830330071788 ], [ 28.702580565987468, 47.127825832779905 ], [ 28.702580422438952, 47.127821335488029 ], [ 28.702586868448144, 47.127816740225903 ], [ 28.702586724899145, 47.127812242934041 ], [ 28.702586581350186, 47.127807745642158 ], [ 28.702593027357231, 47.127803150379698 ], [ 28.702592883807782, 47.127798653087837 ], [ 28.70259274025836, 47.127794155795961 ], [ 28.702599186263264, 47.127789560533166 ], [ 28.702599042713359, 47.127785063241305 ], [ 28.70259889916349, 47.127780565949443 ], [ 28.702605345166234, 47.127775970686315 ], [ 28.702605201615885, 47.127771473394453 ], [ 28.702611647617001, 47.127766878131013 ], [ 28.702611504066159, 47.127762380839151 ], [ 28.702611360515359, 47.127757883547289 ], [ 28.702604627414821, 47.127753484226979 ], [ 28.70259803786502, 47.127753582198146 ], [ 28.702591448315186, 47.127753680168944 ], [ 28.702584715216805, 47.127749280847418 ], [ 28.702578269215412, 47.127753876109374 ], [ 28.702571823212907, 47.127758471370974 ], [ 28.7025653772093, 47.127763066632234 ], [ 28.702558931204578, 47.127767661893131 ], [ 28.702559074751012, 47.127772159185106 ], [ 28.70255921829748, 47.12777665647706 ], [ 28.702552772290606, 47.127781251737645 ], [ 28.702546326282622, 47.12778584699786 ], [ 28.702546469828082, 47.127790344289849 ] ] } },
{ "type": "Feature", "properties": { "element": "node", "id": "I0051", "kind": "inspection", "length_m": null, "frm": null, "to": null }, "geometry": { "type": "Point", "coordinates": [ 28.702560827342161, 47.127788137790525 ] } },
{ "type": "Feature", "properties": { "element": "edge", "id": "I0051->I0055", "kind": "leg", "length_m": 226.6, "frm": "I0051", "to": "I0055" }, "geometry": { "type": "LineString", "coordinates": [ [ 28.702546469828082, 47.127790344289849 ], [ 28.702546326282622, 47.12778584699786 ], [ 28.702546182737198, 47.127781349705863 ], [ 28.702546039191805, 47.127776852413874 ], [ 28.702552485198748, 47.12777225715368 ], [ 28.702558931204578, 47.127767661893131 ], [ 28.7025653772093, 47.127763066632234 ], [ 28.702571823212907, 47.127758471370974 ], [ 28.702578269215412, 47.127753876109374 ], [ 28.702584715216805, 47.127749280847418 ], [ 28.702591448315186, 47.127753680168944 ], [ 28.70259803786502, 47.127753582198146 ], [ 28.702604627414821, 47.127753484226979 ], [ 28.702611360515359, 47.127757883547289 ], [ 28.702617806514326, 47.127753288283508 ], [ 28.702617662963036, 47.12774879099166 ], [ 28.702617519411781, 47.127744293699806 ], [ 28.702623965408595, 47.12773969843569 ], [ 28.702623821856854, 47.127735201143842 ], [ 28.70263026785204, 47.127730605879385 ], [ 28.702636713846108, 47.12772601061458 ], [ 28.702636570293372, 47.127721513322754 ], [ 28.702643016285808, 47.127716918057601 ], [ 28.702649462277147, 47.1277123227921 ], [ 28.702649318723392, 47.127707825500288 ], [ 28.702655764713093, 47.127703230234445 ], [ 28.702655621158861, 47.127698732942648 ], [ 28.702662067146935, 47.127694137676464 ], [ 28.702668513133897, 47.127689542409932 ], [ 28.70266836957866, 47.127685045118142 ], [ 28.702668226023444, 47.127680547826365 ], [ 28.702668082468275, 47.127676050534582 ], [ 28.702667938913141, 47.127671553242791 ], [ 28.702667795358035, 47.12766705595098 ], [ 28.702667651802962, 47.127662558659182 ], [ 28.702667508247931, 47.127658061367391 ], [ 28.702667364692928, 47.127653564075572 ], [ 28.702667221137965, 47.127649066783761 ], [ 28.702667077583037, 47.127644569491949 ], [ 28.702673523563689, 47.127639974225175 ], [ 28.702673380008271, 47.127635476933364 ], [ 28.702679825987289, 47.127630881666242 ], [ 28.702679682431388, 47.127626384374445 ], [ 28.702686128408782, 47.127621789106996 ], [ 28.702692574385058, 47.127617193839185 ], [ 28.702692430828151, 47.127612696547409 ], [ 28.702698876802806, 47.127608101279264 ], [ 28.702705322776346, 47.127603506010772 ], [ 28.702705179218434, 47.127599008719002 ], [ 28.702711625190339, 47.127594413450161 ], [ 28.702718071161144, 47.127589818180979 ], [ 28.702717927602222, 47.127585320889224 ], [ 28.702724373571399, 47.127580725619687 ], [ 28.702730819539454, 47.127576130349809 ], [ 28.702730675979534, 47.127571633058082 ], [ 28.702737121945962, 47.127567037787863 ], [ 28.702736978385552, 47.127562540496136 ], [ 28.702743424350352, 47.127557945225568 ], [ 28.702743280789459, 47.127553447933863 ], [ 28.702743137228595, 47.127548950642144 ], [ 28.702742993667766, 47.127544453350431 ], [ 28.702742850106976, 47.127539956058712 ], [ 28.702742706546221, 47.127535458766992 ], [ 28.702742562985499, 47.127530961475244 ], [ 28.702742419424808, 47.127526464183532 ], [ 28.702742275864157, 47.127521966891777 ], [ 28.702742132303534, 47.127517469600043 ], [ 28.702741988742954, 47.127512972308296 ], [ 28.702741845182402, 47.127508475016548 ], [ 28.70274829114037, 47.127503879745767 ], [ 28.702748147579339, 47.127499382454026 ], [ 28.702754593535669, 47.127494787182883 ], [ 28.702761039490902, 47.127490191911399 ], [ 28.702767485445023, 47.127485596639559 ], [ 28.702767341882463, 47.127481099347854 ], [ 28.702773787834946, 47.127476504075666 ], [ 28.702780233786324, 47.127471908803145 ], [ 28.70278009022276, 47.127467411511446 ], [ 28.702786536172507, 47.127462816238584 ], [ 28.702792982121146, 47.127458220965359 ], [ 28.702792838556572, 47.127453723673682 ], [ 28.70279928450358, 47.127449128400116 ], [ 28.70279914093852, 47.127444631108446 ], [ 28.702805586883901, 47.127440035834546 ], [ 28.702805443318358, 47.127435538542883 ], [ 28.702812032828174, 47.127435440560284 ], [ 28.702811889262108, 47.127430943268642 ], [ 28.702811745696074, 47.127426445976994 ], [ 28.70281160213008, 47.127421948685338 ], [ 28.702811458564121, 47.127417451393676 ], [ 28.702811314998197, 47.12741295410202 ], [ 28.702811171432302, 47.12740845681035 ], [ 28.702811027866446, 47.127403959518681 ], [ 28.702810884300622, 47.127399462227004 ], [ 28.702810740734837, 47.127394964935334 ], [ 28.702810597169083, 47.12739046764365 ], [ 28.702810453603369, 47.127385970351966 ], [ 28.702810310037684, 47.127381473060282 ], [ 28.702810166472037, 47.127376975768577 ], [ 28.702810022906426, 47.127372478476879 ], [ 28.7028164688423, 47.127367883202432 ], [ 28.702822914777062, 47.127363287927629 ], [ 28.702829360710719, 47.127358692652486 ], [ 28.702829217143577, 47.127354195360816 ], [ 28.702835663075607, 47.127349600085317 ], [ 28.702842109006522, 47.127345004809484 ], [ 28.702841965438374, 47.127340507517836 ], [ 28.702848411367661, 47.127335912241641 ], [ 28.70284826779903, 47.127331414950007 ], [ 28.702854713726691, 47.127326819673478 ], [ 28.702854570157569, 47.127322322381843 ], [ 28.702861016083592, 47.12731772710498 ], [ 28.702867462008509, 47.127313131827755 ], [ 28.70286731843839, 47.127308634536142 ], [ 28.702873764361673, 47.12730403925859 ], [ 28.702873620791063, 47.12729954196697 ], [ 28.702873477220489, 47.127295044675364 ], [ 28.702873333649951, 47.127290547383751 ], [ 28.702873190079448, 47.127286050092131 ], [ 28.70287304650898, 47.127281552800518 ], [ 28.702872902938545, 47.127277055508891 ], [ 28.702872759368145, 47.127272558217257 ], [ 28.70287261579778, 47.12726806092563 ], [ 28.702872472227448, 47.127263563633996 ], [ 28.70287891814494, 47.127258968356188 ], [ 28.702878774574121, 47.12725447106456 ], [ 28.702885220489986, 47.127249875786404 ], [ 28.702891666404742, 47.1272452805079 ], [ 28.702898112318387, 47.127240685229047 ], [ 28.702897968746043, 47.127236187937456 ], [ 28.702904414658057, 47.127231592658255 ], [ 28.702910860568959, 47.127226997378713 ], [ 28.702917306478756, 47.127222402098809 ], [ 28.702917162904885, 47.127217904807239 ], [ 28.702923608813052, 47.127213309526994 ], [ 28.702923465238698, 47.127208812235438 ], [ 28.702923321664375, 47.127204314943882 ], [ 28.702923178090092, 47.127199817652297 ], [ 28.702923034515845, 47.127195320360727 ], [ 28.702922890941625, 47.127190823069149 ], [ 28.702922747367442, 47.127186325777572 ], [ 28.70292919327138, 47.127181730497043 ], [ 28.702929049696714, 47.127177233205472 ], [ 28.702935495599014, 47.127172637924609 ], [ 28.702935352023861, 47.127168140633046 ], [ 28.702941797924534, 47.127163545351834 ], [ 28.702941654348894, 47.127159048060278 ], [ 28.702948100247941, 47.127154452778733 ], [ 28.702947956671817, 47.127149955487184 ], [ 28.702954402569226, 47.127145360205297 ], [ 28.702954258992623, 47.127140862913755 ], [ 28.702960704888405, 47.127136267631521 ], [ 28.702960561311308, 47.127131770339993 ], [ 28.70296041773425, 47.127127273048451 ], [ 28.702966863627882, 47.12712267776589 ], [ 28.702966720050334, 47.127118180474362 ], [ 28.702973165942339, 47.127113585191459 ], [ 28.702973022364308, 47.127109087899946 ], [ 28.702979468254682, 47.127104492616709 ], [ 28.702979324676161, 47.127099995325189 ], [ 28.702985770564908, 47.127095400041618 ], [ 28.702985626985903, 47.127090902750098 ], [ 28.702992072873016, 47.127086307466179 ], [ 28.702991929293528, 47.12708181017468 ], [ 28.702991785714072, 47.127077312883173 ], [ 28.702991642134656, 47.127072815591667 ], [ 28.702984909091413, 47.127068416292509 ], [ 28.702978319627519, 47.127068514284474 ], [ 28.70297173016359, 47.127068612276055 ], [ 28.702965140699625, 47.127068710267267 ], [ 28.702958551235628, 47.127068808258095 ], [ 28.702951961771593, 47.127068906248539 ], [ 28.702945372307525, 47.127069004238614 ], [ 28.702938782843418, 47.127069102228312 ], [ 28.702932049804929, 47.127064702925978 ], [ 28.702925316767544, 47.127060303623217 ], [ 28.70291872730445, 47.127060401611743 ], [ 28.702911994268693, 47.12705600230818 ], [ 28.702905404806085, 47.127056100295931 ], [ 28.702898671771962, 47.127051700991565 ], [ 28.702892082309834, 47.127051798978542 ], [ 28.702885349277341, 47.127047399673373 ], [ 28.702878759815704, 47.127047497659575 ], [ 28.702872026784842, 47.127043098353589 ], [ 28.702865437323688, 47.127043196339017 ], [ 28.702858704294453, 47.127038797032228 ], [ 28.702852114833789, 47.127038895016888 ], [ 28.702845381806181, 47.127034495709296 ], [ 28.702838648779693, 47.127030096401278 ], [ 28.702832059320027, 47.127030194384773 ], [ 28.702825326295162, 47.127025795075959 ], [ 28.702818736835987, 47.127025893058665 ], [ 28.702812003812756, 47.127021493749034 ], [ 28.702805414354064, 47.127021591730987 ], [ 28.70279868133246, 47.127017192420553 ], [ 28.702792091874251, 47.127017290401724 ], [ 28.702785358854278, 47.12701289109048 ], [ 28.702778625835418, 47.127008491778824 ], [ 28.702771892817662, 47.127004092466748 ], [ 28.702765159801022, 47.126999693154275 ], [ 28.70275842678549, 47.126995293841382 ], [ 28.702751693771066, 47.126990894528063 ], [ 28.702744960757755, 47.126986495214339 ], [ 28.702738227745549, 47.126982095900203 ], [ 28.702731494734454, 47.126977696585655 ], [ 28.702724905280895, 47.126977794562897 ], [ 28.702718315827298, 47.12697789253977 ], [ 28.702711726373675, 47.126977990516252 ], [ 28.702705136920009, 47.126978088492365 ], [ 28.702698547466309, 47.126978186468101 ], [ 28.702691958012579, 47.126978284443453 ], [ 28.702685368558811, 47.126978382418415 ], [ 28.70267863555247, 47.12697398310069 ], [ 28.702672046099192, 47.126974081074891 ], [ 28.702665313094478, 47.126969681756371 ], [ 28.702658723641679, 47.126969779729791 ], [ 28.702651990638596, 47.126965380410454 ], [ 28.702645401186285, 47.126965478383113 ], [ 28.702638668184832, 47.126961079062951 ], [ 28.702632078733011, 47.126961177034836 ], [ 28.702625345733189, 47.126956777713879 ], [ 28.702618756281851, 47.126956875684989 ], [ 28.702612023283656, 47.126952476363229 ], [ 28.702605433832801, 47.126952574333572 ], [ 28.702598700836237, 47.126948175011002 ], [ 28.702591967840785, 47.126943775688012 ], [ 28.702585378390943, 47.126943873657176 ], [ 28.702578645397118, 47.126939474333398 ], [ 28.702572055947758, 47.126939572301779 ], [ 28.702565322955561, 47.126935172977191 ], [ 28.702558733506685, 47.126935270944806 ], [ 28.702552000516125, 47.126930871619408 ], [ 28.702545411067732, 47.126930969586255 ], [ 28.702538678078799, 47.126926570260032 ], [ 28.702531945090975, 47.126922170933405 ], [ 28.702525355643594, 47.126922268899087 ], [ 28.702518622657404, 47.126917869571656 ], [ 28.7025120332105, 47.126917967536563 ], [ 28.702505300225937, 47.126913568208323 ], [ 28.702498710779523, 47.126913666172449 ], [ 28.702491977796594, 47.126909266843406 ], [ 28.702485388350663, 47.126909364806764 ], [ 28.702478655369358, 47.126904965476903 ], [ 28.702471922389165, 47.126900566146638 ], [ 28.702465332944247, 47.126900664108831 ], [ 28.702458599965684, 47.126896264777763 ], [ 28.702452010521245, 47.126896362739167 ], [ 28.702445277544317, 47.126891963407282 ], [ 28.702438688100365, 47.126892061367926 ], [ 28.702431955125057, 47.126887662035237 ], [ 28.702425365681595, 47.126887759995107 ], [ 28.702418632707925, 47.126883360661601 ], [ 28.70241189973536, 47.126878961327691 ], [ 28.7024053102929, 47.126879059286402 ], [ 28.702398577321969, 47.126874659951667 ], [ 28.702391987879995, 47.126874757909604 ], [ 28.702385254910695, 47.126870358574081 ], [ 28.702378665469201, 47.126870456531236 ], [ 28.702371932501528, 47.126866057194896 ], [ 28.702365343060528, 47.126866155151291 ], [ 28.702358610094482, 47.12686175581414 ], [ 28.702351877129551, 47.12685735647657 ], [ 28.702345287689553, 47.1268574544318 ], [ 28.702338554726254, 47.126853055093434 ], [ 28.702331965286739, 47.126853153047882 ], [ 28.702325232325069, 47.126848753708707 ], [ 28.702318642886041, 47.12684885166238 ], [ 28.702311909925999, 47.126844452322395 ], [ 28.702305320487461, 47.126844550275294 ], [ 28.702298587529043, 47.126840150934513 ], [ 28.702291854571744, 47.126835751593312 ], [ 28.702285265134211, 47.126835849545046 ], [ 28.702278532178536, 47.126831450203035 ], [ 28.70227194274149, 47.126831548153994 ], [ 28.702265209787441, 47.126827148811181 ], [ 28.702258620350879, 47.126827246761358 ], [ 28.702251887398468, 47.126822847417735 ], [ 28.702245297962389, 47.126822945367152 ], [ 28.702238565011612, 47.126818546022712 ], [ 28.702231832061933, 47.126814146677873 ], [ 28.702225242626859, 47.126814244626118 ], [ 28.702218509678818, 47.126809845280462 ], [ 28.702211920244235, 47.12680994322794 ], [ 28.702205330809612, 47.126810041175027 ], [ 28.70219859786372, 47.126805641828177 ], [ 28.702192008429588, 47.126805739774504 ], [ 28.702185418995413, 47.12680583772044 ], [ 28.702178686051671, 47.126801438372382 ], [ 28.702172096617989, 47.126801536317544 ], [ 28.702165507184272, 47.126801634262343 ], [ 28.70215877424268, 47.126797234913084 ], [ 28.702152041302192, 47.126792835563407 ], [ 28.70214530836282, 47.126788436213317 ], [ 28.702138575424563, 47.126784036862823 ], [ 28.702131842487411, 47.126779637511909 ], [ 28.702125109551364, 47.126775238160576 ], [ 28.702118376616433, 47.126770838808845 ], [ 28.702111643682613, 47.126766439456688 ], [ 28.702104910749895, 47.126762040104119 ], [ 28.702104767246809, 47.126757542810289 ], [ 28.702104623743757, 47.126753045516452 ], [ 28.702104480240738, 47.126748548222615 ], [ 28.702097890813334, 47.126748646163442 ], [ 28.702091301385888, 47.126748744103878 ], [ 28.702084711958417, 47.126748842043938 ], [ 28.702078266031702, 47.126753437277522 ], [ 28.702078409532533, 47.126757934571415 ], [ 28.702071820103878, 47.126758032510736 ], [ 28.702065230675192, 47.126758130449701 ], [ 28.702058641246467, 47.126758228388276 ], [ 28.702052051817706, 47.12675832632646 ], [ 28.702045462388909, 47.126758424264288 ], [ 28.702038872960081, 47.126758522201726 ], [ 28.702032283531217, 47.126758620138787 ], [ 28.702025694102321, 47.126758718075465 ], [ 28.702019104673386, 47.126758816011765 ], [ 28.702012515244419, 47.12675891394769 ], [ 28.70200578232069, 47.12675451458918 ], [ 28.701999049398072, 47.126750115230237 ], [ 28.701992316476563, 47.126745715870896 ], [ 28.701985727049117, 47.126745813805258 ], [ 28.701979137621645, 47.126745911739235 ], [ 28.701972548194135, 47.126746009672843 ], [ 28.701965958766586, 47.12674610760606 ], [ 28.701959369339004, 47.126746205538915 ], [ 28.701952779911394, 47.126746303471378 ], [ 28.701946190483746, 47.126746401403466 ], [ 28.701939601056061, 47.126746499335177 ], [ 28.701932868139821, 47.126742099972262 ], [ 28.701926135224696, 47.126737700608942 ], [ 28.701919545798013, 47.126737798539487 ], [ 28.701912812884515, 47.126733399175343 ], [ 28.70190607997213, 47.126728999810801 ], [ 28.701899347060845, 47.12672460044584 ], [ 28.70189261415068, 47.126720201080467 ], [ 28.701885881241616, 47.126715801714688 ], [ 28.701879148333663, 47.126711402348477 ], [ 28.701872415426827, 47.126707002981867 ], [ 28.701865682521092, 47.126702603614845 ], [ 28.701858949616469, 47.126698204247404 ], [ 28.701852216712961, 47.126693804879537 ], [ 28.701845483810558, 47.126689405511272 ], [ 28.701838750909264, 47.126685006142594 ], [ 28.701832018009085, 47.126680606773498 ], [ 28.701825285110015, 47.126676207403989 ], [ 28.701818552212053, 47.126671808034068 ], [ 28.7018118193152, 47.126667408663742 ], [ 28.701805086419458, 47.12666300929299 ], [ 28.701798353524822, 47.126658609921812 ], [ 28.701791620631301, 47.126654210550242 ], [ 28.701791477155162, 47.126649713255603 ], [ 28.701784887738889, 47.126649811178268 ], [ 28.70177829832258, 47.126649909100543 ], [ 28.701771708906239, 47.126650007022441 ], [ 28.70176511948986, 47.126650104943963 ], [ 28.701758673546816, 47.126654700159825 ], [ 28.70175881702022, 47.126659197454536 ], [ 28.701752371075539, 47.126663792670072 ], [ 28.70174592512976, 47.126668387885239 ], [ 28.701739479182859, 47.126672983100057 ], [ 28.701739622654735, 47.126677480394797 ], [ 28.701733176706213, 47.126682075609295 ], [ 28.70172673075658, 47.126686670823418 ], [ 28.701726874227447, 47.126691168118178 ], [ 28.701720428276182, 47.126695763331966 ], [ 28.701713982323806, 47.126700358545413 ], [ 28.701714125793671, 47.126704855840188 ], [ 28.701707679839668, 47.126709451053294 ], [ 28.701701233884556, 47.126714046266024 ], [ 28.701694787928329, 47.126718641478419 ], [ 28.701688341970996, 47.126723236690459 ], [ 28.701681896012552, 47.126727831902137 ], [ 28.701675450052999, 47.126732427113467 ], [ 28.701669004092334, 47.126737022324455 ], [ 28.701662558130565, 47.126741617535082 ], [ 28.701656112167679, 47.12674621274536 ], [ 28.701649666203686, 47.126750807955283 ], [ 28.70164322023858, 47.126755403164857 ] ] } },
{ "type": "Feature", "properties": { "element": "node", "id": "I0055", "kind": "inspection", "length_m": null, "frm": null, "to": null }, "geometry": { "type": "Point", "coordinates": [ 28.701633542438547, 47.126756333909981 ] } },
{ "type": "Feature", "properties": { "element": "edge", "id": "I0055->I0053", "kind": "leg", "length_m": 142.1, "frm": "I0055", "to": "I0053" }, "geometry": { "type": "LineString", "coordinates": [ [ 28.70164322023858, 47.126755403164857 ], [ 28.701643363702761, 47.126759900459767 ], [ 28.701643507166967, 47.12676439775467 ], [ 28.701643650631208, 47.126768895049572 ], [ 28.701637204663438, 47.12677349025882 ], [ 28.701630758694556, 47.126778085467727 ], [ 28.701624312724565, 47.126782680676271 ], [ 28.701624456187282, 47.12678717797121 ], [ 28.701624599650035, 47.126791675266141 ], [ 28.701624743112824, 47.126796172561065 ], [ 28.701618297140161, 47.126800767769289 ], [ 28.701618440602463, 47.126805265064228 ], [ 28.701611994628166, 47.126809860272118 ], [ 28.701612138089985, 47.126814357567049 ], [ 28.701605692114061, 47.126818952774599 ], [ 28.701599246137029, 47.1268235479818 ], [ 28.701599389597835, 47.126828045276767 ], [ 28.701592943619175, 47.126832640483613 ], [ 28.701586497639401, 47.126837235690125 ], [ 28.701586641099205, 47.126841732985106 ], [ 28.701580195117803, 47.126846328191263 ], [ 28.701580338577124, 47.126850825486251 ], [ 28.701573892594091, 47.126855420692074 ], [ 28.701567446609946, 47.126860015897549 ], [ 28.701567590068255, 47.126864513192551 ], [ 28.701561144082483, 47.126869108397678 ], [ 28.701554698095606, 47.12687370360247 ], [ 28.701554841552909, 47.126878200897487 ], [ 28.701548395564402, 47.126882796101924 ], [ 28.701548539021221, 47.126887293396955 ], [ 28.701542093031076, 47.126891888601058 ], [ 28.701535647039822, 47.126896483804792 ], [ 28.701535790495637, 47.126900981099844 ], [ 28.701529344502759, 47.126905576303251 ], [ 28.70152289850876, 47.126910171506303 ], [ 28.701523041963572, 47.126914668801376 ], [ 28.701516595967952, 47.126919264004087 ], [ 28.70151014997122, 47.12692385920645 ], [ 28.701510293425024, 47.126928356501537 ], [ 28.701503847426661, 47.126932951703559 ], [ 28.70149740142719, 47.126937546905218 ], [ 28.701497544879988, 47.12694204420032 ], [ 28.701491098878886, 47.126946639401659 ], [ 28.701484652876669, 47.126951234602622 ], [ 28.701484796328465, 47.126955731897745 ], [ 28.701478350324621, 47.126960327098381 ], [ 28.701471904319668, 47.126964922298662 ], [ 28.701472047770459, 47.126969419593806 ], [ 28.701465601763871, 47.126974014793738 ], [ 28.701465745214172, 47.126978512088897 ], [ 28.701459299205965, 47.126983107288495 ], [ 28.701452853196642, 47.126987702487746 ], [ 28.70145299664593, 47.126992199782926 ], [ 28.70144655063498, 47.126996794981821 ], [ 28.701440104622918, 47.127001390180382 ], [ 28.701440248071208, 47.127005887475569 ], [ 28.701433802057515, 47.127010482673775 ], [ 28.701427356042718, 47.12701507787164 ], [ 28.701427499489995, 47.127019575166855 ], [ 28.701421053473563, 47.127024170364372 ], [ 28.701414607456023, 47.127028765561541 ], [ 28.701414750902302, 47.127033262856777 ], [ 28.701408304883127, 47.127037858053598 ], [ 28.701401858862848, 47.127042453250084 ], [ 28.701402002308122, 47.127046950545314 ], [ 28.701395556286204, 47.127051545741452 ], [ 28.70138911026319, 47.127056140937235 ], [ 28.70138925370745, 47.127060638232507 ], [ 28.701382807682801, 47.127065233427935 ], [ 28.701376361657037, 47.127069828623029 ], [ 28.701376505100299, 47.127074325918308 ], [ 28.701370059072907, 47.127078921113061 ], [ 28.701363613044407, 47.127083516307465 ], [ 28.701363756486661, 47.127088013602773 ], [ 28.701357310456522, 47.127092608796822 ], [ 28.70135086442529, 47.12709720399053 ], [ 28.701351007866531, 47.127101701285838 ], [ 28.701344561833661, 47.127106296479219 ], [ 28.701338115799683, 47.127110891672217 ], [ 28.701338259239918, 47.127115388967567 ], [ 28.701331813204309, 47.127119984160238 ], [ 28.701325367167591, 47.127124579352554 ], [ 28.701325510606829, 47.127129076647918 ], [ 28.701319064568473, 47.127133671839893 ], [ 28.701312618529013, 47.127138267031519 ], [ 28.701312761967245, 47.127142764326891 ], [ 28.70130631592615, 47.127147359518183 ], [ 28.70129986988395, 47.127151954709113 ], [ 28.701300013321177, 47.127156452004513 ], [ 28.701293567277347, 47.127161047195102 ], [ 28.701287121232404, 47.127165642385329 ], [ 28.701280675186354, 47.127170237575228 ], [ 28.701280818622049, 47.127174734870657 ], [ 28.701274372574368, 47.127179330060208 ], [ 28.701267926525585, 47.127183925249398 ], [ 28.701268069960275, 47.127188422544847 ], [ 28.701261623909854, 47.12719301773371 ], [ 28.701255177858318, 47.127197612922203 ], [ 28.701255321292003, 47.127202110217674 ], [ 28.701248875238846, 47.127206705405833 ], [ 28.701242429184578, 47.12721130059365 ], [ 28.701235983129198, 47.127215895781099 ], [ 28.70122953707271, 47.127220490968199 ], [ 28.701229680504344, 47.127224988263713 ], [ 28.701229823936018, 47.127229485559212 ], [ 28.70122337787738, 47.127234080745986 ], [ 28.701223521308563, 47.127238578041506 ], [ 28.701217075248298, 47.127243173227932 ], [ 28.701210629186917, 47.127247768414016 ], [ 28.701210772617095, 47.127252265709558 ], [ 28.701204326554087, 47.127256860895287 ], [ 28.701197880489971, 47.127261456080689 ], [ 28.701198023919144, 47.127265953376231 ], [ 28.701191577853393, 47.127270548561278 ], [ 28.701185131786538, 47.127275143745969 ], [ 28.701185275214705, 47.127279641041554 ], [ 28.701178829146215, 47.127284236225897 ], [ 28.701178972573899, 47.127288733521468 ], [ 28.701172526503779, 47.127293328705498 ], [ 28.701166080432554, 47.127297923889152 ], [ 28.701166223859225, 47.127302421184744 ], [ 28.701159777786366, 47.127307016368071 ], [ 28.701153331712394, 47.127311611551043 ], [ 28.701153475138071, 47.127316108846649 ], [ 28.701147029062472, 47.12732070402928 ], [ 28.701140582985762, 47.127325299211556 ], [ 28.701140726410426, 47.127329796507183 ], [ 28.701134280332088, 47.127334391689125 ], [ 28.701134423756269, 47.127338888984767 ], [ 28.7011279776763, 47.127343484166367 ], [ 28.70112153159522, 47.127348079347605 ], [ 28.701121675018396, 47.127352576643268 ], [ 28.701115228935681, 47.127357171824173 ], [ 28.701108782851865, 47.127361767004714 ], [ 28.701108926274035, 47.127366264300399 ], [ 28.701102480188585, 47.127370859480607 ], [ 28.701096034102026, 47.127375454660459 ], [ 28.701096177523183, 47.127379951956158 ], [ 28.701089731434998, 47.127384547135684 ], [ 28.7010832853457, 47.12738914231484 ], [ 28.701076839255286, 47.127393737493655 ], [ 28.701076982674927, 47.127398234789375 ], [ 28.701070536582886, 47.127402829967863 ], [ 28.701064090489737, 47.127407425145968 ], [ 28.701057644395476, 47.127412020323732 ], [ 28.701051198300107, 47.127416615501147 ], [ 28.701051341717697, 47.127421112796931 ], [ 28.701044895620697, 47.127425707973991 ], [ 28.701038449522585, 47.127430303150717 ], [ 28.701038592939174, 47.127434800446494 ], [ 28.701038736355791, 47.127439297742292 ], [ 28.701038879772444, 47.127443795038076 ], [ 28.701039023189132, 47.127448292333852 ], [ 28.701045612706569, 47.127448194452839 ], [ 28.701052202223963, 47.127448096571456 ], [ 28.701058791741328, 47.127447998689696 ], [ 28.701058648322974, 47.127443501393962 ], [ 28.701065237839749, 47.12744340351184 ], [ 28.70106509442088, 47.127438906216128 ], [ 28.701071540517667, 47.127434311037923 ], [ 28.701077986613345, 47.127429715859371 ], [ 28.701084432707919, 47.127425120680471 ], [ 28.701090878801384, 47.127420525501215 ], [ 28.701090735380461, 47.127416028205523 ], [ 28.701097181472299, 47.127411433025941 ], [ 28.701103627563018, 47.127406837845989 ], [ 28.701110073652629, 47.127402242665696 ], [ 28.701109930230185, 47.12739774537004 ], [ 28.701116376318168, 47.127393150189398 ], [ 28.701122822405036, 47.127388555008402 ], [ 28.701122678981587, 47.127384057712781 ], [ 28.701129125066828, 47.127379462531437 ], [ 28.701135571150964, 47.127374867349751 ], [ 28.701135427726502, 47.127370370054145 ], [ 28.701141873809007, 47.127365774872125 ], [ 28.7011483198904, 47.127361179689743 ], [ 28.701148176464933, 47.127356682394151 ], [ 28.701154622544699, 47.127352087211435 ], [ 28.70116106862335, 47.127347492028356 ], [ 28.701160925196877, 47.127342994732778 ], [ 28.7011673712739, 47.127338399549366 ], [ 28.701173817349815, 47.127333804365605 ], [ 28.701173673922341, 47.127329307070056 ], [ 28.701180119996621, 47.127324711885947 ], [ 28.701179976568657, 47.127320214590405 ], [ 28.701186422641307, 47.127315619405955 ], [ 28.701192868712852, 47.127311024221157 ], [ 28.701192725283882, 47.127306526925629 ], [ 28.701199171353799, 47.127301931740497 ], [ 28.701205617422598, 47.127297336554996 ], [ 28.701205473992626, 47.127292839259482 ], [ 28.701211920059798, 47.127288244073654 ], [ 28.701211776629343, 47.127283746778168 ], [ 28.701218222694884, 47.127279151591992 ], [ 28.701224668759313, 47.127274556405453 ], [ 28.701224525327849, 47.127270059109975 ], [ 28.701230971390654, 47.127265463923109 ], [ 28.701237417452344, 47.127260868735895 ], [ 28.701237274019878, 47.127256371440424 ], [ 28.70124372007994, 47.127251776252862 ], [ 28.701250166138891, 47.127247181064966 ], [ 28.701250022705416, 47.127242683769516 ], [ 28.70125646876274, 47.127238088581258 ], [ 28.701262914818948, 47.127233493392659 ], [ 28.701262771384467, 47.127228996097244 ], [ 28.701269217439048, 47.12722440090829 ], [ 28.70127566349252, 47.127219805718994 ], [ 28.701275520057031, 47.127215308423594 ], [ 28.701281966108876, 47.127210713233957 ], [ 28.701288412159609, 47.127206118043958 ], [ 28.701288268723111, 47.127201620748572 ], [ 28.701294714772217, 47.127197025558239 ], [ 28.701301160820204, 47.127192430367572 ], [ 28.701301017382704, 47.127187933072186 ], [ 28.701307463429075, 47.127183337881171 ], [ 28.701313909474322, 47.1271787426898 ], [ 28.701313766035817, 47.12717424539445 ], [ 28.701320212079441, 47.127169650202717 ], [ 28.701326658121957, 47.12716505501065 ], [ 28.701333104163357, 47.127160459818242 ], [ 28.701339550203649, 47.127155864625465 ], [ 28.701345996242836, 47.127151269432332 ], [ 28.701352442280911, 47.127146674238858 ], [ 28.70135888831787, 47.127142079045029 ], [ 28.701365334353724, 47.127137483850845 ], [ 28.70137178038847, 47.127132888656313 ] ] } },
{ "type": "Feature", "properties": { "element": "node", "id": "I0053", "kind": "inspection", "length_m": null, "frm": null, "to": null }, "geometry": { "type": "Point", "coordinates": [ 28.701379435846018, 47.127138475352496 ] } },
{ "type": "Feature", "properties": { "element": "edge", "id": "I0053->I0054", "kind": "leg", "length_m": 35.7, "frm": "I0053", "to": "I0054" }, "geometry": { "type": "LineString", "coordinates": [ [ 28.70137178038847, 47.127132888656313 ], [ 28.701365334353724, 47.127137483850845 ], [ 28.701365477796397, 47.127141981146103 ], [ 28.70135903176002, 47.127146576340309 ], [ 28.701352585722532, 47.127151171534138 ], [ 28.701352729164199, 47.127155668829417 ], [ 28.701346283125083, 47.127160264022919 ], [ 28.701339837084859, 47.127164859216059 ], [ 28.701333391043523, 47.127169454408858 ], [ 28.701326945001082, 47.127174049601308 ], [ 28.701327088440699, 47.127178546896616 ], [ 28.70132064239662, 47.127183142088725 ], [ 28.701314196351444, 47.127187737280465 ], [ 28.701314339790049, 47.127192234575816 ], [ 28.701307893743238, 47.127196829767229 ], [ 28.701301447695311, 47.12720142495828 ], [ 28.701301591132918, 47.127205922253637 ], [ 28.701295145083364, 47.127210517444361 ], [ 28.701295288520484, 47.127215014739718 ], [ 28.7012888424693, 47.127219609930101 ], [ 28.701282396417003, 47.127224205120122 ], [ 28.701275950363598, 47.127228800309787 ], [ 28.701276093799191, 47.127233297605187 ], [ 28.701269647744159, 47.127237892794518 ], [ 28.701263201688015, 47.127242487983509 ], [ 28.701263345122602, 47.127246985278916 ], [ 28.701256899064827, 47.127251580467558 ], [ 28.701250453005947, 47.127256175655837 ], [ 28.701250596439529, 47.127260672951266 ], [ 28.701244150379015, 47.127265268139205 ], [ 28.701237704317393, 47.127269863326809 ], [ 28.701237847749965, 47.127274360622259 ], [ 28.701231401686712, 47.127278955809508 ], [ 28.701224955622347, 47.127283550996417 ], [ 28.701225099053914, 47.127288048291881 ], [ 28.701218652987922, 47.127292643478434 ], [ 28.701212206920825, 47.127297238664646 ], [ 28.701212350351383, 47.127301735960145 ], [ 28.701205904282652, 47.127306331146002 ], [ 28.701199458212809, 47.127310926331511 ], [ 28.701199601642365, 47.127315423627032 ], [ 28.701193155570891, 47.127320018812199 ], [ 28.701193298999964, 47.127324516107713 ], [ 28.70118685292686, 47.127329111292546 ], [ 28.701180406852647, 47.127333706477032 ], [ 28.701180550280711, 47.12733820377256 ], [ 28.70117410420487, 47.127342798956697 ], [ 28.701167658127918, 47.127347394140486 ], [ 28.701167801554973, 47.127351891436042 ], [ 28.701161355476394, 47.127356486619497 ], [ 28.701154909396699, 47.127361081802583 ], [ 28.701155052822749, 47.127365579098161 ], [ 28.701155196248838, 47.127370076393717 ], [ 28.701148750166993, 47.12737467157649 ], [ 28.701142304084044, 47.127379266758894 ], [ 28.701142447509127, 47.127383764054485 ], [ 28.70113600142454, 47.127388359236562 ] ] } },
{ "type": "Feature", "properties": { "element": "node", "id": "I0054", "kind": "inspection", "length_m": null, "frm": null, "to": null }, "geometry": { "type": "Point", "coordinates": [ 28.701142916147841, 47.127394594787646 ] } },
{ "type": "Feature", "properties": { "element": "edge", "id": "I0054->W0023", "kind": "leg", "length_m": 288.8, "frm": "I0054", "to": "W0023" }, "geometry": { "type": "LineString", "coordinates": [ [ 28.70113600142454, 47.127388359236562 ], [ 28.701129555338849, 47.127392954418283 ], [ 28.701123109252048, 47.12739754959965 ], [ 28.7011232526756, 47.12740204689527 ], [ 28.701116806587166, 47.127406642076302 ], [ 28.701110360497626, 47.127411237256965 ], [ 28.701103914406971, 47.127415832437293 ], [ 28.701097468315211, 47.127420427617267 ], [ 28.701091022222343, 47.127425022796885 ], [ 28.701084576128356, 47.127429617976155 ], [ 28.701078130033267, 47.127434213155063 ], [ 28.701071683937066, 47.127438808333622 ], [ 28.701065237839749, 47.12744340351184 ], [ 28.701058648322974, 47.127443501393962 ], [ 28.701058791741328, 47.127447998689696 ], [ 28.701052202223963, 47.127448096571456 ], [ 28.701045612706569, 47.127448194452839 ], [ 28.701039023189132, 47.127448292333852 ], [ 28.701038879772444, 47.127443795038076 ], [ 28.701038736355791, 47.127439297742292 ], [ 28.701038592939174, 47.127434800446494 ], [ 28.701038449522585, 47.127430303150717 ], [ 28.701038306106039, 47.127425805854926 ], [ 28.701044752203625, 47.127421210678222 ], [ 28.701044608786589, 47.127416713382424 ], [ 28.701051054882548, 47.127412118205378 ], [ 28.701057500977402, 47.127407523027983 ], [ 28.70105735755936, 47.127403025732207 ], [ 28.701063803652577, 47.127398430554464 ], [ 28.701070249744689, 47.127393835376367 ], [ 28.701070106325641, 47.127389338080633 ], [ 28.701076552416115, 47.12738474290218 ], [ 28.701082998505488, 47.1273801477234 ], [ 28.701089444593741, 47.127375552544258 ], [ 28.701089301173173, 47.127371055248538 ], [ 28.701095747259803, 47.127366460069062 ], [ 28.701102193345324, 47.127361864889224 ], [ 28.70110863942973, 47.127357269709037 ], [ 28.701108496007631, 47.127352772413346 ], [ 28.70111494209041, 47.127348177232818 ], [ 28.701121388172076, 47.127343582051942 ], [ 28.701121244748968, 47.127339084756279 ], [ 28.701127690829015, 47.127334489575063 ], [ 28.701134136907939, 47.127329894393476 ], [ 28.701133993483829, 47.127325397097842 ], [ 28.701140439561129, 47.127320801915914 ], [ 28.701146885637318, 47.12731620673366 ], [ 28.701146742212202, 47.127311709438025 ], [ 28.701153188286757, 47.127307114255416 ], [ 28.701153044861158, 47.127302616959803 ], [ 28.701159490934085, 47.127298021776845 ], [ 28.701165937005904, 47.127293426593553 ], [ 28.7011657935793, 47.127288929297947 ], [ 28.701172239649484, 47.127284334114307 ], [ 28.701178685718567, 47.127279738930319 ], [ 28.70117854229095, 47.127275241634727 ], [ 28.701184988358399, 47.127270646450398 ], [ 28.701191434424736, 47.127266051265721 ], [ 28.701191290996121, 47.127261553970158 ], [ 28.701197737060827, 47.127256958785118 ], [ 28.701204183124428, 47.127252363599752 ], [ 28.701204039694804, 47.127247866304202 ], [ 28.701210485756768, 47.127243271118488 ], [ 28.701216931817626, 47.127238675932418 ], [ 28.701216788386997, 47.127234178636883 ], [ 28.701223234446228, 47.127229583450479 ], [ 28.701223091015105, 47.127225086154958 ], [ 28.70122953707271, 47.127220490968199 ], [ 28.701235983129198, 47.127215895781099 ], [ 28.70123583969707, 47.127211398485599 ], [ 28.701242285751931, 47.127206803298151 ], [ 28.701248731805677, 47.127202208110361 ], [ 28.701248588372547, 47.127197710814876 ], [ 28.701255034424673, 47.127193115626739 ], [ 28.701261480475679, 47.127188520438239 ], [ 28.701261337041544, 47.127184023142775 ], [ 28.701267783090927, 47.127179427953941 ], [ 28.701274229139194, 47.127174832764766 ], [ 28.70127408570405, 47.127170335469316 ], [ 28.70128053175069, 47.127165740279786 ], [ 28.701286977796219, 47.127161145089921 ], [ 28.701286834360072, 47.127156647794493 ], [ 28.701293280403974, 47.127152052604266 ], [ 28.701293136967337, 47.127147555308859 ], [ 28.701299583009607, 47.127142960118306 ], [ 28.701306029050766, 47.127138364927404 ], [ 28.701305885613127, 47.127133867631997 ], [ 28.701312331652655, 47.127129272440747 ], [ 28.701318777691078, 47.127124677249149 ], [ 28.701318634252434, 47.127120179953771 ], [ 28.701325080289223, 47.127115584761825 ], [ 28.701324936850092, 47.127111087466453 ], [ 28.701331382885254, 47.127106492274166 ], [ 28.701331239445633, 47.127101994978794 ], [ 28.701337685479164, 47.12709739978618 ], [ 28.701344131511583, 47.127092804593197 ], [ 28.701343988070967, 47.127088307297853 ], [ 28.701350434101748, 47.127083712104536 ], [ 28.701350290660642, 47.1270792148092 ], [ 28.701356736689803, 47.127074619615549 ], [ 28.701363182717852, 47.127070024421535 ], [ 28.701363039275737, 47.127065527126206 ], [ 28.701369485302159, 47.127060931931865 ], [ 28.701375931327473, 47.127056336737155 ], [ 28.701382377351671, 47.127051741542104 ], [ 28.701382233908031, 47.12704724424681 ], [ 28.701388679930595, 47.127042649051411 ], [ 28.701388536486473, 47.127038151756132 ], [ 28.701394982507416, 47.127033556560392 ], [ 28.701401428527248, 47.12702896136431 ], [ 28.701401285082113, 47.127024464069052 ], [ 28.701407731100314, 47.127019868872623 ], [ 28.701414177117403, 47.127015273675845 ], [ 28.701414033671263, 47.127010776380594 ], [ 28.701420479686721, 47.127006181183468 ], [ 28.701426925701075, 47.127001585986001 ], [ 28.701426782253929, 47.126997088690771 ], [ 28.701433228266655, 47.126992493492956 ], [ 28.701439674278266, 47.126987898294786 ], [ 28.701439530830111, 47.126983400999585 ], [ 28.701445976840091, 47.12697880580108 ], [ 28.701452422848963, 47.126974210602214 ], [ 28.701452279399806, 47.126969713307034 ], [ 28.701458725407047, 47.126965118107819 ], [ 28.701465171413183, 47.12696052290827 ], [ 28.701465027963017, 47.126956025613111 ], [ 28.701471473967516, 47.1269514304132 ], [ 28.701477919970909, 47.126946835212969 ], [ 28.701477776519745, 47.126942337917818 ], [ 28.701484222521501, 47.126937742717224 ], [ 28.701490668522155, 47.12693314751629 ], [ 28.701490525069982, 47.12692865022116 ], [ 28.701496971069005, 47.126924055019884 ], [ 28.701496827616346, 47.126919557724754 ], [ 28.701503273613735, 47.126914962523131 ], [ 28.701509719610016, 47.126910367321173 ], [ 28.701509576156351, 47.126905870026057 ], [ 28.701516022151004, 47.126901274823737 ], [ 28.701522468144542, 47.126896679621076 ], [ 28.701522324689872, 47.126892182325996 ], [ 28.701528770681783, 47.12688758712298 ], [ 28.701535216672589, 47.126882991919622 ], [ 28.701535073216906, 47.126878494624556 ], [ 28.701541519206081, 47.126873899420865 ], [ 28.701547965194145, 47.126869304216804 ], [ 28.701547821737456, 47.126864806921773 ], [ 28.701554267723893, 47.126860211717371 ], [ 28.701560713709213, 47.126855616512621 ], [ 28.701560570251523, 47.126851119217598 ], [ 28.701567016235213, 47.126846524012514 ], [ 28.701573462217798, 47.126841928807082 ], [ 28.701573318759102, 47.126837431512065 ], [ 28.701579764740053, 47.126832836306285 ], [ 28.701586210719899, 47.126828241100156 ], [ 28.701592656698629, 47.126823645893673 ], [ 28.701592513238413, 47.126819148598699 ], [ 28.701598959215513, 47.126814553391867 ], [ 28.701605405191504, 47.126809958184701 ], [ 28.701605261730275, 47.126805460889742 ], [ 28.701611707704643, 47.12680086568222 ], [ 28.701611564242931, 47.126796368387275 ], [ 28.701611420781251, 47.126791871092315 ], [ 28.701617866753462, 47.126787275884482 ], [ 28.701617723291299, 47.126782778589529 ], [ 28.70162416926188, 47.12677818338134 ], [ 28.701630615231355, 47.126773588172803 ], [ 28.701630471768187, 47.126769090877879 ], [ 28.701636917736028, 47.126764495669001 ], [ 28.701643363702761, 47.126759900459767 ], [ 28.70164322023858, 47.126755403164857 ], [ 28.701649666203686, 47.126750807955283 ], [ 28.701656112167679, 47.12674621274536 ], [ 28.701662558130565, 47.126741617535082 ], [ 28.701669004092334, 47.126737022324455 ], [ 28.701675450052999, 47.126732427113467 ], [ 28.701675306586257, 47.126727929818621 ], [ 28.701681752545287, 47.126723334607298 ], [ 28.701688198503213, 47.126718739395628 ], [ 28.701688055035465, 47.126714242100789 ], [ 28.70169450099176, 47.126709646888763 ], [ 28.701700946946939, 47.126705051676403 ], [ 28.701700803478186, 47.126700554381593 ], [ 28.701707249431742, 47.126695959168877 ], [ 28.701713695384186, 47.126691363955814 ], [ 28.701713551914427, 47.126686866661018 ], [ 28.70171999786524, 47.126682271447628 ], [ 28.701726443814945, 47.126677676233868 ], [ 28.701732889763537, 47.126673081019774 ], [ 28.701739335711022, 47.126668485805311 ], [ 28.701745781657401, 47.1266638905905 ], [ 28.701752227602658, 47.126659295375333 ], [ 28.701758673546816, 47.126654700159825 ], [ 28.70176511948986, 47.126650104943963 ], [ 28.701771708906239, 47.126650007022441 ], [ 28.70177829832258, 47.126649909100543 ], [ 28.701784887738889, 47.126649811178268 ], [ 28.701791477155162, 47.126649713255603 ], [ 28.701791620631301, 47.126654210550242 ], [ 28.701798353524822, 47.126658609921812 ], [ 28.701805086419458, 47.12666300929299 ], [ 28.701811675837291, 47.126662911369145 ], [ 28.701818408733555, 47.126667310739492 ], [ 28.701825141630927, 47.126671710109434 ], [ 28.701831874529407, 47.126676109478964 ], [ 28.701838463948771, 47.126676011553556 ], [ 28.701845196848883, 47.126680410922283 ], [ 28.701851929750106, 47.126684810290598 ], [ 28.701858662652437, 47.12668920965848 ], [ 28.701865252073318, 47.126689111731515 ], [ 28.701871984977284, 47.126693511098594 ], [ 28.701878717882352, 47.126697910465275 ], [ 28.701885450788538, 47.126702309831536 ], [ 28.701892040210947, 47.126702211903016 ], [ 28.701898773118764, 47.12670661126846 ], [ 28.701905506027686, 47.1267110106335 ], [ 28.701912238937712, 47.126715409998127 ], [ 28.701918828361656, 47.126715312068036 ], [ 28.70192556127331, 47.126719711431861 ], [ 28.701932294186083, 47.126724110795259 ], [ 28.701939027099964, 47.126728510158244 ], [ 28.701945616525425, 47.126728412226591 ], [ 28.701952205950857, 47.126728314294567 ], [ 28.701958938866891, 47.126732713656359 ], [ 28.701965528292803, 47.126732615723562 ], [ 28.701972117718686, 47.126732517790373 ], [ 28.701978850636866, 47.126736917150964 ], [ 28.701985440063233, 47.126736819217015 ], [ 28.701992172983044, 47.126741218576782 ], [ 28.701998762409893, 47.126741120642066 ], [ 28.702005351836718, 47.126741022706959 ], [ 28.702012084758678, 47.126745422065525 ], [ 28.702018674185979, 47.126745324129658 ], [ 28.702025263613248, 47.1267452261934 ], [ 28.702031996537357, 47.126749625550787 ], [ 28.702038585965109, 47.126749527613754 ], [ 28.702045175392829, 47.126749429676337 ], [ 28.702051908319092, 47.126753829032509 ], [ 28.702058497747295, 47.126753731094333 ], [ 28.702065087175466, 47.126753633155772 ], [ 28.702071820103878, 47.126758032510736 ], [ 28.702078409532533, 47.126757934571415 ], [ 28.702078266031702, 47.126753437277522 ], [ 28.702084711958417, 47.126748842043938 ], [ 28.702091301385888, 47.126748744103878 ], [ 28.702097890813334, 47.126748646163442 ], [ 28.702104480240738, 47.126748548222615 ], [ 28.702104623743757, 47.126753045516452 ], [ 28.702104767246809, 47.126757542810289 ], [ 28.702104910749895, 47.126762040104119 ], [ 28.702111643682613, 47.126766439456688 ], [ 28.702118233112163, 47.126766341515051 ], [ 28.702124822541691, 47.126766243573044 ], [ 28.702131555476555, 47.126770642924392 ], [ 28.702138144906563, 47.126770544981611 ], [ 28.702144734336535, 47.126770447038446 ], [ 28.702151467273548, 47.126774846388606 ], [ 28.702158056704008, 47.126774748444667 ], [ 28.702164646134431, 47.126774650500337 ], [ 28.702171379073594, 47.126779049849311 ], [ 28.702177968504508, 47.126778951904221 ], [ 28.702184557935382, 47.126778853958747 ], [ 28.702191290876694, 47.126783253306499 ], [ 28.702197880308059, 47.126783155360258 ], [ 28.702204613251002, 47.126787554707207 ], [ 28.70221120268285, 47.126787456760191 ], [ 28.702217792114659, 47.126787358812791 ], [ 28.702224525059755, 47.126791758158532 ], [ 28.702231114492058, 47.126791660210365 ], [ 28.702237703924318, 47.126791562261815 ], [ 28.702244436871567, 47.126795961606376 ], [ 28.70225102630431, 47.126795863657051 ], [ 28.702257759253186, 47.126800263000789 ], [ 28.70226449220317, 47.126804662344114 ], [ 28.702271081636926, 47.12680456439363 ], [ 28.702277814588541, 47.126808963736146 ], [ 28.702284404022784, 47.126808865784881 ], [ 28.702291136976029, 47.1268132651266 ], [ 28.702297726410752, 47.126813167174561 ], [ 28.702304459365628, 47.12681756651547 ], [ 28.702311048800841, 47.126817468562656 ], [ 28.702317781757344, 47.126821867902748 ], [ 28.702324514714959, 47.126826267242429 ], [ 28.702331104151177, 47.126826169288456 ], [ 28.70233783711042, 47.126830568627341 ], [ 28.702344426547125, 47.126830470672587 ], [ 28.702351159507995, 47.126834870010654 ], [ 28.702357748945186, 47.126834772055133 ], [ 28.70236448190769, 47.126839171392398 ], [ 28.702371071345365, 47.126839073436088 ], [ 28.702377804309499, 47.126843472772549 ], [ 28.702384537274742, 47.126847872108598 ], [ 28.702391126713422, 47.126847774151123 ], [ 28.7023978596803, 47.126852173486355 ], [ 28.702404449119463, 47.126852075528127 ], [ 28.702411182087971, 47.126856474862549 ], [ 28.702417771527617, 47.126856376903532 ], [ 28.702424504497753, 47.126860776237152 ], [ 28.702431093937889, 47.126860678277374 ], [ 28.702437826909659, 47.126865077610184 ], [ 28.70244455988253, 47.126869476942574 ], [ 28.702451149323672, 47.126869378981624 ], [ 28.702457882298177, 47.126873778313211 ], [ 28.702464471739805, 47.126873680351494 ], [ 28.702471204715941, 47.126878079682271 ], [ 28.702477794158053, 47.12687798171978 ], [ 28.702484527135816, 47.126882381049754 ], [ 28.702491116578422, 47.126882283086481 ], [ 28.702497849557812, 47.126886682415638 ], [ 28.702504582538321, 47.126891081744404 ], [ 28.702511171981925, 47.126890983779965 ], [ 28.702517904964058, 47.126895383107922 ], [ 28.702524494408149, 47.126895285142716 ], [ 28.702531227391916, 47.126899684469841 ], [ 28.702537816836486, 47.126899586503846 ], [ 28.70254454982188, 47.126903985830182 ], [ 28.702551139266948, 47.126903887863428 ], [ 28.702557872253973, 47.126908287188947 ], [ 28.70256460524211, 47.126912686514061 ], [ 28.702571194688172, 47.126912588546141 ], [ 28.70257792767794, 47.12691698787043 ], [ 28.702584517124492, 47.126916889901743 ], [ 28.702591250115887, 47.12692128922523 ], [ 28.702597839562927, 47.126921191255754 ], [ 28.702604572555948, 47.126925590578438 ], [ 28.702611162003475, 47.126925492608208 ], [ 28.702617894998127, 47.126929891930089 ], [ 28.702624627993888, 47.126934291251544 ], [ 28.702631217442423, 47.126934193280135 ], [ 28.702637950439815, 47.126938592600801 ], [ 28.702644539888833, 47.126938494628611 ], [ 28.702651272887859, 47.126942893948453 ], [ 28.702657862337361, 47.126942795975502 ], [ 28.702664595338014, 47.126947195294548 ], [ 28.702671184787999, 47.126947097320809 ], [ 28.70267791779029, 47.126951496639045 ], [ 28.702684507240754, 47.126951398664545 ], [ 28.702691240244675, 47.126955797981971 ], [ 28.702697973249698, 47.126960197298978 ], [ 28.702704562701179, 47.126960099323306 ], [ 28.702711295707832, 47.126964498639516 ], [ 28.702717885159792, 47.12696440066307 ], [ 28.702724618168077, 47.126968799978471 ], [ 28.702731207620527, 47.126968702001257 ], [ 28.702737940630445, 47.126973101315848 ], [ 28.702744530083379, 47.126973003337859 ], [ 28.702751263094925, 47.12697740265164 ], [ 28.702757852548345, 47.126977304672877 ], [ 28.702764585561518, 47.126981703985855 ], [ 28.702771175015428, 47.126981606006325 ], [ 28.702777908030228, 47.126986005318479 ], [ 28.702784641046144, 47.126990404630227 ], [ 28.70279123050106, 47.126990306649532 ], [ 28.702797963518602, 47.126994705960477 ], [ 28.702804552974001, 47.126994607979007 ], [ 28.702811285993171, 47.126999007289136 ], [ 28.70281787544906, 47.126998909306892 ], [ 28.702824608469861, 47.127003308616217 ], [ 28.70283119792623, 47.127003210633198 ], [ 28.702837930948665, 47.127007609941721 ], [ 28.70284452040552, 47.127007511957927 ], [ 28.702851253429582, 47.127011911265633 ], [ 28.702857842886928, 47.127011813281079 ], [ 28.702864575912621, 47.127016212587982 ], [ 28.702871308939425, 47.127020611894473 ], [ 28.702877898397769, 47.127020513908732 ], [ 28.702884631426201, 47.12702491321442 ], [ 28.702891220885036, 47.127024815227905 ], [ 28.702897953915102, 47.12702921453279 ], [ 28.702904543374419, 47.127029116545515 ], [ 28.702911276406109, 47.127033515849583 ], [ 28.702917865865913, 47.127033417861519 ], [ 28.702924598899241, 47.127037817164791 ], [ 28.702931188359528, 47.127037719175959 ], [ 28.702937921394483, 47.127042118478414 ], [ 28.702944510855257, 47.127042020488808 ], [ 28.702951243891839, 47.127046419790467 ], [ 28.702957976929536, 47.127050819091707 ], [ 28.702964566391319, 47.127050721100929 ], [ 28.702971299430644, 47.127055120401359 ], [ 28.702977888892903, 47.127055022409813 ], [ 28.702984621933862, 47.127059421709426 ], [ 28.702991211396615, 47.12705932371712 ], [ 28.702997944439193, 47.127063723015929 ], [ 28.70300453390243, 47.127063625022842 ], [ 28.703011266946646, 47.127068024320849 ], [ 28.703017856410369, 47.127067926326987 ], [ 28.703024589456213, 47.127072325624184 ], [ 28.703031322503172, 47.127076724920961 ], [ 28.703037911967893, 47.127076626925934 ], [ 28.70304464501648, 47.127081026221916 ], [ 28.703051234481691, 47.1270809282261 ], [ 28.703057967531908, 47.127085327521279 ], [ 28.70306455699761, 47.127085229524695 ], [ 28.703071290049451, 47.127089628819057 ], [ 28.703077879515636, 47.127089530821713 ], [ 28.703084612569111, 47.127093930115258 ], [ 28.703091202035782, 47.12709383211714 ], [ 28.703097935090884, 47.127098231409882 ], [ 28.703104524558043, 47.127098133410996 ], [ 28.703111257614779, 47.127102532702928 ], [ 28.703117847082421, 47.127102434703261 ], [ 28.703124436550024, 47.12710233670321 ], [ 28.703131169608909, 47.127106735993941 ], [ 28.703137759077002, 47.12710663799313 ], [ 28.703144492137515, 47.127111037283058 ], [ 28.703151081606094, 47.127110939281472 ], [ 28.703157814668241, 47.127115338570583 ], [ 28.703164404137301, 47.127115240568216 ], [ 28.703171137201078, 47.127119639856531 ], [ 28.703177726670628, 47.127119541853396 ], [ 28.703184316140142, 47.127119443849871 ], [ 28.703191049206069, 47.127123843136978 ], [ 28.703197638676063, 47.127123745132693 ], [ 28.70320437174362, 47.127128144419004 ], [ 28.703210961214104, 47.127128046413937 ], [ 28.703217694283293, 47.127132445699438 ], [ 28.703224283754263, 47.127132347693589 ], [ 28.703230873225202, 47.127132249687378 ], [ 28.703237606296533, 47.127136648971664 ], [ 28.703244195767954, 47.127136550964678 ], [ 28.703250785239344, 47.127136452957309 ], [ 28.703257374710695, 47.127136354949563 ], [ 28.703263964182014, 47.127136256941441 ], [ 28.703270553653294, 47.127136158932935 ], [ 28.703277143124541, 47.127136060924045 ], [ 28.703283876200114, 47.127140460205567 ], [ 28.703290465671845, 47.127140362195902 ], [ 28.703297198749045, 47.127144761476615 ], [ 28.703303788221259, 47.12714466346619 ], [ 28.703310521300086, 47.127149062746085 ], [ 28.703317110772794, 47.127148964734872 ], [ 28.703323700245459, 47.127148866723289 ], [ 28.703330289718096, 47.127148768711336 ], [ 28.703336879190697, 47.127148670698993 ], [ 28.703343468663263, 47.127148572686281 ], [ 28.703350058135793, 47.127148474673177 ], [ 28.703356647608295, 47.127148376659711 ], [ 28.703363237080751, 47.127148278645855 ], [ 28.703369826553185, 47.127148180631615 ], [ 28.7033765596378, 47.127152579907552 ], [ 28.70338329272353, 47.127156979183077 ], [ 28.703390025810371, 47.12716137845819 ], [ 28.703396758898318, 47.127165777732884 ], [ 28.703403491987373, 47.127170177007166 ], [ 28.703410225077544, 47.127174576281043 ], [ 28.703416958168827, 47.127178975554493 ], [ 28.703423691261214, 47.127183374827545 ], [ 28.70343028073777, 47.127183276809774 ], [ 28.703437013831785, 47.127187676082016 ], [ 28.703443603308823, 47.127187578063463 ], [ 28.703450336404476, 47.127191977334888 ], [ 28.703456925881998, 47.127191879315575 ], [ 28.703463658979278, 47.127196278586204 ], [ 28.703470248457286, 47.127196180566116 ], [ 28.703476981556197, 47.127200579835936 ], [ 28.703483571034692, 47.127200481815073 ], [ 28.703490304135229, 47.127204881084069 ], [ 28.703496893614211, 47.127204783062446 ], [ 28.703503626716383, 47.127209182330645 ], [ 28.703510216195852, 47.127209084308234 ], [ 28.703516949299647, 47.127213483575623 ], [ 28.703523538779603, 47.127213385552444 ], [ 28.703530271885032, 47.127217784819024 ], [ 28.703536861365468, 47.127217686795078 ], [ 28.703543594472531, 47.127222086060847 ], [ 28.703550327580697, 47.127226485326212 ], [ 28.703556917062141, 47.127226387301093 ], [ 28.70356365017194, 47.127230786565647 ], [ 28.703570239653871, 47.127230688539747 ], [ 28.703576972765298, 47.127235087803498 ], [ 28.703583562247715, 47.127234989776831 ] ] } },
{ "type": "Feature", "properties": { "element": "node", "id": "W0023", "kind": "waste", "length_m": null, "frm": null, "to": null }, "geometry": { "type": "Point", "coordinates": [ 28.70359674997642, 47.127224746946673 ] } },
{ "type": "Feature", "properties": { "element": "edge", "id": "W0023->W0022", "kind": "leg", "length_m": 59.4, "frm": "W0023", "to": "W0022" }, "geometry": { "type": "LineString", "coordinates": [ [ 28.703583562247715, 47.127234989776831 ], [ 28.703590295360772, 47.127239389039765 ], [ 28.703596884843673, 47.127239291012323 ], [ 28.703603617958358, 47.127243690274462 ], [ 28.703610207441752, 47.127243592246252 ], [ 28.703616940558064, 47.127247991507573 ], [ 28.703623530041941, 47.127247893478582 ], [ 28.703630263159887, 47.127252292739094 ], [ 28.703636852644248, 47.127252194709342 ], [ 28.703643585763825, 47.127256593969051 ], [ 28.703650175248665, 47.127256495938511 ], [ 28.703656908369876, 47.127260895197416 ], [ 28.70366349785521, 47.127260797166116 ], [ 28.703670230978041, 47.127265196424197 ], [ 28.703676820463858, 47.127265098392122 ], [ 28.703683553588327, 47.127269497649401 ], [ 28.703690143074624, 47.127269399616559 ], [ 28.703696876200727, 47.127273798873034 ], [ 28.703703465687511, 47.12727370083941 ], [ 28.703710198815241, 47.127278100095083 ], [ 28.703716788302515, 47.127278002060685 ], [ 28.703723521431876, 47.12728240131554 ], [ 28.703730110919629, 47.127282303280374 ], [ 28.703736844050617, 47.127286702534427 ], [ 28.703743433538857, 47.12728660449848 ], [ 28.70375016667148, 47.127291003751736 ], [ 28.70375675616021, 47.127290905715007 ], [ 28.703763489294456, 47.127295304967454 ], [ 28.703770078783666, 47.127295206929958 ], [ 28.703776811919546, 47.127299606181595 ], [ 28.703783545056542, 47.127304005432812 ], [ 28.703790134546757, 47.127303907394143 ], [ 28.70379686768538, 47.127308306644565 ], [ 28.703803457176079, 47.127308208605129 ], [ 28.703810190316329, 47.127312607854734 ], [ 28.703816779807521, 47.12731250981453 ], [ 28.703823512949398, 47.127316909063317 ], [ 28.703830102441074, 47.127316811022339 ], [ 28.703836835584585, 47.127321210270324 ], [ 28.703843425076744, 47.127321112228579 ], [ 28.703850158221886, 47.12732551147576 ], [ 28.703856747714536, 47.127325413433233 ], [ 28.703863480861305, 47.127329812679605 ], [ 28.703870070354434, 47.127329714636311 ], [ 28.703876803502833, 47.127334113881865 ], [ 28.703883392996456, 47.127334015837803 ], [ 28.703890126146483, 47.127338415082569 ], [ 28.703896715640585, 47.127338317037712 ], [ 28.703903161477101, 47.127333721703323 ], [ 28.703903017819577, 47.127329224414147 ], [ 28.703909607312504, 47.127329126368586 ], [ 28.703916196805391, 47.127329028322634 ], [ 28.703922786298243, 47.127328930276306 ], [ 28.703929375791063, 47.127328832229594 ], [ 28.70392951945081, 47.12733332951872 ], [ 28.703929663110578, 47.127337826807825 ], [ 28.703929806770397, 47.127342324096929 ], [ 28.703923360935196, 47.127346919432803 ], [ 28.703930094090115, 47.127351318675132 ], [ 28.703936683585678, 47.127351220627979 ], [ 28.703943416742231, 47.127355619869498 ], [ 28.703950006238273, 47.127355521821556 ], [ 28.70395673939645, 47.127359921062279 ], [ 28.703963328892982, 47.12735982301357 ], [ 28.703970062052793, 47.12736422225349 ], [ 28.703976651549812, 47.127364124204 ], [ 28.70398338471125, 47.127368523443096 ], [ 28.703989974208753, 47.127368425392838 ], [ 28.703996707371818, 47.127372824631138 ], [ 28.704003296869811, 47.127372726580106 ], [ 28.70401003003451, 47.127377125817603 ], [ 28.704016619532979, 47.127377027765796 ], [ 28.704023352699309, 47.127381427002483 ], [ 28.704030085866755, 47.127385826238744 ], [ 28.704036675366233, 47.127385728185772 ], [ 28.704043408535298, 47.127390127421229 ], [ 28.70404999803527, 47.12739002936749 ], [ 28.70405673120597, 47.127394428602145 ], [ 28.704063320706414, 47.127394330547617 ], [ 28.704070053878745, 47.127398729781468 ], [ 28.704076643379679, 47.12739863172618 ], [ 28.704083376553644, 47.127403030959208 ], [ 28.704089966055065, 47.127402932903152 ], [ 28.704096699230657, 47.12740733213537 ], [ 28.704103288732558, 47.127407234078539 ], [ 28.704110021909781, 47.127411633309968 ], [ 28.704116611412172, 47.127411535252357 ], [ 28.704123344591022, 47.127415934482968 ], [ 28.704129934093899, 47.127415836424589 ], [ 28.704136667274383, 47.127420235654391 ], [ 28.704143256777741, 47.127420137595244 ], [ 28.704149989959852, 47.127424536824236 ], [ 28.704156579463703, 47.127424438764308 ], [ 28.704163312647445, 47.127428837992497 ], [ 28.704169902151776, 47.127428739931801 ], [ 28.704176635337145, 47.12743313915918 ], [ 28.704183224841969, 47.127433041097717 ], [ 28.704189958028966, 47.127437440324286 ], [ 28.704196691217078, 47.127441839550443 ], [ 28.704203280722904, 47.127441741487807 ] ] } },
{ "type": "Feature", "properties": { "element": "node", "id": "W0022", "kind": "waste", "length_m": null, "frm": null, "to": null }, "geometry": { "type": "Point", "coordinates": [ 28.704214928767758, 47.127434896069637 ] } },
{ "type": "Feature", "properties": { "element": "edge", "id": "W0022->W0021", "kind": "leg", "length_m": 10.8, "frm": "W0022", "to": "W0021" }, "geometry": { "type": "LineString", "coordinates": [ [ 28.704203280722904, 47.127441741487807 ], [ 28.704210013912643, 47.127446140713154 ], [ 28.704216747103491, 47.127450539938096 ], [ 28.704223336610323, 47.127450441874281 ], [ 28.704230069802804, 47.127454841098405 ], [ 28.704236802996391, 47.127459240322132 ], [ 28.704243392504232, 47.127459142257159 ], [ 28.704250125699453, 47.127463541480068 ], [ 28.704256715207773, 47.127463443414314 ], [ 28.704263448404625, 47.127467842636428 ], [ 28.704270181602585, 47.127472241858101 ], [ 28.704276771111918, 47.127472143791181 ], [ 28.704283504311501, 47.127476543012072 ], [ 28.7042902375122, 47.127480942232545 ], [ 28.704296827022539, 47.127480844164459 ], [ 28.704303560224869, 47.127485243384122 ], [ 28.704310293428307, 47.127489642603365 ], [ 28.704316882939644, 47.127489544534114 ] ] } },
{ "type": "Feature", "properties": { "element": "node", "id": "W0021", "kind": "waste", "length_m": null, "frm": null, "to": null }, "geometry": { "type": "Point", "coordinates": [ 28.704318202284036, 47.127479253282246 ] } },
{ "type": "Feature", "properties": { "element": "edge", "id": "W0021->I0003", "kind": "leg", "length_m": 80.4, "frm": "W0021", "to": "I0003" }, "geometry": { "type": "LineString", "coordinates": [ [ 28.704316882939644, 47.127489544534114 ], [ 28.704323616144716, 47.127493943752548 ], [ 28.704330349350897, 47.127498342970569 ], [ 28.704336938863239, 47.127498244900153 ], [ 28.704343672071051, 47.127502644117378 ], [ 28.704350405279968, 47.127507043334184 ], [ 28.704356994793322, 47.127506945262596 ], [ 28.704363728003873, 47.127511344478592 ], [ 28.704370461215529, 47.127515743694168 ], [ 28.704377050729885, 47.127515645621429 ], [ 28.704383783943179, 47.127520044836196 ], [ 28.704390517157574, 47.12752444405055 ], [ 28.704397106672939, 47.127524345976632 ], [ 28.704403839888968, 47.12752874519019 ], [ 28.704410573106106, 47.12753314440333 ], [ 28.70441716262248, 47.127533046328239 ], [ 28.704423895841245, 47.127537445540575 ], [ 28.704430629061122, 47.127541844752486 ], [ 28.704437218578502, 47.127541746676236 ], [ 28.704443951800009, 47.127546145887344 ], [ 28.704450541317865, 47.127546047810327 ], [ 28.704457274541006, 47.127550447020624 ], [ 28.704464007765257, 47.127554846230517 ], [ 28.704470597284125, 47.127554748152313 ], [ 28.704477330509999, 47.12755914736141 ], [ 28.704484063736992, 47.127563546570066 ], [ 28.704490653256862, 47.127563448490712 ], [ 28.704497386485482, 47.127567847698572 ], [ 28.704503976005839, 47.127567749618436 ], [ 28.704510709236086, 47.127572148825486 ], [ 28.704517442467445, 47.127576548032131 ], [ 28.704524031988807, 47.127576449950837 ], [ 28.704530765221794, 47.127580849156658 ], [ 28.704537498455892, 47.127585248362074 ], [ 28.704544087978263, 47.1275851502796 ], [ 28.704550821213989, 47.127589549484213 ], [ 28.70455755445083, 47.127593948688414 ], [ 28.704564287688775, 47.127598347892203 ], [ 28.704571020927837, 47.127602747095565 ], [ 28.704577754168003, 47.127607146298523 ], [ 28.704584487409278, 47.127611545501068 ], [ 28.704591220651668, 47.127615944703194 ], [ 28.704597953895167, 47.127620343904908 ], [ 28.704604687139774, 47.127624743106217 ], [ 28.704611420385493, 47.127629142307114 ], [ 28.704618153632318, 47.127633541507578 ], [ 28.704624886880254, 47.127637940707643 ], [ 28.704631620129298, 47.127642339907297 ], [ 28.704638353379455, 47.127646739106531 ], [ 28.704645086630723, 47.12765113830536 ], [ 28.704651819883097, 47.127655537503756 ], [ 28.704658553136586, 47.127659936701761 ], [ 28.704665286391183, 47.127664335899333 ], [ 28.704672019646885, 47.127668735096506 ], [ 28.704678752903703, 47.127673134293268 ], [ 28.70468548616163, 47.127677533489603 ], [ 28.704692219420657, 47.127681932685533 ], [ 28.704698952680808, 47.127686331881044 ], [ 28.704705685942059, 47.127690731076143 ], [ 28.704712419204423, 47.127695130270844 ], [ 28.704719152467902, 47.127699529465104 ], [ 28.704725885732486, 47.127703928658974 ], [ 28.704726029461241, 47.127708425945926 ], [ 28.704726173190039, 47.127712923232885 ], [ 28.704732906456911, 47.127717322426292 ], [ 28.704739639724892, 47.127721721619288 ], [ 28.704746372993988, 47.127726120811865 ], [ 28.704753106264196, 47.127730520004036 ], [ 28.704759839535502, 47.127734919195788 ], [ 28.70476657280793, 47.127739318387128 ], [ 28.704773306081456, 47.127743717578056 ], [ 28.704780039356105, 47.127748116768579 ], [ 28.704786772631852, 47.127752515958676 ], [ 28.704793505908714, 47.127756915148368 ], [ 28.704800239186689, 47.12776131433764 ], [ 28.704806972465768, 47.1277657135265 ], [ 28.704807116201675, 47.12777021081321 ], [ 28.704807259937613, 47.127774708099928 ], [ 28.704807403673584, 47.127779205386645 ], [ 28.704807547409594, 47.127783702673348 ], [ 28.704807691145643, 47.127788199960051 ], [ 28.704807834881713, 47.12779269724674 ], [ 28.704807978617829, 47.127797194533436 ], [ 28.704801532805767, 47.127801789918131 ], [ 28.704795086992604, 47.127806385302456 ], [ 28.704788641178322, 47.127810980686448 ], [ 28.704782195362938, 47.127815576070084 ], [ 28.704775749546432, 47.127820171453365 ], [ 28.704769303728831, 47.127824766836291 ], [ 28.704762857910108, 47.127829362218868 ], [ 28.704756412090283, 47.127833957601084 ], [ 28.704749966269347, 47.127838552982972 ], [ 28.704743520447295, 47.127843148364484 ], [ 28.704737074624138, 47.127847743745654 ], [ 28.704730628799869, 47.12785233912647 ], [ 28.704724182974491, 47.127856934506937 ], [ 28.704717737148009, 47.127861529887049 ], [ 28.704717880876874, 47.127866027173901 ], [ 28.704718024605771, 47.127870524460754 ], [ 28.704718168334704, 47.127875021747592 ], [ 28.704718312063672, 47.127879519034423 ], [ 28.704718455792673, 47.127884016321261 ], [ 28.704718599521716, 47.127888513608099 ], [ 28.704718743250783, 47.127893010894923 ], [ 28.70471888697989, 47.127897508181746 ], [ 28.704719030709036, 47.12790200546857 ], [ 28.704719174438214, 47.12790650275538 ], [ 28.70471931816742, 47.127911000042182 ], [ 28.704719461896669, 47.127915497329006 ], [ 28.704719605625947, 47.127919994615809 ], [ 28.704719749355263, 47.127924491902604 ], [ 28.704719893084611, 47.1279289891894 ], [ 28.704720036813999, 47.127933486476181 ], [ 28.704720180543418, 47.127937983762983 ], [ 28.70472032427287, 47.127942481049764 ], [ 28.704720468002357, 47.127946978336546 ], [ 28.704720611731883, 47.127951475623327 ], [ 28.704720755461445, 47.127955972910101 ], [ 28.704720899191035, 47.127960470196861 ], [ 28.704721042920664, 47.127964967483635 ], [ 28.704721186650321, 47.127969464770395 ], [ 28.704721330380021, 47.127973962057155 ], [ 28.704721474109753, 47.127978459343908 ], [ 28.704721617839521, 47.127982956630646 ], [ 28.704721761569321, 47.127987453917406 ], [ 28.704721905299159, 47.12799195120413 ], [ 28.70472204902903, 47.127996448490883 ], [ 28.704722192758933, 47.128000945777622 ], [ 28.704715746915209, 47.128005541157741 ], [ 28.704709301070373, 47.128010136537497 ] ] } },
{ "type": "Feature", "properties": { "element": "node", "id": "I0003", "kind": "inspection", "length_m": null, "frm": null, "to": null }, "geometry": { "type": "Point", "coordinates": [ 28.704711447231443, 47.128009920361976 ] } },
{ "type": "Feature", "properties": { "element": "edge", "id": "I0003->W0015", "kind": "leg", "length_m": 34.8, "frm": "I0003", "to": "W0015" }, "geometry": { "type": "LineString", "coordinates": [ [ 28.704709301070373, 47.128010136537497 ], [ 28.704709157341508, 47.128005639250745 ], [ 28.704709013612682, 47.128001141963978 ], [ 28.704708869883888, 47.127996644677218 ], [ 28.704708726155122, 47.127992147390444 ], [ 28.704708582426399, 47.127987650103677 ], [ 28.704708438697711, 47.127983152816881 ], [ 28.704708294969048, 47.127978655530107 ], [ 28.704708151240432, 47.127974158243326 ], [ 28.70470800751184, 47.127969660956538 ], [ 28.704707863783291, 47.127965163669757 ], [ 28.70470772005477, 47.127960666382961 ], [ 28.704707576326285, 47.127956169096151 ], [ 28.704707432597839, 47.127951671809342 ], [ 28.704707288869429, 47.127947174522539 ], [ 28.704707145141047, 47.127942677235723 ], [ 28.7047070014127, 47.12793817994892 ], [ 28.704706857684396, 47.127933682662089 ], [ 28.704706713956117, 47.127929185375272 ], [ 28.704706570227881, 47.127924688088441 ], [ 28.704706426499669, 47.127920190801611 ], [ 28.704706282771504, 47.12791569351478 ], [ 28.704706139043363, 47.127911196227942 ], [ 28.704705995315262, 47.127906698941096 ], [ 28.704712441148132, 47.127902103561595 ], [ 28.704712297419547, 47.127897606274772 ], [ 28.704712153690995, 47.127893108987919 ], [ 28.704712009962478, 47.127888611701081 ], [ 28.704718455792673, 47.127884016321261 ], [ 28.704718312063672, 47.127879519034423 ], [ 28.704718168334704, 47.127875021747592 ], [ 28.704718024605771, 47.127870524460754 ], [ 28.704717880876874, 47.127866027173901 ], [ 28.704717737148009, 47.127861529887049 ], [ 28.704717593419176, 47.12785703260019 ], [ 28.704717449690385, 47.12785253531333 ], [ 28.704717305961623, 47.127848038026471 ], [ 28.704717162232896, 47.127843540739612 ], [ 28.7047236080573, 47.127838945359542 ], [ 28.70472346432809, 47.12783444807269 ], [ 28.704723320598912, 47.127829950785816 ], [ 28.704729766421174, 47.127825355405413 ], [ 28.704729622691506, 47.127820858118568 ], [ 28.704736068512133, 47.127816262737831 ], [ 28.704742514331652, 47.127811667356738 ], [ 28.704748960150056, 47.127807071975305 ], [ 28.704755405967354, 47.127802476593516 ], [ 28.704761851783541, 47.127797881211372 ], [ 28.704768297598619, 47.127793285828872 ], [ 28.704774743412582, 47.127788690446017 ], [ 28.704781189225443, 47.127784095062822 ], [ 28.704787635037185, 47.127779499679264 ], [ 28.704794080847826, 47.127774904295364 ], [ 28.704800526657351, 47.127770308911103 ], [ 28.704806972465768, 47.1277657135265 ], [ 28.704800239186689, 47.12776131433764 ], [ 28.704793505908714, 47.127756915148368 ], [ 28.70478691636599, 47.12775701324545 ], [ 28.704780183089646, 47.127752614055368 ], [ 28.704773449814411, 47.127748214864873 ], [ 28.704766716540295, 47.127743815673959 ], [ 28.704760126999091, 47.127743913769493 ] ] } },
{ "type": "Feature", "properties": { "element": "node", "id": "W0015", "kind": "waste", "length_m": null, "frm": null, "to": null }, "geometry": { "type": "Point", "coordinates": [ 28.704747230653329, 47.127752956696874 ] } },
{ "type": "Feature", "properties": { "element": "edge", "id": "W0015->I0022", "kind": "leg", "length_m": 190.4, "frm": "W0015", "to": "I0022" }, "geometry": { "type": "LineString", "coordinates": [ [ 28.704760126999091, 47.127743913769493 ], [ 28.70475998326728, 47.12773941648264 ], [ 28.704759839535502, 47.127734919195788 ], [ 28.704759695803762, 47.127730421908929 ], [ 28.704752962533039, 47.127726022717162 ], [ 28.704746229263424, 47.127721623524977 ], [ 28.704739495994922, 47.127717224332372 ], [ 28.704739352264987, 47.127712727045456 ], [ 28.704732618998175, 47.127708327852417 ], [ 28.704725885732486, 47.127703928658974 ], [ 28.704719296196075, 47.127704026752085 ], [ 28.704712706659624, 47.127704124844826 ], [ 28.704706117123134, 47.127704222937183 ], [ 28.704699383860117, 47.127699823742127 ], [ 28.704692650598197, 47.127695424546673 ], [ 28.704685917337397, 47.127691025350806 ], [ 28.704679184077705, 47.127686626154514 ], [ 28.704672450819121, 47.127682226957823 ], [ 28.704665717561642, 47.127677827760721 ], [ 28.704658984305283, 47.127673428563185 ], [ 28.704652394772399, 47.127673526652408 ], [ 28.704645805239494, 47.127673624741249 ], [ 28.704639215706543, 47.127673722829705 ], [ 28.704632482452848, 47.127669323630585 ], [ 28.704625749200268, 47.127664924431052 ], [ 28.704619015948794, 47.127660525231107 ], [ 28.704612282698427, 47.127656126030736 ], [ 28.704605549449173, 47.127651726829967 ], [ 28.704598816201024, 47.127647327628786 ], [ 28.70459208295399, 47.127642928427186 ], [ 28.704585349708065, 47.127638529225166 ], [ 28.704578616463252, 47.127634130022741 ], [ 28.704571883219543, 47.127629730819898 ], [ 28.704565293691765, 47.127629828904041 ], [ 28.704558704163951, 47.127629926987794 ], [ 28.704552114636101, 47.127630025071177 ], [ 28.70454552510822, 47.127630123154184 ], [ 28.704538935580306, 47.127630221236807 ], [ 28.704532346052346, 47.127630319319053 ], [ 28.704525612812876, 47.127625920113424 ], [ 28.704518879574515, 47.127621520907397 ], [ 28.704512290047568, 47.127621618988464 ], [ 28.704505556810833, 47.127617219781619 ], [ 28.704498823575204, 47.12761282057437 ], [ 28.70449209034069, 47.127608421366702 ], [ 28.704485357107288, 47.127604022158621 ], [ 28.704478623874991, 47.127599622950122 ], [ 28.704471890643802, 47.127595223741217 ], [ 28.704465157413729, 47.127590824531893 ], [ 28.704458424184768, 47.12758642532215 ], [ 28.704451690956905, 47.127582026112002 ], [ 28.704445101434608, 47.127582124189161 ], [ 28.704438511912272, 47.127582222265929 ], [ 28.704431778686569, 47.127577823054587 ], [ 28.704425045461971, 47.127573423842804 ], [ 28.704418312238484, 47.127569024630638 ], [ 28.704411579016114, 47.127564625418046 ], [ 28.704404845794841, 47.127560226205041 ], [ 28.704398256275077, 47.127560324279465 ], [ 28.704391666755274, 47.127560422353504 ], [ 28.70438507723544, 47.127560520427167 ], [ 28.704378487715566, 47.127560618500453 ], [ 28.70437189819566, 47.127560716573363 ], [ 28.704365164978103, 47.127556317357964 ], [ 28.704358431761662, 47.127551918142167 ], [ 28.704351698546326, 47.127547518925951 ], [ 28.704344965332094, 47.127543119709316 ], [ 28.704338232118978, 47.127538720492275 ], [ 28.704331498906974, 47.127534321274808 ], [ 28.704324765696079, 47.127529922056951 ], [ 28.704318176179783, 47.127530020126713 ], [ 28.704311586663444, 47.127530118196098 ], [ 28.704304997147077, 47.127530216265107 ], [ 28.70429840763067, 47.127530314333733 ], [ 28.704291818114232, 47.127530412401988 ], [ 28.704285084907049, 47.127526013181722 ], [ 28.704278351700975, 47.127521613961065 ], [ 28.704271762185542, 47.127521712028141 ], [ 28.704265028981098, 47.127517312806674 ], [ 28.704258295777755, 47.127512913584788 ], [ 28.704251562575532, 47.127508514362475 ], [ 28.704244973061623, 47.127508612427995 ], [ 28.704238239861034, 47.12750421320488 ], [ 28.704231650347609, 47.127504311269625 ], [ 28.704224917148647, 47.127499912045721 ], [ 28.70421818395079, 47.127495512821383 ], [ 28.704211594438373, 47.127495610884957 ], [ 28.704204861242147, 47.12749121165983 ], [ 28.704198128047032, 47.12748681243427 ], [ 28.704191538535625, 47.127486910496692 ], [ 28.704184805342138, 47.12748251127033 ], [ 28.704178072149759, 47.127478112043555 ], [ 28.704171482639357, 47.127478210104798 ], [ 28.704164749448609, 47.127473810877206 ], [ 28.704158016258976, 47.127469411649216 ], [ 28.704151426749572, 47.1274695097093 ], [ 28.704144980918752, 47.127474105057502 ], [ 28.704145124597396, 47.127478602346002 ], [ 28.704138678764938, 47.127483197693856 ], [ 28.704132232931375, 47.127487793041361 ], [ 28.704132376609007, 47.127492290329883 ], [ 28.704125930773817, 47.127496885677047 ], [ 28.704126074450965, 47.127501382965569 ], [ 28.704126218128152, 47.127505880254084 ], [ 28.704119772290809, 47.127510475600928 ], [ 28.704119915967507, 47.12751497288945 ], [ 28.704113470128529, 47.127519568235947 ], [ 28.704113613804751, 47.127524065524483 ], [ 28.704113757480997, 47.127528562813012 ], [ 28.70410731163987, 47.127533158159181 ], [ 28.70410745531564, 47.127537655447718 ], [ 28.704101009472886, 47.127542250793546 ], [ 28.704101153148162, 47.127546748082089 ], [ 28.704101296823474, 47.127551245370633 ], [ 28.704094850978571, 47.127555840716127 ], [ 28.704094994653396, 47.12756033800467 ], [ 28.704088548806862, 47.127564933349838 ], [ 28.7040886924812, 47.127569430638388 ], [ 28.704088836155577, 47.127573927926939 ], [ 28.704082390306894, 47.127578523271765 ], [ 28.704082533980785, 47.12758302056033 ], [ 28.704082677654711, 47.12758751784888 ], [ 28.704082821328672, 47.127592015137431 ], [ 28.704089554527986, 47.127596414369641 ], [ 28.704096144053267, 47.127596316312925 ], [ 28.704096287728412, 47.12760081360144 ], [ 28.704096431403581, 47.127605310889955 ], [ 28.704096575078793, 47.127609808178462 ], [ 28.704096718754037, 47.127614305466956 ], [ 28.704096862429317, 47.127618802755464 ], [ 28.704097006104629, 47.12762330004395 ], [ 28.704090560250812, 47.127627895389274 ], [ 28.70409070392564, 47.127632392677768 ], [ 28.704084258070186, 47.127636988022751 ], [ 28.704084401744531, 47.127641485311258 ], [ 28.704084545418908, 47.127645982599766 ], [ 28.704078099561311, 47.127650577944408 ], [ 28.704078243235198, 47.127655075232923 ], [ 28.704071797375974, 47.127659670577231 ], [ 28.704071941049378, 47.127664167865753 ], [ 28.704072084722817, 47.127668665154268 ], [ 28.704065638861437, 47.127673260498248 ], [ 28.704065782534393, 47.12767775778677 ], [ 28.704059336671385, 47.12768235313041 ], [ 28.704059480343851, 47.127686850418947 ], [ 28.704059624016359, 47.127691347707476 ], [ 28.704053178151199, 47.127695943050774 ], [ 28.704053321823213, 47.127700440339311 ], [ 28.704046875956426, 47.127705035682283 ], [ 28.704047019627961, 47.127709532970819 ], [ 28.704047163299531, 47.127714030259369 ], [ 28.704040717430587, 47.127718625602 ], [ 28.704040861101667, 47.127723122890551 ], [ 28.704034415231099, 47.127727718232855 ], [ 28.704034558901693, 47.127732215521398 ], [ 28.704034702572329, 47.127736712809948 ], [ 28.704028256699605, 47.127741308151926 ], [ 28.704028400369751, 47.127745805440483 ], [ 28.704021954495399, 47.127750400782105 ], [ 28.704022098165062, 47.12775489807067 ], [ 28.704022241834757, 47.127759395359242 ], [ 28.704015795958256, 47.127763990700529 ], [ 28.704015939627467, 47.127768487989094 ], [ 28.704009493749336, 47.127773083330062 ], [ 28.704009637418057, 47.127777580618634 ], [ 28.704009781086818, 47.127782077907213 ], [ 28.704003335206536, 47.12778667324784 ], [ 28.704003478874807, 47.127791170536419 ], [ 28.703997032992898, 47.127795765876705 ], [ 28.703997176660685, 47.127800263165291 ], [ 28.703997320328508, 47.127804760453884 ], [ 28.703990874444443, 47.127809355793836 ], [ 28.703991018111779, 47.127813853082429 ], [ 28.703984572226091, 47.127818448422047 ], [ 28.703984715892943, 47.127822945710655 ], [ 28.703978270005621, 47.127827541049932 ], [ 28.70397841367198, 47.127832038338532 ], [ 28.703978557338381, 47.127836535627139 ], [ 28.703972111448909, 47.127841130966075 ], [ 28.703972255114824, 47.127845628254704 ], [ 28.703965809223725, 47.127850223593299 ], [ 28.703965952889149, 47.127854720881921 ], [ 28.703966096554616, 47.127859218170528 ], [ 28.703959650661364, 47.127863813508817 ], [ 28.703959794326337, 47.127868310797439 ], [ 28.703953348431462, 47.127872906135359 ], [ 28.703953492095952, 47.127877403423994 ], [ 28.703953635760481, 47.12788190071263 ], [ 28.703947189863445, 47.12788649605023 ], [ 28.703947333527484, 47.127890993338866 ], [ 28.703940887628821, 47.127895588676132 ], [ 28.703941031292377, 47.127900085964768 ], [ 28.703941174955972, 47.127904583253411 ], [ 28.70393472905516, 47.12790917859035 ], [ 28.703934872718261, 47.127913675878993 ], [ 28.703928426815821, 47.127918271215592 ], [ 28.703928570478443, 47.127922768504241 ], [ 28.703922124574365, 47.127927363840492 ], [ 28.7039222682365, 47.127931861129163 ], [ 28.70392241189867, 47.127936358417813 ], [ 28.703915965992444, 47.127940953753743 ], [ 28.703916109654131, 47.1279454510424 ], [ 28.703909663746273, 47.12795004637799 ], [ 28.70390980740747, 47.127954543666661 ], [ 28.703909951068706, 47.127959040955332 ], [ 28.703903505158699, 47.127963636290588 ], [ 28.703903648819445, 47.127968133579266 ], [ 28.703897202907811, 47.127972728914166 ], [ 28.70389734656807, 47.127977226202859 ], [ 28.703897490228368, 47.12798172349153 ], [ 28.703891044314584, 47.127986318826125 ], [ 28.703891187974396, 47.127990816114817 ], [ 28.703884742058975, 47.127995411449056 ], [ 28.703884885718303, 47.127999908737756 ], [ 28.703878439801262, 47.128004504071669 ], [ 28.703878583460096, 47.128009001360368 ], [ 28.703878727118973, 47.128013498649061 ], [ 28.703872281199775, 47.128018093982647 ], [ 28.703872424858165, 47.128022591271339 ], [ 28.70386597893734, 47.128027186604577 ], [ 28.70386612259524, 47.12803168389329 ], [ 28.703866266253179, 47.128036181182011 ], [ 28.703859820330202, 47.128040776514908 ], [ 28.703859963987657, 47.128045273803615 ], [ 28.703853518063049, 47.128049869136184 ], [ 28.703853661720014, 47.128054366424919 ], [ 28.703853805377019, 47.128058863713633 ], [ 28.703847359450258, 47.128063459045869 ], [ 28.703847503106779, 47.12806795633459 ], [ 28.703841057178391, 47.128072551666499 ], [ 28.703841200834418, 47.128077048955227 ], [ 28.703841344490481, 47.128081546243955 ], [ 28.703834898559951, 47.128086141575523 ], [ 28.70383504221553, 47.128090638864258 ], [ 28.703828596283362, 47.128095234195484 ], [ 28.703828739938452, 47.128099731484234 ], [ 28.703822294004656, 47.128104326815112 ], [ 28.703822437659266, 47.128108824103876 ], [ 28.703822581313904, 47.128113321392625 ], [ 28.703816135377959, 47.128117916723184 ], [ 28.703816279032118, 47.128122414011941 ], [ 28.703809833094539, 47.128127009342151 ], [ 28.703809976748207, 47.128131506630929 ], [ 28.703810120401918, 47.128136003919671 ], [ 28.703803674462186, 47.128140599249569 ], [ 28.703803818115414, 47.12814509653834 ], [ 28.703797372174055, 47.128149691867876 ], [ 28.703797515826789, 47.128154189156646 ], [ 28.703797659479555, 47.128158686445438 ], [ 28.703791213536046, 47.128163281774647 ], [ 28.703791357188329, 47.128167779063425 ], [ 28.703784911243194, 47.1281723743923 ], [ 28.703785054894993, 47.128176871681092 ], [ 28.703785198546825, 47.128181368969877 ], [ 28.70377875259954, 47.128185964298424 ], [ 28.703778896250888, 47.128190461587202 ], [ 28.703772450301965, 47.128195056915416 ], [ 28.703772593952831, 47.128199554204222 ], [ 28.703766148002281, 47.128204149532081 ], [ 28.703766291652656, 47.12820864682088 ], [ 28.70376643530307, 47.128213144109694 ], [ 28.703759989350367, 47.128217739437218 ], [ 28.703760133000291, 47.128222236726032 ], [ 28.703753687045964, 47.12822683205323 ], [ 28.703753830695401, 47.128231329342043 ], [ 28.703753974344874, 47.128235826630849 ], [ 28.703747528388394, 47.12824042195772 ], [ 28.703747672037384, 47.128244919246555 ], [ 28.703741226079277, 47.128249514573071 ], [ 28.703741369727783, 47.128254011861905 ], [ 28.703741513376318, 47.128258509150719 ], [ 28.703735067416055, 47.128263104476915 ], [ 28.70373521106411, 47.128267601765756 ], [ 28.703728765102223, 47.128272197091604 ], [ 28.703728908749785, 47.128276694380453 ], [ 28.703729052397389, 47.128281191669288 ], [ 28.703722606433345, 47.128285786994809 ], [ 28.703722750080463, 47.128290284283651 ], [ 28.703716304114792, 47.128294879608838 ], [ 28.703716447761423, 47.128299376897701 ], [ 28.703716591408089, 47.12830387418655 ], [ 28.703710145440269, 47.128308469511396 ], [ 28.703710289086452, 47.128312966800245 ], [ 28.703703843116994, 47.128317562124771 ], [ 28.70370398676269, 47.128322059413634 ], [ 28.703704130408422, 47.12832655670249 ], [ 28.703697684436815, 47.128331152026675 ], [ 28.703697828082063, 47.128335649315538 ], [ 28.703691382108829, 47.128340244639389 ], [ 28.703691525753587, 47.12834474192826 ], [ 28.703691669398378, 47.128349239217137 ], [ 28.703685223422998, 47.128353834540654 ], [ 28.703685367067305, 47.128358331829531 ], [ 28.703678921090294, 47.1283629271527 ], [ 28.703679064734111, 47.128367424441592 ], [ 28.703672618755469, 47.128372019764427 ], [ 28.703672762398803, 47.128376517053319 ], [ 28.703672906042176, 47.128381014342203 ], [ 28.703666460061385, 47.128385609664711 ], [ 28.703666603704264, 47.12839010695361 ], [ 28.703660157721846, 47.128394702275763 ], [ 28.703660301364245, 47.128399199564676 ], [ 28.703660445006676, 47.128403696853574 ], [ 28.703653999022105, 47.128408292175415 ], [ 28.703654142664053, 47.128412789464313 ], [ 28.703647696677848, 47.128417384785806 ], [ 28.703647840319309, 47.128421882074726 ], [ 28.703641394331477, 47.128426477395884 ], [ 28.703641537972452, 47.128430974684804 ], [ 28.703641681613462, 47.128435471973717 ], [ 28.70363523562348, 47.128440067294548 ], [ 28.703635379264007, 47.128444564583475 ], [ 28.703628933272391, 47.128449159903958 ], [ 28.703629076912435, 47.128453657192885 ], [ 28.703629220552504, 47.12845815448182 ], [ 28.703629364192622, 47.128462651770739 ], [ 28.703629507832762, 47.128467149059666 ], [ 28.703636097467161, 47.128467051028046 ], [ 28.703642687101521, 47.128466952996042 ], [ 28.703642830742812, 47.128471450284934 ], [ 28.703636384748663, 47.128476045605851 ] ] } },
{ "type": "Feature", "properties": { "element": "node", "id": "I0022", "kind": "inspection", "length_m": null, "frm": null, "to": null }, "geometry": { "type": "Point", "coordinates": [ 28.703632000214515, 47.128477089530691 ] } },
{ "type": "Feature", "properties": { "element": "edge", "id": "I0022->I0019", "kind": "leg", "length_m": 21.1, "frm": "I0022", "to": "I0019" }, "geometry": { "type": "LineString", "coordinates": [ [ 28.703636384748663, 47.128476045605851 ], [ 28.703636528389463, 47.128480542894742 ], [ 28.703636672030303, 47.128485040183634 ], [ 28.703636815671178, 47.128489537472518 ], [ 28.703636959312085, 47.12849403476141 ], [ 28.703637102953028, 47.128498532050273 ], [ 28.70363724659401, 47.12850302933915 ], [ 28.703643979874375, 47.128507428595888 ], [ 28.703650569513698, 47.128507330563366 ], [ 28.703657159152982, 47.128507232530481 ], [ 28.703657302795698, 47.128511729819301 ], [ 28.703657446438442, 47.128516227108122 ], [ 28.703657590081221, 47.128520724396928 ], [ 28.70365773372404, 47.128525221685742 ], [ 28.703651287724824, 47.128529817007511 ], [ 28.70365143136716, 47.128534314296338 ], [ 28.70365157500952, 47.128538811585152 ], [ 28.703645129008166, 47.128543406906608 ], [ 28.703645272650043, 47.128547904195422 ], [ 28.703645416291955, 47.128552401484235 ], [ 28.703638970288445, 47.128556996805365 ], [ 28.703639113929867, 47.128561494094185 ], [ 28.703632667924726, 47.128566089414967 ], [ 28.703632811565669, 47.128570586703809 ], [ 28.70363295520665, 47.128575083992622 ], [ 28.703626509199356, 47.128579679313091 ], [ 28.703626652839848, 47.128584176601933 ], [ 28.703620206830927, 47.12858877192204 ], [ 28.703620350470935, 47.128593269210889 ], [ 28.703613904460379, 47.128597864530661 ], [ 28.703614048099901, 47.12860236181951 ], [ 28.703614191739458, 47.128606859108359 ], [ 28.703607745726753, 47.128611454427798 ], [ 28.703607889365824, 47.128615951716654 ], [ 28.703608033004929, 47.128620449005496 ], [ 28.703608176644064, 47.128624946294345 ], [ 28.703601730628694, 47.128629541613478 ], [ 28.703601874267346, 47.128634038902334 ], [ 28.703602017906036, 47.128638536191183 ] ] } },
{ "type": "Feature", "properties": { "element": "node", "id": "I0019", "kind": "inspection", "length_m": null, "frm": null, "to": null }, "geometry": { "type": "Point", "coordinates": [ 28.703607946640364, 47.1286398201065 ] } },
{ "type": "Feature", "properties": { "element": "edge", "id": "I0019->I0020", "kind": "leg", "length_m": 18.2, "frm": "I0019", "to": "I0020" }, "geometry": { "type": "LineString", "coordinates": [ [ 28.703602017906036, 47.128638536191183 ], [ 28.70359557188851, 47.128643131509975 ], [ 28.703589125869875, 47.128647726828426 ], [ 28.703582679850133, 47.128652322146507 ], [ 28.703582823487292, 47.128656819435399 ], [ 28.703582967124493, 47.128661316724269 ], [ 28.703576521102594, 47.128665912042038 ], [ 28.703576664739309, 47.128670409330915 ], [ 28.703570218715782, 47.128675004648336 ], [ 28.703570362352004, 47.128679501937228 ], [ 28.703570505988264, 47.128683999226126 ], [ 28.703564059962588, 47.128688594543206 ], [ 28.703564203598365, 47.128693091832112 ], [ 28.703557757571062, 47.128697687148865 ], [ 28.703557901206349, 47.12870218443777 ], [ 28.703551455177415, 47.128706779754175 ], [ 28.703551598812219, 47.128711277043088 ], [ 28.703551742447054, 47.128715774332001 ], [ 28.703545296415971, 47.128720369648072 ], [ 28.703545440050323, 47.128724866936992 ], [ 28.703538994017606, 47.128729462252721 ], [ 28.703539137651475, 47.128733959541663 ], [ 28.703532691617131, 47.128738554857044 ], [ 28.70353283525051, 47.128743052145978 ], [ 28.703532978883924, 47.128747549434898 ], [ 28.70352653284743, 47.128752144749981 ], [ 28.703526676480354, 47.128756642038908 ], [ 28.703520230442233, 47.128761237353636 ], [ 28.703520374074674, 47.12876573464257 ], [ 28.703520517707158, 47.128770231931519 ], [ 28.70352066133967, 47.12877472922046 ], [ 28.703520804972218, 47.12877922650938 ] ] } },
{ "type": "Feature", "properties": { "element": "node", "id": "I0020", "kind": "inspection", "length_m": null, "frm": null, "to": null }, "geometry": { "type": "Point", "coordinates": [ 28.703526986010068, 47.128780503392314 ] } },
{ "type": "Feature", "properties": { "element": "edge", "id": "I0020->I0021", "kind": "leg", "length_m": 38.5, "frm": "I0020", "to": "I0021" }, "geometry": { "type": "LineString", "coordinates": [ [ 28.703520804972218, 47.12877922650938 ], [ 28.70352066133967, 47.12877472922046 ], [ 28.703520517707158, 47.128770231931519 ], [ 28.703520374074674, 47.12876573464257 ], [ 28.703520230442233, 47.128761237353636 ], [ 28.703520086809821, 47.128756740064695 ], [ 28.703519943177447, 47.128752242775747 ], [ 28.703526389214534, 47.128747647461033 ], [ 28.70353283525051, 47.128743052145978 ], [ 28.703532691617131, 47.128738554857044 ], [ 28.703532547983784, 47.128734057568117 ], [ 28.703538994017606, 47.128729462252721 ], [ 28.703538850383776, 47.128724964963801 ], [ 28.703538706749978, 47.128720467674867 ], [ 28.703545152781651, 47.128715872359159 ], [ 28.703551598812219, 47.128711277043088 ], [ 28.703551455177415, 47.128706779754175 ], [ 28.703551311542643, 47.128702282465262 ], [ 28.703551167907911, 47.128697785176342 ], [ 28.703557613935807, 47.128693189859945 ], [ 28.703557470300588, 47.128688692571032 ], [ 28.70356391632685, 47.128684097254315 ], [ 28.703563772691151, 47.128679599965402 ], [ 28.703570218715782, 47.128675004648336 ], [ 28.70357007507959, 47.128670507359438 ], [ 28.703569931443432, 47.128666010070546 ], [ 28.703576377465915, 47.12866141475314 ], [ 28.703576233829274, 47.128656917464255 ], [ 28.703582679850133, 47.128652322146507 ], [ 28.703582536213002, 47.128647824857637 ], [ 28.703588982232226, 47.128643229539541 ], [ 28.703588838594612, 47.128638732250671 ], [ 28.703588694957034, 47.128634234961787 ], [ 28.703595140974109, 47.128629639643385 ], [ 28.703594997336044, 47.128625142354501 ], [ 28.703601443351491, 47.128620547035752 ], [ 28.70360129971294, 47.128616049746888 ], [ 28.703601156074424, 47.128611552458018 ], [ 28.703607602087718, 47.128606957138928 ], [ 28.703607458448715, 47.128602459850072 ], [ 28.703613904460379, 47.128597864530661 ], [ 28.703613760820893, 47.128593367241805 ], [ 28.703620206830927, 47.12858877192204 ], [ 28.703620063190954, 47.128584274633191 ], [ 28.703619919551016, 47.128579777344342 ], [ 28.7036263655589, 47.12857518202425 ], [ 28.70362622191848, 47.128570684735401 ], [ 28.703632667924726, 47.128566089414967 ], [ 28.703632524283822, 47.128561592126132 ], [ 28.703638970288445, 47.128556996805365 ], [ 28.703638826647051, 47.12855249951653 ], [ 28.703638683005689, 47.128548002227703 ], [ 28.703645129008166, 47.128543406906608 ], [ 28.703644985366321, 47.128538909617774 ], [ 28.70365143136716, 47.128534314296338 ], [ 28.703651287724824, 47.128529817007511 ], [ 28.70365773372404, 47.128525221685742 ], [ 28.703657590081221, 47.128520724396928 ], [ 28.703657446438442, 47.128516227108122 ], [ 28.703657302795698, 47.128511729819301 ], [ 28.703657159152982, 47.128507232530481 ], [ 28.703663605149, 47.128502637208385 ], [ 28.703663461505808, 47.128498139919571 ], [ 28.703669907500199, 47.128493544597141 ], [ 28.703669763856514, 47.128489047308335 ], [ 28.703669620212864, 47.128484550019522 ], [ 28.703663030576422, 47.128484648053096 ], [ 28.703656440939945, 47.128484746086301 ] ] } },
{ "type": "Feature", "properties": { "element": "node", "id": "I0021", "kind": "inspection", "length_m": null, "frm": null, "to": null }, "geometry": { "type": "Point", "coordinates": [ 28.703663105781676, 47.128484958115415 ] } },
{ "type": "Feature", "properties": { "element": "node", "id": "I0023", "kind": "inspection", "length_m": null, "frm": null, "to": null }, "geometry": { "type": "Point", "coordinates": [ 28.703662410399641, 47.128484060474847 ] } },
{ "type": "Feature", "properties": { "element": "edge", "id": "I0021->I0024", "kind": "leg", "length_m": 117.4, "frm": "I0021", "to": "I0024" }, "geometry": { "type": "LineString", "coordinates": [ [ 28.703656440939945, 47.128484746086301 ], [ 28.703656297297442, 47.128480248797459 ], [ 28.703656153654975, 47.128475751508617 ], [ 28.703649420377694, 47.128471352252539 ], [ 28.703642687101521, 47.128466952996042 ], [ 28.703636097467161, 47.128467051028046 ], [ 28.703629507832762, 47.128467149059666 ], [ 28.703629364192622, 47.128462651770739 ], [ 28.703629220552504, 47.12845815448182 ], [ 28.703629076912435, 47.128453657192885 ], [ 28.703628933272391, 47.128449159903958 ], [ 28.703628789632383, 47.128444662615017 ], [ 28.703628645992413, 47.128440165326076 ], [ 28.703635091982989, 47.128435570005607 ], [ 28.703634948342529, 47.128431072716687 ], [ 28.703641394331477, 47.128426477395884 ], [ 28.703641250690534, 47.128421980106957 ], [ 28.703647696677848, 47.128417384785806 ], [ 28.703647553036415, 47.128412887496893 ], [ 28.703647409395021, 47.128408390207966 ], [ 28.703653855380189, 47.128403794886502 ], [ 28.703653711738305, 47.128399297597582 ], [ 28.703660157721846, 47.128394702275763 ], [ 28.703660014079478, 47.128390204986857 ], [ 28.70365987043715, 47.128385707697952 ], [ 28.703666316418534, 47.128381112375799 ], [ 28.703666172775716, 47.128376615086907 ], [ 28.703672618755469, 47.128372019764427 ], [ 28.703672475112167, 47.128367522475536 ], [ 28.703672331468901, 47.128363025186623 ], [ 28.703678777446502, 47.128358429863816 ], [ 28.703678633802753, 47.128353932574925 ], [ 28.703685079778722, 47.12834933725177 ], [ 28.703684936134486, 47.128344839962878 ], [ 28.703684792490282, 47.128340342674001 ], [ 28.703691238464106, 47.128335747350512 ], [ 28.703691094819419, 47.128331250061628 ], [ 28.703697540791609, 47.128326654737805 ], [ 28.703697397146431, 47.128322157448935 ], [ 28.703703843116994, 47.128317562124771 ], [ 28.703703699471333, 47.128313064835893 ], [ 28.703703555825708, 47.12830856754703 ], [ 28.703710001794121, 47.12830397222254 ], [ 28.703709858148013, 47.128299474933684 ], [ 28.703716304114792, 47.128294879608838 ], [ 28.703716160468197, 47.128290382319982 ], [ 28.703716016821637, 47.128285885031126 ], [ 28.703722462786263, 47.128281289705967 ], [ 28.703722319139217, 47.128276792417111 ], [ 28.703728765102223, 47.128272197091604 ], [ 28.70372862145469, 47.128267699802763 ], [ 28.703728477807189, 47.128263202513914 ], [ 28.703734923768039, 47.128258607188087 ], [ 28.703734780120055, 47.128254109899252 ], [ 28.703741226079277, 47.128249514573071 ], [ 28.70374108243081, 47.128245017284243 ], [ 28.703740938782374, 47.128240519995401 ], [ 28.703747384739444, 47.128235924668907 ], [ 28.703747241090518, 47.128231427380072 ], [ 28.703753687045964, 47.12822683205323 ], [ 28.703753543396555, 47.128222334764409 ], [ 28.703753399747182, 47.128217837475582 ], [ 28.703759845700475, 47.128213242148419 ], [ 28.703759702050622, 47.128208744859585 ], [ 28.703766148002281, 47.128204149532081 ], [ 28.703766004351934, 47.128199652243268 ], [ 28.70376586070163, 47.128195154954454 ], [ 28.703772306651139, 47.128190559626603 ], [ 28.703772163000341, 47.128186062337811 ], [ 28.703778608948223, 47.128181467009618 ], [ 28.703778465296942, 47.128176969720819 ], [ 28.703784911243194, 47.1281723743923 ], [ 28.703784767591433, 47.128167877103508 ], [ 28.703784623939701, 47.128163379814715 ], [ 28.703791069883795, 47.128158784485862 ], [ 28.70379092623158, 47.12815428719707 ], [ 28.703797372174055, 47.128149691867876 ], [ 28.703797228521349, 47.128145194579098 ], [ 28.703797084868683, 47.128140697290327 ], [ 28.703803530809001, 47.128136101960798 ], [ 28.703803387155851, 47.128131604672014 ], [ 28.703809833094539, 47.128127009342151 ], [ 28.703809689440899, 47.128122512053395 ], [ 28.703809545787298, 47.12811801476461 ], [ 28.703815991723836, 47.128113419434413 ], [ 28.703815848069752, 47.128108922145657 ], [ 28.703822294004656, 47.128104326815112 ], [ 28.703822150350081, 47.128099829526363 ], [ 28.703822006695546, 47.128095332237599 ], [ 28.703828452628297, 47.128090736906749 ], [ 28.703828308973279, 47.128086239617986 ], [ 28.703834754904403, 47.12808164428678 ], [ 28.703834611248894, 47.128077146998038 ], [ 28.703841057178391, 47.128072551666499 ], [ 28.703840913522395, 47.128068054377749 ], [ 28.703840769866435, 47.128063557089014 ], [ 28.703847215793783, 47.128058961757141 ], [ 28.703847072137332, 47.128054464468406 ], [ 28.703846928480917, 47.128049967179663 ], [ 28.703853374406116, 47.128045371847463 ], [ 28.703853230749218, 47.128040874558728 ], [ 28.703859676672785, 47.128036279226187 ], [ 28.7038595330154, 47.128031781937459 ], [ 28.703859389358055, 47.128027284648731 ], [ 28.703865835279469, 47.128022689315863 ], [ 28.70386569162164, 47.128018192027149 ], [ 28.703872137541421, 47.128013596693926 ], [ 28.703871993883102, 47.128009099405219 ], [ 28.703878439801262, 47.128004504071669 ], [ 28.703878296142452, 47.128000006782962 ], [ 28.703878152483686, 47.127995509494241 ], [ 28.703884598399689, 47.127990914160364 ], [ 28.703884454740432, 47.127986416871664 ], [ 28.703890900654809, 47.127981821537432 ], [ 28.703890756995069, 47.127977324248747 ], [ 28.703890613335361, 47.127972826960047 ], [ 28.703897059247588, 47.127968231625495 ], [ 28.703896915587389, 47.127963734336795 ], [ 28.703903361497986, 47.127959139001902 ], [ 28.703903217837308, 47.127954641713231 ], [ 28.703903074176665, 47.127950144424538 ], [ 28.703909520085109, 47.127945549089311 ], [ 28.703909376423979, 47.12794105180064 ], [ 28.703909232762886, 47.127936554511948 ], [ 28.70391567866918, 47.127931959176394 ], [ 28.703915535007603, 47.127927461887722 ], [ 28.703921980912266, 47.127922866551835 ], [ 28.703921837250199, 47.12791836926317 ], [ 28.703921693588168, 47.127913871974506 ], [ 28.703928139490682, 47.127909276638277 ], [ 28.703927995828167, 47.127904779349606 ], [ 28.70393444172905, 47.127900184013043 ], [ 28.703934298066049, 47.127895686724401 ], [ 28.703940743965305, 47.127891091387482 ], [ 28.703940600301816, 47.127886594098847 ], [ 28.703940456638364, 47.12788209681019 ], [ 28.703946902535463, 47.127877501472952 ], [ 28.703946758871524, 47.127873004184309 ], [ 28.703953204767, 47.127868408846737 ], [ 28.703953061102574, 47.127863911558094 ], [ 28.703959506996423, 47.127859316220182 ], [ 28.70395936333151, 47.127854818931553 ], [ 28.70395921966664, 47.127850321642917 ], [ 28.703965665558332, 47.127845726304685 ], [ 28.703965521892968, 47.127841229016049 ], [ 28.70397196778303, 47.127836633677468 ], [ 28.703971824117186, 47.127832136388854 ], [ 28.703971680451371, 47.127827639100232 ], [ 28.703978126339283, 47.12782304376131 ], [ 28.703977982672988, 47.127818546472696 ], [ 28.703984428559274, 47.127813951133447 ], [ 28.703984284892492, 47.12780945384484 ], [ 28.703990730777139, 47.127804858505243 ], [ 28.703990587109878, 47.127800361216636 ], [ 28.703990443442645, 47.127795863928043 ], [ 28.703996889325143, 47.127791268588119 ], [ 28.703996745657427, 47.127786771299519 ], [ 28.704003191538291, 47.127782175959254 ], [ 28.704003047870092, 47.127777678670668 ], [ 28.704002904201925, 47.127773181382068 ], [ 28.704009350080646, 47.127768586041483 ], [ 28.704009206411989, 47.12776408875289 ], [ 28.704015652289083, 47.127759493411958 ], [ 28.704015508619943, 47.127754996123379 ], [ 28.704015364950834, 47.127750498834807 ], [ 28.704021810825775, 47.12774590349354 ], [ 28.704021667156184, 47.127741406204969 ], [ 28.704028113029498, 47.127736810863354 ], [ 28.704027969359423, 47.127732313574796 ], [ 28.704027825689376, 47.127727816286217 ], [ 28.704034271560534, 47.12772322094429 ], [ 28.704034127890008, 47.127718723655718 ], [ 28.704040573759539, 47.12771412831345 ], [ 28.704040430088526, 47.127709631024892 ], [ 28.704046875956426, 47.127705035682283 ], [ 28.704046732284926, 47.127700538393725 ], [ 28.704046588613462, 47.127696041105175 ], [ 28.704053034479216, 47.127691445762238 ], [ 28.704052890807262, 47.127686948473702 ], [ 28.704059336671385, 47.12768235313041 ], [ 28.704059192998947, 47.127677855841874 ], [ 28.704059049326549, 47.127673358553331 ], [ 28.704065495188516, 47.127668763209719 ], [ 28.704065351515631, 47.12766426592119 ], [ 28.704071797375974, 47.127659670577231 ], [ 28.704071653702602, 47.127655173288709 ], [ 28.704071510029262, 47.127650676000179 ], [ 28.704077955887449, 47.127646080655893 ], [ 28.70407781221363, 47.127641583367378 ], [ 28.704084258070186, 47.127636988022751 ], [ 28.704084114395883, 47.127632490734236 ], [ 28.704083970721609, 47.127627993445728 ], [ 28.70408382704737, 47.127623496157199 ], [ 28.704090272901258, 47.127618900812251 ], [ 28.704096718754037, 47.127614305466956 ], [ 28.704096575078793, 47.127609808178462 ], [ 28.704096431403581, 47.127605310889955 ], [ 28.704096287728412, 47.12760081360144 ], [ 28.704096144053267, 47.127596316312925 ], [ 28.704089554527986, 47.127596414369641 ], [ 28.704082821328672, 47.127592015137431 ], [ 28.704076375477317, 47.127596610481952 ], [ 28.704076519150789, 47.127601107770509 ] ] } },
{ "type": "Feature", "properties": { "element": "node", "id": "I0024", "kind": "inspection", "length_m": null, "frm": null, "to": null }, "geometry": { "type": "Point", "coordinates": [ 28.704083105408888, 47.127606521508952 ] } },
{ "type": "Feature", "properties": { "element": "edge", "id": "I0024->I0025", "kind": "leg", "length_m": 161.9, "frm": "I0024", "to": "I0025" }, "geometry": { "type": "LineString", "coordinates": [ [ 28.704076519150789, 47.127601107770509 ], [ 28.704076375477317, 47.127596610481952 ], [ 28.704076231803874, 47.127592113193387 ], [ 28.704076088130467, 47.127587615904822 ], [ 28.704075944457102, 47.127583118616251 ], [ 28.704075800783762, 47.127578621327665 ], [ 28.704075657110462, 47.127574124039086 ], [ 28.704082102959216, 47.127569528694636 ], [ 28.704088548806862, 47.127564933349838 ], [ 28.704088405132552, 47.127560436061273 ], [ 28.704088261458281, 47.127555938772716 ], [ 28.704088117784039, 47.127551441484137 ], [ 28.704094563629017, 47.127546846139019 ], [ 28.704094419954295, 47.127542348850461 ], [ 28.704094276279601, 47.127537851561897 ], [ 28.704100722122426, 47.127533256216452 ], [ 28.704100578447257, 47.12752875892788 ], [ 28.704107024288447, 47.127524163582095 ], [ 28.704106880612791, 47.127519666293544 ], [ 28.704106736937163, 47.127515169004994 ], [ 28.704113182776211, 47.127510573658867 ], [ 28.704113039100097, 47.127506076370324 ], [ 28.704112895424025, 47.127501579081773 ], [ 28.704119341260913, 47.127496983735327 ], [ 28.704125787096697, 47.127492388388525 ], [ 28.704132232931375, 47.127487793041361 ], [ 28.704138678764938, 47.127483197693856 ], [ 28.704138535086816, 47.127478700405362 ], [ 28.704144980918752, 47.127474105057502 ], [ 28.704151426749572, 47.1274695097093 ], [ 28.70414469356157, 47.127465110480493 ], [ 28.704137960374673, 47.127460711251274 ], [ 28.704131227188885, 47.127456312021643 ], [ 28.704124494004208, 47.127451912791607 ], [ 28.70411776082064, 47.127447513561151 ], [ 28.704111027638184, 47.127443114330276 ], [ 28.704104438131875, 47.127443212387618 ], [ 28.70409784862553, 47.127443310444569 ], [ 28.70409111544522, 47.127438911212487 ], [ 28.704084382266025, 47.127434511980006 ], [ 28.704077649087939, 47.127430112747106 ], [ 28.704071059583118, 47.127430210802501 ], [ 28.704064470078261, 47.127430308857519 ], [ 28.704057880573369, 47.127430406912147 ], [ 28.704058024244457, 47.127434904200889 ], [ 28.704051578409537, 47.127439499543911 ], [ 28.704051722080138, 47.127443996832646 ], [ 28.70404527624359, 47.127448592175334 ], [ 28.704045419913697, 47.127453089464076 ], [ 28.704045563583843, 47.127457586752826 ], [ 28.704039117745147, 47.127462182095179 ], [ 28.70403926141481, 47.127466679383929 ], [ 28.704032815574475, 47.127471274725934 ], [ 28.704032959243648, 47.127475772014684 ], [ 28.704033102912859, 47.127480269303469 ], [ 28.704026657070383, 47.127484864645133 ], [ 28.704026800739104, 47.127489361933897 ], [ 28.704020354895, 47.127493957275234 ], [ 28.704020498563239, 47.127498454564012 ], [ 28.704020642231509, 47.127502951852769 ], [ 28.704014196385252, 47.127507547193773 ], [ 28.704014340053039, 47.127512044482565 ], [ 28.704007894205152, 47.12751663982322 ], [ 28.704008037872452, 47.127521137112005 ], [ 28.704008181539788, 47.12752563440079 ], [ 28.704001735689747, 47.127530229741126 ], [ 28.7040018793566, 47.127534727029918 ], [ 28.703995433504932, 47.127539322369913 ], [ 28.703995577171298, 47.127543819658705 ], [ 28.7039957208377, 47.127548316947497 ], [ 28.703989274983879, 47.127552912287157 ], [ 28.70398941864979, 47.127557409575964 ], [ 28.703982972794343, 47.127562004915283 ], [ 28.703983116459771, 47.127566502204104 ], [ 28.703983260125234, 47.127570999492903 ], [ 28.703976814267637, 47.127575594831903 ], [ 28.703976957932614, 47.127580092120709 ], [ 28.703970512073383, 47.127584687459368 ], [ 28.70397065573788, 47.127589184748189 ], [ 28.703970799402402, 47.127593682036995 ], [ 28.703964353541028, 47.127598277375327 ], [ 28.703964497205067, 47.127602774664147 ], [ 28.703958051342056, 47.127607370002139 ], [ 28.703958195005612, 47.127611867290966 ], [ 28.703951749140973, 47.127616462628602 ], [ 28.703951892804042, 47.127620959917458 ], [ 28.703952036467147, 47.127625457206285 ], [ 28.703945590600359, 47.127630052543594 ], [ 28.703945734262977, 47.127634549832436 ], [ 28.703939288394555, 47.127639145169418 ], [ 28.703939432056693, 47.12764364245826 ], [ 28.703939575718863, 47.127648139747102 ], [ 28.703933129848288, 47.12765273508375 ], [ 28.703933273509975, 47.127657232372599 ], [ 28.703926827637773, 47.12766182770892 ], [ 28.703926971298969, 47.127666324997769 ], [ 28.703927114960205, 47.127670822286625 ], [ 28.703920669085853, 47.127675417622605 ], [ 28.703920812746595, 47.127679914911468 ], [ 28.703914366870617, 47.1276845102471 ], [ 28.703914510530879, 47.12768900753597 ], [ 28.703914654191177, 47.12769350482484 ], [ 28.703908208313042, 47.127698100160146 ], [ 28.703908351972849, 47.127702597449016 ], [ 28.70390190609309, 47.127707192783987 ], [ 28.703902049752418, 47.127711690072864 ], [ 28.703902193411775, 47.127716187361749 ], [ 28.703895747529867, 47.127720782696393 ], [ 28.70389589118874, 47.127725279985285 ], [ 28.703889445305197, 47.127729875319574 ], [ 28.703889588963587, 47.127734372608458 ], [ 28.703889732622009, 47.12773886989735 ], [ 28.703883286736318, 47.127743465231319 ], [ 28.703883430394256, 47.127747962520225 ], [ 28.703876984506927, 47.127752557853853 ], [ 28.703877128164383, 47.127757055142737 ], [ 28.70387727182187, 47.12776155243165 ], [ 28.703870825932398, 47.127766147764952 ], [ 28.703870969589396, 47.12777064505385 ], [ 28.703864523698297, 47.127775240386825 ], [ 28.703864667354811, 47.127779737675723 ], [ 28.703864811011364, 47.127784234964636 ], [ 28.703858365118109, 47.127788830297277 ], [ 28.703858508774175, 47.12779332758619 ], [ 28.703852062879292, 47.127797922918468 ], [ 28.703852206534869, 47.127802420207402 ], [ 28.703845760638355, 47.127807015539346 ], [ 28.703845904293452, 47.127811512828274 ], [ 28.703846047948581, 47.127816010117201 ], [ 28.703839602049914, 47.127820605448825 ], [ 28.70383974570456, 47.127825102737766 ], [ 28.703833299804263, 47.12782969806905 ], [ 28.703833443458421, 47.127834195357984 ], [ 28.703833587112616, 47.127838692646932 ], [ 28.703827141210166, 47.127843287977875 ], [ 28.703827284863873, 47.127847785266823 ], [ 28.703820838959803, 47.127852380597439 ], [ 28.703820982613024, 47.127856877886387 ], [ 28.70381453670732, 47.127861473216647 ], [ 28.703814680360054, 47.127865970505617 ], [ 28.70381482401282, 47.127870467794587 ], [ 28.703808378104966, 47.12787506312452 ], [ 28.703808521757256, 47.12787956041349 ], [ 28.703802075847765, 47.127884155743089 ], [ 28.703802219499568, 47.127888653032052 ], [ 28.7038023631514, 47.127893150321029 ], [ 28.703795917239766, 47.127897745650294 ], [ 28.703796060891115, 47.127902242939271 ], [ 28.703789614977854, 47.127906838268196 ], [ 28.703789758628712, 47.127911335557179 ], [ 28.70378990227961, 47.12791583284617 ], [ 28.703783456364196, 47.127920428174768 ], [ 28.703783600014603, 47.127924925463752 ], [ 28.703777154097558, 47.127929520792009 ], [ 28.703777297747486, 47.127934018081014 ], [ 28.703770851828811, 47.127938613408929 ], [ 28.703770995478251, 47.127943110697935 ], [ 28.703771139127724, 47.127947607986933 ], [ 28.703764693206899, 47.127952203314521 ], [ 28.703764836855889, 47.127956700603541 ], [ 28.703758390933434, 47.127961295930774 ], [ 28.70375853458194, 47.127965793219794 ], [ 28.703758678230475, 47.127970290508806 ], [ 28.703752232305867, 47.127974885835719 ], [ 28.703752375953922, 47.127979383124739 ], [ 28.703745930027686, 47.127983978451311 ], [ 28.703746073675251, 47.127988475740352 ], [ 28.703746217322855, 47.127992973029372 ], [ 28.703739771394464, 47.127997568355617 ], [ 28.703739915041584, 47.128002065644644 ], [ 28.703733469111565, 47.128006660970563 ], [ 28.703733612758203, 47.128011158259596 ], [ 28.703733756404862, 47.12801565554863 ], [ 28.703727310472694, 47.128020250874215 ], [ 28.70372745411888, 47.128024748163249 ], [ 28.703721008185084, 47.128029343488485 ], [ 28.703721151830777, 47.128033840777533 ], [ 28.703721295476502, 47.128038338066588 ], [ 28.703714849540557, 47.128042933391491 ], [ 28.703714993185798, 47.128047430680539 ], [ 28.703708547248226, 47.128052026005108 ], [ 28.703708690892984, 47.128056523294177 ], [ 28.703702244953774, 47.128061118618405 ], [ 28.703702388598042, 47.128065615907467 ], [ 28.70370253224235, 47.128070113196529 ], [ 28.70369608630099, 47.128074708520437 ], [ 28.703696229944814, 47.128079205809506 ], [ 28.703689784001828, 47.128083801133059 ], [ 28.703689927645161, 47.128088298422128 ], [ 28.703690071288534, 47.128092795711218 ], [ 28.703683625343395, 47.128097391034437 ], [ 28.703683768986277, 47.128101888323528 ], [ 28.703677323039511, 47.128106483646413 ], [ 28.70367746668191, 47.12811098093551 ], [ 28.703677610324348, 47.128115478224593 ], [ 28.703671164375425, 47.128120073547144 ], [ 28.703671308017373, 47.128124570836242 ], [ 28.703664862066827, 47.128129166158459 ], [ 28.703665005708292, 47.128133663447564 ], [ 28.703665149349785, 47.128138160736654 ], [ 28.703658703397085, 47.128142756058544 ], [ 28.703658847038099, 47.128147253347649 ], [ 28.703652401083769, 47.128151848669205 ], [ 28.703652544724296, 47.128156345958317 ], [ 28.703652688364858, 47.128160843247429 ], [ 28.703646242408379, 47.128165438568644 ], [ 28.703646386048455, 47.128169935857763 ], [ 28.703639940090341, 47.12817453117863 ], [ 28.703640083729933, 47.128179028467763 ], [ 28.703640227369558, 47.128183525756874 ], [ 28.703633781409295, 47.128188121077422 ], [ 28.703633925048436, 47.128192618366548 ], [ 28.703627479086542, 47.128197213686768 ], [ 28.703627622725197, 47.128201710975901 ], [ 28.703627766363887, 47.12820620826502 ], [ 28.703621320399844, 47.128210803584906 ], [ 28.703621464038051, 47.128215300874047 ], [ 28.70361501807238, 47.128219896193592 ], [ 28.703615161710097, 47.128224393482739 ], [ 28.703615305347846, 47.128228890771865 ], [ 28.703608859380022, 47.128233486091084 ], [ 28.703609003017288, 47.128237983380231 ], [ 28.703602557047837, 47.128242578699101 ], [ 28.70360270068462, 47.128247075988263 ], [ 28.703596254713535, 47.128251671306792 ], [ 28.703596398349834, 47.128256168595954 ], [ 28.703596541986165, 47.128260665885108 ], [ 28.703590096012931, 47.12826526120331 ], [ 28.703590239648776, 47.128269758492479 ], [ 28.703583793673914, 47.12827435381034 ], [ 28.703583937309272, 47.128278851099509 ], [ 28.703584080944665, 47.128283348388685 ], [ 28.703577634967651, 47.128287943706212 ], [ 28.703577778602558, 47.128292440995395 ], [ 28.703571332623916, 47.128297036312581 ], [ 28.70357147625834, 47.128301533601778 ], [ 28.703571619892799, 47.128306030890961 ], [ 28.703565173912001, 47.128310626207821 ], [ 28.703565317545969, 47.128315123497003 ], [ 28.703558871563551, 47.128319718813522 ], [ 28.703559015197037, 47.128324216102726 ], [ 28.703559158830558, 47.128328713391916 ], [ 28.70355271284598, 47.1283333087081 ], [ 28.703552856479014, 47.128337805997312 ], [ 28.703546410492809, 47.128342401313162 ], [ 28.70354655412536, 47.128346898602359 ], [ 28.703546697757947, 47.128351395891578 ], [ 28.703540251769589, 47.128355991207094 ], [ 28.703540395401692, 47.128360488496305 ], [ 28.703533949411707, 47.128365083811481 ], [ 28.703534093043316, 47.128369581100706 ], [ 28.703527647051704, 47.128374176415541 ], [ 28.703527790682831, 47.128378673704773 ], [ 28.703527934313993, 47.128383170993999 ], [ 28.703521488320231, 47.128387766308506 ], [ 28.703521631950903, 47.128392263597732 ], [ 28.703515185955506, 47.128396858911906 ], [ 28.703515329585699, 47.128401356201131 ], [ 28.703515473215923, 47.128405853490378 ], [ 28.703509027218377, 47.128410448804217 ], [ 28.703509170848115, 47.128414946093464 ], [ 28.703502724848942, 47.128419541406956 ], [ 28.703502868478196, 47.12842403869621 ], [ 28.703503012107486, 47.128428535985449 ], [ 28.703496566106161, 47.128433131298614 ], [ 28.70349670973496, 47.128437628587882 ], [ 28.703490263732007, 47.128442223900713 ], [ 28.70349040736032, 47.128446721189967 ], [ 28.703483961355733, 47.128451316502456 ], [ 28.703484104983563, 47.128455813791724 ], [ 28.703484248611435, 47.128460311080993 ], [ 28.703477802604695, 47.128464906393155 ], [ 28.70347135659685, 47.128469501704949 ], [ 28.703464910587893, 47.128474097016415 ], [ 28.703458464577825, 47.128478692327505 ], [ 28.703452018566647, 47.128483287638247 ] ] } },
{ "type": "Feature", "properties": { "element": "node", "id": "I0025", "kind": "inspection", "length_m": null, "frm": null, "to": null }, "geometry": { "type": "Point", "coordinates": [ 28.703447897545978, 47.128479863884039 ] } },
{ "type": "Feature", "properties": { "element": "node", "id": "I0027", "kind": "inspection", "length_m": null, "frm": null, "to": null }, "geometry": { "type": "Point", "coordinates": [ 28.703447402761732, 47.12847982290419 ] } },
{ "type": "Feature", "properties": { "element": "edge", "id": "I0025->I0029", "kind": "leg", "length_m": 92.8, "frm": "I0025", "to": "I0029" }, "geometry": { "type": "LineString", "coordinates": [ [ 28.703452018566647, 47.128483287638247 ], [ 28.703458464577825, 47.128478692327505 ], [ 28.703458320952041, 47.128474195038208 ], [ 28.70345817732629, 47.128469697748876 ], [ 28.703451444065799, 47.128465298480926 ], [ 28.703444854430984, 47.12846539650193 ], [ 28.703444710806409, 47.128460899212577 ], [ 28.703444567181872, 47.128456401923216 ], [ 28.703444423557368, 47.128451904633849 ], [ 28.703444279932903, 47.128447407344488 ], [ 28.703444136308466, 47.128442910055121 ], [ 28.703443992684068, 47.128438412765732 ], [ 28.703437259428746, 47.128434013496872 ], [ 28.703430526174525, 47.128429614227599 ], [ 28.703423792921424, 47.128425214957907 ], [ 28.703423649298827, 47.128420717668462 ], [ 28.70342350567627, 47.12841622037903 ], [ 28.703423362053741, 47.128411723089577 ], [ 28.703423218431254, 47.128407225800139 ], [ 28.703416628803513, 47.128407323819431 ], [ 28.703410039175743, 47.128407421838325 ], [ 28.703409895554394, 47.128402924548837 ], [ 28.703409751933084, 47.128398427259356 ], [ 28.703409608311809, 47.128393929969867 ], [ 28.703409464690562, 47.128389432680372 ], [ 28.703409321069358, 47.128384935390869 ], [ 28.703415767072624, 47.128380340082558 ], [ 28.70341562345093, 47.128375842793069 ], [ 28.703422069452571, 47.128371247484424 ], [ 28.703421925830391, 47.128366750194928 ], [ 28.703421782208245, 47.128362252905447 ], [ 28.703428228207738, 47.12835765759646 ], [ 28.703428084585102, 47.128353160306986 ], [ 28.703427940962513, 47.128348663017491 ], [ 28.703427797339948, 47.128344165728016 ], [ 28.703434243336769, 47.128339570418717 ], [ 28.703434099713721, 47.128335073129229 ], [ 28.703433956090713, 47.12833057583974 ], [ 28.703440402085377, 47.128325980530114 ], [ 28.703440258461882, 47.12832148324064 ], [ 28.703446704454919, 47.128316887930666 ], [ 28.703446560830937, 47.128312390641199 ], [ 28.70345300682234, 47.128307795330883 ], [ 28.703459452812641, 47.12830320002022 ], [ 28.70345930918765, 47.128298702730767 ], [ 28.703465755176317, 47.128294107419762 ], [ 28.70346561155084, 47.128289610130317 ], [ 28.703465467925408, 47.128285112840878 ], [ 28.703471913911915, 47.128280517529539 ], [ 28.703471770285994, 47.128276020240108 ], [ 28.703478216270881, 47.128271424928428 ], [ 28.703478072644469, 47.128266927639004 ], [ 28.703477929018092, 47.128262430349565 ], [ 28.70348437500083, 47.128257835037559 ], [ 28.703484231373974, 47.128253337748127 ], [ 28.703490677355077, 47.128248742435794 ], [ 28.703490533727727, 47.128244245146362 ], [ 28.703490390100416, 47.128239747856945 ], [ 28.703496836079371, 47.128235152544285 ], [ 28.703496692451569, 47.128230655254853 ], [ 28.703503138428903, 47.128226059941845 ], [ 28.703502994800619, 47.128221562652435 ], [ 28.703509440776308, 47.128216967339071 ], [ 28.703509297147541, 47.128212470049675 ], [ 28.703509153518805, 47.128207972760265 ], [ 28.703515599492352, 47.128203377446589 ], [ 28.703515455863133, 47.128198880157193 ], [ 28.703521901835046, 47.128194284843168 ], [ 28.703521758205344, 47.128189787553772 ], [ 28.703521614575667, 47.128185290264391 ], [ 28.703528060545434, 47.128180694950032 ], [ 28.703527916915274, 47.128176197660643 ], [ 28.703534362883413, 47.128171602345951 ], [ 28.70353421925277, 47.128167105056569 ], [ 28.703534075622159, 47.128162607767202 ], [ 28.703540521588142, 47.128158012452161 ], [ 28.703540377957054, 47.128153515162786 ], [ 28.703540234325999, 47.128149017873419 ], [ 28.703546680289829, 47.128144422558059 ], [ 28.703546536658283, 47.128139925268684 ], [ 28.703552982620486, 47.128135329952997 ], [ 28.703552838988458, 47.128130832663629 ], [ 28.703552695356464, 47.128126335374262 ], [ 28.703559141316514, 47.128121740058248 ], [ 28.703558997684038, 47.128117242768887 ], [ 28.703565443642457, 47.128112647452511 ], [ 28.703565300009494, 47.128108150163165 ], [ 28.703565156376559, 47.128103652873811 ], [ 28.703571602332836, 47.128099057557108 ], [ 28.703571458699418, 47.128094560267769 ], [ 28.703577904654061, 47.128089964950725 ], [ 28.70357776102016, 47.128085467661386 ], [ 28.703577617386291, 47.128080970372039 ], [ 28.703584063338781, 47.128076375054683 ], [ 28.703583919704428, 47.128071877765343 ], [ 28.703590365655291, 47.128067282447645 ], [ 28.703590222020452, 47.128062785158306 ], [ 28.703590078385648, 47.128058287868974 ], [ 28.703596524334358, 47.128053692550949 ], [ 28.703596380699068, 47.128049195261617 ], [ 28.703602826646151, 47.128044599943244 ], [ 28.703602683010374, 47.128040102653927 ], [ 28.703602539374636, 47.128035605364609 ], [ 28.703608985319562, 47.128031010045895 ], [ 28.703608841683341, 47.128026512756591 ], [ 28.70361528762664, 47.12802191743755 ], [ 28.703615143989929, 47.12801742014824 ], [ 28.703615000353249, 47.128012922858922 ], [ 28.703621446294402, 47.128008327539547 ], [ 28.70362130265724, 47.128003830250243 ], [ 28.703627748596759, 47.127999234930535 ], [ 28.703627604959106, 47.127994737641231 ], [ 28.703627461321499, 47.127990240351942 ], [ 28.703633907258869, 47.127985645031877 ], [ 28.703633763620765, 47.127981147742602 ], [ 28.703640209556507, 47.127976552422219 ], [ 28.703640065917924, 47.127972055132936 ], [ 28.703646511852032, 47.127967459812204 ], [ 28.703646368212961, 47.127962962522929 ], [ 28.703646224573927, 47.127958465233647 ], [ 28.703652670505882, 47.127953869912595 ], [ 28.703652526866367, 47.12794937262332 ], [ 28.703658972796696, 47.12794477730192 ], [ 28.703658829156687, 47.127940280012666 ], [ 28.703658685516714, 47.127935782723391 ], [ 28.703665131444893, 47.127931187401657 ], [ 28.703664987804441, 47.12792669011241 ], [ 28.703671433730985, 47.12792209479035 ], [ 28.703671290090043, 47.127917597501089 ], [ 28.703671146449132, 47.127913100211828 ], [ 28.703677592373531, 47.127908504889433 ], [ 28.703677448732137, 47.127904007600186 ], [ 28.703683894654905, 47.127899412277451 ], [ 28.703683751013028, 47.127894914988204 ], [ 28.703683607371183, 47.127890417698957 ], [ 28.703690053291805, 47.127885822375895 ], [ 28.703689909649469, 47.127881325086648 ], [ 28.703696355568454, 47.127876729763258 ], [ 28.703696211925642, 47.127872232474019 ], [ 28.703696068282863, 47.127867735184786 ], [ 28.703702514199701, 47.127863139861049 ], [ 28.703702370556428, 47.127858642571809 ], [ 28.703708816471639, 47.127854047247745 ], [ 28.703708672827883, 47.127849549958526 ], [ 28.703715118741464, 47.127844954634107 ], [ 28.703714975097228, 47.127840457344902 ], [ 28.703714831453023, 47.127835960055684 ], [ 28.703721277364444, 47.127831364730937 ], [ 28.703721133719757, 47.127826867441719 ], [ 28.703727579629557, 47.127822272116639 ], [ 28.70372743598438, 47.127817774827449 ], [ 28.703727292339241, 47.127813277538237 ], [ 28.703733738246886, 47.127808682212816 ], [ 28.70373359460126, 47.127804184923619 ], [ 28.703740040507277, 47.127799589597871 ], [ 28.703739896861169, 47.127795092308681 ], [ 28.703739753215089, 47.127790595019484 ], [ 28.703746199118957, 47.127785999693394 ], [ 28.703752645021716, 47.127781404366971 ], [ 28.703759090923363, 47.127776809040178 ], [ 28.703765536823894, 47.12777221371303 ] ] } },
{ "type": "Feature", "properties": { "element": "node", "id": "I0029", "kind": "inspection", "length_m": null, "frm": null, "to": null }, "geometry": { "type": "Point", "coordinates": [ 28.703771527330193, 47.127778392194671 ] } },
{ "type": "Feature", "properties": { "element": "edge", "id": "I0029->I0031", "kind": "leg", "length_m": 71.3, "frm": "I0029", "to": "I0031" }, "geometry": { "type": "LineString", "coordinates": [ [ 28.703765536823894, 47.12777221371303 ], [ 28.703759090923363, 47.127776809040178 ], [ 28.703759234570995, 47.127781306329339 ], [ 28.703759378218667, 47.127785803618487 ], [ 28.703752932315986, 47.127790398945301 ], [ 28.703746486412189, 47.127794994271767 ], [ 28.703746630058848, 47.127799491560936 ], [ 28.703740184153425, 47.127804086887046 ], [ 28.703740327799608, 47.127808584176236 ], [ 28.703740471445823, 47.127813081465412 ], [ 28.703734025538242, 47.127817676791203 ], [ 28.703734169183974, 47.127822174080393 ], [ 28.703727723274763, 47.127826769405836 ], [ 28.703727866920012, 47.127831266695033 ], [ 28.703728010565285, 47.127835763984223 ], [ 28.703721564653932, 47.127840359309346 ], [ 28.703721708298723, 47.127844856598536 ], [ 28.703715262385732, 47.127849451923325 ], [ 28.703715406030039, 47.127853949212515 ], [ 28.703708960115424, 47.127858544536963 ], [ 28.703709103759248, 47.127863041826167 ], [ 28.703709247403104, 47.127867539115378 ], [ 28.703702801486337, 47.127872134439492 ], [ 28.703702945129706, 47.127876631728704 ], [ 28.703696499211304, 47.127881227052477 ], [ 28.703696642854194, 47.127885724341702 ], [ 28.703696786497115, 47.127890221630921 ], [ 28.703690340576564, 47.12789481695436 ], [ 28.703690484218999, 47.127899314243592 ], [ 28.703684038296821, 47.12790390956669 ], [ 28.703684181938765, 47.127908406855923 ], [ 28.703684325580753, 47.127912904145155 ], [ 28.703677879656421, 47.12791749946792 ], [ 28.703678023297922, 47.127921996757159 ], [ 28.703671577371964, 47.127926592079589 ], [ 28.703671721012977, 47.127931089368836 ], [ 28.703671864654019, 47.127935586658076 ], [ 28.703665418725912, 47.127940181980179 ], [ 28.703665562366478, 47.127944679269426 ], [ 28.703659116436732, 47.127949274591188 ], [ 28.703659260076812, 47.127953771880449 ], [ 28.703659403716919, 47.127958269169696 ], [ 28.703652957785032, 47.127962864491124 ], [ 28.703653101424656, 47.127967361780378 ], [ 28.703646655491134, 47.127971957101479 ], [ 28.703646799130276, 47.12797645439074 ], [ 28.703640353195127, 47.127981049711501 ], [ 28.703640496833778, 47.127985547000769 ], [ 28.703640640472468, 47.127990044290044 ], [ 28.703634194535169, 47.127994639610463 ], [ 28.703634338173369, 47.127999136899739 ], [ 28.70362789223444, 47.128003732219824 ], [ 28.703628035872157, 47.128008229509113 ], [ 28.703628179509913, 47.128012726798403 ], [ 28.703621733568831, 47.128017322118154 ], [ 28.703621877206096, 47.128021819407444 ], [ 28.703615431263383, 47.128026414726854 ], [ 28.703615574900166, 47.128030912016143 ], [ 28.703615718536984, 47.12803540930544 ], [ 28.703609272592121, 47.128040004624523 ], [ 28.703609416228453, 47.128044501913827 ], [ 28.70360297028196, 47.128049097232555 ], [ 28.703603113917804, 47.128053594521859 ], [ 28.703603257553684, 47.128058091811177 ], [ 28.703596811605042, 47.128062687129578 ], [ 28.703596955240435, 47.128067184418896 ], [ 28.703590509290166, 47.128071779736956 ], [ 28.703590652925072, 47.128076277026288 ], [ 28.703584206973172, 47.128080872344022 ], [ 28.703584350607592, 47.128085369633339 ], [ 28.703584494242047, 47.128089866922664 ], [ 28.703578048287998, 47.128094462240064 ], [ 28.703578191921967, 47.128098959529396 ], [ 28.703571745966283, 47.128103554846454 ], [ 28.703571889599772, 47.128108052135801 ], [ 28.703572033233296, 47.12811254942514 ], [ 28.703565587275463, 47.128117144741864 ], [ 28.703565730908497, 47.128121642031203 ], [ 28.703559284949034, 47.128126237347594 ], [ 28.703559428581578, 47.12813073463694 ], [ 28.703559572214164, 47.128135231926294 ], [ 28.703553126252551, 47.12813982724235 ], [ 28.703553269884651, 47.128144324531711 ], [ 28.703546823921407, 47.128148919847426 ], [ 28.70354696755302, 47.12815341713678 ], [ 28.703547111184669, 47.12815791442614 ], [ 28.703540665219275, 47.128162509741543 ], [ 28.703540808850434, 47.128167007030903 ], [ 28.703534362883413, 47.128171602345951 ], [ 28.703534506514089, 47.128176099635326 ], [ 28.703534650144796, 47.128180596924693 ], [ 28.703528204175626, 47.128185192239414 ], [ 28.70352834780585, 47.128189689528782 ], [ 28.703521901835046, 47.128194284843168 ], [ 28.703522045464787, 47.128198782132557 ], [ 28.703522189094564, 47.128203279421939 ], [ 28.703515743121603, 47.128207874735985 ], [ 28.7035158867509, 47.128212372025374 ], [ 28.703509440776308, 47.128216967339071 ], [ 28.703509584405115, 47.128221464628481 ], [ 28.70350972803395, 47.128225961917863 ], [ 28.703503282057216, 47.128230557231248 ], [ 28.703503425685572, 47.128235054520644 ], [ 28.703496979707204, 47.128239649833681 ], [ 28.703497123335072, 47.128244147123098 ], [ 28.703497266962973, 47.128248644412494 ], [ 28.703490820982456, 47.128253239725204 ], [ 28.70348437500083, 47.128257835037559 ], [ 28.703477929018092, 47.128262430349565 ], [ 28.703478072644469, 47.128266927639004 ], [ 28.703478216270881, 47.128271424928428 ], [ 28.703478359897328, 47.12827592221786 ], [ 28.703478503523804, 47.12828041950727 ], [ 28.70347205753788, 47.128285014818978 ], [ 28.703472201163873, 47.128289512108402 ], [ 28.703465755176317, 47.128294107419762 ], [ 28.703465898801827, 47.128298604709201 ], [ 28.703466042427369, 47.12830310199864 ], [ 28.703459596437661, 47.128307697309666 ], [ 28.703453150446844, 47.12831229262035 ], [ 28.703446704454919, 47.128316887930666 ], [ 28.703440258461882, 47.12832148324064 ] ] } },
{ "type": "Feature", "properties": { "element": "node", "id": "I0031", "kind": "inspection", "length_m": null, "frm": null, "to": null }, "geometry": { "type": "Point", "coordinates": [ 28.703430940832728, 47.128323755318362 ] } },
{ "type": "Feature", "properties": { "element": "edge", "id": "I0031->I0030", "kind": "leg", "length_m": 7.6, "frm": "I0031", "to": "I0030" }, "geometry": { "type": "LineString", "coordinates": [ [ 28.703440258461882, 47.12832148324064 ], [ 28.703440402085377, 47.128325980530114 ], [ 28.703440545708908, 47.128330477819581 ], [ 28.703440689332478, 47.128334975109055 ], [ 28.703440832956073, 47.128339472398523 ], [ 28.703440976579714, 47.128343969687975 ], [ 28.70343453058296, 47.128348564997658 ], [ 28.703434674206111, 47.128353062287125 ], [ 28.703428228207738, 47.12835765759646 ], [ 28.703428371830398, 47.128362154885941 ], [ 28.703428515453098, 47.128366652175409 ], [ 28.703428659075833, 47.128371149464876 ], [ 28.703428802698603, 47.128375646754343 ], [ 28.703422356697036, 47.128380242063365 ], [ 28.703422500319313, 47.128384739352839 ] ] } },
{ "type": "Feature", "properties": { "element": "node", "id": "I0030", "kind": "inspection", "length_m": null, "frm": null, "to": null }, "geometry": { "type": "Point", "coordinates": [ 28.703428728944804, 47.128390143265939 ] } },
{ "type": "Feature", "properties": { "element": "edge", "id": "I0030->I0037", "kind": "leg", "length_m": 295.3, "frm": "I0030", "to": "I0037" }, "geometry": { "type": "LineString", "coordinates": [ [ 28.703422500319313, 47.128384739352839 ], [ 28.703416054316119, 47.128389334661534 ], [ 28.703416197937912, 47.128393831951009 ], [ 28.703416341559745, 47.128398329240483 ], [ 28.703409895554394, 47.128402924548837 ], [ 28.703410039175743, 47.128407421838325 ], [ 28.703416628803513, 47.128407323819431 ], [ 28.703423218431254, 47.128407225800139 ], [ 28.703423362053741, 47.128411723089577 ], [ 28.70342350567627, 47.12841622037903 ], [ 28.703423649298827, 47.128420717668462 ], [ 28.703423792921424, 47.128425214957907 ], [ 28.703423936544052, 47.128429712247346 ], [ 28.70342408016672, 47.128434209536763 ], [ 28.703424223789415, 47.128438706826188 ], [ 28.703424367412147, 47.128443204115612 ], [ 28.703424511034914, 47.128447701405022 ], [ 28.703431244290968, 47.128452100674622 ], [ 28.703437977548138, 47.128456499943802 ], [ 28.703444710806409, 47.128460899212577 ], [ 28.703444854430984, 47.12846539650193 ], [ 28.703451444065799, 47.128465298480926 ], [ 28.70345817732629, 47.128469697748876 ], [ 28.703464766961588, 47.128469599727097 ], [ 28.70347135659685, 47.128469501704949 ], [ 28.703471212970022, 47.128465004415659 ], [ 28.703471069343234, 47.12846050712637 ], [ 28.703477515350038, 47.128455911814584 ], [ 28.703477371722759, 47.128451414525308 ], [ 28.703483817727939, 47.128446819213181 ], [ 28.703483674100177, 47.128442321923899 ], [ 28.703483530472447, 47.128437824634617 ], [ 28.703489976475471, 47.128433229322169 ], [ 28.703489832847257, 47.128428732032894 ], [ 28.703496278848654, 47.128424136720106 ], [ 28.703496135219957, 47.128419639430831 ], [ 28.703502581219723, 47.128415044117695 ], [ 28.703502437590537, 47.128410546828448 ], [ 28.703502293961389, 47.12840604953918 ], [ 28.703508739959005, 47.128401454225724 ], [ 28.703508596329364, 47.128396956936456 ], [ 28.703515042325353, 47.128392361622659 ], [ 28.703514898695232, 47.128387864333412 ], [ 28.703521344689584, 47.12838326901926 ], [ 28.70352120105898, 47.12837877173002 ], [ 28.703521057428407, 47.128374274440787 ], [ 28.703527503420609, 47.128369679126315 ], [ 28.703527359789554, 47.128365181837069 ], [ 28.703533805780129, 47.128360586522255 ], [ 28.703533662148583, 47.12835608923303 ], [ 28.703533518517073, 47.128351591943797 ], [ 28.703539964505499, 47.128346996628643 ], [ 28.703539820873505, 47.128342499339432 ], [ 28.703546266860297, 47.128337904023937 ], [ 28.703546123227813, 47.128333406734718 ], [ 28.703545979595372, 47.128328909445507 ], [ 28.703552425580018, 47.128324314129685 ], [ 28.703552281947083, 47.128319816840481 ], [ 28.703558727930094, 47.128315221524318 ], [ 28.70355858429668, 47.128310724235114 ], [ 28.703565030278064, 47.128306128918624 ], [ 28.703564886644163, 47.128301631629419 ], [ 28.703564743010293, 47.128297134340222 ], [ 28.703571188989528, 47.128292539023384 ], [ 28.703571045355176, 47.128288041734194 ], [ 28.70357749133278, 47.128283446417029 ], [ 28.703577347697937, 47.128278949127839 ], [ 28.703577204063134, 47.128274451838642 ], [ 28.703583650038588, 47.128269856521158 ], [ 28.703583506403302, 47.128265359231975 ], [ 28.703589952377122, 47.128260763914135 ], [ 28.703589808741345, 47.128256266624959 ], [ 28.703589665105607, 47.128251769335783 ], [ 28.703596111077275, 47.128247174017623 ], [ 28.703595967441053, 47.128242676728441 ], [ 28.703602413411094, 47.128238081409933 ], [ 28.703602269774382, 47.128233584120764 ], [ 28.703608715742789, 47.128228988801915 ], [ 28.703608572105594, 47.128224491512768 ], [ 28.703608428468431, 47.128219994223606 ], [ 28.703614874434692, 47.128215398904437 ], [ 28.703614730797046, 47.128210901615276 ], [ 28.703621176761676, 47.128206306295759 ], [ 28.703621033123543, 47.128201809006619 ], [ 28.703620889485446, 47.128197311717472 ], [ 28.703627335447923, 47.128192716397614 ], [ 28.703627191809343, 47.12818821910848 ], [ 28.703633637770192, 47.128183623788296 ], [ 28.703633494131118, 47.128179126499163 ], [ 28.703633350492087, 47.128174629210022 ], [ 28.703639796450783, 47.128170033889511 ], [ 28.703639652811269, 47.128165536600378 ], [ 28.703646098768331, 47.128160941279525 ], [ 28.703645955128327, 47.128156443990392 ], [ 28.703652401083769, 47.128151848669205 ], [ 28.703652257443277, 47.128147351380086 ], [ 28.703652113802818, 47.128142854090967 ], [ 28.703658559756111, 47.128138258769447 ], [ 28.703658416115164, 47.128133761480321 ], [ 28.703664862066827, 47.128129166158459 ], [ 28.703664718425394, 47.128124668869361 ], [ 28.703664574784003, 47.128120171580242 ], [ 28.703671020733509, 47.128115576258054 ], [ 28.703670877091632, 47.128111078968942 ], [ 28.703677323039511, 47.128106483646413 ], [ 28.703677179397143, 47.128101986357322 ], [ 28.703677035754815, 47.128097489068217 ], [ 28.703683481700544, 47.128092893745354 ], [ 28.703683338057726, 47.128088396456256 ], [ 28.703689784001828, 47.128083801133059 ], [ 28.703689640358526, 47.128079303843982 ], [ 28.70369608630099, 47.128074708520437 ], [ 28.703695942657205, 47.128070211231353 ], [ 28.703695799013452, 47.12806571394227 ], [ 28.703702244953774, 47.128061118618405 ], [ 28.703702101309538, 47.128056621329328 ], [ 28.703708547248226, 47.128052026005108 ], [ 28.703708403603496, 47.128047528716046 ], [ 28.703708259958809, 47.128043031426976 ], [ 28.703714705895347, 47.128038436102436 ], [ 28.703714562250173, 47.128033938813374 ], [ 28.703721008185084, 47.128029343488485 ], [ 28.70372086453942, 47.128024846199438 ], [ 28.703720720893799, 47.128020348910383 ], [ 28.70372716682655, 47.12801575358516 ], [ 28.703727023180441, 47.128011256296119 ], [ 28.703733469111565, 47.128006660970563 ], [ 28.70373332546497, 47.128002163681515 ], [ 28.703733181818411, 47.127997666392467 ], [ 28.703739627747385, 47.127993071066584 ], [ 28.703739484100335, 47.12798857377755 ], [ 28.703745930027686, 47.127983978451311 ], [ 28.70374578638015, 47.127979481162285 ], [ 28.703752232305867, 47.127974885835719 ], [ 28.703752088657851, 47.1279703885467 ], [ 28.703751945009866, 47.127965891257666 ], [ 28.703758390933434, 47.127961295930774 ], [ 28.703758247284959, 47.127956798641755 ], [ 28.703764693206899, 47.127952203314521 ], [ 28.703764549557942, 47.127947706025509 ], [ 28.703764405909023, 47.12794320873649 ], [ 28.703770851828811, 47.127938613408929 ], [ 28.703770708179402, 47.127934116119924 ], [ 28.703777154097558, 47.127929520792009 ], [ 28.703777010447666, 47.127925023503018 ], [ 28.70377686679781, 47.127920526214005 ], [ 28.703783312713814, 47.127915930885784 ], [ 28.703783169063477, 47.127911433596779 ], [ 28.703789614977854, 47.127906838268196 ], [ 28.703789471327021, 47.127902340979205 ], [ 28.70378932767623, 47.127897843690228 ], [ 28.703795773588457, 47.127893248361303 ], [ 28.703795629937176, 47.127888751072334 ], [ 28.70379548628593, 47.127884253783343 ], [ 28.70379534263472, 47.127879756494345 ], [ 28.703795198983549, 47.127875259205346 ], [ 28.703801644892582, 47.127870663876138 ], [ 28.703808090800507, 47.127866068546581 ], [ 28.70381453670732, 47.127861473216647 ], [ 28.703814393054614, 47.127856975927685 ], [ 28.703814249401947, 47.127852478638715 ], [ 28.703820695306618, 47.127847883308476 ], [ 28.703820551653461, 47.127843386019507 ], [ 28.703826997556497, 47.127838790688926 ], [ 28.703826853902864, 47.127834293399964 ], [ 28.703826710249256, 47.127829796111016 ], [ 28.703833156150139, 47.127825200780094 ], [ 28.703833012496055, 47.127820703491139 ], [ 28.703839458395304, 47.127816108159884 ], [ 28.703839314740737, 47.12781161087095 ], [ 28.703839171086194, 47.127807113581994 ], [ 28.703845616983298, 47.127802518250412 ], [ 28.703845473328272, 47.127798020961464 ], [ 28.703851919223744, 47.127793425629548 ], [ 28.703851775568236, 47.127788928340607 ], [ 28.703851631912762, 47.127784431051673 ], [ 28.703858077806085, 47.127779835719423 ], [ 28.703857934150122, 47.127775338430489 ], [ 28.703864380041814, 47.127770743097891 ], [ 28.703864236385371, 47.127766245808978 ], [ 28.70386409272896, 47.127761748520058 ], [ 28.703870538618499, 47.127757153187126 ], [ 28.703870394961605, 47.127752655898206 ], [ 28.70387684084951, 47.12774806056494 ], [ 28.703876697192133, 47.127743563276034 ], [ 28.703883143078411, 47.127738967942427 ], [ 28.703882999420546, 47.127734470653522 ], [ 28.703882855762711, 47.127729973364609 ], [ 28.703889301646846, 47.127725378030682 ], [ 28.703889157988524, 47.127720880741769 ], [ 28.703895603871025, 47.127716285407494 ], [ 28.70389546021222, 47.12771178811861 ], [ 28.703895316553449, 47.127707290829704 ], [ 28.703901762433805, 47.12770269549511 ], [ 28.703901618774548, 47.127698198206211 ], [ 28.70390806465327, 47.127693602871275 ], [ 28.703907920993522, 47.127689105582384 ], [ 28.703914366870617, 47.1276845102471 ], [ 28.703914223210386, 47.127680012958237 ], [ 28.703914079550199, 47.127675515669353 ], [ 28.70392052542514, 47.127670920333742 ], [ 28.703920381764458, 47.127666423044865 ], [ 28.703926827637773, 47.12766182770892 ], [ 28.703926683976608, 47.127657330420057 ], [ 28.703926540315479, 47.127652833131187 ], [ 28.70393298618664, 47.127648237794901 ], [ 28.703932842525028, 47.127643740506038 ], [ 28.703939288394555, 47.127639145169418 ], [ 28.703939144732455, 47.127634647880555 ], [ 28.703939001070395, 47.127630150591699 ], [ 28.703945446937773, 47.127625555254752 ], [ 28.703945303275223, 47.127621057965911 ], [ 28.703951749140973, 47.127616462628602 ], [ 28.703951605477933, 47.127611965339767 ], [ 28.703958051342056, 47.127607370002139 ], [ 28.703957907678532, 47.127602872713297 ], [ 28.703957764015048, 47.127598375424462 ], [ 28.703964209877018, 47.127593780086499 ], [ 28.703964066213043, 47.127589282797672 ], [ 28.703970512073383, 47.127584687459368 ], [ 28.703970368408928, 47.127580190170541 ], [ 28.703970224744502, 47.127575692881727 ], [ 28.703976670602689, 47.127571097543083 ], [ 28.703976526937787, 47.127566600254276 ], [ 28.703982972794343, 47.127562004915283 ], [ 28.70398282912895, 47.127557507626477 ], [ 28.703982685463586, 47.127553010337671 ], [ 28.703989131317996, 47.127548414998365 ], [ 28.703988987652149, 47.127543917709559 ], [ 28.703995433504932, 47.127539322369913 ], [ 28.703995289838602, 47.127534825081113 ], [ 28.703995146172304, 47.127530327792307 ], [ 28.704001592022937, 47.127525732452334 ], [ 28.704001448356156, 47.127521235163549 ], [ 28.704007894205152, 47.12751663982322 ], [ 28.70400775053788, 47.127512142534428 ], [ 28.704007606870647, 47.127507645245657 ], [ 28.704014052717501, 47.127503049905002 ], [ 28.704013909049785, 47.127498552616224 ], [ 28.704020354895, 47.127493957275234 ], [ 28.704020211226794, 47.127489459986457 ], [ 28.704020067558627, 47.127484962697679 ], [ 28.704026513401693, 47.12748036735637 ], [ 28.704026369733036, 47.127475870067578 ], [ 28.704032815574475, 47.127471274725934 ], [ 28.704032671905335, 47.127466777437171 ], [ 28.704039117745147, 47.127462182095179 ], [ 28.70403897407552, 47.127457684806423 ], [ 28.704045419913697, 47.127453089464076 ], [ 28.70404527624359, 47.127448592175334 ], [ 28.704045132573512, 47.127444094886577 ], [ 28.704051578409537, 47.127439499543911 ], [ 28.704051434738972, 47.127435002255162 ], [ 28.704051291068446, 47.127430504966412 ], [ 28.704051147397955, 47.127426007677663 ], [ 28.704044414223649, 47.127421608442738 ], [ 28.704037824719766, 47.127421706496214 ], [ 28.704031091547087, 47.127417307260501 ], [ 28.704024358375523, 47.127412908024368 ], [ 28.704017625205065, 47.127408508787823 ], [ 28.704010892035718, 47.127404109550866 ], [ 28.70400415886748, 47.127399710313497 ], [ 28.703997425700354, 47.127395311075716 ], [ 28.703990692534337, 47.127390911837516 ], [ 28.703983959369424, 47.127386512598903 ], [ 28.703977226205627, 47.127382113359886 ], [ 28.703970493042942, 47.127377714120442 ], [ 28.703963759881361, 47.127373314880593 ], [ 28.703957026720897, 47.127368915640325 ], [ 28.703950293561537, 47.127364516399652 ], [ 28.703943560403285, 47.127360117158567 ], [ 28.703936827246146, 47.127355717917048 ], [ 28.703930094090115, 47.127351318675132 ], [ 28.703923360935196, 47.127346919432803 ], [ 28.703929806770397, 47.127342324096929 ], [ 28.703929663110578, 47.127337826807825 ], [ 28.70392951945081, 47.12733332951872 ], [ 28.703929375791063, 47.127328832229594 ], [ 28.703922786298243, 47.127328930276306 ], [ 28.703916196805391, 47.127329028322634 ], [ 28.703909607312504, 47.127329126368586 ], [ 28.703903017819577, 47.127329224414147 ], [ 28.703903161477101, 47.127333721703323 ], [ 28.703896715640585, 47.127338317037712 ], [ 28.703890126146483, 47.127338415082569 ], [ 28.703883536652345, 47.127338513127029 ], [ 28.703876947158172, 47.127338611171112 ], [ 28.703870357663966, 47.127338709214818 ], [ 28.703863768169722, 47.127338807258141 ], [ 28.703857178675445, 47.127338905301087 ], [ 28.70385058918113, 47.127339003343657 ], [ 28.703843999686782, 47.127339101385836 ], [ 28.703837410192406, 47.127339199427652 ], [ 28.703830820697991, 47.127339297469078 ], [ 28.703824231203537, 47.127339395510134 ], [ 28.703817498058712, 47.127334996261439 ], [ 28.703810908564748, 47.127335094301721 ], [ 28.703804319070745, 47.127335192341619 ], [ 28.70379772957671, 47.127335290381147 ], [ 28.703791140082643, 47.127335388420285 ], [ 28.703784550588541, 47.127335486459046 ], [ 28.703777961094403, 47.127335584497438 ], [ 28.703771371600229, 47.127335682535445 ], [ 28.703764782106024, 47.12733578057307 ], [ 28.70375819261178, 47.127335878610324 ], [ 28.703751603117503, 47.127335976647188 ], [ 28.703744869978991, 47.127331577394138 ], [ 28.703738280485197, 47.127331675430234 ], [ 28.703731547348312, 47.127327276176381 ], [ 28.703724957855002, 47.127327374211688 ], [ 28.703718224719754, 47.127322974957032 ], [ 28.703711635226927, 47.127323072991572 ], [ 28.703704902093307, 47.127318673736106 ], [ 28.70369831260097, 47.127318771769879 ], [ 28.703691579468977, 47.127314372513595 ], [ 28.703684989977123, 47.127314470546594 ], [ 28.703678256846761, 47.127310071289507 ], [ 28.703671667355398, 47.127310169321738 ], [ 28.703665221501367, 47.127314764643337 ], [ 28.703665365138775, 47.127319261933074 ], [ 28.703658919283118, 47.127323857254339 ], [ 28.703652473426349, 47.127328452575242 ], [ 28.703652617062751, 47.127332949865007 ], [ 28.703646171204351, 47.127337545185576 ], [ 28.70364631484027, 47.127342042475334 ], [ 28.703639868980243, 47.127346637795561 ], [ 28.703633423119104, 47.127351233115448 ], [ 28.703626977256857, 47.127355828434965 ], [ 28.703627120891241, 47.127360325724759 ], [ 28.703627264525668, 47.12736482301456 ], [ 28.703627408160123, 47.127369320304346 ], [ 28.703627551794614, 47.127373817594147 ], [ 28.703621105929184, 47.127378412913352 ], [ 28.703621249563184, 47.127382910203153 ], [ 28.703614803696116, 47.127387505522023 ], [ 28.70361494732964, 47.127392002811824 ], [ 28.703608501460945, 47.12739659813036 ], [ 28.703608645093979, 47.127401095420183 ], [ 28.703602199223649, 47.127405690738364 ], [ 28.7036023428562, 47.127410188028186 ], [ 28.703595896984243, 47.12741478334604 ], [ 28.703596040616304, 47.127419280635863 ], [ 28.703596184248404, 47.127423777925685 ], [ 28.703596327880543, 47.127428275215514 ], [ 28.703596471512707, 47.127432772505323 ], [ 28.70359002563756, 47.127437367822857 ], [ 28.703590169269241, 47.127441865112694 ], [ 28.703583723392466, 47.127446460429894 ], [ 28.703583867023664, 47.127450957719731 ], [ 28.703584010654897, 47.127455455009553 ], [ 28.703577564775966, 47.127460050326441 ], [ 28.703577708406712, 47.127464547616256 ], [ 28.70357126252615, 47.127469142932803 ], [ 28.703571406156414, 47.127473640222647 ], [ 28.703564960274225, 47.127478235538838 ], [ 28.703565103903998, 47.127482732828682 ], [ 28.703565247533806, 47.127487230118533 ], [ 28.703558801649468, 47.127491825434397 ], [ 28.703558945278797, 47.127496322724248 ], [ 28.703552499392824, 47.127500918039772 ], [ 28.703552643021666, 47.127505415329637 ], [ 28.70355278665054, 47.127509912619487 ], [ 28.703546340762419, 47.127514507934677 ], [ 28.703546484390809, 47.127519005224542 ], [ 28.703540038501057, 47.127523600539412 ], [ 28.703540182128961, 47.12752809782927 ], [ 28.703540325756894, 47.127532595119142 ], [ 28.703533879864999, 47.127537190433664 ], [ 28.703534023492448, 47.127541687723536 ], [ 28.703527577598919, 47.127546283037731 ], [ 28.703527721225885, 47.127550780327603 ], [ 28.703527864852884, 47.127555277617489 ], [ 28.703521418957205, 47.12755987293135 ], [ 28.70352156258372, 47.127564370221229 ], [ 28.703515116686411, 47.127568965534742 ], [ 28.703515260312436, 47.127573462824643 ], [ 28.7035088144135, 47.127578058137814 ], [ 28.703508958039041, 47.127582555427708 ], [ 28.703509101664622, 47.127587052717608 ], [ 28.703509245290231, 47.127591550007509 ], [ 28.703502655763529, 47.127591648030467 ], [ 28.703502799388623, 47.127596145320354 ], [ 28.703502943013753, 47.127600642610254 ], [ 28.703496353485903, 47.12760074063285 ], [ 28.70349649711051, 47.127605237922779 ], [ 28.703496640735153, 47.127609735212687 ], [ 28.703490194830284, 47.127614330524857 ], [ 28.703490338454436, 47.127618827814779 ], [ 28.703483892547936, 47.1276234231266 ], [ 28.703484036171609, 47.127627920416536 ], [ 28.703484179795311, 47.127632417706458 ], [ 28.703477733886661, 47.127637013017953 ], [ 28.703477877509883, 47.127641510307882 ], [ 28.703471431599596, 47.127646105619043 ], [ 28.703471575222334, 47.127650602908979 ], [ 28.70346512931042, 47.127655198219806 ], [ 28.703465272932672, 47.127659695509756 ], [ 28.703465416554959, 47.127664192799692 ], [ 28.703458970640895, 47.127668788110178 ], [ 28.703459114262689, 47.127673285400128 ], [ 28.703452668346998, 47.12767788071028 ], [ 28.703452811968308, 47.127682378000237 ], [ 28.703452955589658, 47.127686875290195 ], [ 28.703446509671817, 47.127691470600013 ], [ 28.703446653292676, 47.127695967889977 ], [ 28.703440207373205, 47.127700563199454 ], [ 28.703440350993581, 47.127705060489419 ], [ 28.703440494613989, 47.127709557779376 ], [ 28.703434048692369, 47.127714153088533 ], [ 28.703434192312294, 47.127718650378505 ], [ 28.703427746389039, 47.127723245687314 ], [ 28.703427890008481, 47.127727742977299 ], [ 28.703428033627954, 47.127732240267271 ], [ 28.70342158770255, 47.127736835575753 ], [ 28.703421731321541, 47.127741332865725 ], [ 28.703415285394506, 47.12774592817388 ], [ 28.703415429013013, 47.127750425463873 ], [ 28.703408983084348, 47.127755020771666 ], [ 28.703409126702365, 47.127759518061666 ], [ 28.703409270320414, 47.127764015351651 ], [ 28.703402824389602, 47.127768610659139 ], [ 28.703402968007168, 47.127773107949125 ], [ 28.703396522074726, 47.127777703256264 ], [ 28.703396665691809, 47.127782200546264 ], [ 28.70339680930892, 47.127786697836271 ], [ 28.703390363374329, 47.127791293143076 ], [ 28.70339050699096, 47.12779579043309 ], [ 28.703384061054734, 47.127800385739548 ], [ 28.703384204670879, 47.127804883029569 ], [ 28.703384348287059, 47.127809380319576 ], [ 28.703377902348684, 47.127813975625706 ], [ 28.703378045964378, 47.127818472915735 ], [ 28.703371600024376, 47.127823068221524 ], [ 28.703371743639579, 47.127827565511559 ], [ 28.703371887254821, 47.127832062801581 ], [ 28.703365441312666, 47.12783665810705 ], [ 28.703365584927429, 47.127841155397078 ], [ 28.70335913898364, 47.1278457507022 ], [ 28.703359282597908, 47.127850247992235 ], [ 28.703359426212216, 47.127854745282278 ], [ 28.703352980266285, 47.127859340587065 ], [ 28.703353123880103, 47.127863837877115 ], [ 28.703346677932533, 47.127868433181575 ], [ 28.703346821545868, 47.127872930471625 ], [ 28.703346965159241, 47.127877427761661 ], [ 28.703340519209526, 47.127882023065787 ], [ 28.703340662822409, 47.127886520355844 ], [ 28.703334216871063, 47.127891115659629 ], [ 28.70333436048346, 47.127895612949693 ], [ 28.703334504095892, 47.127900110239757 ], [ 28.703328058142397, 47.127904705543209 ], [ 28.703328201754346, 47.127909202833266 ], [ 28.70332175579922, 47.12791379813639 ], [ 28.703321899410685, 47.127918295426454 ], [ 28.703322043022183, 47.127922792716525 ], [ 28.703315597064901, 47.127927388019309 ], [ 28.703315740675915, 47.127931885309387 ], [ 28.703309294717005, 47.127936480611829 ], [ 28.703309438327533, 47.127940977901915 ], [ 28.70330958193809, 47.127945475191993 ], [ 28.703303135977038, 47.127950070494116 ], [ 28.703303279587107, 47.127954567784201 ], [ 28.703296833624421, 47.127959163085983 ], [ 28.703296977234007, 47.127963660376075 ], [ 28.703297120843633, 47.127968157666167 ], [ 28.703290674878797, 47.127972752967608 ], [ 28.703290818487933, 47.127977250257715 ], [ 28.703284372521466, 47.127981845558807 ], [ 28.703284516130118, 47.127986342848921 ], [ 28.703284659738806, 47.12799084013902 ], [ 28.703278213770187, 47.127995435439807 ], [ 28.703278357378387, 47.127999932729914 ], [ 28.703271911408144, 47.128004528030345 ], [ 28.703272055015855, 47.128009025320466 ], [ 28.703272198623612, 47.12801352261058 ], [ 28.703265752651209, 47.128018117910685 ], [ 28.703265896258475, 47.128022615200813 ], [ 28.703259450284449, 47.128027210500584 ], [ 28.703259593891225, 47.128031707790711 ], [ 28.703259737498037, 47.128036205080832 ], [ 28.703253291521857, 47.128040800380255 ], [ 28.70325343512819, 47.128045297670404 ], [ 28.703246989150383, 47.128049892969486 ], [ 28.703247132756221, 47.128054390259635 ], [ 28.70324068677678, 47.128058985558383 ], [ 28.703240830382139, 47.128063482848539 ], [ 28.703240973987533, 47.128067980138681 ], [ 28.70323452800594, 47.128072575437095 ], [ 28.703234671610847, 47.128077072727258 ], [ 28.703228225627626, 47.128081668025338 ], [ 28.70322836923205, 47.128086165315494 ], [ 28.703221923247199, 47.12809076061324 ], [ 28.703222066851136, 47.128095257903396 ], [ 28.703215620864654, 47.128099853200816 ], [ 28.703215764468101, 47.128104350490986 ], [ 28.703209318479995, 47.12810894578805 ], [ 28.703209462082956, 47.12811344307822 ], [ 28.703203016093216, 47.12811803837495 ], [ 28.703196570102367, 47.128122633671317 ], [ 28.703196713704326, 47.128127130961524 ], [ 28.70319685730632, 47.128131628251715 ], [ 28.703197000908343, 47.128136125541907 ], [ 28.703197144510408, 47.128140622832099 ], [ 28.703197288112509, 47.128145120122284 ], [ 28.703197431714642, 47.128149617412468 ], [ 28.703190985719555, 47.128154212708559 ], [ 28.703184539723363, 47.128158808004279 ], [ 28.703184683324494, 47.128163305294478 ] ] } },
{ "type": "Feature", "properties": { "element": "node", "id": "I0037", "kind": "inspection", "length_m": null, "frm": null, "to": null }, "geometry": { "type": "Point", "coordinates": [ 28.703182618617017, 47.128162174596106 ] } },
{ "type": "Feature", "properties": { "element": "edge", "id": "I0037->I0042", "kind": "leg", "length_m": 127.1, "frm": "I0037", "to": "I0042" }, "geometry": { "type": "LineString", "coordinates": [ [ 28.703184683324494, 47.128163305294478 ], [ 28.703184539723363, 47.128158808004279 ], [ 28.703184396122275, 47.128154310714088 ], [ 28.703184252521218, 47.128149813423882 ], [ 28.70318410892019, 47.128145316133647 ], [ 28.703190554914823, 47.128140720837962 ], [ 28.703190411313315, 47.128136223547742 ], [ 28.70319685730632, 47.128131628251715 ], [ 28.703196713704326, 47.128127130961524 ], [ 28.703196570102367, 47.128122633671317 ], [ 28.703203016093216, 47.12811803837495 ], [ 28.703202872490778, 47.128113541084751 ], [ 28.703209318479995, 47.12810894578805 ], [ 28.703209174877063, 47.128104448497865 ], [ 28.703215620864654, 47.128099853200816 ], [ 28.703215477261242, 47.128095355910624 ], [ 28.703215333657855, 47.128090858620439 ], [ 28.703221779643297, 47.12808626332307 ], [ 28.703221636039434, 47.128081766032885 ], [ 28.703228082023241, 47.128077170735168 ], [ 28.703227938418888, 47.128072673445004 ], [ 28.703227794814573, 47.128068176154834 ], [ 28.703234240796231, 47.128063580856789 ], [ 28.70323409719143, 47.128059083566619 ], [ 28.703240543171461, 47.128054488268234 ], [ 28.703240399566173, 47.128049990978077 ], [ 28.703240255960917, 47.128045493687914 ], [ 28.703246701938795, 47.128040898389187 ], [ 28.703246558333053, 47.128036401099038 ], [ 28.703253004309303, 47.128031805799985 ], [ 28.703252860703081, 47.128027308509843 ], [ 28.703252717096891, 47.128022811219687 ], [ 28.703259163070989, 47.128018215920292 ], [ 28.703259019464316, 47.128013718630157 ], [ 28.703265465436779, 47.128009123330422 ], [ 28.703265321829623, 47.128004626040287 ], [ 28.703265178222495, 47.128000128750145 ], [ 28.703271624192809, 47.127995533450097 ], [ 28.703271480585201, 47.127991036159955 ], [ 28.703277926553888, 47.127986440859551 ], [ 28.703277782945786, 47.127981943569445 ], [ 28.703277639337724, 47.127977446279317 ], [ 28.703284085304261, 47.12797285097858 ], [ 28.703283941695716, 47.127968353688459 ], [ 28.703290387660626, 47.127963758387395 ], [ 28.70329024405159, 47.127959261097281 ], [ 28.703290100442587, 47.127954763807161 ], [ 28.703296546405344, 47.127950168505777 ], [ 28.703296402795857, 47.127945671215656 ], [ 28.703302848756987, 47.127941075913924 ], [ 28.703302705147017, 47.127936578623817 ], [ 28.703302561537079, 47.127932081333718 ], [ 28.70330900749606, 47.127927486031659 ], [ 28.703308863885638, 47.127922988741553 ], [ 28.703315309842981, 47.127918393439145 ], [ 28.703315166232073, 47.127913896149053 ], [ 28.703315022621204, 47.127909398858961 ], [ 28.703321468576398, 47.127904803556227 ], [ 28.703321324965042, 47.127900306266135 ], [ 28.703327770918609, 47.12789571096306 ], [ 28.703327627306763, 47.127891213672982 ], [ 28.703327483694956, 47.127886716382903 ], [ 28.703333929646369, 47.127882121079487 ], [ 28.703333786034072, 47.127877623789416 ], [ 28.703340231983859, 47.127873028485674 ], [ 28.703340088371078, 47.127868531195602 ], [ 28.703339944758337, 47.127864033905524 ], [ 28.703346390705967, 47.127859438601455 ], [ 28.703346247092739, 47.127854941311391 ], [ 28.703352693038742, 47.127850346006973 ], [ 28.703352549425027, 47.127845848716916 ], [ 28.703352405811341, 47.127841351426852 ], [ 28.703358851755201, 47.127836756122107 ], [ 28.703358708141032, 47.127832258832051 ], [ 28.703365154083258, 47.127827663526972 ], [ 28.703365010468605, 47.127823166236922 ], [ 28.703364866853985, 47.127818668946873 ], [ 28.703371312794058, 47.127814073641453 ], [ 28.703371169178958, 47.127809576351417 ], [ 28.703377615117397, 47.127804981045657 ], [ 28.70337747150181, 47.127800483755635 ], [ 28.703377327886255, 47.127795986465586 ], [ 28.703383773822548, 47.127791391159498 ], [ 28.703383630206506, 47.127786893869477 ], [ 28.703390076141172, 47.127782298563041 ], [ 28.703389932524644, 47.12777780127302 ], [ 28.703389788908154, 47.127773303982998 ], [ 28.703396234840664, 47.127768708676236 ], [ 28.703396091223691, 47.127764211386214 ], [ 28.703402537154574, 47.127759616079118 ], [ 28.703402393537111, 47.127755118789118 ], [ 28.703408839466366, 47.127750523481673 ], [ 28.703408695848413, 47.127746026191659 ], [ 28.703408552230503, 47.127741528901659 ], [ 28.703414998157609, 47.127736933593894 ], [ 28.703414854539201, 47.127732436303887 ], [ 28.703421300464679, 47.127727840995774 ], [ 28.703421156845788, 47.127723343705782 ], [ 28.70342101322694, 47.127718846415796 ], [ 28.703427459150266, 47.127714251107356 ], [ 28.703427315530931, 47.127709753817356 ], [ 28.703433761452622, 47.127705158508583 ], [ 28.7034336178328, 47.127700661218597 ], [ 28.703433474213014, 47.127696163928618 ], [ 28.703439920132556, 47.127691568619511 ], [ 28.703439776512287, 47.127687071329532 ], [ 28.703446222430198, 47.127682476020084 ], [ 28.703446078809439, 47.127677978730112 ], [ 28.703445935188714, 47.127673481440141 ], [ 28.703452381104476, 47.127668886130358 ], [ 28.703452237483265, 47.127664388840401 ], [ 28.7034586833974, 47.127659793530285 ], [ 28.703458539775706, 47.12765529624032 ], [ 28.703464985688203, 47.127650700929863 ], [ 28.70346484206603, 47.127646203639912 ], [ 28.7034712879769, 47.127641608329114 ], [ 28.703477733886661, 47.127637013017953 ], [ 28.703477590263475, 47.127632515728024 ], [ 28.703484036171609, 47.127627920416536 ], [ 28.703483892547936, 47.1276234231266 ], [ 28.703490338454436, 47.127618827814779 ], [ 28.703490194830284, 47.127614330524857 ], [ 28.703496640735153, 47.127609735212687 ], [ 28.70349649711051, 47.127605237922779 ], [ 28.703496353485903, 47.12760074063285 ], [ 28.703502943013753, 47.127600642610254 ], [ 28.703502799388623, 47.127596145320354 ], [ 28.703502655763529, 47.127591648030467 ], [ 28.703509245290231, 47.127591550007509 ], [ 28.703509101664622, 47.127587052717608 ], [ 28.703508958039041, 47.127582555427708 ], [ 28.7035088144135, 47.127578058137814 ], [ 28.70350867078799, 47.127573560847907 ], [ 28.703508527162512, 47.127569063557999 ], [ 28.70350838353707, 47.127564566268077 ], [ 28.703514829434457, 47.127559970954948 ], [ 28.703514685808525, 47.127555473665041 ], [ 28.703521131704274, 47.127550878351556 ], [ 28.703520988077869, 47.127546381061663 ], [ 28.703520844451486, 47.127541883771755 ], [ 28.703527290345086, 47.127537288457944 ], [ 28.70352714671823, 47.127532791168051 ], [ 28.703533592610192, 47.127528195853905 ], [ 28.703533448982853, 47.127523698564019 ], [ 28.703533305355535, 47.127519201274119 ], [ 28.703539751245355, 47.127514605959647 ], [ 28.703539607617557, 47.127510108669767 ], [ 28.70354605350575, 47.12750551335494 ], [ 28.703545909877459, 47.127501016065061 ], [ 28.703545766249214, 47.127496518775189 ], [ 28.70355221213525, 47.127491923460035 ], [ 28.703552068506514, 47.12748742617017 ], [ 28.703558514390924, 47.127482830854682 ], [ 28.703558370761705, 47.127478333564817 ], [ 28.703558227132518, 47.127473836274952 ], [ 28.703564673014778, 47.127469240959137 ], [ 28.703564529385108, 47.127464743669258 ], [ 28.703570975265738, 47.127460148353101 ], [ 28.703570831635577, 47.127455651063251 ], [ 28.703570688005456, 47.1274511537734 ], [ 28.703577133883933, 47.12744655845691 ], [ 28.703576990253321, 47.127442061167052 ], [ 28.703583436130174, 47.127437465850221 ], [ 28.703583292499079, 47.127432968560377 ], [ 28.70358314886802, 47.127428471270541 ], [ 28.703589594742716, 47.127423875953383 ], [ 28.703589451111174, 47.127419378663539 ], [ 28.703595896984243, 47.12741478334604 ], [ 28.703595753352211, 47.127410286056211 ], [ 28.703595609720221, 47.127405788766367 ], [ 28.703602055591137, 47.127401193448542 ], [ 28.703601911958653, 47.127396696158719 ], [ 28.703608357827942, 47.127392100840545 ], [ 28.703614803696116, 47.127387505522023 ], [ 28.70361466006263, 47.127383008232215 ], [ 28.703621105929184, 47.127378412913352 ], [ 28.703627551794614, 47.127373817594147 ], [ 28.703627408160123, 47.127369320304346 ], [ 28.703627264525668, 47.12736482301456 ], [ 28.703627120891241, 47.127360325724759 ], [ 28.703626977256857, 47.127355828434965 ], [ 28.703633423119104, 47.127351233115448 ], [ 28.703633279484229, 47.127346735825647 ], [ 28.703633135849387, 47.127342238535853 ], [ 28.703632992214583, 47.127337741246045 ], [ 28.703639438074159, 47.127333145926215 ], [ 28.703645883932627, 47.127328550606023 ], [ 28.703652329789989, 47.127323955285469 ], [ 28.703658775646236, 47.127319359964588 ], [ 28.703665221501367, 47.127314764643337 ], [ 28.703671667355398, 47.127310169321738 ], [ 28.703664934226659, 47.127305770063835 ], [ 28.703658344735786, 47.127305868095299 ], [ 28.703651611608681, 47.127301468836585 ], [ 28.703645022118291, 47.127301566867267 ], [ 28.70363828899281, 47.127297167607765 ], [ 28.703631699502903, 47.127297265637672 ], [ 28.70362496637906, 47.127292866377338 ], [ 28.703618376889636, 47.127292964406486 ], [ 28.70361164376742, 47.127288565145356 ], [ 28.703605054278487, 47.127288663173729 ], [ 28.703598321157909, 47.127284263911775 ], [ 28.703591731669452, 47.127284361939374 ], [ 28.7035849985505, 47.127279962676631 ], [ 28.703578409062533, 47.127280060703448 ], [ 28.703571675945209, 47.127275661439896 ], [ 28.703565086457733, 47.127275759465938 ], [ 28.70355864059843, 47.127280354781632 ], [ 28.703558784226683, 47.127284852071647 ], [ 28.703552338365753, 47.127289447387007 ], [ 28.703552481993515, 47.127293944677028 ], [ 28.703552625621317, 47.127298441967049 ], [ 28.703552769249146, 47.127302939257071 ], [ 28.703546323385545, 47.127307534572104 ], [ 28.703539877520839, 47.127312129886782 ], [ 28.703533431655018, 47.127316725201112 ], [ 28.70352684216234, 47.12731682322503 ], [ 28.70352039629482, 47.127321418538628 ] ] } },
{ "type": "Feature", "properties": { "element": "node", "id": "I0042", "kind": "inspection", "length_m": null, "frm": null, "to": null }, "geometry": { "type": "Point", "coordinates": [ 28.703509397564918, 47.127321959989878 ] } },
{ "type": "Feature", "properties": { "element": "edge", "id": "I0042->W0041", "kind": "leg", "length_m": 425.3, "frm": "I0042", "to": "W0041" }, "geometry": { "type": "LineString", "coordinates": [ [ 28.70352039629482, 47.127321418538628 ], [ 28.703526985788091, 47.12732132051508 ], [ 28.703533431655018, 47.127316725201112 ], [ 28.703533288028751, 47.127312227911062 ], [ 28.703539733894051, 47.127307632596739 ], [ 28.703539590267287, 47.12730313530669 ], [ 28.703546036130959, 47.12729853999204 ], [ 28.703545892503712, 47.127294042701998 ], [ 28.703552338365753, 47.127289447387007 ], [ 28.703558784226683, 47.127284852071647 ], [ 28.70355864059843, 47.127280354781632 ], [ 28.703565086457733, 47.127275759465938 ], [ 28.70357153231592, 47.127271164149896 ], [ 28.703571388686662, 47.127266666859903 ], [ 28.703577834543221, 47.12726207154352 ], [ 28.703577690913484, 47.12725757425352 ], [ 28.703577547283775, 47.127253076963527 ], [ 28.703577403654105, 47.127248579673527 ], [ 28.703577260024467, 47.12724408238352 ], [ 28.703570670540909, 47.127244180409839 ], [ 28.703564081057312, 47.127244278435775 ], [ 28.703557491573683, 47.127244376461334 ], [ 28.703550902090019, 47.127244474486517 ], [ 28.703544312606322, 47.127244572511323 ], [ 28.703537723122587, 47.127244670535731 ], [ 28.703531133638819, 47.127244768559777 ], [ 28.703524544155012, 47.127244866583446 ], [ 28.703517954671174, 47.127244964606732 ], [ 28.70351122156325, 47.127240565339477 ], [ 28.703504488456435, 47.127236166071803 ], [ 28.703497755350728, 47.127231766803718 ], [ 28.70349102224613, 47.127227367535234 ], [ 28.703484289142647, 47.127222968266324 ], [ 28.703477556040273, 47.127218568997002 ], [ 28.703470822939003, 47.12721416972726 ], [ 28.70346408983885, 47.127209770457121 ], [ 28.703457356739801, 47.127205371186555 ], [ 28.703450623641864, 47.127200971915578 ], [ 28.703443890545035, 47.127196572644188 ], [ 28.703437157449319, 47.127192173372393 ], [ 28.70343042435471, 47.127187774100172 ], [ 28.703423691261214, 47.127183374827545 ], [ 28.703416958168827, 47.127178975554493 ], [ 28.703416814553062, 47.12717447826406 ], [ 28.703416670937326, 47.127169980973626 ], [ 28.70340993784723, 47.127165581700126 ], [ 28.703409794232126, 47.127161084409671 ], [ 28.703403061143725, 47.127156685135738 ], [ 28.703402917529246, 47.127152187845248 ], [ 28.703402773914796, 47.127147690554764 ], [ 28.703396040828686, 47.127143291280376 ], [ 28.703395897214861, 47.127138793989864 ], [ 28.703395753601075, 47.127134296699346 ], [ 28.703395609987322, 47.127129799408834 ], [ 28.703395466373603, 47.127125302118309 ], [ 28.703395322759921, 47.127120804827783 ], [ 28.703395179146273, 47.12711630753725 ], [ 28.703395035532658, 47.127111810246724 ], [ 28.703401481386337, 47.127107214940189 ], [ 28.703407927238906, 47.127102619633298 ], [ 28.703414373090371, 47.127098024326074 ], [ 28.703420818940721, 47.127093429018487 ], [ 28.703427264789958, 47.127088833710552 ], [ 28.703433710638091, 47.127084238402261 ], [ 28.703440156485115, 47.127079643093609 ], [ 28.703446602331024, 47.127075047784615 ], [ 28.703453048175827, 47.127070452475266 ], [ 28.703459494019519, 47.127065857165576 ], [ 28.703465939862102, 47.127061261855523 ], [ 28.703472385703574, 47.127056666545123 ], [ 28.703478831543936, 47.12705207123436 ], [ 28.703485277383187, 47.127047475923256 ], [ 28.70349172322133, 47.127042880611796 ], [ 28.703498312680303, 47.127042782590344 ], [ 28.703504758516747, 47.127038187278167 ], [ 28.703511204352079, 47.127033591965635 ], [ 28.703517793809837, 47.127033493943067 ], [ 28.703524239643471, 47.127028898629831 ], [ 28.703530685475997, 47.127024303316226 ], [ 28.703537131307414, 47.12701970800228 ], [ 28.703543720763363, 47.127019609978248 ], [ 28.703550166593079, 47.127015014663577 ], [ 28.703556612421686, 47.127010419348572 ], [ 28.70356320187642, 47.127010321323425 ], [ 28.703569647703333, 47.127005726007688 ], [ 28.703576093529129, 47.12700113069161 ], [ 28.703582682982656, 47.127001032665362 ], [ 28.703589128806748, 47.126996437348566 ], [ 28.703595574629738, 47.126991842031416 ], [ 28.703602164082049, 47.126991744004066 ], [ 28.703608609903338, 47.126987148686197 ], [ 28.703615055723517, 47.126982553367988 ], [ 28.703621645174614, 47.126982455339522 ], [ 28.703628090993089, 47.126977860020581 ], [ 28.703634536810458, 47.126973264701299 ], [ 28.703641126260347, 47.126973166671725 ], [ 28.703647572076015, 47.126968571351732 ], [ 28.703654017890575, 47.126963976031377 ], [ 28.703660607339248, 47.126963878000709 ], [ 28.703667053152106, 47.126959282679636 ], [ 28.703673498963855, 47.126954687358221 ], [ 28.703680088411314, 47.126954589326431 ], [ 28.703686534221362, 47.126949994004299 ], [ 28.703692980030301, 47.126945398681812 ], [ 28.703699569476544, 47.12694530064892 ], [ 28.703706015283785, 47.126940705325715 ], [ 28.703712461089921, 47.126936110002156 ], [ 28.703718906894942, 47.126931514678247 ], [ 28.703725496339384, 47.126931416643892 ], [ 28.70373194214271, 47.126926821319266 ], [ 28.70373838794492, 47.126922225994285 ], [ 28.703744833746022, 47.126917630668963 ], [ 28.70375142318866, 47.126917532633144 ], [ 28.703757868988063, 47.126912937307097 ], [ 28.703764314786355, 47.126908341980702 ], [ 28.703770760583538, 47.126903746653937 ], [ 28.703777350024374, 47.126903648616647 ], [ 28.703783795819863, 47.126899053289193 ], [ 28.703790241614236, 47.12689445796137 ], [ 28.7037966874075, 47.126889862633199 ], [ 28.703803276846532, 47.126889764594438 ], [ 28.703809722638091, 47.126885169265549 ], [ 28.703816168428553, 47.126880573936312 ], [ 28.703822757866366, 47.126880475896456 ], [ 28.703829203655122, 47.126875880566487 ], [ 28.703835649442773, 47.126871285236184 ], [ 28.703842095229309, 47.126866689905526 ], [ 28.703848684665317, 47.126866591864179 ], [ 28.703855130450155, 47.12686199653281 ], [ 28.703861576233887, 47.126857401201093 ], [ 28.703868022016504, 47.126852805869014 ], [ 28.703874611450711, 47.126852707826203 ], [ 28.70388105723163, 47.12684811249342 ], [ 28.703887503011444, 47.126843517160268 ], [ 28.703893948790142, 47.126838921826767 ], [ 28.703900538222545, 47.126838823782492 ], [ 28.703906983999545, 47.126834228448274 ], [ 28.703913429775433, 47.126829633113715 ], [ 28.703920019206624, 47.126829535068325 ], [ 28.703926464980814, 47.126824939733048 ], [ 28.703932910753895, 47.126820344397402 ], [ 28.703939356525872, 47.126815749061436 ], [ 28.703945945955258, 47.126815651014581 ], [ 28.703952391725529, 47.126811055677877 ], [ 28.703958837494692, 47.126806460340823 ], [ 28.703965283262743, 47.126801865003422 ], [ 28.703971872690332, 47.126801766955097 ], [ 28.703978318456684, 47.126797171616978 ], [ 28.703984764221921, 47.126792576278504 ], [ 28.703991209986061, 47.126787980939682 ], [ 28.703997799411841, 47.126787882889886 ], [ 28.704004245174275, 47.126783287550339 ], [ 28.704010690935593, 47.126778692210451 ], [ 28.704017136695807, 47.126774096870207 ], [ 28.704023726119789, 47.126773998818955 ], [ 28.704030171878305, 47.126769403477986 ], [ 28.704036617635705, 47.12676480813667 ], [ 28.704043207058469, 47.126764710084309 ], [ 28.704049652814181, 47.126760114742275 ], [ 28.704056098568778, 47.126755519399907 ], [ 28.704062544322262, 47.12675092405717 ], [ 28.704069133743218, 47.126750826003331 ], [ 28.704075579495012, 47.126746230659883 ], [ 28.704082025245683, 47.12674163531608 ], [ 28.704088470995256, 47.126737039971921 ], [ 28.704095060414414, 47.126736941916619 ], [ 28.704101506162278, 47.126732346571757 ], [ 28.704107951909034, 47.126727751226532 ], [ 28.704114397654685, 47.12672315588096 ], [ 28.704120987072038, 47.126723057824186 ], [ 28.704127432815987, 47.126718462477889 ], [ 28.704133878558828, 47.126713867131251 ], [ 28.704140324300557, 47.126709271784264 ], [ 28.704146913716105, 47.12670917372602 ], [ 28.704153359456136, 47.126704578378309 ], [ 28.704159805195054, 47.126699983030257 ], [ 28.704166394609391, 47.126699884970897 ], [ 28.704172840346615, 47.126695289622113 ], [ 28.704179286082727, 47.126690694273002 ], [ 28.704185731817724, 47.126686098923514 ], [ 28.704192321230259, 47.126686000862691 ], [ 28.704198766963561, 47.1266814055125 ], [ 28.704205212695754, 47.126676810161946 ], [ 28.704211658426832, 47.126672214811052 ], [ 28.704218247837563, 47.126672116748757 ], [ 28.70422469356695, 47.126667521397138 ], [ 28.704231139295217, 47.126662926045178 ], [ 28.704237585022387, 47.126658330692855 ], [ 28.704244174431309, 47.126658232629097 ], [ 28.704250620156774, 47.126653637276057 ], [ 28.70425706588113, 47.126649041922676 ], [ 28.704263511604371, 47.126644446568939 ], [ 28.704270101011495, 47.126644348503717 ], [ 28.704276546733038, 47.126639753149242 ], [ 28.704282992453475, 47.126635157794446 ], [ 28.704289581859385, 47.126635059728095 ], [ 28.704296027578124, 47.126630464372582 ], [ 28.704302473295751, 47.126625869016706 ], [ 28.704308919012263, 47.126621273660469 ], [ 28.704315508416371, 47.126621175592675 ], [ 28.704321954131185, 47.126616580235726 ], [ 28.704328399844893, 47.12661198487843 ], [ 28.704334845557494, 47.126607389520792 ], [ 28.704341434959794, 47.126607291451514 ], [ 28.704347880670689, 47.126602696093137 ], [ 28.704354326380479, 47.126598100734434 ], [ 28.704360772089164, 47.126593505375368 ], [ 28.704367361489656, 47.126593407304618 ], [ 28.704373807196639, 47.126588811944835 ], [ 28.704380252902506, 47.126584216584696 ], [ 28.704386698607269, 47.126579621224224 ], [ 28.704393288005964, 47.126579523152003 ], [ 28.704399733709021, 47.126574927790791 ], [ 28.704406179410974, 47.126570332429232 ], [ 28.704412768808453, 47.12657023435591 ], [ 28.704419214508707, 47.126565638993647 ], [ 28.70442566020785, 47.126561043631021 ], [ 28.704432105905877, 47.126556448268055 ], [ 28.704438695301555, 47.126556350193255 ], [ 28.70444514099789, 47.12655175482957 ], [ 28.704451586693114, 47.126547159465538 ], [ 28.704458032387222, 47.126542564101136 ], [ 28.704464621781099, 47.126542466024873 ], [ 28.704471067473513, 47.126537870659767 ], [ 28.704477513164814, 47.1265332752943 ], [ 28.704483958855011, 47.126528679928484 ], [ 28.70449054824708, 47.126528581850756 ], [ 28.704496993935578, 47.126523986484223 ], [ 28.704503439622961, 47.126519391117348 ], [ 28.704510029013818, 47.126519293038513 ], [ 28.704516474699499, 47.126514697670913 ], [ 28.704522920384079, 47.126510102302959 ], [ 28.704529366067547, 47.126505506934663 ], [ 28.704535955456599, 47.126505408854356 ], [ 28.704542401138365, 47.12650081348535 ], [ 28.704548846819023, 47.126496218115967 ], [ 28.704555292498572, 47.126491622746236 ], [ 28.704561881885819, 47.126491524664473 ], [ 28.704568327563663, 47.126486929294032 ], [ 28.704574773240402, 47.126482333923242 ], [ 28.704581218916033, 47.126477738552097 ], [ 28.704587808301476, 47.126477640468856 ], [ 28.704594253975408, 47.126473045097001 ], [ 28.704600699648225, 47.12646844972479 ], [ 28.704607145319937, 47.126463854352231 ], [ 28.704613734703582, 47.126463756267519 ], [ 28.704620180373588, 47.126459160894235 ], [ 28.70462662604249, 47.126454565520604 ], [ 28.704633215424916, 47.126454467434783 ], [ 28.70463966109212, 47.126449872060441 ], [ 28.704646106758208, 47.12644527668575 ], [ 28.704652552423187, 47.126440681310697 ], [ 28.704659141803816, 47.126440583223406 ], [ 28.704665587467101, 47.12643598784765 ], [ 28.70467203312927, 47.126431392471531 ], [ 28.704678478790335, 47.126426797095057 ], [ 28.704685068169155, 47.126426699006302 ], [ 28.704691513828521, 47.12642210362911 ], [ 28.704697959486772, 47.126417508251585 ], [ 28.704704405143918, 47.126412912873697 ], [ 28.704710994520934, 47.126412814783464 ], [ 28.704717440176378, 47.126408219404851 ], [ 28.704723885830713, 47.126403624025905 ], [ 28.704730331483937, 47.126399028646603 ], [ 28.704736920859155, 47.126398930554899 ], [ 28.70474336651068, 47.126394335174879 ], [ 28.704749812161097, 47.126389739794483 ], [ 28.704756401535096, 47.126389641701692 ], [ 28.704762847183812, 47.126385046320593 ], [ 28.704769292831422, 47.126380450939152 ], [ 28.70477573847792, 47.126375855557356 ], [ 28.704782327850111, 47.126375757463087 ], [ 28.704788773494911, 47.126371162080574 ], [ 28.7047952191386, 47.126366566697705 ], [ 28.704801664781179, 47.126361971314488 ], [ 28.704808254151573, 47.126361873218748 ], [ 28.70481469979245, 47.126357277834813 ], [ 28.704821145432216, 47.126352682450531 ], [ 28.704827591070877, 47.126348087065885 ], [ 28.70483418043947, 47.126347988968689 ], [ 28.704840626076432, 47.126343393583333 ], [ 28.70484707171228, 47.126338798197622 ], [ 28.704853517347022, 47.12633420281157 ], [ 28.704860106713806, 47.126334104712889 ], [ 28.70486655234685, 47.126329509326119 ], [ 28.704872997978779, 47.126324913939001 ], [ 28.704879587344351, 47.126324815839205 ], [ 28.704886032974581, 47.126320220451369 ], [ 28.704892478603707, 47.126315625063178 ], [ 28.704898924231717, 47.126311029674639 ], [ 28.704905513595488, 47.126310931573379 ], [ 28.7049119592218, 47.126306336184115 ], [ 28.704918404847007, 47.126301740794503 ], [ 28.704924850471098, 47.126297145404543 ], [ 28.704931439833064, 47.126297047301804 ], [ 28.704937885455458, 47.126292451911134 ], [ 28.704944331076746, 47.126287856520108 ], [ 28.704950776696919, 47.126283261128712 ], [ 28.704957366057084, 47.126283163024517 ], [ 28.704963811675558, 47.126278567632419 ], [ 28.704970257292921, 47.126273972239979 ], [ 28.704976702909178, 47.126269376847176 ], [ 28.704983292267535, 47.126269278741511 ], [ 28.704989737882094, 47.126264683347976 ], [ 28.704996183495542, 47.126260087954115 ], [ 28.705002772852687, 47.126259989847334 ], [ 28.705009218464433, 47.126255394452755 ], [ 28.70501566407507, 47.126250799057821 ], [ 28.705022109684595, 47.126246203662518 ], [ 28.705028699039939, 47.12624610555428 ], [ 28.705035144647773, 47.126241510158273 ], [ 28.705041590254485, 47.126236914761925 ], [ 28.705048035860099, 47.126232319365194 ], [ 28.705054625213638, 47.126232221255499 ], [ 28.705061070817546, 47.126227625858064 ], [ 28.705067516420346, 47.126223030460288 ], [ 28.705073962022034, 47.126218435062164 ], [ 28.705080551373772, 47.126218336950977 ], [ 28.705086996973762, 47.126213741552142 ], [ 28.705093442572647, 47.126209146152945 ], [ 28.705099888170416, 47.126204550753386 ], [ 28.705106477520346, 47.126204452640728 ], [ 28.705112923116417, 47.126199857240465 ], [ 28.705119368711383, 47.126195261839854 ], [ 28.705125958060098, 47.126195163726095 ], [ 28.705132403653362, 47.126190568324759 ], [ 28.705138849245518, 47.126185972923075 ], [ 28.705145294836555, 47.12618137752105 ], [ 28.705151884183472, 47.12618127940582 ], [ 28.705158329772818, 47.126176684003063 ], [ 28.705164775361048, 47.126172088599951 ], [ 28.705171220948177, 47.126167493196498 ], [ 28.705177810293286, 47.126167395079811 ], [ 28.705184255878713, 47.126162799675633 ], [ 28.705190701463032, 47.126158204271107 ], [ 28.705197147046235, 47.126153608866225 ], [ 28.705203736389542, 47.126153510748061 ], [ 28.705210181971047, 47.126148915342469 ], [ 28.705216627551444, 47.126144319936529 ], [ 28.705223216893536, 47.126144221817256 ], [ 28.705229662472238, 47.126139626410598 ], [ 28.705236108049824, 47.126135031003578 ], [ 28.705242553626302, 47.126130435596224 ], [ 28.70524914296659, 47.12613033747548 ], [ 28.70525558854137, 47.126125742067401 ], [ 28.705262034115037, 47.12612114665896 ], [ 28.7052684796876, 47.126116551250178 ], [ 28.705274925259047, 47.126111955841054 ], [ 28.705281370829386, 47.126107360431561 ], [ 28.705287816398616, 47.126102765021713 ], [ 28.705294261966735, 47.126098169611517 ], [ 28.705300707533745, 47.126093574200979 ], [ 28.705307153099646, 47.126088978790079 ], [ 28.705313598664432, 47.126084383378824 ], [ 28.705320044228113, 47.126079787967228 ], [ 28.705326489790689, 47.126075192555277 ], [ 28.70533293535215, 47.12607059714297 ], [ 28.705339380912502, 47.126066001730322 ], [ 28.705345826471746, 47.126061406317298 ], [ 28.705352272029874, 47.126056810903947 ], [ 28.7053587175869, 47.126052215490226 ], [ 28.705365163142812, 47.126047620076157 ], [ 28.705371608697615, 47.126043024661747 ], [ 28.705378054251309, 47.126038429246975 ], [ 28.705384643579769, 47.126038331118579 ], [ 28.705391232908198, 47.126038232989821 ], [ 28.705397678459601, 47.126033637573968 ], [ 28.705404124009899, 47.126029042157768 ], [ 28.705410569559085, 47.126024446741212 ], [ 28.705417015107162, 47.126019851324308 ], [ 28.705423460654124, 47.126015255907049 ], [ 28.705429906199981, 47.126010660489442 ], [ 28.705436351744726, 47.126006065071472 ], [ 28.705442797288363, 47.126001469653161 ], [ 28.705449242830888, 47.125996874234509 ], [ 28.705449099049773, 47.125992376947892 ], [ 28.70544895526869, 47.125987879661267 ], [ 28.705455544590667, 47.125987781528877 ], [ 28.705462133912615, 47.125987683396097 ], [ 28.705468723234524, 47.125987585262962 ], [ 28.705475312556395, 47.125987487129436 ], [ 28.70548190187824, 47.125987388995533 ], [ 28.70548849120004, 47.125987290861246 ], [ 28.705495080521811, 47.125987192726583 ], [ 28.705501669843546, 47.125987094591544 ], [ 28.705508259165253, 47.125986996456128 ], [ 28.705514848486914, 47.125986898320321 ], [ 28.705521437808549, 47.125986800184151 ], [ 28.705527883342441, 47.125982204761151 ], [ 28.70553432887522, 47.125977609337809 ], [ 28.705540774406892, 47.125973013914113 ], [ 28.705547363726723, 47.125972915776458 ], [ 28.705553809256696, 47.125968320352051 ], [ 28.705560254785556, 47.125963724927267 ], [ 28.705566700313309, 47.125959129502164 ], [ 28.705573289631332, 47.125959031363045 ], [ 28.705579735157386, 47.12595443593721 ], [ 28.705586180682328, 47.125949840511026 ], [ 28.705592769999143, 47.125949742370807 ], [ 28.705599215522387, 47.125945146943899 ], [ 28.705605661044522, 47.125940551516649 ], [ 28.705612106565546, 47.125935956089045 ], [ 28.705618695880553, 47.125935857947347 ], [ 28.705625141399878, 47.125931262519032 ], [ 28.705631586918095, 47.125926667090354 ], [ 28.7056380324352, 47.125922071661343 ], [ 28.705644621748402, 47.125921973518167 ], [ 28.705651067263808, 47.125917378088424 ], [ 28.705657512778107, 47.125912782658339 ], [ 28.705663958291293, 47.125908187227893 ], [ 28.705670547602693, 47.125908089083254 ], [ 28.705676993114182, 47.125903493652096 ], [ 28.705683438624565, 47.125898898220591 ], [ 28.705689884133832, 47.12589430278873 ], [ 28.705696473443425, 47.125894204642627 ], [ 28.705702918950994, 47.125889609210049 ], [ 28.705709364457459, 47.125885013777108 ], [ 28.705715953765836, 47.125884915629896 ], [ 28.705722399270602, 47.125880320196252 ], [ 28.705728844774246, 47.12587572476226 ], [ 28.705735290276792, 47.125871129327912 ], [ 28.705741879583371, 47.12587103117923 ], [ 28.705748325084208, 47.125866435744165 ], [ 28.70575477058394, 47.125861840308744 ], [ 28.705761216082568, 47.125857244872968 ], [ 28.705767805387339, 47.125857146722815 ], [ 28.705774250884261, 47.125852551286336 ], [ 28.705780696380074, 47.125847955849494 ], [ 28.705787141874776, 47.125843360412304 ], [ 28.705793731177756, 47.125843262260695 ], [ 28.70580017667076, 47.125838666822773 ], [ 28.705806622162655, 47.125834071384524 ], [ 28.70581321146441, 47.125833973231792 ], [ 28.705819656954603, 47.125829377792826 ], [ 28.705826102443694, 47.125824782353504 ], [ 28.705832547931664, 47.125820186913828 ], [ 28.705839137231621, 47.125820088759625 ], [ 28.705845582717899, 47.125815493319223 ], [ 28.705852028203065, 47.125810897878495 ], [ 28.705858473687119, 47.125806302437397 ], [ 28.705865062985268, 47.12580620428173 ], [ 28.705871508467631, 47.125801608839915 ], [ 28.705877953948875, 47.125797013397744 ], [ 28.70588439942901, 47.125792417955232 ], [ 28.705890988725361, 47.125792319798109 ], [ 28.705897434203802, 47.125787724354872 ], [ 28.705903879681131, 47.125783128911287 ], [ 28.705910325157348, 47.12577853346734 ], [ 28.70591691445189, 47.125778435308739 ], [ 28.705923359926416, 47.125773839864088 ], [ 28.705929805399826, 47.125769244419082 ], [ 28.705936394693154, 47.12576914625938 ], [ 28.705942840164866, 47.125764550813656 ], [ 28.705949285635466, 47.125759955367585 ], [ 28.705955731104957, 47.125755359921158 ], [ 28.705962320396484, 47.125755261759977 ], [ 28.705968765864277, 47.125750666312847 ], [ 28.705975211330959, 47.125746070865354 ], [ 28.705981656796531, 47.125741475417513 ], [ 28.705988246086253, 47.125741377254862 ], [ 28.705994691550131, 47.125736781806296 ], [ 28.70600113701289, 47.125732186357382 ], [ 28.706007582474548, 47.12572759090812 ], [ 28.706014171762469, 47.125727492744005 ], [ 28.706020617222418, 47.125722897294025 ], [ 28.706027062681269, 47.125718301843698 ], [ 28.706033508139001, 47.125713706393007 ], [ 28.70604009742512, 47.125713608227414 ], [ 28.706046542881154, 47.125709012776028 ], [ 28.706052988336079, 47.125704417324272 ], [ 28.706059577620984, 47.125704319157578 ], [ 28.706066023074211, 47.125699723705118 ], [ 28.706072468526326, 47.125695128252289 ], [ 28.706078913977333, 47.125690532799119 ], [ 28.706085503260432, 47.125690434630947 ], [ 28.706091948709741, 47.125685839177066 ], [ 28.706098394157941, 47.125681243722838 ], [ 28.706104839605029, 47.125676648268225 ], [ 28.706111428886324, 47.125676550098603 ], [ 28.706117874331714, 47.125671954643309 ], [ 28.706124319775995, 47.125667359187645 ], [ 28.706130909056075, 47.125667261016908 ], [ 28.706137354498658, 47.125662665560533 ], [ 28.706143943778113, 47.125662567389064 ], [ 28.706150389218994, 47.125657971931972 ], [ 28.706156834658767, 47.125653376474524 ], [ 28.706163423937014, 47.125653278301932 ], [ 28.706169869375081, 47.125648682843789 ], [ 28.706176314812041, 47.125644087385261 ], [ 28.706182904089072, 47.125643989211582 ], [ 28.706189349524337, 47.125639393752351 ], [ 28.706195794958493, 47.125634798292779 ], [ 28.706202384234309, 47.125634700117992 ], [ 28.70620882966676, 47.125630104657695 ], [ 28.706215275098106, 47.125625509197043 ], [ 28.706221864372708, 47.12562541102114 ], [ 28.706228309802352, 47.125620815559785 ], [ 28.706234755230884, 47.125616220098081 ], [ 28.706241344504278, 47.12561612192107 ], [ 28.706247789931112, 47.125611526458641 ], [ 28.706254379203877, 47.125611428280891 ], [ 28.706260824629013, 47.125606832817738 ], [ 28.70626727005304, 47.125602237354251 ], [ 28.70627385932459, 47.125602139175392 ], [ 28.706280304746919, 47.12559754371118 ], [ 28.706286750168136, 47.12559294824662 ], [ 28.706293195588241, 47.125588352781691 ], [ 28.706299641007238, 47.125583757316427 ], [ 28.70630608642513, 47.125579161850808 ], [ 28.706312531841906, 47.125574566384842 ], [ 28.706318977257578, 47.125569970918512 ], [ 28.706325422672137, 47.125565375451828 ], [ 28.706331868085588, 47.125560779984802 ], [ 28.70633831349793, 47.125556184517436 ], [ 28.706344758909161, 47.125551589049692 ], [ 28.706351204319279, 47.125546993581601 ], [ 28.70635764972829, 47.125542398113176 ], [ 28.706364095136191, 47.125537802644388 ], [ 28.706370540542984, 47.125533207175238 ], [ 28.706376985948662, 47.125528611705747 ], [ 28.706383431353238, 47.125524016235907 ], [ 28.706389876756703, 47.125519420765698 ], [ 28.706396322159051, 47.125514825295156 ], [ 28.706402767560295, 47.125510229824265 ], [ 28.706409212960427, 47.125505634352997 ], [ 28.70641565835945, 47.125501038881396 ], [ 28.706422103757365, 47.125496443409439 ], [ 28.706428549154172, 47.125491847937127 ], [ 28.706434994549859, 47.125487252464474 ], [ 28.706441439944452, 47.125482656991451 ], [ 28.706447885337919, 47.125478061518088 ], [ 28.706454330730292, 47.125473466044369 ], [ 28.706460776121542, 47.125468870570302 ], [ 28.706467221511691, 47.125464275095865 ], [ 28.706473666900727, 47.125459679621109 ], [ 28.706480112288652, 47.125455084145983 ], [ 28.706486557675468, 47.125450488670502 ], [ 28.706493003061176, 47.125445893194666 ], [ 28.70649285919486, 47.125441395910066 ], [ 28.706499304578937, 47.125436800433896 ], [ 28.706505749961906, 47.125432204957377 ], [ 28.706512195343759, 47.125427609480496 ], [ 28.706518640724507, 47.125423014003267 ], [ 28.706525086104151, 47.12541841852569 ], [ 28.706531531482678, 47.125413823047772 ], [ 28.706537976860094, 47.12540922756947 ], [ 28.706544422236409, 47.125404632090842 ], [ 28.7065508676116, 47.12540003661185 ], [ 28.706557312985698, 47.125395441132504 ], [ 28.706563758358676, 47.125390845652817 ], [ 28.706570203730546, 47.125386250172767 ], [ 28.706576649101308, 47.125381654692376 ], [ 28.706583094470954, 47.12537705921163 ], [ 28.706589539839495, 47.125372463730528 ], [ 28.706595985206931, 47.125367868249086 ], [ 28.706595841332327, 47.125363370964656 ], [ 28.706595697457754, 47.12535887368022 ], [ 28.706602142823037, 47.125354278198444 ], [ 28.706601998947981, 47.125349780914028 ], [ 28.706608444311637, 47.125345185431911 ], [ 28.706608300436091, 47.125340688147489 ], [ 28.706608156560588, 47.125336190863081 ], [ 28.706614601922087, 47.125331595380622 ], [ 28.706614458046097, 47.125327098096214 ], [ 28.70662090340597, 47.125322502613415 ], [ 28.706620759529493, 47.125318005329021 ], [ 28.706620615653051, 47.125313508044606 ], [ 28.706627061010771, 47.125308912561493 ], [ 28.706626917133846, 47.125304415277085 ], [ 28.706633362489939, 47.125299819793632 ], [ 28.706633218612527, 47.125295322509245 ], [ 28.706633074735148, 47.125290825224852 ], [ 28.706639520089091, 47.125286229741064 ], [ 28.706639376211232, 47.125281732456664 ], [ 28.706645821563537, 47.125277136972542 ], [ 28.706645677685191, 47.125272639688163 ], [ 28.706652123035873, 47.125268044203693 ], [ 28.706651979157037, 47.125263546919321 ], [ 28.70665183527824, 47.125259049634941 ], [ 28.706658280626776, 47.125254454150138 ], [ 28.7066647259742, 47.125249858664993 ], [ 28.706671171320515, 47.125245263179487 ], [ 28.706677616665715, 47.125240667693625 ], [ 28.706684062009813, 47.125236072207414 ], [ 28.706690507352793, 47.125231476720863 ], [ 28.706696952694671, 47.125226881233949 ], [ 28.706703398035437, 47.125222285746688 ], [ 28.706709843375087, 47.125217690259063 ], [ 28.706716288713636, 47.125213094771098 ], [ 28.706723021820146, 47.125217493851274 ], [ 28.706723165704737, 47.125221991135518 ], [ 28.706723309589361, 47.125226488419756 ], [ 28.706723453474023, 47.125230985703993 ], [ 28.706723597358717, 47.125235482988209 ], [ 28.706723741243447, 47.125239980272447 ], [ 28.706723885128213, 47.125244477556663 ], [ 28.706724029013007, 47.125248974840893 ], [ 28.70672417289784, 47.125253472125088 ], [ 28.706724316782712, 47.125257969409319 ], [ 28.706724460667616, 47.12526246669352 ], [ 28.706724604552551, 47.125266963977722 ], [ 28.706724748437523, 47.125271461261917 ], [ 28.70672489232253, 47.125275958546119 ], [ 28.706725036207573, 47.125280455830307 ], [ 28.706725180092647, 47.125284953114495 ], [ 28.706725323977761, 47.125289450398675 ], [ 28.706725467862906, 47.125293947682856 ], [ 28.706725611748087, 47.125298444967029 ], [ 28.706725755633304, 47.125302942251203 ], [ 28.706725899518549, 47.125307439535383 ], [ 28.706726043403837, 47.125311936819543 ], [ 28.706726187289156, 47.125316434103695 ], [ 28.706726331174508, 47.125320931387854 ], [ 28.706726475059899, 47.125325428672021 ], [ 28.706726618945325, 47.125329925956152 ], [ 28.706726762830783, 47.125334423240304 ], [ 28.706726906716277, 47.125338920524442 ], [ 28.706727050601803, 47.12534341780858 ], [ 28.706727194487367, 47.125347915092725 ], [ 28.706727338372964, 47.125352412376849 ], [ 28.706727482258593, 47.125356909660965 ], [ 28.706727626144261, 47.125361406945089 ], [ 28.706727770029964, 47.125365904229206 ], [ 28.706727913915703, 47.125370401513322 ], [ 28.70672805780147, 47.125374898797432 ], [ 28.706728201687277, 47.125379396081541 ], [ 28.706728345573122, 47.125383893365637 ], [ 28.706728489458992, 47.125388390649732 ], [ 28.706728633344905, 47.125392887933828 ], [ 28.706728777230847, 47.125397385217923 ], [ 28.706728921116831, 47.125401882502011 ], [ 28.70672906500284, 47.125406379786099 ], [ 28.706729208888888, 47.125410877070181 ], [ 28.706729352774975, 47.125415374354255 ], [ 28.706729496661094, 47.125419871638329 ], [ 28.706729640547252, 47.125424368922388 ], [ 28.706729784433431, 47.125428866206455 ], [ 28.70672992831966, 47.125433363490515 ], [ 28.706730072205918, 47.125437860774568 ], [ 28.706730216092208, 47.125442358058621 ], [ 28.706730359978536, 47.125446855342666 ], [ 28.706730503864897, 47.125451352626719 ], [ 28.706730647751293, 47.12545584991075 ], [ 28.706730791637725, 47.125460347194775 ], [ 28.706730935524192, 47.125464844478813 ], [ 28.706731079410691, 47.125469341762845 ], [ 28.706731223297229, 47.125473839046876 ], [ 28.706731367183799, 47.125478336330893 ], [ 28.706731511070402, 47.12548283361491 ], [ 28.706731654957043, 47.12548733089892 ], [ 28.706731798843713, 47.125491828182923 ], [ 28.706731942730421, 47.125496325466926 ], [ 28.706732086617173, 47.125500822750944 ], [ 28.706732230503953, 47.125505320034939 ], [ 28.706732374390761, 47.125509817318921 ], [ 28.706732518277612, 47.12551431460291 ], [ 28.706732662164494, 47.125518811886899 ], [ 28.706732806051406, 47.12552330917088 ], [ 28.706732949938367, 47.125527806454862 ], [ 28.706733093825349, 47.125532303738837 ], [ 28.706733237712371, 47.125536801022804 ], [ 28.706733381599431, 47.125541298306779 ], [ 28.70673352548652, 47.125545795590732 ], [ 28.706733669373644, 47.125550292874699 ], [ 28.706733813260808, 47.12555479015866 ], [ 28.706727367883321, 47.125559385647854 ], [ 28.706720922504722, 47.1255639811367 ], [ 28.706714477125026, 47.125568576625199 ], [ 28.706708031744206, 47.125573172113356 ], [ 28.706701586362289, 47.12557776760115 ], [ 28.706695140979249, 47.12558236308859 ], [ 28.706688695595112, 47.125586958575681 ], [ 28.706682250209852, 47.125591554062424 ], [ 28.706675804823494, 47.125596149548798 ] ] } },
{ "type": "Feature", "properties": { "element": "node", "id": "W0041", "kind": "waste", "length_m": null, "frm": null, "to": null }, "geometry": { "type": "Point", "coordinates": [ 28.706658675187242, 47.125596481901148 ] } },
{ "type": "Feature", "properties": { "element": "edge", "id": "W0041->W0037", "kind": "leg", "length_m": 27.7, "frm": "W0041", "to": "W0037" }, "geometry": { "type": "LineString", "coordinates": [ [ 28.706675804823494, 47.125596149548798 ], [ 28.706675948706007, 47.125600646832851 ], [ 28.706676092588555, 47.125605144116918 ], [ 28.706676236471143, 47.125609641400963 ], [ 28.706676380353763, 47.125614138685002 ], [ 28.706676524236414, 47.12561863596904 ], [ 28.706676668119105, 47.125623133253072 ], [ 28.706676812001824, 47.125627630537103 ], [ 28.706676955884586, 47.125632127821127 ], [ 28.706677099767376, 47.125636625105145 ], [ 28.706677243650201, 47.125641122389176 ], [ 28.706677387533063, 47.125645619673193 ], [ 28.706677531415959, 47.125650116957203 ], [ 28.706677675298891, 47.125654614241206 ], [ 28.706677819181856, 47.125659111525209 ], [ 28.706677963064855, 47.125663608809212 ], [ 28.706678106947898, 47.125668106093201 ], [ 28.706678250830961, 47.125672603377197 ], [ 28.706678394714071, 47.125677100661186 ], [ 28.706678538597213, 47.125681597945167 ], [ 28.706678682480383, 47.125686095229142 ], [ 28.706678826363589, 47.125690592513138 ], [ 28.706678970246838, 47.125695089797105 ], [ 28.706679114130115, 47.125699587081073 ], [ 28.706679258013427, 47.12570408436504 ], [ 28.706679401896778, 47.125708581649 ], [ 28.706679545780162, 47.125713078932954 ], [ 28.706679689663577, 47.125717576216907 ], [ 28.706679833547028, 47.125722073500853 ], [ 28.706679977430515, 47.125726570784806 ], [ 28.706680121314037, 47.125731068068752 ], [ 28.706680265197598, 47.125735565352684 ], [ 28.706680409081184, 47.125740062636609 ], [ 28.706680552964816, 47.125744559920541 ], [ 28.706680696848473, 47.125749057204466 ], [ 28.706680840732169, 47.125753554488391 ], [ 28.7066809846159, 47.125758051772308 ], [ 28.706681128499664, 47.125762549056226 ], [ 28.706674683092949, 47.125767144542678 ], [ 28.706668237685122, 47.125771740028789 ], [ 28.70666179227619, 47.125776335514544 ], [ 28.706655346866143, 47.125780930999952 ], [ 28.706648901454987, 47.125785526484997 ], [ 28.706642456042719, 47.1257901219697 ], [ 28.706636010629346, 47.125794717454056 ], [ 28.706629565214858, 47.125799312938049 ], [ 28.706623119799264, 47.125803908421688 ], [ 28.706616674382563, 47.12580850390497 ], [ 28.706610228964749, 47.125813099387919 ], [ 28.706603783545827, 47.125817694870513 ], [ 28.706597338125793, 47.125822290352737 ] ] } },
{ "type": "Feature", "properties": { "element": "node", "id": "W0037", "kind": "waste", "length_m": null, "frm": null, "to": null }, "geometry": { "type": "Point", "coordinates": [ 28.706575266442854, 47.125822696341928 ] } },
{ "type": "Feature", "properties": { "element": "edge", "id": "W0037->I0084", "kind": "leg", "length_m": 75.2, "frm": "W0037", "to": "I0084" }, "geometry": { "type": "LineString", "coordinates": [ [ 28.706597338125793, 47.125822290352737 ], [ 28.70659719424879, 47.125817793068677 ], [ 28.706603639668302, 47.125813197586446 ], [ 28.706603495790809, 47.125808700302393 ], [ 28.706603351913355, 47.125804203018326 ], [ 28.706609797330717, 47.125799607535789 ], [ 28.706616242746975, 47.125795012052883 ], [ 28.706616098868516, 47.125790514768838 ], [ 28.706615954990092, 47.125786017484792 ], [ 28.706615811111696, 47.125781520200746 ], [ 28.706615667233347, 47.125777022916701 ], [ 28.706615523355026, 47.125772525632634 ], [ 28.706615379476737, 47.125768028348574 ], [ 28.706621824888757, 47.125763432865391 ], [ 28.706621681009988, 47.125758935581338 ], [ 28.706621537131255, 47.125754438297278 ], [ 28.706621393252551, 47.125749941013218 ], [ 28.706627838661905, 47.125745345529722 ], [ 28.706627694782714, 47.125740848245663 ], [ 28.706627550903562, 47.125736350961603 ], [ 28.706627407024449, 47.125731853677543 ], [ 28.706633852431128, 47.125727258193727 ], [ 28.706633708551525, 47.125722760909667 ], [ 28.706633564671961, 47.125718263625608 ], [ 28.706633420792425, 47.125713766341555 ], [ 28.706639866196436, 47.125709170857412 ], [ 28.706639722316417, 47.12570467357336 ], [ 28.70663957843643, 47.1257001762893 ], [ 28.706639434556482, 47.125695679005247 ], [ 28.706645879957829, 47.125691083520792 ], [ 28.706645736077391, 47.125686586236725 ], [ 28.706645592196992, 47.125682088952672 ], [ 28.706652037596186, 47.12567749346789 ], [ 28.706651893715296, 47.12567299618383 ], [ 28.706651749834446, 47.125668498899778 ], [ 28.706651605953631, 47.125664001615718 ], [ 28.706658051350157, 47.125659406130616 ], [ 28.706657907468852, 47.12565490884657 ], [ 28.706657763587582, 47.125650411562511 ], [ 28.706657619706355, 47.125645914278451 ], [ 28.70666406510021, 47.125641318793029 ], [ 28.706663921218492, 47.125636821508976 ], [ 28.706663777336807, 47.125632324224931 ], [ 28.706663633455161, 47.125627826940878 ], [ 28.70667007884634, 47.12562323145513 ], [ 28.706669934964204, 47.125618734171077 ], [ 28.706669791082106, 47.125614236887024 ], [ 28.706676236471143, 47.125609641400963 ], [ 28.706682681859068, 47.125605045914533 ], [ 28.706689127245877, 47.125600450427761 ], [ 28.706695572631581, 47.125595854940634 ], [ 28.70670201801617, 47.125591259453159 ], [ 28.706708463399661, 47.125586663965336 ], [ 28.706714908782033, 47.125582068477151 ], [ 28.706721354163296, 47.125577472988617 ], [ 28.706727799543451, 47.125572877499728 ], [ 28.70672765565671, 47.125568380215782 ], [ 28.706727511769998, 47.125563882931807 ], [ 28.706727367883321, 47.125559385647854 ], [ 28.706733813260808, 47.12555479015866 ], [ 28.706740258637179, 47.125550194669088 ], [ 28.706746704012449, 47.125545599179191 ], [ 28.706753293275359, 47.125545500972841 ], [ 28.706759882538236, 47.125545402766122 ], [ 28.706766471801078, 47.125545304559012 ], [ 28.706773061063885, 47.125545206351539 ], [ 28.706779650326656, 47.125545108143683 ], [ 28.706786239589395, 47.125545009935429 ], [ 28.706792828852098, 47.12554491172682 ], [ 28.706799418114766, 47.125544813517827 ], [ 28.706806007377399, 47.125544715308443 ], [ 28.706812596639995, 47.125544617098697 ], [ 28.706819185902564, 47.12554451888856 ], [ 28.70682577516509, 47.125544420678054 ], [ 28.706832508323036, 47.12554881975089 ], [ 28.706839097586048, 47.125548721539609 ], [ 28.706845686849029, 47.125548623327951 ], [ 28.706852276111977, 47.125548525115903 ], [ 28.706859009272588, 47.125552924187147 ], [ 28.706865598536019, 47.125552825974324 ], [ 28.706872187799412, 47.125552727761132 ], [ 28.706878777062773, 47.125552629547556 ], [ 28.706885510226058, 47.125557028617209 ], [ 28.706892099489902, 47.125556930402858 ], [ 28.706898688753714, 47.125556832188131 ], [ 28.706905278017498, 47.125556733973028 ], [ 28.706912011183444, 47.125561133041082 ], [ 28.706918600447711, 47.125561034825196 ], [ 28.706925189711939, 47.125560936608935 ], [ 28.706931922880042, 47.125565335675795 ], [ 28.706932066783985, 47.125569832959272 ], [ 28.706932210687963, 47.125574330242742 ], [ 28.706938943858361, 47.125578729309133 ], [ 28.706939087762965, 47.125583226592596 ], [ 28.706939231667604, 47.125587723876031 ], [ 28.706939375572279, 47.125592221159486 ], [ 28.706939519476986, 47.125596718442921 ], [ 28.706946108745548, 47.125596620225409 ], [ 28.706952698014078, 47.125596522007513 ], [ 28.706959287282572, 47.125596423789233 ], [ 28.70696602045799, 47.125600822853954 ], [ 28.706972609726972, 47.125600724634914 ], [ 28.70697919899591, 47.125600626415498 ], [ 28.70698578826482, 47.125600528195683 ], [ 28.706992377533695, 47.125600429975506 ], [ 28.706999110712303, 47.125604829038231 ], [ 28.707005699981661, 47.125604730817273 ], [ 28.70701228925099, 47.125604632595945 ], [ 28.707018878520273, 47.125604534374233 ], [ 28.707025467789531, 47.12560443615213 ], [ 28.707032200971334, 47.12560883521288 ], [ 28.707038790241075, 47.125608736990003 ], [ 28.707045379510777, 47.125608638766757 ], [ 28.707051968780451, 47.125608540543141 ], [ 28.707058558050083, 47.125608442319127 ], [ 28.707065291235079, 47.125612841377887 ], [ 28.7070718805052, 47.12561274315312 ], [ 28.707078469775286, 47.125612644927955 ], [ 28.70708505904534, 47.125612546702428 ], [ 28.707091648315355, 47.125612448476517 ], [ 28.707098237585338, 47.125612350250222 ], [ 28.70710497077404, 47.125616749306594 ], [ 28.707111560044506, 47.125616651079532 ], [ 28.707118149314944, 47.12561655285208 ], [ 28.707124738585339, 47.125616454624257 ], [ 28.707131327855706, 47.125616356396058 ], [ 28.707138061047594, 47.125620755450434 ], [ 28.707144650318444, 47.125620657221461 ], [ 28.707151239589258, 47.125620558992104 ], [ 28.707157828860037, 47.125620460762377 ], [ 28.707164418130784, 47.125620362532267 ], [ 28.707171151325859, 47.125624761584653 ], [ 28.707177740597089, 47.125624663353761 ], [ 28.707184329868291, 47.1256245651225 ], [ 28.70719091913945, 47.125624466890862 ], [ 28.707197508410577, 47.125624368658841 ] ] } },
{ "type": "Feature", "properties": { "element": "node", "id": "I0084", "kind": "inspection", "length_m": null, "frm": null, "to": null }, "geometry": { "type": "Point", "coordinates": [ 28.707195198815988, 47.125617847053924 ] } },
{ "type": "Feature", "properties": { "element": "edge", "id": "I0084->I0085", "kind": "leg", "length_m": 17.7, "frm": "I0084", "to": "I0085" }, "geometry": { "type": "LineString", "coordinates": [ [ 28.707197508410577, 47.125624368658841 ], [ 28.70719091913945, 47.125624466890862 ], [ 28.707184329868291, 47.1256245651225 ], [ 28.707177740597089, 47.125624663353761 ], [ 28.707171151325859, 47.125624761584653 ], [ 28.707164562054597, 47.125624859815154 ], [ 28.7071579727833, 47.125624958045279 ], [ 28.707151383511967, 47.125625056275013 ], [ 28.707144794240595, 47.125625154504391 ], [ 28.707138204969194, 47.125625252733379 ], [ 28.707131615697755, 47.125625350961997 ], [ 28.707124882505795, 47.125620951907244 ], [ 28.707118293234839, 47.125621050135081 ], [ 28.70711170396385, 47.125621148362541 ], [ 28.70710511469283, 47.125621246589624 ], [ 28.707098381503535, 47.125616847533273 ], [ 28.707091792232998, 47.125616945759582 ], [ 28.707085202962428, 47.125617043985507 ], [ 28.707078469775286, 47.125612644927955 ], [ 28.7070718805052, 47.12561274315312 ], [ 28.707065291235079, 47.125612841377887 ], [ 28.707058701964922, 47.125612939602284 ], [ 28.707051968780451, 47.125608540543141 ], [ 28.707045379510777, 47.125608638766757 ], [ 28.707038790241075, 47.125608736990003 ], [ 28.707032200971334, 47.12560883521288 ], [ 28.707025467789531, 47.12560443615213 ], [ 28.707018878520273, 47.125604534374233 ], [ 28.70701228925099, 47.125604632595945 ], [ 28.707005699981661, 47.125604730817273 ], [ 28.706999110712303, 47.125604829038231 ], [ 28.706992377533695, 47.125600429975506 ], [ 28.70698578826482, 47.125600528195683 ], [ 28.70697919899591, 47.125600626415498 ] ] } },
{ "type": "Feature", "properties": { "element": "node", "id": "I0085", "kind": "inspection", "length_m": null, "frm": null, "to": null }, "geometry": { "type": "Point", "coordinates": [ 28.706976622717001, 47.125592230330746 ] } },
{ "type": "Feature", "properties": { "element": "edge", "id": "I0085->W0042", "kind": "leg", "length_m": 21.9, "frm": "I0085", "to": "W0042" }, "geometry": { "type": "LineString", "coordinates": [ [ 28.70697919899591, 47.125600626415498 ], [ 28.706972609726972, 47.125600724634914 ], [ 28.70696602045799, 47.125600822853954 ], [ 28.706959287282572, 47.125596423789233 ], [ 28.706952698014078, 47.125596522007513 ], [ 28.706946108745548, 47.125596620225409 ], [ 28.706939519476986, 47.125596718442921 ], [ 28.706939375572279, 47.125592221159486 ], [ 28.706939231667604, 47.125587723876031 ], [ 28.706939087762965, 47.125583226592596 ], [ 28.706938943858361, 47.125578729309133 ], [ 28.706938799953789, 47.125574232025684 ], [ 28.706938656049253, 47.125569734742228 ], [ 28.706931922880042, 47.125565335675795 ], [ 28.706925189711939, 47.125560936608935 ], [ 28.706918600447711, 47.125561034825196 ], [ 28.706912011183444, 47.125561133041082 ], [ 28.706905421919149, 47.125561231256569 ], [ 28.706898832654822, 47.125561329471694 ], [ 28.706892243390456, 47.125561427686442 ], [ 28.706885510226058, 47.125557028617209 ], [ 28.706878920962183, 47.125557126831161 ], [ 28.706872331698261, 47.125557225044766 ], [ 28.706865598536019, 47.125552825974324 ], [ 28.706859009272588, 47.125552924187147 ], [ 28.706852420009124, 47.125553022399579 ], [ 28.706845830745625, 47.125553120611642 ], [ 28.706839097586048, 47.125548721539609 ], [ 28.706832508323036, 47.12554881975089 ], [ 28.706825919059987, 47.125548917961794 ], [ 28.7068193297969, 47.125549016172329 ], [ 28.706812596639995, 47.125544617098697 ], [ 28.706806007377399, 47.125544715308443 ], [ 28.706799418114766, 47.125544813517827 ], [ 28.706792828852098, 47.12554491172682 ], [ 28.706786239589395, 47.125545009935429 ], [ 28.706779650326656, 47.125545108143683 ], [ 28.706773061063885, 47.125545206351539 ], [ 28.706766471801078, 47.125545304559012 ], [ 28.706759882538236, 47.125545402766122 ], [ 28.706753293275359, 47.125545500972841 ], [ 28.706746704012449, 47.125545599179191 ] ] } },
{ "type": "Feature", "properties": { "element": "node", "id": "W0042", "kind": "waste", "length_m": null, "frm": null, "to": null }, "geometry": { "type": "Point", "coordinates": [ 28.70676650304355, 47.12554628104381 ] } },
{ "type": "Feature", "properties": { "element": "edge", "id": "W0042->I0075", "kind": "leg", "length_m": 540.2, "frm": "W0042", "to": "I0075" }, "geometry": { "type": "LineString", "coordinates": [ [ 28.706746704012449, 47.125545599179191 ], [ 28.706746560124245, 47.125541101895259 ], [ 28.706746416236079, 47.12553660461132 ], [ 28.706746272347949, 47.125532107327388 ], [ 28.706746128459852, 47.125527610043434 ], [ 28.706745984571789, 47.125523112759488 ], [ 28.706745840683762, 47.125518615475528 ], [ 28.706745696795767, 47.125514118191589 ], [ 28.706745552907812, 47.125509620907621 ], [ 28.706745409019884, 47.125505123623661 ], [ 28.706745265132, 47.125500626339701 ], [ 28.706745121244143, 47.125496129055726 ], [ 28.706744977356326, 47.125491631771744 ], [ 28.706744833468541, 47.12548713448777 ], [ 28.706744689580795, 47.125482637203795 ], [ 28.706744545693081, 47.1254781399198 ], [ 28.706744401805398, 47.125473642635811 ], [ 28.706744257917752, 47.125469145351822 ], [ 28.706744114030144, 47.125464648067826 ], [ 28.706743970142572, 47.125460150783823 ], [ 28.706743826255028, 47.12545565349982 ], [ 28.706743682367524, 47.12545115621581 ], [ 28.706743538480048, 47.125446658931786 ], [ 28.706743394592614, 47.125442161647776 ], [ 28.706743250705212, 47.125437664363751 ], [ 28.706743106817846, 47.125433167079727 ], [ 28.706742962930512, 47.12542866979571 ], [ 28.70674281904321, 47.125424172511664 ], [ 28.706742675155947, 47.125419675227633 ], [ 28.706742531268723, 47.125415177943594 ], [ 28.706742387381528, 47.125410680659556 ], [ 28.706742243494368, 47.125406183375503 ], [ 28.706742099607244, 47.125401686091443 ], [ 28.706741955720155, 47.125397188807391 ], [ 28.706741811833101, 47.125392691523324 ], [ 28.70674166794608, 47.125388194239257 ], [ 28.706741524059094, 47.125383696955197 ], [ 28.706741380172144, 47.12537919967113 ], [ 28.706741236285229, 47.125374702387056 ], [ 28.706741092398349, 47.125370205102961 ], [ 28.706740948511506, 47.125365707818887 ], [ 28.706740804624694, 47.125361210534798 ], [ 28.706740660737914, 47.125356713250703 ], [ 28.70674051685117, 47.125352215966608 ], [ 28.706740372964468, 47.125347718682512 ], [ 28.706740229077795, 47.125343221398417 ], [ 28.706740085191157, 47.1253387241143 ], [ 28.706739941304555, 47.125334226830191 ], [ 28.706739797417985, 47.125329729546074 ], [ 28.706739653531454, 47.125325232261964 ], [ 28.706739509644954, 47.125320734977841 ], [ 28.706739365758484, 47.12531623769371 ], [ 28.706739221872063, 47.125311740409586 ], [ 28.706739077985663, 47.125307243125455 ], [ 28.706738934099302, 47.125302745841303 ], [ 28.706738790212981, 47.125298248557179 ], [ 28.706738646326691, 47.125293751273034 ], [ 28.706738502440434, 47.125289253988875 ], [ 28.706738358554212, 47.125284756704723 ], [ 28.706738214668025, 47.12528025942057 ], [ 28.706738070781874, 47.125275762136404 ], [ 28.706737926895755, 47.125271264852238 ], [ 28.706737783009675, 47.125266767568071 ], [ 28.706737639123627, 47.125262270283898 ], [ 28.706737495237618, 47.125257772999731 ], [ 28.706737351351638, 47.125253275715544 ], [ 28.7067372074657, 47.125248778431363 ], [ 28.706737063579791, 47.125244281147175 ], [ 28.706736919693913, 47.125239783862995 ], [ 28.706736775808075, 47.125235286578778 ], [ 28.706736631922269, 47.125230789294591 ], [ 28.706736488036501, 47.125226292010382 ], [ 28.706736344150769, 47.125221794726173 ], [ 28.706736200265066, 47.125217297441949 ], [ 28.706736056379405, 47.125212800157755 ], [ 28.70673591249377, 47.125208302873531 ], [ 28.70673576860818, 47.125203805589308 ], [ 28.706735624722615, 47.125199308305078 ], [ 28.706735480837089, 47.125194811020847 ], [ 28.706735336951599, 47.125190313736617 ], [ 28.706735193066145, 47.12518581645238 ], [ 28.706735049180718, 47.125181319168135 ], [ 28.706734905295331, 47.12517682188389 ], [ 28.706734761409983, 47.125172324599646 ], [ 28.706734617524667, 47.12516782731538 ], [ 28.706734473639383, 47.125163330031128 ], [ 28.706734329754134, 47.12515883274687 ], [ 28.706734185868921, 47.125154335462604 ], [ 28.706734041983744, 47.125149838178324 ], [ 28.706733898098598, 47.125145340894051 ], [ 28.706733754213484, 47.125140843609778 ], [ 28.706733610328417, 47.125136346325512 ], [ 28.706733466443371, 47.12513184904121 ], [ 28.706733322558367, 47.125127351756923 ], [ 28.706733178673399, 47.125122854472629 ], [ 28.70673303478846, 47.125118357188327 ], [ 28.706732890903563, 47.125113859904019 ], [ 28.706739336227784, 47.125109264414867 ], [ 28.706739192342397, 47.12510476713058 ], [ 28.706739048457049, 47.125100269846293 ], [ 28.706738904571733, 47.125095772561977 ], [ 28.706738760686449, 47.125091275277669 ], [ 28.7067386168012, 47.125086777993367 ], [ 28.706738472915994, 47.125082280709059 ], [ 28.706738329030809, 47.125077783424736 ], [ 28.706744774350287, 47.125073187935307 ], [ 28.706744630464627, 47.125068690650998 ], [ 28.706744486578998, 47.12506419336669 ], [ 28.706744342693401, 47.125059696082367 ], [ 28.706750788010208, 47.125055100592618 ], [ 28.706750644124128, 47.12505060330831 ], [ 28.706750500238087, 47.125046106024001 ], [ 28.706750356352075, 47.125041608739679 ], [ 28.706756801666209, 47.12503701324961 ], [ 28.706763246979232, 47.125032417759208 ], [ 28.706769692291154, 47.125027822268436 ], [ 28.706776137601956, 47.125023226777309 ], [ 28.706782582911657, 47.125018631285833 ], [ 28.706789028220236, 47.12501403579401 ], [ 28.706795473527716, 47.125009440301831 ], [ 28.706801918834085, 47.125004844809304 ], [ 28.706808364139341, 47.125000249316422 ], [ 28.706814809443486, 47.124995653823191 ], [ 28.706821254746529, 47.124991058329599 ], [ 28.706821110854833, 47.124986561045411 ], [ 28.706820966963168, 47.124982063761195 ], [ 28.706820823071546, 47.124977566477007 ], [ 28.706820679179952, 47.124973069192798 ], [ 28.706820535288394, 47.124968571908589 ], [ 28.706820391396874, 47.124964074624373 ], [ 28.706820247505387, 47.124959577340171 ], [ 28.706820103613932, 47.124955080055933 ], [ 28.706819959722516, 47.124950582771703 ], [ 28.706819815831128, 47.124946085487487 ], [ 28.706819671939783, 47.124941588203242 ], [ 28.706819528048467, 47.124937090919019 ], [ 28.706819384157189, 47.124932593634767 ], [ 28.706819240265943, 47.124928096350523 ], [ 28.706819096374737, 47.124923599066271 ], [ 28.706818952483562, 47.124919101782027 ], [ 28.70681880859242, 47.124914604497768 ], [ 28.70681866470132, 47.124910107213509 ], [ 28.706818520810245, 47.12490560992925 ], [ 28.706818376919212, 47.124901112644977 ], [ 28.706818233028208, 47.124896615360711 ], [ 28.706818089137244, 47.124892118076431 ], [ 28.706817945246314, 47.124887620792144 ], [ 28.706817801355413, 47.124883123507871 ], [ 28.706817657464555, 47.124878626223577 ], [ 28.706817513573725, 47.12487412893929 ], [ 28.706817369682938, 47.124869631654981 ], [ 28.706817225792175, 47.124865134370694 ], [ 28.706817081901452, 47.124860637086393 ], [ 28.706816938010764, 47.124856139802077 ], [ 28.706823383297088, 47.124851544308484 ], [ 28.706823239405914, 47.124847047024183 ], [ 28.706823095514775, 47.124842549739888 ], [ 28.706822951623671, 47.12483805245558 ], [ 28.706829396907331, 47.124833456961653 ], [ 28.706829253015741, 47.124828959677359 ], [ 28.706829109124183, 47.124824462393057 ], [ 28.706828965232663, 47.124819965108742 ], [ 28.706828821341176, 47.12481546782444 ], [ 28.706835266621642, 47.124810872330215 ], [ 28.706835122729672, 47.124806375045914 ], [ 28.706834978837733, 47.124801877761605 ], [ 28.706834834945834, 47.124797380477297 ], [ 28.706841280223632, 47.124792784982766 ], [ 28.706841136331242, 47.124788287698465 ], [ 28.706840992438892, 47.124783790414149 ], [ 28.706840848546577, 47.124779293129841 ], [ 28.706847293821699, 47.124774697634983 ], [ 28.706847149928901, 47.124770200350682 ], [ 28.706847006036128, 47.124765703066373 ], [ 28.706846862143394, 47.124761205782072 ], [ 28.706846718250699, 47.124756708497756 ], [ 28.706853163522634, 47.124752113002593 ], [ 28.706853019629449, 47.124747615718277 ], [ 28.706852875736303, 47.124743118433969 ], [ 28.706852731843192, 47.124738621149653 ], [ 28.706859177112456, 47.124734025654185 ], [ 28.706859033218858, 47.124729528369876 ], [ 28.706858889325289, 47.124725031085553 ], [ 28.706858745431759, 47.124720533801245 ], [ 28.706858601538265, 47.124716036516922 ], [ 28.706865046804339, 47.124711441021134 ], [ 28.706864902910361, 47.124706943736818 ], [ 28.706864759016415, 47.124702446452517 ], [ 28.706864615122505, 47.124697949168187 ], [ 28.706871060385911, 47.124693353672086 ], [ 28.706870916491511, 47.124688856387777 ], [ 28.706870772597149, 47.124684359103462 ], [ 28.706870628702823, 47.124679861819139 ], [ 28.706870484808533, 47.124675364534809 ], [ 28.706876930068749, 47.12467076903841 ], [ 28.706876786173968, 47.124666271754094 ], [ 28.70687664227923, 47.124661774469779 ], [ 28.706876498384517, 47.124657277185449 ], [ 28.706882943642064, 47.124652681688715 ], [ 28.706882799746875, 47.124648184404414 ], [ 28.706882655851711, 47.124643687120084 ], [ 28.706882511956593, 47.124639189835754 ], [ 28.7068823680615, 47.124634692551432 ], [ 28.706888813315857, 47.124630097054414 ], [ 28.70688866942028, 47.12462559977007 ], [ 28.706888525524743, 47.124621102485754 ], [ 28.706888381629234, 47.124616605201425 ], [ 28.706894826880923, 47.12461200970408 ], [ 28.706894682984931, 47.124607512419765 ], [ 28.706894539088978, 47.124603015135435 ], [ 28.706894395193057, 47.124598517851112 ], [ 28.706894251297168, 47.124594020566782 ], [ 28.706900696545663, 47.124589425069125 ], [ 28.706900552649298, 47.124584927784802 ], [ 28.706900408752958, 47.124580430500465 ], [ 28.706900264856653, 47.124575933216121 ], [ 28.706906710102484, 47.124571337718159 ], [ 28.706906566205696, 47.124566840433843 ], [ 28.706906422308943, 47.124562343149513 ], [ 28.70690627841222, 47.124557845865169 ], [ 28.706912723655378, 47.12455325036688 ], [ 28.706912579758178, 47.12454875308255 ], [ 28.706912435861003, 47.124544255798227 ], [ 28.706912291963874, 47.12453975851389 ], [ 28.706912148066777, 47.124535261229546 ], [ 28.706918593306742, 47.124530665730951 ], [ 28.706918449409155, 47.124526168446636 ], [ 28.706918305511607, 47.124521671162285 ], [ 28.706918161614094, 47.124517173877962 ], [ 28.706924606851388, 47.124512578379047 ], [ 28.706924462953385, 47.124508081094724 ], [ 28.706924319055425, 47.124503583810373 ], [ 28.706924175157493, 47.124499086526043 ], [ 28.706924031259593, 47.124494589241706 ], [ 28.706930476493707, 47.124489993742486 ], [ 28.706930332595324, 47.124485496458149 ], [ 28.706930188696973, 47.124480999173812 ], [ 28.706930044798668, 47.124476501889475 ], [ 28.706936490030099, 47.124471906389935 ], [ 28.706936346131304, 47.124467409105598 ], [ 28.706936202232541, 47.124462911821269 ], [ 28.706936058333813, 47.124458414536925 ], [ 28.706935914435121, 47.124453917252573 ], [ 28.706942359663365, 47.124449321752735 ], [ 28.70694221576419, 47.124444824468398 ], [ 28.706942071865043, 47.124440327184061 ], [ 28.706941927965936, 47.124435829899703 ], [ 28.706948373191512, 47.124431234399552 ], [ 28.706948229291921, 47.124426737115215 ], [ 28.706948085392359, 47.124422239830871 ], [ 28.706947941492832, 47.12441774254652 ], [ 28.706947797593344, 47.124413245262176 ], [ 28.706954242815733, 47.124408649761705 ], [ 28.706954098915752, 47.124404152477368 ], [ 28.706953955015813, 47.124399655193017 ], [ 28.706953811115909, 47.124395157908666 ], [ 28.706960256335627, 47.124390562407882 ], [ 28.706960112435233, 47.124386065123545 ], [ 28.706959968534878, 47.124381567839187 ], [ 28.706959824634556, 47.124377070554843 ], [ 28.706959680734272, 47.124372573270499 ], [ 28.706966125950796, 47.12436797776941 ], [ 28.706965982050026, 47.124363480485052 ], [ 28.706965838149284, 47.1243589832007 ], [ 28.706965694248588, 47.124354485916349 ], [ 28.706972139462437, 47.124349890414933 ], [ 28.706971995561251, 47.124345393130589 ], [ 28.7069718516601, 47.124340895846238 ], [ 28.706971707758981, 47.124336398561894 ], [ 28.706971563857898, 47.124331901277536 ], [ 28.70697800906856, 47.124327305775822 ], [ 28.706977865166991, 47.124322808491463 ], [ 28.70697772126546, 47.124318311207112 ], [ 28.706977577363961, 47.124313813922754 ], [ 28.706984022571955, 47.124309218420727 ], [ 28.706983878669973, 47.124304721136369 ], [ 28.70698373476802, 47.124300223852018 ], [ 28.706983590866109, 47.124295726567645 ], [ 28.706990036071435, 47.124291131065306 ], [ 28.706989892169034, 47.124286633780962 ], [ 28.706989748266668, 47.12428213649661 ], [ 28.706989604364335, 47.124277639212245 ], [ 28.706996049566992, 47.124273043709579 ], [ 28.706995905664176, 47.124268546425228 ], [ 28.706995761761391, 47.124264049140869 ], [ 28.706995617858645, 47.124259551856504 ], [ 28.707002063058635, 47.124254956353511 ], [ 28.707001919155399, 47.124250459069174 ], [ 28.707001775252202, 47.124245961784808 ], [ 28.707001631349041, 47.124241464500457 ], [ 28.707008076546362, 47.124236868997151 ], [ 28.707007932642711, 47.1242323717128 ], [ 28.707007788739094, 47.124227874428449 ], [ 28.707014233934263, 47.124223278924809 ], [ 28.707014090030164, 47.124218781640465 ], [ 28.7070139461261, 47.124214284356121 ], [ 28.707013802222075, 47.124209787071756 ], [ 28.707020247414572, 47.124205191567796 ], [ 28.707020103510057, 47.124200694283459 ], [ 28.707019959605574, 47.124196196999115 ], [ 28.70701981570113, 47.12419169971475 ], [ 28.707026260890956, 47.124187104210485 ], [ 28.707026116986029, 47.124182606926141 ], [ 28.70702597308113, 47.12417810964179 ], [ 28.707025829176274, 47.124173612357431 ], [ 28.707032274363428, 47.124169016852846 ], [ 28.707032130458078, 47.124164519568509 ], [ 28.707031986552771, 47.124160022284151 ], [ 28.707038431737779, 47.124155426779232 ], [ 28.707038287831981, 47.124150929494888 ], [ 28.707038143926219, 47.124146432210537 ], [ 28.707038000020489, 47.124141934926186 ], [ 28.707031267026736, 47.124137535862332 ], [ 28.70702467793863, 47.124137634082444 ], [ 28.707018088850496, 47.124137732302188 ], [ 28.707011499762327, 47.124137830521541 ], [ 28.707004910674119, 47.124137928740524 ], [ 28.706998321585878, 47.124138026959123 ], [ 28.706991732497606, 47.124138125177353 ], [ 28.706985143409298, 47.124138223395192 ], [ 28.706978554320948, 47.124138321612655 ], [ 28.706971965232569, 47.124138419829741 ], [ 28.706965520043749, 47.124143015330979 ], [ 28.706959074853813, 47.124147610831855 ], [ 28.706952485764219, 47.124147709047833 ], [ 28.706946040572586, 47.124152304547998 ], [ 28.706939451482366, 47.124152402763229 ], [ 28.706933006289038, 47.124156998262684 ], [ 28.706926561094594, 47.124161593761791 ], [ 28.706919972003167, 47.124161691975921 ], [ 28.706913526807025, 47.124166287474303 ], [ 28.706907081609774, 47.124170882972329 ], [ 28.706900492517125, 47.124170981185351 ], [ 28.70689404731818, 47.12417557668266 ], [ 28.706887458224905, 47.12417567489495 ], [ 28.706881013024262, 47.124180270391555 ], [ 28.706874567822499, 47.124184865887798 ], [ 28.70686797872802, 47.12418496409898 ], [ 28.706861533524563, 47.124189559594498 ], [ 28.70685508831999, 47.124194155089683 ], [ 28.706848499224296, 47.124194253299748 ], [ 28.706842054018033, 47.124198848794215 ], [ 28.70683546492171, 47.124198947003549 ], [ 28.706829019713741, 47.124203542497291 ], [ 28.706822574504667, 47.124208137990699 ], [ 28.706815985407133, 47.124208236198925 ], [ 28.70680954019636, 47.124212831691594 ], [ 28.706803094984473, 47.124217427183929 ], [ 28.706796505885723, 47.124217525391046 ], [ 28.706790060672141, 47.124222120882656 ], [ 28.70678361545745, 47.124226716373919 ], [ 28.706777026357486, 47.124226814579934 ], [ 28.706770581141097, 47.124231410070472 ], [ 28.706763992040507, 47.124231508275734 ], [ 28.70675754682242, 47.124236103765583 ], [ 28.706751101603217, 47.124240699255061 ], [ 28.706744512501416, 47.124240797459215 ], [ 28.706738067280515, 47.124245392947984 ], [ 28.706731622058502, 47.124249988436389 ], [ 28.706725032955493, 47.124250086639456 ], [ 28.706718587731782, 47.124254682127145 ], [ 28.70671199862814, 47.124254780329458 ], [ 28.706705553402738, 47.124259375816429 ], [ 28.706699108176213, 47.124263971303058 ], [ 28.706692519071364, 47.124264069504264 ], [ 28.706686073843152, 47.12426866499019 ], [ 28.70667962861382, 47.124273260475753 ], [ 28.706673039507752, 47.124273358675858 ], [ 28.706666594276729, 47.124277954160696 ], [ 28.706660005170036, 47.124278052360062 ], [ 28.706653559937312, 47.124282647844183 ], [ 28.706647114703479, 47.12428724332797 ], [ 28.706640525595571, 47.12428734152622 ], [ 28.70663408036004, 47.124291937009282 ], [ 28.706627635123397, 47.124296532491982 ], [ 28.706621046014281, 47.124296630689138 ], [ 28.706614600775932, 47.124301226171134 ], [ 28.706608011666191, 47.124301324367536 ], [ 28.706601566426151, 47.124305919848823 ], [ 28.706595121184996, 47.124310515329746 ], [ 28.70658853207404, 47.12431061352504 ], [ 28.70658208683119, 47.124315209005253 ], [ 28.706575641587229, 47.124319804485104 ], [ 28.706569052475061, 47.124319902679311 ], [ 28.706562607229401, 47.124324498158451 ], [ 28.706556161982633, 47.124329093637236 ], [ 28.706549572869246, 47.12432919183032 ], [ 28.706543127620776, 47.124333787308402 ], [ 28.706536538506768, 47.124333885500754 ], [ 28.7065300932566, 47.124338480978111 ], [ 28.706523648005327, 47.124343076455119 ], [ 28.706517058890103, 47.124343174646356 ], [ 28.706510613637128, 47.12434777012264 ], [ 28.706504168383045, 47.12435236559859 ], [ 28.706497579266607, 47.124352463788725 ], [ 28.706491134010822, 47.12435705926395 ], [ 28.706484544893758, 47.124357157453339 ], [ 28.706478099636275, 47.124361752927854 ], [ 28.70647165437768, 47.124366348402006 ], [ 28.706465065259408, 47.124366446590294 ], [ 28.706458619999115, 47.124371042063736 ], [ 28.706452174737713, 47.124375637536829 ], [ 28.706445585618223, 47.124375735724009 ], [ 28.706439140355123, 47.124380331196377 ], [ 28.706432551235007, 47.124380429382825 ], [ 28.706426105970209, 47.124385024854483 ], [ 28.706419660704299, 47.124389620325779 ], [ 28.706413071582968, 47.124389718511118 ], [ 28.706406626315356, 47.124394313981711 ], [ 28.706400181046643, 47.124398909451948 ], [ 28.706393591924101, 47.124399007636171 ], [ 28.706387146653682, 47.124403603105691 ], [ 28.706380701382152, 47.124408198574862 ], [ 28.706374112258398, 47.124408296757984 ], [ 28.706367666985173, 47.124412892226445 ], [ 28.706361077860794, 47.124412990408828 ], [ 28.706354632585864, 47.124417585876564 ], [ 28.706348187309832, 47.124422181343952 ], [ 28.706341598184238, 47.12442227952522 ], [ 28.706335152906505, 47.124426874991883 ], [ 28.706328707627659, 47.124431470458212 ], [ 28.706322118500854, 47.124431568638379 ], [ 28.706315673220303, 47.124436164103983 ], [ 28.706309084092872, 47.124436262283417 ], [ 28.706302638810634, 47.124440857748297 ], [ 28.70629619352728, 47.124445453212829 ], [ 28.706289604398634, 47.124445551391155 ], [ 28.706283159113582, 47.124450146854969 ], [ 28.706276713827418, 47.124454742318449 ], [ 28.706270124697564, 47.124454840495659 ], [ 28.706263679409698, 47.124459435958407 ], [ 28.706257090279216, 47.124459534134878 ], [ 28.706250644989659, 47.124464129596916 ], [ 28.706244199698986, 47.124468725058605 ], [ 28.706237610567293, 47.124468823233968 ], [ 28.706231165274918, 47.12447341869494 ], [ 28.706224719981446, 47.124478014155549 ], [ 28.70621813084853, 47.124478112329818 ], [ 28.706211685553352, 47.12448270778971 ], [ 28.706205240257066, 47.124487303249261 ], [ 28.706198651122943, 47.124487401422414 ], [ 28.706192205824955, 47.124491996881261 ], [ 28.70618561669021, 47.124492095053668 ], [ 28.70617917139052, 47.124496690511776 ], [ 28.706172726089726, 47.124501285969565 ], [ 28.706166136953762, 47.124501384140856 ], [ 28.706159691651269, 47.124505979597906 ], [ 28.706153246347661, 47.124510575054607 ], [ 28.706146657210486, 47.124510673224805 ], [ 28.706140211905186, 47.124515268680781 ], [ 28.706133622767386, 47.124515366850247 ], [ 28.706127177460385, 47.12451996230552 ], [ 28.706120732152268, 47.124524557760438 ], [ 28.706114143013252, 47.124524655928781 ], [ 28.706107697703441, 47.124529251382988 ], [ 28.706101252392521, 47.124533846836833 ], [ 28.706094663252291, 47.124533945004082 ], [ 28.706088217939669, 47.124538540457216 ], [ 28.706081628798824, 47.124538638623719 ], [ 28.706075183484497, 47.124543234076135 ], [ 28.706068738169073, 47.124547829528197 ], [ 28.706062149027005, 47.124547927693598 ], [ 28.706055703709872, 47.124552523144942 ], [ 28.706049258391637, 47.124557118595952 ], [ 28.706042669248358, 47.124557216760245 ], [ 28.706036223928425, 47.124561812210516 ], [ 28.706029778607373, 47.124566407660446 ], [ 28.706023189462883, 47.124566505823637 ], [ 28.706016744140136, 47.124571101272856 ], [ 28.706010154995013, 47.124571199435294 ], [ 28.706003709670568, 47.124575794883803 ], [ 28.705997264345015, 47.124580390331943 ], [ 28.705990675198684, 47.12458048849328 ], [ 28.705984229871429, 47.124585083940708 ], [ 28.705977784543062, 47.124589679387782 ], [ 28.70597119539552, 47.124589777548017 ], [ 28.705964750065455, 47.124594372994387 ], [ 28.705958160917287, 47.12459447115387 ], [ 28.705951715585527, 47.124599066599515 ], [ 28.705945270252652, 47.124603662044819 ], [ 28.70593868110327, 47.1246037602032 ], [ 28.705932235768696, 47.124608355647787 ], [ 28.705925790433017, 47.124612951092011 ], [ 28.705919345096223, 47.124617546535887 ], [ 28.70591275594504, 47.12461764469279 ], [ 28.705906310606547, 47.124622240135963 ], [ 28.70589986526695, 47.124626835578773 ], [ 28.705893419926237, 47.124631431021228 ], [ 28.70588697458442, 47.124636026463335 ], [ 28.705880385430838, 47.124636124618412 ], [ 28.705873940087322, 47.124640720059794 ], [ 28.705867494742694, 47.124645315500835 ], [ 28.705861049396955, 47.124649910941521 ], [ 28.705854604050113, 47.124654506381859 ], [ 28.705848014894141, 47.12465460453511 ], [ 28.705841569545591, 47.124659199974715 ], [ 28.705835124195936, 47.124663795413987 ], [ 28.705828678845169, 47.124668390852896 ], [ 28.705822233493294, 47.124672986291465 ], [ 28.705815644334926, 47.124673084442882 ], [ 28.705809198981353, 47.124677679880719 ], [ 28.705802753626667, 47.124682275318222 ], [ 28.705796308270873, 47.124686870755369 ], [ 28.705789862913974, 47.124691466192154 ], [ 28.705783273753216, 47.124691564341724 ], [ 28.705776828394612, 47.124696159777812 ], [ 28.705770383034899, 47.124700755213524 ], [ 28.705763937674075, 47.124705350648902 ], [ 28.705757492312141, 47.124709946083911 ], [ 28.705750903148992, 47.124710044231655 ], [ 28.705744457785364, 47.124714639665967 ], [ 28.705738012420621, 47.124719235099917 ], [ 28.705731567054769, 47.124723830533519 ], [ 28.705725121687813, 47.124728425966758 ], [ 28.705718532522265, 47.124728524112676 ], [ 28.705712087153611, 47.124733119545219 ], [ 28.70570564178384, 47.124737714977385 ], [ 28.705699196412965, 47.124742310409211 ], [ 28.705692751040974, 47.124746905840681 ], [ 28.705686161873036, 47.124747003984766 ], [ 28.70567971649935, 47.124751599415525 ], [ 28.705673271124557, 47.124756194845943 ], [ 28.705666825748647, 47.124760790276 ], [ 28.705660380371629, 47.124765385705686 ], [ 28.705653791201296, 47.124765483847945 ], [ 28.705647345822584, 47.124770079276935 ], [ 28.705640900442759, 47.124774674705563 ], [ 28.705634455061826, 47.12477927013385 ], [ 28.705628009679781, 47.124783865561781 ], [ 28.705621420507057, 47.124783963702193 ], [ 28.705614975123314, 47.124788559129414 ], [ 28.705608529738456, 47.124793154556279 ], [ 28.705602084352499, 47.124797749982783 ], [ 28.70559563896542, 47.124802345408952 ], [ 28.705589049790309, 47.124802443547523 ], [ 28.705582604401538, 47.124807038972982 ], [ 28.705576159011656, 47.124811634398064 ], [ 28.705569713620665, 47.124816229822805 ], [ 28.705563268228563, 47.124820825247191 ], [ 28.70555667905105, 47.124820923383936 ], [ 28.705550233657256, 47.124825518807619 ], [ 28.705543788262343, 47.124830114230932 ], [ 28.705537342866329, 47.124834709653896 ], [ 28.705530897469192, 47.124839305076506 ], [ 28.705524308289295, 47.124839403211432 ], [ 28.705517862890467, 47.124843998633338 ], [ 28.705511417490531, 47.124848594054882 ], [ 28.705504972089482, 47.12485318947607 ], [ 28.705498526687322, 47.124857784896932 ], [ 28.705491937505027, 47.12485788303001 ], [ 28.705485492101168, 47.12486247845014 ], [ 28.705479046696205, 47.124867073869922 ], [ 28.705472601290126, 47.124871669289341 ], [ 28.705466155882942, 47.124876264708412 ], [ 28.705459566698256, 47.124876362839665 ], [ 28.70545312128937, 47.124880958258025 ], [ 28.705446675879376, 47.12488555367603 ], [ 28.70544023046827, 47.12489014909368 ], [ 28.705433785056062, 47.124894744510982 ], [ 28.705427195868982, 47.124894842640401 ], [ 28.705420750455065, 47.124899438056985 ], [ 28.705414305040044, 47.124904033473214 ], [ 28.705407859623911, 47.124908628889102 ], [ 28.705401270435026, 47.124908727017043 ], [ 28.705394825017198, 47.124913322432214 ], [ 28.705388379598258, 47.124917917847021 ], [ 28.705381934178202, 47.124922513261481 ], [ 28.705375488757042, 47.124927108675593 ], [ 28.705368899565766, 47.124927206801708 ], [ 28.705362454142907, 47.124931802215109 ], [ 28.705356008718933, 47.124936397628147 ], [ 28.705349563293854, 47.124940993040845 ], [ 28.70534311786767, 47.124945588453159 ], [ 28.705336528674, 47.124945686577448 ], [ 28.70533008324611, 47.124950281989072 ], [ 28.705323637817113, 47.124954877400342 ], [ 28.705317192387003, 47.124959472811263 ], [ 28.705310746955785, 47.124964068221821 ], [ 28.705304157759723, 47.124964166344277 ], [ 28.705297712326811, 47.124968761754133 ], [ 28.705291266892779, 47.124973357163618 ], [ 28.705284821457646, 47.124977952572763 ], [ 28.705278376021404, 47.124982547981567 ], [ 28.705271786822948, 47.124982646102183 ], [ 28.705265341385001, 47.124987241510254 ], [ 28.705258895945949, 47.124991836917985 ], [ 28.705252450505789, 47.124996432325354 ], [ 28.705246005064513, 47.125001027732374 ], [ 28.705239415863662, 47.125001125851156 ], [ 28.705232970420688, 47.125005721257473 ], [ 28.705226524976602, 47.12501031666342 ], [ 28.705220079531411, 47.125014912069027 ], [ 28.705213490328759, 47.125015010186338 ], [ 28.70520704488187, 47.125019605591234 ], [ 28.705200599433873, 47.12502420099576 ], [ 28.70519415398476, 47.125028796399945 ], [ 28.705187564780303, 47.125028894515786 ], [ 28.705181119329492, 47.125033489919254 ], [ 28.705174673877575, 47.125038085322366 ], [ 28.705168228424547, 47.12504268072513 ], [ 28.705161639218289, 47.125042778839507 ], [ 28.705155193763556, 47.125047374241547 ], [ 28.705148748307721, 47.125051969643245 ], [ 28.705142302850774, 47.125056565044595 ], [ 28.705135713642708, 47.125056663157487 ], [ 28.705129268184063, 47.125061258558119 ], [ 28.705122822724309, 47.125065853958404 ], [ 28.705116377263437, 47.125070449358319 ], [ 28.705109788053573, 47.125070547469754 ], [ 28.705103342591006, 47.125075142868965 ], [ 28.705096897127337, 47.125079738267814 ], [ 28.705090451662549, 47.125084333666322 ], [ 28.705083862450881, 47.125084431776287 ], [ 28.705077416984395, 47.125089027174084 ], [ 28.7050709715168, 47.125093622571505 ], [ 28.70506438230392, 47.125093720680368 ], [ 28.705057936834624, 47.125098316077093 ], [ 28.705051491364223, 47.125102911473462 ], [ 28.70504504589271, 47.125107506869483 ], [ 28.705038456678022, 47.125107604976868 ], [ 28.705032011204811, 47.125112200372172 ], [ 28.705025565730487, 47.125116795767106 ], [ 28.705019120255063, 47.125121391161713 ], [ 28.70501253103857, 47.125121489267634 ], [ 28.705006085561436, 47.125126084661517 ], [ 28.704999640083198, 47.125130680055044 ], [ 28.704993194603848, 47.125135275448216 ], [ 28.704986605385553, 47.125135373552673 ], [ 28.704980159904512, 47.12513996894512 ], [ 28.704973714422348, 47.125144564337248 ], [ 28.704967268939082, 47.125149159728998 ], [ 28.704960679718983, 47.125149257831985 ], [ 28.704954234234016, 47.125153853223026 ], [ 28.704947788747941, 47.125158448613711 ], [ 28.704941343260749, 47.125163044004054 ], [ 28.704934754038852, 47.125163142105571 ], [ 28.70492830854997, 47.12516773749519 ], [ 28.704921863059969, 47.125172332884453 ], [ 28.704915417568863, 47.125176928273369 ], [ 28.704908828345165, 47.125177026373407 ], [ 28.704902382852357, 47.12518162176162 ], [ 28.704895937358444, 47.125186217149462 ], [ 28.704889491863419, 47.125190812536964 ], [ 28.704882902637912, 47.125190910635531 ], [ 28.704876457141189, 47.125195506022315 ], [ 28.704870011643358, 47.125200101408751 ], [ 28.704863566144414, 47.125204696794825 ], [ 28.704856976917103, 47.125204794891921 ], [ 28.704850531416465, 47.125209390277284 ], [ 28.704844085914711, 47.125213985662306 ], [ 28.704837640411849, 47.125218581046958 ], [ 28.704831051182733, 47.125218679142598 ], [ 28.704824605678173, 47.12522327452654 ], [ 28.704818160172508, 47.12522786991012 ], [ 28.704811570942177, 47.125227968004658 ], [ 28.704805125434813, 47.125232563387527 ], [ 28.704798679926331, 47.125237158770048 ], [ 28.70479223441674, 47.125241754152221 ], [ 28.704785645184611, 47.125241852245281 ], [ 28.704779199673322, 47.125246447626729 ], [ 28.704772754160924, 47.125251043007836 ], [ 28.704766308647418, 47.125255638388602 ], [ 28.704759719413484, 47.125255736480177 ], [ 28.70475327389828, 47.125260331860211 ], [ 28.704746828381957, 47.125264927239897 ], [ 28.704740382864536, 47.125269522619227 ], [ 28.704733793628801, 47.125269620709354 ], [ 28.704727348109671, 47.125274216087966 ], [ 28.704720902589436, 47.125278811466224 ], [ 28.704714457068089, 47.12528340684414 ], [ 28.704707867830553, 47.125283504932789 ], [ 28.704701422307508, 47.12528810030998 ], [ 28.704694976783355, 47.125292695686824 ], [ 28.704688531258089, 47.125297291063319 ], [ 28.704681942018748, 47.125297389150489 ], [ 28.704675496491781, 47.125301984526274 ], [ 28.704669050963712, 47.125306579901704 ], [ 28.704662605434532, 47.125311175276764 ], [ 28.704656016193383, 47.125311273362485 ], [ 28.7046495706625, 47.125315868736848 ], [ 28.704643125130509, 47.125320464110843 ], [ 28.704636679597407, 47.125325059484496 ], [ 28.70463009035446, 47.125325157568739 ], [ 28.704623644819659, 47.125329752941674 ], [ 28.704617199283749, 47.125334348314261 ], [ 28.704610753746728, 47.125338943686494 ], [ 28.70460416450198, 47.125339041769266 ], [ 28.70459771896326, 47.12534363714078 ], [ 28.704591273423432, 47.125348232511939 ], [ 28.704584827882492, 47.125352827882757 ], [ 28.704578238635936, 47.125352925964052 ], [ 28.704571793093297, 47.125357521334159 ], [ 28.704565347549554, 47.12536211670389 ], [ 28.704558758301783, 47.125362214784097 ], [ 28.704552312756331, 47.125366810153125 ], [ 28.704545867209774, 47.125371405521804 ], [ 28.704539421662112, 47.125376000890114 ], [ 28.704532832412543, 47.125376098968857 ], [ 28.704526386863172, 47.125380694336464 ], [ 28.704519941312697, 47.125385289703729 ], [ 28.704513495761116, 47.125389885070625 ], [ 28.704506906509739, 47.125389983147876 ], [ 28.704500460956449, 47.125394578514069 ], [ 28.704494015402059, 47.125399173879913 ], [ 28.704487569846556, 47.125403769245395 ], [ 28.704480980593381, 47.125403867321182 ], [ 28.704474535036173, 47.125408462685947 ], [ 28.70446808947786, 47.125413058050363 ], [ 28.704461643918442, 47.125417653414431 ], [ 28.704455054663459, 47.125417751488747 ], [ 28.704448609102336, 47.125422346852098 ], [ 28.704442163540104, 47.1254269422151 ], [ 28.704435717976768, 47.12543153757774 ], [ 28.704429128719976, 47.1254316356506 ], [ 28.704422683154942, 47.125436231012515 ], [ 28.704416237588791, 47.12544082637411 ], [ 28.704409792021529, 47.125445421735336 ], [ 28.70440320276294, 47.125445519806711 ], [ 28.704396757193983, 47.125450115167226 ], [ 28.704390311623918, 47.125454710527379 ], [ 28.704383866052737, 47.125459305887176 ], [ 28.704377276792346, 47.125459403957088 ], [ 28.704370831219467, 47.125463999316182 ], [ 28.70436438564548, 47.125468594674921 ], [ 28.704357940070381, 47.125473190033304 ], [ 28.704351350808185, 47.125473288101752 ], [ 28.704344905231391, 47.125477883459418 ], [ 28.704338459653481, 47.125482478816743 ], [ 28.70433201407447, 47.125487074173698 ], [ 28.704325424810467, 47.125487172240675 ], [ 28.704318979229758, 47.12549176759692 ], [ 28.704312533647926, 47.125496362952816 ], [ 28.704305944382714, 47.125496461018685 ], [ 28.704299498799195, 47.125501056373871 ], [ 28.70429305321456, 47.125505651728702 ], [ 28.704286607628816, 47.125510247083177 ], [ 28.7042800183618, 47.125510345147582 ], [ 28.704273572774358, 47.125514940501333 ], [ 28.704267127185805, 47.12551953585475 ], [ 28.704260681596146, 47.125524131207811 ], [ 28.704254092327329, 47.125524229270738 ], [ 28.704247646735961, 47.125528824623075 ], [ 28.704241201143493, 47.125533419975064 ], [ 28.704234755549912, 47.125538015326718 ], [ 28.704228166279286, 47.12553811338816 ], [ 28.704221720684011, 47.12554270873909 ], [ 28.70421527508762, 47.12554730408965 ], [ 28.704208829490117, 47.12555189943987 ], [ 28.704202240217693, 47.125551997499855 ], [ 28.704195794618496, 47.125556592849364 ], [ 28.70418934901819, 47.125561188198517 ], [ 28.704182903416768, 47.125565783547316 ], [ 28.70417631414254, 47.12556588160583 ], [ 28.70416986853942, 47.125570476953932 ], [ 28.704163422935196, 47.125575072301643 ], [ 28.704156977329859, 47.125579667649035 ], [ 28.704150388053829, 47.125579765706071 ], [ 28.704143942446791, 47.125584361052738 ], [ 28.704137353170132, 47.125584459109042 ], [ 28.704130907561396, 47.125589054454998 ], [ 28.704124318284116, 47.125589152510571 ], [ 28.704117872673681, 47.125593747855795 ], [ 28.704111283395772, 47.125593845910622 ], [ 28.704104837783639, 47.125598441255136 ], [ 28.704098392170398, 47.125603036599294 ], [ 28.704091802891281, 47.125603134652998 ], [ 28.704085357276334, 47.12560772999646 ], [ 28.704078767996595, 47.125607828049432 ], [ 28.70407232237995, 47.125612423392162 ], [ 28.704065733099579, 47.125612521444403 ], [ 28.704059287481243, 47.125617116786415 ], [ 28.70405269820025, 47.125617214837902 ], [ 28.704046252580209, 47.125621810179204 ], [ 28.704039663298591, 47.125621908229945 ], [ 28.704033217676852, 47.125626503570537 ], [ 28.704026628394612, 47.125626601620546 ], [ 28.704020182771174, 47.125631196960413 ], [ 28.704013737146624, 47.125635792299931 ], [ 28.704007147863166, 47.125635890348825 ], [ 28.704000702236918, 47.125640485687626 ], [ 28.703994112952845, 47.125640583735787 ], [ 28.703987667324899, 47.125645179073871 ], [ 28.703981078040187, 47.125645277121293 ], [ 28.703974632410542, 47.125649872458652 ], [ 28.703968043125215, 47.125649970505322 ], [ 28.703961597493873, 47.125654565841984 ], [ 28.703955008207924, 47.125654663887914 ], [ 28.703948562574872, 47.125659259223838 ], [ 28.703942116940716, 47.125663854559434 ], [ 28.703935527653552, 47.125663952604256 ], [ 28.703929082017698, 47.125668547939128 ], [ 28.703922492729912, 47.125668645983211 ], [ 28.70391604709236, 47.125673241317372 ], [ 28.703909457803945, 47.125673339360709 ], [ 28.703903012164691, 47.125677934694153 ], [ 28.703896422875655, 47.125678032736744 ], [ 28.703889977234706, 47.12568262806947 ], [ 28.703883387945041, 47.125682726111329 ], [ 28.703876942302387, 47.12568732144333 ], [ 28.703870353012103, 47.125687419484443 ], [ 28.703863907367751, 47.125692014815733 ], [ 28.703857461722293, 47.125696610146676 ], [ 28.703850872430788, 47.125696708186688 ], [ 28.703844426783633, 47.125701303516912 ], [ 28.703837837491506, 47.125701401556164 ], [ 28.703831391842648, 47.125705996885671 ], [ 28.703824802549899, 47.125706094924197 ], [ 28.703818356899344, 47.12571069025298 ], [ 28.70381176760597, 47.12571078829076 ], [ 28.703805034671447, 47.125706389037482 ], [ 28.703804891030366, 47.1257018917468 ], [ 28.703804747389313, 47.125697394456104 ], [ 28.703804603748303, 47.125692897165401 ], [ 28.703804460107328, 47.125688399874704 ], [ 28.703804316466378, 47.125683902584001 ], [ 28.703804172825475, 47.125679405293297 ], [ 28.703804029184596, 47.12567490800258 ], [ 28.703803885543763, 47.125670410711855 ], [ 28.703803741902956, 47.125665913421145 ], [ 28.703803598262184, 47.125661416130413 ], [ 28.703803454621454, 47.125656918839688 ], [ 28.703803310980753, 47.125652421548949 ], [ 28.703803167340084, 47.125647924258224 ], [ 28.703803023699454, 47.125643426967478 ], [ 28.703802880058856, 47.12563892967674 ], [ 28.703802736418293, 47.125634432385993 ], [ 28.703802592777766, 47.125629935095247 ], [ 28.703802449137275, 47.12562543780448 ], [ 28.703802305496815, 47.12562094051372 ], [ 28.703802161856395, 47.125616443222967 ], [ 28.703802018216006, 47.125611945932206 ], [ 28.70380187457565, 47.125607448641432 ], [ 28.703801730935332, 47.125602951350658 ], [ 28.70380158729505, 47.125598454059876 ], [ 28.703808032933782, 47.125593858732095 ], [ 28.70380788929301, 47.125589361441314 ], [ 28.703807745652277, 47.125584864150554 ], [ 28.70380760201158, 47.125580366859765 ], [ 28.703814047647644, 47.125575771531679 ], [ 28.703813904006452, 47.125571274240905 ], [ 28.7038137603653, 47.12556677695013 ], [ 28.703813616724187, 47.125562279659349 ], [ 28.703813473083105, 47.125557782368567 ], [ 28.703819918715975, 47.125553187040154 ], [ 28.703819775074411, 47.12554868974938 ], [ 28.703819631432875, 47.125544192458612 ], [ 28.703819487791375, 47.125539695167824 ], [ 28.703819344149917, 47.125535197877028 ], [ 28.703825789779593, 47.125530602548331 ], [ 28.703825646137648, 47.125526105257542 ], [ 28.703825502495732, 47.125521607966753 ], [ 28.703825358853855, 47.125517110675979 ], [ 28.70383180448086, 47.125512515346948 ], [ 28.7038316608385, 47.125508018056173 ], [ 28.703831517196164, 47.125503520765378 ], [ 28.703831373553875, 47.125499023474603 ], [ 28.703831229911611, 47.1254945261838 ], [ 28.703837675535436, 47.125489930854471 ], [ 28.703837531892685, 47.125485433563689 ], [ 28.703837388249976, 47.125480936272901 ], [ 28.703837244607296, 47.125476438982112 ], [ 28.703837100964655, 47.125471941691316 ], [ 28.703843546585283, 47.125467346361667 ], [ 28.703843402942159, 47.125462849070885 ], [ 28.703843259299067, 47.125458351780097 ], [ 28.703843115656007, 47.125453854489301 ], [ 28.703842972012982, 47.125449357198498 ], [ 28.703849417630423, 47.12544476186855 ], [ 28.703849273986911, 47.125440264577755 ], [ 28.703849130343436, 47.125435767286959 ], [ 28.703848986699995, 47.125431269996163 ], [ 28.703855432314768, 47.125426674665896 ], [ 28.703855288670841, 47.1254221773751 ], [ 28.703855145026949, 47.125417680084297 ], [ 28.703855001383094, 47.125413182793508 ], [ 28.70385485773927, 47.125408685502705 ], [ 28.70384826848332, 47.125408783542099 ], [ 28.703841679227324, 47.125408881581123 ], [ 28.703835089971303, 47.125408979619777 ], [ 28.703828500715243, 47.125409077658027 ], [ 28.703821911459148, 47.125409175695921 ], [ 28.703815322203017, 47.125409273733439 ], [ 28.703808732946857, 47.125409371770552 ], [ 28.703802143690659, 47.125409469807302 ], [ 28.703795554434429, 47.125409567843683 ], [ 28.703788965178159, 47.125409665879673 ], [ 28.703782519559574, 47.125414261206259 ], [ 28.703775930302683, 47.125414359241496 ], [ 28.7037694846824, 47.125418954567373 ], [ 28.703762895424884, 47.125419052601885 ], [ 28.703756306167339, 47.125419150636006 ], [ 28.703749860544765, 47.125423745960802 ], [ 28.703743414921082, 47.125428341285236 ], [ 28.703736969296287, 47.125432936609322 ], [ 28.703730380036934, 47.125433034641979 ], [ 28.703723790777548, 47.12543313267426 ], [ 28.703723647144685, 47.125428635383173 ], [ 28.70372350351186, 47.125424138092072 ], [ 28.703723359879067, 47.12541964080097 ], [ 28.703716770621302, 47.125419738832818 ], [ 28.703710181363512, 47.125419836864296 ], [ 28.703703592105686, 47.12541993489539 ], [ 28.703697146478394, 47.125424530217281 ], [ 28.703690557219943, 47.125424628247636 ], [ 28.70368411159096, 47.125429223568801 ], [ 28.70367752233188, 47.125429321598418 ], [ 28.703670933072772, 47.125429419627643 ], [ 28.703664487441493, 47.125434014947729 ], [ 28.703664631069401, 47.125438512238958 ], [ 28.703658041809106, 47.125438610267466 ], [ 28.703651452548783, 47.12543870829559 ], [ 28.703651308921987, 47.125434211004325 ] ] } },
{ "type": "Feature", "properties": { "element": "node", "id": "I0075", "kind": "inspection", "length_m": null, "frm": null, "to": null }, "geometry": { "type": "Point", "coordinates": [ 28.7036502426675, 47.125430489298907 ] } },
{ "type": "Feature", "properties": { "element": "edge", "id": "I0075->I0076", "kind": "leg", "length_m": 55.5, "frm": "I0075", "to": "I0076" }, "geometry": { "type": "LineString", "coordinates": [ [ 28.703651308921987, 47.125434211004325 ], [ 28.703651452548783, 47.12543870829559 ], [ 28.703651596175611, 47.125443205586855 ], [ 28.703645006914698, 47.125443303614624 ], [ 28.703638561279504, 47.125447898933281 ], [ 28.703631972017963, 47.125447996960304 ], [ 28.703625526381071, 47.125452592278258 ], [ 28.703618937118907, 47.125452690304535 ], [ 28.703612491480317, 47.125457285621785 ], [ 28.703605902217529, 47.125457383647316 ], [ 28.703599456577233, 47.125461978963834 ], [ 28.703592867313823, 47.125462076988626 ], [ 28.703586421671837, 47.125466672304427 ], [ 28.703579976028731, 47.125471267619886 ], [ 28.703573386764109, 47.125471365643563 ], [ 28.703566941119306, 47.125475960958312 ], [ 28.703560351854055, 47.125476058981263 ], [ 28.703553906207556, 47.125480654295281 ], [ 28.703547316941684, 47.125480752317479 ], [ 28.703540871293484, 47.125485347630786 ], [ 28.703534282026986, 47.125485445652238 ], [ 28.703527836377091, 47.125490040964834 ], [ 28.703521247109965, 47.125490138985548 ], [ 28.703514801458365, 47.125494734297426 ], [ 28.703508355805663, 47.125499329608949 ], [ 28.703501766537325, 47.125499427628554 ], [ 28.703495320882915, 47.125504022939374 ], [ 28.703488731613959, 47.125504120958226 ], [ 28.703482285957854, 47.125508716268328 ], [ 28.703475696688272, 47.125508814286448 ], [ 28.703469251030466, 47.125513409595825 ], [ 28.703462661760259, 47.125513507613213 ], [ 28.703456216100754, 47.125518102921873 ], [ 28.703449626829919, 47.125518200938515 ], [ 28.703443181168716, 47.125522796246457 ], [ 28.703436735506408, 47.125527391554051 ], [ 28.703430146234357, 47.125527489569585 ], [ 28.703423700570347, 47.125532084876475 ], [ 28.703417111297675, 47.125532182891256 ], [ 28.703410665631967, 47.125536778197421 ], [ 28.70340407635867, 47.12553687621147 ], [ 28.703397630691256, 47.125541471516911 ], [ 28.703391041417344, 47.125541569530228 ], [ 28.703384595748226, 47.125546164834944 ], [ 28.703378006473688, 47.125546262847514 ], [ 28.703371560802882, 47.125550858151534 ], [ 28.703365115130961, 47.125555453455192 ], [ 28.703358525855201, 47.125555551466661 ], [ 28.703352080181585, 47.125560146769601 ], [ 28.703345490905203, 47.12556024478031 ], [ 28.703339045229885, 47.125564840082539 ], [ 28.703332455952879, 47.125564938092516 ], [ 28.703326010275863, 47.125569533394035 ], [ 28.703319420998234, 47.125569631403266 ], [ 28.703312975319516, 47.125574226704067 ], [ 28.703306386041262, 47.125574324712559 ], [ 28.70329994036085, 47.125578920012636 ], [ 28.703293494679322, 47.125583515312371 ], [ 28.703286905399857, 47.125583613319755 ], [ 28.70328045971663, 47.125588208618773 ], [ 28.70327387043654, 47.125588306625417 ], [ 28.703267424751616, 47.125592901923717 ], [ 28.7032608354709, 47.125592999929616 ], [ 28.703254389784277, 47.125597595227191 ], [ 28.70324780050294, 47.125597693232351 ], [ 28.703241354814619, 47.125602288529223 ], [ 28.703234765532653, 47.125602386533643 ], [ 28.703228319842633, 47.12560698182979 ], [ 28.703221874151502, 47.125611577125596 ], [ 28.703215284868325, 47.125611675128901 ], [ 28.703208839175495, 47.125616270423983 ], [ 28.703202249891696, 47.125616368426549 ], [ 28.703195804197165, 47.12562096372092 ], [ 28.703189214912737, 47.125621061722754 ], [ 28.703182769216507, 47.125625657016393 ], [ 28.703176179931457, 47.125625755017481 ], [ 28.70316973423353, 47.125630350310416 ], [ 28.703163144947855, 47.125630448310751 ], [ 28.703156699248229, 47.125635043602983 ], [ 28.703150253547491, 47.125639638894846 ], [ 28.703143664260601, 47.125639736894087 ], [ 28.703137218558165, 47.125644332185246 ], [ 28.703130629270657, 47.125644430183726 ], [ 28.703124183566516, 47.125649025474161 ], [ 28.703117594278385, 47.125649123471909 ], [ 28.703111004990216, 47.125649221469281 ], [ 28.703104415702008, 47.12564931946627 ], [ 28.703097969994992, 47.125653914755276 ], [ 28.703091380706159, 47.125654012751518 ], [ 28.703084934997452, 47.125658608039799 ], [ 28.703078345707997, 47.125658706035303 ], [ 28.703078202128403, 47.12565420874288 ], [ 28.703078058548837, 47.12564971145045 ] ] } },
{ "type": "Feature", "properties": { "element": "node", "id": "I0076", "kind": "inspection", "length_m": null, "frm": null, "to": null }, "geometry": { "type": "Point", "coordinates": [ 28.703087812204313, 47.125650887679903 ] } },
{ "type": "Feature", "properties": { "element": "edge", "id": "I0076->I0074", "kind": "leg", "length_m": 12.6, "frm": "I0076", "to": "I0074" }, "geometry": { "type": "LineString", "coordinates": [ [ 28.703078058548837, 47.12564971145045 ], [ 28.703078202128403, 47.12565420874288 ], [ 28.703078345707997, 47.125658706035303 ], [ 28.703078489287623, 47.125663203327733 ], [ 28.703078632867289, 47.125667700620156 ], [ 28.703072043576697, 47.125667798615304 ], [ 28.703065597864647, 47.125672393902526 ], [ 28.703059008573426, 47.12567249189695 ], [ 28.703052562859686, 47.125677087183441 ], [ 28.703045973567839, 47.125677185177125 ], [ 28.7030395278524, 47.125681780462919 ], [ 28.703032938559932, 47.12568187845585 ], [ 28.703026492842788, 47.125686473740913 ], [ 28.703019903549695, 47.125686571733105 ], [ 28.703013457830853, 47.125691167017472 ], [ 28.70300686853713, 47.125691265008918 ], [ 28.703000422816597, 47.125695860292566 ], [ 28.702993833522253, 47.125695958283259 ], [ 28.702987387800015, 47.12570055356619 ], [ 28.702980942076668, 47.125705148848773 ], [ 28.702974496352212, 47.125709744131001 ], [ 28.702968050626641, 47.125714339412866 ] ] } },
{ "type": "Feature", "properties": { "element": "node", "id": "I0074", "kind": "inspection", "length_m": null, "frm": null, "to": null }, "geometry": { "type": "Point", "coordinates": [ 28.702974452242152, 47.125717705506133 ] } },
{ "type": "Feature", "properties": { "element": "edge", "id": "I0074->I0073", "kind": "leg", "length_m": 34.5, "frm": "I0074", "to": "I0073" }, "geometry": { "type": "LineString", "coordinates": [ [ 28.702968050626641, 47.125714339412866 ], [ 28.702974496352212, 47.125709744131001 ], [ 28.702981085648318, 47.125709646141388 ], [ 28.702987531372191, 47.125705050858791 ], [ 28.702993977094945, 47.125700455575853 ], [ 28.703000422816597, 47.125695860292566 ], [ 28.703007012110906, 47.12569576230149 ], [ 28.703013457830853, 47.125691167017472 ], [ 28.703019903549695, 47.125686571733105 ], [ 28.703026492842788, 47.125686473740913 ], [ 28.703032938559932, 47.12568187845585 ], [ 28.7030395278524, 47.125681780462919 ], [ 28.703045973567839, 47.125677185177125 ], [ 28.703052562859686, 47.125677087183441 ], [ 28.703059008573426, 47.12567249189695 ], [ 28.703065597864647, 47.125672393902526 ], [ 28.703072043576697, 47.125667798615304 ], [ 28.703078632867289, 47.125667700620156 ], [ 28.703085078577633, 47.125663105332208 ], [ 28.703091524286869, 47.12565851004392 ], [ 28.703098113576253, 47.125658412047656 ], [ 28.703104559283783, 47.125653816758636 ], [ 28.703111148572546, 47.125653718761633 ], [ 28.703117594278385, 47.125649123471909 ], [ 28.703124183566516, 47.125649025474161 ], [ 28.703130629270657, 47.125644430183726 ], [ 28.703137218558165, 47.125644332185246 ], [ 28.703143664260601, 47.125639736894087 ], [ 28.703150253547491, 47.125639638894846 ], [ 28.703156699248229, 47.125635043602983 ], [ 28.703163288534491, 47.125634945602997 ], [ 28.70316973423353, 47.125630350310416 ], [ 28.703176179931457, 47.125625755017481 ], [ 28.703182769216507, 47.125625657016393 ], [ 28.703189214912737, 47.125621061722754 ], [ 28.703195804197165, 47.12562096372092 ], [ 28.703202249891696, 47.125616368426549 ], [ 28.703208839175495, 47.125616270423983 ], [ 28.703215284868325, 47.125611675128901 ], [ 28.703221874151502, 47.125611577125596 ], [ 28.703228319842633, 47.12560698182979 ], [ 28.703234909125186, 47.125606883825739 ], [ 28.703241354814619, 47.125602288529223 ], [ 28.70324794409655, 47.12560219052444 ], [ 28.703254389784277, 47.125597595227191 ], [ 28.7032608354709, 47.125592999929616 ], [ 28.703267424751616, 47.125592901923717 ], [ 28.70327387043654, 47.125588306625417 ], [ 28.70328045971663, 47.125588208618773 ], [ 28.703287048996689, 47.125588110611751 ], [ 28.703293494679322, 47.125583515312371 ], [ 28.70329994036085, 47.125578920012636 ], [ 28.703306529639693, 47.125578822004513 ], [ 28.703313118918501, 47.125578723996007 ], [ 28.703319708197277, 47.125578625987124 ], [ 28.703319851796845, 47.125583123279043 ], [ 28.703319995396452, 47.125587620570961 ], [ 28.703326584676301, 47.125587522561666 ] ] } },
{ "type": "Feature", "properties": { "element": "node", "id": "I0073", "kind": "inspection", "length_m": null, "frm": null, "to": null }, "geometry": { "type": "Point", "coordinates": [ 28.703326449925971, 47.125581435976997 ] } },
{ "type": "Feature", "properties": { "element": "edge", "id": "I0073->I0072", "kind": "leg", "length_m": 39.3, "frm": "I0073", "to": "I0072" }, "geometry": { "type": "LineString", "coordinates": [ [ 28.703326584676301, 47.125587522561666 ], [ 28.703333173956114, 47.125587424551988 ], [ 28.703339763235892, 47.12558732654194 ], [ 28.703346352515634, 47.125587228531515 ], [ 28.703352798192963, 47.125582633228859 ], [ 28.703359243869183, 47.125578037925855 ], [ 28.703365689544292, 47.125573442622496 ], [ 28.703372278822233, 47.125573344610594 ], [ 28.703378868100145, 47.125573246598314 ], [ 28.703385313772962, 47.125568651293882 ], [ 28.70339190305025, 47.125568553280864 ], [ 28.703398348721368, 47.125563957975714 ], [ 28.703404937998023, 47.12556385996195 ], [ 28.703411383667447, 47.125559264656083 ], [ 28.70341797294348, 47.125559166641565 ], [ 28.70342441861121, 47.125554571335002 ], [ 28.70343086427782, 47.125549976028061 ], [ 28.703437453552638, 47.12554987801245 ], [ 28.703443899217554, 47.125545282704806 ], [ 28.70345048849175, 47.125545184688434 ], [ 28.703456934154961, 47.125540589380073 ], [ 28.703463523428532, 47.125540491362976 ], [ 28.703469969090055, 47.125535896053904 ], [ 28.703476558362997, 47.125535798036069 ], [ 28.703483004022818, 47.125531202726272 ], [ 28.703489449681523, 47.125526607416106 ], [ 28.703496038953254, 47.125526509397176 ], [ 28.703502484610265, 47.125521914086299 ], [ 28.703509073881374, 47.125521816066616 ], [ 28.70351551953668, 47.125517220755043 ], [ 28.703522108807167, 47.125517122734607 ], [ 28.703528554460775, 47.125512527422323 ], [ 28.703535143730637, 47.125512429401134 ], [ 28.703541589382546, 47.125507834088125 ], [ 28.70354803503335, 47.125503238774762 ], [ 28.703554624301997, 47.125503140752485 ], [ 28.703561069951096, 47.125498545438418 ], [ 28.703567659219122, 47.125498447415389 ], [ 28.703574104866519, 47.125493852100597 ], [ 28.703580694133919, 47.125493754076828 ], [ 28.703587139779621, 47.125489158761319 ], [ 28.7035937290464, 47.125489060736811 ], [ 28.703600174690401, 47.125484465420584 ], [ 28.70360676395655, 47.125484367395337 ], [ 28.703613209598853, 47.1254797720784 ], [ 28.70361965524005, 47.125475176761107 ], [ 28.703626244504985, 47.125475078734752 ], [ 28.703632690144481, 47.125470483416734 ], [ 28.70363927940879, 47.125470385389633 ], [ 28.703645725046588, 47.125465790070912 ], [ 28.703652314310279, 47.125465692043079 ], [ 28.703658759946375, 47.12546109672364 ], [ 28.703665349209437, 47.125460998695054 ], [ 28.703671794843835, 47.125456403374898 ], [ 28.703678384106272, 47.125456305345566 ], [ 28.703684829738972, 47.125451710024699 ], [ 28.703691419000787, 47.125451611994627 ], [ 28.703697864631788, 47.125447016673043 ], [ 28.703704453892982, 47.125446918642218 ], [ 28.703710899522278, 47.12544232331993 ], [ 28.703717488782846, 47.125442225288367 ], [ 28.703723934410444, 47.125437629965354 ], [ 28.703730523670387, 47.125437531933059 ], [ 28.703736969296287, 47.125432936609322 ], [ 28.703736825662318, 47.125428439318256 ], [ 28.703736682028378, 47.125423942027197 ] ] } },
{ "type": "Feature", "properties": { "element": "node", "id": "I0072", "kind": "inspection", "length_m": null, "frm": null, "to": null }, "geometry": { "type": "Point", "coordinates": [ 28.703738546349729, 47.125419026015877 ] } },
{ "type": "Feature", "properties": { "element": "edge", "id": "I0072->I0099", "kind": "leg", "length_m": 792.8, "frm": "I0072", "to": "I0099" }, "geometry": { "type": "LineString", "coordinates": [ [ 28.703736682028378, 47.125423942027197 ], [ 28.703743271286587, 47.125423843994184 ], [ 28.703749860544765, 47.125423745960802 ], [ 28.703756449802903, 47.12542364792705 ], [ 28.703763039061005, 47.125423549892894 ], [ 28.70376962831908, 47.125423451858367 ], [ 28.703776073939885, 47.125418856532484 ], [ 28.70378266319733, 47.125418758497219 ], [ 28.703789108816434, 47.125414163170625 ], [ 28.703795698073257, 47.125414065134621 ], [ 28.703802143690659, 47.125409469807302 ], [ 28.703808732946857, 47.125409371770552 ], [ 28.703815322203017, 47.125409273733439 ], [ 28.703821911459148, 47.125409175695921 ], [ 28.703828500715243, 47.125409077658027 ], [ 28.703835089971303, 47.125408979619777 ], [ 28.703841679227324, 47.125408881581123 ], [ 28.70384826848332, 47.125408783542099 ], [ 28.70385485773927, 47.125408685502705 ], [ 28.703861303350848, 47.12540409017214 ], [ 28.703861159706541, 47.125399592881337 ], [ 28.703861016062273, 47.125395095590541 ], [ 28.70386087241803, 47.125390598299731 ], [ 28.703860728773833, 47.125386101008914 ], [ 28.703867174382218, 47.125381505678043 ], [ 28.703867030737531, 47.12537700838724 ], [ 28.703866887092879, 47.125372511096437 ], [ 28.703866743448259, 47.125368013805634 ], [ 28.703873189053976, 47.125363418474429 ], [ 28.703873045408873, 47.125358921183633 ], [ 28.703872901763802, 47.125354423892837 ], [ 28.703872758118763, 47.125349926602027 ], [ 28.703872614473763, 47.12534542931121 ], [ 28.703879060076293, 47.125340833979706 ], [ 28.703878916430806, 47.12533633668891 ], [ 28.703878772785355, 47.1253318393981 ], [ 28.703878629139943, 47.125327342107283 ], [ 28.70387848549456, 47.125322844816466 ], [ 28.703884931093896, 47.125318249484664 ], [ 28.703884787448029, 47.125313752193854 ], [ 28.703884643802194, 47.125309254903044 ], [ 28.703884500156398, 47.12530475761222 ], [ 28.703890945753063, 47.125300162280098 ], [ 28.703890802106784, 47.125295664989281 ], [ 28.70389065846053, 47.125291167698471 ], [ 28.703897104055052, 47.125286572366015 ], [ 28.703903549648455, 47.125281977033218 ], [ 28.703909995240757, 47.125277381700052 ], [ 28.703916440831943, 47.12527278636653 ], [ 28.703916297183646, 47.12526828907577 ], [ 28.703916153535388, 47.125263791784995 ], [ 28.703916009887166, 47.125259294494207 ], [ 28.703915866238972, 47.125254797203432 ], [ 28.703915722590814, 47.125250299912651 ], [ 28.703915578942699, 47.125245802621869 ], [ 28.703915435294611, 47.125241305331059 ], [ 28.70391529164656, 47.125236808040263 ], [ 28.703915147998543, 47.125232310749468 ], [ 28.703915004350559, 47.125227813458665 ], [ 28.703914860702607, 47.125223316167855 ], [ 28.703914717054694, 47.125218818877038 ], [ 28.703914573406816, 47.12521432158622 ], [ 28.703914429758974, 47.125209824295403 ], [ 28.703914286111161, 47.125205327004572 ], [ 28.703914142463386, 47.125200829713748 ], [ 28.703913998815651, 47.125196332422917 ], [ 28.703913855167944, 47.125191835132078 ], [ 28.703913711520276, 47.125187337841233 ], [ 28.703913567872636, 47.125182840550394 ], [ 28.703913424225039, 47.125178343259549 ], [ 28.703913280577471, 47.125173845968682 ], [ 28.703913136929938, 47.125169348677836 ], [ 28.703912993282444, 47.125164851386977 ], [ 28.703919438860037, 47.125160256053384 ], [ 28.703919295212053, 47.125155758762524 ], [ 28.703919151564108, 47.125151261471679 ], [ 28.703919007916195, 47.125146764180819 ], [ 28.70391886426831, 47.125142266889952 ], [ 28.703918720620468, 47.125137769599085 ], [ 28.703918576972661, 47.125133272308211 ], [ 28.703918433324887, 47.125128775017338 ], [ 28.703918289677144, 47.125124277726464 ], [ 28.703924735249473, 47.125119682392601 ], [ 28.703924591601247, 47.125115185101734 ], [ 28.703924447953053, 47.125110687810853 ], [ 28.703924304304895, 47.125106190519979 ], [ 28.703924160656779, 47.125101693229098 ], [ 28.703924017008688, 47.125097195938217 ], [ 28.70392387336064, 47.125092698647322 ], [ 28.703923729712617, 47.125088201356419 ], [ 28.70392358606464, 47.125083704065524 ], [ 28.703923442416688, 47.125079206774615 ], [ 28.703929887983225, 47.125074611440517 ], [ 28.70392974433479, 47.125070114149615 ], [ 28.703929600686394, 47.125065616858734 ], [ 28.703929457038026, 47.125061119567832 ], [ 28.703929313389693, 47.125056622276915 ], [ 28.703929169741404, 47.125052124985999 ], [ 28.703929026093142, 47.125047627695089 ], [ 28.703928882444917, 47.125043130404173 ], [ 28.703928738796726, 47.125038633113256 ], [ 28.703928595148572, 47.125034135822311 ], [ 28.703935040709315, 47.125029540487972 ], [ 28.70393489706067, 47.125025043197056 ], [ 28.703934753412064, 47.125020545906132 ], [ 28.703934609763493, 47.125016048615208 ], [ 28.703934466114955, 47.12501155132427 ], [ 28.703934322466448, 47.125007054033347 ], [ 28.703934178817985, 47.125002556742402 ], [ 28.703934035169549, 47.124998059451471 ], [ 28.703933891521149, 47.124993562160512 ], [ 28.703933747872792, 47.12498906486956 ], [ 28.703940193427737, 47.124984469534965 ], [ 28.70394004977889, 47.12497997224402 ], [ 28.703939906130071, 47.124975474953082 ], [ 28.703939762481294, 47.12497097766213 ], [ 28.703939618832546, 47.124966480371171 ], [ 28.703939475183837, 47.124961983080212 ], [ 28.70393933153516, 47.124957485789253 ], [ 28.703939187886522, 47.124952988498293 ], [ 28.703939044237913, 47.12494849120732 ], [ 28.703945489787593, 47.124943895872462 ], [ 28.703945346138504, 47.12493939858151 ], [ 28.703951791686549, 47.124934803246305 ], [ 28.703951648036973, 47.124930305955345 ], [ 28.703958093583392, 47.124925710619813 ], [ 28.703957949933329, 47.124921213328868 ], [ 28.703964395478117, 47.124916617992987 ], [ 28.703964251827568, 47.124912120702042 ], [ 28.703970697370728, 47.124907525365821 ], [ 28.703970553719699, 47.124903028074897 ], [ 28.703970410068699, 47.124898530783966 ], [ 28.70397685560971, 47.12489393544741 ], [ 28.703976711958219, 47.12488943815648 ], [ 28.703983157497603, 47.12488484281959 ], [ 28.70398301384563, 47.124880345528673 ], [ 28.703989459383383, 47.124875750191428 ], [ 28.703989315730926, 47.124871252900512 ], [ 28.703995761267045, 47.124866657562947 ], [ 28.703995617614105, 47.124862160272038 ], [ 28.704002063148597, 47.124857564934132 ], [ 28.704001919495166, 47.124853067643237 ], [ 28.704008365028027, 47.124848472304983 ], [ 28.704008221374117, 47.124843975014088 ], [ 28.704008077720243, 47.124839477723192 ], [ 28.704014523250954, 47.124834882384611 ], [ 28.70401437959659, 47.12483038509373 ], [ 28.704014235942257, 47.124825887802835 ], [ 28.704020681470819, 47.124821292463928 ], [ 28.70402053781601, 47.124816795173039 ], [ 28.704020394161226, 47.124812297882158 ], [ 28.704020250506481, 47.12480780059127 ], [ 28.704020106851772, 47.124803303300368 ], [ 28.70402655237714, 47.124798707961155 ], [ 28.704026408721948, 47.124794210670267 ], [ 28.704026265066791, 47.124789713379371 ], [ 28.704026121411662, 47.124785216088476 ], [ 28.704032566934366, 47.12478062074895 ], [ 28.704032423278754, 47.124776123458062 ], [ 28.704032279623174, 47.12477162616716 ], [ 28.704032135967633, 47.124767128876272 ], [ 28.704031992312125, 47.124762631585376 ], [ 28.704038437831635, 47.124758036245538 ], [ 28.704038294175643, 47.124753538954636 ], [ 28.704038150519683, 47.12474904166374 ], [ 28.704038006863762, 47.124744544372852 ], [ 28.704037863207876, 47.124740047081936 ], [ 28.704044308724193, 47.124735451741799 ], [ 28.704044165067817, 47.124730954450897 ], [ 28.70404402141148, 47.124726457160008 ], [ 28.704043877755179, 47.124721959869099 ], [ 28.704043734098907, 47.124717462578189 ], [ 28.704050179612036, 47.12471286723774 ], [ 28.70405003595528, 47.124708369946838 ], [ 28.70404989229856, 47.124703872655935 ], [ 28.704049748641868, 47.124699375365026 ], [ 28.704049604985222, 47.124694878074116 ], [ 28.704056050495158, 47.124690282733354 ], [ 28.704055906838018, 47.124685785442452 ], [ 28.704055763180921, 47.124681288151542 ], [ 28.704055619523853, 47.12467679086064 ], [ 28.704055475866816, 47.124672293569731 ], [ 28.704061921373565, 47.124667698228656 ], [ 28.704061777716049, 47.124663200937739 ], [ 28.704061634058565, 47.124658703646837 ], [ 28.704061490401116, 47.124654206355927 ], [ 28.704061346743707, 47.124649709064997 ], [ 28.704067792247262, 47.124645113723631 ], [ 28.704067648589362, 47.124640616432714 ], [ 28.704067504931498, 47.124636119141805 ], [ 28.704067361273669, 47.124631621850881 ], [ 28.704067217615876, 47.124627124559964 ], [ 28.704073663116237, 47.124622529218286 ], [ 28.70407351945796, 47.124618031927355 ], [ 28.704073375799712, 47.124613534636445 ], [ 28.7040732321415, 47.124609037345529 ], [ 28.704073088483323, 47.124604540054598 ], [ 28.704079533980501, 47.124599944712607 ], [ 28.704079390321841, 47.12459544742169 ], [ 28.704079246663209, 47.124590950130752 ], [ 28.704079103004617, 47.124586452839829 ], [ 28.704085548499126, 47.124581857497525 ], [ 28.704085404840047, 47.124577360206601 ], [ 28.704085261181003, 47.124572862915684 ], [ 28.704085117521995, 47.124568365624761 ], [ 28.704084973863019, 47.124563868333816 ], [ 28.704091419354338, 47.12455927299122 ], [ 28.704091275694879, 47.12455477570029 ], [ 28.704091132035451, 47.124550278409359 ], [ 28.704090988376059, 47.124545781118428 ], [ 28.704090844716703, 47.12454128382749 ], [ 28.704097290204832, 47.124536688484575 ], [ 28.704097146544992, 47.124532191193651 ], [ 28.704097002885185, 47.124527693902721 ], [ 28.704096859225412, 47.124523196611783 ], [ 28.704096715565672, 47.124518699320845 ], [ 28.704103161050615, 47.124514103977617 ], [ 28.704103017390388, 47.124509606686686 ], [ 28.704102873730204, 47.124505109395749 ], [ 28.704102730070051, 47.124500612104818 ], [ 28.704102586409931, 47.124496114813873 ], [ 28.704109031891679, 47.12449151947034 ], [ 28.704108888231076, 47.124487022179409 ], [ 28.704108744570501, 47.124482524888471 ], [ 28.704108600909969, 47.124478027597512 ], [ 28.704108457249465, 47.124473530306574 ], [ 28.704114902728023, 47.124468934962742 ], [ 28.704114759067036, 47.124464437671797 ], [ 28.704114615406088, 47.124459940380852 ], [ 28.704114471745171, 47.124455443089914 ], [ 28.704114328084287, 47.124450945798955 ], [ 28.704120773559659, 47.124446350454811 ], [ 28.704127219033914, 47.124441755110318 ], [ 28.704133664507065, 47.124437159765471 ], [ 28.7041401099791, 47.124432564420282 ], [ 28.704146555450031, 47.124427969074723 ], [ 28.704153000919845, 47.124423373728831 ], [ 28.704159446388555, 47.124418778382569 ], [ 28.704165891856153, 47.124414183035967 ], [ 28.704172337322643, 47.124409587689009 ], [ 28.704178782788027, 47.124404992341695 ], [ 28.704185371918896, 47.124404894284851 ], [ 28.704191817382576, 47.124400298936834 ], [ 28.704198262845146, 47.124395703588455 ], [ 28.704204708306612, 47.12439110823972 ], [ 28.704211297435684, 47.124391010181419 ], [ 28.704217742895441, 47.124386414831967 ], [ 28.704224188354097, 47.124381819482174 ], [ 28.704230777481953, 47.124381721422758 ], [ 28.704237222938907, 47.124377126072254 ], [ 28.704243668394749, 47.124372530721388 ], [ 28.704250257521398, 47.12437243266087 ], [ 28.704256702975538, 47.124367837309279 ], [ 28.704263148428574, 47.124363241957361 ], [ 28.704269593880497, 47.124358646605074 ], [ 28.704276183005341, 47.124358548543086 ], [ 28.704282628455562, 47.124353953190081 ], [ 28.704289073904683, 47.124349357836728 ], [ 28.704295663028308, 47.124349259773631 ], [ 28.704302108475726, 47.124344664419567 ], [ 28.704308553922033, 47.124340069065155 ], [ 28.704315143044447, 47.124339971000957 ], [ 28.704321588489051, 47.124335375645813 ], [ 28.704328033932551, 47.124330780290329 ], [ 28.704334479374939, 47.124326184934482 ], [ 28.704341068495552, 47.12432608686882 ], [ 28.704347513936241, 47.124321491512269 ], [ 28.704353959375823, 47.124316896155349 ], [ 28.70436054849522, 47.124316798088572 ], [ 28.704366993933096, 47.124312202730948 ], [ 28.704373439369874, 47.124307607372977 ], [ 28.704380028488057, 47.124307509305105 ], [ 28.70438647392313, 47.124302913946401 ], [ 28.704392919357087, 47.124298318587357 ], [ 28.704399364789939, 47.124293723227964 ], [ 28.704405953906321, 47.124293625158614 ], [ 28.704412399337475, 47.124289029798504 ], [ 28.70441884476752, 47.124284434438046 ], [ 28.704425433882683, 47.12428433636758 ], [ 28.704431879311031, 47.124279741006397 ], [ 28.704438324738266, 47.124275145644866 ], [ 28.704444913852218, 47.124275047573306 ], [ 28.704451359277755, 47.124270452211064 ], [ 28.704457804702184, 47.124265856848467 ], [ 28.704464250125501, 47.124261261485508 ], [ 28.704470839237647, 47.124261163412484 ], [ 28.704477284659262, 47.124256568048821 ], [ 28.704483730079776, 47.124251972684803 ], [ 28.704490319190704, 47.124251874610664 ], [ 28.704496764609519, 47.124247279245928 ], [ 28.704503210027219, 47.124242683880837 ], [ 28.704509799136932, 47.12424258580559 ], [ 28.704516244552934, 47.124237990439795 ], [ 28.704522689967831, 47.124233395073645 ], [ 28.704529135381613, 47.12422879970714 ], [ 28.704535724489528, 47.124228701630422 ], [ 28.704542169901607, 47.124224106263206 ], [ 28.704548615312579, 47.124219510895628 ], [ 28.704555204419286, 47.124219412817816 ], [ 28.704561649828555, 47.124214817449527 ], [ 28.70456809523672, 47.124210222080883 ], [ 28.704574684342212, 47.124210124001962 ], [ 28.704581129748679, 47.124205528632601 ], [ 28.704587575154033, 47.124200933262898 ], [ 28.70459416425831, 47.124200835182862 ], [ 28.704600609661963, 47.124196239812449 ], [ 28.70460705506451, 47.124191644441666 ], [ 28.704613500465946, 47.124187049070535 ], [ 28.704620089568422, 47.124186950989035 ], [ 28.704626534968156, 47.124182355617194 ], [ 28.704632980366785, 47.124177760244997 ], [ 28.704639569468043, 47.124177662162396 ], [ 28.704646014864974, 47.124173066789474 ], [ 28.704652460260789, 47.124168471416219 ], [ 28.704659049360838, 47.124168373332495 ], [ 28.704665494754956, 47.124163777958529 ], [ 28.704671940147968, 47.124159182584194 ], [ 28.704678385539868, 47.12415458720951 ], [ 28.704684974638113, 47.124154489124329 ], [ 28.704691420028315, 47.124149893748935 ], [ 28.704697865417401, 47.124145298373186 ], [ 28.704704454514435, 47.12414520028689 ], [ 28.70471089990183, 47.124140604910416 ], [ 28.70471734528811, 47.124136009533608 ], [ 28.704723934383928, 47.124135911446217 ], [ 28.704730379768513, 47.124131316068677 ], [ 28.704736825151983, 47.124126720690796 ], [ 28.704743270534347, 47.124122125312553 ], [ 28.704749859628361, 47.124122027223692 ], [ 28.704756305009028, 47.124117431844738 ], [ 28.704762750388578, 47.124112836465429 ], [ 28.704769339481381, 47.124112738375466 ], [ 28.704775784859233, 47.124108142995446 ], [ 28.704782230235981, 47.124103547615071 ], [ 28.704788819327568, 47.124103449523993 ], [ 28.704795264702618, 47.124098854142908 ], [ 28.704801710076552, 47.12409425876146 ], [ 28.704808299166924, 47.12409416066928 ], [ 28.704814744539167, 47.124089565287136 ], [ 28.704821189910291, 47.124084969904615 ], [ 28.704827778999451, 47.124084871811327 ], [ 28.704834224368877, 47.124080276428117 ], [ 28.704840669737205, 47.12407568104453 ], [ 28.704847258825144, 47.124075582950141 ], [ 28.704853704191766, 47.124070987565851 ], [ 28.704860149557277, 47.124066392181199 ], [ 28.704866738644011, 47.124066294085708 ], [ 28.70487318400782, 47.124061698700345 ], [ 28.704879629370527, 47.124057103314641 ], [ 28.704886218456039, 47.124057005218027 ], [ 28.704892663817041, 47.124052409831599 ], [ 28.704899252901935, 47.124052311734253 ], [ 28.704905698261243, 47.124047716347114 ], [ 28.704912143619438, 47.124043120959612 ], [ 28.704918732703113, 47.124043022861159 ], [ 28.704925178059611, 47.124038427472946 ], [ 28.704931623414996, 47.124033832084379 ], [ 28.704938212497463, 47.124033733984824 ], [ 28.704944657851151, 47.124029138595553 ], [ 28.704951103203726, 47.124024543205927 ], [ 28.704957692284975, 47.124024445105263 ], [ 28.704964137635859, 47.124019849714919 ], [ 28.704970582985627, 47.124015254324213 ], [ 28.704977172065661, 47.124015156222448 ], [ 28.704983617413731, 47.124010560831024 ], [ 28.704990206493143, 47.124010462728521 ], [ 28.704996651839515, 47.124005867336386 ], [ 28.705003097184775, 47.124001271943904 ], [ 28.705009686262972, 47.124001173840291 ], [ 28.705016131606538, 47.123996578447084 ], [ 28.705022576948988, 47.123991983053529 ], [ 28.705029166025973, 47.123991884948822 ], [ 28.705035611366728, 47.123987289554556 ], [ 28.705042056706372, 47.123982694159935 ], [ 28.705048645782146, 47.123982596054105 ], [ 28.705055091120091, 47.123978000658767 ], [ 28.705061680195232, 47.123977902552191 ], [ 28.705068125531479, 47.123973307156156 ], [ 28.705074570866618, 47.123968711759744 ], [ 28.705081159940551, 47.123968613652067 ], [ 28.705087605273985, 47.123964018254959 ], [ 28.705094050606313, 47.123959422857482 ], [ 28.705100639679031, 47.123959324748704 ], [ 28.705107085009661, 47.123954729350515 ], [ 28.705113530339176, 47.123950133951986 ], [ 28.705120119410687, 47.1239500358421 ], [ 28.705126564738503, 47.123945440442853 ], [ 28.705133010065214, 47.123940845043251 ], [ 28.705139599135503, 47.123940746932249 ], [ 28.705146044460516, 47.123936151531929 ], [ 28.705152633530183, 47.123936053420188 ], [ 28.705159078853494, 47.123931458019158 ], [ 28.705165524175698, 47.123926862617772 ], [ 28.705172113244153, 47.123926764504922 ], [ 28.705178558564654, 47.123922169102819 ], [ 28.705185003884043, 47.123917573700368 ], [ 28.705191592951287, 47.123917475586417 ], [ 28.705198038268982, 47.123912880183255 ], [ 28.705204483585568, 47.123908284779731 ], [ 28.705211072651593, 47.123908186664671 ], [ 28.705217517966478, 47.123903591260436 ], [ 28.70522396328025, 47.123898995855846 ], [ 28.705230552345064, 47.123898897739686 ], [ 28.705236997657146, 47.123894302334378 ], [ 28.705243586721334, 47.123894204217478 ], [ 28.705250032031707, 47.123889608811453 ], [ 28.705256477340978, 47.123885013405079 ], [ 28.705263066403951, 47.123884915287078 ], [ 28.705269511711521, 47.123880319879994 ], [ 28.705275957017978, 47.123875724472555 ], [ 28.705282546079744, 47.123875626353431 ], [ 28.705288991384499, 47.123871030945274 ], [ 28.705295436688154, 47.123866435536769 ], [ 28.705302025748697, 47.123866337416544 ], [ 28.70530847105065, 47.123861742007328 ], [ 28.70531491635149, 47.12385714659775 ], [ 28.705321505410826, 47.123857048476424 ], [ 28.705327950709965, 47.123852453066128 ], [ 28.705334539768678, 47.123852354944063 ], [ 28.705340985066119, 47.123847759533056 ], [ 28.705347430362451, 47.123843164121695 ], [ 28.705354019419946, 47.123843065998521 ], [ 28.705360464714584, 47.123838470586449 ], [ 28.705366910008109, 47.123833875174029 ], [ 28.705373499064393, 47.123833777049732 ], [ 28.705379944356217, 47.123829181636594 ], [ 28.705386389646932, 47.123824586223101 ], [ 28.705392978701997, 47.123824488097711 ], [ 28.705399423991018, 47.123819892683507 ], [ 28.705405869278927, 47.123815297268941 ], [ 28.705412458332781, 47.123815199142449 ], [ 28.705418903618988, 47.123810603727172 ], [ 28.705425492672216, 47.123810505599941 ], [ 28.705431937956728, 47.123805910183947 ], [ 28.705438383240125, 47.123801314767597 ], [ 28.705444972292145, 47.123801216639265 ], [ 28.705451417573844, 47.123796621222198 ], [ 28.705457862854438, 47.123792025804782 ], [ 28.705464308133916, 47.123787430387026 ], [ 28.705470897184131, 47.123787332257216 ], [ 28.705477342461911, 47.123782736838734 ], [ 28.705483787738586, 47.123778141419898 ], [ 28.705490233014146, 47.12377354600072 ], [ 28.70549682206256, 47.123773447869439 ], [ 28.705503267336422, 47.123768852449537 ], [ 28.705509712609178, 47.123764257029279 ], [ 28.705516301656377, 47.12376415889689 ], [ 28.705522746927425, 47.123759563475936 ], [ 28.705529192197371, 47.123754968054612 ], [ 28.705535637466209, 47.123750372632941 ], [ 28.7055422265116, 47.123750274499088 ], [ 28.70554867177874, 47.123745679076698 ], [ 28.705555117044764, 47.123741083653954 ], [ 28.705561562309683, 47.123736488230875 ], [ 28.705568151353273, 47.123736390095537 ], [ 28.705574596616493, 47.123731794671734 ], [ 28.705581041878602, 47.123727199247575 ], [ 28.705587487139603, 47.123722603823069 ], [ 28.705594076181388, 47.123722505686274 ], [ 28.70560052144069, 47.12371791026105 ], [ 28.705606966698877, 47.123713314835463 ], [ 28.705613411955959, 47.123708719409528 ], [ 28.705620000995943, 47.12370862127127 ], [ 28.705626446251326, 47.123704025844624 ], [ 28.705632891505598, 47.123699430417631 ], [ 28.705639336758761, 47.123694834990282 ], [ 28.70564592579694, 47.123694736850553 ], [ 28.705652371048405, 47.123690141422479 ], [ 28.705658816298758, 47.123685545994057 ], [ 28.705665405335726, 47.123685447853219 ], [ 28.70567185058438, 47.123680852424087 ], [ 28.705678295831927, 47.123676256994599 ], [ 28.705684741078358, 47.123671661564764 ], [ 28.705691330113524, 47.123671563422455 ], [ 28.705697775358257, 47.123666967991909 ], [ 28.705704220601884, 47.123662372561007 ], [ 28.705710665844407, 47.123657777129743 ], [ 28.705717254877761, 47.123657678985964 ], [ 28.705723700118579, 47.12365308355399 ], [ 28.705730145358288, 47.123648488121681 ], [ 28.705736590596892, 47.123643892689003 ], [ 28.705743179628449, 47.123643794543746 ], [ 28.705749624865348, 47.12363919911035 ], [ 28.705756070101138, 47.123634603676614 ], [ 28.705762515335817, 47.123630008242515 ], [ 28.705769104365572, 47.123629910095794 ], [ 28.705775549598552, 47.123625314660984 ], [ 28.705781994830424, 47.123620719225826 ], [ 28.705788440061184, 47.123616123790313 ], [ 28.705795029089135, 47.123616025642121 ], [ 28.7058014743182, 47.123611430205884 ], [ 28.705807919546157, 47.123606834769312 ], [ 28.705814508572889, 47.123606736620012 ], [ 28.705820953799147, 47.123602141182715 ], [ 28.70582739902429, 47.123597545745071 ], [ 28.705833844248325, 47.123592950307071 ], [ 28.705840433273259, 47.123592852156307 ], [ 28.705846878495596, 47.123588256717589 ], [ 28.70585332371682, 47.123583661278509 ], [ 28.705859768936939, 47.123579065839088 ], [ 28.705866357960065, 47.123578967686868 ], [ 28.705872803178487, 47.123574372246715 ], [ 28.705879248395796, 47.123569776806235 ], [ 28.705885693611989, 47.123565181365393 ], [ 28.705892282633318, 47.123565083211687 ], [ 28.705898727847817, 47.123560487770128 ], [ 28.705905173061211, 47.12355589232822 ], [ 28.705911618273493, 47.123551296885957 ], [ 28.705918207293013, 47.123551198730794 ], [ 28.705924652503597, 47.123546603287814 ], [ 28.705931097713066, 47.123542007844485 ], [ 28.705937542921426, 47.1235374124008 ], [ 28.705944131939148, 47.12353731424416 ], [ 28.70595057714581, 47.123532718799765 ], [ 28.705957022351367, 47.123528123355015 ], [ 28.705963611367874, 47.123528025197267 ], [ 28.705970056571726, 47.123523429751806 ], [ 28.705976501774472, 47.123518834305997 ], [ 28.705982946976103, 47.123514238859819 ], [ 28.70598953599081, 47.1235141407006 ], [ 28.705995981190743, 47.123509545253725 ], [ 28.706002426389571, 47.123504949806488 ], [ 28.70600887158729, 47.123500354358903 ], [ 28.706015460600188, 47.12350025619822 ], [ 28.706021905796206, 47.12349566074991 ], [ 28.706028350991112, 47.123491065301252 ], [ 28.706034796184912, 47.123486469852246 ], [ 28.706041385196006, 47.123486371690106 ], [ 28.706047830388108, 47.123481776240375 ], [ 28.706054275579099, 47.123477180790296 ], [ 28.706060720768981, 47.123472585339869 ], [ 28.706067309778277, 47.123472487176258 ], [ 28.706073754966454, 47.123467891725106 ], [ 28.706080200153526, 47.123463296273613 ], [ 28.706086645339489, 47.123458700821757 ], [ 28.706093234346977, 47.123458602656669 ], [ 28.706099679531242, 47.123454007204103 ], [ 28.706106124714395, 47.123449411751203 ], [ 28.706112713720671, 47.123449313584999 ], [ 28.706119158902126, 47.123444718131367 ], [ 28.706125747907773, 47.123444619964431 ], [ 28.70613219308753, 47.123440024510082 ], [ 28.706138782092562, 47.1234399263424 ], [ 28.706145227270618, 47.123435330887332 ], [ 28.706151816275021, 47.123435232718911 ], [ 28.706158261451378, 47.123430637263148 ], [ 28.706164706626627, 47.123426041807001 ], [ 28.706171295629812, 47.123425943637478 ], [ 28.706177740803366, 47.123421348180628 ], [ 28.706184329805929, 47.123421250010367 ], [ 28.706190774977777, 47.123416654552798 ], [ 28.706197363979715, 47.123416556381784 ], [ 28.706203809149866, 47.123411960923505 ], [ 28.706210398151182, 47.123411862751752 ], [ 28.706216843319634, 47.123407267292762 ], [ 28.706223432320328, 47.123407169120256 ], [ 28.706229877487083, 47.123402573660549 ], [ 28.706236466487152, 47.12340247548731 ], [ 28.7062429116522, 47.123397880026893 ], [ 28.706249356816141, 47.12339328456612 ], [ 28.706255945815002, 47.123393186391773 ], [ 28.706262390977248, 47.123388590930269 ], [ 28.706268979975469, 47.123388492755183 ], [ 28.706275425136024, 47.123383897292982 ], [ 28.706282014133624, 47.123383799117143 ], [ 28.70628845929247, 47.123379203654231 ], [ 28.706295048289455, 47.123379105477653 ], [ 28.706301493446603, 47.123374510014017 ], [ 28.706308082442956, 47.1233744118367 ], [ 28.706314527598408, 47.123369816372346 ], [ 28.706321116594136, 47.123369718194283 ], [ 28.706327561747891, 47.123365122729211 ], [ 28.706334150742997, 47.123365024550417 ], [ 28.706340595895043, 47.123360429084634 ], [ 28.706347041045984, 47.123355833618504 ], [ 28.706353630039882, 47.123355735438594 ], [ 28.706360075189124, 47.123351139971739 ], [ 28.706366664182394, 47.123351041791096 ], [ 28.706373109329938, 47.123346446323524 ], [ 28.706379698322582, 47.123346348142142 ], [ 28.706386143468428, 47.123341752673859 ], [ 28.706392732460451, 47.123341654491718 ], [ 28.706399177604592, 47.123337059022724 ], [ 28.706405766595989, 47.12333696083985 ], [ 28.706412211738431, 47.123332365370132 ], [ 28.706418800729207, 47.123332267186512 ], [ 28.706425245869955, 47.123327671716083 ], [ 28.706431834860101, 47.123327573531725 ], [ 28.706438279999151, 47.123322978060585 ], [ 28.706444725137086, 47.123318382589076 ], [ 28.706451314126021, 47.123318284403616 ], [ 28.706457759262261, 47.123313688931404 ], [ 28.706464348250574, 47.123313590745184 ], [ 28.706470793385112, 47.123308995272268 ], [ 28.7064773823728, 47.123308897085316 ], [ 28.706483827505636, 47.123304301611675 ], [ 28.706490416492702, 47.123304203423977 ], [ 28.70649686162384, 47.123299607949619 ], [ 28.706503306753874, 47.123295012474905 ], [ 28.706509895739725, 47.123294914286113 ], [ 28.706516340868053, 47.123290318810682 ], [ 28.706522785995279, 47.123285723334909 ], [ 28.706529374979915, 47.123285625145002 ], [ 28.706535820105437, 47.123281029668512 ], [ 28.706542265229849, 47.123276434191666 ], [ 28.70654871035315, 47.123271838714459 ], [ 28.706555299335989, 47.123271740523101 ], [ 28.706561744457591, 47.123267145045183 ], [ 28.706568189578089, 47.123262549566903 ], [ 28.706574634697471, 47.123257954088295 ], [ 28.706581223678501, 47.123257855895453 ], [ 28.706587668796185, 47.123253260416128 ], [ 28.706594113912761, 47.12324866493644 ], [ 28.706600559028235, 47.123244069456405 ], [ 28.706607148007457, 47.123243971262085 ], [ 28.706613593121229, 47.123239375781331 ], [ 28.70662003823389, 47.123234780300237 ], [ 28.706626627211897, 47.123234682104808 ], [ 28.706633072322859, 47.123230086622996 ], [ 28.706639517432706, 47.123225491140815 ], [ 28.706645962541447, 47.123220895658299 ], [ 28.706652551517653, 47.123220797461414 ], [ 28.706658996624697, 47.123216201978174 ], [ 28.706665441730632, 47.123211606494579 ], [ 28.706671886835455, 47.123207011010642 ], [ 28.706678475809856, 47.123206912812272 ], [ 28.706684920912981, 47.123202317327618 ], [ 28.706691366014997, 47.123197721842608 ], [ 28.706697811115902, 47.123193126357236 ], [ 28.706704400088505, 47.123193028157417 ], [ 28.706710845187708, 47.123188432671341 ], [ 28.706717290285802, 47.123183837184911 ], [ 28.706723735382791, 47.123179241698132 ], [ 28.706730324353586, 47.123179143496827 ], [ 28.706736769448874, 47.123174548009331 ], [ 28.706743214543057, 47.123169952521479 ], [ 28.70674980351264, 47.12316985431908 ], [ 28.706756248605117, 47.123165258830525 ], [ 28.706762693696486, 47.123160663341594 ], [ 28.706769138786747, 47.123156067852328 ], [ 28.706775727754525, 47.123155969648451 ], [ 28.706782172843084, 47.123151374158468 ], [ 28.706788617930535, 47.123146778668143 ], [ 28.706795063016877, 47.12314218317745 ], [ 28.706801651982857, 47.123142084972116 ], [ 28.706808097067494, 47.123137489480698 ], [ 28.706814542151026, 47.123132893988952 ], [ 28.706820987233453, 47.123128298496837 ], [ 28.706827576197625, 47.123128200290019 ], [ 28.70683402127835, 47.123123604797208 ], [ 28.706840466357963, 47.123119009304027 ], [ 28.706846911436472, 47.123114413810491 ], [ 28.706853500398843, 47.123114315602209 ], [ 28.706859945475646, 47.123109720107976 ], [ 28.70686639055134, 47.123105124613382 ], [ 28.7068729795125, 47.123105026403984 ], [ 28.7068794245865, 47.123100430908679 ], [ 28.706885869659384, 47.123095835413018 ], [ 28.70689231473116, 47.123091239917002 ], [ 28.706898903690519, 47.123091141706148 ], [ 28.706905348760596, 47.123086546209407 ], [ 28.706911793829569, 47.12308195071234 ], [ 28.706918238897426, 47.123077355214896 ], [ 28.706924827854976, 47.123077257002571 ], [ 28.706931272921135, 47.12307266150443 ], [ 28.70693771798619, 47.123068066005921 ], [ 28.706944163050128, 47.123063470507063 ], [ 28.706950752005881, 47.123063372293274 ], [ 28.706957197068121, 47.123058776793698 ], [ 28.706963642129256, 47.123054181293789 ], [ 28.706970231083783, 47.123054083078884 ], [ 28.706976676143221, 47.12304948757825 ], [ 28.706983121201542, 47.12304489207726 ], [ 28.706989566258759, 47.123040296575915 ], [ 28.706996155211488, 47.12304019835954 ], [ 28.707002600267007, 47.123035602857492 ], [ 28.70700904532141, 47.123031007355081 ], [ 28.707015490374708, 47.123026411852322 ], [ 28.707022079325636, 47.123026313634476 ], [ 28.707028524377236, 47.123021718131007 ], [ 28.70703496942772, 47.123017122627175 ], [ 28.7070414144771, 47.123012527122995 ], [ 28.707048003426223, 47.123012428903685 ], [ 28.707054448473905, 47.123007833398795 ], [ 28.70706089352047, 47.123003237893549 ], [ 28.707067338565931, 47.122998642387948 ], [ 28.707073927513253, 47.122998544167174 ], [ 28.707080372557016, 47.122993948660856 ], [ 28.707086817599663, 47.122989353154189 ], [ 28.707093406545773, 47.122989254932314 ], [ 28.707099851586722, 47.12298465942493 ], [ 28.707106296626566, 47.122980063917197 ], [ 28.707112741665302, 47.122975468409102 ], [ 28.707119330609604, 47.122975370185749 ], [ 28.707125775646634, 47.122970774676951 ], [ 28.70713222068256, 47.122966179167797 ], [ 28.70713866571738, 47.122961583658281 ], [ 28.707145254659881, 47.122961485433464 ], [ 28.707151699692993, 47.122956889923252 ], [ 28.707158144725, 47.122952294412677 ], [ 28.707164589755894, 47.122947698901754 ], [ 28.707171178696594, 47.12294760067546 ], [ 28.707177623725791, 47.122943005163812 ], [ 28.707184068753879, 47.122938409651823 ], [ 28.707190657693364, 47.122938311424427 ], [ 28.707197102719753, 47.122933715911714 ], [ 28.707203547745031, 47.122929120398659 ], [ 28.707209992769201, 47.122924524885242 ], [ 28.707216581706884, 47.122924426656375 ], [ 28.707223026729356, 47.122919831142241 ], [ 28.707229471750715, 47.122915235627772 ], [ 28.707235916770966, 47.122910640112934 ], [ 28.707242505706844, 47.122910541882597 ], [ 28.707249094642687, 47.122910443651897 ], [ 28.707255683578495, 47.122910345420799 ], [ 28.707262416432698, 47.122914744474116 ], [ 28.707269149288013, 47.122919143527028 ], [ 28.707275882144444, 47.122923542579535 ], [ 28.707282615001983, 47.122927941631616 ], [ 28.707289347860623, 47.122932340683285 ], [ 28.707296080720383, 47.122936739734548 ], [ 28.707302813581244, 47.122941138785386 ], [ 28.707309546443216, 47.122945537835825 ], [ 28.707316279306298, 47.122949936885846 ], [ 28.707323012170495, 47.122954335935447 ], [ 28.7073297450358, 47.122958734984635 ], [ 28.70733647790221, 47.122963134033419 ], [ 28.707343210769732, 47.122967533081784 ], [ 28.707349799712265, 47.122967434845194 ], [ 28.707356388654759, 47.122967336608205 ], [ 28.707362833670057, 47.122962741086326 ], [ 28.707369278684233, 47.122958145564105 ], [ 28.707375723697311, 47.122953550041522 ], [ 28.707382168709273, 47.122948954518591 ], [ 28.707388613720124, 47.122944358995312 ], [ 28.707388469790907, 47.122939861710826 ], [ 28.707388325861725, 47.122935364426347 ], [ 28.707388181932572, 47.122930867141861 ], [ 28.707394626940758, 47.122926271618262 ], [ 28.707401071947828, 47.1229216760943 ], [ 28.707400928017677, 47.122917178809836 ], [ 28.70740737302312, 47.12291258328554 ], [ 28.707413818027458, 47.122907987760897 ], [ 28.707420263030681, 47.122903392235884 ], [ 28.707420119099002, 47.122898894951462 ], [ 28.707426564100597, 47.122894299426122 ], [ 28.707433009101084, 47.122889703900441 ], [ 28.707432865168396, 47.122885206616012 ], [ 28.707439310167256, 47.122880611089982 ], [ 28.707445755165001, 47.122876015563598 ], [ 28.70745220016164, 47.122871420036859 ], [ 28.707452056227424, 47.122866922752479 ], [ 28.707458501222437, 47.122862327225398 ], [ 28.707464946216334, 47.12285773169797 ], [ 28.70746480228112, 47.122853234413604 ], [ 28.707471247273389, 47.122848638885834 ], [ 28.707477692264543, 47.122844043357716 ], [ 28.707477548328328, 47.122839546073365 ], [ 28.707483993317854, 47.122834950544899 ], [ 28.707490438306273, 47.122830355016077 ], [ 28.707496883293587, 47.122825759486915 ], [ 28.707496739355843, 47.122821262202606 ], [ 28.707503184341522, 47.122816666673096 ], [ 28.707509629326093, 47.122812071143237 ], [ 28.707516074309552, 47.122807475613037 ], [ 28.707522519291903, 47.122802880082467 ], [ 28.707528964273148, 47.122798284551543 ], [ 28.70752882033284, 47.122793787267298 ], [ 28.707528676392563, 47.122789289983025 ], [ 28.707535121371652, 47.122784694451774 ], [ 28.70754156634964, 47.122780098920181 ], [ 28.707548011326509, 47.12277550338824 ], [ 28.707554456302276, 47.122770907855944 ], [ 28.707560901276931, 47.1227663123233 ], [ 28.707567346250475, 47.122761716790279 ], [ 28.707567202307118, 47.122757219506084 ], [ 28.70757364727903, 47.122752623972744 ], [ 28.707580092249838, 47.122748028439048 ], [ 28.70758653721953, 47.12274343290499 ], [ 28.707586393274649, 47.122738935620823 ], [ 28.707592838242714, 47.122734340086438 ], [ 28.707599283209671, 47.122729744551705 ], [ 28.707605728175519, 47.12272514901661 ], [ 28.707612173140262, 47.122720553481159 ], [ 28.707612029193324, 47.122716056197035 ], [ 28.707618474156433, 47.122711460661243 ], [ 28.707624919118437, 47.122706865125103 ], [ 28.707624775170494, 47.122702367841001 ], [ 28.707631220130871, 47.12269777230452 ], [ 28.707637665090129, 47.122693176767683 ], [ 28.707644110048278, 47.12268858123052 ], [ 28.707643966098818, 47.122684083946432 ], [ 28.707650411055337, 47.122679488408913 ], [ 28.707656856010747, 47.122674892871039 ], [ 28.707663300965056, 47.122670297332817 ], [ 28.707663157014064, 47.122665800048757 ], [ 28.707669601966735, 47.122661204510202 ], [ 28.707676046918301, 47.122656608971269 ], [ 28.707682491868752, 47.12265201343201 ], [ 28.707682347916244, 47.122647516147993 ], [ 28.707688792865063, 47.122642920608378 ], [ 28.707695237812779, 47.122638325068415 ], [ 28.707701682759382, 47.122633729528104 ], [ 28.70770812770488, 47.122629133987438 ], [ 28.707707983750321, 47.122624636703463 ], [ 28.707714428694189, 47.122620041162449 ], [ 28.707720873636941, 47.122615445621086 ], [ 28.707727318578588, 47.122610850079383 ], [ 28.707727174622505, 47.12260635279543 ], [ 28.707733619562525, 47.122601757253371 ], [ 28.707740064501429, 47.122597161710978 ], [ 28.707746509439229, 47.122592566168223 ], [ 28.707752954375913, 47.122587970625112 ], [ 28.707752810417787, 47.122583473341209 ], [ 28.707759255352844, 47.122578877797764 ], [ 28.707765700286796, 47.122574282253964 ], [ 28.707772145219639, 47.122569686709809 ], [ 28.707772001259979, 47.122565189425927 ], [ 28.707778446191195, 47.122560593881452 ], [ 28.707784891121296, 47.122555998336601 ], [ 28.707791336050285, 47.122551402791402 ], [ 28.707791192089104, 47.122546905507555 ], [ 28.707797637016466, 47.122542309962014 ], [ 28.707804081942719, 47.122537714416133 ], [ 28.707810526867863, 47.122533118869875 ], [ 28.707810382905159, 47.122528621586071 ], [ 28.707816827828669, 47.122524026039493 ], [ 28.707823272751074, 47.122519430492559 ], [ 28.707829717672368, 47.122514834945271 ], [ 28.707829573708139, 47.122510337661488 ], [ 28.707836018627802, 47.122505742113866 ], [ 28.70784246354636, 47.122501146565888 ], [ 28.707848908463802, 47.122496551017548 ], [ 28.70785535338014, 47.122491955468874 ], [ 28.707855209413864, 47.122487458185127 ], [ 28.707861654328571, 47.122482862636119 ], [ 28.707868099242166, 47.122478267086741 ], [ 28.707874544154656, 47.122473671537008 ], [ 28.707874400186853, 47.122469174253297 ], [ 28.707880845097712, 47.12246457870323 ], [ 28.707887290007459, 47.122459983152815 ], [ 28.707893734916098, 47.122455387602052 ], [ 28.707893590946778, 47.122450890318369 ], [ 28.707900035853783, 47.122446294767251 ], [ 28.707906480759686, 47.122441699215784 ], [ 28.707912925664477, 47.12243710366397 ], [ 28.707912781693622, 47.122432606380322 ], [ 28.707919226596786, 47.122428010828166 ], [ 28.707925671498835, 47.122423415275662 ], [ 28.707932116399775, 47.12241881972281 ], [ 28.707931972427403, 47.122414322439184 ], [ 28.707938417326716, 47.122409726885984 ], [ 28.707944862224917, 47.122405131332435 ], [ 28.707951307122009, 47.122400535778517 ], [ 28.70795116314811, 47.122396038494941 ], [ 28.707957608043575, 47.122391442940689 ], [ 28.707964052937925, 47.122386847386089 ], [ 28.707970497831173, 47.122382251831148 ], [ 28.707970353855742, 47.122377754547593 ], [ 28.70797679874736, 47.122373158992296 ], [ 28.707983243637866, 47.122368563436659 ], [ 28.70798968852726, 47.122363967880673 ], [ 28.707989544550312, 47.122359470597132 ], [ 28.707995989438075, 47.122354875040806 ], [ 28.708002434324737, 47.122350279484124 ], [ 28.708008879210279, 47.12234568392708 ], [ 28.708008735231804, 47.122341186643581 ], [ 28.708015180115723, 47.122336591086203 ], [ 28.70802162499853, 47.122331995528477 ], [ 28.708028069880232, 47.122327399970395 ], [ 28.708027925900229, 47.122322902686918 ], [ 28.708034370780293, 47.122318307128502 ], [ 28.70804081565926, 47.122313711569731 ], [ 28.708040671678251, 47.122309214286282 ], [ 28.708047116555584, 47.122304618727156 ], [ 28.7080535614318, 47.122300023167703 ], [ 28.708060006306916, 47.122295427607874 ], [ 28.708059862324383, 47.122290930324461 ], [ 28.708066307197864, 47.122286334764304 ], [ 28.708072752070237, 47.122281739203792 ], [ 28.708072608086692, 47.122277241920393 ], [ 28.708079052957437, 47.122272646359548 ], [ 28.708085497827071, 47.12226805079834 ], [ 28.708091942695599, 47.122263455236777 ], [ 28.708098531548629, 47.122263356958229 ], [ 28.70810512040163, 47.122263258679297 ], [ 28.708111709254592, 47.122263160399974 ], [ 28.708118298107522, 47.122263062120282 ], [ 28.708124886960412, 47.122262963840214 ], [ 28.708131475813275, 47.122262865559769 ], [ 28.708138064666102, 47.12226276727894 ], [ 28.708144653518893, 47.122262668997742 ], [ 28.708151242371645, 47.122262570716153 ], [ 28.708157831224362, 47.12226247243418 ], [ 28.70816442007705, 47.122262374151838 ], [ 28.708171008929703, 47.122262275869112 ], [ 28.708177597782313, 47.122262177586009 ], [ 28.708184186634902, 47.122262079302537 ], [ 28.708190775487441, 47.122261981018674 ], [ 28.708197364339959, 47.122261882734442 ], [ 28.708203953192431, 47.122261784449819 ], [ 28.708210542044878, 47.122261686164833 ], [ 28.708217130897285, 47.12226158787945 ], [ 28.708223863745847, 47.122265986876755 ], [ 28.708230452598738, 47.122265888590604 ], [ 28.7082370414516, 47.122265790304077 ], [ 28.708243774302318, 47.122270189300188 ], [ 28.708250507154141, 47.122274588295873 ], [ 28.708257096008005, 47.122274490008188 ], [ 28.708263684861834, 47.122274391720111 ], [ 28.708270273715627, 47.122274293431659 ], [ 28.708276862569384, 47.122274195142829 ], [ 28.70828345142311, 47.122274096853616 ], [ 28.708290184278642, 47.122278495846928 ], [ 28.708296773132851, 47.122278397556933 ], [ 28.708303361987028, 47.122278299266576 ], [ 28.708310094844713, 47.122282698258672 ], [ 28.708316683699373, 47.122282599967541 ], [ 28.708323272553994, 47.122282501676032 ], [ 28.708330005413828, 47.122286900666936 ], [ 28.708336594268939, 47.122286802374653 ], [ 28.708343183124011, 47.122286704081993 ], [ 28.708349915986002, 47.122291103071682 ], [ 28.708356504841561, 47.122291004778241 ], [ 28.708363093697084, 47.12229090648443 ], [ 28.708369826561217, 47.122295305472917 ], [ 28.708376415417227, 47.122295207178333 ], [ 28.708383004273202, 47.122295108883371 ], [ 28.708389737139488, 47.122299507870665 ], [ 28.708396325995945, 47.122299409574914 ], [ 28.708402914852375, 47.122299311278795 ], [ 28.708409503708765, 47.122299212982306 ], [ 28.708416236577722, 47.122303611968 ], [ 28.708422825434596, 47.12230351367073 ], [ 28.708429414291437, 47.122303415373082 ], [ 28.708436147162541, 47.122307814357569 ], [ 28.708442736019869, 47.122307716059147 ], [ 28.708449324877162, 47.122307617760349 ], [ 28.708456057750411, 47.122312016743635 ], [ 28.708462646608186, 47.122311918444062 ], [ 28.708469235465934, 47.122311820144105 ], [ 28.708475968341332, 47.122316219126205 ], [ 28.708482557199559, 47.122316120825481 ], [ 28.708489146057758, 47.122316022524366 ], [ 28.708495878935306, 47.122320421505265 ], [ 28.708502467793984, 47.122320323203382 ], [ 28.708509056652627, 47.122320224901124 ], [ 28.708515789532328, 47.122324623880814 ], [ 28.708522378391461, 47.122324525577781 ], [ 28.708528967250555, 47.122324427274378 ], [ 28.708535556109609, 47.122324328970585 ], [ 28.708542288991978, 47.12232872794867 ], [ 28.708548877851523, 47.122328629644109 ], [ 28.70855546671104, 47.122328531339178 ], [ 28.708562199595551, 47.122332930316063 ], [ 28.708568788455551, 47.122332832010351 ], [ 28.708575377315508, 47.122332733704255 ], [ 28.70858211020218, 47.122337132679945 ], [ 28.708588699062624, 47.122337034373089 ], [ 28.708595287923032, 47.122336936065842 ], [ 28.708602020811853, 47.122341335040325 ], [ 28.708608609672748, 47.122341236732304 ], [ 28.708615198533611, 47.122341138423899 ], [ 28.708621931424574, 47.122345537397194 ], [ 28.708628520285927, 47.122345439088029 ], [ 28.708635109147234, 47.12234534077848 ], [ 28.708641842040354, 47.122349739750561 ], [ 28.708648430902151, 47.122349641440231 ], [ 28.70865501976391, 47.122349543129538 ], [ 28.70866160862564, 47.122349444818454 ], [ 28.708668341521424, 47.122353843788957 ], [ 28.708675074418316, 47.12235824275902 ], [ 28.708681663281048, 47.122358144446771 ], [ 28.708688252143752, 47.122358046134153 ], [ 28.708694841006412, 47.122357947821143 ], [ 28.708701429869045, 47.122357849507765 ], [ 28.708708162769131, 47.122362248475845 ], [ 28.708714895670322, 47.122366647443513 ], [ 28.70872148453396, 47.122366549128976 ], [ 28.708728073397555, 47.122366450814042 ], [ 28.708734662261115, 47.122366352498723 ], [ 28.70874125112465, 47.122366254183042 ], [ 28.708747984029028, 47.122370653148728 ], [ 28.708754716934521, 47.122375052113988 ], [ 28.708761305799062, 47.122374953797141 ], [ 28.708767894663563, 47.122374855479897 ], [ 28.708774483528025, 47.122374757162291 ], [ 28.708781072392455, 47.122374658844301 ], [ 28.708787661256849, 47.122374560525927 ], [ 28.708794394166052, 47.122378959488806 ], [ 28.708800983030933, 47.122378861169665 ], [ 28.708807571895775, 47.122378762850147 ], [ 28.708814304807127, 47.122383161811833 ], [ 28.708820893672463, 47.12238306349154 ], [ 28.708827626585443, 47.122387462452409 ], [ 28.708834359499537, 47.122391861412872 ], [ 28.708840948365868, 47.122391763091407 ], [ 28.70884753723217, 47.122391664769566 ], [ 28.708854126098441, 47.122391566447348 ], [ 28.708860714964672, 47.122391468124746 ], [ 28.708867303830871, 47.122391369801768 ], [ 28.708874036748671, 47.122395768759837 ], [ 28.708880625615354, 47.122395670436092 ], [ 28.708887214481997, 47.122395572111962 ], [ 28.708893803348612, 47.122395473787456 ], [ 28.708900536269084, 47.122399872743941 ], [ 28.708907269190661, 47.122404271699999 ], [ 28.708913858058278, 47.122404173374328 ], [ 28.708920446925863, 47.12240407504828 ], [ 28.708927035793412, 47.122403976721849 ], [ 28.708933624660926, 47.122403878395026 ], [ 28.708940357585693, 47.122408277349109 ], [ 28.708946946453693, 47.122408179021512 ], [ 28.708953535321655, 47.12240808069356 ], [ 28.708960268248571, 47.122412479646421 ], [ 28.708966857117023, 47.122412381317687 ], [ 28.70897359004557, 47.122416780269752 ], [ 28.708980322975229, 47.122421179221405 ], [ 28.708986911844683, 47.122421080891499 ], [ 28.708993500714101, 47.122420982561231 ], [ 28.709000089583487, 47.122420884230557 ], [ 28.709006678452837, 47.122420785899521 ], [ 28.709013267322153, 47.122420687568102 ], [ 28.709019856191436, 47.122420589236299 ], [ 28.709026589125319, 47.122424988185173 ], [ 28.709033177995089, 47.122424889852596 ], [ 28.709039766864816, 47.122424791519656 ], [ 28.709046499800856, 47.122429190467329 ], [ 28.70905308867107, 47.122429092133601 ], [ 28.709059677541251, 47.122428993799502 ], [ 28.709066410479441, 47.122433392745982 ], [ 28.709072999350106, 47.122433294411103 ], [ 28.709079588220739, 47.122433196075853 ], [ 28.70908632116107, 47.122437595021118 ], [ 28.709092910032187, 47.12243749668508 ], [ 28.709099642974156, 47.122441895629542 ], [ 28.709106231845755, 47.122441797292744 ], [ 28.709112820717323, 47.122441698955562 ], [ 28.709119409588858, 47.122441600618018 ], [ 28.709126142533492, 47.122445999560881 ], [ 28.709132875479231, 47.122450398503325 ], [ 28.709139464351772, 47.122450300164608 ], [ 28.709146053224277, 47.122450201825508 ], [ 28.70915264209674, 47.122450103486017 ], [ 28.709159375045154, 47.122454502426862 ], [ 28.709166107994676, 47.12245890136731 ], [ 28.709172696868155, 47.122458803026653 ], [ 28.709179285741591, 47.12245870468562 ], [ 28.709185874614992, 47.122458606344225 ], [ 28.70919246348836, 47.122458508002438 ], [ 28.709199052361697, 47.122458409660268 ], [ 28.709205785314929, 47.122462808598328 ], [ 28.709212374188748, 47.122462710255398 ], [ 28.709218963062533, 47.12246261191207 ], [ 28.709225696017914, 47.122467010848929 ], [ 28.709232428974406, 47.122471409785369 ], [ 28.709239161932008, 47.122475808721383 ], [ 28.709245750807316, 47.12247571037652 ], [ 28.709252339682592, 47.122475612031266 ], [ 28.70925892855783, 47.122475513685629 ], [ 28.709265517433039, 47.122475415339608 ], [ 28.709272106308205, 47.122475316993224 ], [ 28.709278839269519, 47.122479715926865 ], [ 28.709285428145176, 47.1224796175797 ], [ 28.709292017020797, 47.122479519232144 ], [ 28.709298605896379, 47.122479420884233 ], [ 28.709305194771936, 47.122479322535924 ], [ 28.709311927736433, 47.122483721467574 ], [ 28.709318660702039, 47.122488120398806 ], [ 28.709325249578594, 47.122488022049332 ], [ 28.709331838455117, 47.122487923699481 ], [ 28.709338427331602, 47.122487825349268 ], [ 28.709345160299886, 47.122492224278901 ], [ 28.709351893269272, 47.122496623208143 ], [ 28.709358482146769, 47.122496524856743 ], [ 28.709365071024219, 47.122496426504973 ], [ 28.709371659901645, 47.12249632815282 ], [ 28.709378248779036, 47.122496229800284 ], [ 28.709384837656383, 47.122496131447377 ], [ 28.709391426533703, 47.12249603309408 ], [ 28.70939801541099, 47.122495934740414 ], [ 28.709404748385126, 47.122500333666473 ], [ 28.709411337262896, 47.122500235312032 ], [ 28.709417926140627, 47.122500136957214 ], [ 28.709424659116912, 47.122504535882051 ], [ 28.709431247995134, 47.122504437526466 ], [ 28.70943783687332, 47.122504339170504 ], [ 28.709444569851755, 47.122508738094147 ], [ 28.709451158730424, 47.122508639737397 ], [ 28.709457747609058, 47.122508541380277 ], [ 28.709464480589645, 47.122512940302727 ], [ 28.709471069468762, 47.122512841944832 ], [ 28.709477658347851, 47.122512743586562 ], [ 28.709484391330584, 47.122517142507803 ], [ 28.709490980210155, 47.122517044148751 ], [ 28.709497569089688, 47.122516945789329 ], [ 28.709504157969189, 47.122516847429523 ], [ 28.709510890954597, 47.12252124634918 ], [ 28.709517479834581, 47.1225211479886 ], [ 28.709524068714533, 47.122521049627643 ], [ 28.709530801702083, 47.122525448546092 ], [ 28.709537390582526, 47.122525350184347 ], [ 28.709543979462921, 47.122525251822253 ], [ 28.709550712452629, 47.122529650739502 ], [ 28.709557301333511, 47.122529552376612 ], [ 28.709563890214366, 47.122529454013353 ], [ 28.709570623206218, 47.122533852929401 ], [ 28.709577356199183, 47.122538251845029 ], [ 28.709584089193253, 47.122542650760252 ], [ 28.709590678075628, 47.122542552395423 ], [ 28.709597266957974, 47.122542454030217 ], [ 28.709603711726402, 47.122537858385044 ], [ 28.709610156493721, 47.122533262739502 ], [ 28.709616601259928, 47.122528667093619 ], [ 28.709616457145046, 47.122524169814028 ], [ 28.709622901909626, 47.122519574167804 ], [ 28.709629346673097, 47.122514978521224 ], [ 28.709635791435456, 47.122510382874289 ], [ 28.709642236196711, 47.122505787226991 ], [ 28.709642092079779, 47.122501289947465 ], [ 28.709648536839403, 47.122496694299841 ], [ 28.709654981597915, 47.122492098651861 ], [ 28.709661426355318, 47.122487503003534 ], [ 28.709661282236866, 47.122483005724021 ], [ 28.709667726992635, 47.122478410075352 ], [ 28.709674171747306, 47.122473814426343 ], [ 28.709680616500858, 47.122469218776956 ], [ 28.709680472380875, 47.122464721497479 ], [ 28.709686917132803, 47.122460125847766 ], [ 28.709693361883616, 47.122455530197705 ], [ 28.709699806633324, 47.122450934547288 ], [ 28.70969966251182, 47.122446437267833 ], [ 28.709706107259898, 47.122441841617075 ], [ 28.70971255200687, 47.122437245965969 ], [ 28.70971899675272, 47.122432650314508 ], [ 28.709718852629695, 47.122428153035088 ], [ 28.709725297373918, 47.122423557383286 ], [ 28.709731742117043, 47.122418961731128 ], [ 28.709738186859052, 47.122414366078623 ], [ 28.709738042734497, 47.122409868799238 ], [ 28.709744487474875, 47.122405273146391 ], [ 28.709750932214146, 47.122400677493196 ], [ 28.709757376952307, 47.122396081839639 ], [ 28.709757232826227, 47.12239158456029 ], [ 28.709763677562762, 47.122386988906406 ], [ 28.709770122298181, 47.122382393252153 ], [ 28.709776567032495, 47.122377797597558 ], [ 28.709783011765694, 47.122373201942608 ], [ 28.709782867637568, 47.122368704663295 ], [ 28.709789312369146, 47.122364109008004 ], [ 28.709795757099609, 47.122359513352365 ], [ 28.70980220182896, 47.12235491769637 ], [ 28.709802057699314, 47.122350420417099 ], [ 28.709808502427038, 47.122345824760757 ], [ 28.709814947153653, 47.12234122910408 ], [ 28.709821391879156, 47.122336633447041 ], [ 28.709821247747985, 47.122332136167785 ], [ 28.709827692471858, 47.122327540510412 ], [ 28.709834137194626, 47.122322944852691 ], [ 28.709840581916282, 47.122318349194607 ], [ 28.70984702663683, 47.122313753536176 ], [ 28.709846882503612, 47.122309256256962 ], [ 28.709853327222532, 47.122304660598189 ], [ 28.709859771940337, 47.122300064939061 ], [ 28.709866216657037, 47.122295469279585 ], [ 28.709866072522296, 47.122290972000407 ], [ 28.709872517237365, 47.12228637634059 ], [ 28.709878961951322, 47.122281780680431 ], [ 28.709885406664174, 47.122277185019897 ], [ 28.709885262527905, 47.122272687740747 ], [ 28.709891707239127, 47.122268092079892 ], [ 28.709898151949236, 47.122263496418682 ], [ 28.709904596658241, 47.122258900757117 ], [ 28.709904452520444, 47.122254403477996 ], [ 28.709910897227818, 47.122249807816104 ], [ 28.709917341934077, 47.122245212153835 ], [ 28.709923786639234, 47.122240616491226 ], [ 28.709923642499916, 47.12223611921214 ], [ 28.709930087203443, 47.122231523549189 ], [ 28.709936531905853, 47.122226927885876 ], [ 28.709942976607159, 47.122222332222229 ], [ 28.709942832466318, 47.122217834943164 ], [ 28.709949277165986, 47.122213239279169 ], [ 28.709955721864556, 47.122208643614819 ], [ 28.709962166562015, 47.122204047950127 ], [ 28.709968611258358, 47.122199452285074 ], [ 28.709968467115473, 47.122194955006059 ], [ 28.709974911810189, 47.122190359340664 ], [ 28.709981356503796, 47.122185763674921 ], [ 28.709987801196299, 47.122181168008836 ], [ 28.709987657051879, 47.12217667072985 ], [ 28.709994101742748, 47.122172075063411 ], [ 28.710000546432507, 47.122167479396616 ], [ 28.710006991121162, 47.122162883729494 ], [ 28.710006846975222, 47.122158386450536 ], [ 28.710013291662243, 47.122153790783052 ], [ 28.710019736348155, 47.12214919511522 ], [ 28.710026181032958, 47.12214459944704 ], [ 28.710026036885495, 47.122140102168117 ], [ 28.710032481568664, 47.122135506499589 ], [ 28.710038926250725, 47.12213091083072 ], [ 28.710045370931681, 47.122126315161495 ], [ 28.71004522678269, 47.122121817882594 ], [ 28.710051671462011, 47.122117222213021 ], [ 28.710058116140228, 47.122112626543107 ], [ 28.710064560817333, 47.12210803087283 ], [ 28.710064416666818, 47.122103533593972 ], [ 28.710070861342295, 47.122098937923361 ], [ 28.710077306016661, 47.122094342252396 ], [ 28.710083750689915, 47.122089746581082 ], [ 28.710090195362067, 47.122085150909406 ], [ 28.710090051209502, 47.122080653630583 ], [ 28.71009649588002, 47.122076057958587 ], [ 28.710102940549429, 47.122071462286229 ], [ 28.710109385217727, 47.122066866613501 ], [ 28.710109241063641, 47.122062369334721 ], [ 28.710115685730312, 47.122057773661659 ], [ 28.710122130395874, 47.122053177988263 ], [ 28.71012857506032, 47.122048582314498 ], [ 28.710128430904714, 47.122044085035739 ], [ 28.710134875567537, 47.122039489361654 ], [ 28.710141320229244, 47.1220348936872 ], [ 28.71014776488985, 47.122030298012398 ], [ 28.710154209549337, 47.12202570233724 ], [ 28.710154065391684, 47.12202120505853 ], [ 28.710160510049548, 47.122016609383031 ], [ 28.710166954706299, 47.122012013707192 ], [ 28.710173399361945, 47.122007418030996 ], [ 28.710173255202765, 47.122002920752308 ], [ 28.710179699856781, 47.121998325075779 ], [ 28.710186144509684, 47.121993729398874 ], [ 28.71019258916148, 47.121989133721641 ], [ 28.710192445000771, 47.121984636442974 ], [ 28.71019888965094, 47.121980040765393 ], [ 28.710205334299996, 47.121975445087465 ], [ 28.710211778947944, 47.12197084940918 ], [ 28.710218223594786, 47.121966253730548 ], [ 28.710218079432035, 47.121961756451924 ], [ 28.710224524077244, 47.121957160772943 ], [ 28.710230968721344, 47.121952565093622 ], [ 28.710237413364329, 47.121947969413938 ], [ 28.710237269200054, 47.121943472135349 ], [ 28.710243713841418, 47.121938876455324 ], [ 28.710250158481664, 47.121934280774951 ], [ 28.710256603120808, 47.121929685094223 ], [ 28.71026304775884, 47.121925089413139 ], [ 28.710262903592518, 47.1219205921346 ], [ 28.710269348228923, 47.121915996453183 ], [ 28.710275792864213, 47.121911400771417 ], [ 28.710282237498394, 47.121906805089282 ], [ 28.71028868213147, 47.121902209406812 ], [ 28.710288537963105, 47.121897712128316 ], [ 28.710294982594547, 47.121893116445506 ], [ 28.710301427224881, 47.121888520762333 ], [ 28.710307871854109, 47.121883925078812 ], [ 28.710307727684221, 47.121879427800344 ], [ 28.710314172311815, 47.12187483211649 ], [ 28.710320616938301, 47.121870236432265 ], [ 28.710327061563678, 47.121865640747707 ], [ 28.710326917392265, 47.121861143469275 ], [ 28.710333362016009, 47.121856547784361 ], [ 28.710339806638647, 47.121851952099114 ], [ 28.710346251260177, 47.121847356413497 ], [ 28.710346107087236, 47.121842859135093 ], [ 28.710352551707132, 47.121838263449156 ], [ 28.710358996325926, 47.12183366776285 ], [ 28.710365440943605, 47.121829072076196 ], [ 28.710365296769144, 47.121824574797827 ], [ 28.710371741385188, 47.121819979110825 ], [ 28.710378186000131, 47.121815383423474 ], [ 28.710384630613966, 47.121810787735789 ], [ 28.710391075226685, 47.121806192047735 ], [ 28.710390931050174, 47.121801694769403 ], [ 28.710397375661266, 47.121797099081014 ], [ 28.710403820271253, 47.121792503392278 ], [ 28.710410264880124, 47.12178790770318 ], [ 28.71041012070209, 47.121783410424882 ], [ 28.710416565309334, 47.121778814735443 ], [ 28.71042300991547, 47.121774219045669 ], [ 28.710429454520494, 47.121769623355533 ], [ 28.710435899124409, 47.121765027665028 ], [ 28.710435754944331, 47.121760530386766 ], [ 28.71044219954662, 47.12175593469594 ], [ 28.710448644147796, 47.12175133900476 ], [ 28.710455088747864, 47.121746743313224 ], [ 28.71046153334682, 47.12174214762134 ], [ 28.710461389164699, 47.121737650343128 ], [ 28.710467833762024, 47.121733054650896 ], [ 28.710474422541409, 47.121732956236521 ], [ 28.710481011320759, 47.121732857821755 ], [ 28.710487455915796, 47.121728262128457 ], [ 28.710494044694524, 47.121728163712952 ] ] } },
{ "type": "Feature", "properties": { "element": "node", "id": "I0099", "kind": "inspection", "length_m": null, "frm": null, "to": null }, "geometry": { "type": "Point", "coordinates": [ 28.710491998213421, 47.121731183276395 ] } },
{ "type": "Feature", "properties": { "element": "edge", "id": "I0099->I0106", "kind": "leg", "length_m": 275.9, "frm": "I0099", "to": "I0106" }, "geometry": { "type": "LineString", "coordinates": [ [ 28.710494044694524, 47.121728163712952 ], [ 28.710487455915796, 47.121728262128457 ], [ 28.710480867137036, 47.121728360543578 ], [ 28.710474278358245, 47.121728458958316 ], [ 28.710467833762024, 47.121733054650896 ], [ 28.710467977944674, 47.121737551929101 ], [ 28.71046153334682, 47.12174214762134 ], [ 28.710455088747864, 47.121746743313224 ], [ 28.710448644147796, 47.12175133900476 ], [ 28.710448788328918, 47.121755836283 ], [ 28.71044234372722, 47.121760431974195 ], [ 28.710435899124409, 47.121765027665028 ], [ 28.710429454520494, 47.121769623355533 ], [ 28.710429598700095, 47.121774120633795 ], [ 28.710423154094542, 47.121778716323938 ], [ 28.710416709487891, 47.121783312013733 ], [ 28.710410264880124, 47.12178790770318 ], [ 28.710410409058191, 47.121792404981484 ], [ 28.710403964448798, 47.12179700067059 ], [ 28.710397519838299, 47.12180159635934 ], [ 28.710391075226685, 47.121806192047735 ], [ 28.710391219403231, 47.121810689326068 ], [ 28.71038477478999, 47.121815285014129 ], [ 28.710378330175633, 47.121819880701835 ], [ 28.710371885560171, 47.121824476389193 ], [ 28.710372029735193, 47.121828973667562 ], [ 28.710365585118101, 47.121833569354564 ], [ 28.710359140499904, 47.121838165041225 ], [ 28.710352695880594, 47.121842760727546 ], [ 28.710352840054089, 47.121847258005943 ], [ 28.710346395433149, 47.121851853691908 ], [ 28.710339950811104, 47.121856449377532 ], [ 28.710333506187943, 47.121861045062801 ], [ 28.71033365035991, 47.121865542341219 ], [ 28.710327205735123, 47.121870138026146 ], [ 28.71032076110923, 47.121874733710719 ], [ 28.710314316482222, 47.12187932939495 ], [ 28.710307871854109, 47.121883925078812 ], [ 28.710308016024033, 47.12188842235728 ], [ 28.71030157139429, 47.121893018040815 ], [ 28.710295126763434, 47.121897613723995 ], [ 28.71028868213147, 47.121902209406812 ], [ 28.71028882629987, 47.121906706685316 ], [ 28.710282381666271, 47.121911302367799 ], [ 28.710275937031575, 47.121915898049934 ], [ 28.710269492395756, 47.121920493731707 ], [ 28.710269636562636, 47.121924991010246 ], [ 28.710263191925197, 47.121929586691685 ], [ 28.710256747286643, 47.121934182372769 ], [ 28.710250302646983, 47.121938778053504 ], [ 28.710243858006208, 47.121943373733899 ], [ 28.710244002171041, 47.121947871012473 ], [ 28.710237557528639, 47.121952466692512 ], [ 28.710231112885129, 47.121957062372218 ], [ 28.710224668240514, 47.121961658051553 ], [ 28.710224812403819, 47.121966155330149 ], [ 28.71021836775757, 47.121970751009158 ], [ 28.710211923110212, 47.12197534668779 ], [ 28.710205478461742, 47.121979942366082 ], [ 28.710205622623526, 47.121984439644727 ], [ 28.710199177973426, 47.121989035322684 ], [ 28.71019273332222, 47.121993631000279 ], [ 28.710186288669902, 47.12199822667754 ], [ 28.710179844016483, 47.122002822354446 ], [ 28.710179988176211, 47.122007319633113 ], [ 28.710173543521158, 47.122011915309677 ], [ 28.710167098865, 47.122016510985887 ], [ 28.710160654207723, 47.122021106661741 ], [ 28.710160798365933, 47.12202560394045 ], [ 28.710154353707029, 47.122030199615956 ], [ 28.710147909047016, 47.122034795291121 ], [ 28.710141464385899, 47.122039390965938 ], [ 28.710141608542582, 47.122043888244669 ], [ 28.71013516387983, 47.122048483919137 ], [ 28.710128719215966, 47.122053079593265 ], [ 28.710122274550997, 47.12205767526703 ], [ 28.710122418706156, 47.122062172545789 ], [ 28.710115974039557, 47.12206676821922 ], [ 28.710109529371852, 47.122071363892296 ], [ 28.710103084703032, 47.122075959565031 ], [ 28.710103228856667, 47.122080456843811 ], [ 28.71009678418622, 47.122085052516198 ], [ 28.710090339514657, 47.122089648188229 ], [ 28.71008389484199, 47.122094243859905 ], [ 28.710077450168217, 47.12209883953124 ], [ 28.710077594319802, 47.122103336810078 ], [ 28.710071149644399, 47.122107932481065 ], [ 28.710064704967884, 47.122112528151696 ], [ 28.710058260290261, 47.12211712382198 ], [ 28.710058404440321, 47.122121621100852 ], [ 28.710051959761071, 47.122126216770795 ], [ 28.710045515080704, 47.122130812440382 ], [ 28.710039070399233, 47.122135408109614 ], [ 28.710039214547773, 47.122139905388515 ], [ 28.710032769864668, 47.12214450105742 ], [ 28.710026325180454, 47.122149096725963 ], [ 28.710019880495135, 47.12215369239415 ], [ 28.710020024642148, 47.12215818967308 ], [ 28.710013579955199, 47.122162785340933 ], [ 28.710007135267137, 47.122167381008445 ], [ 28.710000690577967, 47.122171976675588 ], [ 28.709994245887685, 47.12217657234239 ], [ 28.709994390032659, 47.122181069621355 ], [ 28.70998794534075, 47.122185665287816 ], [ 28.709981500647725, 47.122190260953914 ], [ 28.709975055953603, 47.122194856619679 ], [ 28.709968611258358, 47.122199452285074 ], [ 28.709968755401288, 47.122203949564089 ], [ 28.709962310704416, 47.122208545229149 ], [ 28.709955866006442, 47.122213140893862 ], [ 28.709949421307357, 47.12221773655822 ], [ 28.709942976607159, 47.122222332222229 ], [ 28.70994312074804, 47.122226829501273 ], [ 28.709936676046212, 47.122231425164955 ], [ 28.709930231343279, 47.122236020828261 ], [ 28.709923786639234, 47.122240616491226 ], [ 28.709923930778594, 47.122245113770312 ], [ 28.709917486072918, 47.122249709432936 ], [ 28.709911041366134, 47.122254305095197 ], [ 28.709904596658241, 47.122258900757117 ], [ 28.709904740796066, 47.122263398036239 ], [ 28.70989829608655, 47.122267993697804 ], [ 28.709891851375918, 47.122272589359028 ], [ 28.709885406664174, 47.122277185019897 ], [ 28.709885550800482, 47.122281682299054 ], [ 28.709879106087108, 47.122286277959581 ], [ 28.709872661372628, 47.122290873619768 ], [ 28.709866216657037, 47.122295469279585 ], [ 28.709866360791818, 47.122299966558771 ], [ 28.709859916074596, 47.122304562218254 ], [ 28.709853471356269, 47.122309157877396 ], [ 28.70984702663683, 47.122313753536176 ], [ 28.70984717077009, 47.12231825081539 ], [ 28.70984072604902, 47.122322846473821 ], [ 28.709834281326842, 47.122327442131912 ], [ 28.709827836603555, 47.122332037789654 ], [ 28.709821391879156, 47.122336633447041 ], [ 28.70982153601037, 47.122341130726291 ], [ 28.709815091284344, 47.122345726383344 ], [ 28.709808646557207, 47.122350322040042 ], [ 28.70980220182896, 47.12235491769637 ], [ 28.709802345958646, 47.122359414975655 ], [ 28.709795901228773, 47.122364010631657 ], [ 28.709789456497788, 47.122368606287317 ], [ 28.709783011765694, 47.122373201942608 ], [ 28.709776567032495, 47.122377797597558 ], [ 28.709776711160131, 47.122382294876886 ], [ 28.709770266425299, 47.122386890531487 ], [ 28.709763821689354, 47.122391486185741 ], [ 28.709757376952307, 47.122396081839639 ], [ 28.709757521078423, 47.122400579118995 ], [ 28.709751076339739, 47.12240517477256 ], [ 28.70974463159995, 47.122409770425762 ], [ 28.709738186859052, 47.122414366078623 ], [ 28.709738330983637, 47.122418863358007 ], [ 28.709731886241112, 47.122423459010527 ], [ 28.709725441497472, 47.122428054662691 ], [ 28.70971899675272, 47.122432650314508 ], [ 28.709719140875784, 47.122437147593921 ], [ 28.709712696129412, 47.122441743245389 ], [ 28.709706251381924, 47.122446338896516 ], [ 28.709699806633324, 47.122450934547288 ], [ 28.709699950754867, 47.122455431826737 ], [ 28.709693506004637, 47.122460027477167 ], [ 28.709687061253302, 47.122464623127229 ], [ 28.709680616500858, 47.122469218776956 ], [ 28.70968076062087, 47.122473716056447 ], [ 28.709674315866799, 47.122478311705827 ], [ 28.709667871111616, 47.122482907354858 ], [ 28.709661426355318, 47.122487503003534 ], [ 28.709661570473806, 47.122492000283046 ], [ 28.70965512571588, 47.122496595931381 ], [ 28.70964868095685, 47.12250119157936 ], [ 28.709642236196711, 47.122505787226991 ], [ 28.709635791435456, 47.122510382874289 ], [ 28.709635935551898, 47.122514880153844 ], [ 28.70962949078902, 47.122519475800786 ], [ 28.70962304602503, 47.12252407144738 ], [ 28.709616601259928, 47.122528667093619 ], [ 28.709610156493721, 47.122533262739502 ], [ 28.709603711726402, 47.122537858385044 ], [ 28.709597266957974, 47.122542454030217 ], [ 28.709590678075628, 47.122542552395423 ], [ 28.709584089193253, 47.122542650760252 ], [ 28.709577500310839, 47.12254274912469 ], [ 28.709570911428393, 47.122542847488759 ], [ 28.709564322545912, 47.122542945852437 ], [ 28.709557733663395, 47.122543044215753 ], [ 28.709551144780843, 47.122543142578678 ], [ 28.709544555898255, 47.122543240941233 ], [ 28.709537967015638, 47.122543339303412 ], [ 28.709531378132983, 47.122543437665193 ], [ 28.709524789250288, 47.122543536026612 ], [ 28.709518200367565, 47.12254363438764 ], [ 28.709511611484807, 47.122543732748305 ], [ 28.709505022602013, 47.12254383110858 ], [ 28.709498289614181, 47.122539432188638 ], [ 28.709491700731867, 47.122539530548138 ], [ 28.709485111849524, 47.122539628907269 ], [ 28.709478378863842, 47.122535229986113 ], [ 28.709471789981983, 47.122535328344469 ], [ 28.709465201100091, 47.122535426702441 ], [ 28.709458468116559, 47.122531027780084 ], [ 28.70945187923515, 47.122531126137289 ], [ 28.709445290353703, 47.122531224494104 ], [ 28.709438557372323, 47.122526825570546 ], [ 28.709431968491366, 47.1225269239266 ], [ 28.709425379610369, 47.12252702228227 ], [ 28.709418646631139, 47.122522623357519 ], [ 28.709412057750626, 47.122522721712407 ], [ 28.709405468870084, 47.122522820066919 ], [ 28.709398879989507, 47.122522918421069 ], [ 28.709392147012942, 47.122518519494704 ], [ 28.709385558132851, 47.122518617848073 ], [ 28.709378969252729, 47.122518716201057 ], [ 28.709372236278313, 47.122514317273506 ], [ 28.70936564739867, 47.122514415625723 ], [ 28.709359058518992, 47.122514513977556 ], [ 28.709352325546728, 47.122510115048797 ], [ 28.709345736667533, 47.122510213399863 ], [ 28.709339147788306, 47.122510311750545 ], [ 28.709332414818189, 47.122505912820586 ], [ 28.709325825939452, 47.122506011170501 ], [ 28.709319237060676, 47.122506109520018 ], [ 28.709312504092704, 47.122501710588864 ], [ 28.709305915214419, 47.122501808937628 ], [ 28.70929932633609, 47.122501907286015 ], [ 28.709292593370275, 47.122497508353639 ], [ 28.709286004492434, 47.122497606701252 ], [ 28.709279415614564, 47.122497705048488 ], [ 28.709272826736651, 47.122497803395333 ], [ 28.709266093773504, 47.122493404461359 ], [ 28.709259504896075, 47.122493502807444 ], [ 28.709252916018617, 47.122493601153131 ], [ 28.709246183057616, 47.122489202217984 ], [ 28.709239594180641, 47.122489300562904 ], [ 28.709233005303634, 47.122489398907447 ], [ 28.709226272344786, 47.122484999971078 ], [ 28.709219683468262, 47.122485098314854 ], [ 28.709213094591707, 47.122485196658246 ], [ 28.709206361635008, 47.122480797720691 ], [ 28.709199772758936, 47.122480896063308 ], [ 28.709193183882824, 47.122480994405556 ], [ 28.709186450928275, 47.122476595466779 ], [ 28.70917986205265, 47.122476693808245 ], [ 28.70917327317699, 47.122476792149342 ], [ 28.70916654022459, 47.122472393209378 ], [ 28.709159951349424, 47.122472491549694 ], [ 28.709153362474215, 47.122472589889618 ], [ 28.70914677359897, 47.12247268822918 ], [ 28.709140040649235, 47.122468289287617 ], [ 28.709133451774481, 47.122468387626405 ], [ 28.709126862899687, 47.122468485964809 ], [ 28.709120129952108, 47.122464087022045 ], [ 28.709113541077802, 47.122464185359682 ], [ 28.709106952203459, 47.122464283696935 ], [ 28.70910021925803, 47.122459884752963 ], [ 28.709093630384171, 47.122459983089442 ], [ 28.709087041510283, 47.122460081425551 ], [ 28.709080308567, 47.122455682480386 ], [ 28.709073719693592, 47.122455780815713 ], [ 28.709067130820152, 47.122455879150657 ], [ 28.709060397879018, 47.122451480204283 ], [ 28.709053809006065, 47.122451578538467 ], [ 28.709047220133073, 47.122451676872267 ], [ 28.709040487194088, 47.122447277924685 ], [ 28.709033898321586, 47.122447376257711 ], [ 28.709027309449041, 47.122447474590366 ], [ 28.709020720576468, 47.122447572922638 ], [ 28.709013987640159, 47.122443173973465 ], [ 28.709007398768069, 47.122443272304949 ], [ 28.709000809895947, 47.12244337063607 ], [ 28.708994076961776, 47.122438971685696 ], [ 28.708987488090138, 47.122439070016043 ], [ 28.708980899218471, 47.122439168346006 ], [ 28.708974166286449, 47.122434769394438 ], [ 28.708967577415265, 47.122434867723634 ], [ 28.708960988544039, 47.122434966052452 ], [ 28.708954255614177, 47.122430567099663 ], [ 28.708947666743434, 47.122430665427707 ], [ 28.708941077872662, 47.122430763755375 ], [ 28.708934344944943, 47.122426364801385 ], [ 28.708927756074662, 47.122426463128278 ], [ 28.708921167204341, 47.122426561454787 ], [ 28.708914578333982, 47.122426659780913 ], [ 28.708907845408934, 47.122422260825353 ], [ 28.708901256539065, 47.122422359150697 ], [ 28.708894667669156, 47.122422457475686 ], [ 28.708887934746258, 47.122418058518903 ], [ 28.708881345876833, 47.122418156843111 ], [ 28.708874757007379, 47.122418255166941 ], [ 28.70886802408663, 47.122413856208951 ], [ 28.708861435217656, 47.122413954532007 ], [ 28.708854846348654, 47.122414052854687 ], [ 28.708848113430058, 47.122409653895502 ], [ 28.708841524561535, 47.122409752217401 ], [ 28.708834935692984, 47.122409850538929 ], [ 28.70882820277653, 47.122405451578544 ], [ 28.708821613908459, 47.122405549899291 ], [ 28.708815025040352, 47.122405648219669 ], [ 28.708808292126054, 47.122401249258097 ], [ 28.708801703258437, 47.122401347577693 ], [ 28.708795114390782, 47.122401445896905 ], [ 28.708788525523094, 47.122401544215755 ], [ 28.708781792611461, 47.122397145252563 ], [ 28.708775203744256, 47.122397243570624 ], [ 28.708768614877016, 47.122397341888323 ], [ 28.70876188196754, 47.122392942923931 ], [ 28.708755293100783, 47.122393041240855 ], [ 28.708748704233997, 47.122393139557389 ], [ 28.708741971326667, 47.122388740591809 ], [ 28.708735382460365, 47.122388838907575 ], [ 28.708728793594027, 47.122388937222958 ], [ 28.708722060688842, 47.122384538256171 ], [ 28.708715471822988, 47.122384636570779 ], [ 28.708708882957101, 47.122384734885024 ], [ 28.708702150054069, 47.122380335917029 ], [ 28.708695561188666, 47.122380434230486 ], [ 28.70868897232323, 47.122380532543559 ], [ 28.708682239422348, 47.122376133574377 ], [ 28.708675650557396, 47.122376231886676 ], [ 28.708669061692412, 47.122376330198612 ], [ 28.708662472827388, 47.122376428510158 ], [ 28.708655739929171, 47.12237202953937 ], [ 28.708649151064641, 47.122372127850156 ], [ 28.708642562200069, 47.12237222616055 ], [ 28.708635829304004, 47.122367827188569 ], [ 28.708629240439915, 47.122367925498196 ], [ 28.708622651575798, 47.122368023807446 ], [ 28.708615918681879, 47.12236362483425 ], [ 28.708609329818245, 47.122363723142726 ], [ 28.708602740954579, 47.122363821450818 ], [ 28.708596008062813, 47.122359422476428 ], [ 28.708589419199626, 47.122359520783746 ], [ 28.708582830336404, 47.122359619090687 ], [ 28.708576097446791, 47.122355220115111 ], [ 28.708569508584056, 47.122355318421263 ], [ 28.708562919721285, 47.122355416727054 ], [ 28.708556186833821, 47.122351017750262 ], [ 28.70854959797154, 47.122351116055285 ], [ 28.708543009109221, 47.122351214359917 ], [ 28.708536420246862, 47.122351312664179 ], [ 28.70852968736207, 47.122346913685782 ], [ 28.708523098500201, 47.12234701198927 ], [ 28.708516509638297, 47.122347110292381 ], [ 28.708509776755651, 47.12234271131279 ], [ 28.70850318789423, 47.122342809615134 ], [ 28.708496599032777, 47.122342907917073 ], [ 28.708489866152284, 47.122338508936288 ], [ 28.708483277291311, 47.122338607237474 ], [ 28.708476688430309, 47.122338705538283 ], [ 28.708469955551966, 47.122334306556269 ], [ 28.708463366691447, 47.122334404856304 ], [ 28.708456777830897, 47.122334503155962 ], [ 28.708450044954695, 47.122330104172761 ], [ 28.708443456094628, 47.122330202471652 ], [ 28.708436867234532, 47.122330300770138 ], [ 28.708430278374394, 47.122330399068275 ], [ 28.708423545500864, 47.122326000083476 ], [ 28.708416956641212, 47.122326098380825 ], [ 28.708410367781525, 47.122326196677797 ], [ 28.708403634910148, 47.122321797691797 ], [ 28.708397046050944, 47.122321895987987 ], [ 28.708390457191712, 47.122321994283816 ], [ 28.708383724322484, 47.122317595296607 ], [ 28.708377135463731, 47.122317693591647 ], [ 28.70837054660495, 47.122317791886324 ], [ 28.708363813737865, 47.122313392897929 ], [ 28.708357224879567, 47.122313491191818 ], [ 28.708350636021237, 47.122313589485323 ], [ 28.708343903156301, 47.122309190495727 ], [ 28.708337314298454, 47.122309288788472 ], [ 28.708330725440568, 47.122309387080833 ], [ 28.708323992577789, 47.122304988090029 ], [ 28.70831740372039, 47.122305086381623 ], [ 28.708310814862955, 47.122305184672825 ], [ 28.708304226005488, 47.122305282963666 ], [ 28.708297493145377, 47.122300883971249 ], [ 28.708290904288393, 47.122300982261322 ], [ 28.708284315431374, 47.122301080550997 ], [ 28.708277582573412, 47.122296681557387 ], [ 28.70827099371688, 47.122296779846302 ], [ 28.708264404860312, 47.122296878134833 ], [ 28.7082576720045, 47.122292479140022 ], [ 28.708251083148415, 47.122292577427785 ], [ 28.708244494292298, 47.122292675715158 ], [ 28.708237761438635, 47.122288276719161 ], [ 28.708231172583009, 47.122288375005759 ], [ 28.708224583727336, 47.122288473291981 ], [ 28.708217850875823, 47.122284074294768 ], [ 28.70821126202064, 47.122284172580223 ], [ 28.708204673165429, 47.122284270865293 ], [ 28.708197940316065, 47.122279871866887 ], [ 28.708191351461334, 47.12227997015119 ], [ 28.708184762606567, 47.12228006843511 ], [ 28.708178173751765, 47.122280166718646 ], [ 28.708171440905069, 47.122275767718641 ], [ 28.708164852050761, 47.122275866001409 ], [ 28.708158263196403, 47.122275964283794 ], [ 28.708151530351863, 47.122271565282595 ], [ 28.708144941497999, 47.122271663564213 ], [ 28.708138352644095, 47.122271761845454 ], [ 28.708131619801705, 47.12226736284304 ], [ 28.708125030948285, 47.122267461123499 ], [ 28.70811844209484, 47.122267559403589 ], [ 28.708111709254592, 47.122263160399974 ], [ 28.70810512040163, 47.122263258679297 ], [ 28.708098531548629, 47.122263356958229 ], [ 28.708091942695599, 47.122263455236777 ], [ 28.708085497827071, 47.12226805079834 ], [ 28.708079052957437, 47.122272646359548 ], [ 28.708079196941497, 47.122277143642926 ], [ 28.708072752070237, 47.122281739203792 ], [ 28.708072896053807, 47.122286236487177 ], [ 28.708073040037416, 47.122290733770576 ], [ 28.708066595164006, 47.122295329331109 ], [ 28.70806015028948, 47.122299924891287 ], [ 28.708060294272084, 47.122304422174707 ], [ 28.708053849395931, 47.122309017734544 ], [ 28.70804740451867, 47.122313613294033 ], [ 28.708040959640297, 47.122318208853173 ], [ 28.708041103621376, 47.122322706136607 ], [ 28.708034658741379, 47.122327301695414 ], [ 28.70802821386027, 47.122331897253851 ], [ 28.70802176897805, 47.122336492811954 ], [ 28.708021912957598, 47.122340990095417 ], [ 28.708015468073757, 47.122345585653171 ], [ 28.708009023188794, 47.122350181210578 ], [ 28.708009167167344, 47.122354678494055 ], [ 28.708002722280753, 47.122359274051121 ], [ 28.707996277393054, 47.122363869607831 ], [ 28.707989832504246, 47.122368465164186 ], [ 28.707989976481272, 47.122372962447699 ], [ 28.707983531590834, 47.122377558003727 ], [ 28.707977086699291, 47.122382153559393 ], [ 28.707970641806632, 47.122386749114703 ], [ 28.70797078578213, 47.122391246398251 ], [ 28.707964340887848, 47.122395841953221 ], [ 28.707957895992454, 47.122400437507849 ], [ 28.707951451095951, 47.122405033062122 ], [ 28.707945006198333, 47.122409628616019 ], [ 28.707945150171785, 47.122414125899617 ], [ 28.707938705272539, 47.122418721453194 ], [ 28.707932260372189, 47.122423317006415 ], [ 28.707925815470727, 47.122427912559282 ], [ 28.707925959442655, 47.122432409842915 ], [ 28.707919514539562, 47.122437005395433 ], [ 28.707913069635364, 47.122441600947617 ], [ 28.70790662473005, 47.122446196499446 ], [ 28.707900179823632, 47.12245079205092 ], [ 28.707893734916098, 47.122455387602052 ], [ 28.707887146038654, 47.122455485869125 ], [ 28.707880557161175, 47.122455584135821 ], [ 28.707873968283661, 47.122455682402141 ], [ 28.707867523373253, 47.122460277951816 ] ] } },
{ "type": "Feature", "properties": { "element": "node", "id": "I0106", "kind": "inspection", "length_m": null, "frm": null, "to": null }, "geometry": { "type": "Point", "coordinates": [ 28.707867026195924, 47.122460333965854 ] } },
{ "type": "Feature", "properties": { "element": "edge", "id": "I0106->I0107", "kind": "leg", "length_m": 46.1, "frm": "I0106", "to": "I0107" }, "geometry": { "type": "LineString", "coordinates": [ [ 28.707867523373253, 47.122460277951816 ], [ 28.707861078461736, 47.122464873501151 ], [ 28.707861222428395, 47.122469370784899 ], [ 28.707861366395083, 47.122473868068639 ], [ 28.707861510361809, 47.122478365352372 ], [ 28.707861654328571, 47.122482862636119 ], [ 28.707861798295369, 47.122487359919838 ], [ 28.707861942262198, 47.122491857203563 ], [ 28.707855497346451, 47.122496452752614 ], [ 28.707849052429594, 47.122501048301309 ], [ 28.70784260751163, 47.122505643849649 ], [ 28.707842751476932, 47.122510141133411 ], [ 28.707836306557336, 47.122514736681396 ], [ 28.707829861636633, 47.122519332229054 ], [ 28.707823416714817, 47.122523927776349 ], [ 28.707823560678598, 47.122528425060132 ], [ 28.707817115755159, 47.122533020607094 ], [ 28.707810670830604, 47.122537616153693 ], [ 28.70780422590494, 47.122542211699951 ], [ 28.707804369867194, 47.122546708983769 ], [ 28.7077979249399, 47.122551304529686 ], [ 28.707791480011501, 47.122555900075241 ], [ 28.707785035081987, 47.122560495620455 ], [ 28.70778517904272, 47.122564992904294 ], [ 28.707778734111574, 47.122569588449174 ], [ 28.707772289179324, 47.122574183993684 ], [ 28.707765844245962, 47.122578779537847 ], [ 28.707765988205171, 47.122583276821722 ], [ 28.707759543270178, 47.122587872365543 ], [ 28.707753098334077, 47.122592467909016 ], [ 28.707753242292281, 47.122596965192919 ], [ 28.707746797354552, 47.122601560736044 ], [ 28.707740352415708, 47.122606156278813 ], [ 28.707733907475767, 47.122610751821249 ], [ 28.707734051432436, 47.122615249105181 ], [ 28.70772760649086, 47.122619844647261 ], [ 28.707721161548175, 47.122624440189 ], [ 28.707714716604379, 47.122629035730377 ], [ 28.707714860559527, 47.122633533014337 ], [ 28.7077084156141, 47.12263812855538 ], [ 28.707701970667564, 47.122642724096075 ], [ 28.707695525719917, 47.122647319636414 ], [ 28.707689080771164, 47.122651915176384 ], [ 28.7076826358213, 47.122656510716027 ], [ 28.707676190870327, 47.122661106255308 ], [ 28.707669745918245, 47.122665701794233 ], [ 28.707663300965056, 47.122670297332817 ], [ 28.707656856010747, 47.122674892871039 ], [ 28.707650411055337, 47.122679488408913 ], [ 28.707643966098818, 47.122684083946432 ], [ 28.707644110048278, 47.12268858123052 ], [ 28.707644253997778, 47.122693078514587 ], [ 28.707644397947313, 47.122697575798675 ], [ 28.707637952988119, 47.122702171335874 ], [ 28.707631508027816, 47.122706766872717 ], [ 28.707631651976342, 47.122711264156813 ], [ 28.707625207014416, 47.122715859693329 ], [ 28.707618762051379, 47.122720455229484 ], [ 28.707612317087225, 47.122725050765283 ], [ 28.70761246103423, 47.122729548049428 ], [ 28.70760601606845, 47.122734143584886 ], [ 28.707599571101561, 47.122738739120003 ], [ 28.70759312613356, 47.12274333465475 ], [ 28.707586681164457, 47.122747930189178 ], [ 28.707580236194236, 47.122752525723236 ], [ 28.707573791222917, 47.122757121256939 ], [ 28.707567346250475, 47.122761716790279 ], [ 28.707560901276931, 47.1227663123233 ], [ 28.707554312359953, 47.122766410571721 ], [ 28.707547867384712, 47.122771006104003 ], [ 28.707541422408358, 47.122775601635936 ], [ 28.707534977430893, 47.122780197167501 ] ] } },
{ "type": "Feature", "properties": { "element": "node", "id": "I0107", "kind": "inspection", "length_m": null, "frm": null, "to": null }, "geometry": { "type": "Point", "coordinates": [ 28.707531054301334, 47.122776355994432 ] } },
{ "type": "Feature", "properties": { "element": "edge", "id": "I0107->I0147", "kind": "leg", "length_m": 670.7, "frm": "I0107", "to": "I0147" }, "geometry": { "type": "LineString", "coordinates": [ [ 28.707534977430893, 47.122780197167501 ], [ 28.707535121371652, 47.122784694451774 ], [ 28.707535265312451, 47.12278919173604 ], [ 28.707535409253282, 47.122793689020291 ], [ 28.707528964273148, 47.122798284551543 ], [ 28.707522519291903, 47.122802880082467 ], [ 28.707516074309552, 47.122807475613037 ], [ 28.707516218248863, 47.122811972897317 ], [ 28.707516362188205, 47.122816470181597 ], [ 28.707516506127579, 47.12282096746587 ], [ 28.707510061142553, 47.122825562996127 ], [ 28.707503616156423, 47.122830158526007 ], [ 28.70749717116918, 47.122834754055553 ], [ 28.707497315107034, 47.122839251339869 ], [ 28.707490870118161, 47.12284384686906 ], [ 28.707491014055524, 47.122848344153375 ], [ 28.707491157992926, 47.122852841437691 ], [ 28.707491301930361, 47.122857338721992 ], [ 28.707491445867831, 47.122861836006294 ], [ 28.707491589805333, 47.122866333290588 ], [ 28.70749173374287, 47.122870830574897 ], [ 28.707485288749773, 47.122875426103803 ], [ 28.707478843755563, 47.122880021632369 ], [ 28.707472398760242, 47.122884617160587 ], [ 28.707465953763812, 47.122889212688442 ], [ 28.707459508766277, 47.122893808215949 ], [ 28.707453063767627, 47.1228984037431 ], [ 28.707446618767872, 47.122902999269911 ], [ 28.707440173767004, 47.122907594796366 ], [ 28.707433728765029, 47.122912190322459 ], [ 28.707427283761938, 47.122916785848204 ], [ 28.707420838757741, 47.122921381373615 ], [ 28.70741439375244, 47.122925976898649 ], [ 28.707407948746024, 47.122930572423343 ], [ 28.707401503738502, 47.122935167947681 ], [ 28.707395058729865, 47.122939763471678 ], [ 28.707388613720124, 47.122944358995312 ], [ 28.707382168709273, 47.122948954518591 ], [ 28.707375435840984, 47.122944555472522 ], [ 28.707375291912879, 47.122940058188007 ], [ 28.707375147984809, 47.122935560903485 ], [ 28.707375004056765, 47.122931063618971 ], [ 28.707374860128763, 47.122926566334456 ], [ 28.707374716200789, 47.12292206904992 ], [ 28.707374572272858, 47.122917571765392 ], [ 28.707374428344956, 47.12291307448087 ], [ 28.707374284417096, 47.122908577196341 ], [ 28.707374140489261, 47.122904079911791 ], [ 28.707373996561465, 47.122899582627241 ], [ 28.707373852633705, 47.122895085342698 ], [ 28.70737370870598, 47.122890588058141 ], [ 28.707373564778283, 47.122886090773584 ], [ 28.707373420850629, 47.122881593489026 ], [ 28.707373276923011, 47.122877096204462 ], [ 28.707373132995418, 47.122872598919891 ], [ 28.707372989067871, 47.122868101635319 ], [ 28.707372845140352, 47.122863604350741 ], [ 28.707372701212869, 47.122859107066155 ], [ 28.707372557285417, 47.122854609781584 ], [ 28.707372413358009, 47.122850112496998 ], [ 28.707372269430625, 47.122845615212398 ], [ 28.70737212550328, 47.122841117927805 ], [ 28.707371981575974, 47.122836620643184 ], [ 28.707371837648697, 47.122832123358592 ], [ 28.707371693721456, 47.122827626073992 ], [ 28.707371549794253, 47.122823128789378 ], [ 28.707371405867086, 47.122818631504764 ], [ 28.707371261939944, 47.122814134220143 ], [ 28.707371118012848, 47.122809636935521 ], [ 28.707370974085784, 47.122805139650893 ], [ 28.707370830158748, 47.122800642366265 ], [ 28.707370686231755, 47.12279614508163 ], [ 28.70737054230479, 47.122791647796994 ], [ 28.707370398377861, 47.122787150512352 ], [ 28.707370254450968, 47.122782653227702 ], [ 28.707370110524113, 47.122778155943053 ], [ 28.707369966597291, 47.122773658658403 ], [ 28.707369822670504, 47.122769161373746 ], [ 28.707369678743753, 47.122764664089082 ], [ 28.70736953481703, 47.122760166804419 ], [ 28.707369390890346, 47.122755669519748 ], [ 28.707369246963697, 47.122751172235077 ], [ 28.707369103037085, 47.122746674950392 ], [ 28.7073689591105, 47.122742177665721 ], [ 28.707368815183958, 47.122737680381036 ], [ 28.707368671257449, 47.122733183096344 ], [ 28.707368527330974, 47.122728685811644 ], [ 28.707368383404532, 47.122724188526952 ], [ 28.707368239478129, 47.122719691242253 ], [ 28.707368095551757, 47.122715193957561 ], [ 28.707367951625418, 47.12271069667284 ], [ 28.707367807699118, 47.122706199388126 ], [ 28.707367663772846, 47.122701702103413 ], [ 28.707367519846617, 47.122697204818692 ], [ 28.707367375920423, 47.122692707533972 ], [ 28.707367231994262, 47.122688210249244 ], [ 28.707367088068132, 47.122683712964509 ], [ 28.707366944142034, 47.122679215679774 ], [ 28.707366800215979, 47.122674718395039 ], [ 28.707366656289953, 47.12267022111029 ], [ 28.707366512363969, 47.122665723825548 ], [ 28.707366368438013, 47.122661226540799 ], [ 28.707366224512093, 47.122656729256043 ], [ 28.707366080586208, 47.122652231971287 ], [ 28.707365936660359, 47.122647734686517 ], [ 28.707365792734542, 47.122643237401753 ], [ 28.707365648808764, 47.122638740116983 ], [ 28.707365504883015, 47.12263424283222 ], [ 28.707365360957304, 47.122629745547442 ], [ 28.707365217031633, 47.122625248262651 ], [ 28.707365073105986, 47.122620750977873 ], [ 28.707364929180379, 47.122616253693074 ], [ 28.707364785254811, 47.122611756408283 ], [ 28.707364641329271, 47.122607259123491 ], [ 28.70736449740377, 47.122602761838671 ], [ 28.707364353478301, 47.122598264553879 ], [ 28.707364209552868, 47.122593767269066 ], [ 28.707370654523228, 47.122589171747052 ], [ 28.707370510597315, 47.12258467446226 ], [ 28.707370366671427, 47.122580177177447 ], [ 28.707370222745578, 47.122575679892634 ], [ 28.707370078819764, 47.122571182607828 ], [ 28.707369934893986, 47.122566685323008 ], [ 28.707369790968244, 47.122562188038188 ], [ 28.707369647042533, 47.122557690753361 ], [ 28.707369503116855, 47.122553193468534 ], [ 28.707369359191215, 47.122548696183692 ], [ 28.707369215265615, 47.122544198898858 ], [ 28.707369071340043, 47.122539701614023 ], [ 28.707368927414507, 47.122535204329168 ], [ 28.707368783489006, 47.122530707044326 ], [ 28.707368639563537, 47.122526209759485 ], [ 28.707368495638107, 47.122521712474615 ], [ 28.707368351712709, 47.122517215189767 ], [ 28.707368207787344, 47.122512717904897 ], [ 28.70736806386202, 47.122508220620027 ], [ 28.707367919936726, 47.12250372333515 ], [ 28.707367776011466, 47.122499226050273 ], [ 28.707367632086246, 47.12249472876541 ], [ 28.707367488161058, 47.122490231480512 ], [ 28.707367344235902, 47.122485734195628 ], [ 28.707367200310784, 47.122481236910744 ], [ 28.707367056385699, 47.122476739625853 ], [ 28.70736691246065, 47.12247224234094 ], [ 28.707366768535632, 47.122467745056049 ], [ 28.707366624610653, 47.122463247771137 ], [ 28.707366480685707, 47.122458750486231 ], [ 28.707366336760799, 47.122454253201312 ], [ 28.707366192835924, 47.122449755916399 ], [ 28.707366048911084, 47.122445258631473 ], [ 28.707365904986279, 47.122440761346546 ], [ 28.707365761061503, 47.122436264061626 ], [ 28.707365617136766, 47.122431766776678 ], [ 28.707365473212061, 47.122427269491759 ], [ 28.707365329287395, 47.122422772206804 ], [ 28.707365185362768, 47.122418274921863 ], [ 28.707365041438166, 47.122413777636908 ], [ 28.707364897513607, 47.12240928035196 ], [ 28.707364753589079, 47.122404783067012 ], [ 28.707364609664584, 47.122400285782049 ], [ 28.70736446574012, 47.12239578849708 ], [ 28.707364321815696, 47.122391291212104 ], [ 28.707364177891311, 47.122386793927134 ], [ 28.707364033966954, 47.122382296642158 ], [ 28.707370478912285, 47.122377701120321 ], [ 28.707370334987445, 47.122373203835352 ], [ 28.70737019106264, 47.12236870655039 ], [ 28.707370047137871, 47.122364209265406 ], [ 28.707369903213134, 47.12235971198043 ], [ 28.707369759288436, 47.122355214695446 ], [ 28.707369615363771, 47.122350717410448 ], [ 28.707369471439137, 47.122346220125458 ], [ 28.707369327514538, 47.122341722840467 ], [ 28.707369183589979, 47.122337225555469 ], [ 28.707369039665455, 47.122332728270464 ], [ 28.707368895740959, 47.12232823098546 ], [ 28.707375340679459, 47.122323635463395 ], [ 28.70737519675448, 47.122319138178398 ], [ 28.707375052829537, 47.122314640893386 ], [ 28.70737490890463, 47.122310143608381 ], [ 28.707374764979761, 47.122305646323369 ], [ 28.707374621054914, 47.12230114903835 ], [ 28.707374477130116, 47.122296651753324 ], [ 28.707374333205347, 47.122292154468312 ], [ 28.70737418928061, 47.122287657183293 ], [ 28.707374045355913, 47.122283159898252 ], [ 28.707373901431247, 47.122278662613219 ], [ 28.707373757506616, 47.122274165328179 ], [ 28.707380202438291, 47.122269569805894 ], [ 28.70738005851317, 47.122265072520854 ], [ 28.707379914588092, 47.122260575235821 ], [ 28.707379770663042, 47.12225607795078 ], [ 28.707379626738032, 47.122251580665733 ], [ 28.707379482813053, 47.122247083380685 ], [ 28.707379338888114, 47.122242586095638 ], [ 28.707379194963206, 47.122238088810576 ], [ 28.707379051038338, 47.122233591525521 ], [ 28.707378907113497, 47.12222909424046 ], [ 28.707378763188697, 47.122224596955398 ], [ 28.707378619263928, 47.122220099670329 ], [ 28.70738506418877, 47.122215504147817 ], [ 28.707384920263518, 47.122211006862749 ], [ 28.707384776338298, 47.122206509577687 ], [ 28.707384632413117, 47.122202012292618 ], [ 28.707384488487968, 47.122197515007535 ], [ 28.707384344562847, 47.122193017722459 ], [ 28.707384200637776, 47.12218852043739 ], [ 28.707384056712726, 47.1221840231523 ], [ 28.707383912787716, 47.12217952586721 ], [ 28.707383768862744, 47.122175028582106 ], [ 28.707383624937805, 47.122170531297016 ], [ 28.707383481012897, 47.122166034011912 ], [ 28.707389925930904, 47.122161438489179 ], [ 28.707389782005514, 47.122156941204082 ], [ 28.707389638080159, 47.122152443918978 ], [ 28.707396082996024, 47.122147848395905 ], [ 28.707402527910777, 47.12214325287249 ], [ 28.707408972824418, 47.122138657348714 ], [ 28.707415417736957, 47.122134061824596 ], [ 28.707421862648374, 47.122129466300116 ], [ 28.707428307558693, 47.122124870775274 ], [ 28.707434752467901, 47.122120275250097 ], [ 28.707434608538939, 47.122115777965071 ], [ 28.707441053446509, 47.122111182439561 ], [ 28.70744749835298, 47.122106586913688 ], [ 28.707453943258336, 47.12210199138746 ], [ 28.707460388162581, 47.12209739586087 ], [ 28.707466833065723, 47.122092800333952 ], [ 28.707473277967747, 47.122088204806658 ], [ 28.707479722868669, 47.122083609279024 ], [ 28.707486167768479, 47.122079013751041 ], [ 28.707486023835393, 47.122074516466121 ], [ 28.707492468733573, 47.122069920937783 ], [ 28.707498913630641, 47.122065325409103 ], [ 28.707505358526603, 47.122060729880083 ], [ 28.707511803421454, 47.1220561343507 ], [ 28.707518248315193, 47.122051538820962 ], [ 28.70752469320783, 47.122046943290876 ], [ 28.707531138099352, 47.122042347760441 ], [ 28.707537582989765, 47.122037752229645 ], [ 28.707537439052555, 47.122033254944796 ], [ 28.707543883941334, 47.122028659413665 ], [ 28.707550328829015, 47.122024063882179 ], [ 28.707556773715574, 47.122019468350345 ], [ 28.707563218601035, 47.122014872818156 ], [ 28.70756966348538, 47.122010277285618 ], [ 28.707576108368613, 47.122005681752725 ], [ 28.707582553250738, 47.122001086219491 ], [ 28.707588998131758, 47.121996490685895 ], [ 28.707595443011666, 47.121991895151943 ], [ 28.707595299069812, 47.121987397867201 ], [ 28.707601743948089, 47.121982802332901 ], [ 28.707608188825258, 47.121978206798268 ], [ 28.707614633701318, 47.121973611263272 ], [ 28.707621078576267, 47.121969015727935 ], [ 28.707627523450107, 47.121964420192221 ], [ 28.707633968322838, 47.12195982465618 ], [ 28.707640413194461, 47.121955229119784 ], [ 28.707646858064972, 47.121950633583033 ], [ 28.70764671411899, 47.121946136298369 ], [ 28.707653158987871, 47.121941540761284 ], [ 28.707659603855646, 47.121936945223837 ], [ 28.707659459908658, 47.121932447939209 ], [ 28.7076659047748, 47.121927852401406 ], [ 28.707665760827329, 47.121923355116785 ], [ 28.707672205691843, 47.121918759578662 ], [ 28.707678650555248, 47.12191416404017 ], [ 28.707678506606772, 47.12190966675557 ], [ 28.70768495146854, 47.121905071216752 ], [ 28.70769139632921, 47.121900475677577 ], [ 28.707691252379725, 47.121895978392985 ], [ 28.707697697238761, 47.12189138285347 ], [ 28.707704142096688, 47.12188678731362 ], [ 28.707703998146201, 47.121882290029042 ], [ 28.707710443002494, 47.121877694488838 ], [ 28.707710299051527, 47.121873197204273 ], [ 28.70771674390619, 47.121868601663728 ], [ 28.707723188759751, 47.121864006122834 ], [ 28.707723044807768, 47.121859508838284 ], [ 28.707729489659698, 47.121854913297049 ], [ 28.707735934510517, 47.121850317755467 ], [ 28.707735790557535, 47.121845820470938 ], [ 28.707742235406723, 47.121841224929007 ], [ 28.707742091453255, 47.121836727644485 ], [ 28.707748536300812, 47.121832132102213 ], [ 28.707754981147268, 47.1218275365596 ], [ 28.707754837192791, 47.1218230392751 ], [ 28.707761282037612, 47.121818443732138 ], [ 28.707767726881322, 47.121813848188822 ], [ 28.707767582925843, 47.121809350904336 ], [ 28.707774027767925, 47.121804755360685 ], [ 28.707773883811964, 47.121800258076213 ], [ 28.707780328652412, 47.121795662532215 ], [ 28.707786773491758, 47.121791066987868 ], [ 28.707786629534784, 47.12178656970341 ], [ 28.707793074372503, 47.121781974158729 ], [ 28.707799519209104, 47.121777378613693 ], [ 28.707799375251131, 47.121772881329242 ], [ 28.707805820086108, 47.121768285783872 ], [ 28.707805676127645, 47.12176378849945 ], [ 28.707812120960988, 47.121759192953732 ], [ 28.707818565793222, 47.121754597407651 ], [ 28.70781842183376, 47.121750100123236 ], [ 28.707824866664364, 47.121745504576829 ], [ 28.707831311493862, 47.121740909030073 ], [ 28.707831167533389, 47.121736411745673 ], [ 28.707837612361256, 47.121731816198569 ], [ 28.707837468400307, 47.121727318914189 ], [ 28.707837324439382, 47.121722821629795 ], [ 28.707843769265097, 47.121718226082365 ], [ 28.707843625303695, 47.121713728797985 ], [ 28.707850070127783, 47.121709133250214 ], [ 28.707849926165892, 47.121704635965834 ], [ 28.707849782204029, 47.121700138681462 ], [ 28.707856227025967, 47.121695543133363 ], [ 28.707856083063625, 47.121691045848983 ], [ 28.70786252788394, 47.121686450300551 ], [ 28.707862383921107, 47.121681953016186 ], [ 28.707862239958317, 47.12167745573182 ], [ 28.707868684776475, 47.121672860183047 ], [ 28.707868540813198, 47.121668362898689 ], [ 28.707874985629729, 47.121663767349567 ], [ 28.707874841665966, 47.121659270065223 ], [ 28.707874697702238, 47.121654772780872 ], [ 28.707881142516616, 47.12165017723143 ], [ 28.707880998552405, 47.121645679947079 ], [ 28.707887443365156, 47.121641084397297 ], [ 28.707887299400458, 47.121636587112967 ], [ 28.707887155435792, 47.121632089828623 ], [ 28.707893600246393, 47.121627494278506 ], [ 28.707893456281244, 47.121622996994169 ], [ 28.707899901090219, 47.121618401443719 ], [ 28.707899757124579, 47.121613904159396 ], [ 28.707899613158979, 47.121609406875059 ], [ 28.707906057965804, 47.121604811324289 ], [ 28.707905913999721, 47.121600314039966 ], [ 28.707912358804915, 47.121595718488834 ], [ 28.707912214838341, 47.121591221204525 ], [ 28.707918659641908, 47.121586625653066 ], [ 28.707918515674852, 47.121582128368757 ], [ 28.707918371707834, 47.121577631084435 ], [ 28.707924816509248, 47.121573035532649 ], [ 28.70792467254174, 47.121568538248354 ], [ 28.707931117341527, 47.121563942696213 ], [ 28.707930973373536, 47.121559445411911 ], [ 28.707930829405576, 47.121554948127617 ], [ 28.707937274203214, 47.121550352575149 ], [ 28.70794371899974, 47.121545757022339 ], [ 28.707950163795157, 47.121541161469182 ], [ 28.707950019825677, 47.121536664184909 ], [ 28.707956464619464, 47.121532068631403 ], [ 28.707962909412142, 47.121527473077542 ], [ 28.707969354203712, 47.12152287752334 ], [ 28.707969210232704, 47.121518380239102 ], [ 28.707975655022643, 47.121513784684552 ], [ 28.707982099811478, 47.121509189129647 ], [ 28.7079885445992, 47.121504593574393 ], [ 28.70799498938581, 47.121499998018784 ], [ 28.70799484541276, 47.121495500734589 ], [ 28.708001290197739, 47.121490905178639 ], [ 28.70800773498161, 47.121486309622341 ], [ 28.708014179764376, 47.121481714065695 ], [ 28.708014035789795, 47.121477216781543 ], [ 28.70802048057093, 47.121472621224541 ], [ 28.708026925350957, 47.121468025667198 ], [ 28.708033370129868, 47.121463430109507 ], [ 28.708033226153763, 47.121458932825369 ], [ 28.708039670931054, 47.121454337267323 ], [ 28.70804611570723, 47.121449741708943 ], [ 28.70805256048229, 47.121445146150208 ], [ 28.708059005256253, 47.121440550591103 ], [ 28.708058861278101, 47.121436053307015 ], [ 28.708065306050429, 47.12143145774759 ], [ 28.708071750821649, 47.121426862187803 ], [ 28.708078195591757, 47.121422266627668 ], [ 28.708078051612087, 47.121417769343608 ], [ 28.708084496380565, 47.121413173783125 ], [ 28.70809094114793, 47.121408578222301 ], [ 28.708097385914193, 47.121403982661114 ], [ 28.708097241932997, 47.121399485377083 ], [ 28.708103686697626, 47.121394889815562 ], [ 28.708110131461144, 47.121390294253686 ], [ 28.70811657622356, 47.121385698691462 ], [ 28.708116432240836, 47.121381201407459 ], [ 28.708122877001617, 47.121376605844901 ], [ 28.708129321761295, 47.121372010281981 ], [ 28.708135766519856, 47.121367414718705 ], [ 28.708142211277309, 47.121362819155088 ], [ 28.708142067292538, 47.121358321871128 ], [ 28.708148512048364, 47.121353726307184 ], [ 28.708154956803082, 47.12134913074285 ], [ 28.708161401556684, 47.121344535178196 ], [ 28.708161257570389, 47.121340037894264 ], [ 28.708167702322367, 47.121335442329254 ], [ 28.70817414707324, 47.121330846763897 ], [ 28.708180591822991, 47.121326251198184 ], [ 28.708180447835176, 47.121321753914287 ], [ 28.708186892583299, 47.121317158348234 ], [ 28.708193337330322, 47.121312562781831 ], [ 28.708199782076232, 47.121307967215088 ], [ 28.70820622682103, 47.121303371647976 ], [ 28.708206082831168, 47.121298874364115 ], [ 28.708212527574336, 47.121294278796668 ], [ 28.708218972316395, 47.121289683228873 ], [ 28.708225417057349, 47.121285087660723 ], [ 28.708225273065963, 47.121280590376891 ], [ 28.70823171780528, 47.121275994808407 ], [ 28.708238162543495, 47.121271399239561 ], [ 28.708244607280598, 47.121266803670366 ], [ 28.708244463287684, 47.121262306386562 ], [ 28.708250908023157, 47.121257710817034 ], [ 28.708257352757521, 47.12125311524715 ], [ 28.708263797490776, 47.121248519676918 ], [ 28.70827024222292, 47.121243924106317 ], [ 28.708270098227963, 47.121239426822562 ], [ 28.70827654295848, 47.121234831251641 ], [ 28.70828298768788, 47.121230235680351 ], [ 28.708289432416183, 47.121225640108712 ], [ 28.708289288419692, 47.121221142824986 ], [ 28.708295733146361, 47.121216547253013 ], [ 28.708302177871921, 47.121211951680678 ], [ 28.70830862259637, 47.121207356108002 ], [ 28.708308478598365, 47.121202858824311 ], [ 28.708314923321183, 47.121198263251301 ], [ 28.708321368042888, 47.121193667677915 ], [ 28.708327812763493, 47.121189072104194 ], [ 28.708327668763957, 47.121184574820539 ], [ 28.708334113482927, 47.121179979246463 ], [ 28.708340558200792, 47.121175383672046 ], [ 28.708347002917542, 47.121170788097281 ], [ 28.708353447633183, 47.121166192522153 ], [ 28.708353303631604, 47.121161695238548 ], [ 28.708359748345618, 47.12115709966308 ], [ 28.70836619305852, 47.121152504087263 ], [ 28.708372637770317, 47.121147908511105 ], [ 28.708372493767211, 47.121143411227514 ], [ 28.708378938477377, 47.121138815651001 ], [ 28.708385383186432, 47.121134220074154 ], [ 28.708391827894378, 47.121129624496938 ], [ 28.708391683889744, 47.121125127213382 ], [ 28.708398128596063, 47.121120531635832 ], [ 28.708404573301273, 47.121115936057919 ], [ 28.708411018005371, 47.121111340479672 ], [ 28.708417462708358, 47.121106744901049 ], [ 28.708417318701681, 47.121102247617536 ], [ 28.70842376340304, 47.121097652038593 ], [ 28.708430208103294, 47.121093056459294 ], [ 28.70843665280243, 47.121088460879655 ], [ 28.708436508794229, 47.121083963596156 ], [ 28.708442953491744, 47.121079368016176 ], [ 28.708449398188144, 47.121074772435833 ], [ 28.708455842883431, 47.121070176855135 ], [ 28.708455698873713, 47.121065679571672 ], [ 28.70846214356737, 47.121061083990639 ], [ 28.708468588259922, 47.121056488409259 ], [ 28.70847503295137, 47.121051892827509 ], [ 28.708481477641701, 47.121047297245426 ], [ 28.708481333629933, 47.121042799962012 ], [ 28.708487778318638, 47.121038204379587 ], [ 28.708494223006234, 47.121033608796786 ], [ 28.708500667692718, 47.121029013213658 ], [ 28.708500523679422, 47.121024515930273 ], [ 28.708506968364283, 47.121019920346804 ], [ 28.708513413048024, 47.121015324762965 ], [ 28.708519857730668, 47.121010729178785 ], [ 28.708519713715845, 47.121006231895436 ], [ 28.708526158396854, 47.121001636310915 ], [ 28.708532603076751, 47.120997040726039 ], [ 28.70853904775554, 47.120992445140821 ], [ 28.708538903739196, 47.120987947857493 ], [ 28.708545348416354, 47.120983352271935 ], [ 28.708551793092408, 47.120978756686014 ], [ 28.708558237767345, 47.120974161099745 ], [ 28.708564682441178, 47.120969565513128 ], [ 28.708564538422785, 47.120965068229843 ], [ 28.70857098309499, 47.120960472642878 ], [ 28.708577427766087, 47.120955877055565 ], [ 28.708583872436069, 47.12095128146791 ], [ 28.708583728416151, 47.12094678418466 ], [ 28.708590173084506, 47.120942188596651 ], [ 28.708596617751756, 47.1209375930083 ], [ 28.70860306241789, 47.120932997419587 ], [ 28.708602918396444, 47.120928500136365 ], [ 28.708609363060951, 47.120923904547311 ], [ 28.70861580772435, 47.120919308957909 ], [ 28.708622252386636, 47.120914713368172 ], [ 28.708628697047811, 47.120910117778045 ], [ 28.708628553024329, 47.120905620494874 ], [ 28.708634997683873, 47.120901024904427 ], [ 28.708641442342312, 47.120896429313625 ], [ 28.708647886999643, 47.120891833722482 ], [ 28.70864774297463, 47.120887336439331 ], [ 28.708654187630334, 47.12088274084784 ], [ 28.708660632284921, 47.120878145256007 ], [ 28.708667076938404, 47.120873549663806 ], [ 28.708666932911871, 47.120869052380684 ], [ 28.70867337756372, 47.120864456788155 ], [ 28.708679822214467, 47.120859861195264 ], [ 28.708686266864095, 47.120855265602032 ], [ 28.708686122836035, 47.120850768318945 ], [ 28.708692567484039, 47.120846172725365 ], [ 28.708699012130932, 47.120841577131429 ], [ 28.708705456776716, 47.120836981537146 ], [ 28.708705312747131, 47.120832484254088 ], [ 28.708705168717582, 47.120827986971044 ], [ 28.708711613361217, 47.120823391376419 ], [ 28.70871805800374, 47.120818795781453 ], [ 28.708724502645161, 47.120814200186139 ], [ 28.708730947285463, 47.12080960459047 ], [ 28.708737391924664, 47.120805008994445 ], [ 28.708743836562753, 47.120800413398065 ], [ 28.70875028119973, 47.120795817801344 ], [ 28.708750137166575, 47.120791320518371 ], [ 28.708756581801921, 47.120786724921302 ], [ 28.708763026436163, 47.120782129323878 ], [ 28.708769471069296, 47.12077753372612 ], [ 28.708775915701317, 47.120772938128006 ], [ 28.708775771666119, 47.120768440845062 ], [ 28.708782216296509, 47.120763845246593 ], [ 28.708788660925787, 47.120759249647783 ], [ 28.708795105553961, 47.120754654048625 ], [ 28.708794961517235, 47.120750156765709 ], [ 28.708801406143781, 47.120745561166196 ], [ 28.708807850769215, 47.120740965566348 ], [ 28.708814295393541, 47.120736369966131 ], [ 28.708814151355288, 47.120731872683258 ], [ 28.708820595977983, 47.120727277082715 ], [ 28.708827040599573, 47.120722681481816 ], [ 28.708833485220048, 47.120718085880547 ], [ 28.708839929839414, 47.120713490278945 ], [ 28.708839785799121, 47.120708992996114 ], [ 28.708846230416853, 47.120704397394178 ], [ 28.708852675033487, 47.120699801791858 ], [ 28.708859119649006, 47.120695206189218 ], [ 28.708858975607182, 47.120690708906409 ], [ 28.708865420221073, 47.120686113303428 ], [ 28.708871864833856, 47.120681517700071 ], [ 28.708878309445527, 47.120676922096386 ], [ 28.708878165402183, 47.120672424813613 ], [ 28.708884610012223, 47.120667829209573 ], [ 28.708891054621155, 47.120663233605185 ], [ 28.708897499228975, 47.12065863800045 ], [ 28.708897355184103, 47.120654140717711 ], [ 28.708903799790299, 47.120649545112634 ], [ 28.708910244395383, 47.120644949507195 ], [ 28.708916688999359, 47.120640353901415 ], [ 28.708923133602219, 47.120635758295279 ], [ 28.708922989555305, 47.120631261012569 ], [ 28.708929434156545, 47.1206266654061 ], [ 28.70893587875667, 47.120622069799268 ], [ 28.708942323355689, 47.120617474192088 ], [ 28.708942179307247, 47.120612976909413 ], [ 28.708948623904632, 47.120608381301899 ], [ 28.708955068500909, 47.120603785694023 ], [ 28.708961513096078, 47.120599190085812 ], [ 28.708961369046111, 47.120594692803159 ], [ 28.708967813639653, 47.120590097194594 ], [ 28.708974258232082, 47.120585501585687 ], [ 28.708980702823403, 47.120580905976418 ], [ 28.70898714741362, 47.120576310366786 ], [ 28.708987003361607, 47.12057181308419 ], [ 28.708993447950188, 47.120567217474225 ], [ 28.708999892537662, 47.120562621863918 ], [ 28.709006337124023, 47.120558026253256 ], [ 28.709006193070486, 47.120553528970689 ], [ 28.709012637655224, 47.120548933359686 ], [ 28.70901908223885, 47.120544337748328 ], [ 28.70902552682136, 47.120539742136614 ], [ 28.709025382766296, 47.120535244854068 ], [ 28.709031827347186, 47.120530649242021 ], [ 28.709038271926964, 47.120526053629632 ], [ 28.709044716505627, 47.120521458016867 ], [ 28.709051161083181, 47.120516862403761 ], [ 28.709051017026077, 47.120512365121272 ], [ 28.709057461602004, 47.120507769507824 ], [ 28.709063906176826, 47.120503173894022 ], [ 28.709070350750533, 47.120498578279872 ], [ 28.709070206691901, 47.12049408099741 ], [ 28.709076651263981, 47.120489485382919 ], [ 28.709083095834956, 47.120484889768079 ], [ 28.709089540404822, 47.120480294152877 ], [ 28.709089396344663, 47.120475796870444 ], [ 28.709095840912894, 47.120471201254915 ], [ 28.709102285480018, 47.120466605639024 ], [ 28.709108730046029, 47.120462010022791 ], [ 28.70910858598435, 47.120457512740387 ], [ 28.709115030548734, 47.120452917123792 ], [ 28.70912147511201, 47.120448321506871 ], [ 28.70912791967417, 47.120443725889594 ], [ 28.709134364235226, 47.120439130271961 ], [ 28.709134220171499, 47.120434632989593 ], [ 28.709140664730928, 47.120430037371619 ], [ 28.709147109289248, 47.120425441753291 ], [ 28.709153553846456, 47.120420846134614 ], [ 28.709153409781202, 47.120416348852281 ], [ 28.709159854336779, 47.120411753233263 ], [ 28.709166298891251, 47.12040715761389 ], [ 28.709172743444611, 47.120402561994169 ], [ 28.709172599377837, 47.120398064711864 ], [ 28.709179043929559, 47.120393469091809 ], [ 28.709185488480184, 47.120388873471398 ], [ 28.709191933029693, 47.120384277850626 ], [ 28.709198377578097, 47.120379682229498 ], [ 28.709198233509277, 47.12037518494725 ], [ 28.70920467805605, 47.120370589325788 ], [ 28.709211122601712, 47.120365993703977 ], [ 28.709217567146265, 47.120361398081812 ], [ 28.709217423075916, 47.120356900799585 ], [ 28.709223867618846, 47.120352305177079 ], [ 28.709230312160656, 47.120347709554217 ], [ 28.709236756701365, 47.120343113931007 ], [ 28.709236612629496, 47.120338616648816 ], [ 28.709243057168575, 47.120334021025265 ], [ 28.709249501706537, 47.120329425401366 ], [ 28.709255946243395, 47.120324829777111 ], [ 28.709255802169999, 47.120320332494948 ], [ 28.709262246705229, 47.12031573687036 ], [ 28.709268691239345, 47.120311141245409 ], [ 28.709275135772355, 47.12030654562011 ], [ 28.709281580304257, 47.12030194999447 ], [ 28.709281436228821, 47.120297452712343 ], [ 28.709287880759089, 47.120292857086355 ], [ 28.709294325288248, 47.120288261460011 ], [ 28.709300769816302, 47.120283665833313 ], [ 28.709300625739338, 47.120279168551221 ], [ 28.709307070265758, 47.120274572924181 ], [ 28.70931351479107, 47.120269977296807 ], [ 28.709319959315277, 47.120265381669071 ], [ 28.709319815236785, 47.120260884386994 ], [ 28.709326259759361, 47.120256288758924 ], [ 28.709332704280829, 47.120251693130498 ], [ 28.709339148801185, 47.120247097501711 ], [ 28.709345593320428, 47.120242501872575 ], [ 28.709345449239894, 47.120238004590554 ], [ 28.709351893757511, 47.120233408961077 ], [ 28.709358338274019, 47.120228813331259 ], [ 28.709364782789415, 47.120224217701072 ], [ 28.709364638707356, 47.12021972041908 ], [ 28.709371083221125, 47.120215124788558 ], [ 28.709377527733782, 47.120210529157696 ], [ 28.709383972245337, 47.120205933526464 ], [ 28.709383828161751, 47.120201436244514 ], [ 28.709390272671676, 47.120196840612948 ], [ 28.709396717180489, 47.120192244981041 ], [ 28.709403161688186, 47.120187649348772 ], [ 28.709409606194779, 47.120183053716147 ], [ 28.70940946210915, 47.120178556434226 ], [ 28.709415906614115, 47.120173960801267 ], [ 28.709422351117968, 47.120169365167961 ], [ 28.709428795620713, 47.120164769534298 ], [ 28.709428651533557, 47.120160272252413 ], [ 28.709435096034674, 47.12015567661841 ], [ 28.70944154053468, 47.120151080984044 ], [ 28.709447985033577, 47.120146485349345 ], [ 28.709447840944893, 47.120141988067488 ], [ 28.709454285442167, 47.12013739243244 ], [ 28.709460729938321, 47.120132796797037 ], [ 28.709467174433374, 47.120128201161286 ], [ 28.709467030343166, 47.120123703879472 ], [ 28.709473474836585, 47.120119108243358 ], [ 28.709479919328896, 47.120114512606925 ], [ 28.709486363820098, 47.120109916970137 ], [ 28.709492808310191, 47.120105321332986 ], [ 28.70949266421794, 47.120100824051185 ], [ 28.709499108706403, 47.120096228413708 ], [ 28.70950555319375, 47.120091632775875 ], [ 28.709511997679996, 47.120087037137679 ], [ 28.709511853586225, 47.120082539855922 ], [ 28.70951829807084, 47.120077944217385 ], [ 28.70952474255434, 47.120073348578508 ], [ 28.709531187036742, 47.120068752939268 ], [ 28.709531042941435, 47.120064255657546 ], [ 28.709537487422203, 47.120059660017972 ], [ 28.709543931901862, 47.12005506437805 ], [ 28.709550376380406, 47.120050468737759 ], [ 28.709556820857845, 47.120045873097119 ], [ 28.709556676760499, 47.120041375815447 ], [ 28.709563121236311, 47.12003678017448 ], [ 28.709569565711007, 47.120032184533152 ], [ 28.709576010184598, 47.120027588891467 ], [ 28.709575866085732, 47.120023091609823 ], [ 28.709582310557696, 47.120018495967813 ], [ 28.709588755028545, 47.120013900325432 ], [ 28.709595199498285, 47.120009304682718 ], [ 28.709595055397894, 47.120004807401095 ], [ 28.709601499866007, 47.12000021175804 ], [ 28.709607944333008, 47.119995616114615 ], [ 28.709607800231609, 47.11999111883302 ], [ 28.709614244696983, 47.119986523189269 ], [ 28.709620689161248, 47.119981927545162 ], [ 28.709627133624405, 47.119977331900699 ], [ 28.70963357808645, 47.119972736255889 ], [ 28.709640022547383, 47.11996814061073 ], [ 28.709639878443422, 47.119963643329179 ], [ 28.709646322902731, 47.119959047683679 ], [ 28.709652767360925, 47.119954452037817 ], [ 28.709659211818018, 47.119949856391607 ], [ 28.709659067712529, 47.119945359110098 ], [ 28.709665512167984, 47.119940763463553 ], [ 28.709671956622337, 47.119936167816654 ], [ 28.709678401075571, 47.119931572169406 ], [ 28.709678256968566, 47.119927074887912 ], [ 28.709684701420173, 47.119922479240323 ], [ 28.709691145870678, 47.119917883592379 ], [ 28.709697590320069, 47.119913287944101 ], [ 28.70970403476835, 47.119908692295439 ], [ 28.709703890659295, 47.119904195014001 ], [ 28.709710335105946, 47.119899599365013 ], [ 28.709716779551488, 47.119895003715669 ], [ 28.709723223995926, 47.119890408065977 ], [ 28.709729668439252, 47.119885812415937 ], [ 28.709729524328154, 47.119881315134535 ], [ 28.709735968769849, 47.119876719484161 ], [ 28.709742413210432, 47.119872123833424 ], [ 28.709748857649913, 47.119867528182333 ], [ 28.709755302088283, 47.119862932530893 ], [ 28.709755157975128, 47.119858435249533 ], [ 28.70976160241187, 47.119853839597752 ], [ 28.709768046847504, 47.11984924394563 ], [ 28.709774491282023, 47.119844648293153 ], [ 28.709780935715433, 47.119840052640306 ], [ 28.709780791600242, 47.119835555358989 ], [ 28.709787236032021, 47.119830959705816 ], [ 28.709793680462695, 47.11982636405228 ], [ 28.709800124892258, 47.11982176839841 ], [ 28.709806569320712, 47.119817172744177 ], [ 28.709806425203475, 47.119812675462896 ], [ 28.709812869630298, 47.119808079808337 ], [ 28.709819314056013, 47.119803484153415 ], [ 28.709825758480619, 47.119798888498124 ], [ 28.709825614361854, 47.119794391216878 ], [ 28.709832058784837, 47.119789795561275 ], [ 28.709838503206704, 47.119785199905301 ], [ 28.70984494762746, 47.11978060424898 ], [ 28.709851392047106, 47.119776008592304 ], [ 28.709851247926302, 47.119771511311107 ], [ 28.709857692344322, 47.119766915654097 ], [ 28.70986413676123, 47.119762319996724 ], [ 28.709870581177029, 47.119757724339017 ], [ 28.709877025591723, 47.119753128680941 ], [ 28.709876881468869, 47.11974863139978 ], [ 28.709883325881933, 47.119744035741377 ], [ 28.709889770293884, 47.119739440082611 ], [ 28.709896214704727, 47.119734844423505 ], [ 28.709902659114459, 47.119730248764043 ], [ 28.709902514989565, 47.119725751482918 ], [ 28.709908959397673, 47.119721155823122 ], [ 28.709915403804661, 47.119716560162964 ], [ 28.709921848210552, 47.119711964502457 ], [ 28.709928292615327, 47.119707368841595 ], [ 28.709928148488384, 47.119702871560513 ], [ 28.709934592891539, 47.119698275899317 ], [ 28.709941037293571, 47.119693680237759 ], [ 28.709947481694499, 47.11968908457586 ], [ 28.709953926094322, 47.119684488913606 ], [ 28.709953781965336, 47.119679991632573 ], [ 28.709960226363528, 47.119675395969971 ], [ 28.709966670760608, 47.119670800307013 ], [ 28.709973115156579, 47.119666204643721 ], [ 28.709979559551439, 47.119661608980067 ], [ 28.70997941542041, 47.11965711169907 ], [ 28.709985859813639, 47.119652516035089 ], [ 28.709992304205763, 47.119647920370731 ], [ 28.709998748596782, 47.119643324706033 ], [ 28.710005192986685, 47.119638729040986 ], [ 28.71000504885361, 47.119634231760038 ], [ 28.710011493241883, 47.11962963609465 ], [ 28.710017937629051, 47.119625040428907 ], [ 28.710024382015106, 47.119620444762816 ], [ 28.710030826400054, 47.11961584909637 ], [ 28.710030682264932, 47.119611351815472 ], [ 28.710037126648253, 47.119606756148677 ], [ 28.710043571030457, 47.119602160481541 ], [ 28.710050015411557, 47.119597564814043 ], [ 28.710056459791552, 47.119592969146218 ], [ 28.710056315654384, 47.119588471865342 ], [ 28.710062760032748, 47.119583876197154 ], [ 28.710069204410001, 47.119579280528626 ], [ 28.710075648786141, 47.119574684859749 ], [ 28.710082093161169, 47.11957008919051 ], [ 28.710081949021962, 47.119565591909677 ], [ 28.710088393395367, 47.119560996240097 ], [ 28.710094837767663, 47.119556400570168 ], [ 28.710101282138844, 47.119551804899892 ], [ 28.71010772650892, 47.11954720922926 ], [ 28.710107582367669, 47.119542711948483 ], [ 28.710114026736111, 47.119538116277496 ], [ 28.710120471103455, 47.119533520606176 ], [ 28.710126915469679, 47.119528924934514 ], [ 28.710133359834803, 47.119524329262475 ], [ 28.710133215691496, 47.119519831981727 ], [ 28.710139660054988, 47.119515236309361 ], [ 28.710146104417369, 47.119510640636641 ], [ 28.710152548778641, 47.119506044963558 ], [ 28.710158993138801, 47.119501449290134 ], [ 28.710158848993458, 47.119496952009435 ], [ 28.710165293351992, 47.119492356335677 ], [ 28.710171737709416, 47.119487760661571 ], [ 28.710178182065725, 47.119483164987088 ], [ 28.710184626420929, 47.119478569312264 ], [ 28.71018448227354, 47.119474072031615 ], [ 28.710190926627117, 47.11946947635645 ], [ 28.710197370979586, 47.119464880680937 ], [ 28.710203815330939, 47.119460285005069 ], [ 28.710210259681183, 47.119455689328852 ], [ 28.710210115531751, 47.119451192048231 ], [ 28.710216559880372, 47.119446596371674 ], [ 28.710223004227878, 47.119442000694768 ], [ 28.710229448574278, 47.119437405017507 ], [ 28.710235892919567, 47.119432809339884 ], [ 28.710235748768088, 47.11942831205932 ], [ 28.710242193111753, 47.119423716381363 ], [ 28.710248637454296, 47.119419120703064 ], [ 28.71025508179574, 47.119414525024396 ], [ 28.710254937642738, 47.119410027743854 ], [ 28.710261381982551, 47.119405432064859 ], [ 28.710267826321257, 47.119400836385509 ], [ 28.710274270658847, 47.119396240705804 ], [ 28.710280714995335, 47.119391645025757 ], [ 28.71028057084029, 47.119387147745257 ], [ 28.710287015175144, 47.119382552064863 ], [ 28.710293459508886, 47.119377956384099 ], [ 28.710299903841527, 47.119373360703001 ], [ 28.710306348173052, 47.119368765021562 ], [ 28.710306204015957, 47.119364267741105 ], [ 28.710312648345859, 47.119359672059304 ], [ 28.710319092674641, 47.119355076377161 ], [ 28.71032553700233, 47.119350480694671 ], [ 28.710331981328896, 47.119345885011832 ], [ 28.710331837169758, 47.11934138773141 ], [ 28.710338281494703, 47.119336792048223 ], [ 28.710344725818533, 47.119332196364681 ], [ 28.710351170141255, 47.119327600680784 ], [ 28.710357614462868, 47.119323004996552 ], [ 28.710357470301687, 47.119318507716173 ], [ 28.71036391462167, 47.1193139120316 ], [ 28.710370358940548, 47.119309316346659 ], [ 28.71037680325831, 47.119304720661368 ], [ 28.710383247574963, 47.11930012497573 ], [ 28.710383103411736, 47.119295627695415 ], [ 28.710389547726763, 47.119291032009421 ], [ 28.71038940356306, 47.119286534729099 ], [ 28.710395847876452, 47.119281939042779 ], [ 28.710402292188743, 47.11927734335611 ], [ 28.710408736499922, 47.119272747669079 ], [ 28.710415180809989, 47.119268151981714 ], [ 28.710421625118951, 47.11926355629398 ], [ 28.710428069426797, 47.119258960605912 ], [ 28.710434513733542, 47.119254364917474 ], [ 28.710434369566226, 47.11924986763723 ], [ 28.71044081387134, 47.119245271948465 ], [ 28.710447258175343, 47.119240676259338 ], [ 28.710453702478233, 47.119236080569856 ], [ 28.710460146780019, 47.119231484880025 ], [ 28.710460002610656, 47.119226987599824 ], [ 28.710466446910811, 47.119222391909666 ], [ 28.710472891209861, 47.119217796219139 ], [ 28.710479335507795, 47.119213200528264 ], [ 28.710485779804625, 47.119208604837041 ], [ 28.710485635633223, 47.119204107556875 ], [ 28.710492079928422, 47.119199511865311 ], [ 28.710498524222508, 47.119194916173399 ], [ 28.710504968515487, 47.119190320481138 ], [ 28.710511412807353, 47.119185724788508 ], [ 28.710511268633908, 47.119181227508399 ], [ 28.710517712924148, 47.119176631815435 ], [ 28.710524157213278, 47.119172036122123 ], [ 28.710530601501304, 47.119167440428456 ], [ 28.710537045788215, 47.119162844734447 ], [ 28.710536901612723, 47.119158347454366 ], [ 28.710543345898003, 47.11915375176001 ], [ 28.710549790182181, 47.119149156065298 ], [ 28.710556234465244, 47.119144560370245 ], [ 28.710562678747198, 47.119139964674837 ], [ 28.710562534569664, 47.119135467394806 ], [ 28.710568978849984, 47.119130871699042 ], [ 28.710575423129207, 47.119126276002945 ], [ 28.710581867407313, 47.119121680306485 ], [ 28.710588311684312, 47.119117084609677 ], [ 28.710588167504731, 47.119112587329674 ], [ 28.710594611780095, 47.119107991632539 ], [ 28.710601056054355, 47.119103395935028 ], [ 28.710607500327509, 47.119098800237182 ], [ 28.710613944599551, 47.119094204538975 ], [ 28.710613800417921, 47.119089707259022 ], [ 28.710620244688339, 47.119085111560473 ], [ 28.710626688957642, 47.119080515861583 ], [ 28.710633133225834, 47.119075920162331 ], [ 28.710639577492916, 47.11907132446273 ], [ 28.710639433309243, 47.119066827182827 ], [ 28.710645877574699, 47.119062231482872 ], [ 28.710652321839046, 47.119057635782582 ], [ 28.710658766102281, 47.119053040081944 ], [ 28.710665210364411, 47.119048444380944 ], [ 28.710665066178695, 47.119043947101076 ], [ 28.710671510439187, 47.119039351399735 ], [ 28.710677954698582, 47.119034755698053 ], [ 28.710684398956861, 47.119030159996015 ], [ 28.710684254769621, 47.119025662716176 ], [ 28.710690699026273, 47.119021067013804 ], [ 28.710697143281809, 47.11901647131107 ], [ 28.710703587536241, 47.119011875607988 ], [ 28.710710031789564, 47.119007279904544 ], [ 28.710709887600277, 47.119002782624754 ], [ 28.710716331851973, 47.118998186920976 ], [ 28.710722776102553, 47.118993591216856 ], [ 28.710729220352029, 47.11898899551236 ], [ 28.710735664600392, 47.118984399807537 ], [ 28.71073552040907, 47.118979902527784 ], [ 28.710741964655803, 47.118975306822605 ], [ 28.710748408901431, 47.118970711117086 ], [ 28.710754853145943, 47.118966115411204 ], [ 28.71076129738935, 47.118961519704982 ], [ 28.710761153195978, 47.118957022425263 ], [ 28.710767597437759, 47.118952426718707 ], [ 28.71077404167843, 47.118947831011766 ], [ 28.71078048591799, 47.118943235304513 ], [ 28.710786930156441, 47.118938639596877 ], [ 28.71078678596102, 47.118934142317208 ], [ 28.710793230197844, 47.118929546609252 ], [ 28.710799674433552, 47.11892495090094 ], [ 28.710806118668156, 47.118920355192259 ], [ 28.710812562901655, 47.118915759483244 ], [ 28.71081241870419, 47.118911262203611 ], [ 28.710818862936051, 47.118906666494262 ], [ 28.710825307166807, 47.118902070784543 ], [ 28.710831751396455, 47.118897475074476 ], [ 28.710838195624991, 47.118892879364061 ], [ 28.710838051425487, 47.118888382084478 ], [ 28.710844495652392, 47.118883786373722 ], [ 28.710850939878192, 47.118879190662611 ], [ 28.71085738410288, 47.118874594951151 ], [ 28.71086382832646, 47.118869999239337 ], [ 28.710863684124906, 47.118865501959796 ], [ 28.710870128346858, 47.11886090624764 ], [ 28.710876572567702, 47.118856310535136 ], [ 28.710883016787434, 47.118851714822277 ], [ 28.710889461006058, 47.11884711910907 ], [ 28.710889316802454, 47.118842621829572 ], [ 28.710895761019451, 47.118838026116023 ], [ 28.710902205235335, 47.11883343040212 ], [ 28.710908649450111, 47.118828834687868 ], [ 28.710915093663779, 47.118824238973275 ], [ 28.710914949458136, 47.118819741693805 ], [ 28.710921393670169, 47.118815145978857 ], [ 28.710927837881098, 47.118810550263561 ], [ 28.710934282090918, 47.118805954547923 ], [ 28.710940726299626, 47.118801358831902 ], [ 28.71094058209194, 47.118796861552489 ], [ 28.710947026299021, 47.118792265836142 ], [ 28.710953470504993, 47.11878767011946 ], [ 28.71095991470985, 47.118783074402401 ], [ 28.710966358913602, 47.118778478685009 ], [ 28.71096621470387, 47.118773981405639 ], [ 28.710972658905995, 47.118769385687912 ], [ 28.710979103107011, 47.118764789969816 ], [ 28.710985547306915, 47.118760194251372 ], [ 28.710991991505711, 47.11875559853258 ], [ 28.710991847293936, 47.118751101253253 ], [ 28.710998291491098, 47.118746505534112 ], [ 28.711004735687151, 47.118741909814631 ], [ 28.711011179882099, 47.118737314094787 ], [ 28.711017624075936, 47.118732718374609 ], [ 28.711017479862118, 47.11872822109531 ], [ 28.711023924054327, 47.118723625374784 ], [ 28.711030368245424, 47.118719029653903 ], [ 28.71103681243542, 47.118714433932674 ], [ 28.711043256624297, 47.118709838211089 ], [ 28.711043112408433, 47.118705340931839 ], [ 28.711049556595686, 47.118700745209914 ], [ 28.711056000781831, 47.11869614948764 ], [ 28.71106244496686, 47.118691553765004 ], [ 28.711068889150784, 47.118686958042034 ], [ 28.711068744932877, 47.118682460762827 ], [ 28.711075189115174, 47.118677865039508 ], [ 28.711081633296356, 47.118673269315828 ], [ 28.711088077476433, 47.118668673591799 ], [ 28.711094521655401, 47.118664077867422 ], [ 28.711094377435447, 47.118659580588265 ], [ 28.711100821612789, 47.118654984863539 ], [ 28.711107265789014, 47.118650389138473 ], [ 28.711113709964128, 47.118645793413052 ], [ 28.711113565742654, 47.118641296133923 ], [ 28.711120009916144, 47.118636700408153 ], [ 28.711126454088525, 47.11863210468205 ], [ 28.711132898259798, 47.118627508955583 ], [ 28.711139342429956, 47.118622913228769 ], [ 28.711139198206439, 47.118618415949676 ], [ 28.711145642374969, 47.118613820222514 ], [ 28.711152086542391, 47.118609224495003 ], [ 28.711158530708708, 47.118604628767137 ], [ 28.711164974873913, 47.118600033038931 ], [ 28.711164830648347, 47.118595535759887 ], [ 28.711171274811921, 47.118590940031332 ], [ 28.71117771897439, 47.118586344302422 ], [ 28.711184163135748, 47.118581748573163 ], [ 28.711190607295993, 47.118577152843564 ], [ 28.71119046306838, 47.118572655564549 ], [ 28.711196907227002, 47.118568059834601 ], [ 28.711203351384512, 47.118563464104298 ], [ 28.711209795540913, 47.118558868373654 ], [ 28.711216239696199, 47.118554272642648 ], [ 28.711216095466543, 47.118549775363675 ], [ 28.711222539620209, 47.118545179632335 ], [ 28.711228983772759, 47.118540583900632 ], [ 28.711235427924205, 47.118535988168595 ], [ 28.711241872074538, 47.118531392436175 ], [ 28.71124172784284, 47.118526895157267 ], [ 28.711248171991549, 47.118522299424519 ], [ 28.711254616139136, 47.118517703691431 ], [ 28.711261060285626, 47.118513107957966 ], [ 28.711267504431003, 47.118508512224174 ], [ 28.711267360197262, 47.118504014945309 ], [ 28.711273804341012, 47.118499419211155 ], [ 28.711280248483646, 47.118494823476667 ], [ 28.71128669262518, 47.118490227741837 ], [ 28.711293136765601, 47.118485632006639 ], [ 28.711292992529806, 47.118481134727801 ], [ 28.711299436668597, 47.118476538992269 ], [ 28.711305880806282, 47.118471943256374 ], [ 28.711312324942856, 47.118467347520145 ], [ 28.711318769078314, 47.118462751783547 ], [ 28.711318624840484, 47.118458254504752 ], [ 28.711325068974315, 47.118453658767834 ], [ 28.711331513107048, 47.118449063030546 ], [ 28.711337957238658, 47.118444467292917 ], [ 28.711344401369168, 47.118439871554926 ], [ 28.711344257129287, 47.118435374276167 ], [ 28.711350701258166, 47.118430778537849 ], [ 28.711357145385932, 47.118426182799169 ], [ 28.711363589512594, 47.118421587060148 ], [ 28.711370033638143, 47.118416991320764 ], [ 28.711369889396224, 47.118412494042055 ], [ 28.711376333520143, 47.11840789830233 ], [ 28.71138277764295, 47.118403302562243 ], [ 28.711389221764655, 47.118398706821829 ], [ 28.711395665885249, 47.118394111081059 ], [ 28.711395521641283, 47.118389613802385 ], [ 28.711401965760246, 47.118385018061268 ], [ 28.711408409878096, 47.118380422319802 ], [ 28.711414853994842, 47.118375826577974 ], [ 28.71142129811048, 47.118371230835798 ], [ 28.711421153864471, 47.118366733557174 ], [ 28.711427597978474, 47.118362137814664 ], [ 28.711434042091369, 47.118357542071784 ], [ 28.711440486203159, 47.118352946328585 ], [ 28.711446930313841, 47.118348350585009 ], [ 28.711446786065782, 47.118343853306428 ], [ 28.711453230174829, 47.118339257562504 ], [ 28.711459674282771, 47.118334661818253 ], [ 28.711466118389605, 47.118330066073646 ], [ 28.711472562495327, 47.118325470328678 ], [ 28.711472418245226, 47.118320973050132 ], [ 28.711478862349317, 47.118316377304822 ], [ 28.711485306452303, 47.118311781559164 ], [ 28.711491750554178, 47.118307185813158 ], [ 28.711498194654943, 47.11830259006679 ], [ 28.711498050402799, 47.118298092788294 ], [ 28.711491317799407, 47.118293693977613 ], [ 28.71148458519713, 47.11828929516652 ], [ 28.711477852595952, 47.118284896355007 ], [ 28.711471119995895, 47.11828049754309 ] ] } },
{ "type": "Feature", "properties": { "element": "node", "id": "I0147", "kind": "inspection", "length_m": null, "frm": null, "to": null }, "geometry": { "type": "Point", "coordinates": [ 28.711481724018832, 47.118283550699111 ] } },
{ "type": "Feature", "properties": { "element": "edge", "id": "I0147->I0148", "kind": "leg", "length_m": 40.7, "frm": "I0147", "to": "I0148" }, "geometry": { "type": "LineString", "coordinates": [ [ 28.711471119995895, 47.11828049754309 ], [ 28.711477852595952, 47.118284896355007 ], [ 28.71148458519713, 47.11828929516652 ], [ 28.711491317799407, 47.118293693977613 ], [ 28.711498050402799, 47.118298092788294 ], [ 28.711504494501938, 47.118293497041599 ], [ 28.711510938599961, 47.118288901294548 ], [ 28.711517382696879, 47.118284305547135 ], [ 28.711523826792689, 47.118279709799381 ], [ 28.711523682538498, 47.118275212520921 ], [ 28.711530126632681, 47.118270616772818 ], [ 28.711536570725748, 47.118266021024375 ], [ 28.71154301481771, 47.118261425275584 ], [ 28.711542870561999, 47.118256927997152 ], [ 28.711549314652327, 47.118252332248005 ], [ 28.711555758741554, 47.11824773649851 ], [ 28.711562202829665, 47.118243140748675 ], [ 28.711568646916668, 47.118238544998469 ], [ 28.711568502658906, 47.11823404772008 ], [ 28.711574946744285, 47.11822945196954 ], [ 28.711581390828549, 47.118224856218639 ], [ 28.711587834911708, 47.11822026046741 ], [ 28.711594278993754, 47.118215664715819 ], [ 28.71159413473395, 47.118211167437472 ], [ 28.711587402133965, 47.118206768632326 ], [ 28.711580813793706, 47.118206867105165 ], [ 28.711574081195348, 47.118202468299224 ], [ 28.711567348598102, 47.118198069492863 ], [ 28.711560616001954, 47.118193670686097 ], [ 28.711553883406928, 47.118189271878904 ], [ 28.711547295068716, 47.118189370349775 ], [ 28.711540706730467, 47.118189468820276 ], [ 28.711534118392191, 47.118189567290393 ], [ 28.711534262646826, 47.118194064568897 ], [ 28.711527674307955, 47.118194163038645 ], [ 28.711527818562072, 47.118198660317162 ], [ 28.711521374476209, 47.118203256065073 ], [ 28.711514930389242, 47.118207851812635 ], [ 28.71150848630116, 47.118212447559848 ], [ 28.711502042211965, 47.1182170433067 ], [ 28.711495598121669, 47.11822163905321 ], [ 28.71149574237322, 47.118226136331771 ], [ 28.71148929828129, 47.11823073207794 ], [ 28.711482854188255, 47.118235327823761 ], [ 28.7114829984388, 47.11823982510235 ], [ 28.711476410094111, 47.118239923569227 ], [ 28.711476554344134, 47.118244420847823 ], [ 28.711470110248364, 47.118249016592941 ], [ 28.711470254497904, 47.118253513871544 ], [ 28.711463666151477, 47.118253612337703 ], [ 28.711463810400495, 47.118258109616335 ], [ 28.711457366301982, 47.118262705360756 ], [ 28.711457510550517, 47.11826720263938 ], [ 28.71145092220236, 47.118267301104837 ], [ 28.711451066450376, 47.118271798383461 ], [ 28.711444478101626, 47.118271896848569 ], [ 28.711444622349127, 47.1182763941272 ], [ 28.711444766596657, 47.118280891405846 ], [ 28.711438178246766, 47.118280989870584 ], [ 28.711438322493773, 47.118285487149237 ], [ 28.711431734143289, 47.118285585613627 ], [ 28.711431878389782, 47.118290082892287 ], [ 28.711425434284685, 47.118294678634982 ], [ 28.711418990178476, 47.118299274377314 ], [ 28.711419134423963, 47.118303771656009 ], [ 28.711412690316124, 47.118308367398015 ], [ 28.711406246207179, 47.118312963139658 ] ] } },
{ "type": "Feature", "properties": { "element": "node", "id": "I0148", "kind": "inspection", "length_m": null, "frm": null, "to": null }, "geometry": { "type": "Point", "coordinates": [ 28.71139941720395, 47.118308746319251 ] } },
{ "type": "Feature", "properties": { "element": "edge", "id": "I0148->I0152", "kind": "leg", "length_m": 6.4, "frm": "I0148", "to": "I0152" }, "geometry": { "type": "LineString", "coordinates": [ [ 28.711406246207179, 47.118312963139658 ], [ 28.711399657853189, 47.118313061602237 ], [ 28.711393069499167, 47.118313160064439 ], [ 28.711386336902326, 47.118308761247505 ], [ 28.711379892791022, 47.118313356987692 ], [ 28.711373448678607, 47.118317952727544 ], [ 28.711373592920349, 47.118322450006318 ], [ 28.71136714880631, 47.118327045745829 ], [ 28.711360704691156, 47.118331641484971 ], [ 28.711354260574893, 47.11833623722378 ], [ 28.711347816457518, 47.118340832962218 ] ] } },
{ "type": "Feature", "properties": { "element": "node", "id": "I0152", "kind": "inspection", "length_m": null, "frm": null, "to": null }, "geometry": { "type": "Point", "coordinates": [ 28.711340004031836, 47.118335195530044 ] } },
{ "type": "Feature", "properties": { "element": "edge", "id": "I0152->I0149", "kind": "leg", "length_m": 7.9, "frm": "I0152", "to": "I0149" }, "geometry": { "type": "LineString", "coordinates": [ [ 28.711347816457518, 47.118340832962218 ], [ 28.711347960697218, 47.118345330241048 ], [ 28.711341516578223, 47.118349925979139 ], [ 28.711341660817439, 47.118354423257969 ], [ 28.711335216696806, 47.11835901899574 ], [ 28.711328772575069, 47.118363614733163 ], [ 28.711328916813283, 47.118368112012007 ], [ 28.711322472689908, 47.118372707749081 ], [ 28.711316028565435, 47.118377303485801 ], [ 28.711316172802643, 47.118381800764659 ], [ 28.711309728676532, 47.118386396501045 ], [ 28.711303284549317, 47.118390992237074 ], [ 28.71130342878552, 47.118395489515962 ], [ 28.711303573021755, 47.118399986794827 ] ] } },
{ "type": "Feature", "properties": { "element": "node", "id": "I0149", "kind": "inspection", "length_m": null, "frm": null, "to": null }, "geometry": { "type": "Point", "coordinates": [ 28.711310062679896, 47.118405951656484 ] } },
{ "type": "Feature", "properties": { "element": "edge", "id": "I0149->I0151", "kind": "leg", "length_m": 35.0, "frm": "I0149", "to": "I0151" }, "geometry": { "type": "LineString", "coordinates": [ [ 28.711303573021755, 47.118399986794827 ], [ 28.71130342878552, 47.118395489515962 ], [ 28.711303284549317, 47.118390992237074 ], [ 28.711303140313149, 47.118386494958187 ], [ 28.711309584439842, 47.118381899222165 ], [ 28.711316028565435, 47.118377303485801 ], [ 28.711322472689908, 47.118372707749081 ], [ 28.711328916813283, 47.118368112012007 ], [ 28.711328772575069, 47.118363614733163 ], [ 28.71132862833689, 47.118359117454304 ], [ 28.711335072458112, 47.118354521716903 ], [ 28.711341516578223, 47.118349925979139 ], [ 28.711341372339035, 47.118345428700323 ], [ 28.711347816457518, 47.118340832962218 ], [ 28.711354260574893, 47.11833623722378 ], [ 28.711360704691156, 47.118331641484971 ], [ 28.71136714880631, 47.118327045745829 ], [ 28.711373592920349, 47.118322450006318 ], [ 28.711373448678607, 47.118317952727544 ], [ 28.711373304436897, 47.118313455448771 ], [ 28.71137974854879, 47.118308859708939 ], [ 28.711386192659575, 47.118304263968746 ], [ 28.711386048416859, 47.118299766689987 ], [ 28.711379460064432, 47.118299865151378 ], [ 28.711372871711969, 47.118299963612394 ], [ 28.711366139118457, 47.118295564794224 ], [ 28.711365994877472, 47.118291067515415 ], [ 28.711372438987357, 47.118286471775995 ], [ 28.711372294745889, 47.118281974497194 ], [ 28.711378738854147, 47.11827737875744 ], [ 28.711385182961294, 47.118272783017339 ], [ 28.711385038718827, 47.118268285738552 ], [ 28.711391482824343, 47.118263689998102 ], [ 28.71139792692875, 47.118259094257311 ], [ 28.711397782685275, 47.118254596978538 ], [ 28.711404226788051, 47.118250001237406 ], [ 28.711410670889727, 47.118245405495919 ], [ 28.711410526645242, 47.118240908217167 ], [ 28.711416970745283, 47.118236312475332 ], [ 28.711423414844219, 47.118231716733163 ], [ 28.711423270598729, 47.118227219454425 ], [ 28.711429714696035, 47.118222623711901 ], [ 28.711436158792225, 47.118218027969029 ], [ 28.71144260288731, 47.118213432225808 ], [ 28.711442458640303, 47.118208934947113 ], [ 28.711448902733757, 47.118204339203544 ], [ 28.711455346826103, 47.11819974345962 ], [ 28.711455202578087, 47.118195246180946 ], [ 28.711461646668802, 47.118190650436695 ], [ 28.711468090758412, 47.118186054692082 ], [ 28.711474534846914, 47.118181458947113 ], [ 28.71147439059737, 47.118176961668468 ], [ 28.711480834684238, 47.118172365923165 ], [ 28.711487278769997, 47.118167770177514 ], [ 28.711487134519459, 47.118163272898883 ], [ 28.711493578603591, 47.118158677152884 ], [ 28.71150016693819, 47.118158578685147 ] ] } },
{ "type": "Feature", "properties": { "element": "node", "id": "I0151", "kind": "inspection", "length_m": null, "frm": null, "to": null }, "geometry": { "type": "Point", "coordinates": [ 28.711512856986502, 47.118160841648717 ] } },
{ "type": "Feature", "properties": { "element": "edge", "id": "I0151->I0162", "kind": "leg", "length_m": 535.2, "frm": "I0151", "to": "I0162" }, "geometry": { "type": "LineString", "coordinates": [ [ 28.71150016693819, 47.118158578685147 ], [ 28.711500022686607, 47.118154081406551 ], [ 28.711499878435056, 47.118149584127927 ], [ 28.711506322516453, 47.118144988381246 ], [ 28.711512766596737, 47.11814039263421 ], [ 28.711519210675913, 47.118135796886818 ], [ 28.711519066422834, 47.118131299608237 ], [ 28.711525510500383, 47.118126703860504 ], [ 28.711531954576817, 47.118122108112431 ], [ 28.711531810322739, 47.11811761083387 ], [ 28.711538254397546, 47.118113015085449 ], [ 28.711544698471243, 47.118108419336671 ], [ 28.711544554216157, 47.118103922058133 ], [ 28.711550998288228, 47.118099326309014 ], [ 28.711557442359187, 47.118094730559541 ], [ 28.711557298103099, 47.118090233281023 ], [ 28.711563742172427, 47.118085637531216 ], [ 28.711563597915859, 47.118081140252698 ], [ 28.71157004198356, 47.118076544502557 ], [ 28.711569897726498, 47.11807204722404 ], [ 28.711576341792572, 47.118067451473564 ], [ 28.711576197535027, 47.118062954195061 ], [ 28.71158264159947, 47.118058358444223 ], [ 28.711589085662801, 47.118053762693059 ], [ 28.711588941404251, 47.118049265414577 ], [ 28.711595385465962, 47.118044669663057 ], [ 28.711601829526558, 47.118040073911175 ], [ 28.711601685267002, 47.118035576632714 ], [ 28.71160812932597, 47.118030980880512 ], [ 28.711614573383823, 47.118026385127934 ], [ 28.711614429123273, 47.118021887849501 ], [ 28.711620873179498, 47.118017292096596 ], [ 28.711627317234615, 47.118012696343342 ], [ 28.711633761288628, 47.118008100589726 ], [ 28.711640205341524, 47.118003504835777 ], [ 28.711646649393316, 47.117998909081464 ], [ 28.711653093444003, 47.11799431332679 ], [ 28.711659537493574, 47.117989717571781 ], [ 28.711665981542037, 47.117985121816403 ], [ 28.711672425589395, 47.117980526060698 ], [ 28.711678869635641, 47.117975930304624 ], [ 28.711685313680771, 47.117971334548194 ], [ 28.711691757724804, 47.117966738791424 ], [ 28.711698201767721, 47.117962143034298 ], [ 28.711704645809526, 47.117957547276824 ], [ 28.711711234118582, 47.11795744879727 ], [ 28.711717822427605, 47.117957350317326 ], [ 28.71172441073659, 47.117957251837012 ], [ 28.711730999045535, 47.117957153356308 ], [ 28.711737587354452, 47.117957054875241 ], [ 28.711744175663327, 47.11795695639379 ], [ 28.711750763972173, 47.117956857911956 ], [ 28.711757352280987, 47.117956759429745 ], [ 28.711763940589762, 47.117956660947158 ], [ 28.711770528898505, 47.117956562464187 ], [ 28.711777261481146, 47.117960961258952 ], [ 28.711783849790375, 47.11796086277522 ], [ 28.711790438099563, 47.117960764291091 ], [ 28.711797026408721, 47.117960665806592 ], [ 28.711803614717837, 47.117960567321717 ], [ 28.711810203026925, 47.117960468836465 ], [ 28.711816791335981, 47.117960370350822 ], [ 28.711823379644997, 47.117960271864817 ], [ 28.711829967953975, 47.117960173378414 ], [ 28.711836556262924, 47.117960074891641 ], [ 28.711843144571837, 47.117959976404492 ], [ 28.711849732880715, 47.117959877916967 ], [ 28.711856321189554, 47.117959779429064 ], [ 28.711862909498368, 47.117959680940771 ], [ 28.711869497807136, 47.117959582452109 ], [ 28.711876086115879, 47.11795948396307 ], [ 28.711882674424579, 47.11795938547364 ], [ 28.711889262733248, 47.11795928698384 ], [ 28.711895706757964, 47.117954691215814 ], [ 28.711902150781569, 47.117950095447455 ], [ 28.711908594804061, 47.11794549967874 ], [ 28.711915038825449, 47.117940903909663 ], [ 28.711921482845728, 47.117936308140244 ], [ 28.711927926864892, 47.117931712370456 ], [ 28.711934370882958, 47.117927116600335 ], [ 28.711940814899904, 47.117922520829843 ], [ 28.711947258915743, 47.117917925059018 ], [ 28.711953702930472, 47.11791332928783 ], [ 28.711960146944097, 47.117908733516302 ], [ 28.71196659095661, 47.117904137744418 ], [ 28.711973034968015, 47.117899541972172 ], [ 28.711979478978307, 47.117894946199584 ], [ 28.711985922987491, 47.117890350426642 ], [ 28.71199236699557, 47.117885754653351 ], [ 28.711998811002534, 47.117881158879705 ], [ 28.712005255008393, 47.117876563105703 ], [ 28.712011699013136, 47.117871967331361 ], [ 28.712018143016774, 47.117867371556656 ], [ 28.712024587019307, 47.117862775781596 ], [ 28.712031031020725, 47.117858180006188 ], [ 28.712037475021042, 47.117853584230446 ], [ 28.712043919020239, 47.117848988454334 ], [ 28.712050363018331, 47.117844392677867 ], [ 28.712056951312228, 47.117844294178603 ], [ 28.712063395308626, 47.117839698401433 ], [ 28.712069839303904, 47.1178351026239 ], [ 28.712076283298085, 47.117830506846019 ], [ 28.712082727291151, 47.11782591106779 ], [ 28.712089171283111, 47.117821315289206 ], [ 28.712095615273956, 47.117816719510266 ], [ 28.712102203564278, 47.117816621008444 ], [ 28.712108647553432, 47.117812025228794 ], [ 28.712115091541463, 47.117807429448796 ], [ 28.7121215355284, 47.117802833668435 ], [ 28.712127979514218, 47.117798237887726 ], [ 28.712134423498934, 47.117793642106669 ], [ 28.712140867482532, 47.117789046325271 ], [ 28.712147311465028, 47.117784450543503 ], [ 28.712153899751193, 47.117784352038754 ], [ 28.712160343731991, 47.117779756256283 ], [ 28.712166787711674, 47.117775160473442 ], [ 28.712173231690247, 47.117770564690268 ], [ 28.712179675667716, 47.117765968906745 ], [ 28.712186119644077, 47.11776137312286 ], [ 28.712192563619325, 47.117756777338613 ], [ 28.712199151901917, 47.117756678831313 ], [ 28.712205595875467, 47.117752083046362 ], [ 28.712212039847905, 47.117747487261063 ], [ 28.712218483819242, 47.117742891475402 ], [ 28.712224927789464, 47.117738295689392 ], [ 28.712231371758573, 47.117733699903042 ], [ 28.712237815726578, 47.117729104116336 ], [ 28.712244259693474, 47.117724508329268 ], [ 28.712250847971905, 47.117724409819033 ], [ 28.7122572919371, 47.117719814031247 ], [ 28.712263735901189, 47.117715218243134 ], [ 28.712270179864166, 47.117710622454652 ], [ 28.712276623826032, 47.117706026665822 ], [ 28.712283067786796, 47.117701430876629 ], [ 28.712289511746441, 47.117696835087088 ], [ 28.712296100021305, 47.11769673657431 ], [ 28.712302543979256, 47.117692140784058 ], [ 28.712309132253491, 47.117692042270527 ], [ 28.712315576209743, 47.117687446479557 ], [ 28.712322164483357, 47.117687347965287 ], [ 28.712328752756935, 47.117687249450647 ], [ 28.7123351967109, 47.117682653658591 ], [ 28.712341784983849, 47.11768255514319 ], [ 28.712348228936115, 47.117677959350438 ], [ 28.712354817208439, 47.117677860834313 ], [ 28.712361405480735, 47.117677762317797 ], [ 28.712367849430716, 47.117673166523957 ], [ 28.71237443770238, 47.117673068006702 ], [ 28.712380881650667, 47.117668472212145 ], [ 28.712387469921705, 47.117668373694137 ], [ 28.712394058192722, 47.11766827517576 ], [ 28.71240050213871, 47.117663679380136 ], [ 28.712407090409094, 47.117663580861013 ], [ 28.712413534353391, 47.117658985064672 ], [ 28.712420122623154, 47.11765888654481 ], [ 28.712426710892878, 47.117658788024571 ], [ 28.712433299162569, 47.117658689503955 ], [ 28.712439887432225, 47.117658590982956 ], [ 28.712446475701846, 47.117658492461587 ], [ 28.712453063971438, 47.117658393939827 ], [ 28.712459652240991, 47.117658295417698 ], [ 28.712466240510505, 47.117658196895192 ], [ 28.712472828779987, 47.117658098372296 ], [ 28.71247941704944, 47.11765799984903 ], [ 28.712486005318851, 47.11765790132538 ], [ 28.712492593588234, 47.117657802801354 ], [ 28.712499181857574, 47.117657704276944 ], [ 28.712505770126885, 47.117657605752157 ], [ 28.712512358396157, 47.117657507226994 ], [ 28.712519091000331, 47.117661905978061 ], [ 28.71252567927009, 47.11766180745213 ], [ 28.712532411875891, 47.117666206202379 ], [ 28.7125391444828, 47.117670604952231 ], [ 28.712545877090822, 47.117675003701649 ], [ 28.712552609699951, 47.117679402450676 ], [ 28.712559342310186, 47.117683801199284 ], [ 28.712566074921536, 47.117688199947466 ], [ 28.712572807533991, 47.117692598695236 ], [ 28.712579540147562, 47.1176969974426 ], [ 28.712586272762238, 47.117701396189553 ], [ 28.712593005378018, 47.117705794936093 ], [ 28.71259973799491, 47.117710193682214 ], [ 28.712606470612911, 47.117714592427916 ], [ 28.712613203232028, 47.11771899117322 ], [ 28.712619935852249, 47.117723389918105 ], [ 28.712626524129252, 47.11772329138627 ], [ 28.712633256751097, 47.117727690130337 ], [ 28.712639989374061, 47.117732088873993 ], [ 28.712646721998127, 47.117736487617243 ], [ 28.712653454623304, 47.117740886360082 ], [ 28.712660042902346, 47.117740787826293 ], [ 28.712666775529161, 47.117745186568321 ], [ 28.712673508157074, 47.117749585309923 ], [ 28.712680240786099, 47.117753984051127 ], [ 28.712686973416233, 47.117758382791919 ], [ 28.712693561697325, 47.117758284256169 ], [ 28.712700294329085, 47.117762682996151 ], [ 28.712707026961954, 47.1177670817357 ], [ 28.712713759595943, 47.117771480474865 ], [ 28.712720492231032, 47.117775879213596 ], [ 28.712727224867233, 47.117780277951923 ], [ 28.712733813150891, 47.11778017941382 ], [ 28.712740545788712, 47.117784578151344 ], [ 28.712747278427656, 47.117788976888448 ], [ 28.712754011067702, 47.117793375625133 ], [ 28.712760743708859, 47.117797774361414 ], [ 28.712767331994556, 47.117797675821365 ], [ 28.712774064637347, 47.117802074556842 ], [ 28.712780797281241, 47.117806473291886 ], [ 28.712787529926246, 47.117810872026531 ], [ 28.712794262572359, 47.117815270760751 ], [ 28.712800850860102, 47.117815172218748 ], [ 28.712807583507846, 47.117819570952179 ], [ 28.712814316156699, 47.117823969685183 ], [ 28.71282104880666, 47.117828368417769 ], [ 28.712827781457726, 47.117832767149949 ], [ 28.712834514109908, 47.117837165881724 ], [ 28.712841102400212, 47.117837067337369 ], [ 28.712847835054021, 47.11784146606832 ], [ 28.712854567708945, 47.117845864798873 ], [ 28.712861300364967, 47.117850263529 ], [ 28.712868033022101, 47.117854662258708 ], [ 28.712874621314452, 47.117854563712406 ], [ 28.712881353973216, 47.117858962441325 ], [ 28.712888086633097, 47.11786336116981 ], [ 28.712894819294082, 47.117867759897891 ], [ 28.712901551956172, 47.117872158625566 ], [ 28.712908140250565, 47.117872060077303 ], [ 28.712914872914293, 47.117876458804169 ], [ 28.712921605579119, 47.117880857530615 ], [ 28.712928338245064, 47.117885256256642 ], [ 28.712935070912113, 47.117889654982271 ], [ 28.712941803580271, 47.117894053707474 ], [ 28.712948391877227, 47.117893955156866 ], [ 28.712955124547015, 47.117898353881259 ], [ 28.71296185721792, 47.117902752605261 ], [ 28.712968589889922, 47.117907151328836 ], [ 28.712975322563036, 47.117911550051986 ], [ 28.712981910862041, 47.117911451499417 ], [ 28.712988643536786, 47.11791585022177 ], [ 28.712995376212643, 47.117920248943712 ], [ 28.713002108889604, 47.117924647665241 ], [ 28.713008841567675, 47.117929046386351 ], [ 28.713015429868722, 47.117928947831828 ], [ 28.713022162548427, 47.117933346552135 ], [ 28.713028895229233, 47.11793774527203 ], [ 28.713035627911161, 47.117942143991506 ], [ 28.713042216213726, 47.117942045435413 ], [ 28.713048948897274, 47.117946444154079 ], [ 28.713055681581935, 47.117950842872332 ], [ 28.713062414267704, 47.117955241590181 ], [ 28.713069146954577, 47.117959640307603 ], [ 28.713075735259192, 47.117959541749563 ], [ 28.7130824679477, 47.11796394046619 ], [ 28.713089200637317, 47.11796833918239 ], [ 28.713095933328042, 47.117972737898192 ], [ 28.713102521634184, 47.117972639338589 ], [ 28.713109254326532, 47.117977038053574 ], [ 28.713115987019997, 47.117981436768147 ], [ 28.713122719714569, 47.117985835482301 ], [ 28.713129308022232, 47.117985736921142 ], [ 28.713136040718432, 47.1179901356345 ], [ 28.713142773415743, 47.117994534347439 ], [ 28.713149506114164, 47.117998933059965 ], [ 28.713156238813692, 47.118003331772073 ], [ 28.713162827123401, 47.118003233208945 ], [ 28.713169559824557, 47.11800763192025 ], [ 28.713176292526825, 47.118012030631149 ], [ 28.713183025230201, 47.118016429341623 ], [ 28.713189613541431, 47.118016330776946 ], [ 28.713196346246441, 47.118020729486616 ], [ 28.713203078952553, 47.118025128195875 ], [ 28.713209811659777, 47.118029526904706 ], [ 28.713216399972531, 47.118029428338467 ], [ 28.713223132681385, 47.118033827046503 ], [ 28.713229865391348, 47.11803822575412 ], [ 28.713236598102423, 47.118042624461339 ], [ 28.713243186416701, 47.118042525893529 ], [ 28.7132499191294, 47.118046924599923 ], [ 28.713256651843214, 47.118051323305906 ], [ 28.713263384558129, 47.118055722011491 ], [ 28.713270117274156, 47.118060120716649 ], [ 28.713276705590488, 47.118060022146885 ], [ 28.713283438308142, 47.118064420851233 ], [ 28.713290171026905, 47.118068819555177 ], [ 28.713296903746784, 47.118073218258701 ], [ 28.713303492064636, 47.118073119687381 ], [ 28.713310224786138, 47.118077518390095 ], [ 28.713316957508752, 47.118081917092397 ], [ 28.713323690232475, 47.118086315794287 ], [ 28.713330278551847, 47.118086217221411 ], [ 28.713337011277201, 47.118090615922483 ], [ 28.713343744003659, 47.118095014623158 ], [ 28.713350476731232, 47.118099413323421 ], [ 28.713357209459911, 47.118103812023264 ], [ 28.713363797781334, 47.118103713448413 ], [ 28.713370530511643, 47.118108112147461 ], [ 28.713377263243057, 47.118112510846082 ], [ 28.713383995975587, 47.118116909544277 ], [ 28.713390439887871, 47.118112313693693 ], [ 28.713390295477247, 47.118107816419482 ], [ 28.713396739387907, 47.118103220568543 ], [ 28.713396594976793, 47.118098723294345 ], [ 28.713403038885822, 47.118094127443072 ], [ 28.713409482793736, 47.118089531591451 ], [ 28.713409338381624, 47.118085034317254 ], [ 28.713415782287914, 47.118080438465292 ], [ 28.713422226193092, 47.118075842612967 ], [ 28.713422081779978, 47.118071345338812 ], [ 28.713428525683529, 47.118066749486147 ], [ 28.713434969585968, 47.118062153633126 ], [ 28.713434825171845, 47.118057656358992 ], [ 28.713441269072657, 47.118053060505638 ], [ 28.713441124658051, 47.118048563231518 ], [ 28.713447568557232, 47.118043967377815 ], [ 28.713454012455308, 47.118039371523771 ], [ 28.713460456352269, 47.118034775669372 ], [ 28.713466900248125, 47.11803017981461 ], [ 28.713473344142873, 47.118025583959515 ], [ 28.713479788036508, 47.118020988104057 ], [ 28.713486231929039, 47.118016392248258 ], [ 28.713492675820458, 47.118011796392089 ], [ 28.713499119710768, 47.118007200535573 ], [ 28.713498975291518, 47.118002703261553 ], [ 28.713505419180198, 47.117998107404695 ], [ 28.713511863067765, 47.117993511547496 ], [ 28.713518306954231, 47.117988915689949 ], [ 28.713524750839586, 47.11798431983204 ], [ 28.713531194723824, 47.117979723973775 ], [ 28.713537638606958, 47.11797512811517 ], [ 28.713544082488983, 47.117970532256194 ], [ 28.713550526369904, 47.117965936396892 ], [ 28.713556970249705, 47.117961340537221 ], [ 28.713556825825812, 47.117956843263293 ], [ 28.71356326970399, 47.117952247403288 ], [ 28.713569713581059, 47.117947651542934 ], [ 28.713576157457016, 47.117943055682218 ], [ 28.713582601331868, 47.117938459821154 ], [ 28.713589045205605, 47.117933863959742 ], [ 28.713595489078237, 47.117929268097974 ], [ 28.713601932949761, 47.117924672235858 ], [ 28.713608376820172, 47.117920076373395 ], [ 28.713614820689475, 47.117915480510568 ], [ 28.713614676260939, 47.11791098323674 ], [ 28.713621120128614, 47.117906387373566 ], [ 28.713627563995178, 47.117901791510064 ], [ 28.713634007860641, 47.117897195646208 ], [ 28.713640451724981, 47.117892599781982 ], [ 28.713646895588219, 47.117888003917408 ], [ 28.713653339450346, 47.117883408052492 ], [ 28.713659783311368, 47.117878812187222 ], [ 28.713666227171277, 47.117874216321596 ], [ 28.713672671030078, 47.117869620455629 ], [ 28.713679114887768, 47.117865024589292 ], [ 28.713678970454072, 47.117860527315578 ], [ 28.713685414310131, 47.117855931448901 ], [ 28.713691858165085, 47.117851335581889 ], [ 28.713698302018933, 47.117846739714516 ], [ 28.713704745871667, 47.117842143846801 ], [ 28.713711189723291, 47.117837547978716 ], [ 28.713717633573808, 47.117832952110291 ], [ 28.713724077423212, 47.117828356241517 ], [ 28.713730521271511, 47.117823760372389 ], [ 28.713736965118699, 47.117819164502897 ], [ 28.713743408964778, 47.117814568633051 ], [ 28.713749852809752, 47.117809972762878 ], [ 28.71375629665361, 47.117805376892349 ], [ 28.713762740496364, 47.117800781021444 ], [ 28.713769184338002, 47.117796185150205 ], [ 28.713775628178535, 47.117791589278617 ], [ 28.713782072017963, 47.117786993406675 ], [ 28.713788515856276, 47.117782397534377 ], [ 28.71379495969348, 47.117777801661724 ], [ 28.713801403529573, 47.117773205788723 ], [ 28.713807847364567, 47.117768609915366 ], [ 28.713814291198439, 47.117764014041668 ], [ 28.713820735031209, 47.117759418167608 ], [ 28.713827178862868, 47.117754822293207 ], [ 28.713833622693414, 47.117750226418437 ], [ 28.713840066522859, 47.117745630543332 ], [ 28.713846510351193, 47.117741034667873 ], [ 28.71385295417841, 47.117736438792043 ], [ 28.713859398004523, 47.117731842915887 ], [ 28.713865841829531, 47.117727247039369 ], [ 28.713872285653423, 47.117722651162502 ], [ 28.713878729476214, 47.11771805528528 ], [ 28.713885173297886, 47.117713459407703 ], [ 28.713891617118456, 47.117708863529771 ], [ 28.713898060937908, 47.117704267651497 ], [ 28.713904504756261, 47.117699671772868 ], [ 28.713910948573499, 47.117695075893884 ], [ 28.713917392389629, 47.117690480014552 ], [ 28.71392383620465, 47.117685884134879 ], [ 28.713930280018559, 47.117681288254836 ], [ 28.713936723831363, 47.117676692374445 ], [ 28.713943167643055, 47.117672096493699 ], [ 28.713949611453643, 47.117667500612619 ], [ 28.713956055263118, 47.117662904731162 ], [ 28.713962499071485, 47.117658308849364 ], [ 28.713968942878736, 47.117653712967225 ], [ 28.713975386684886, 47.117649117084724 ], [ 28.713981830489924, 47.117644521201861 ], [ 28.713988274293847, 47.117639925318663 ], [ 28.713994718096671, 47.117635329435103 ], [ 28.714001161898384, 47.117630733551202 ], [ 28.714007605698981, 47.117626137666939 ], [ 28.714014049498473, 47.11762154178232 ], [ 28.714020493296857, 47.117616945897367 ], [ 28.714026937094125, 47.117612350012045 ], [ 28.714033380890292, 47.117607754126375 ], [ 28.714039824685347, 47.117603158240364 ], [ 28.714046268479294, 47.117598562353997 ], [ 28.714052712272128, 47.117593966467275 ], [ 28.714059156063861, 47.117589370580198 ], [ 28.714065599854475, 47.11758477469278 ], [ 28.714072043643988, 47.117580178804992 ], [ 28.714078487432385, 47.117575582916871 ], [ 28.714084931219674, 47.117570987028387 ], [ 28.714091375005857, 47.117566391139555 ], [ 28.714097818790929, 47.117561795250374 ], [ 28.714104262574892, 47.117557199360839 ], [ 28.714110706357744, 47.117552603470941 ], [ 28.714117294608528, 47.117552504853641 ], [ 28.714123738389681, 47.11754790896304 ], [ 28.714130182169733, 47.117543313072083 ], [ 28.714136625948665, 47.117538717180771 ], [ 28.714143069726497, 47.117534121289111 ], [ 28.714149513503212, 47.11752952539711 ], [ 28.71415595727882, 47.117524929504739 ], [ 28.714162401053319, 47.117520333612021 ], [ 28.714168844826709, 47.117515737718954 ], [ 28.714175288598991, 47.117511141825545 ], [ 28.714181732370164, 47.117506545931775 ], [ 28.71418817614023, 47.117501950037649 ], [ 28.714194764384491, 47.117501851415973 ], [ 28.714201208152854, 47.117497255521144 ], [ 28.714207651920109, 47.117492659625952 ], [ 28.714214095686255, 47.117488063730406 ], [ 28.714220539451293, 47.117483467834511 ], [ 28.714226983215219, 47.117478871938275 ], [ 28.714233426978037, 47.117474276041676 ], [ 28.714239870739743, 47.11746968014473 ], [ 28.714246314500343, 47.117465084247428 ], [ 28.714252758259835, 47.117460488349785 ], [ 28.714259202018216, 47.117455892451773 ], [ 28.714265645775487, 47.117451296553426 ], [ 28.714272234013233, 47.117451197927366 ], [ 28.714278677768807, 47.117446602028288 ], [ 28.714285121523275, 47.117442006128883 ], [ 28.714291565276628, 47.117437410229101 ], [ 28.714298009028877, 47.117432814328978 ], [ 28.714304452780009, 47.1174282184285 ], [ 28.714310896530037, 47.11742362252766 ], [ 28.714317340278956, 47.117419026626493 ], [ 28.714323784026764, 47.117414430724956 ], [ 28.714330227773463, 47.117409834823064 ], [ 28.714336816005865, 47.117409736193359 ], [ 28.714343259750869, 47.117405140290771 ], [ 28.714349703494761, 47.117400544387813 ], [ 28.714356147237545, 47.117395948484507 ], [ 28.714362590979221, 47.11739135258086 ], [ 28.714369179209232, 47.117391253949322 ], [ 28.714375622949209, 47.117386658044957 ], [ 28.714382066688071, 47.11738206214023 ], [ 28.714388510425827, 47.117377466235148 ], [ 28.714394954162469, 47.117372870329724 ], [ 28.714401397898012, 47.117368274423953 ], [ 28.714407986125043, 47.117368175790219 ], [ 28.714414429858881, 47.11736357988373 ], [ 28.71442087359161, 47.117358983976878 ], [ 28.714427317323235, 47.117354388069685 ], [ 28.714433761053744, 47.11734979216213 ], [ 28.714440204783145, 47.117345196254234 ], [ 28.714446793007195, 47.117345097618312 ], [ 28.714453236734901, 47.117340501709691 ], [ 28.714459680461495, 47.117335905800722 ], [ 28.714466124186981, 47.117331309891412 ], [ 28.714472567911351, 47.117326713981733 ], [ 28.714479156133013, 47.11732661534397 ], [ 28.714485599855685, 47.11732201943358 ], [ 28.714492043577252, 47.117317423522856 ], [ 28.714498487297714, 47.117312827611762 ], [ 28.714504931017068, 47.117308231700314 ], [ 28.714511374735302, 47.117303635788524 ], [ 28.714517962953977, 47.117303537148558 ], [ 28.71452440667052, 47.117298941236058 ], [ 28.714530850385955, 47.117294345323195 ], [ 28.714537294100278, 47.117289749409984 ], [ 28.714543737813493, 47.117285153496425 ], [ 28.714550181525595, 47.117280557582518 ], [ 28.714556769741286, 47.117280458940364 ], [ 28.714563213451697, 47.117275863025732 ], [ 28.714569657160986, 47.117271267110745 ], [ 28.714576100869177, 47.117266671195409 ], [ 28.714582544576253, 47.117262075279733 ], [ 28.714589132789555, 47.117261976635746 ], [ 28.714595576494933, 47.117257380719344 ], [ 28.714602020199205, 47.117252784802581 ], [ 28.714608463902369, 47.117248188885483 ], [ 28.714614907604421, 47.117243592968038 ], [ 28.714621351305365, 47.117238997050229 ], [ 28.714627939515683, 47.117238898404047 ], [ 28.714634383214925, 47.117234302485514 ], [ 28.714640826913062, 47.11722970656664 ], [ 28.71464727061009, 47.117225110647418 ], [ 28.714653714306003, 47.11722051472784 ], [ 28.714660158000815, 47.117215918807915 ], [ 28.714666746208149, 47.117215820159529 ], [ 28.714673189901259, 47.117211224238893 ], [ 28.714679633593256, 47.117206628317895 ], [ 28.714686077284146, 47.117202032396548 ], [ 28.714692520973927, 47.117197436474832 ], [ 28.71469910917887, 47.117197337824635 ], [ 28.714705552866953, 47.117192741902223 ], [ 28.714711996553927, 47.117188145979455 ], [ 28.714718440239789, 47.117183550056339 ], [ 28.714724883924546, 47.117178954132854 ], [ 28.714731327608195, 47.117174358209041 ], [ 28.714737915810154, 47.117174259556634 ], [ 28.714744359492098, 47.117169663632097 ], [ 28.714750803172933, 47.117165067707205 ], [ 28.714757246852667, 47.117160471781958 ], [ 28.714763690531282, 47.117155875856369 ], [ 28.71477027873085, 47.117155777202136 ], [ 28.714776722407773, 47.11715118127583 ], [ 28.714783166083588, 47.117146585349161 ], [ 28.714789609758284, 47.117141989422144 ], [ 28.714796053431883, 47.117137393494787 ], [ 28.714802497104369, 47.117132797567074 ], [ 28.714809085300953, 47.117132698910645 ], [ 28.714815528971734, 47.117128102982214 ], [ 28.714821972641413, 47.117123507053428 ], [ 28.714828416309981, 47.117118911124301 ], [ 28.71483485997744, 47.117114315194819 ], [ 28.714841303643787, 47.117109719264967 ], [ 28.714847891837387, 47.117109620606342 ], [ 28.714854335502043, 47.117105024675794 ], [ 28.714860779165583, 47.117100428744884 ], [ 28.714867222828012, 47.117095832813625 ], [ 28.714873666489332, 47.117091236882011 ], [ 28.714880254680541, 47.117091138221561 ], [ 28.71488669834017, 47.117086542289236 ], [ 28.714893141998679, 47.117081946356564 ], [ 28.714899585656088, 47.117077350423536 ], [ 28.714906029312385, 47.117072754490152 ], [ 28.714912472967573, 47.117068158556428 ], [ 28.714919061155801, 47.117068059893768 ], [ 28.71492550480929, 47.117063463959319 ], [ 28.714932092996893, 47.117063365295934 ], [ 28.714938825720267, 47.117067763903535 ], [ 28.714945558444761, 47.11707216251073 ], [ 28.714952291170356, 47.117076561117521 ], [ 28.714959023897062, 47.117080959723886 ], [ 28.714965756624878, 47.117085358329838 ], [ 28.714972489353805, 47.117089756935385 ], [ 28.714979222083841, 47.117094155540514 ], [ 28.714979366623226, 47.117098652811777 ], [ 28.714986099354959, 47.117103051416471 ], [ 28.714992832087805, 47.117107450020754 ], [ 28.714999564821753, 47.117111848624631 ], [ 28.715006297556819, 47.117116247228083 ], [ 28.715013030292987, 47.117120645831122 ], [ 28.715019763030266, 47.117125044433756 ], [ 28.715019907573225, 47.117129541704898 ], [ 28.715026640312203, 47.117133940307085 ], [ 28.71503337305229, 47.117138338908873 ], [ 28.715040105793488, 47.117142737510235 ], [ 28.715046838535791, 47.117147136111193 ], [ 28.715053571279203, 47.117151534711731 ], [ 28.71506030402373, 47.117155933311864 ], [ 28.715060448570259, 47.117160430582885 ], [ 28.715067181316481, 47.117164829182578 ], [ 28.715073914063812, 47.117169227781865 ], [ 28.715080646812254, 47.117173626380733 ], [ 28.715087379561805, 47.117178024979196 ], [ 28.715094112312464, 47.117182423577233 ], [ 28.715100845064235, 47.117186822174858 ], [ 28.715107577817111, 47.117191220772064 ], [ 28.715114310571096, 47.117195619368879 ], [ 28.715121043326192, 47.11720001796526 ], [ 28.715127776082397, 47.117204416561222 ], [ 28.715134508839714, 47.117208815156786 ], [ 28.71514124159814, 47.117213213751945 ], [ 28.71514797435767, 47.117217612346664 ], [ 28.715154707118312, 47.117222010940999 ], [ 28.715161439880067, 47.117226409534901 ], [ 28.71516817264293, 47.117230808128397 ], [ 28.715174905406894, 47.117235206721475 ], [ 28.715181638171977, 47.117239605314133 ], [ 28.715188370938165, 47.117244003906386 ], [ 28.715195103705462, 47.117248402498234 ], [ 28.715201836473867, 47.117252801089649 ], [ 28.715208569243384, 47.117257199680665 ], [ 28.715215302014009, 47.117261598271249 ], [ 28.715222034785747, 47.117265996861441 ], [ 28.715228767558585, 47.117270395451214 ], [ 28.715235500332536, 47.117274794040569 ], [ 28.715242233107602, 47.117279192629503 ], [ 28.715248965883774, 47.117283591218055 ], [ 28.715255698661053, 47.117287989806158 ], [ 28.715262431439445, 47.117292388393871 ], [ 28.715269164218942, 47.117296786981157 ], [ 28.715275896999547, 47.117301185568039 ], [ 28.715282629781267, 47.117305584154494 ], [ 28.715289362564093, 47.117309982740544 ], [ 28.71529609534803, 47.117314381326182 ], [ 28.715302828133076, 47.1173187799114 ], [ 28.715309560919227, 47.117323178496214 ], [ 28.715316293706486, 47.117327577080609 ], [ 28.715323026494861, 47.117331975664598 ], [ 28.715329759284344, 47.117336374248168 ], [ 28.71533649207494, 47.117340772831312 ], [ 28.715343224866636, 47.117345171414051 ], [ 28.715349957659445, 47.117349569996385 ], [ 28.715356690453362, 47.1173539685783 ], [ 28.715363423248387, 47.117358367159795 ], [ 28.715370156044528, 47.117362765740886 ], [ 28.715376888841774, 47.117367164321564 ], [ 28.715383621640125, 47.117371562901816 ], [ 28.715390354439592, 47.117375961481663 ], [ 28.715397087240166, 47.117380360061098 ], [ 28.715403820041846, 47.117384758640128 ], [ 28.715410552844638, 47.117389157218724 ], [ 28.715417285648538, 47.117393555796923 ], [ 28.71542401845355, 47.117397954374695 ], [ 28.715430751259671, 47.117402352952062 ], [ 28.715437484066896, 47.117406751529018 ], [ 28.715444216875238, 47.117411150105546 ], [ 28.715450949684683, 47.117415548681684 ], [ 28.715457682495238, 47.117419947257396 ], [ 28.715464415306904, 47.117424345832688 ], [ 28.715471148119679, 47.117428744407576 ], [ 28.715477880933566, 47.117433142982051 ], [ 28.715484613748558, 47.117437541556107 ], [ 28.715484758332263, 47.117442038825907 ], [ 28.715491491148953, 47.117446437399529 ], [ 28.715498223966751, 47.11745083597274 ], [ 28.715504956785665, 47.117455234545538 ], [ 28.715505101371168, 47.117459731815273 ], [ 28.715511834191776, 47.117464130387638 ], [ 28.715511978777904, 47.117468627657367 ], [ 28.715512123364068, 47.117473124927074 ], [ 28.715512267950267, 47.117477622196787 ], [ 28.715512412536501, 47.117482119466494 ], [ 28.715512557122768, 47.117486616736208 ], [ 28.715512701709073, 47.117491114005894 ], [ 28.715512846295407, 47.117495611275586 ], [ 28.715519579121253, 47.117500009847411 ], [ 28.715519723708219, 47.11750450711709 ], [ 28.715519868295218, 47.117509004386747 ], [ 28.715520012882248, 47.117513501656411 ], [ 28.715520157469317, 47.117517998926076 ], [ 28.715520302056415, 47.117522496195733 ], [ 28.715520446643552, 47.117526993465376 ], [ 28.715520591230732, 47.117531490735033 ], [ 28.71552732406181, 47.117535889306311 ], [ 28.715527468649604, 47.117540386575925 ], [ 28.715527613237434, 47.11754488384554 ], [ 28.715527757825306, 47.117549381115154 ], [ 28.715527902413207, 47.117553878384783 ], [ 28.71552804700114, 47.11755837565439 ], [ 28.715528191589112, 47.11756287292399 ], [ 28.715528336177119, 47.117567370193598 ], [ 28.715535069013438, 47.117571768764314 ], [ 28.715535213602063, 47.117576266033886 ], [ 28.715535358190728, 47.117580763303465 ], [ 28.715535502779431, 47.117585260573037 ], [ 28.715535647368164, 47.117589757842609 ], [ 28.715535791956938, 47.117594255112159 ], [ 28.715535936545741, 47.117598752381731 ], [ 28.71553608113458, 47.117603249651289 ], [ 28.715542813976128, 47.117607648221465 ], [ 28.715542958565596, 47.117612145490988 ], [ 28.715543103155095, 47.11761664276051 ], [ 28.71554324774463, 47.117621140030039 ], [ 28.715543392334197, 47.117625637299568 ], [ 28.715543536923803, 47.117630134569076 ], [ 28.715550269769412, 47.117634533138734 ], [ 28.715550414359644, 47.117639030408235 ], [ 28.715557147206944, 47.117643428977459 ], [ 28.715557291797797, 47.117647926246924 ], [ 28.715564024646802, 47.117652324815722 ], [ 28.715564169238288, 47.117656822085166 ], [ 28.715570902088992, 47.117661220653531 ], [ 28.715571046681092, 47.117665717922954 ], [ 28.715577779533493, 47.117670116490878 ], [ 28.715584512387004, 47.117674515058404 ], [ 28.715584656980326, 47.117679012327784 ], [ 28.715591389835534, 47.117683410894863 ], [ 28.715591534429471, 47.117687908164221 ], [ 28.715598267286385, 47.117692306730866 ], [ 28.715598411880947, 47.117696804000197 ], [ 28.715605144739559, 47.117701202566415 ], [ 28.71560528933475, 47.117705699835724 ], [ 28.715612022195053, 47.117710098401517 ], [ 28.715612166790869, 47.117714595670805 ], [ 28.715618899652878, 47.117718994236149 ], [ 28.715619044249316, 47.117723491505423 ], [ 28.715625777113022, 47.117727890070341 ], [ 28.715625921710082, 47.117732387339579 ], [ 28.715632654575483, 47.117736785904057 ], [ 28.715632799173171, 47.117741283173274 ], [ 28.715639532040278, 47.117745681737325 ], [ 28.715639676638585, 47.117750179006535 ], [ 28.715646409507386, 47.117754577570146 ], [ 28.715646554106325, 47.117759074839327 ], [ 28.715653286976824, 47.117763473402512 ], [ 28.715653431576381, 47.117767970671657 ], [ 28.715660164448579, 47.117772369234402 ], [ 28.715660309048765, 47.117776866503533 ], [ 28.715667041922661, 47.117781265065865 ], [ 28.715667186523469, 47.117785762334954 ], [ 28.71567391939907, 47.117790160896838 ], [ 28.715674064000503, 47.117794658165934 ], [ 28.715680796877798, 47.117799056727378 ], [ 28.715680941479853, 47.117803553996431 ], [ 28.715687674358851, 47.117807952557449 ], [ 28.715687818961531, 47.117812449826495 ], [ 28.715694551842219, 47.117816848387079 ], [ 28.715694696445528, 47.117821345656083 ], [ 28.715701429327918, 47.11782574421624 ], [ 28.715701573931849, 47.117830241485237 ], [ 28.715708306815944, 47.117834640044954 ], [ 28.715708451420497, 47.117839137313929 ], [ 28.715715184306283, 47.117843535873199 ], [ 28.715715328911468, 47.117848033142145 ], [ 28.715722061798953, 47.11785243170101 ], [ 28.715722206404756, 47.117856928969928 ], [ 28.715728939293946, 47.117861327528345 ], [ 28.715735672184241, 47.117865726086364 ], [ 28.715735816791259, 47.11787022335524 ], [ 28.715742549683252, 47.117874621912812 ], [ 28.715742694290899, 47.117879119181666 ], [ 28.715749427184591, 47.117883517738818 ], [ 28.715749571792855, 47.117888015007644 ], [ 28.715756304688245, 47.117892413564348 ], [ 28.715756449297139, 47.117896910833167 ], [ 28.71576318219423, 47.117901309389445 ], [ 28.715763326803746, 47.117905806658236 ], [ 28.715770059702535, 47.117910205214066 ], [ 28.715770204312673, 47.117914702482828 ], [ 28.715776937213167, 47.117919101038247 ], [ 28.71578367011476, 47.117923499593239 ], [ 28.715783814726116, 47.117927996861958 ], [ 28.715790547629414, 47.117932395416538 ], [ 28.715790692241391, 47.117936892685222 ], [ 28.715797425146388, 47.117941291239354 ], [ 28.71579756975899, 47.117945788508031 ], [ 28.715804302665685, 47.117950187061737 ], [ 28.715804447278909, 47.117954684330378 ], [ 28.715811180187305, 47.117959082883644 ], [ 28.715811324801152, 47.117963580152271 ], [ 28.715818057711246, 47.11796797870511 ], [ 28.715824790622445, 47.11797237725753 ], [ 28.715824935237514, 47.117976874526107 ], [ 28.715831668150411, 47.117981273078094 ], [ 28.715831812766105, 47.117985770346657 ], [ 28.7158385456807, 47.117990168898217 ], [ 28.715838690297016, 47.117994666166744 ], [ 28.71584542321331, 47.117999064717871 ], [ 28.71584556783025, 47.118003561986377 ], [ 28.715852300748249, 47.118007960537071 ], [ 28.715852445365812, 47.118012457805563 ], [ 28.715859178285505, 47.118016856355815 ], [ 28.715859322903697, 47.118021353624286 ], [ 28.715866055825085, 47.118025752174113 ], [ 28.715872788747589, 47.11803015072352 ], [ 28.715872933366992, 47.118034647991941 ], [ 28.71587966629119, 47.118039046540922 ], [ 28.715879810911215, 47.118043543809321 ], [ 28.715886543837122, 47.118047942357869 ], [ 28.715886688457772, 47.118052439626247 ], [ 28.715893421385367, 47.118056838174361 ], [ 28.715893566006645, 47.118061335442704 ], [ 28.715900298935942, 47.118065733990385 ], [ 28.715900443557846, 47.11807023125872 ], [ 28.715907176488841, 47.118074629805967 ], [ 28.715907321111363, 47.118079127074274 ], [ 28.71590746573392, 47.118083624342567 ], [ 28.715914198667207, 47.118088022889367 ], [ 28.715914343290393, 47.118092520157646 ], [ 28.715921076225374, 47.118096918704019 ], [ 28.715921220849186, 47.118101415972276 ], [ 28.715927953785865, 47.118105814518195 ], [ 28.715928098410298, 47.118110311786431 ], [ 28.71593483134868, 47.118114710331923 ], [ 28.715934975973735, 47.118119207600145 ], [ 28.715941708913814, 47.118123606145211 ], [ 28.715941853539494, 47.118128103413383 ], [ 28.715941998165214, 47.118132600681569 ], [ 28.715948731107581, 47.118136999226188 ], [ 28.715948875733922, 47.118141496494339 ], [ 28.715955608677991, 47.118145895038516 ], [ 28.715955753304954, 47.11815039230666 ], [ 28.715962486250721, 47.118154790850411 ], [ 28.715962630878309, 47.118159288118513 ], [ 28.715969363825771, 47.118163686661845 ], [ 28.715969508453991, 47.118168183929932 ], [ 28.71596965308224, 47.118172681198011 ], [ 28.715976386031993, 47.118177079740867 ], [ 28.715976530660868, 47.118181577008933 ], [ 28.715983263612312, 47.118185975551363 ], [ 28.715983408241815, 47.118190472819407 ], [ 28.715990141194965, 47.118194871361396 ], [ 28.715990285825086, 47.118199368629419 ], [ 28.715997018779934, 47.118203767170982 ], [ 28.715997163410684, 47.118208264438962 ], [ 28.715997308041466, 47.118212761706957 ], [ 28.716004040998598, 47.118217160248065 ], [ 28.716004185630009, 47.118221657516031 ], [ 28.716010918588839, 47.118226056056713 ], [ 28.716011063220876, 47.118230553324651 ], [ 28.716017796181411, 47.118234951864892 ], [ 28.716017940814062, 47.118239449132815 ], [ 28.716024673776296, 47.11824384767263 ], [ 28.716024818409579, 47.118248344940525 ], [ 28.716024963042891, 47.118252842208406 ], [ 28.716031696007416, 47.118257240747788 ], [ 28.716031840641353, 47.118261738015647 ], [ 28.716038573607577, 47.118266136554574 ], [ 28.716038718242142, 47.118270633822419 ], [ 28.716045451210057, 47.118275032360913 ], [ 28.716052184179084, 47.11827943089898 ], [ 28.716058917149226, 47.118283829436656 ], [ 28.716065650120473, 47.118288227973913 ], [ 28.716072383092829, 47.118292626510751 ], [ 28.716079116066297, 47.118297025047177 ] ] } },
{ "type": "Feature", "properties": { "element": "node", "id": "I0162", "kind": "inspection", "length_m": null, "frm": null, "to": null }, "geometry": { "type": "Point", "coordinates": [ 28.71608122192449, 47.118299027845339 ] } },
{ "type": "Feature", "properties": { "element": "edge", "id": "I0162->I0160", "kind": "leg", "length_m": 3.6, "frm": "I0162", "to": "I0160" }, "geometry": { "type": "LineString", "coordinates": [ [ 28.716079116066297, 47.118297025047177 ], [ 28.716085849040869, 47.118301423583191 ], [ 28.716092437377277, 47.118301324851096 ], [ 28.71609917035348, 47.118305723386307 ], [ 28.716105903330792, 47.118310121921105 ], [ 28.716106047971255, 47.118314619188752 ], [ 28.71610619261175, 47.118319116456391 ] ] } },
{ "type": "Feature", "properties": { "element": "node", "id": "I0160", "kind": "inspection", "length_m": null, "frm": null, "to": null }, "geometry": { "type": "Point", "coordinates": [ 28.716105678505802, 47.118319543105819 ] } },
{ "type": "Feature", "properties": { "element": "edge", "id": "I0160->I0159", "kind": "leg", "length_m": 9.0, "frm": "I0160", "to": "I0159" }, "geometry": { "type": "LineString", "coordinates": [ [ 28.71610619261175, 47.118319116456391 ], [ 28.716106337252278, 47.118323613724044 ], [ 28.71610648189284, 47.118328110991683 ], [ 28.716106626533438, 47.118332608259308 ], [ 28.716113359514807, 47.118337006793595 ], [ 28.716120092497288, 47.11834140532747 ], [ 28.716126825480877, 47.118345803860926 ], [ 28.71612697012328, 47.118350301128494 ], [ 28.716127114765715, 47.118354798396062 ], [ 28.716127259408189, 47.118359295663637 ], [ 28.716127404050692, 47.118363792931198 ], [ 28.716127548693237, 47.118368290198759 ], [ 28.71612769333581, 47.118372787466313 ], [ 28.71613442632405, 47.118377185999243 ], [ 28.716141159313395, 47.118381584531754 ], [ 28.716141303957187, 47.118386081799258 ], [ 28.716141448601014, 47.118390579066762 ] ] } },
{ "type": "Feature", "properties": { "element": "node", "id": "I0159", "kind": "inspection", "length_m": null, "frm": null, "to": null }, "geometry": { "type": "Point", "coordinates": [ 28.71614132170005, 47.118389364479768 ] } },
{ "type": "Feature", "properties": { "element": "edge", "id": "I0159->I0161", "kind": "leg", "length_m": 29.9, "frm": "I0159", "to": "I0161" }, "geometry": { "type": "LineString", "coordinates": [ [ 28.716141448601014, 47.118390579066762 ], [ 28.716141303957187, 47.118386081799258 ], [ 28.716141159313395, 47.118381584531754 ], [ 28.716141014669638, 47.118377087264236 ], [ 28.716134281680883, 47.118372688731696 ], [ 28.716127548693237, 47.118368290198759 ], [ 28.716120815706702, 47.118363891665396 ], [ 28.716120671064751, 47.118359394397821 ], [ 28.716120526422831, 47.118354897130232 ], [ 28.71612038178095, 47.118350399862649 ], [ 28.716120237139101, 47.11834590259506 ], [ 28.716120092497288, 47.11834140532747 ], [ 28.716119947855507, 47.11833690805986 ], [ 28.716119803213765, 47.118332410792263 ], [ 28.716113070232467, 47.11832801225836 ], [ 28.71611292559135, 47.118323514990735 ], [ 28.71610619261175, 47.118319116456391 ], [ 28.716106047971255, 47.118314619188752 ], [ 28.716105903330792, 47.118310121921105 ], [ 28.716105758690372, 47.118305624653438 ], [ 28.71610561404998, 47.118301127385784 ], [ 28.716105469409623, 47.118296630118117 ], [ 28.716105324769309, 47.118292132850442 ], [ 28.716105180129023, 47.11828763558276 ], [ 28.716111623822854, 47.118283039581925 ], [ 28.716111479182086, 47.118278542314258 ], [ 28.716117922874293, 47.118273946313089 ], [ 28.716117778233034, 47.118269449045421 ], [ 28.716124221923611, 47.118264853043904 ], [ 28.716130665613072, 47.118260257042031 ], [ 28.716130520970815, 47.118255759774406 ], [ 28.716136964658649, 47.118251163772165 ], [ 28.716136820015908, 47.118246666504547 ], [ 28.716143263702115, 47.118242070501999 ], [ 28.716143119058891, 47.118237573234381 ], [ 28.716149562743468, 47.118232977231479 ], [ 28.716149418099754, 47.118228479963861 ], [ 28.716155861782703, 47.118223883960624 ], [ 28.71616230546454, 47.118219287957047 ], [ 28.716162160819827, 47.11821479068945 ], [ 28.716168604500034, 47.118210194685517 ], [ 28.716168459854831, 47.118205697417928 ], [ 28.716174903533418, 47.118201101413668 ], [ 28.716174758887725, 47.118196604146078 ], [ 28.716181202564684, 47.11819200814147 ], [ 28.716181057918508, 47.118187510873916 ], [ 28.716180913272371, 47.11818301360632 ], [ 28.716187356947177, 47.118178417601392 ], [ 28.716193945268049, 47.118178318863649 ], [ 28.716193800620871, 47.118173821596109 ], [ 28.716193655973733, 47.118169324328555 ], [ 28.7162000996458, 47.118164728322917 ], [ 28.716199954998174, 47.11816023105537 ] ] } },
{ "type": "Feature", "properties": { "element": "node", "id": "I0161", "kind": "inspection", "length_m": null, "frm": null, "to": null }, "geometry": { "type": "Point", "coordinates": [ 28.716188919863562, 47.118159803216173 ] } },
{ "type": "Feature", "properties": { "element": "edge", "id": "I0161->I0178", "kind": "leg", "length_m": 323.3, "frm": "I0161", "to": "I0178" }, "geometry": { "type": "LineString", "coordinates": [ [ 28.716199954998174, 47.11816023105537 ], [ 28.7162000996458, 47.118164728322917 ], [ 28.716193655973733, 47.118169324328555 ], [ 28.716193800620871, 47.118173821596109 ], [ 28.716193945268049, 47.118178318863649 ], [ 28.716187356947177, 47.118178417601392 ], [ 28.716187501593836, 47.118182914868953 ], [ 28.716181057918508, 47.118187510873916 ], [ 28.716181202564684, 47.11819200814147 ], [ 28.716174758887725, 47.118196604146078 ], [ 28.716174903533418, 47.118201101413668 ], [ 28.716168459854831, 47.118205697417928 ], [ 28.716168604500034, 47.118210194685517 ], [ 28.716162160819827, 47.11821479068945 ], [ 28.71616230546454, 47.118219287957047 ], [ 28.716155861782703, 47.118223883960624 ], [ 28.716156006426932, 47.118228381228221 ], [ 28.716149562743468, 47.118232977231479 ], [ 28.716149707387213, 47.11823747449909 ], [ 28.716143263702115, 47.118242070501999 ], [ 28.716143408345378, 47.11824656776961 ], [ 28.716136964658649, 47.118251163772165 ], [ 28.716137109301428, 47.118255661039811 ], [ 28.716130665613072, 47.118260257042031 ], [ 28.716130810255368, 47.118264754309671 ], [ 28.716124366565381, 47.11826935031155 ], [ 28.716124511207195, 47.118273847579196 ], [ 28.716118067515577, 47.118278443580735 ], [ 28.716111623822854, 47.118283039581925 ], [ 28.716105180129023, 47.11828763558276 ], [ 28.716098736434084, 47.118292231583261 ], [ 28.71609214809882, 47.118292330315711 ], [ 28.716085415124908, 47.118287931780038 ], [ 28.716085270486321, 47.118283434512321 ], [ 28.716078537514104, 47.118279035976244 ], [ 28.716078392876142, 47.118274538708484 ], [ 28.716078248238219, 47.118270041440745 ], [ 28.716071515268286, 47.118265642904198 ], [ 28.716071370630985, 47.118261145636424 ], [ 28.716064637662758, 47.118256747099451 ], [ 28.716064493026082, 47.118252249831656 ], [ 28.716057760059545, 47.11824785129425 ], [ 28.716057615423498, 47.118243354026426 ], [ 28.71605088245866, 47.118238955488586 ], [ 28.716050737823235, 47.118234458220748 ], [ 28.716050593187838, 47.118229960952895 ], [ 28.716043860225298, 47.118225562414608 ], [ 28.716043715590526, 47.118221065146741 ], [ 28.716036982629678, 47.118216666608014 ], [ 28.716036837995539, 47.118212169340119 ], [ 28.716030105036388, 47.118207770800957 ], [ 28.716029960402874, 47.118203273533048 ], [ 28.716023227445422, 47.118198874993446 ], [ 28.71602308281253, 47.118194377725516 ], [ 28.716022938179666, 47.118189880457578 ], [ 28.716016205224506, 47.118185481917529 ], [ 28.716016060592267, 47.118180984649563 ], [ 28.716009327638812, 47.118176586109087 ], [ 28.716009183007198, 47.118172088841106 ], [ 28.716002450055434, 47.11816769030019 ], [ 28.71600230542445, 47.118163193032174 ], [ 28.715995572474384, 47.118158794490824 ], [ 28.715995427844021, 47.118154297222794 ], [ 28.715995283213697, 47.11814979995475 ], [ 28.715988550265923, 47.118145401412953 ], [ 28.715988405636217, 47.118140904144902 ], [ 28.715981672690141, 47.118136505602671 ], [ 28.715981528061061, 47.118132008334584 ], [ 28.715974795116683, 47.118127609791927 ], [ 28.715974650488231, 47.118123112523818 ], [ 28.715967917545552, 47.118118713980728 ], [ 28.715967772917722, 47.118114216712591 ], [ 28.715967628289928, 47.118109719444448 ], [ 28.715960895349539, 47.118105320900909 ], [ 28.715960750722363, 47.118100823632759 ], [ 28.715954017783673, 47.118096425088773 ], [ 28.715953873157126, 47.118091927820579 ], [ 28.715947140220134, 47.118087529276174 ], [ 28.715946995594212, 47.118083032007959 ], [ 28.715940262658918, 47.118078633463114 ], [ 28.715940118033625, 47.118074136194892 ], [ 28.715939973408357, 47.118069638926663 ], [ 28.715933240475355, 47.118065240381362 ], [ 28.715933095850716, 47.118060743113105 ], [ 28.715926362919411, 47.118056344567385 ], [ 28.715926218295397, 47.118051847299107 ], [ 28.715919485365788, 47.118047448752939 ], [ 28.715919340742399, 47.118042951484647 ], [ 28.715912607814492, 47.118038552938046 ], [ 28.715912463191728, 47.118034055669725 ], [ 28.715905730265519, 47.11802965712269 ], [ 28.715905585643377, 47.118025159854341 ], [ 28.715898852718862, 47.118020761306887 ], [ 28.715898708097349, 47.118016264038516 ], [ 28.715891975174536, 47.118011865490622 ], [ 28.715885242252835, 47.118007466942302 ], [ 28.71588509763253, 47.118002969673896 ], [ 28.715878364712527, 47.117998571125163 ], [ 28.715871631793629, 47.117994172576005 ], [ 28.715864898875839, 47.117989774026434 ], [ 28.715858165959165, 47.117985375476465 ], [ 28.715851433043603, 47.117980976926063 ], [ 28.715844700129139, 47.117976578375256 ], [ 28.715837967215791, 47.117972179824037 ], [ 28.715831234303547, 47.117967781272405 ], [ 28.715824501392419, 47.117963382720347 ], [ 28.715824356777457, 47.117958885451756 ], [ 28.715824212162534, 47.117954388183172 ], [ 28.715824067547643, 47.117949890914566 ], [ 28.715823922932785, 47.117945393645954 ], [ 28.715823778317962, 47.117940896377355 ], [ 28.715823633703177, 47.117936399108736 ], [ 28.715823489088429, 47.11793190184013 ], [ 28.715823344473709, 47.117927404571503 ], [ 28.715816611568407, 47.117923006018891 ], [ 28.715816466954308, 47.11791850875025 ], [ 28.715809734050705, 47.117914110197212 ], [ 28.715809589437239, 47.117909612928528 ], [ 28.715802856535326, 47.117905214375057 ], [ 28.715796123634529, 47.117900815821159 ], [ 28.715795979022275, 47.117896318552447 ], [ 28.715789246123176, 47.117891919998115 ], [ 28.715789101511547, 47.117887422729389 ], [ 28.715782368614146, 47.117883024174631 ], [ 28.715782224003142, 47.117878526905869 ], [ 28.715775491107436, 47.117874128350671 ], [ 28.715775346497058, 47.117869631081895 ], [ 28.71576861360305, 47.117865232526263 ], [ 28.7157684689933, 47.117860735257473 ], [ 28.715761736100994, 47.117856336701408 ], [ 28.7157550032098, 47.117851938144938 ], [ 28.715754858601258, 47.117847440876083 ], [ 28.715748125711755, 47.11784304231918 ], [ 28.715747981103842, 47.117838545050319 ], [ 28.715741248216041, 47.117834146492974 ], [ 28.71574110360875, 47.117829649224092 ], [ 28.71573437072265, 47.117825250666307 ], [ 28.715734226115977, 47.117820753397403 ], [ 28.715727493231579, 47.117816354839192 ], [ 28.715727348625535, 47.117811857570267 ], [ 28.715720615742836, 47.117807459011622 ], [ 28.715720471137413, 47.117802961742662 ], [ 28.715713738256412, 47.117798563183598 ], [ 28.715713593651614, 47.117794065914609 ], [ 28.715706860772311, 47.117789667355105 ], [ 28.715706716168139, 47.117785170086094 ], [ 28.715699983290531, 47.117780771526164 ], [ 28.715699838686987, 47.117776274257139 ], [ 28.715693105811081, 47.117771875696761 ], [ 28.715692961208156, 47.117767378427715 ], [ 28.715686228333951, 47.117762979866917 ], [ 28.715686083731651, 47.117758482597843 ], [ 28.715679350859144, 47.117754084036591 ], [ 28.715679206257466, 47.117749586767509 ], [ 28.715672473386658, 47.117745188205838 ], [ 28.715672328785608, 47.117740690936714 ], [ 28.715665595916494, 47.117736292374623 ], [ 28.71566545131607, 47.11773179510547 ], [ 28.715658718448662, 47.117727396542932 ], [ 28.715658573848856, 47.117722899273758 ], [ 28.715651840983146, 47.117718500710794 ], [ 28.715651696383969, 47.117714003441613 ], [ 28.715644963519956, 47.117709604878208 ], [ 28.715644818921398, 47.117705107608984 ], [ 28.715638086059084, 47.11770070904516 ], [ 28.715637941461157, 47.117696211775929 ], [ 28.715631208600538, 47.117691813211664 ], [ 28.71563106400324, 47.117687315942398 ], [ 28.715624331144316, 47.117682917377692 ], [ 28.715624186547636, 47.117678420108412 ], [ 28.715617453690417, 47.117674021543287 ], [ 28.715617309094362, 47.117669524273964 ], [ 28.715610576238841, 47.117665125708413 ], [ 28.715603843384429, 47.117660727142443 ], [ 28.715603698789593, 47.117656229873099 ], [ 28.715596965936879, 47.117651831306674 ], [ 28.715596821342661, 47.117647334037301 ], [ 28.715590088491645, 47.117642935470471 ], [ 28.715589943898056, 47.117638438201077 ], [ 28.715583211048738, 47.117634039633792 ], [ 28.715583066455771, 47.117629542364369 ], [ 28.715576333608155, 47.117625143796658 ], [ 28.715576189015813, 47.117620646527222 ], [ 28.715576044423504, 47.117616149257771 ], [ 28.715575899831229, 47.117611651988319 ], [ 28.715569166986494, 47.117607253420147 ], [ 28.715569022394845, 47.117602756150667 ], [ 28.715568877803236, 47.117598258881188 ], [ 28.715568733211651, 47.117593761611701 ], [ 28.715568588620112, 47.117589264342222 ], [ 28.715568444028602, 47.117584767072721 ], [ 28.715568299437127, 47.117580269803227 ], [ 28.715568154845688, 47.117575772533726 ], [ 28.715561422006186, 47.117571373965013 ], [ 28.715561277415372, 47.117566876695477 ], [ 28.715561132824593, 47.117562379425955 ], [ 28.71556098823385, 47.117557882156426 ], [ 28.715560843643143, 47.117553384886897 ], [ 28.715560699052467, 47.11754888761736 ], [ 28.715560554461824, 47.117544390347817 ], [ 28.71556040987122, 47.117539893078273 ], [ 28.715553677036951, 47.117535494509006 ], [ 28.715553532446972, 47.117530997239434 ], [ 28.715553387857028, 47.117526499969863 ], [ 28.715553243267117, 47.117522002700291 ], [ 28.715553098677244, 47.117517505430712 ], [ 28.7155529540874, 47.117513008161119 ], [ 28.715552809497598, 47.11750851089154 ], [ 28.715546076667973, 47.117504112321718 ], [ 28.715545932078793, 47.117499615052111 ], [ 28.715545787489646, 47.117495117782497 ], [ 28.715545642900537, 47.117490620512889 ], [ 28.715545498311457, 47.117486123243275 ], [ 28.715545353722419, 47.117481625973632 ], [ 28.71554520913341, 47.11747712870401 ], [ 28.71554506454444, 47.117472631434381 ], [ 28.715538331720051, 47.11746823286402 ], [ 28.715538187131706, 47.117463735594356 ], [ 28.71553804254339, 47.117459238324699 ], [ 28.715537897955112, 47.117454741055042 ], [ 28.715537753366874, 47.11745024378537 ], [ 28.715537608778661, 47.117445746515706 ], [ 28.715530875958336, 47.117441347944833 ], [ 28.715530731370755, 47.117436850675141 ], [ 28.715523998552122, 47.117432452103841 ], [ 28.715517265734597, 47.117428053532116 ], [ 28.715510532918184, 47.11742365496 ], [ 28.715503800102887, 47.117419256387471 ], [ 28.715497067288688, 47.117414857814524 ], [ 28.715490334475604, 47.117410459241142 ], [ 28.715483601663632, 47.117406060667371 ], [ 28.715476868852758, 47.117401662093179 ], [ 28.715470136043006, 47.117397263518576 ], [ 28.715463403234356, 47.117392864943554 ], [ 28.715456670426818, 47.117388466368119 ], [ 28.715449937620384, 47.117384067792266 ], [ 28.715443204815067, 47.117379669216 ], [ 28.715436472010854, 47.117375270639329 ], [ 28.71542973920775, 47.117370872062253 ], [ 28.715423006405757, 47.117366473484758 ], [ 28.715416273604873, 47.117362074906829 ], [ 28.715409540805101, 47.117357676328503 ], [ 28.715402808006438, 47.117353277749764 ], [ 28.715396075208879, 47.117348879170613 ], [ 28.715389342412429, 47.117344480591044 ], [ 28.715382609617091, 47.117340082011061 ], [ 28.715375876822868, 47.11733568343066 ], [ 28.715369144029751, 47.117331284849861 ], [ 28.715362411237738, 47.117326886268629 ], [ 28.715355678446834, 47.117322487686998 ], [ 28.715348945657045, 47.117318089104948 ], [ 28.715342212868361, 47.117313690522479 ], [ 28.715335480080789, 47.117309291939605 ], [ 28.715328747294325, 47.117304893356319 ], [ 28.715322014508967, 47.117300494772614 ], [ 28.715315281724724, 47.117296096188497 ], [ 28.715308548941586, 47.11729169760396 ], [ 28.715301816159556, 47.117287299019019 ], [ 28.715295083378638, 47.117282900433665 ], [ 28.715288350598829, 47.117278501847885 ], [ 28.715281617820132, 47.117274103261707 ], [ 28.71527488504254, 47.11726970467511 ], [ 28.715268152266059, 47.1172653060881 ], [ 28.715261419490687, 47.117260907500665 ], [ 28.715254686716424, 47.117256508912838 ], [ 28.715247953943273, 47.117252110324578 ], [ 28.715241221171226, 47.117247711735921 ], [ 28.715234488400288, 47.117243313146822 ], [ 28.715227755630465, 47.11723891455734 ], [ 28.715221022861748, 47.117234515967439 ], [ 28.715214290094139, 47.117230117377119 ], [ 28.715207557327641, 47.117225718786386 ], [ 28.715200824562253, 47.117221320195227 ], [ 28.715194091797969, 47.117216921603678 ], [ 28.7151873590348, 47.117212523011709 ], [ 28.715180626272737, 47.117208124419314 ], [ 28.715173893511789, 47.117203725826514 ], [ 28.715167160751946, 47.117199327233301 ], [ 28.715160427993208, 47.117194928639677 ], [ 28.715153695235578, 47.11719053004564 ], [ 28.715146962479064, 47.117186131451177 ], [ 28.715140229723662, 47.117181732856309 ], [ 28.715133496969365, 47.117177334261036 ], [ 28.715133352416597, 47.117172836990186 ], [ 28.715126619663991, 47.117168438394479 ], [ 28.715119886912507, 47.117164039798347 ], [ 28.715113154162125, 47.117159641201795 ], [ 28.715106421412855, 47.117155242604852 ], [ 28.71509968866469, 47.117150844007476 ], [ 28.71509295591764, 47.117146445409702 ], [ 28.715086223171696, 47.117142046811495 ], [ 28.715079490426859, 47.117137648212896 ], [ 28.715072757683135, 47.117133249613872 ], [ 28.715066024940519, 47.117128851014435 ], [ 28.715059292199015, 47.117124452414579 ], [ 28.715052559458613, 47.117120053814318 ], [ 28.715052414912954, 47.117115556543247 ], [ 28.715045682174257, 47.117111157942553 ], [ 28.715038949436664, 47.117106759341439 ], [ 28.715032216700187, 47.117102360739914 ], [ 28.715025483964816, 47.117097962137983 ], [ 28.715018751230549, 47.117093563535633 ], [ 28.715012018497397, 47.117089164932857 ], [ 28.715005285765354, 47.117084766329697 ], [ 28.715005141223855, 47.117080269058469 ], [ 28.714998408493511, 47.117075870454876 ], [ 28.714991675764278, 47.117071471850835 ], [ 28.71498494303615, 47.117067073246403 ], [ 28.71497821030913, 47.117062674641559 ], [ 28.714971477583219, 47.117058276036289 ], [ 28.71496474485842, 47.1170538774306 ], [ 28.714964600320496, 47.117049380159273 ], [ 28.714957867597395, 47.117044981553164 ], [ 28.714964311244749, 47.117040385616598 ], [ 28.714970754890995, 47.117035789679683 ], [ 28.714977198536126, 47.117031193742399 ], [ 28.714983642180151, 47.117026597804781 ], [ 28.714990230363004, 47.117026499138106 ], [ 28.714996674005327, 47.117021903199749 ], [ 28.71500311764655, 47.117017307261065 ], [ 28.715009561286656, 47.117012711322026 ], [ 28.715016004925655, 47.117008115382632 ], [ 28.715022448563548, 47.117003519442889 ], [ 28.715029036743417, 47.117003420774012 ], [ 28.715035480379612, 47.116998824833544 ], [ 28.715041924014692, 47.116994228892729 ], [ 28.715048367648667, 47.116989632951565 ], [ 28.715054811281529, 47.116985037010046 ], [ 28.715061254913284, 47.116980441068186 ], [ 28.715067843090168, 47.116980342397106 ], [ 28.715074286720224, 47.116975746454528 ], [ 28.715080730349175, 47.116971150511588 ], [ 28.715087173977011, 47.1169665545683 ], [ 28.715093617603742, 47.116961958624664 ], [ 28.715100205778231, 47.116961859951765 ], [ 28.715106649403264, 47.116957264007404 ], [ 28.715113093027188, 47.116952668062702 ], [ 28.71511953665, 47.116948072117644 ], [ 28.715125980271704, 47.116943476172231 ], [ 28.715132423892296, 47.116938880226478 ], [ 28.715139012063805, 47.116938781551376 ], [ 28.715145455682702, 47.11693418560489 ], [ 28.715151899300487, 47.116929589658064 ], [ 28.71515834291716, 47.116924993710889 ], [ 28.715164786532725, 47.116920397763359 ], [ 28.71517137470185, 47.116920299086424 ], [ 28.715177818315716, 47.116915703138176 ], [ 28.715184261928478, 47.116911107189573 ], [ 28.715190705540124, 47.116906511240622 ], [ 28.715197149150665, 47.116901915291322 ], [ 28.715203592760098, 47.116897319341668 ], [ 28.715210180926235, 47.116897220662544 ], [ 28.715216624533969, 47.116892624712172 ], [ 28.715223068140592, 47.116888028761458 ], [ 28.715229511746106, 47.11688343281039 ], [ 28.715235955350515, 47.116878836858959 ], [ 28.715242398953809, 47.11687424090718 ], [ 28.715248987116965, 47.116874142225853 ], [ 28.715255430718564, 47.116869546273364 ], [ 28.715261874319054, 47.116864950320519 ], [ 28.715268317918429, 47.116860354367326 ], [ 28.715274761516699, 47.116855758413777 ], [ 28.715281349677465, 47.116855659730625 ], [ 28.715287793274037, 47.116851063776366 ], [ 28.715294236869493, 47.116846467821759 ], [ 28.715300680463852, 47.116841871866789 ], [ 28.715307124057098, 47.116837275911472 ], [ 28.715313567649229, 47.116832679955792 ], [ 28.71532015580701, 47.116832581270451 ], [ 28.715326599397443, 47.116827985314067 ], [ 28.715333042986774, 47.116823389357322 ], [ 28.715339486574987, 47.116818793400242 ], [ 28.715345930162101, 47.1168141974428 ], [ 28.7153523737481, 47.116809601485002 ], [ 28.715358961902897, 47.116809502797459 ], [ 28.715365405487198, 47.116804906838958 ], [ 28.715371849070387, 47.116800310880095 ], [ 28.715378292652467, 47.11679571492089 ], [ 28.715384736233442, 47.116791118961331 ], [ 28.715391324385848, 47.116791020271954 ], [ 28.715397767965126, 47.116786424311677 ], [ 28.715404211543287, 47.116781828351044 ], [ 28.715410655120348, 47.116777232390064 ], [ 28.715417098696292, 47.11677263642872 ], [ 28.715423542271132, 47.116768040467051 ], [ 28.71543013042055, 47.116767941775478 ], [ 28.715436573993692, 47.116763345813077 ], [ 28.715443017565725, 47.116758749850327 ], [ 28.71544946113664, 47.116754153887214 ], [ 28.715455904706456, 47.116749557923761 ], [ 28.71546234827516, 47.116744961959952 ], [ 28.715468791842753, 47.116740365995796 ], [ 28.715475235409233, 47.116735770031291 ], [ 28.715481678974612, 47.11673117406643 ], [ 28.715488122538883, 47.116726578101208 ], [ 28.715494566102038, 47.116721982135644 ], [ 28.715501009664081, 47.116717386169725 ], [ 28.715507453225023, 47.116712790203458 ], [ 28.715513896784852, 47.116708194236836 ], [ 28.71552034034357, 47.116703598269851 ], [ 28.715526783901186, 47.116699002302539 ], [ 28.715533227457684, 47.116694406334865 ], [ 28.715539671013079, 47.116689810366843 ], [ 28.715546114567363, 47.116685214398451 ], [ 28.715552558120539, 47.116680618429726 ], [ 28.715559001672602, 47.116676022460638 ], [ 28.715565445223557, 47.116671426491209 ], [ 28.715571888773407, 47.116666830521417 ], [ 28.715578332322142, 47.116662234551278 ], [ 28.715584775869772, 47.11665763858079 ], [ 28.715591219416293, 47.116653042609954 ], [ 28.715597662961702, 47.116648446638756 ], [ 28.715604106506003, 47.116643850667202 ], [ 28.715610550049199, 47.116639254695315 ], [ 28.715616993591283, 47.116634658723065 ], [ 28.715623437132251, 47.11663006275046 ], [ 28.715629880672122, 47.116625466777514 ], [ 28.715636324210877, 47.116620870804205 ], [ 28.715642767748516, 47.116616274830555 ], [ 28.715649211285058, 47.116611678856536 ], [ 28.715655654820488, 47.116607082882183 ], [ 28.715662098354802, 47.116602486907475 ], [ 28.715668541888011, 47.116597890932404 ], [ 28.715674985420112, 47.116593294956992 ], [ 28.715681428951108, 47.116588698981225 ], [ 28.715687872480991, 47.116584103005103 ], [ 28.715694316009763, 47.116579507028625 ], [ 28.715700759537427, 47.116574911051806 ], [ 28.715707203063982, 47.116570315074625 ], [ 28.715713646589428, 47.116565719097117 ], [ 28.715720090113763, 47.11656112311924 ], [ 28.715726533636992, 47.116556527141 ], [ 28.715732977159107, 47.116551931162419 ], [ 28.715739420680119, 47.116547335183498 ], [ 28.715745864200017, 47.116542739204206 ], [ 28.715752307718809, 47.116538143224567 ], [ 28.715745574997737, 47.116533744664402 ], [ 28.715745430396648, 47.116529247394496 ], [ 28.715738697677281, 47.116524848833897 ], [ 28.715731964959023, 47.116520450272887 ], [ 28.715725232241869, 47.116516051711478 ], [ 28.715718499525824, 47.116511653149637 ], [ 28.715711766810891, 47.116507254587376 ], [ 28.715705034097063, 47.116502856024717 ], [ 28.71569830138435, 47.116498457461645 ], [ 28.715698156787422, 47.116493960191605 ], [ 28.715698012190533, 47.11648946292155 ], [ 28.715697867593676, 47.116484965651502 ], [ 28.715697722996854, 47.11648046838144 ], [ 28.715697578400068, 47.116475971111385 ], [ 28.715697433803317, 47.116471473841308 ], [ 28.715697289206599, 47.116466976571253 ], [ 28.715697144609919, 47.116462479301177 ], [ 28.715690411903026, 47.116458080737516 ], [ 28.715683679197248, 47.116453682173464 ], [ 28.715676946492575, 47.116449283608993 ], [ 28.715670213789007, 47.11644488504411 ], [ 28.715670069194722, 47.116440387773949 ], [ 28.71566333649286, 47.116435989208625 ], [ 28.715656603792098, 47.116431590642904 ], [ 28.715649871092456, 47.116427192076756 ], [ 28.715643138393915, 47.116422793510189 ], [ 28.71563640569649, 47.116418394943224 ], [ 28.715636261105185, 47.11641389767297 ], [ 28.715629528409455, 47.116409499105558 ], [ 28.715622795714832, 47.116405100537747 ], [ 28.715616063021326, 47.116400701969511 ], [ 28.715609330328917, 47.116396303400869 ], [ 28.715609185740004, 47.116391806130537 ], [ 28.7156024530493, 47.116387407561454 ], [ 28.715595720359708, 47.11638300899196 ], [ 28.715588987671225, 47.116378610422053 ], [ 28.715588843084113, 47.116374113151664 ], [ 28.715582110397328, 47.116369714581325 ], [ 28.715575377711648, 47.116365316010565 ], [ 28.715568645027076, 47.116360917439401 ], [ 28.715561912343617, 47.116356518867825 ], [ 28.715555179661266, 47.116352120295829 ], [ 28.715548446980026, 47.116347721723422 ], [ 28.715548302396488, 47.116343224452905 ], [ 28.715541569716951, 47.116338825880064 ], [ 28.715534837038515, 47.116334427306811 ], [ 28.715528104361191, 47.116330028733152 ], [ 28.715521371684975, 47.116325630159075 ], [ 28.715514639009871, 47.116321231584571 ], [ 28.715514494429311, 47.116316734313955 ], [ 28.715507761755909, 47.116312335739032 ], [ 28.715501029083608, 47.116307937163704 ], [ 28.71549429641242, 47.116303538587943 ], [ 28.715487563742336, 47.116299140011783 ], [ 28.715480831073371, 47.11629474143519 ], [ 28.715480686495791, 47.116290244164489 ], [ 28.715473953828521, 47.116285845587456 ], [ 28.71546722116236, 47.116281447010046 ], [ 28.715460488497303, 47.116277048432202 ], [ 28.715453755833362, 47.116272649853947 ], [ 28.715453611258177, 47.116268152583146 ], [ 28.71544687859593, 47.116263754004471 ], [ 28.715440145934796, 47.116259355425356 ], [ 28.71543341327477, 47.116254956845857 ], [ 28.715426680615845, 47.116250558265918 ], [ 28.715419947958043, 47.116246159685588 ], [ 28.715419803385839, 47.116241662414687 ], [ 28.715419658813676, 47.116237165143779 ], [ 28.715412926158155, 47.11623276656298 ], [ 28.715406193503743, 47.11622836798179 ] ] } },
{ "type": "Feature", "properties": { "element": "node", "id": "I0178", "kind": "inspection", "length_m": null, "frm": null, "to": null }, "geometry": { "type": "Point", "coordinates": [ 28.715414398238952, 47.116223072576211 ] } },
{ "type": "Feature", "properties": { "element": "edge", "id": "I0178->I0177", "kind": "leg", "length_m": 3.6, "frm": "I0178", "to": "I0177" }, "geometry": { "type": "LineString", "coordinates": [ [ 28.715406193503743, 47.11622836798179 ], [ 28.715406338074729, 47.116232865252719 ], [ 28.715406482645747, 47.116237362523655 ], [ 28.715406627216804, 47.116241859794599 ], [ 28.715400183702762, 47.116246455754926 ], [ 28.715393740187618, 47.116251051714912 ], [ 28.715387296671363, 47.116255647674542 ] ] } },
{ "type": "Feature", "properties": { "element": "node", "id": "I0177", "kind": "inspection", "length_m": null, "frm": null, "to": null }, "geometry": { "type": "Point", "coordinates": [ 28.715379354026108, 47.116259952869811 ] } },
{ "type": "Feature", "properties": { "element": "edge", "id": "I0177->W0076", "kind": "leg", "length_m": 643.9, "frm": "I0177", "to": "W0076" }, "geometry": { "type": "LineString", "coordinates": [ [ 28.715387296671363, 47.116255647674542 ], [ 28.71539388475767, 47.116255548985862 ], [ 28.715400617414581, 47.116259947567748 ], [ 28.715407350072599, 47.116264346149201 ], [ 28.715407494643866, 47.116268843420116 ], [ 28.71541422730358, 47.116273242001149 ], [ 28.715420959964412, 47.116277640581771 ], [ 28.715427692626342, 47.116282039161973 ], [ 28.715434425289388, 47.116286437741756 ], [ 28.715434569863049, 47.116290935012593 ], [ 28.715441302527793, 47.116295333591957 ], [ 28.715448035193642, 47.116299732170894 ], [ 28.715454767860603, 47.11630413074942 ], [ 28.715461500528672, 47.116308529327547 ], [ 28.715468233197857, 47.116312927905255 ], [ 28.715468377774492, 47.116317425175978 ], [ 28.715475110445375, 47.116321823753253 ], [ 28.715481843117363, 47.116326222330116 ], [ 28.715488575790459, 47.116330620906552 ], [ 28.715495308464664, 47.116335019482584 ], [ 28.715502041139981, 47.116339418058203 ], [ 28.715508773816403, 47.11634381663341 ], [ 28.71551550649394, 47.116348215208198 ], [ 28.715522239172582, 47.116352613782574 ], [ 28.715528971852333, 47.116357012356545 ], [ 28.715535704533195, 47.116361410930089 ], [ 28.715542437215166, 47.116365809503215 ], [ 28.715549169898242, 47.116370208075942 ], [ 28.715555902582434, 47.116374606648264 ], [ 28.71556263526773, 47.116379005220161 ], [ 28.715569367954135, 47.116383403791637 ], [ 28.715576100641652, 47.116387802362702 ], [ 28.715582833330274, 47.116392200933362 ], [ 28.715589566020011, 47.116396599503602 ], [ 28.715596298710857, 47.116400998073431 ], [ 28.715603031402807, 47.116405396642847 ], [ 28.71560976409587, 47.116409795211851 ], [ 28.715616496790041, 47.116414193780436 ], [ 28.715623229485317, 47.116418592348609 ], [ 28.715629962181708, 47.116422990916369 ], [ 28.715636694879205, 47.116427389483725 ], [ 28.71564342757781, 47.116431788050647 ], [ 28.715650160277526, 47.116436186617172 ], [ 28.715656892978352, 47.116440585183277 ], [ 28.715663625680289, 47.11644498374897 ], [ 28.715670358383335, 47.116449382314258 ], [ 28.715677091087485, 47.116453780879112 ], [ 28.715677235682435, 47.116458278149246 ], [ 28.715677380277416, 47.116462775419379 ], [ 28.715684112983858, 47.116467173983793 ], [ 28.715690845691412, 47.116471572547788 ], [ 28.715697578400068, 47.116475971111385 ], [ 28.715704311109835, 47.116480369674562 ], [ 28.715711043820715, 47.116484768237314 ], [ 28.715717776532706, 47.11648916679966 ], [ 28.715724509245799, 47.116493565361594 ], [ 28.715731097360308, 47.116493466653147 ], [ 28.715737830075032, 47.116497865214271 ], [ 28.71574456279086, 47.11650226377499 ], [ 28.715751295507804, 47.116506662335276 ], [ 28.71575802822586, 47.116511060895164 ], [ 28.715764760945017, 47.116515459454639 ], [ 28.715771493665294, 47.116519858013696 ], [ 28.715778226386671, 47.116524256572347 ], [ 28.715784814504779, 47.116524157860752 ], [ 28.715791402622855, 47.116524059148794 ], [ 28.715797990740892, 47.116523960436446 ], [ 28.715804578858897, 47.116523861723721 ], [ 28.71581116697687, 47.116523763010626 ], [ 28.7158177550948, 47.116523664297141 ], [ 28.715824343212706, 47.116523565583286 ], [ 28.715830931330569, 47.116523466869047 ], [ 28.715837374839619, 47.116518870884732 ], [ 28.715843818347555, 47.116514274900062 ], [ 28.715850261854388, 47.116509678915051 ], [ 28.715856705360107, 47.116505082929677 ], [ 28.71586314886472, 47.116500486943963 ], [ 28.715869736979602, 47.116500388227529 ], [ 28.715876180482514, 47.116495792241096 ], [ 28.715882623984324, 47.116491196254316 ], [ 28.715889067485016, 47.116486600267152 ], [ 28.715895510984605, 47.116482004279668 ], [ 28.71590195448308, 47.116477408291843 ], [ 28.715908397980446, 47.116472812303634 ], [ 28.715914986091757, 47.116472713584649 ], [ 28.715921429587429, 47.116468117595737 ], [ 28.715927873081988, 47.116463521606484 ], [ 28.715934316575439, 47.116458925616868 ], [ 28.715940760067777, 47.116454329626883 ], [ 28.715947203559015, 47.116449733636578 ], [ 28.715953791667339, 47.116449634915391 ], [ 28.715960235156874, 47.116445038924354 ], [ 28.715966678645298, 47.116440442932969 ], [ 28.71597312213262, 47.116435846941236 ], [ 28.715979565618827, 47.116431250949155 ], [ 28.715986009103919, 47.116426654956712 ], [ 28.715992452587912, 47.116422058963927 ], [ 28.715999040692665, 47.116421960240181 ], [ 28.716005484174953, 47.116417364246672 ], [ 28.716011927656137, 47.116412768252815 ], [ 28.716018371136208, 47.116408172258602 ], [ 28.716024814615171, 47.116403576264041 ], [ 28.716031258093025, 47.116398980269132 ], [ 28.716037701569764, 47.116394384273868 ], [ 28.716044289670954, 47.116394285547564 ], [ 28.716050733145995, 47.116389689551589 ], [ 28.71605717661993, 47.116385093555245 ], [ 28.716063620092758, 47.116380497558573 ], [ 28.71607006356448, 47.116375901561533 ], [ 28.716076507035083, 47.116371305564151 ], [ 28.716082950504585, 47.116366709566407 ], [ 28.716089538602198, 47.116366610837545 ], [ 28.716095982070001, 47.11636201483909 ], [ 28.716102425536693, 47.116357418840281 ], [ 28.716108869002277, 47.116352822841129 ], [ 28.716115312466751, 47.116348226841623 ], [ 28.716121755930114, 47.116343630841754 ], [ 28.716128199392372, 47.116339034841545 ], [ 28.716134787486411, 47.116338936110125 ], [ 28.716141230946967, 47.116334340109205 ], [ 28.716147674406411, 47.116329744107908 ], [ 28.71615411786475, 47.116325148106284 ], [ 28.716160561321981, 47.116320552104312 ], [ 28.7161670047781, 47.116315956101971 ], [ 28.716173448233111, 47.116311360099282 ], [ 28.716180036323578, 47.116311261365304 ], [ 28.716186479776894, 47.116306665361904 ], [ 28.716192923229098, 47.116302069358149 ], [ 28.716199366680193, 47.116297473354052 ], [ 28.716205810130177, 47.116292877349586 ], [ 28.716212253579052, 47.116288281344779 ], [ 28.716218697026818, 47.116283685339631 ], [ 28.716225285113715, 47.116283586603082 ], [ 28.716231728559784, 47.116278990597216 ], [ 28.716238172004747, 47.116274394590981 ], [ 28.716244615448591, 47.116269798584398 ], [ 28.716251058891334, 47.116265202577466 ], [ 28.716257502332969, 47.116260606570194 ], [ 28.716264090416885, 47.116260507831463 ], [ 28.716270533856814, 47.116255911823451 ], [ 28.716276977295642, 47.116251315815113 ], [ 28.716283420733351, 47.116246719806412 ], [ 28.716289864169958, 47.116242123797356 ], [ 28.716296307605454, 47.116237527787952 ], [ 28.716302751039844, 47.116232931778192 ], [ 28.716309339120187, 47.116232833036904 ], [ 28.716315782552876, 47.116228237026441 ], [ 28.716322225984452, 47.116223641015608 ], [ 28.716328669414924, 47.116219045004428 ], [ 28.716335112844288, 47.116214448992899 ], [ 28.716341845571968, 47.116218847518525 ], [ 28.716341990221736, 47.116223344787279 ], [ 28.716342134871546, 47.116227842056027 ], [ 28.716348867601514, 47.116232240581191 ], [ 28.716349012251939, 47.116236737849903 ], [ 28.716349156902403, 47.116241235118629 ], [ 28.716349301552903, 47.116245732387341 ], [ 28.716349446203438, 47.116250229656046 ], [ 28.716356178936874, 47.11625462818072 ], [ 28.71635632358803, 47.116259125449417 ], [ 28.716356468239219, 47.116263622718101 ], [ 28.716356612890444, 47.116268119986763 ], [ 28.716363345626764, 47.116272518510975 ], [ 28.716363490278614, 47.116277015779644 ], [ 28.716363634930502, 47.116281513048278 ], [ 28.716363779582423, 47.116286010316919 ], [ 28.716363924234379, 47.11629050758556 ], [ 28.71637065697416, 47.116294906109289 ], [ 28.716370801626741, 47.116299403377901 ], [ 28.716370946279358, 47.116303900646528 ], [ 28.716371090932011, 47.116308397915127 ], [ 28.716371235584692, 47.116312895183739 ], [ 28.716377968327947, 47.116317293706963 ], [ 28.716378112981253, 47.116321790975547 ], [ 28.716378257634595, 47.116326288244132 ], [ 28.71637840228798, 47.116330785512702 ], [ 28.716385135034109, 47.116335184035464 ], [ 28.716385279688108, 47.116339681304012 ], [ 28.716385424342146, 47.116344178572568 ], [ 28.71638556899622, 47.11634867584111 ], [ 28.716385713650329, 47.116353173109651 ], [ 28.716392446399922, 47.116357571631916 ], [ 28.716392591054653, 47.116362068900429 ], [ 28.716392735709423, 47.116366566168949 ], [ 28.716392880364225, 47.116371063437448 ], [ 28.716399613116703, 47.116375461959244 ], [ 28.716399757772127, 47.116379959227736 ], [ 28.71639990242759, 47.116384456496228 ], [ 28.716400047083084, 47.116388953764691 ], [ 28.716400191738614, 47.116393451033169 ], [ 28.71640692449456, 47.116397849554474 ], [ 28.716407069150716, 47.116402346822937 ], [ 28.716407213806903, 47.116406844091379 ], [ 28.71640735846313, 47.116411341359814 ], [ 28.716414091221949, 47.116415739880651 ], [ 28.716414235878798, 47.116420237149072 ], [ 28.716414380535685, 47.116424734417485 ], [ 28.716414525192604, 47.116429231685906 ], [ 28.716414669849563, 47.116433728954327 ], [ 28.716421402611847, 47.116438127474659 ], [ 28.716421547269423, 47.116442624743037 ], [ 28.716421691927042, 47.116447122011422 ], [ 28.71642183658469, 47.116451619279808 ], [ 28.716428569349851, 47.116456017799671 ], [ 28.716428714008128, 47.116460515068027 ], [ 28.716428858666433, 47.116465012336377 ], [ 28.716429003324777, 47.116469509604727 ], [ 28.71642914798316, 47.116474006873077 ], [ 28.716435880751785, 47.116478405392449 ], [ 28.716436025410793, 47.116482902660771 ], [ 28.71643617006983, 47.116487399929085 ], [ 28.716436314728899, 47.116491897197399 ], [ 28.716443047500409, 47.116496295716303 ], [ 28.716443192160106, 47.116500792984603 ], [ 28.71644333681984, 47.116505290252881 ], [ 28.716443481479601, 47.11650978752116 ], [ 28.716443626139409, 47.116514284789439 ], [ 28.716450358914379, 47.116518683307859 ], [ 28.716450503574809, 47.11652318057611 ], [ 28.71645064823527, 47.11652767784436 ], [ 28.716450792895767, 47.116532175112603 ], [ 28.716457525673615, 47.116536573630555 ], [ 28.716457670334741, 47.116541070898776 ], [ 28.716457814995895, 47.116545568166998 ], [ 28.716457959657085, 47.116550065435213 ], [ 28.71645810431831, 47.116554562703428 ], [ 28.716464837099629, 47.116558961220889 ], [ 28.716464981761476, 47.116563458489061 ], [ 28.716465126423365, 47.11656795575724 ], [ 28.716465271085283, 47.116572453025427 ], [ 28.716472003869484, 47.116576851542412 ], [ 28.716472148532027, 47.11658134881057 ], [ 28.716472293194606, 47.116585846078721 ], [ 28.71647243785722, 47.116590343346871 ], [ 28.71647258251987, 47.116594840615015 ], [ 28.716479315307531, 47.116599239131503 ], [ 28.716479459970802, 47.11660373639964 ], [ 28.71647960463411, 47.116608233667748 ], [ 28.716479749297452, 47.11661273093587 ], [ 28.716486482087994, 47.116617129451889 ], [ 28.716486626751962, 47.116621626719976 ], [ 28.716486771415969, 47.11662612398807 ], [ 28.716486916080004, 47.116630621256149 ], [ 28.716487060744075, 47.116635118524229 ], [ 28.716493793538085, 47.116639517039758 ], [ 28.716493938202781, 47.116644014307809 ], [ 28.716494082867513, 47.116648511575868 ], [ 28.716494227532284, 47.116653008843912 ], [ 28.716494372197083, 47.116657506111963 ], [ 28.716501104994556, 47.116661904627001 ], [ 28.716501249659981, 47.116666401895024 ], [ 28.716501394325444, 47.11667089916304 ], [ 28.716501538990943, 47.116675396431056 ], [ 28.716508271791295, 47.116679794945618 ], [ 28.716515004592758, 47.116684193459768 ], [ 28.716515149259468, 47.116688690727742 ], [ 28.716521882062629, 47.11669308924148 ], [ 28.716528614866899, 47.116697487754777 ], [ 28.716535347672281, 47.116701886267663 ], [ 28.716535492340796, 47.116706383535586 ], [ 28.716542225147869, 47.116710782048045 ], [ 28.716548957956057, 47.116715180560099 ], [ 28.716549102625788, 47.116719677827959 ], [ 28.716555835435674, 47.11672407633958 ], [ 28.716562568246665, 47.116728474850774 ], [ 28.716569301058772, 47.11673287336157 ], [ 28.716576033871984, 47.116737271871941 ], [ 28.716582766686308, 47.116741670381906 ], [ 28.716589499501744, 47.116746068891452 ], [ 28.716596232318281, 47.116750467400593 ], [ 28.716602965135934, 47.116754865909307 ], [ 28.716609697954695, 47.116759264417617 ], [ 28.716616430774561, 47.116763662925514 ], [ 28.716623163595539, 47.116768061432985 ], [ 28.716629896417626, 47.116772459940059 ], [ 28.716636629240824, 47.116776858446713 ], [ 28.716643362065131, 47.116781256952947 ], [ 28.716650094890543, 47.11678565545877 ], [ 28.71665682771707, 47.116790053964188 ], [ 28.716663560544703, 47.116794452469186 ], [ 28.716670293373443, 47.116798850973773 ], [ 28.716677026203296, 47.116803249477947 ], [ 28.716683759034257, 47.116807647981702 ], [ 28.716690491866323, 47.116812046485045 ], [ 28.716697224699502, 47.116816444987975 ], [ 28.716703957533788, 47.116820843490494 ], [ 28.716710545685313, 47.116820744725189 ], [ 28.716717133836795, 47.116820645959521 ], [ 28.716723721988249, 47.116820547193463 ], [ 28.71673031013967, 47.116820448427028 ], [ 28.716736898291053, 47.116820349660202 ], [ 28.716743486442397, 47.116820250893021 ], [ 28.716750074593708, 47.116820152125449 ], [ 28.716756662744988, 47.116820053357507 ], [ 28.716763250896232, 47.116819954589175 ], [ 28.716769839047434, 47.116819855820459 ], [ 28.716776427198607, 47.116819757051374 ], [ 28.716783015349748, 47.116819658281919 ], [ 28.71678960350085, 47.116819559512074 ], [ 28.716796191651916, 47.116819460741844 ], [ 28.716802779802947, 47.116819361971245 ], [ 28.71680936795395, 47.11681926320027 ], [ 28.716815956104909, 47.116819164428904 ], [ 28.716822544255834, 47.116819065657168 ], [ 28.716828987712908, 47.116814469617921 ], [ 28.716835431168867, 47.116809873578333 ], [ 28.716842019318584, 47.116809774805482 ], [ 28.716848462772845, 47.116805178765169 ], [ 28.716854906225997, 47.116800582724515 ], [ 28.716861494374498, 47.116800483950563 ], [ 28.716867937825953, 47.116795887909184 ], [ 28.716874381276295, 47.116791291867457 ], [ 28.716880969423581, 47.116791193092403 ], [ 28.716887412872232, 47.116786597049952 ], [ 28.716893856319768, 47.116782001007152 ], [ 28.716900444465839, 47.116781902231004 ], [ 28.716906887911676, 47.116777306187487 ], [ 28.716913331356409, 47.116772710143628 ], [ 28.716919919501265, 47.116772611366351 ], [ 28.71692650764609, 47.116772512588717 ], [ 28.716933240493258, 47.116776911077615 ], [ 28.716933385195677, 47.116781408344515 ], [ 28.716940118044544, 47.116785806832986 ], [ 28.716946850894523, 47.116790205321031 ], [ 28.716946995598153, 47.116794702587903 ], [ 28.71695372844983, 47.116799101075522 ], [ 28.716953873154083, 47.116803598342372 ], [ 28.716960606007461, 47.116807996829543 ], [ 28.716967338861945, 47.116812395316316 ], [ 28.716967483567412, 47.116816892583117 ], [ 28.716974216423598, 47.116821291069456 ], [ 28.71697436112969, 47.116825788336236 ], [ 28.71698109398757, 47.116830186822142 ], [ 28.716987826846562, 47.116834585307622 ], [ 28.71698797155387, 47.116839082574373 ], [ 28.71699470441456, 47.116843481059426 ], [ 28.716994849122489, 47.116847978326135 ], [ 28.717001581984881, 47.116852376810762 ], [ 28.717001726693439, 47.116856874077463 ], [ 28.717008459557526, 47.116861272561657 ], [ 28.717015192422725, 47.116865671045424 ], [ 28.717015337132491, 47.116870168312069 ], [ 28.717022069999384, 47.116874566795424 ], [ 28.717022214709782, 47.116879064062047 ], [ 28.717028947578374, 47.116883462544962 ], [ 28.717035680448081, 47.116887861027458 ], [ 28.717035825159684, 47.116892358294045 ], [ 28.717042558031089, 47.116896756776114 ], [ 28.717042702743317, 47.116901254042673 ], [ 28.717049435616421, 47.116905652524302 ], [ 28.717049580329281, 47.116910149790833 ], [ 28.717056313204079, 47.116914548272035 ], [ 28.717056457917561, 47.116919045538545 ], [ 28.717063190794054, 47.116923444019321 ], [ 28.717063335508161, 47.116927941285816 ], [ 28.717070068386359, 47.116932339766137 ], [ 28.717070213101096, 47.116936837032604 ], [ 28.717076945980985, 47.116941235512513 ], [ 28.717077090696343, 47.116945732778952 ], [ 28.717083823577937, 47.11695013125842 ], [ 28.717083968293913, 47.116954628524844 ], [ 28.717090701177206, 47.116959027003887 ], [ 28.717090845893811, 47.116963524270275 ], [ 28.717097578778802, 47.116967922748877 ], [ 28.717097723496032, 47.116972420015259 ], [ 28.717104456382721, 47.116976818493427 ], [ 28.717104601100573, 47.116981315759773 ], [ 28.71711133398896, 47.116985714237515 ], [ 28.717111478707444, 47.11699021150384 ], [ 28.71711821159753, 47.116994609981141 ], [ 28.717118356316629, 47.116999107247445 ], [ 28.717125089208416, 47.117003505724313 ], [ 28.717125233928144, 47.117008002990602 ], [ 28.717131966821626, 47.117012401467051 ], [ 28.717132111541979, 47.117016898733311 ], [ 28.717132256262364, 47.117021395999565 ], [ 28.717138989158137, 47.117025794475538 ], [ 28.717139133879151, 47.117030291741777 ], [ 28.717145866776622, 47.117034690217324 ], [ 28.717146011498254, 47.117039187483535 ], [ 28.717152744397424, 47.117043585958662 ], [ 28.717152889119685, 47.117048083224844 ], [ 28.717159622020553, 47.117052481699531 ], [ 28.717159766743436, 47.117056978965685 ], [ 28.717166499646005, 47.117061377439946 ], [ 28.717166644369509, 47.117065874706093 ], [ 28.717173377273777, 47.117070273179905 ], [ 28.717173521997914, 47.117074770446024 ], [ 28.717180254903877, 47.11707916891941 ], [ 28.717180399628631, 47.117083666185501 ], [ 28.717187132536299, 47.117088064658454 ], [ 28.717187277261679, 47.11709256192453 ], [ 28.717194010171045, 47.117096960397049 ], [ 28.717194154897047, 47.117101457663097 ], [ 28.717200887808112, 47.117105856135183 ], [ 28.717201032534742, 47.117110353401209 ], [ 28.717207765447501, 47.117114751872869 ], [ 28.717207910174753, 47.11711924913886 ], [ 28.717214643089214, 47.117123647610093 ], [ 28.717214787817092, 47.117128144876055 ], [ 28.717221520733247, 47.117132543346855 ], [ 28.717228253650514, 47.117136941817229 ], [ 28.71723498656889, 47.117141340287205 ], [ 28.717235131298573, 47.117145837553117 ], [ 28.717241864218654, 47.117150236022646 ], [ 28.717248597139832, 47.117154634491754 ], [ 28.71724874187073, 47.117159131757631 ], [ 28.717255474793614, 47.117163530226321 ], [ 28.717262207717607, 47.117167928694592 ], [ 28.717268940642704, 47.11717232716245 ], [ 28.717269085375403, 47.117176824428256 ], [ 28.717275818302205, 47.117181222895681 ], [ 28.71728255123011, 47.117185621362694 ], [ 28.71728269596403, 47.117190118628457 ], [ 28.717289428893633, 47.117194517095037 ], [ 28.717296161824354, 47.117198915561211 ], [ 28.717302894756177, 47.117203314026959 ], [ 28.717303039491895, 47.117207811292658 ], [ 28.717309772425416, 47.117212209757973 ], [ 28.717316505360056, 47.117216608222883 ], [ 28.717323238295798, 47.117221006687373 ], [ 28.717323383033317, 47.117225503953023 ], [ 28.717330115970757, 47.117229902417066 ], [ 28.717336848909309, 47.117234300880725 ], [ 28.717336993648043, 47.117238798146317 ], [ 28.717343726588293, 47.117243196609536 ], [ 28.717350459529651, 47.117247595072321 ], [ 28.717357192472122, 47.117251993534722 ], [ 28.717357337212658, 47.117256490800258 ], [ 28.717364070156826, 47.117260889262205 ], [ 28.717370803102099, 47.117265287723747 ], [ 28.717370947843854, 47.117269784989247 ], [ 28.717377680790825, 47.117274183450348 ], [ 28.717384413738912, 47.117278581911037 ], [ 28.717391146688108, 47.117282980371321 ], [ 28.717391291431664, 47.117287477636765 ], [ 28.71739802438255, 47.117291876096608 ], [ 28.717404757334556, 47.117296274556033 ], [ 28.717411490287663, 47.117300673015052 ], [ 28.717418223241882, 47.117305071473659 ], [ 28.717424956197213, 47.11730946993184 ], [ 28.717431689153646, 47.117313868389616 ], [ 28.717438422111194, 47.117318266847001 ], [ 28.717445155069854, 47.117322665303945 ], [ 28.717451888029618, 47.117327063760484 ], [ 28.717458620990492, 47.117331462216598 ], [ 28.71746535395247, 47.117335860672313 ], [ 28.717472086915564, 47.117340259127616 ], [ 28.717478819879769, 47.117344657582485 ], [ 28.717485552845076, 47.117349056036964 ], [ 28.717492285811495, 47.117353454491017 ], [ 28.71749901877903, 47.117357852944664 ], [ 28.717505751747662, 47.117362251397893 ], [ 28.717512484717414, 47.117366649850702 ], [ 28.71751921768827, 47.117371048303113 ], [ 28.717525950660235, 47.117375446755098 ], [ 28.717532683633308, 47.117379845206663 ], [ 28.717539416607497, 47.117384243657831 ], [ 28.717546149582791, 47.11738864210858 ], [ 28.71755288255919, 47.117393040558909 ], [ 28.717559615536704, 47.117397439008826 ], [ 28.717566348515323, 47.117401837458338 ], [ 28.717573081495058, 47.117406235907424 ], [ 28.717579814475897, 47.117410634356105 ], [ 28.717586547457845, 47.117415032804381 ], [ 28.717593280440905, 47.11741943125223 ], [ 28.717600013425074, 47.117423829699661 ], [ 28.717606746410347, 47.117428228146693 ], [ 28.717613479396736, 47.117432626593306 ], [ 28.717620212384229, 47.117437025039507 ], [ 28.717626945372828, 47.117441423485289 ], [ 28.717633678362542, 47.117445821930666 ], [ 28.717640411353365, 47.117450220375623 ], [ 28.7176471443453, 47.117454618820169 ], [ 28.717653877338339, 47.117459017264288 ], [ 28.717660610332487, 47.117463415708009 ], [ 28.717667343327747, 47.117467814151304 ], [ 28.717674076324116, 47.117472212594201 ], [ 28.717680809321596, 47.117476611036679 ], [ 28.717687542320178, 47.117481009478752 ], [ 28.717694275319879, 47.117485407920384 ], [ 28.717701008320681, 47.117489806361633 ], [ 28.717707741322595, 47.117494204802455 ], [ 28.717714474325618, 47.117498603242851 ], [ 28.717721207329753, 47.117503001682856 ], [ 28.717727940334996, 47.117507400122435 ], [ 28.717734673341351, 47.117511798561594 ], [ 28.717741406348804, 47.117516197000356 ], [ 28.717748139357379, 47.117520595438698 ], [ 28.717754872367056, 47.117524993876621 ], [ 28.717761605377845, 47.11752939231414 ], [ 28.717768338389739, 47.117533790751224 ], [ 28.717775071402748, 47.117538189187925 ], [ 28.717781804416862, 47.117542587624193 ], [ 28.717788537432085, 47.117546986060049 ], [ 28.71779527044842, 47.117551384495499 ], [ 28.717802003465863, 47.11755578293053 ], [ 28.717808736484418, 47.11756018136515 ], [ 28.717815469504082, 47.117564579799357 ], [ 28.71782220252485, 47.117568978233152 ], [ 28.717828935546731, 47.117573376666535 ], [ 28.717835379004821, 47.117568780571176 ], [ 28.717835234222424, 47.117564283307004 ], [ 28.717835089440062, 47.11755978604284 ], [ 28.717834944657735, 47.117555288778661 ], [ 28.717841388113158, 47.117550692682983 ], [ 28.717841243330348, 47.117546195418825 ], [ 28.717841098547567, 47.117541698154653 ], [ 28.717840953764824, 47.117537200890482 ], [ 28.717840808982121, 47.117532703626303 ], [ 28.71784066419945, 47.117528206362124 ], [ 28.717840519416807, 47.117523709097931 ], [ 28.717840374634207, 47.117519211833745 ], [ 28.71784681808488, 47.117514615737797 ], [ 28.717846673301793, 47.117510118473618 ], [ 28.717846528518741, 47.117505621209439 ], [ 28.717846383735726, 47.117501123945246 ], [ 28.717846238952745, 47.117496626681039 ], [ 28.717846094169794, 47.117492129416853 ], [ 28.717845949386888, 47.117487632152645 ], [ 28.717852392833329, 47.117483036056427 ], [ 28.717852248049933, 47.117478538792234 ], [ 28.717852103266573, 47.117474041528041 ], [ 28.717851958483248, 47.117469544263841 ], [ 28.717851813699959, 47.117465046999627 ], [ 28.717851668916701, 47.117460549735419 ], [ 28.717851524133476, 47.117456052471212 ], [ 28.717857967575693, 47.11745145637471 ], [ 28.717857822791991, 47.117446959110495 ], [ 28.717857678008318, 47.117442461846288 ], [ 28.717857533224681, 47.117437964582074 ], [ 28.717857388441079, 47.117433467317852 ], [ 28.717857243657512, 47.117428970053631 ], [ 28.717857098873981, 47.117424472789409 ], [ 28.717863542311974, 47.117419876692615 ], [ 28.717863397527957, 47.117415379428415 ], [ 28.717863252743971, 47.117410882164179 ], [ 28.717863107960028, 47.117406384899958 ], [ 28.717862963176117, 47.117401887635729 ], [ 28.717862818392241, 47.117397390371501 ], [ 28.717862673608398, 47.117392893107258 ], [ 28.717869117042163, 47.117388297010187 ], [ 28.717868972257836, 47.117383799745959 ], [ 28.717868827473545, 47.11737930248173 ], [ 28.717868682689289, 47.117374805217494 ], [ 28.717868537905069, 47.117370307953252 ], [ 28.717868393120877, 47.117365810689002 ], [ 28.717868248336728, 47.117361313424759 ], [ 28.717874691766269, 47.117356717327397 ], [ 28.717874546981633, 47.117352220063161 ], [ 28.717874402197026, 47.117347722798911 ], [ 28.717874257412465, 47.117343225534661 ], [ 28.717874112627928, 47.117338728270411 ], [ 28.717873967843431, 47.117334231006154 ], [ 28.717873823058973, 47.117329733741904 ], [ 28.717880266484283, 47.117325137644258 ], [ 28.717880121699341, 47.117320640380008 ], [ 28.717879976914428, 47.117316143115751 ], [ 28.717879832129551, 47.117311645851501 ], [ 28.717886275552196, 47.117307049753535 ], [ 28.717886130766832, 47.117302552489292 ], [ 28.717885985981511, 47.117298055225035 ], [ 28.717892429402006, 47.117293459126749 ], [ 28.717892284616191, 47.117288961862499 ], [ 28.717892139830415, 47.117284464598242 ], [ 28.717891995044674, 47.117279967333992 ], [ 28.717898438462505, 47.117275371235394 ], [ 28.717898293676278, 47.11727087397113 ], [ 28.71789814889009, 47.11726637670688 ], [ 28.717904592305764, 47.117261780607947 ], [ 28.717904447519089, 47.117257283343719 ], [ 28.71790430273245, 47.117252786079455 ], [ 28.717910746145979, 47.117248189980202 ], [ 28.717910601358852, 47.117243692715959 ], [ 28.717910456571769, 47.117239195451717 ], [ 28.717916899983148, 47.11723459935213 ], [ 28.717916755195571, 47.117230102087895 ], [ 28.717916610408032, 47.117225604823659 ], [ 28.71792305381727, 47.117221008723732 ], [ 28.717922909029241, 47.117216511459503 ], [ 28.717922764241251, 47.11721201419526 ], [ 28.717929207648339, 47.117207418095028 ], [ 28.717929062859866, 47.117202920830792 ], [ 28.717928918071422, 47.117198423566563 ], [ 28.717935361476361, 47.117193827465982 ], [ 28.717935216687433, 47.117189330201761 ], [ 28.717935071898548, 47.117184832937525 ], [ 28.717941515301334, 47.117180236836631 ], [ 28.717941370511966, 47.117175739572417 ], [ 28.717941225722626, 47.117171242308181 ], [ 28.717947669123262, 47.117166646206947 ], [ 28.717947524333439, 47.117162148942732 ], [ 28.717947379543649, 47.117157651678518 ], [ 28.717953822942142, 47.117153055576956 ], [ 28.717953678151869, 47.117148558312735 ], [ 28.717953533361626, 47.117144061048521 ], [ 28.717959976757978, 47.117139464946646 ], [ 28.717959831967253, 47.117134967682432 ], [ 28.717959687176563, 47.117130470418218 ], [ 28.717966130570758, 47.117125874316002 ], [ 28.717965985779585, 47.117121377051788 ], [ 28.717965840988448, 47.117116879787581 ], [ 28.71797228438049, 47.117112283685032 ], [ 28.71797213958887, 47.117107786420831 ], [ 28.717971994797285, 47.117103289156624 ], [ 28.717978438187185, 47.117098693053748 ], [ 28.71797829339511, 47.117094195789555 ], [ 28.717978148603066, 47.117089698525348 ], [ 28.717984591990824, 47.117085102422145 ], [ 28.717984447198297, 47.117080605157952 ], [ 28.71798430240581, 47.117076107893752 ], [ 28.717990745791408, 47.117071511790236 ], [ 28.717990600998437, 47.117067014526036 ], [ 28.717990456205506, 47.117062517261836 ], [ 28.717996899588954, 47.117057921157979 ], [ 28.717996754795532, 47.117053423893793 ], [ 28.717996610002146, 47.1170489266296 ], [ 28.718003053383452, 47.117044330525403 ], [ 28.718002908589579, 47.117039833261231 ], [ 28.718002763795742, 47.117035335997045 ], [ 28.718002619001947, 47.117030838732852 ], [ 28.718009062380577, 47.117026242628341 ], [ 28.718008917586292, 47.117021745364163 ], [ 28.718008772792043, 47.117017248099977 ], [ 28.718015216168531, 47.117012651995132 ], [ 28.718015071373792, 47.117008154730954 ], [ 28.718014926579091, 47.117003657466782 ], [ 28.71802136995343, 47.116999061361611 ], [ 28.718021225158246, 47.116994564097425 ], [ 28.718021080363094, 47.11699006683326 ], [ 28.718027523735284, 47.116985470727762 ], [ 28.718027378939649, 47.11698097346359 ], [ 28.718027234144049, 47.116976476199405 ], [ 28.718033677514089, 47.116971880093601 ], [ 28.71803353271801, 47.116967382829422 ], [ 28.71803338792196, 47.11696288556525 ], [ 28.71803983128985, 47.116958289459106 ], [ 28.718039686493317, 47.116953792194934 ], [ 28.718039541696815, 47.11694929493077 ], [ 28.71804598506256, 47.116944698824298 ], [ 28.718045840265574, 47.116940201560126 ], [ 28.718045695468629, 47.116935704295969 ], [ 28.718052138832224, 47.116931108189164 ], [ 28.718051994034795, 47.116926610925006 ], [ 28.718051849237391, 47.116922113660841 ], [ 28.718058292598844, 47.116917517553709 ], [ 28.718058147800956, 47.116913020289559 ], [ 28.718058003003105, 47.116908523025394 ], [ 28.718064446362408, 47.116903926917935 ], [ 28.718064301564073, 47.116899429653785 ], [ 28.718064156765781, 47.116894932389634 ], [ 28.718070600122932, 47.116890336281841 ], [ 28.718070455324145, 47.116885839017691 ], [ 28.718070310525398, 47.116881341753547 ], [ 28.718076753880403, 47.116876745645435 ], [ 28.718076609081166, 47.116872248381284 ], [ 28.718076464281967, 47.116867751117134 ], [ 28.718082907634827, 47.116863155008701 ], [ 28.718082762835145, 47.116858657744558 ], [ 28.718082618035496, 47.116854160480408 ], [ 28.718089061386202, 47.116849564371627 ], [ 28.718088916586069, 47.116845067107505 ], [ 28.718088771785972, 47.116840569843355 ], [ 28.718095215134532, 47.116835973734254 ], [ 28.718095070333948, 47.116831476470118 ], [ 28.7180949255334, 47.116826979205996 ], [ 28.718101368879807, 47.116822383096554 ], [ 28.718101224078779, 47.116817885832425 ], [ 28.71810107927778, 47.116813388568303 ], [ 28.718107522622045, 47.116808792458535 ], [ 28.718107377820562, 47.116804295194413 ], [ 28.718107233019111, 47.116799797930284 ], [ 28.7181070882177, 47.116795300666155 ], [ 28.718113531559293, 47.116790704556074 ], [ 28.718113386757398, 47.116786207291952 ], [ 28.718113241955539, 47.11678171002783 ], [ 28.718119685294983, 47.116777113917415 ], [ 28.718119540492637, 47.116772616653293 ], [ 28.718119395690326, 47.116768119389178 ], [ 28.718125839027618, 47.116763523278436 ], [ 28.718125694224828, 47.116759026014321 ], [ 28.718125549422066, 47.116754528750207 ], [ 28.718131992757215, 47.116749932639131 ], [ 28.718131847953966, 47.116745435375023 ], [ 28.71813170315076, 47.116740938110915 ], [ 28.71813814648376, 47.11673634199952 ], [ 28.718138001680064, 47.116731844735405 ], [ 28.7181378568764, 47.11672734747129 ], [ 28.718144300207253, 47.116722751359575 ], [ 28.718144155403106, 47.116718254095467 ], [ 28.718144010598998, 47.116713756831359 ], [ 28.718150453927702, 47.11670916071931 ], [ 28.718150309123104, 47.116704663455209 ], [ 28.718150164318544, 47.116700166191109 ], [ 28.718156607645099, 47.116695570078711 ], [ 28.718156462840053, 47.116691072814618 ], [ 28.718156318035049, 47.116686575550524 ], [ 28.718162761359455, 47.116681979437821 ], [ 28.718162616553958, 47.116677482173721 ], [ 28.718162471748499, 47.116672984909627 ], [ 28.718168915070756, 47.11666838879659 ], [ 28.718168770264814, 47.116663891532497 ], [ 28.718168625458905, 47.11665939426841 ], [ 28.718175068779015, 47.116654798155039 ], [ 28.718174923972622, 47.11665030089096 ], [ 28.718174779166262, 47.116645803626866 ], [ 28.718181222484223, 47.116641207513176 ], [ 28.718181077677379, 47.116636710249097 ], [ 28.718180932870574, 47.116632212985017 ], [ 28.718187376186386, 47.116627616870979 ], [ 28.71818723137909, 47.116623119606899 ], [ 28.718187086571831, 47.116618622342827 ], [ 28.7181935298855, 47.116614026228476 ], [ 28.718193385077758, 47.116609528964403 ], [ 28.718193240270047, 47.116605031700324 ], [ 28.718199683581567, 47.116600435585646 ], [ 28.718199538773373, 47.116595938321574 ], [ 28.718199393965211, 47.116591441057494 ], [ 28.718205837274578, 47.116586844942496 ], [ 28.71820569246594, 47.116582347678417 ], [ 28.718205547657334, 47.116577850414345 ], [ 28.718211990964551, 47.116573254299013 ], [ 28.718211846155462, 47.116568757034948 ], [ 28.718211701346405, 47.11656425977089 ], [ 28.71821814465147, 47.116559663655224 ], [ 28.718217999841929, 47.116555166391166 ], [ 28.718217855032425, 47.116550669127093 ], [ 28.718217710222955, 47.116546171863035 ], [ 28.718224153525355, 47.11654157574705 ], [ 28.718224008715403, 47.116537078482999 ], [ 28.718223863905479, 47.116532581218927 ], [ 28.718230307205737, 47.116527985102628 ], [ 28.718230162395329, 47.116523487838556 ], [ 28.718230017584954, 47.116518990574498 ], [ 28.718236460883062, 47.116514394457866 ], [ 28.718236316072204, 47.116509897193808 ], [ 28.718236171261385, 47.116505399929743 ], [ 28.718236026450604, 47.116500902665699 ], [ 28.718242469746041, 47.116496306548747 ], [ 28.718242324934767, 47.116491809284696 ], [ 28.718242180123536, 47.116487312020631 ], [ 28.718242035312333, 47.116482814756573 ], [ 28.718241890501169, 47.116478317492508 ], [ 28.718241745690037, 47.116473820228457 ], [ 28.718241600878944, 47.11646932296437 ], [ 28.718241456067883, 47.116464825700298 ], [ 28.718241311256854, 47.116460328436219 ], [ 28.718241166445868, 47.116455831172139 ], [ 28.718241021634906, 47.116451333908039 ], [ 28.718240876823991, 47.116446836643952 ], [ 28.718247320112603, 47.116442240526773 ], [ 28.718247175301197, 47.116437743262701 ], [ 28.718247030489824, 47.116433245998593 ], [ 28.718246885678489, 47.116428748734513 ], [ 28.71824674086719, 47.116424251470413 ], [ 28.718246596055927, 47.116419754206305 ], [ 28.718246451244692, 47.116415256942219 ], [ 28.7182463064335, 47.116410759678104 ], [ 28.718246161622339, 47.116406262414003 ], [ 28.718246016811214, 47.116401765149881 ], [ 28.718245872000121, 47.116397267885759 ], [ 28.718245727189068, 47.116392770621644 ], [ 28.718252170470851, 47.116388174504237 ], [ 28.718252025659314, 47.116383677240123 ], [ 28.718251880847806, 47.116379179976001 ], [ 28.718251736036336, 47.116374682711879 ], [ 28.718251591224899, 47.116370185447757 ], [ 28.7182514464135, 47.116365688183635 ], [ 28.718251301602134, 47.116361190919491 ], [ 28.718251156790807, 47.116356693655355 ], [ 28.718251011979508, 47.116352196391219 ], [ 28.718250867168248, 47.116347699127068 ], [ 28.718250722357023, 47.116343201862925 ], [ 28.718250577545835, 47.116338704598775 ], [ 28.718257020820801, 47.116334108481141 ], [ 28.718256876009121, 47.116329611216983 ], [ 28.718256731197481, 47.116325113952833 ], [ 28.718256586385877, 47.116320616688689 ], [ 28.718256441574301, 47.116316119424532 ], [ 28.718256296762767, 47.116311622160367 ], [ 28.718256151951266, 47.11630712489621 ], [ 28.718256007139804, 47.116302627632038 ], [ 28.718255862328373, 47.116298130367859 ], [ 28.718255717516975, 47.116293633103687 ], [ 28.718262160786153, 47.116289036985805 ], [ 28.718262015974272, 47.116284539721654 ], [ 28.718261871162426, 47.116280042457461 ], [ 28.718261726350615, 47.116275545193297 ], [ 28.71826158153884, 47.116271047929111 ], [ 28.718261436727097, 47.116266550664939 ], [ 28.718261291915393, 47.116262053400739 ], [ 28.718261147103721, 47.116257556136546 ], [ 28.718261002292088, 47.116253058872353 ], [ 28.718260857480491, 47.116248561608153 ], [ 28.718260712668922, 47.116244064343938 ], [ 28.718267155931795, 47.116239468225828 ], [ 28.718267011119746, 47.116234970961635 ], [ 28.718266866307729, 47.116230473697428 ], [ 28.718266721495748, 47.116225976433228 ], [ 28.718266576683799, 47.116221479169027 ], [ 28.718266431871893, 47.11621698190482 ], [ 28.718266287060018, 47.116212484640606 ], [ 28.718266142248172, 47.11620798737637 ], [ 28.718265997436365, 47.116203490112163 ], [ 28.718265852624597, 47.116198992847934 ], [ 28.718265707812861, 47.116194495583692 ], [ 28.718272151069431, 47.116189899465354 ], [ 28.718272006257209, 47.116185402201133 ], [ 28.718271861445025, 47.116180904936897 ], [ 28.718271716632877, 47.116176407672668 ], [ 28.718271571820758, 47.116171910408433 ], [ 28.718271427008681, 47.11616741314419 ], [ 28.718271282196632, 47.116162915879947 ], [ 28.718271137384622, 47.116158418615704 ], [ 28.718270992572645, 47.116153921351447 ], [ 28.718270847760703, 47.116149424087197 ], [ 28.718277291011486, 47.116144827968604 ], [ 28.718277146199064, 47.116140330704347 ], [ 28.718277001386671, 47.11613583344009 ], [ 28.718276856574313, 47.116131336175833 ], [ 28.718276711761991, 47.116126838911583 ], [ 28.718276566949708, 47.116122341647319 ], [ 28.718276422137457, 47.116117844383062 ], [ 28.718276277325245, 47.116113347118784 ], [ 28.718276132513061, 47.116108849854513 ], [ 28.718275987700913, 47.116104352590227 ], [ 28.718275842888801, 47.116099855325942 ], [ 28.718282286133281, 47.116095259207121 ], [ 28.718282141320685, 47.116090761942836 ], [ 28.718281996508129, 47.116086264678565 ], [ 28.718281851695597, 47.116081767414279 ], [ 28.718281706883111, 47.116077270149994 ], [ 28.718281562070654, 47.116072772885701 ], [ 28.718281417258233, 47.116068275621409 ], [ 28.718281272445846, 47.116063778357116 ], [ 28.718281127633496, 47.116059281092816 ], [ 28.718280982821181, 47.116054783828503 ], [ 28.718280838008898, 47.116050286564196 ], [ 28.718287281247072, 47.116045690445127 ], [ 28.718287136434302, 47.116041193180827 ], [ 28.718286991621575, 47.11603669591652 ], [ 28.71828684680888, 47.116032198652206 ], [ 28.71828670199622, 47.116027701387907 ], [ 28.718286557183593, 47.116023204123586 ], [ 28.718286412371004, 47.116018706859258 ], [ 28.718286267558447, 47.11601420959493 ], [ 28.718286122745923, 47.116009712330609 ], [ 28.718285977933437, 47.116005215066274 ], [ 28.718292421165827, 47.116000618946956 ], [ 28.718292276352852, 47.115996121682628 ], [ 28.718292131539922, 47.115991624418307 ], [ 28.718291986727021, 47.115987127153979 ], [ 28.718291841914152, 47.115982629889643 ], [ 28.718291697101321, 47.115978132625287 ], [ 28.71829155228853, 47.115973635360952 ], [ 28.718291407475764, 47.115969138096609 ], [ 28.71829126266304, 47.11596464083226 ], [ 28.718291117850352, 47.115960143567889 ], [ 28.718290973037693, 47.11595564630354 ], [ 28.718297416263773, 47.11595105018398 ], [ 28.718297271450634, 47.115946552919624 ], [ 28.71829712663753, 47.115942055655275 ], [ 28.718296981824455, 47.115937558390918 ], [ 28.718296837011422, 47.115933061126547 ], [ 28.718296692198422, 47.115928563862184 ], [ 28.718296547385457, 47.115924066597813 ], [ 28.718296402572527, 47.115919569333435 ], [ 28.718296257759633, 47.11591507206905 ], [ 28.718296112946771, 47.115910574804673 ], [ 28.718302556167064, 47.115905978684879 ], [ 28.718302411353719, 47.115901481420501 ], [ 28.718302266540409, 47.115896984156109 ], [ 28.718302121727135, 47.115892486891731 ], [ 28.718301976913892, 47.115887989627346 ], [ 28.718301832100686, 47.115883492362954 ], [ 28.718301687287518, 47.115878995098562 ], [ 28.718301542474382, 47.115874497834156 ], [ 28.718301397661278, 47.11587000056975 ], [ 28.718301252848214, 47.115865503305351 ], [ 28.718301108035185, 47.115861006040944 ], [ 28.718307551249175, 47.115856409920909 ], [ 28.71830740643566, 47.115851912656503 ], [ 28.718307261622179, 47.115847415392082 ], [ 28.718307116808731, 47.115842918127676 ], [ 28.718306971995322, 47.115838420863263 ], [ 28.718306827181944, 47.115833923598849 ], [ 28.718306682368606, 47.115829426334415 ], [ 28.7183065375553, 47.115824929070001 ], [ 28.718306392742029, 47.115820431805567 ], [ 28.718306247928794, 47.115815934541125 ], [ 28.718306103115594, 47.115811437276683 ], [ 28.718312546323279, 47.11580684115642 ], [ 28.718312401509589, 47.115802343891993 ], [ 28.718312256695938, 47.115797846627558 ], [ 28.718312111882327, 47.115793349363116 ], [ 28.718311967068747, 47.115788852098675 ], [ 28.718311822255199, 47.115784354834233 ], [ 28.718311677441687, 47.115779857569784 ], [ 28.718318120645147, 47.115775261449222 ], [ 28.718324563847496, 47.115770665328327 ], [ 28.718331007048736, 47.115766069207069 ], [ 28.718337450248871, 47.115761473085449 ], [ 28.718343893447894, 47.115756876963495 ], [ 28.718350336645809, 47.115752280841185 ], [ 28.718356924659759, 47.115752181982884 ], [ 28.718356779842608, 47.115747684718521 ], [ 28.718356635025497, 47.115743187454143 ], [ 28.718356490208418, 47.115738690189758 ], [ 28.718356345391378, 47.115734192925387 ], [ 28.718349757379642, 47.115734291783617 ], [ 28.718349612563191, 47.115729794519218 ], [ 28.718349467746766, 47.115725297254819 ], [ 28.718349322930386, 47.115720799990399 ], [ 28.718349178114039, 47.115716302726 ], [ 28.718349033297724, 47.115711805461586 ], [ 28.718348888481444, 47.115707308197166 ], [ 28.718348743665199, 47.115702810932746 ], [ 28.718348598848991, 47.115698313668311 ], [ 28.718348454032821, 47.115693816403876 ], [ 28.718348309216676, 47.115689319139442 ], [ 28.718348164400577, 47.115684821875 ], [ 28.718348019584511, 47.115680324610572 ], [ 28.718347874768472, 47.115675827346116 ], [ 28.718347729952473, 47.115671330081668 ], [ 28.71834758513651, 47.115666832817212 ], [ 28.718347440320581, 47.115662335552756 ], [ 28.718347295504685, 47.115657838288293 ], [ 28.718347150688828, 47.115653341023823 ], [ 28.718347005872999, 47.115648843759352 ], [ 28.718346861057213, 47.115644346494882 ], [ 28.718346716241463, 47.115639849230412 ], [ 28.718346571425737, 47.115635351965928 ], [ 28.718346426610058, 47.115630854701436 ], [ 28.718346281794403, 47.115626357436952 ], [ 28.718346136978795, 47.11562186017246 ], [ 28.718345992163215, 47.115617362907962 ], [ 28.71834584734767, 47.115612865643456 ], [ 28.718345702532162, 47.11560836837895 ], [ 28.718345557716685, 47.115603871114438 ], [ 28.718345412901247, 47.115599373849932 ], [ 28.718345268085841, 47.115594876585412 ], [ 28.718345123270471, 47.115590379320892 ], [ 28.718344978455136, 47.115585882056372 ], [ 28.718344833639836, 47.115581384791845 ], [ 28.718351276816893, 47.115576788669621 ], [ 28.718351132001111, 47.115572291405101 ], [ 28.71835098718536, 47.115567794140574 ], [ 28.718350842369649, 47.115563296876033 ], [ 28.718357285544041, 47.115558700753489 ], [ 28.718357140727839, 47.115554203488976 ], [ 28.718356995911677, 47.115549706224449 ], [ 28.718356851095546, 47.115545208959922 ], [ 28.718356706279451, 47.115540711695402 ], [ 28.718363149450656, 47.115536115572546 ], [ 28.718363004634078, 47.115531618308019 ], [ 28.718362859817532, 47.115527121043492 ], [ 28.718362715001028, 47.115522623778958 ], [ 28.718369158169558, 47.115518027655796 ], [ 28.718369013352568, 47.115513530391269 ], [ 28.71836886853561, 47.115509033126742 ], [ 28.718368723718683, 47.115504535862208 ], [ 28.718375166884556, 47.115499939738719 ], [ 28.718375022067146, 47.115495442474199 ], [ 28.718374877249776, 47.115490945209679 ], [ 28.718374732432434, 47.115486447945145 ], [ 28.718381175595635, 47.115481851821343 ], [ 28.718381030777813, 47.115477354556816 ], [ 28.71838088596002, 47.115472857292289 ], [ 28.718380741142273, 47.115468360027762 ], [ 28.718387184302806, 47.115463763903648 ], [ 28.718387039484568, 47.115459266639114 ], [ 28.718386894666363, 47.115454769374587 ], [ 28.718386749848193, 47.115450272110053 ], [ 28.718393193006058, 47.115445675985619 ], [ 28.718393048187409, 47.115441178721092 ], [ 28.718392903368791, 47.115436681456572 ], [ 28.718392758550209, 47.115432184192038 ], [ 28.718392613731663, 47.115427686927504 ], [ 28.718399056886337, 47.115423090802764 ], [ 28.718398912067308, 47.115418593538237 ], [ 28.718398767248313, 47.115414096273703 ], [ 28.718398622429351, 47.115409599009162 ], [ 28.718405065581358, 47.115405002884117 ], [ 28.718404920761909, 47.115400505619583 ], [ 28.718404775942496, 47.115396008355056 ], [ 28.718404631123121, 47.115391511090507 ], [ 28.718411074272463, 47.115386914965136 ], [ 28.718410929452602, 47.115382417700609 ], [ 28.718410784632777, 47.115377920436075 ], [ 28.718410639812987, 47.11537342317154 ], [ 28.718417082959661, 47.115368827045842 ], [ 28.718416938139384, 47.115364329781322 ], [ 28.718416793319143, 47.115359832516788 ], [ 28.718416648498934, 47.115355335252247 ], [ 28.718423091642943, 47.115350739126242 ], [ 28.718422946822251, 47.115346241861715 ], [ 28.718422802001598, 47.115341744597174 ], [ 28.718422657180973, 47.115337247332647 ], [ 28.718429100322314, 47.115332651206323 ], [ 28.718428955501206, 47.115328153941796 ], [ 28.718428810680138, 47.115323656677255 ], [ 28.718428665859104, 47.115319159412728 ], [ 28.718428521038099, 47.11531466214818 ], [ 28.71843496417625, 47.11531006602155 ], [ 28.718434819354762, 47.115305568757016 ], [ 28.718434674533313, 47.115301071492482 ], [ 28.718434529711903, 47.115296574227941 ], [ 28.718440972847382, 47.115291978100991 ], [ 28.718440828025482, 47.11528748083645 ], [ 28.718440683203617, 47.115282983571923 ], [ 28.718440538381788, 47.115278486307375 ], [ 28.718446981514603, 47.115273890180113 ], [ 28.718446836692287, 47.115269392915579 ], [ 28.71844669187001, 47.115264895651052 ], [ 28.718446547047765, 47.115260398386503 ], [ 28.718452990177909, 47.115255802258915 ], [ 28.718452845355181, 47.115251304994388 ], [ 28.718452700532492, 47.115246807729854 ], [ 28.718452555709828, 47.115242310465312 ], [ 28.718458998837313, 47.115237714337411 ], [ 28.718458854014163, 47.11523321707287 ], [ 28.718458709191054, 47.115228719808343 ], [ 28.718458564367982, 47.115224222543809 ], [ 28.718465007492796, 47.11521962641558 ], [ 28.718464862669233, 47.115215129151053 ], [ 28.718464717845713, 47.115210631886519 ], [ 28.718464573022224, 47.115206134621978 ], [ 28.718464428198768, 47.11520163735743 ], [ 28.718470871320392, 47.115197041228903 ], [ 28.718470726496456, 47.115192543964376 ], [ 28.718470581672552, 47.115188046699835 ], [ 28.718477024792026, 47.115183450570981 ], [ 28.718476879967639, 47.115178953306462 ], [ 28.71848332308549, 47.11517435717726 ], [ 28.71848317826062, 47.11516985991274 ], [ 28.718483033435781, 47.115165362648206 ], [ 28.718489476551476, 47.115160766518699 ], [ 28.718489331726154, 47.115156269254172 ], [ 28.718495774840228, 47.115151673124302 ], [ 28.71849563001442, 47.115147175859796 ], [ 28.71850207312686, 47.1151425797296 ], [ 28.718501928300572, 47.115138082465087 ], [ 28.718508371411382, 47.11513348633455 ], [ 28.718508226584611, 47.115128989070058 ], [ 28.718508081757868, 47.115124491805553 ], [ 28.718514524866535, 47.115119895674688 ], [ 28.718514380039309, 47.115115398410197 ], [ 28.718520823146342, 47.115110802278991 ], [ 28.718520678318633, 47.115106305014486 ], [ 28.718527121424046, 47.11510170888296 ], [ 28.718526976595847, 47.115097211618462 ], [ 28.718526831767687, 47.115092714353992 ], [ 28.71853327487095, 47.115088118222111 ], [ 28.718533130042303, 47.115083620957634 ], [ 28.718539573143936, 47.11507902482542 ], [ 28.718539428314809, 47.115074527560957 ], [ 28.718545871414815, 47.115069931428401 ], [ 28.718545726585198, 47.115065434163945 ], [ 28.718552169683573, 47.115060838031049 ], [ 28.718552024853473, 47.115056340766593 ], [ 28.718551880023409, 47.115051843502137 ], [ 28.718558323119634, 47.115047247368906 ], [ 28.71855817828909, 47.115042750104465 ], [ 28.718564621383688, 47.1150381539709 ], [ 28.71856447655265, 47.115033656706451 ], [ 28.718570919645622, 47.115029060572553 ], [ 28.718570774814101, 47.115024563308118 ], [ 28.718577217905448, 47.115019967173872 ], [ 28.718577073073444, 47.115015469909451 ], [ 28.718576928241475, 47.11501097264501 ], [ 28.71858337133067, 47.115006376510451 ], [ 28.718583226498218, 47.115001879246023 ], [ 28.718589669585779, 47.114997283111109 ], [ 28.71858952475284, 47.114992785846681 ], [ 28.71859596783878, 47.114988189711433 ], [ 28.718595823005359, 47.114983692447034 ], [ 28.718595678171969, 47.11497919518262 ], [ 28.71860212125576, 47.114974599047038 ], [ 28.718601976421887, 47.114970101782632 ], [ 28.718608419504051, 47.114965505646715 ], [ 28.718608274669695, 47.114961008382316 ], [ 28.718614717750221, 47.114956412246052 ], [ 28.718614572915381, 47.114951914981674 ], [ 28.718621015994284, 47.114947318845068 ], [ 28.718620871158961, 47.114942821580691 ], [ 28.718620726323671, 47.114938324316306 ], [ 28.718627169400424, 47.114933728179373 ], [ 28.71862702456465, 47.114929230915003 ], [ 28.718633467639776, 47.114924634777729 ], [ 28.718633322803516, 47.114920137513359 ], [ 28.718639765877008, 47.114915541375751 ], [ 28.718639621040268, 47.114911044111388 ], [ 28.718639476203556, 47.114906546847024 ], [ 28.718645919274906, 47.114901950709083 ], [ 28.718645774437711, 47.114897453444733 ], [ 28.718652217507429, 47.114892857306444 ], [ 28.718652072669755, 47.114888360042102 ], [ 28.718658515737843, 47.114883763903485 ], [ 28.718658370899686, 47.114879266639136 ] ] } },
{ "type": "Feature", "properties": { "element": "node", "id": "W0076", "kind": "waste", "length_m": null, "frm": null, "to": null }, "geometry": { "type": "Point", "coordinates": [ 28.718642551436695, 47.114869007449386 ] } },
{ "type": "Feature", "properties": { "element": "edge", "id": "W0076->I0155", "kind": "leg", "length_m": 555.8, "frm": "W0076", "to": "I0155" }, "geometry": { "type": "LineString", "coordinates": [ [ 28.718658370899686, 47.114879266639136 ], [ 28.718658515737843, 47.114883763903485 ], [ 28.718658660576043, 47.114888261167813 ], [ 28.718658805414272, 47.114892758432156 ], [ 28.718658950252539, 47.114897255696484 ], [ 28.718659095090842, 47.114901752960805 ], [ 28.718659239929178, 47.114906250225125 ], [ 28.718652796858493, 47.114910846363813 ], [ 28.718646353786696, 47.114915442502131 ], [ 28.718646498624029, 47.114919939766473 ], [ 28.718646643461394, 47.114924437030815 ], [ 28.718646788298795, 47.114928934295143 ], [ 28.718646933136238, 47.114933431559479 ], [ 28.71864707797371, 47.114937928823799 ], [ 28.718647222811214, 47.114942426088135 ], [ 28.718647367648757, 47.114946923352448 ], [ 28.718640924572213, 47.114951519490504 ], [ 28.718641069409273, 47.114956016754824 ], [ 28.718641214246365, 47.11496051401916 ], [ 28.718641359083495, 47.114965011283466 ], [ 28.718641503920654, 47.114969508547787 ], [ 28.718635060840924, 47.114974104685537 ], [ 28.7186352056776, 47.114978601949858 ], [ 28.718628762596243, 47.114983198087259 ], [ 28.718628907432436, 47.114987695351601 ], [ 28.718622464349448, 47.114992291488669 ], [ 28.718622609185161, 47.114996788753011 ], [ 28.718622754020902, 47.115001286017332 ], [ 28.718616310935765, 47.115005882154072 ], [ 28.718616455771024, 47.115010379418415 ], [ 28.718610012684263, 47.115014975554828 ], [ 28.718610157519038, 47.115019472819171 ], [ 28.718603714430643, 47.115024068955236 ], [ 28.718603859264931, 47.115028566219586 ], [ 28.718604004099262, 47.115033063483942 ], [ 28.718597561008714, 47.115037659619674 ], [ 28.718597705842555, 47.11504215688403 ], [ 28.71859126275039, 47.115046753019428 ], [ 28.718591407583748, 47.115051250283798 ], [ 28.718584964489946, 47.115055846418841 ], [ 28.718585109322817, 47.115060343683218 ], [ 28.718578666227387, 47.115064939817934 ], [ 28.718578811059778, 47.115069437082312 ], [ 28.718578955892195, 47.115073934346697 ], [ 28.718572512794619, 47.115078530481078 ], [ 28.718572657626559, 47.11508302774547 ], [ 28.718566214527357, 47.115087623879511 ], [ 28.718566359358807, 47.115092121143903 ], [ 28.718559916257973, 47.115096717277602 ], [ 28.71856006108894, 47.115101214542008 ], [ 28.718560205919943, 47.115105711806407 ], [ 28.718553762816963, 47.11511030793978 ], [ 28.718547319712876, 47.115114904072797 ], [ 28.718540876607673, 47.115119500205473 ], [ 28.718534433501365, 47.11512409633778 ], [ 28.718527990393952, 47.115128692469753 ], [ 28.718528135222389, 47.115133189734209 ], [ 28.718528280050862, 47.115137686998658 ], [ 28.718528424879374, 47.115142184263107 ], [ 28.718528569707921, 47.115146681527541 ], [ 28.7185287145365, 47.115151178791983 ], [ 28.718528859365115, 47.115155676056425 ], [ 28.718522416253467, 47.115160272188099 ], [ 28.718522561081596, 47.115164769452541 ], [ 28.718516117968331, 47.115169365583895 ], [ 28.718516262795976, 47.115173862848337 ], [ 28.718509819681074, 47.115178458979337 ], [ 28.718509964508236, 47.115182956243785 ], [ 28.71851010933543, 47.115187453508256 ], [ 28.718503666218375, 47.115192049638921 ], [ 28.718503811045093, 47.115196546903384 ], [ 28.718497367926414, 47.115201143033715 ], [ 28.718497512752638, 47.115205640298186 ], [ 28.718497657578904, 47.115210137562656 ], [ 28.718497802405199, 47.115214634827105 ], [ 28.718491359283856, 47.11521923095713 ], [ 28.718491504109668, 47.115223728221608 ], [ 28.718491648935512, 47.115228225486064 ], [ 28.718491793761395, 47.11523272275052 ], [ 28.718491938587309, 47.115237220014976 ], [ 28.71848549546278, 47.115241816144689 ], [ 28.718485640288211, 47.115246313409159 ], [ 28.718485785113678, 47.115250810673608 ], [ 28.718485929939181, 47.115255307938071 ], [ 28.718479486811976, 47.115259904067464 ], [ 28.718479631636995, 47.115264401331928 ], [ 28.718479776462051, 47.115268898596391 ], [ 28.718479921287138, 47.115273395860839 ], [ 28.718473478157268, 47.115277991989934 ], [ 28.718473622981875, 47.115282489254398 ], [ 28.718473767806511, 47.115286986518861 ], [ 28.718473912631179, 47.115291483783317 ], [ 28.718467469498645, 47.115296079912078 ], [ 28.718467614322833, 47.115300577176534 ], [ 28.718467759147057, 47.115305074441004 ], [ 28.718467903971312, 47.11530957170546 ], [ 28.71846146083611, 47.115314167833901 ], [ 28.718461605659883, 47.115318665098357 ], [ 28.718461750483691, 47.11532316236282 ], [ 28.718461895307534, 47.11532765962729 ], [ 28.71845545216966, 47.115332255755412 ], [ 28.718455596993021, 47.115336753019861 ], [ 28.718455741816417, 47.115341250284324 ], [ 28.718455886639845, 47.115345747548787 ], [ 28.718456031463308, 47.115350244813236 ], [ 28.718449588322251, 47.115354840941066 ], [ 28.718443145180078, 47.115359437068527 ], [ 28.718436702036804, 47.115364033195647 ], [ 28.718430258892415, 47.115368629322418 ], [ 28.71842381574692, 47.115373225448828 ], [ 28.718417372600314, 47.115377821574896 ], [ 28.718410929452602, 47.115382417700609 ], [ 28.718411074272463, 47.115386914965136 ], [ 28.71841121909236, 47.115391412229663 ], [ 28.718411363912296, 47.11539590949419 ], [ 28.718411508732256, 47.115400406758702 ], [ 28.718411653552263, 47.115404904023222 ], [ 28.718411798372298, 47.115409401287728 ], [ 28.718411943192368, 47.115413898552234 ], [ 28.718412088012474, 47.115418395816732 ], [ 28.718412232832613, 47.115422893081231 ], [ 28.71841237765279, 47.115427390345722 ], [ 28.718412522472999, 47.115431887610214 ], [ 28.718412667293247, 47.115436384874698 ], [ 28.718412812113534, 47.11544088213919 ], [ 28.718412956933843, 47.11544537940366 ], [ 28.718413101754198, 47.115449876668137 ], [ 28.718413246574581, 47.115454373932614 ], [ 28.718413391395003, 47.115458871197077 ], [ 28.718413536215461, 47.115463368461533 ], [ 28.718413681035951, 47.115467865726004 ], [ 28.71841382585648, 47.115472362990459 ], [ 28.718413970677037, 47.115476860254908 ], [ 28.718414115497634, 47.11548135751935 ], [ 28.718407672337378, 47.115485953644978 ], [ 28.718407817157491, 47.115490450909427 ], [ 28.718407961977636, 47.115494948173875 ], [ 28.718408106797821, 47.115499445438324 ], [ 28.7184016636349, 47.115504041563618 ], [ 28.71840180845459, 47.115508538828081 ], [ 28.718401953274324, 47.115513036092523 ], [ 28.718402098094089, 47.115517533356979 ], [ 28.7183956549285, 47.11552212948196 ], [ 28.718395799747782, 47.115526626746409 ], [ 28.718395944567099, 47.11553112401085 ], [ 28.718396089386449, 47.115535621275306 ], [ 28.718389646218196, 47.115540217399975 ], [ 28.718389791037065, 47.115544714664424 ], [ 28.718389935855964, 47.115549211928872 ], [ 28.718390080674901, 47.115553709193328 ], [ 28.718383637503976, 47.115558305317663 ], [ 28.71838378232243, 47.115562802582126 ], [ 28.718383927140913, 47.115567299846582 ], [ 28.718384071959438, 47.115571797111038 ], [ 28.718384216777991, 47.115576294375465 ], [ 28.71837777360388, 47.115580890499515 ], [ 28.718377918421954, 47.115585387763957 ], [ 28.718378063240063, 47.115589885028413 ], [ 28.718378208058205, 47.115594382292855 ], [ 28.718371764881422, 47.115598978416578 ], [ 28.71837190969908, 47.115603475681027 ], [ 28.718372054516777, 47.115607972945476 ], [ 28.718372199334503, 47.115612470209918 ], [ 28.718365756155055, 47.115617066333328 ], [ 28.718365900972302, 47.115621563597777 ], [ 28.718366045789576, 47.115626060862233 ], [ 28.718366190606886, 47.115630558126661 ], [ 28.718359747424774, 47.115635154249759 ], [ 28.718359892241605, 47.115639651514222 ], [ 28.718360037058467, 47.115644148778664 ], [ 28.718360181875362, 47.115648646043098 ], [ 28.718360326692295, 47.115653143307533 ], [ 28.718360471509264, 47.115657640571975 ], [ 28.718354028323443, 47.115662236694767 ], [ 28.718354173139925, 47.115666733959216 ], [ 28.718354317956447, 47.115671231223651 ], [ 28.718354462772997, 47.115675728488085 ], [ 28.718354607589585, 47.11568022575252 ], [ 28.718354752406206, 47.11568472301694 ], [ 28.718354897222866, 47.115689220281361 ], [ 28.718355042039558, 47.115693717545788 ], [ 28.718355186856286, 47.115698214810202 ], [ 28.718355331673056, 47.115702712074615 ], [ 28.718348888481444, 47.115707308197166 ], [ 28.718349033297724, 47.115711805461586 ], [ 28.718349178114039, 47.115716302726 ], [ 28.718349322930386, 47.115720799990399 ], [ 28.718349467746766, 47.115725297254819 ], [ 28.718349612563191, 47.115729794519218 ], [ 28.718349757379642, 47.115734291783617 ], [ 28.718356345391378, 47.115734192925387 ], [ 28.718356490208418, 47.115738690189758 ], [ 28.718356635025497, 47.115743187454143 ], [ 28.718356779842608, 47.115747684718521 ], [ 28.718356924659759, 47.115752181982884 ], [ 28.718350336645809, 47.115752280841185 ], [ 28.718343893447894, 47.115756876963495 ], [ 28.718344038264, 47.11576137422788 ], [ 28.718344183080145, 47.115765871492272 ], [ 28.718344327896318, 47.11577036875665 ], [ 28.718344472712534, 47.115774866021034 ], [ 28.718344617528786, 47.115779363285412 ], [ 28.718344762345069, 47.115783860549783 ], [ 28.718344907161388, 47.115788357814154 ], [ 28.718345051977739, 47.11579285507851 ], [ 28.718345196794125, 47.115797352342881 ], [ 28.718345341610551, 47.115801849607251 ], [ 28.718338898406333, 47.115806445729312 ], [ 28.718339043222272, 47.115810942993683 ], [ 28.718339188038247, 47.115815440258039 ], [ 28.718339332854256, 47.115819937522396 ], [ 28.718339477670298, 47.115824434786745 ], [ 28.718339622486372, 47.115828932051095 ], [ 28.718339767302492, 47.115833429315444 ], [ 28.718339912118637, 47.115837926579779 ], [ 28.718340056934817, 47.115842423844121 ], [ 28.71834020175104, 47.115846921108457 ], [ 28.718333758541039, 47.115851517230297 ], [ 28.718333903356768, 47.115856014494639 ], [ 28.71833404817254, 47.11586051175896 ], [ 28.71833419298834, 47.115865009023302 ], [ 28.71833433780418, 47.115869506287638 ], [ 28.718334482620055, 47.115874003551966 ], [ 28.718334627435965, 47.115878500816279 ], [ 28.718334772251904, 47.115882998080608 ], [ 28.718334917067885, 47.115887495344907 ], [ 28.718335061883895, 47.115891992609221 ], [ 28.718335206699944, 47.115896489873521 ], [ 28.71832876348364, 47.11590108599512 ], [ 28.718328908299199, 47.11590558325944 ], [ 28.7183290531148, 47.11591008052374 ], [ 28.71832919793043, 47.115914577788054 ], [ 28.718329342746099, 47.115919075052354 ], [ 28.718329487561803, 47.115923572316653 ], [ 28.718329632377539, 47.115928069580953 ], [ 28.718329777193315, 47.115932566845231 ], [ 28.718329922009122, 47.115937064109531 ], [ 28.718330066824969, 47.115941561373809 ], [ 28.718323623602874, 47.115946157495145 ], [ 28.71832376841823, 47.115950654759438 ], [ 28.718323913233625, 47.11595515202373 ], [ 28.718324058049056, 47.115959649288008 ], [ 28.718324202864519, 47.115964146552287 ], [ 28.718324347680017, 47.115968643816565 ], [ 28.718324492495551, 47.115973141080836 ], [ 28.71832463731112, 47.115977638345107 ], [ 28.718324782126725, 47.115982135609364 ], [ 28.718324926942358, 47.115986632873621 ], [ 28.718325071758034, 47.115991130137886 ], [ 28.718318628529637, 47.115995726258987 ], [ 28.718318773344826, 47.116000223523258 ], [ 28.718318918160048, 47.116004720787529 ], [ 28.718319062975308, 47.116009218051765 ], [ 28.7183192077906, 47.116013715316022 ], [ 28.718319352605931, 47.116018212580258 ], [ 28.718319497421291, 47.116022709844515 ], [ 28.718319642236693, 47.11602720710875 ], [ 28.718319787052124, 47.116031704372986 ], [ 28.718319931867594, 47.116036201637215 ], [ 28.718320076683096, 47.11604069890145 ], [ 28.718313633448389, 47.116045295022325 ], [ 28.718313778263408, 47.116049792286553 ], [ 28.718313923078465, 47.116054289550796 ], [ 28.718314067893552, 47.116058786815017 ], [ 28.718314212708673, 47.116063284079239 ], [ 28.71831435752383, 47.11606778134346 ], [ 28.718314502339027, 47.116072278607675 ], [ 28.718314647154255, 47.116076775871896 ], [ 28.718314791969522, 47.116081273136103 ], [ 28.718314936784822, 47.116085770400304 ], [ 28.718308493544331, 47.116090366520929 ], [ 28.71830863835914, 47.11609486378515 ], [ 28.718308783173992, 47.116099361049351 ], [ 28.718308927988872, 47.116103858313551 ], [ 28.718309072803795, 47.116108355577758 ], [ 28.718309217618749, 47.116112852841951 ], [ 28.718309362433736, 47.116117350106137 ], [ 28.718309507248758, 47.11612184737033 ], [ 28.718309652063816, 47.116126344634523 ], [ 28.718309796878913, 47.116130841898709 ], [ 28.718309941694038, 47.116135339162881 ], [ 28.718303498447245, 47.116139935283279 ], [ 28.718303643261887, 47.116144432547465 ], [ 28.718303788076568, 47.116148929811644 ], [ 28.718303932891281, 47.116153427075815 ], [ 28.718304077706026, 47.116157924339994 ], [ 28.71830422252081, 47.116162421604166 ], [ 28.71830436733563, 47.116166918868323 ], [ 28.718304512150485, 47.116171416132488 ], [ 28.718304656965376, 47.116175913396646 ], [ 28.718304801780299, 47.116180410660803 ], [ 28.718298358527715, 47.116185006780938 ], [ 28.718298503342155, 47.11618950404511 ], [ 28.718298648156626, 47.11619400130926 ], [ 28.718298792971137, 47.116198498573418 ], [ 28.718298937785679, 47.116202995837568 ], [ 28.718299082600257, 47.116207493101719 ], [ 28.718299227414875, 47.116211990365855 ], [ 28.718299372229517, 47.116216487629991 ], [ 28.718299517044205, 47.116220984894127 ], [ 28.718299661858925, 47.116225482158256 ], [ 28.718299806673677, 47.116229979422386 ], [ 28.718293363414791, 47.116234575542293 ], [ 28.71829350822906, 47.116239072806422 ], [ 28.718293653043364, 47.116243570070544 ], [ 28.718293797857701, 47.116248067334681 ], [ 28.718293942672076, 47.116252564598817 ], [ 28.718294087486484, 47.116257061862939 ], [ 28.718294232300924, 47.116261559127032 ], [ 28.718294377115402, 47.116266056391154 ], [ 28.71829452192992, 47.116270553655248 ], [ 28.718294666744466, 47.116275050919363 ], [ 28.718294811559051, 47.116279548183464 ], [ 28.718288368293862, 47.11628414430313 ], [ 28.718288513107957, 47.116288641567238 ], [ 28.718288657922091, 47.116293138831331 ], [ 28.718288802736257, 47.116297636095439 ], [ 28.718288947550462, 47.11630213335954 ], [ 28.718289092364707, 47.116306630623626 ], [ 28.718289237178972, 47.116311127887712 ], [ 28.718289381993284, 47.116315625151799 ], [ 28.718289526807631, 47.116320122415878 ], [ 28.718289671622006, 47.116324619679958 ], [ 28.718283228351027, 47.116329215799375 ], [ 28.718283373164926, 47.116333713063462 ], [ 28.71828351797885, 47.116338210327541 ], [ 28.718283662792814, 47.116342707591613 ], [ 28.718283807606813, 47.116347204855686 ], [ 28.718283952420844, 47.116351702119765 ], [ 28.718284097234918, 47.116356199383816 ], [ 28.71828424204902, 47.116360696647874 ], [ 28.718284386863157, 47.116365193911932 ], [ 28.71828453167733, 47.11636969117599 ], [ 28.718284676491542, 47.116374188440034 ], [ 28.718284821305783, 47.116378685704078 ], [ 28.718278378027982, 47.116383281823275 ], [ 28.718278522841739, 47.116387779087333 ], [ 28.718278667655536, 47.116392276351377 ], [ 28.718278812469364, 47.116396773615428 ], [ 28.718278957283225, 47.116401270879464 ], [ 28.718279102097124, 47.116405768143501 ], [ 28.718279246911056, 47.116410265407538 ], [ 28.718279391725023, 47.11641476267156 ], [ 28.718279536539033, 47.11641925993559 ], [ 28.718279681353071, 47.11642375719962 ], [ 28.718279826167141, 47.116428254463635 ], [ 28.71827997098125, 47.116432751727643 ], [ 28.718273527696628, 47.116437347846635 ], [ 28.718273672510247, 47.116441845110643 ], [ 28.718273817323908, 47.116446342374665 ], [ 28.718273962137598, 47.116450839638674 ], [ 28.718274106951331, 47.116455336902682 ], [ 28.718274251765092, 47.11645983416669 ], [ 28.718274396578888, 47.116464331430691 ], [ 28.718274541392724, 47.116468828694693 ], [ 28.718274686206588, 47.116473325958687 ], [ 28.718274831020494, 47.116477823222681 ], [ 28.718274975834433, 47.116482320486661 ], [ 28.718275120648407, 47.116486817750641 ], [ 28.71826867735696, 47.116491413869397 ], [ 28.718268822170444, 47.116495911133384 ], [ 28.718268966983967, 47.116500408397371 ], [ 28.718269111797522, 47.116504905661344 ], [ 28.718269256611116, 47.116509402925324 ], [ 28.718269401424749, 47.116513900189311 ], [ 28.71826954623841, 47.11651839745327 ], [ 28.718263102942732, 47.116522993571735 ], [ 28.718263247755914, 47.116527490835729 ], [ 28.718263392569124, 47.116531988099695 ], [ 28.718256949271296, 47.116536584217826 ], [ 28.718257094084024, 47.11654108148182 ], [ 28.71825723889679, 47.116545578745793 ], [ 28.71825079559682, 47.116550174863598 ], [ 28.718250940409096, 47.116554672127585 ], [ 28.718251085221411, 47.116559169391564 ], [ 28.718244641919288, 47.116563765509049 ], [ 28.71824478673112, 47.116568262773036 ], [ 28.718244931542984, 47.116572760037023 ], [ 28.718238488238711, 47.116577356154181 ], [ 28.718238633050092, 47.116581853418168 ], [ 28.718238777861501, 47.116586350682155 ], [ 28.718232334555086, 47.116590946798979 ], [ 28.718232479366016, 47.116595444062995 ], [ 28.718232624176981, 47.116599941326974 ], [ 28.718226180868417, 47.116604537443472 ], [ 28.718226325678891, 47.116609034707466 ], [ 28.718226470489405, 47.116613531971474 ], [ 28.718220027178692, 47.116618128087644 ], [ 28.718220171988722, 47.116622625351638 ], [ 28.718220316798792, 47.11662712261564 ], [ 28.718213873485926, 47.116631718731483 ], [ 28.718214018295505, 47.116636215995491 ], [ 28.718214163105124, 47.1166407132595 ], [ 28.718207719790108, 47.116645309375002 ], [ 28.71820786459924, 47.116649806639018 ], [ 28.718208009408407, 47.116654303903033 ], [ 28.718201566091242, 47.116658900018201 ], [ 28.718201710899923, 47.116663397282217 ], [ 28.718201855708646, 47.116667894546232 ], [ 28.718195412389335, 47.116672490661088 ], [ 28.718195557197564, 47.116676987925104 ], [ 28.718195702005829, 47.116681485189119 ], [ 28.718189258684376, 47.116686081303655 ], [ 28.718189403492154, 47.116690578567663 ], [ 28.718189548299971, 47.116695075831693 ], [ 28.718183104976369, 47.116699671945895 ], [ 28.718183249783696, 47.116704169209918 ], [ 28.718183394591062, 47.116708666473947 ], [ 28.71817695126531, 47.116713262587801 ], [ 28.718177096072193, 47.116717759851845 ], [ 28.718177240879111, 47.116722257115875 ], [ 28.718177385686065, 47.116726754379883 ], [ 28.718170942357638, 47.116731350493431 ], [ 28.718171087164109, 47.116735847757475 ], [ 28.718171231970608, 47.116740345021498 ], [ 28.718164788640038, 47.116744941134726 ], [ 28.718164933446058, 47.116749438398749 ], [ 28.718165078252113, 47.116753935662793 ], [ 28.718158634919394, 47.11675853177568 ], [ 28.718158779724959, 47.116763029039724 ], [ 28.718158924530563, 47.116767526303747 ], [ 28.718152481195695, 47.116772122416322 ], [ 28.718152626000816, 47.116776619680351 ], [ 28.718152770805968, 47.116781116944388 ], [ 28.718146327468954, 47.116785713056643 ], [ 28.718146472273624, 47.116790210320687 ], [ 28.718146617078325, 47.116794707584717 ], [ 28.718140173739162, 47.116799303696631 ], [ 28.718140318543377, 47.116803800960682 ], [ 28.718140463347634, 47.116808298224733 ], [ 28.718134020006321, 47.116812894336299 ], [ 28.718134164810092, 47.116817391600357 ], [ 28.718134309613895, 47.116821888864408 ], [ 28.718127866270432, 47.116826484975654 ], [ 28.718128011073752, 47.116830982239712 ], [ 28.718128155877107, 47.11683547950377 ], [ 28.718121712531499, 47.116840075614697 ], [ 28.718121857334367, 47.116844572878755 ], [ 28.718122002137275, 47.116849070142798 ], [ 28.71811555878951, 47.116853666253405 ], [ 28.718115703591934, 47.11685816351747 ], [ 28.71811584839439, 47.116862660781521 ], [ 28.718109405044483, 47.116867256891794 ], [ 28.718109549846456, 47.116871754155859 ], [ 28.718109694648458, 47.116876251419924 ], [ 28.718103251296402, 47.116880847529863 ], [ 28.718103396097927, 47.116885344793936 ], [ 28.718103540899481, 47.116889842057994 ], [ 28.718097097545279, 47.116894438167613 ], [ 28.718097242346349, 47.116898935431692 ], [ 28.718097387147456, 47.116903432695757 ], [ 28.718090943791104, 47.116908028805042 ], [ 28.718091088591727, 47.116912526069122 ], [ 28.718091233392382, 47.116917023333194 ], [ 28.718084790033881, 47.116921619442138 ], [ 28.718084934834053, 47.116926116706239 ], [ 28.718085079634264, 47.116930613970304 ], [ 28.718078636273614, 47.116935210078935 ], [ 28.718078781073331, 47.116939707343015 ], [ 28.71807892587309, 47.116944204607094 ], [ 28.718072482510294, 47.116948800715399 ], [ 28.718072627309564, 47.116953297979485 ], [ 28.718072772108869, 47.116957795243572 ], [ 28.718066328743927, 47.116962391351542 ], [ 28.718066473542748, 47.116966888615636 ], [ 28.718066618341609, 47.116971385879715 ], [ 28.718066763140502, 47.116975883143802 ], [ 28.718060319772885, 47.11698047925146 ], [ 28.718060464571295, 47.116984976515546 ], [ 28.718060609369736, 47.11698947377964 ], [ 28.71805416599997, 47.116994069886964 ], [ 28.718054310797935, 47.116998567151064 ], [ 28.718054455595926, 47.117003064415158 ], [ 28.718048012224017, 47.117007660522148 ], [ 28.718048157021521, 47.117012157786249 ], [ 28.718048301819067, 47.117016655050357 ], [ 28.718041858445005, 47.117021251157013 ], [ 28.718042003242068, 47.117025748421128 ], [ 28.71804214803916, 47.117030245685228 ], [ 28.718035704662956, 47.117034841791558 ], [ 28.718035849459564, 47.117039339055673 ], [ 28.718035994256208, 47.117043836319773 ], [ 28.718029550877851, 47.117048432425783 ], [ 28.718029695674012, 47.117052929689898 ], [ 28.718029840470205, 47.117057426953998 ], [ 28.718023397089695, 47.117062023059667 ], [ 28.718023541885408, 47.117066520323796 ], [ 28.718023686681153, 47.117071017587904 ], [ 28.718017243298501, 47.11707561369326 ], [ 28.718017388093759, 47.117080110957382 ], [ 28.718017532889053, 47.117084608221504 ], [ 28.718011089504255, 47.117089204326525 ], [ 28.718011234299066, 47.11709370159064 ], [ 28.718011379093912, 47.117098198854762 ], [ 28.718004935706958, 47.117102794959457 ], [ 28.718005080501321, 47.117107292223579 ], [ 28.718005225295716, 47.117111789487701 ], [ 28.717998781906619, 47.11711638559207 ], [ 28.717998926700524, 47.117120882856206 ], [ 28.717999071494475, 47.117125380120328 ], [ 28.717992628103229, 47.117129976224355 ], [ 28.71799277289669, 47.117134473488505 ], [ 28.717992917690182, 47.117138970752634 ], [ 28.71798647429679, 47.117143566856335 ], [ 28.7179866190898, 47.117148064120478 ], [ 28.717986763882845, 47.117152561384614 ], [ 28.717980320487303, 47.117157157487988 ], [ 28.717980465279862, 47.117161654752131 ], [ 28.717980610072459, 47.117166152016267 ], [ 28.717974166674765, 47.117170748119321 ], [ 28.717974311466879, 47.117175245383471 ], [ 28.717974456259029, 47.1171797426476 ], [ 28.717968012859188, 47.117184338750334 ], [ 28.717968157650848, 47.117188836014478 ], [ 28.717968302442547, 47.117193333278628 ], [ 28.717961859040553, 47.117197929381014 ], [ 28.717962003831769, 47.117202426645179 ], [ 28.717962148623016, 47.117206923909336 ], [ 28.717962293414303, 47.117211421173479 ], [ 28.717955850009638, 47.117216017275545 ], [ 28.717955994800441, 47.117220514539696 ], [ 28.717956139591273, 47.11722501180386 ], [ 28.717949696184466, 47.117229607905607 ], [ 28.717949840974818, 47.117234105169757 ], [ 28.717949985765198, 47.117238602433915 ], [ 28.717943542356242, 47.117243198535334 ], [ 28.717943687146139, 47.117247695799492 ], [ 28.717943831936076, 47.117252193063649 ], [ 28.71793738852497, 47.117256789164742 ], [ 28.717937533314423, 47.117261286428906 ], [ 28.717937678103901, 47.117265783693071 ], [ 28.717931234690649, 47.11727037979383 ], [ 28.717931379479651, 47.117274877058001 ], [ 28.717931524268685, 47.11727937432218 ], [ 28.717925080853284, 47.117283970422605 ], [ 28.717925225641835, 47.11728846768677 ], [ 28.717925370430414, 47.117292964950956 ], [ 28.717918927012871, 47.117297561051053 ], [ 28.717919071800967, 47.117302058315232 ], [ 28.717919216589106, 47.117306555579397 ], [ 28.717912773169406, 47.117311151679175 ], [ 28.717912917957058, 47.117315648943354 ], [ 28.717913062744742, 47.11732014620754 ], [ 28.717906619322896, 47.11732474230697 ], [ 28.717906764110094, 47.117329239571163 ], [ 28.71790690889733, 47.117333736835349 ], [ 28.717907053684595, 47.117338234099527 ], [ 28.717907198471906, 47.117342731363699 ], [ 28.717907343259242, 47.117347228627878 ], [ 28.71790748804662, 47.117351725892036 ], [ 28.717901044620547, 47.117356321991203 ], [ 28.717901189407435, 47.117360819255374 ], [ 28.717901334194362, 47.117365316519539 ], [ 28.717901478981322, 47.117369813783711 ], [ 28.717901623768313, 47.117374311047875 ], [ 28.717901768555343, 47.117378808312033 ], [ 28.717901913342409, 47.11738330557619 ], [ 28.717895469912111, 47.117387901675066 ], [ 28.717895614698691, 47.117392398939224 ], [ 28.717895759485305, 47.117396896203388 ], [ 28.717895904271952, 47.117401393467553 ], [ 28.717896049058641, 47.117405890731696 ], [ 28.717896193845359, 47.117410387995847 ], [ 28.717896338632112, 47.117414885259997 ], [ 28.71788989519759, 47.117419481358581 ], [ 28.717890039983857, 47.117423978622732 ], [ 28.717890184770162, 47.117428475886882 ], [ 28.717890329556504, 47.117432973151033 ], [ 28.717890474342877, 47.117437470415169 ], [ 28.717890619129292, 47.117441967679305 ], [ 28.717890763915737, 47.117446464943427 ], [ 28.717884320476983, 47.117451061041749 ], [ 28.717884465262937, 47.117455558305885 ], [ 28.717884610048937, 47.117460055570021 ], [ 28.717884754834966, 47.11746455283415 ], [ 28.71788489962103, 47.117469050098272 ], [ 28.717885044407129, 47.117473547362401 ], [ 28.717885189193264, 47.117478044626523 ], [ 28.717878745750287, 47.117482640724553 ], [ 28.717878890535935, 47.117487137988682 ], [ 28.717879035321616, 47.117491635252804 ], [ 28.717879180107342, 47.117496132516926 ], [ 28.717879324893094, 47.117500629781041 ], [ 28.717879469678888, 47.117505127045163 ], [ 28.71787961446471, 47.117509624309264 ], [ 28.717873171017501, 47.11751422040701 ], [ 28.717873315802841, 47.117518717671125 ], [ 28.717873460588216, 47.117523214935233 ], [ 28.717873605373629, 47.117527712199355 ], [ 28.717873750159075, 47.117532209463455 ], [ 28.717873894944553, 47.117536706727556 ], [ 28.71787403973007, 47.117541203991649 ], [ 28.717867596278634, 47.117545800089118 ], [ 28.717861152826089, 47.117550396186225 ], [ 28.717854709372439, 47.11755499228299 ], [ 28.717848265917674, 47.1175595883794 ], [ 28.717841822461804, 47.117564184475462 ], [ 28.717835379004821, 47.117568780571176 ], [ 28.717828935546731, 47.117573376666535 ], [ 28.71782220252485, 47.117568978233152 ], [ 28.717815469504082, 47.117564579799357 ], [ 28.717808736484418, 47.11756018136515 ], [ 28.717802003465863, 47.11755578293053 ], [ 28.71779527044842, 47.117551384495499 ], [ 28.717788537432085, 47.117546986060049 ], [ 28.717781804416862, 47.117542587624193 ], [ 28.717775071402748, 47.117538189187925 ], [ 28.717768338389739, 47.117533790751224 ], [ 28.717761605377845, 47.11752939231414 ], [ 28.717754872367056, 47.117524993876621 ], [ 28.717748139357379, 47.117520595438698 ], [ 28.717741406348804, 47.117516197000356 ], [ 28.717734673341351, 47.117511798561594 ], [ 28.717727940334996, 47.117507400122435 ], [ 28.717721207329753, 47.117503001682856 ], [ 28.717714474325618, 47.117498603242851 ], [ 28.717707741322595, 47.117494204802455 ], [ 28.717701008320681, 47.117489806361633 ], [ 28.717694275319879, 47.117485407920384 ], [ 28.717687542320178, 47.117481009478752 ], [ 28.717680809321596, 47.117476611036679 ], [ 28.717674076324116, 47.117472212594201 ], [ 28.717667343327747, 47.117467814151304 ], [ 28.717660610332487, 47.117463415708009 ], [ 28.717653877338339, 47.117459017264288 ], [ 28.7176471443453, 47.117454618820169 ], [ 28.717640411353365, 47.117450220375623 ], [ 28.717633678362542, 47.117445821930666 ], [ 28.717626945372828, 47.117441423485289 ], [ 28.717620212384229, 47.117437025039507 ], [ 28.717613479396736, 47.117432626593306 ], [ 28.717606746410347, 47.117428228146693 ], [ 28.717600013425074, 47.117423829699661 ], [ 28.717593280440905, 47.11741943125223 ], [ 28.717586547457845, 47.117415032804381 ], [ 28.717579814475897, 47.117410634356105 ], [ 28.717573081495058, 47.117406235907424 ], [ 28.717566348515323, 47.117401837458338 ], [ 28.717559615536704, 47.117397439008826 ], [ 28.71755288255919, 47.117393040558909 ], [ 28.717546149582791, 47.11738864210858 ], [ 28.717539416607497, 47.117384243657831 ], [ 28.717539271850967, 47.117379746392821 ], [ 28.717532538877371, 47.117375347941639 ], [ 28.717525805904891, 47.117370949490059 ], [ 28.717519072933509, 47.117366551038032 ], [ 28.717518928178787, 47.117362053772958 ], [ 28.71751219520911, 47.117357655320532 ], [ 28.717505462240542, 47.117353256867673 ], [ 28.717505317487035, 47.117348759602557 ], [ 28.717498584520165, 47.117344361149279 ], [ 28.717491851554406, 47.117339962695574 ], [ 28.717485118589753, 47.117335564241458 ], [ 28.717484973838047, 47.117331066976284 ], [ 28.717478240875096, 47.117326668521734 ], [ 28.717471507913249, 47.117322270066772 ], [ 28.717464774952514, 47.117317871611412 ], [ 28.71746463020261, 47.117313374346161 ], [ 28.717457897243573, 47.117308975890346 ], [ 28.717451164285652, 47.11730457743414 ], [ 28.717451019536963, 47.117300080168867 ], [ 28.717444286580733, 47.117295681712207 ], [ 28.717437553625619, 47.117291283255142 ], [ 28.717430820671609, 47.117286884797657 ], [ 28.717430675924724, 47.11728238753232 ], [ 28.717423942972413, 47.117277989074395 ], [ 28.717417210021207, 47.117273590616072 ], [ 28.717417065275537, 47.117269093350693 ], [ 28.71741033232604, 47.117264694891929 ], [ 28.71740359937764, 47.117260296432754 ], [ 28.717396866430363, 47.117255897973166 ], [ 28.717396721686491, 47.117251400707715 ], [ 28.717389988740905, 47.117247002247701 ], [ 28.717383255796431, 47.117242603787261 ], [ 28.717383111053778, 47.117238106521782 ], [ 28.717376378111002, 47.117233708060922 ], [ 28.717369645169331, 47.11722930959963 ], [ 28.717362912228772, 47.117224911137946 ], [ 28.717362767487923, 47.117220413872396 ], [ 28.717356034549066, 47.117216015410271 ], [ 28.717349301611311, 47.117211616947721 ], [ 28.717349156871677, 47.117207119682121 ], [ 28.717342423935623, 47.117202721219158 ], [ 28.717335691000681, 47.117198322755769 ], [ 28.717328958066847, 47.117193924291982 ], [ 28.717328813329015, 47.117189427026318 ], [ 28.717322080396883, 47.117185028562083 ], [ 28.717315347465856, 47.117180630097444 ], [ 28.717308614535934, 47.117176231632378 ], [ 28.71730846979991, 47.117171734366664 ], [ 28.717301736871686, 47.117167335901165 ], [ 28.717295003944578, 47.117162937435261 ], [ 28.717294859209762, 47.117158440169504 ], [ 28.717288126284352, 47.117154041703166 ], [ 28.717281393360057, 47.117149643236417 ], [ 28.717274660436861, 47.117145244769254 ], [ 28.717274515703849, 47.11714074750342 ], [ 28.717267782782358, 47.117136349035825 ], [ 28.717261049861975, 47.117131950567824 ], [ 28.717260905130178, 47.117127453301954 ], [ 28.71725417221149, 47.117123054833499 ], [ 28.717247439293914, 47.117118656364646 ], [ 28.717240706377446, 47.117114257895373 ], [ 28.717240561647451, 47.117109760629447 ], [ 28.717233828732681, 47.117105362159741 ], [ 28.717233684003318, 47.117100864893793 ], [ 28.717226951090247, 47.117096466423661 ], [ 28.717226806361499, 47.117091969157684 ], [ 28.717220073450129, 47.117087570687112 ], [ 28.71721992872201, 47.117083073421114 ], [ 28.717213195812334, 47.117078674950122 ], [ 28.71721305108484, 47.117074177684096 ], [ 28.717206318176867, 47.117069779212656 ], [ 28.717206173450002, 47.117065281946623 ], [ 28.717199440543723, 47.11706088347475 ], [ 28.717199295817476, 47.117056386208681 ], [ 28.717192562912899, 47.117051987736374 ], [ 28.717192418187278, 47.117047490470291 ], [ 28.717185685284402, 47.117043091997552 ], [ 28.717185540559406, 47.11703859473144 ], [ 28.717178807658225, 47.117034196258274 ], [ 28.717178662933851, 47.117029698992141 ], [ 28.717171930034372, 47.117025300518542 ], [ 28.717171785310622, 47.117020803252387 ], [ 28.717165052412845, 47.117016404778347 ], [ 28.717164907689718, 47.117011907512158 ], [ 28.717158174793632, 47.117007509037691 ], [ 28.717158030071136, 47.11700301177148 ], [ 28.717151297176752, 47.116998613296587 ], [ 28.717151152454878, 47.116994116030362 ], [ 28.717151007733037, 47.116989618764123 ], [ 28.71714427484094, 47.116985220288775 ], [ 28.717144130119724, 47.116980723022522 ], [ 28.717137397229326, 47.116976324546734 ], [ 28.717137252508738, 47.116971827280459 ], [ 28.717130519620039, 47.11696742880423 ], [ 28.717130374900073, 47.116962931537941 ], [ 28.717123642013071, 47.116958533061286 ], [ 28.717123497293731, 47.116954035794969 ], [ 28.717116764408427, 47.11694963731788 ], [ 28.717116619689712, 47.116945140051527 ], [ 28.717109886806107, 47.116940741574012 ], [ 28.717109742088013, 47.116936244307638 ], [ 28.717103009206113, 47.11693184582969 ], [ 28.717102864488641, 47.116927348563301 ], [ 28.717096131608432, 47.11692295008492 ], [ 28.717095986891593, 47.116918452818503 ], [ 28.717089254013082, 47.116914054339681 ], [ 28.717089109296865, 47.116909557073249 ], [ 28.717082376420056, 47.116905158594001 ], [ 28.71708223170446, 47.116900661327527 ], [ 28.717075498829356, 47.116896262847845 ], [ 28.717075354114385, 47.116891765581364 ], [ 28.717068621240969, 47.116887367101242 ], [ 28.717068476526624, 47.11688286983474 ], [ 28.717061743654913, 47.116878471354191 ], [ 28.717061598941189, 47.116873974087667 ], [ 28.717054866071177, 47.116869575606678 ], [ 28.717048133202272, 47.116865177125291 ], [ 28.717047988489764, 47.116860679858718 ], [ 28.717041255622558, 47.116856281376883 ], [ 28.717041110910674, 47.116851784110288 ], [ 28.717034378045174, 47.116847385628027 ], [ 28.717027645180771, 47.116842987145354 ], [ 28.717027500470103, 47.116838489878717 ], [ 28.717020767607405, 47.11683409139561 ], [ 28.717014034745816, 47.116829692912091 ], [ 28.717007301885335, 47.116825294428153 ], [ 28.717000569025966, 47.11682089594381 ], [ 28.716993836167706, 47.116816497459048 ], [ 28.716987103310551, 47.116812098973874 ], [ 28.716980370454507, 47.116807700488302 ], [ 28.716973637599573, 47.116803302002296 ], [ 28.716966904745746, 47.116798903515885 ], [ 28.716960171893032, 47.116794505029056 ], [ 28.716953439041422, 47.116790106541814 ], [ 28.716946706190928, 47.116785708054152 ], [ 28.716939973341539, 47.116781309566086 ], [ 28.716933240493258, 47.116776911077615 ], [ 28.71692650764609, 47.116772512588717 ], [ 28.716919919501265, 47.116772611366351 ], [ 28.716913331356409, 47.116772710143628 ], [ 28.716906743211517, 47.116772808920516 ], [ 28.716900155066583, 47.116772907697019 ], [ 28.716893566921627, 47.116773006473146 ], [ 28.716886978776625, 47.116773105248896 ], [ 28.716880390631591, 47.116773204024256 ], [ 28.716873802486525, 47.116773302799267 ], [ 28.71686721434142, 47.116773401573873 ], [ 28.716860626196283, 47.11677350034811 ], [ 28.71685403805111, 47.116773599121956 ], [ 28.716847594601081, 47.116778195162553 ], [ 28.716841151149929, 47.116782791202787 ], [ 28.716834563003548, 47.116782889975539 ], [ 28.716828119550705, 47.116787486015056 ], [ 28.71682167609675, 47.116792082054253 ], [ 28.716815087949151, 47.11679218082589 ], [ 28.716808644493497, 47.116796776864355 ], [ 28.716802201036739, 47.116801372902458 ], [ 28.716795612887925, 47.116801471673007 ], [ 28.716789169429465, 47.116806067710399 ], [ 28.716782581280029, 47.116806166480195 ], [ 28.716776137819874, 47.116810762516877 ], [ 28.716769549669806, 47.11681086128592 ], [ 28.716762961519709, 47.116810960054607 ], [ 28.716756518057263, 47.116815556090209 ], [ 28.716750074593708, 47.116820152125449 ], [ 28.716743631129045, 47.116824748160354 ], [ 28.716737187663274, 47.11682934419489 ], [ 28.71673074419639, 47.116833940229085 ], [ 28.716724300728398, 47.116838536262932 ], [ 28.716717857259294, 47.116843132296417 ], [ 28.716718001943907, 47.116847629563786 ], [ 28.716718146628541, 47.116852126831148 ], [ 28.716718291313217, 47.11685662409851 ], [ 28.716718435997922, 47.116861121365865 ], [ 28.716718580682667, 47.116865618633213 ], [ 28.716718725367446, 47.116870115900568 ], [ 28.716718870052262, 47.116874613167909 ], [ 28.716719014737112, 47.116879110435256 ], [ 28.716719159421995, 47.11688360770259 ], [ 28.716719304106913, 47.11688810496991 ], [ 28.716719448791867, 47.11689260223725 ], [ 28.71671959347686, 47.116897099504577 ], [ 28.716719738161881, 47.116901596771896 ], [ 28.716719882846942, 47.116906094039216 ], [ 28.716720027532034, 47.116910591306528 ], [ 28.716720172217158, 47.116915088573833 ], [ 28.716720316902322, 47.116919585841138 ], [ 28.716720461587524, 47.116924083108444 ], [ 28.716720606272755, 47.116928580375742 ], [ 28.716720750958025, 47.11693307764304 ], [ 28.716720895643331, 47.116937574910331 ], [ 28.716721040328665, 47.116942072177608 ], [ 28.716721185014038, 47.116946569444892 ], [ 28.716721329699446, 47.116951066712176 ], [ 28.71672147438489, 47.116955563979445 ], [ 28.71672161907037, 47.116960061246708 ], [ 28.716721763755881, 47.116964558513992 ], [ 28.716721908441428, 47.11696905578124 ], [ 28.716722053127011, 47.116973553048503 ], [ 28.716722197812629, 47.116978050315765 ], [ 28.716722342498283, 47.116982547583007 ], [ 28.716722487183969, 47.116987044850262 ], [ 28.71672263186969, 47.116991542117511 ], [ 28.716722776555443, 47.116996039384745 ], [ 28.716722921241235, 47.117000536651979 ], [ 28.716723065927066, 47.117005033919206 ], [ 28.71672321061293, 47.117009531186433 ], [ 28.716723355298825, 47.117014028453674 ], [ 28.716723499984756, 47.117018525720887 ], [ 28.716723644670726, 47.117023022988107 ], [ 28.716723789356724, 47.117027520255313 ], [ 28.716723934042761, 47.117032017522526 ], [ 28.716724078728834, 47.117036514789731 ], [ 28.716724223414939, 47.117041012056937 ], [ 28.716724368101083, 47.117045509324129 ], [ 28.716724512787255, 47.11705000659132 ], [ 28.716724657473467, 47.117054503858519 ], [ 28.716731390340559, 47.117058902358821 ], [ 28.716731535027396, 47.117063399625991 ], [ 28.716731679714268, 47.117067896893154 ], [ 28.716731824401172, 47.11707239416031 ], [ 28.716731969088112, 47.117076891427466 ], [ 28.716732113775087, 47.117081388694608 ], [ 28.716738846646237, 47.117085787194419 ], [ 28.716738991333834, 47.11709028446154 ], [ 28.716739136021467, 47.117094781728667 ], [ 28.716739280709142, 47.117099278995788 ], [ 28.716746013583165, 47.117103677495116 ], [ 28.716746158271459, 47.117108174762201 ], [ 28.716746302959788, 47.1171126720293 ], [ 28.716746447648152, 47.117117169296385 ], [ 28.716753180525057, 47.117121567795252 ], [ 28.716753325214043, 47.117126065062308 ], [ 28.716753469903068, 47.117130562329372 ], [ 28.716753614592122, 47.117135059596428 ], [ 28.716760347471904, 47.117139458094819 ], [ 28.71676049216159, 47.117143955361847 ], [ 28.716760636851308, 47.117148452628882 ], [ 28.716767369733379, 47.117152851126811 ], [ 28.716767514423719, 47.117157348393818 ], [ 28.716767659114097, 47.117161845660824 ], [ 28.716767803804508, 47.117166342927824 ], [ 28.716774536689456, 47.117170741425291 ], [ 28.716774681380489, 47.117175238692262 ], [ 28.716774826071561, 47.117179735959226 ], [ 28.716774970762671, 47.117184233226197 ], [ 28.716781703650494, 47.117188631723188 ], [ 28.716781848342222, 47.117193128990131 ], [ 28.716781993033994, 47.117197626257081 ], [ 28.71678213772579, 47.117202123524009 ], [ 28.716788870616494, 47.117206522020545 ], [ 28.716789015308922, 47.117211019287438 ], [ 28.71678916000138, 47.11721551655436 ], [ 28.716795892894368, 47.117219915050427 ], [ 28.716796037587457, 47.117224412317313 ], [ 28.716796182280575, 47.117228909584192 ], [ 28.716796326973729, 47.117233406851064 ], [ 28.716803059869598, 47.117237805346676 ], [ 28.716803204563373, 47.117242302613519 ], [ 28.716803349257187, 47.117246799880377 ], [ 28.716803493951037, 47.11725129714722 ], [ 28.71681022684978, 47.117255695642342 ], [ 28.716810371544259, 47.117260192909171 ], [ 28.716810516238766, 47.117264690175986 ], [ 28.716810660933309, 47.117269187442808 ], [ 28.71681739383493, 47.117273585937468 ], [ 28.716817538530098, 47.117278083204262 ], [ 28.716817683225297, 47.117282580471048 ], [ 28.716824416129214, 47.117286978965247 ], [ 28.716824560825039, 47.117291476232019 ], [ 28.716824705520899, 47.117295973498784 ], [ 28.716824850216799, 47.117300470765542 ], [ 28.716831583123589, 47.117304869259272 ], [ 28.716831727820107, 47.117309366526008 ], [ 28.716831872516664, 47.117313863792738 ], [ 28.716832017213257, 47.117318361059461 ], [ 28.716838750122925, 47.117322759552721 ], [ 28.716838894820139, 47.117327256819436 ], [ 28.716839039517389, 47.117331754086123 ], [ 28.716839184214678, 47.117336251352818 ], [ 28.716845917127223, 47.117340649845602 ], [ 28.716846061825134, 47.117345147112289 ], [ 28.716846206523076, 47.117349644378962 ], [ 28.716852939437906, 47.117354042871291 ], [ 28.716853084136478, 47.117358540137936 ], [ 28.716853228835081, 47.11736303740458 ], [ 28.716853373533723, 47.117367534671217 ], [ 28.716860106451431, 47.117371933163085 ], [ 28.716860251150695, 47.117376430429701 ], [ 28.716860395849995, 47.11738092769631 ], [ 28.71686054054933, 47.117385424962919 ], [ 28.716867273469916, 47.117389823454303 ], [ 28.716867418169876, 47.117394320720891 ], [ 28.716867562869872, 47.117398817987471 ], [ 28.716867707569893, 47.117403315254045 ], [ 28.716874440493363, 47.117407713744967 ], [ 28.716874585194017, 47.117412211011526 ], [ 28.716874729894705, 47.117416708278078 ], [ 28.716874874595426, 47.117421205544616 ], [ 28.716875019296182, 47.117425702811147 ], [ 28.716881752223117, 47.117430101301586 ], [ 28.716881896924502, 47.11743459856811 ], [ 28.716888629853131, 47.117438997058088 ], [ 28.716888774555137, 47.117443494324597 ], [ 28.716888919257176, 47.117447991591092 ], [ 28.716889063959254, 47.11745248885758 ], [ 28.716889208661367, 47.117456986124054 ], [ 28.716895941593464, 47.117461384613556 ], [ 28.716902674526679, 47.117465783102652 ], [ 28.71690281923, 47.117470280369091 ], [ 28.716902963933357, 47.117474777635529 ], [ 28.716903108636757, 47.117479274901967 ], [ 28.716903253340181, 47.117483772168399 ], [ 28.716903398043645, 47.117488269434823 ], [ 28.716903542747147, 47.117492766701247 ], [ 28.716903687450682, 47.117497263967657 ], [ 28.716903832154252, 47.117501761234081 ], [ 28.716903976857857, 47.117506258500484 ], [ 28.716910709797478, 47.117510656988991 ], [ 28.716910854501709, 47.117515154255379 ], [ 28.716910999205968, 47.117519651521761 ], [ 28.716911143910274, 47.117524148788135 ], [ 28.716917876852772, 47.117528547276166 ], [ 28.716918021557696, 47.117533044542526 ], [ 28.716924754501896, 47.117537443030123 ], [ 28.716931487447209, 47.117541841517301 ], [ 28.716931632153344, 47.117546338783619 ], [ 28.716931776859518, 47.117550836049936 ], [ 28.71693192156572, 47.11755533331624 ], [ 28.716932066271966, 47.117559830582543 ], [ 28.716932210978239, 47.117564327848832 ], [ 28.716932355684555, 47.117568825115129 ], [ 28.7169325003909, 47.117573322381418 ], [ 28.716932645097284, 47.117577819647714 ], [ 28.716939378048416, 47.117582218134324 ], [ 28.716946111000663, 47.117586616620535 ], [ 28.716952843954019, 47.117591015106321 ], [ 28.716959576908479, 47.117595413591687 ] ] } },
{ "type": "Feature", "properties": { "element": "node", "id": "I0155", "kind": "inspection", "length_m": null, "frm": null, "to": null }, "geometry": { "type": "Point", "coordinates": [ 28.716958783467518, 47.117596421721601 ] } },
{ "type": "Feature", "properties": { "element": "edge", "id": "I0155->I0140", "kind": "leg", "length_m": 543.6, "frm": "I0155", "to": "I0140" }, "geometry": { "type": "LineString", "coordinates": [ [ 28.716959576908479, 47.117595413591687 ], [ 28.716959432199744, 47.11759091632549 ], [ 28.716959287491036, 47.117586419059279 ], [ 28.716959142782368, 47.117581921793047 ], [ 28.716958998073736, 47.117577424526843 ], [ 28.716958853365131, 47.117572927260618 ], [ 28.716958708656566, 47.117568429994385 ], [ 28.716951975705641, 47.117564031508891 ], [ 28.716945242755823, 47.117559633022978 ], [ 28.716945098048473, 47.117555135756703 ], [ 28.716944953341155, 47.117550638490442 ], [ 28.716944808633876, 47.11754614122416 ], [ 28.716944663926629, 47.117541643957878 ], [ 28.716944519219417, 47.117537146691582 ], [ 28.716944374512245, 47.117532649425307 ], [ 28.716944229805097, 47.117528152159004 ], [ 28.716937496860524, 47.117523753672543 ], [ 28.716937352153998, 47.117519256406233 ], [ 28.716937207447522, 47.117514759139915 ], [ 28.716937062741074, 47.117510261873583 ], [ 28.716936918034666, 47.117505764607266 ], [ 28.716936773328289, 47.11750126734092 ], [ 28.716936628621941, 47.117496770074588 ], [ 28.716936483915635, 47.117492272808249 ], [ 28.716936339209362, 47.117487775541903 ], [ 28.716929606270604, 47.117483377054889 ], [ 28.716929461564959, 47.1174788797885 ], [ 28.716929316859346, 47.117474382522133 ], [ 28.716929172153769, 47.117469885255765 ], [ 28.716922439217889, 47.117465486768275 ], [ 28.716922294512937, 47.117460989501865 ], [ 28.716922149808017, 47.117456492235469 ], [ 28.716922005103136, 47.117451994969059 ], [ 28.716915272170137, 47.117447596481099 ], [ 28.716915127465871, 47.117443099214661 ], [ 28.716914982761651, 47.117438601948237 ], [ 28.716914838057463, 47.117434104681791 ], [ 28.716914693353306, 47.117429607415353 ], [ 28.716907960423775, 47.117425208926896 ], [ 28.716907815720248, 47.117420711660429 ], [ 28.716907671016752, 47.117416214393955 ], [ 28.716907526313289, 47.117411717127496 ], [ 28.716900793386632, 47.117407318638563 ], [ 28.716900648683797, 47.117402821372067 ], [ 28.716900503980995, 47.117398324105565 ], [ 28.716900359278231, 47.11739382683907 ], [ 28.716900214575499, 47.117389329572553 ], [ 28.71689348165231, 47.11738493108313 ], [ 28.716893336950207, 47.117380433816606 ], [ 28.716893192248136, 47.117375936550069 ], [ 28.716893047546098, 47.117371439283524 ], [ 28.716886314625789, 47.117367040793638 ], [ 28.716886169924376, 47.117362543527072 ], [ 28.716886025222998, 47.117358046260506 ], [ 28.716885880521659, 47.11735354899394 ], [ 28.716879147604224, 47.117349150503586 ], [ 28.716879002903511, 47.117344653236984 ], [ 28.716878858202826, 47.117340155970389 ], [ 28.716872125287683, 47.117335757479573 ], [ 28.716871980587623, 47.117331260212957 ], [ 28.716871835887602, 47.117326762946334 ], [ 28.71687169118761, 47.117322265679704 ], [ 28.716864958275345, 47.117317867188412 ], [ 28.716864813575981, 47.117313369921767 ], [ 28.716864668876653, 47.117308872655116 ], [ 28.716864524177357, 47.117304375388464 ], [ 28.716857791267969, 47.117299976896696 ], [ 28.716857646569295, 47.117295479630009 ], [ 28.716857501870667, 47.117290982363329 ], [ 28.716857357172064, 47.117286485096628 ], [ 28.716850624265554, 47.117282086604419 ], [ 28.716850479567579, 47.117277589337696 ], [ 28.716850334869637, 47.117273092070981 ], [ 28.716843601965415, 47.117268693578296 ], [ 28.716843457268098, 47.117264196311559 ], [ 28.716843312570816, 47.117259699044808 ], [ 28.716843167873574, 47.117255201778057 ], [ 28.71683643497223, 47.117250803284904 ], [ 28.716836290275609, 47.117246306018139 ], [ 28.716836145579023, 47.117241808751366 ], [ 28.716836000882466, 47.11723731148458 ], [ 28.716829267984004, 47.117232912990957 ], [ 28.716829123288075, 47.117228415724156 ], [ 28.716828978592183, 47.117223918457356 ], [ 28.716828833896322, 47.117219421190534 ], [ 28.716822101000734, 47.117215022696449 ], [ 28.716821956305498, 47.11721052542962 ], [ 28.716821811610306, 47.117206028162784 ], [ 28.716815078717001, 47.117201629668237 ], [ 28.71681493402243, 47.117197132401365 ], [ 28.716814789327891, 47.117192635134508 ], [ 28.716814644633391, 47.117188137867643 ], [ 28.716807911742965, 47.117183739372628 ], [ 28.716807767049083, 47.117179242105728 ], [ 28.716807622355244, 47.117174744838834 ], [ 28.71680747766143, 47.117170247571941 ], [ 28.716800744773888, 47.117165849076443 ], [ 28.716800600080703, 47.117161351809521 ], [ 28.716800455387553, 47.1171568545426 ], [ 28.716800310694438, 47.117152357275671 ], [ 28.716793577809771, 47.117147958779704 ], [ 28.716793433117282, 47.117143461512754 ], [ 28.716793288424821, 47.117138964245797 ], [ 28.716786555542445, 47.117134565749382 ], [ 28.716786410850609, 47.117130068482396 ], [ 28.716786266158817, 47.117125571215418 ], [ 28.716786121467052, 47.117121073948425 ], [ 28.71677938858755, 47.117116675451548 ], [ 28.716779243896415, 47.117112178184527 ], [ 28.716779099205311, 47.117107680917513 ], [ 28.716778954514247, 47.117103183650507 ], [ 28.716772221637619, 47.117098785153139 ], [ 28.716765488762107, 47.117094386655367 ], [ 28.7167587558877, 47.117089988157197 ], [ 28.716752023014408, 47.117085589658579 ], [ 28.716745290142221, 47.117081191159571 ], [ 28.716738557271139, 47.117076792660143 ], [ 28.716738412583645, 47.117072295393008 ], [ 28.716738267896183, 47.117067798125873 ], [ 28.716738123208756, 47.117063300858717 ], [ 28.716737978521369, 47.117058803591561 ], [ 28.716737833834017, 47.11705430632442 ], [ 28.71673768914669, 47.117049809057264 ], [ 28.716737544459409, 47.117045311790093 ], [ 28.716737399772153, 47.117040814522923 ], [ 28.716737255084944, 47.117036317255753 ], [ 28.716737110397759, 47.117031819988583 ], [ 28.716736965710616, 47.117027322721405 ], [ 28.716736821023503, 47.117022825454228 ], [ 28.716736676336431, 47.117018328187044 ], [ 28.716736531649385, 47.117013830919852 ], [ 28.716736386962378, 47.117009333652646 ], [ 28.71673624227541, 47.117004836385455 ], [ 28.71673609758847, 47.117000339118256 ], [ 28.716735952901573, 47.116995841851043 ], [ 28.716735808214704, 47.116991344583845 ], [ 28.716735663527874, 47.116986847316625 ], [ 28.716735518841077, 47.116982350049405 ], [ 28.716735374154318, 47.116977852782192 ], [ 28.716735229467591, 47.116973355514972 ], [ 28.7167350847809, 47.116968858247745 ], [ 28.716734940094245, 47.116964360980511 ], [ 28.716734795407618, 47.116959863713276 ], [ 28.71673465072103, 47.116955366446035 ], [ 28.716734506034481, 47.11695086917878 ], [ 28.716734361347964, 47.116946371911546 ], [ 28.716734216661486, 47.116941874644283 ], [ 28.716734071975036, 47.116937377377035 ], [ 28.716733927288622, 47.116932880109779 ], [ 28.716733782602244, 47.116928382842509 ], [ 28.716733637915905, 47.11692388557524 ], [ 28.716733493229597, 47.116919388307977 ], [ 28.716726760380258, 47.116914989807455 ], [ 28.716726615694576, 47.116910492540164 ], [ 28.716726471008929, 47.116905995272866 ], [ 28.716726326323315, 47.116901498005568 ], [ 28.716726181637739, 47.116897000738263 ], [ 28.716726036952192, 47.116892503470936 ], [ 28.716725892266687, 47.116888006203631 ], [ 28.716725747581211, 47.116883508936326 ], [ 28.716719014737112, 47.116879110435256 ], [ 28.716718870052262, 47.116874613167909 ], [ 28.716718725367446, 47.116870115900568 ], [ 28.716718580682667, 47.116865618633213 ], [ 28.716718435997922, 47.116861121365865 ], [ 28.716718291313217, 47.11685662409851 ], [ 28.716718146628541, 47.116852126831148 ], [ 28.716718001943907, 47.116847629563786 ], [ 28.716717857259294, 47.116843132296417 ], [ 28.716717712574731, 47.11683863502904 ], [ 28.716717567890193, 47.116834137761671 ], [ 28.71671742320569, 47.116829640494295 ], [ 28.71671069036919, 47.116825241992601 ], [ 28.716703957533788, 47.116820843490494 ], [ 28.716697224699502, 47.116816444987975 ], [ 28.716690491866323, 47.116812046485045 ], [ 28.716690347184215, 47.116807549217583 ], [ 28.716683614352739, 47.116803150714219 ], [ 28.716676881522364, 47.116798752210443 ], [ 28.716676736841475, 47.116794254942938 ], [ 28.716670004012798, 47.116789856438722 ], [ 28.716663271185237, 47.116785457934107 ], [ 28.716656538358787, 47.116781059429066 ], [ 28.716656393679692, 47.116776562161512 ], [ 28.716649660854941, 47.11677216365603 ], [ 28.716642928031295, 47.116767765150144 ], [ 28.716642783353418, 47.11676326788254 ], [ 28.71663605053147, 47.116758869376227 ], [ 28.71662931771063, 47.116754470869495 ], [ 28.716622584890906, 47.116750072362343 ], [ 28.716622440214831, 47.116745575094676 ], [ 28.716615707396798, 47.116741176587105 ], [ 28.716608974579877, 47.116736778079108 ], [ 28.71660882990502, 47.116732280811398 ], [ 28.716602097089797, 47.116727882302968 ], [ 28.716595364275687, 47.116723483794139 ], [ 28.716595219602038, 47.116718986526372 ], [ 28.716588486789629, 47.116714588017111 ], [ 28.716581753978325, 47.116710189507437 ], [ 28.716575021168126, 47.116705790997337 ], [ 28.716574876496285, 47.11670129372952 ], [ 28.71657473182448, 47.116696796461689 ], [ 28.716567999016572, 47.116692397951141 ], [ 28.716561266209773, 47.116687999440181 ], [ 28.716554533404079, 47.116683600928809 ], [ 28.716547800599496, 47.116679202417018 ], [ 28.71654106779603, 47.116674803904814 ], [ 28.716540923127202, 47.116670306636891 ], [ 28.716534190325433, 47.116665908124254 ], [ 28.71653404565723, 47.116661410856317 ], [ 28.71652731285716, 47.116657012343254 ], [ 28.716527168189586, 47.116652515075273 ], [ 28.716527023522044, 47.1166480178073 ], [ 28.716526878854538, 47.116643520539341 ], [ 28.716526734187074, 47.116639023271347 ], [ 28.716520001390464, 47.116634624757793 ], [ 28.716519856723618, 47.116630127489792 ], [ 28.716519712056808, 47.116625630221776 ], [ 28.71651956739003, 47.116621132953775 ], [ 28.716512834596301, 47.116616734439738 ], [ 28.716512689930152, 47.116612237171708 ], [ 28.716512545264035, 47.116607739903671 ], [ 28.716512400597956, 47.116603242635627 ], [ 28.716512255931907, 47.116598745367583 ], [ 28.716505523141645, 47.116594346853063 ], [ 28.716505378476221, 47.116589849585004 ], [ 28.716505233810835, 47.116585352316925 ], [ 28.716505089145482, 47.116580855048845 ], [ 28.716498356358102, 47.116576456533856 ], [ 28.71649821169337, 47.116571959265762 ], [ 28.716498067028677, 47.11656746199764 ], [ 28.716497922364024, 47.116562964729546 ], [ 28.716497777699402, 47.116558467461438 ], [ 28.716491044915482, 47.116554068945952 ], [ 28.716490900251483, 47.116549571677808 ], [ 28.716490755587522, 47.116545074409672 ], [ 28.716490610923593, 47.116540577141535 ], [ 28.716483878142554, 47.11653617862558 ], [ 28.716483733479247, 47.116531681357408 ], [ 28.716483588815979, 47.11652718408925 ], [ 28.716483444152743, 47.116522686821071 ], [ 28.716483299489546, 47.116518189552906 ], [ 28.716476566711968, 47.116513791036439 ], [ 28.716476422049393, 47.116509293768246 ], [ 28.716476277386857, 47.116504796500045 ], [ 28.716476132724353, 47.116500299231838 ], [ 28.716469399949659, 47.116495900714916 ], [ 28.716469255287777, 47.116491403446688 ], [ 28.716469110625926, 47.116486906178466 ], [ 28.716468965964118, 47.116482408910215 ], [ 28.716468821302342, 47.116477911641972 ], [ 28.716462088531113, 47.116473513124575 ], [ 28.716461943869966, 47.11646901585631 ], [ 28.716461799208847, 47.116464518588039 ], [ 28.716461654547768, 47.116460021319753 ], [ 28.716454921779413, 47.116455622801872 ], [ 28.716454777118958, 47.116451125533573 ], [ 28.716454632458532, 47.116446628265265 ], [ 28.716454487798149, 47.116442130996965 ], [ 28.716454343137794, 47.116437633728651 ], [ 28.716447610372914, 47.116433235210287 ], [ 28.716447465713188, 47.116428737941952 ], [ 28.71644732105349, 47.116424240673616 ], [ 28.716447176393835, 47.116419743405281 ], [ 28.716447031734212, 47.116415246136945 ], [ 28.716440298972792, 47.116410847618077 ], [ 28.716440154313798, 47.116406350349706 ], [ 28.716440009654828, 47.116401853081342 ], [ 28.716439864995902, 47.116397355812964 ], [ 28.716433132237363, 47.116392957293627 ], [ 28.716432987579054, 47.116388460025242 ], [ 28.716432842920788, 47.116383962756835 ], [ 28.716432698262551, 47.116379465488428 ], [ 28.716432553604353, 47.116374968220015 ], [ 28.716425820849281, 47.116370569700187 ], [ 28.716425676191708, 47.116366072431767 ], [ 28.716425531534163, 47.116361575163317 ], [ 28.716425386876661, 47.116357077894882 ], [ 28.716418654124471, 47.116352679374579 ], [ 28.716418509467587, 47.11634818210613 ], [ 28.716418364810739, 47.116343684837659 ], [ 28.716418220153926, 47.116339187569174 ], [ 28.716418075497156, 47.116334690300711 ], [ 28.716411342748426, 47.116330291779924 ], [ 28.716411198092274, 47.116325794511432 ], [ 28.716411053436158, 47.116321297242926 ], [ 28.71641090878007, 47.11631679997442 ], [ 28.716404176034224, 47.116312401453158 ], [ 28.716404031378765, 47.11630790418463 ], [ 28.716403886723342, 47.116303406916096 ], [ 28.716403742067957, 47.116298909647561 ], [ 28.716403597412601, 47.116294412379027 ], [ 28.716396864670219, 47.116290013857267 ], [ 28.716396720015496, 47.116285516588704 ], [ 28.716396575360804, 47.116281019320134 ], [ 28.716396430706141, 47.116276522051564 ], [ 28.716389697966633, 47.116272123529342 ], [ 28.716389553312602, 47.11626762626075 ], [ 28.716389408658603, 47.116263128992159 ], [ 28.716389264004636, 47.116258631723547 ], [ 28.716389119350705, 47.116254134454941 ], [ 28.716382386614672, 47.116249735932236 ], [ 28.716382241961366, 47.116245238663602 ], [ 28.716375509227024, 47.116240840140463 ], [ 28.716368776493798, 47.116236441616898 ], [ 28.716362043761677, 47.116232043092928 ], [ 28.716355311030664, 47.116227644568539 ], [ 28.71634857830076, 47.116223246043738 ], [ 28.716341845571968, 47.116218847518525 ], [ 28.716335112844288, 47.116214448992899 ], [ 28.716328524766297, 47.116214547735659 ], [ 28.716321936688278, 47.116214646478021 ], [ 28.716315348610227, 47.116214745220006 ], [ 28.716308760532137, 47.116214843961615 ], [ 28.716302172454011, 47.116214942702854 ], [ 28.71629558437585, 47.116215041443709 ], [ 28.716288996297653, 47.116215140184181 ], [ 28.716282408219424, 47.116215238924269 ], [ 28.716275964785346, 47.116219834932885 ], [ 28.716269521350164, 47.116224430941145 ], [ 28.716263077913865, 47.116229026949078 ], [ 28.716256634476462, 47.116233622956635 ], [ 28.716250191037943, 47.116238218963844 ], [ 28.71624360295673, 47.116238317701736 ], [ 28.716237159516524, 47.116242913708241 ], [ 28.716230716075199, 47.116247509714391 ], [ 28.716224272632772, 47.116252105720193 ], [ 28.71621782918923, 47.116256701725625 ], [ 28.716211385744579, 47.116261297730723 ], [ 28.716204942298823, 47.116265893735459 ], [ 28.716198354214043, 47.116265992470808 ], [ 28.716191910766582, 47.116270588474819 ], [ 28.71618546731802, 47.116275184478496 ], [ 28.716179023868346, 47.116279780481825 ], [ 28.71617258041756, 47.116284376484785 ], [ 28.716166136965665, 47.116288972487396 ], [ 28.716159693512662, 47.11629356848966 ], [ 28.716153105424308, 47.11629366722245 ], [ 28.716146661969606, 47.116298263224003 ], [ 28.7161402185138, 47.1163028592252 ], [ 28.716133775056878, 47.11630745522605 ], [ 28.716127331598848, 47.116312051226537 ], [ 28.716120888139713, 47.116316647226682 ], [ 28.716114444679466, 47.116321243226473 ], [ 28.716107856587534, 47.116321341956692 ], [ 28.716101413125593, 47.116325937955772 ], [ 28.716094969662539, 47.116330533954489 ], [ 28.716088526198373, 47.116335129952873 ], [ 28.716082082733102, 47.116339725950901 ], [ 28.716075639266723, 47.11634432194856 ], [ 28.716069195799232, 47.116348917945878 ], [ 28.71606260770373, 47.116349016673539 ], [ 28.716056164234541, 47.116353612670146 ], [ 28.716049720764243, 47.116358208666391 ], [ 28.716043277292833, 47.116362804662295 ], [ 28.716036833820318, 47.116367400657843 ], [ 28.716030390346692, 47.116371996653044 ], [ 28.716023802248209, 47.116372095378509 ], [ 28.716017358772888, 47.116376691372984 ], [ 28.716010915296451, 47.116381287367105 ], [ 28.716004471818909, 47.116385883360905 ], [ 28.715998028340252, 47.116390479354308 ], [ 28.715991584860497, 47.116395075347384 ], [ 28.715985141379623, 47.116399671340105 ], [ 28.715978553277569, 47.116399770063019 ], [ 28.715972109795, 47.116404366055029 ], [ 28.71596566631132, 47.116408962046691 ], [ 28.715959222826541, 47.116413558037991 ], [ 28.71595277934064, 47.116418154028928 ], [ 28.715946335853637, 47.116422750019538 ], [ 28.715939892365522, 47.116427346009786 ], [ 28.715933304259895, 47.116427444730128 ], [ 28.715926860770082, 47.116432040719673 ], [ 28.715920417279158, 47.116436636708848 ], [ 28.715913973787131, 47.116441232697689 ], [ 28.715907530293983, 47.116445828686153 ], [ 28.715901086799736, 47.116450424674269 ], [ 28.715894643304377, 47.116455020662052 ], [ 28.715888055195183, 47.11645511937985 ], [ 28.715881611698123, 47.116459715366915 ], [ 28.715875168199958, 47.116464311353617 ], [ 28.71586872470068, 47.116468907339971 ], [ 28.715862281200295, 47.11647350332597 ], [ 28.715855837698804, 47.116478099311621 ], [ 28.715849394196198, 47.116482695296931 ], [ 28.715842806083426, 47.116482794012164 ], [ 28.715836362579122, 47.116487389996735 ], [ 28.715829919073713, 47.116491985980979 ], [ 28.715823475567195, 47.11649658196486 ], [ 28.715817032059565, 47.116501177948386 ], [ 28.715810588550827, 47.116505773931557 ], [ 28.715804145040977, 47.116510369914387 ], [ 28.715797556924638, 47.116510468627062 ], [ 28.71579111341309, 47.116515064609175 ], [ 28.715784669900433, 47.116519660590932 ], [ 28.715778226386671, 47.116524256572347 ], [ 28.715771782871794, 47.116528852553394 ], [ 28.715765339355812, 47.116533448534099 ], [ 28.715758895838725, 47.116538044514449 ], [ 28.715752307718809, 47.116538143224567 ], [ 28.715745864200017, 47.116542739204206 ], [ 28.715739420680119, 47.116547335183498 ], [ 28.715732977159107, 47.116551931162419 ], [ 28.715726533636992, 47.116556527141 ], [ 28.715720090113763, 47.11656112311924 ], [ 28.715713501990866, 47.116561221827155 ], [ 28.715707058465942, 47.116565817804677 ], [ 28.715700614939905, 47.11657041378183 ], [ 28.71569417141276, 47.116575009758634 ], [ 28.715687727884507, 47.116579605735097 ], [ 28.715681284355146, 47.116584201711213 ], [ 28.715674840824676, 47.116588797686958 ], [ 28.715668252698208, 47.116588896392329 ], [ 28.715661809166036, 47.116593492367365 ], [ 28.71565536563276, 47.116598088342066 ], [ 28.715648922098367, 47.116602684316405 ], [ 28.715642478562867, 47.116607280290381 ], [ 28.715636035026261, 47.11661187626401 ], [ 28.71562959148855, 47.116616472237297 ], [ 28.715623003358509, 47.116616570940096 ], [ 28.715616559819093, 47.116621166912665 ], [ 28.715610116278569, 47.11662576288488 ], [ 28.71560367273694, 47.116630358856732 ], [ 28.715597229194195, 47.116634954828257 ], [ 28.715590785650345, 47.116639550799412 ], [ 28.71558434210538, 47.116644146770206 ], [ 28.715577753971772, 47.116644245470468 ], [ 28.715571310425116, 47.116648841440551 ], [ 28.715564866877347, 47.116653437410299 ], [ 28.715558423328471, 47.116658033379693 ], [ 28.715551979778482, 47.116662629348731 ], [ 28.715545536227385, 47.116667225317407 ], [ 28.715539092675183, 47.116671821285742 ], [ 28.715532504537997, 47.116671919983432 ], [ 28.715526060984089, 47.116676515951042 ], [ 28.715519617429081, 47.116681111918304 ], [ 28.71551317387296, 47.116685707885225 ], [ 28.715506730315727, 47.116690303851797 ], [ 28.715500286757386, 47.116694899818008 ], [ 28.715493843197937, 47.116699495783863 ], [ 28.715487255057184, 47.116699594478987 ], [ 28.715480811496036, 47.116704190444132 ], [ 28.71547436793378, 47.116708786408928 ], [ 28.715467924370412, 47.116713382373376 ], [ 28.715461480805939, 47.116717978337455 ], [ 28.715455037240353, 47.116722574301193 ], [ 28.71544859367366, 47.116727170264582 ], [ 28.715442005529329, 47.116727268957149 ], [ 28.715435561960938, 47.116731864919828 ], [ 28.715429118391434, 47.116736460882137 ], [ 28.715422674820829, 47.116741056844113 ], [ 28.715416231249105, 47.116745652805719 ], [ 28.715409787676279, 47.116750248766998 ], [ 28.715403199528968, 47.116750347457369 ], [ 28.715396755954444, 47.116754943417916 ], [ 28.715390312378805, 47.116759539378116 ], [ 28.715383868802054, 47.116764135337959 ], [ 28.715377425224204, 47.116768731297448 ], [ 28.715370837074502, 47.116768829985986 ], [ 28.715364393494944, 47.116773425944764 ], [ 28.715357949914285, 47.116778021903201 ], [ 28.715351506332507, 47.116782617861269 ], [ 28.715345062749631, 47.116787213818988 ], [ 28.715338619165635, 47.116791809776359 ], [ 28.715332031012956, 47.116791908462709 ], [ 28.715325587427269, 47.116796504419369 ], [ 28.715319143840468, 47.116801100375667 ], [ 28.715312700252561, 47.116805696331618 ], [ 28.715306256663546, 47.116810292287212 ], [ 28.715299813073418, 47.116814888242459 ], [ 28.715293224917755, 47.11681498692662 ], [ 28.715286781325929, 47.116819582881149 ], [ 28.715280337732995, 47.116824178835323 ], [ 28.715273894138949, 47.11682877478917 ], [ 28.715267450543795, 47.11683337074264 ], [ 28.71526086238574, 47.116833469424961 ], [ 28.715254418788891, 47.116838065377728 ], [ 28.715247975190927, 47.116842661330132 ], [ 28.715241531591861, 47.116847257282188 ], [ 28.715235087991683, 47.116851853233904 ], [ 28.71522864439039, 47.116856449185249 ], [ 28.715222056229351, 47.116856547865375 ], [ 28.71521561262637, 47.11686114381601 ], [ 28.715209169022273, 47.116865739766311 ], [ 28.715202725417068, 47.11687033571625 ], [ 28.715196281810751, 47.116874931665826 ], [ 28.715189838203329, 47.116879527615062 ], [ 28.715183250039306, 47.116879626292985 ], [ 28.715176806430183, 47.116884222241517 ], [ 28.715170362819954, 47.116888818189672 ], [ 28.715163919208614, 47.116893414137493 ], [ 28.715157475596165, 47.116898010084945 ], [ 28.715150887429751, 47.116898108761042 ], [ 28.715144443815603, 47.116902704707798 ], [ 28.715138000200344, 47.116907300654191 ], [ 28.715131556583977, 47.116911896600236 ], [ 28.715125112966501, 47.116916492545919 ], [ 28.71511866934792, 47.116921088491274 ], [ 28.715112081178525, 47.116921187165168 ], [ 28.715105637558239, 47.116925783109785 ], [ 28.715099193936844, 47.116930379054068 ], [ 28.715092750314348, 47.116934974997989 ], [ 28.715086306690733, 47.116939570941568 ], [ 28.715079863066013, 47.116944166884785 ], [ 28.715073274893633, 47.116944265556477 ], [ 28.715066831267215, 47.116948861498976 ], [ 28.715060387639685, 47.116953457441141 ], [ 28.715053944011053, 47.116958053382938 ], [ 28.715047500381303, 47.116962649324392 ], [ 28.715040912206529, 47.116962747994258 ], [ 28.715034468575087, 47.116967343934995 ], [ 28.71502802494253, 47.116971939875384 ], [ 28.715021581308868, 47.116976535815411 ], [ 28.715015137674097, 47.116981131755082 ], [ 28.715008694038215, 47.116985727694406 ], [ 28.71500210586046, 47.116985826362082 ], [ 28.714995662222883, 47.116990422300688 ], [ 28.71498921858419, 47.11699501823896 ], [ 28.714982774944392, 47.116999614176862 ], [ 28.714976331303486, 47.117004210114409 ], [ 28.714969743123337, 47.11700430878026 ], [ 28.714963299480733, 47.117008904717096 ], [ 28.714956855837016, 47.117013500653592 ], [ 28.714950412192191, 47.117018096589725 ], [ 28.714943968546258, 47.117022692525509 ], [ 28.714937524899216, 47.117027288460939 ], [ 28.714930936716087, 47.117027387124587 ], [ 28.71492449306734, 47.117031983059313 ], [ 28.714918049417488, 47.11703657899367 ], [ 28.714911605766531, 47.117041174927685 ], [ 28.714905162114462, 47.11704577086136 ], [ 28.714898718461285, 47.117050366794658 ], [ 28.714892130275171, 47.11705046545611 ], [ 28.714885686620292, 47.117055061388712 ], [ 28.714879242964308, 47.117059657320958 ], [ 28.714872799307212, 47.117064253252842 ], [ 28.714866355649008, 47.117068849184385 ], [ 28.714859767460503, 47.117068947844011 ], [ 28.714853323800597, 47.117073543774829 ], [ 28.714846880139589, 47.117078139705313 ], [ 28.714840436477466, 47.117082735635428 ], [ 28.714833992814235, 47.117087331565202 ], [ 28.714827549149895, 47.11709192749462 ], [ 28.714820960958406, 47.117092026152044 ], [ 28.714814517292371, 47.117096622080751 ], [ 28.714808073625221, 47.11710121800909 ], [ 28.714801629956959, 47.117105813937087 ], [ 28.714795186287599, 47.117110409864736 ], [ 28.714788742617124, 47.117115005792037 ], [ 28.71478215442265, 47.117115104447279 ], [ 28.714775710750477, 47.117119700373848 ], [ 28.714769267077191, 47.117124296300076 ], [ 28.714762823402797, 47.117128892225949 ], [ 28.714756379727298, 47.117133488151481 ], [ 28.714749791530433, 47.117133586804883 ], [ 28.714743347853236, 47.11713818272969 ], [ 28.714736904174924, 47.117142778654141 ], [ 28.714730460495506, 47.117147374578252 ], [ 28.71472401681498, 47.117151970502007 ], [ 28.714717573133342, 47.117156566425408 ], [ 28.7147109849335, 47.117156665076614 ], [ 28.714704541250164, 47.117161260999296 ], [ 28.714698097565719, 47.117165856921638 ], [ 28.714691653880163, 47.117170452843617 ], [ 28.714685210193498, 47.117175048765255 ], [ 28.714678766505727, 47.117179644686523 ], [ 28.714672178302898, 47.117179743335534 ], [ 28.714665734613426, 47.117184339256106 ], [ 28.71465929092285, 47.117188935176323 ], [ 28.714652847231157, 47.117193531096177 ], [ 28.71464640353836, 47.117198127015691 ], [ 28.714639815333136, 47.117198225662854 ], [ 28.714633371638641, 47.117202821581657 ], [ 28.714626927943034, 47.117207417500097 ], [ 28.714620484246321, 47.117212013418197 ], [ 28.714614040548494, 47.117216609335927 ], [ 28.714607596849557, 47.117221205253315 ], [ 28.71460100864136, 47.117221303898297 ], [ 28.714594564940725, 47.117225899814962 ], [ 28.714588121238979, 47.117230495731285 ], [ 28.714581677536131, 47.11723509164726 ], [ 28.714575233832171, 47.117239687562872 ], [ 28.714568645621576, 47.117239786206028 ], [ 28.714562201915918, 47.117244382120923 ], [ 28.714555758209144, 47.11724897803547 ], [ 28.714549314501266, 47.117253573949668 ], [ 28.714542870792283, 47.117258169863511 ], [ 28.714536427082184, 47.117262765777014 ], [ 28.714529838868611, 47.117262864417967 ], [ 28.714523395156814, 47.117267460330737 ], [ 28.714516951443908, 47.117272056243173 ], [ 28.714510507729898, 47.117276652155248 ], [ 28.714504064014776, 47.117281248066973 ], [ 28.714497620298545, 47.117285843978337 ], [ 28.714491032081987, 47.117285942617094 ], [ 28.714484588364051, 47.117290538527755 ], [ 28.714478144645017, 47.117295134438066 ], [ 28.714471700924868, 47.117299730348009 ], [ 28.71446525720361, 47.11730432625761 ], [ 28.714458668984655, 47.117304424894549 ], [ 28.714452225261702, 47.117309020803425 ], [ 28.714445781537634, 47.117313616711961 ], [ 28.714439337812461, 47.117318212620141 ], [ 28.714432894086173, 47.117322808527973 ], [ 28.714426450358786, 47.117327404435457 ], [ 28.714420006630277, 47.117332000342586 ], [ 28.71441356290067, 47.117336596249359 ], [ 28.714407119169948, 47.117341192155784 ], [ 28.714400675438114, 47.117345788061861 ], [ 28.714394231705182, 47.117350383967576 ], [ 28.714387787971134, 47.117354979872943 ], [ 28.714381344235971, 47.117359575777954 ], [ 28.714374900499703, 47.117364171682624 ], [ 28.71436845676233, 47.117368767586939 ], [ 28.714362013023848, 47.117373363490898 ], [ 28.714355569284251, 47.117377959394503 ], [ 28.714349125543546, 47.117382555297759 ], [ 28.714342681801735, 47.117387151200667 ], [ 28.714336238058817, 47.11739174710322 ], [ 28.714329794314779, 47.11739634300541 ], [ 28.714323350569639, 47.117400938907274 ], [ 28.714316906823392, 47.117405534808768 ], [ 28.714310463076036, 47.117410130709914 ], [ 28.714304019327567, 47.117414726610711 ], [ 28.714297575577984, 47.117419322511154 ], [ 28.714291131827302, 47.117423918411248 ], [ 28.714284688075509, 47.11742851431098 ], [ 28.7142782443226, 47.117433110210371 ], [ 28.714271800568589, 47.117437706109406 ], [ 28.71426535681346, 47.117442302008087 ], [ 28.714258913057233, 47.117446897906412 ], [ 28.71425246929989, 47.117451493804396 ], [ 28.714246025541442, 47.117456089702038 ], [ 28.714239581781879, 47.117460685599305 ], [ 28.714233138021211, 47.11746528149623 ], [ 28.714226694259427, 47.1174698773928 ], [ 28.714220250496545, 47.117474473289022 ], [ 28.714213806732548, 47.117479069184881 ], [ 28.714207362967439, 47.117483665080407 ], [ 28.714200919201225, 47.117488260975577 ], [ 28.714194475433903, 47.117492856870392 ], [ 28.714188031665465, 47.117497452764844 ], [ 28.714181587895922, 47.117502048658949 ], [ 28.714175144125274, 47.117506644552712 ], [ 28.714168700353511, 47.117511240446127 ], [ 28.714162256580639, 47.117515836339173 ], [ 28.714155812806659, 47.117520432231871 ], [ 28.714149369031567, 47.117525028124227 ], [ 28.71414292525537, 47.117529624016228 ], [ 28.714136481478068, 47.117534219907867 ], [ 28.71413003769965, 47.117538815799165 ], [ 28.714123593920121, 47.117543411690114 ], [ 28.714117150139487, 47.117548007580716 ], [ 28.714110706357744, 47.117552603470941 ], [ 28.714104262574892, 47.117557199360839 ], [ 28.714097818790929, 47.117561795250374 ], [ 28.714091375005857, 47.117566391139555 ], [ 28.714084931219674, 47.117570987028387 ], [ 28.714078487432385, 47.117575582916871 ], [ 28.714072043643988, 47.117580178804992 ], [ 28.714072188109387, 47.117584676078017 ], [ 28.71406574431936, 47.117589271965798 ], [ 28.714059300528223, 47.117593867853238 ], [ 28.714052856735975, 47.117598463740329 ], [ 28.714046412942619, 47.117603059627058 ], [ 28.714039969148153, 47.117607655513439 ], [ 28.71403352535258, 47.117612251399471 ], [ 28.714027081555894, 47.117616847285149 ], [ 28.7140206377581, 47.117621443170485 ], [ 28.714014193959194, 47.117626039055445 ], [ 28.71400775015919, 47.117630634940078 ], [ 28.714001306358064, 47.117635230824341 ], [ 28.713994862555836, 47.117639826708263 ], [ 28.7139884187525, 47.117644422591823 ], [ 28.713988563211181, 47.117648919864997 ], [ 28.713982119406211, 47.117653515748216 ], [ 28.713975675600132, 47.117658111631087 ], [ 28.713969231792948, 47.117662707513617 ], [ 28.713962787984649, 47.117667303395784 ], [ 28.713956344175248, 47.117671899277603 ], [ 28.713949900364732, 47.117676495159067 ], [ 28.71394345655311, 47.117681091040197 ], [ 28.713943601008186, 47.117685588313421 ], [ 28.713937157194938, 47.117690184194203 ], [ 28.713930713380574, 47.117694780074622 ], [ 28.713924269565101, 47.117699375954693 ], [ 28.713917825748521, 47.117703971834423 ], [ 28.713911381930831, 47.117708567713777 ], [ 28.713904938112034, 47.117713163592796 ], [ 28.713905082564029, 47.11771766086612 ], [ 28.713898638743597, 47.117722256744777 ], [ 28.713892194922064, 47.117726852623107 ], [ 28.713885751099419, 47.117731448501068 ], [ 28.713879307275661, 47.117736044378695 ], [ 28.713872863450796, 47.117740640255967 ], [ 28.713866419624825, 47.117745236132883 ], [ 28.713866564073736, 47.117749733406256 ], [ 28.713860120246135, 47.117754329282832 ], [ 28.713853676417422, 47.117758925159059 ], [ 28.7138472325876, 47.117763521034924 ], [ 28.713840788756674, 47.11776811691044 ], [ 28.713834344924631, 47.117772712785616 ], [ 28.713834489370978, 47.117777210059039 ], [ 28.713828045537308, 47.117781805933866 ], [ 28.713821601702534, 47.117786401808345 ], [ 28.713815157866645, 47.117790997682469 ], [ 28.71380871402965, 47.117795593556245 ], [ 28.71380227019154, 47.117800189429659 ], [ 28.713795826352332, 47.117804785302745 ], [ 28.713789382512008, 47.117809381175455 ], [ 28.713782938670573, 47.117813977047817 ], [ 28.713776494828029, 47.11781857291983 ], [ 28.71377005098438, 47.117823168791496 ], [ 28.71377019542556, 47.117827666065033 ], [ 28.713763751580281, 47.11783226193635 ], [ 28.713757307733893, 47.117836857807319 ], [ 28.713750863886393, 47.117841453677947 ], [ 28.713744420037781, 47.117846049548213 ], [ 28.713737976188064, 47.117850645418116 ], [ 28.713731532337238, 47.117855241287678 ], [ 28.713725088485308, 47.117859837156892 ], [ 28.713718644632262, 47.117864433025751 ], [ 28.713712200778104, 47.117869028894255 ], [ 28.713712345214649, 47.117873526167898 ], [ 28.71370590135886, 47.117878122036068 ], [ 28.713699457501967, 47.117882717903882 ], [ 28.713693013643969, 47.117887313771341 ], [ 28.713686569784855, 47.117891909638459 ], [ 28.713680125924633, 47.117896505505215 ], [ 28.713673682063305, 47.117901101371636 ], [ 28.713667238200866, 47.117905697237674 ], [ 28.713660794337319, 47.117910293103392 ], [ 28.713654350472666, 47.117914888968741 ], [ 28.71365449490456, 47.117919386242484 ], [ 28.713648051038277, 47.117923982107484 ], [ 28.713641607170882, 47.117928577972151 ], [ 28.713635163302371, 47.117933173836455 ], [ 28.713628719432762, 47.117937769700411 ], [ 28.713622275562042, 47.117942365564026 ], [ 28.713615831690205, 47.117946961427279 ], [ 28.713609387817261, 47.117951557290176 ], [ 28.713602943943211, 47.117956153152726 ], [ 28.71359650006805, 47.117960749014919 ], [ 28.71359005619178, 47.117965344876765 ], [ 28.713590200618516, 47.117969842150607 ], [ 28.713583756740618, 47.117974438012126 ], [ 28.713577312861613, 47.117979033873262 ], [ 28.713570868981495, 47.117983629734077 ], [ 28.71356442510027, 47.117988225594523 ], [ 28.713557981217932, 47.117992821454628 ], [ 28.713551537334489, 47.117997417314363 ], [ 28.713545093449937, 47.118002013173772 ], [ 28.713538649564271, 47.118006609032797 ], [ 28.713532205677499, 47.118011204891495 ], [ 28.713532350099594, 47.118015702165444 ], [ 28.713525906211192, 47.118020298023801 ], [ 28.713519462321681, 47.118024893881788 ], [ 28.713513018431058, 47.118029489739442 ], [ 28.713506574539334, 47.11803408559674 ], [ 28.713500130646491, 47.118038681453676 ], [ 28.713493686752546, 47.118043277310264 ], [ 28.713487242857493, 47.11804787316651 ], [ 28.713480798961324, 47.118052469022395 ], [ 28.713474355064051, 47.118057064877931 ], [ 28.713467911165662, 47.118061660733126 ], [ 28.713468055582599, 47.118066158007174 ], [ 28.713461611682582, 47.118070753862021 ], [ 28.713461756099026, 47.118075251136084 ], [ 28.713455312197382, 47.118079846990589 ], [ 28.713448868294631, 47.118084442844733 ], [ 28.713449012710075, 47.118088940118831 ], [ 28.713442568805689, 47.118093535972633 ], [ 28.713436124900205, 47.118098131826088 ], [ 28.713436269314638, 47.118102629100193 ], [ 28.713429825407516, 47.118107224953313 ], [ 28.71342338149929, 47.118111820806078 ], [ 28.713423525912724, 47.118116318080197 ], [ 28.713417082002863, 47.118120913932628 ], [ 28.713417226415814, 47.118125411206755 ], [ 28.713410782504322, 47.118130007058838 ], [ 28.713410926916787, 47.118134504332978 ], [ 28.713411071329286, 47.118139001607119 ], [ 28.713411215741818, 47.118143498881238 ], [ 28.713411360154382, 47.118147996155372 ], [ 28.713411504566984, 47.118152493429484 ], [ 28.713411648979616, 47.118156990703604 ], [ 28.713411793392289, 47.118161487977723 ], [ 28.713411937804992, 47.118165985251828 ], [ 28.713418670547195, 47.118170383947835 ], [ 28.713425403290504, 47.118174782643429 ], [ 28.713432136034921, 47.118179181338604 ], [ 28.713438868780447, 47.118183580033367 ], [ 28.713445601527084, 47.118187978727711 ], [ 28.713452334274834, 47.118192377421664 ], [ 28.713459067023685, 47.118196776115184 ], [ 28.713465799773655, 47.118201174808299 ], [ 28.713472532524726, 47.118205573500994 ], [ 28.713479265276909, 47.118209972193277 ], [ 28.713479409695548, 47.11821446946719 ], [ 28.713486142449426, 47.11821886815904 ], [ 28.71349287520442, 47.118223266850478 ], [ 28.713499607960514, 47.118227665541504 ], [ 28.713506340717732, 47.118232064232117 ], [ 28.713513073476047, 47.118236462922319 ], [ 28.713513217897663, 47.118240960196125 ], [ 28.713519950657684, 47.118245358885893 ], [ 28.713526683418813, 47.118249757575242 ], [ 28.713533416181047, 47.118254156264179 ], [ 28.713540148944393, 47.118258554952703 ], [ 28.713546881708847, 47.118262953640809 ], [ 28.713547026133448, 47.118267450914523 ], [ 28.7135537588996, 47.118271849602202 ], [ 28.713560491666861, 47.118276248289462 ], [ 28.713567224435234, 47.118280646976316 ], [ 28.713573957204712, 47.118285045662745 ], [ 28.713574101631711, 47.118289542936374 ], [ 28.71358083440289, 47.11829394162239 ], [ 28.713587567175178, 47.11829834030798 ], [ 28.713594299948578, 47.118302738993151 ], [ 28.713601032723084, 47.11830713767791 ], [ 28.713601177152473, 47.118311634951468 ], [ 28.713607909928676, 47.1183160336358 ], [ 28.713614642705991, 47.118320432319713 ], [ 28.713621375484415, 47.118324831003214 ], [ 28.713628108263954, 47.11832922968631 ], [ 28.713628252695734, 47.118333726959783 ], [ 28.713634985476961, 47.118338125642424 ], [ 28.713641718259304, 47.118342524324682 ], [ 28.713648451042758, 47.118346923006513 ], [ 28.713655183827321, 47.118351321687925 ], [ 28.713655328261495, 47.118355818961312 ], [ 28.713662061047749, 47.118360217642298 ], [ 28.713668793835122, 47.118364616322879 ], [ 28.713675526623597, 47.118369015003026 ], [ 28.713682259413183, 47.118373413682768 ], [ 28.713688992203885, 47.118377812362098 ], [ 28.71368913664104, 47.118382309635393 ], [ 28.713695869433433, 47.118386708314283 ], [ 28.713702602226938, 47.118391106992775 ], [ 28.713709335021552, 47.11839550567084 ], [ 28.713716067817277, 47.118399904348493 ], [ 28.713716212256823, 47.118404401621703 ], [ 28.713716356696402, 47.118408898894906 ], [ 28.713709912777592, 47.118413494763722 ], [ 28.713703324419122, 47.118413593358959 ], [ 28.713696736060623, 47.118413691953819 ], [ 28.713690147702088, 47.118413790548296 ], [ 28.713683559343519, 47.118413889142396 ], [ 28.713677115421241, 47.118418485009393 ], [ 28.713670671497848, 47.118423080876056 ], [ 28.71366422757335, 47.118427676742357 ], [ 28.713657783647744, 47.118432272608302 ], [ 28.713651339721022, 47.118436868473907 ], [ 28.713644895793198, 47.118441464339149 ], [ 28.713638451864256, 47.11844606020405 ], [ 28.713632007934216, 47.118450656068596 ], [ 28.713625564003056, 47.118455251932794 ], [ 28.713619120070799, 47.118459847796622 ], [ 28.7136125317063, 47.118459946386707 ], [ 28.713606087772334, 47.118464542249839 ], [ 28.713599643837263, 47.118469138112623 ], [ 28.713593199901077, 47.11847373397503 ] ] } },
{ "type": "Feature", "properties": { "element": "node", "id": "I0140", "kind": "inspection", "length_m": null, "frm": null, "to": null }, "geometry": { "type": "Point", "coordinates": [ 28.713583802382729, 47.118473081684471 ] } },
{ "type": "Feature", "properties": { "element": "edge", "id": "I0140->I0141", "kind": "leg", "length_m": 8.9, "frm": "I0140", "to": "I0141" }, "geometry": { "type": "LineString", "coordinates": [ [ 28.713593199901077, 47.11847373397503 ], [ 28.713593344330643, 47.118478231248467 ], [ 28.71359348876025, 47.118482728521911 ], [ 28.713593633189888, 47.118487225795342 ], [ 28.713587189251037, 47.11849182165745 ], [ 28.713580745311074, 47.118496417519196 ], [ 28.713574301370002, 47.118501013380595 ], [ 28.71357444579812, 47.11850551065406 ], [ 28.713568001855421, 47.118510106515117 ], [ 28.713561557911618, 47.118514702375833 ], [ 28.713555113966699, 47.118519298236194 ], [ 28.713548670020671, 47.118523894096185 ], [ 28.713542081648026, 47.118523992682334 ], [ 28.7135356377003, 47.118528588541615 ], [ 28.713529193751466, 47.118533184400547 ] ] } },
{ "type": "Feature", "properties": { "element": "node", "id": "I0141", "kind": "inspection", "length_m": null, "frm": null, "to": null }, "geometry": { "type": "Point", "coordinates": [ 28.71351582547727, 47.118534995180724 ] } },
{ "type": "Feature", "properties": { "element": "edge", "id": "I0141->I0142", "kind": "leg", "length_m": 116.0, "frm": "I0141", "to": "I0142" }, "geometry": { "type": "LineString", "coordinates": [ [ 28.713529193751466, 47.118533184400547 ], [ 28.713529338175942, 47.118537681674098 ], [ 28.713529482600453, 47.118542178947635 ], [ 28.713529627024993, 47.118546676221158 ], [ 28.713523183073491, 47.118551272079785 ], [ 28.713516739120877, 47.118555867938056 ], [ 28.713510295167161, 47.118560463795973 ], [ 28.713510439590173, 47.118564961069538 ], [ 28.713503995634831, 47.118569556927106 ], [ 28.713497551678365, 47.118574152784333 ], [ 28.713491107720802, 47.118578748641212 ], [ 28.713484663762124, 47.118583344497736 ], [ 28.713484808183097, 47.118587841771344 ], [ 28.713478364222791, 47.118592437627534 ], [ 28.713471920261373, 47.118597033483347 ], [ 28.713465476298854, 47.118601629338826 ], [ 28.713459032335212, 47.118606225193957 ], [ 28.713459176754146, 47.118610722467601 ], [ 28.713452732788884, 47.118615318322384 ], [ 28.713446288822507, 47.118619914176811 ], [ 28.713439844855028, 47.118624510030898 ], [ 28.71343998927243, 47.118629007304577 ], [ 28.713433545303321, 47.118633603158322 ], [ 28.713427101333103, 47.118638199011706 ], [ 28.713420657361773, 47.118642794864741 ], [ 28.713414213389331, 47.118647390717427 ], [ 28.713414357804695, 47.118651887991149 ], [ 28.713407913830629, 47.118656483843502 ], [ 28.713401469855452, 47.118661079695492 ], [ 28.713395025879166, 47.118665675547135 ], [ 28.713395170293001, 47.118670172820885 ], [ 28.713388726315088, 47.118674768672186 ], [ 28.71338228233606, 47.118679364523139 ], [ 28.713375838355926, 47.11868396037373 ], [ 28.713369394374681, 47.118688556223972 ], [ 28.713369538786473, 47.118693053497765 ], [ 28.713363094803604, 47.118697649347681 ], [ 28.713356650819623, 47.118702245197227 ], [ 28.713350206834527, 47.118706841046425 ], [ 28.713343762848332, 47.118711436895289 ], [ 28.713343907258079, 47.118715934169131 ], [ 28.713337463270246, 47.118720530017633 ], [ 28.713331019281309, 47.118725125865787 ], [ 28.713324575291267, 47.118729721713592 ], [ 28.71331813130011, 47.118734317561049 ], [ 28.713311687307836, 47.118738913408144 ], [ 28.713311831715025, 47.118743410682036 ], [ 28.713305387721128, 47.118748006528804 ], [ 28.713298943726119, 47.11875260237521 ], [ 28.713292499730009, 47.118757198221267 ], [ 28.713286055732784, 47.11876179406697 ], [ 28.713286200137922, 47.118766291340904 ], [ 28.713279756139073, 47.11877088718628 ], [ 28.713273312139112, 47.118775483031293 ], [ 28.713266868138039, 47.118780078875957 ], [ 28.71326701254166, 47.11878457614992 ], [ 28.713260568538956, 47.118789171994244 ], [ 28.713254124535148, 47.118793767838206 ], [ 28.71324768053023, 47.118798363681833 ], [ 28.713241236524201, 47.118802959525105 ], [ 28.713241380925773, 47.118807456799104 ], [ 28.713234936918113, 47.118812052642028 ], [ 28.713228492909348, 47.118816648484596 ], [ 28.713222048899471, 47.118821244326831 ], [ 28.713222193299522, 47.118825741600865 ], [ 28.713215749288015, 47.118830337442745 ], [ 28.713209305275402, 47.118834933284276 ], [ 28.713202861261674, 47.118839529125445 ], [ 28.713196417246841, 47.11884412496628 ], [ 28.713196561644843, 47.118848622240357 ], [ 28.713190117628383, 47.118853218080844 ], [ 28.713183673610814, 47.118857813920975 ], [ 28.71317722959213, 47.118862409760759 ], [ 28.713177373988607, 47.118866907034864 ], [ 28.713170929968303, 47.118871502874313 ], [ 28.71316448594688, 47.1188760987134 ], [ 28.713158041924356, 47.118880694552139 ], [ 28.713151597900719, 47.118885290390523 ], [ 28.713151742295153, 47.118889787664678 ], [ 28.713145298269886, 47.11889438350272 ], [ 28.713138854243507, 47.118898979340422 ], [ 28.713132410216023, 47.118903575177761 ], [ 28.71312596618743, 47.118908171014759 ], [ 28.713119522157726, 47.118912766851395 ], [ 28.713113078126913, 47.118917362687675 ], [ 28.713106634094991, 47.118921958523607 ], [ 28.713100190061958, 47.118926554359192 ], [ 28.71309374602782, 47.118931150194427 ], [ 28.713087301992566, 47.118935746029308 ], [ 28.713080857956207, 47.118940341863834 ], [ 28.71307441391874, 47.118944937698004 ], [ 28.713067969880161, 47.11894953353184 ], [ 28.713061525840477, 47.118954129365306 ], [ 28.713055081799677, 47.118958725198432 ], [ 28.713048637757769, 47.118963321031195 ], [ 28.713042193714756, 47.11896791686361 ], [ 28.713035749670631, 47.118972512695677 ], [ 28.713029305625398, 47.118977108527396 ], [ 28.713029450009991, 47.118981605801764 ], [ 28.713029594394616, 47.118986103076125 ], [ 28.71302973877928, 47.118990600350472 ], [ 28.713029883163976, 47.118995097624833 ], [ 28.713030027548708, 47.118999594899179 ], [ 28.713023583499769, 47.1190041907306 ], [ 28.713023727884018, 47.119008688004961 ], [ 28.713017283833441, 47.11901328383604 ], [ 28.713010839781763, 47.119017879666764 ], [ 28.713004395728973, 47.11902247549714 ], [ 28.712997951675078, 47.11902707132716 ], [ 28.71299809605728, 47.119031568601564 ], [ 28.712991652001747, 47.119036164431243 ], [ 28.712985207945113, 47.119040760260575 ], [ 28.712978763887364, 47.119045356089558 ], [ 28.712978908268045, 47.119049853363975 ], [ 28.712972464208672, 47.119054449192618 ], [ 28.712966020148183, 47.119059045020911 ], [ 28.71295957608659, 47.119063640848857 ], [ 28.71295313202388, 47.119068236676441 ], [ 28.712953276402516, 47.119072733950908 ], [ 28.712946832338186, 47.119077329778143 ], [ 28.712940388272745, 47.119081925605052 ], [ 28.712933944206195, 47.119086521431576 ], [ 28.712927500138534, 47.119091117257767 ], [ 28.712927644515116, 47.119095614532284 ], [ 28.712921200445834, 47.119100210358134 ], [ 28.712914756375429, 47.119104806183628 ], [ 28.712908312303924, 47.119109402008768 ], [ 28.712901868231306, 47.119113997833558 ], [ 28.712895424157576, 47.119118593658001 ], [ 28.712888980082738, 47.119123189482082 ], [ 28.712882536006791, 47.119127785305821 ], [ 28.71287609192974, 47.119132381129198 ], [ 28.712869647851576, 47.119136976952241 ], [ 28.712863203772297, 47.119141572774915 ], [ 28.71285675969192, 47.11914616859724 ], [ 28.712850315610428, 47.119150764419217 ], [ 28.712843871527824, 47.119155360240839 ], [ 28.712837427444111, 47.11915995606212 ], [ 28.712830983359293, 47.119164551883038 ], [ 28.712824539273363, 47.119169147703602 ], [ 28.712818095186321, 47.119173743523831 ], [ 28.712811651098178, 47.119178339343691 ], [ 28.71280520700892, 47.119182935163202 ], [ 28.712798762918549, 47.119187530982366 ], [ 28.712792318827077, 47.119192126801174 ], [ 28.71278587473449, 47.119196722619634 ], [ 28.71277943064079, 47.119201318437746 ], [ 28.712772986545993, 47.119205914255495 ], [ 28.712766542450073, 47.119210510072897 ], [ 28.712760098353055, 47.11921510588995 ], [ 28.712753654254922, 47.119219701706641 ], [ 28.712747210155676, 47.11922429752299 ], [ 28.71274076605533, 47.119228893338985 ], [ 28.712734321953867, 47.119233489154624 ], [ 28.7127278778513, 47.119238084969915 ], [ 28.712721433747621, 47.119242680784858 ], [ 28.712714989642834, 47.119247276599452 ], [ 28.712708545536934, 47.119251872413678 ], [ 28.71270210142993, 47.119256468227562 ], [ 28.71269565732181, 47.119261064041098 ], [ 28.712689213212585, 47.119265659854278 ], [ 28.712682769102251, 47.119270255667097 ], [ 28.712676324990806, 47.119274851479574 ], [ 28.712669880878252, 47.119279447291703 ], [ 28.712663436764593, 47.119284043103477 ], [ 28.712663581119905, 47.119288540378449 ], [ 28.712657137004612, 47.119293136189896 ], [ 28.712650692888211, 47.119297732000973 ], [ 28.712644248770701, 47.119302327811702 ], [ 28.712637804652079, 47.119306923622077 ], [ 28.712637949005352, 47.119311420897098 ], [ 28.712638093358649, 47.119315918172127 ], [ 28.712638237711992, 47.119320415447149 ], [ 28.712638382065364, 47.119324912722156 ], [ 28.712631937943556, 47.119329508532232 ] ] } },
{ "type": "Feature", "properties": { "element": "node", "id": "I0142", "kind": "inspection", "length_m": null, "frm": null, "to": null }, "geometry": { "type": "Point", "coordinates": [ 28.712632837350185, 47.119330567602091 ] } },
{ "type": "Feature", "properties": { "element": "edge", "id": "I0142->I0143", "kind": "leg", "length_m": 12.8, "frm": "I0142", "to": "I0143" }, "geometry": { "type": "LineString", "coordinates": [ [ 28.712631937943556, 47.119329508532232 ], [ 28.712625349468304, 47.119329607066909 ], [ 28.712618760993021, 47.119329705601217 ], [ 28.712612172517698, 47.119329804135141 ], [ 28.712605728393008, 47.119334399943767 ], [ 28.71259928426722, 47.119338995752038 ], [ 28.71259284014031, 47.119343591559961 ], [ 28.712592984489973, 47.119348088835075 ], [ 28.712586540361443, 47.119352684642664 ], [ 28.712586684710622, 47.119357181917763 ], [ 28.712580240580458, 47.119361777725004 ], [ 28.712573796449185, 47.119366373531911 ], [ 28.712567352316803, 47.119370969338441 ], [ 28.712567496664459, 47.119375466613583 ], [ 28.71256764101215, 47.119379963888719 ], [ 28.71256778535987, 47.119384461163861 ], [ 28.712567929707632, 47.119388958438989 ], [ 28.712568074055429, 47.119393455714111 ], [ 28.712561629919332, 47.119398051520342 ], [ 28.712555185782136, 47.119402647326247 ], [ 28.712548741643829, 47.119407243131789 ], [ 28.712542297504413, 47.119411838936983 ] ] } },
{ "type": "Feature", "properties": { "element": "node", "id": "I0143", "kind": "inspection", "length_m": null, "frm": null, "to": null }, "geometry": { "type": "Point", "coordinates": [ 28.712541611001924, 47.119413754426695 ] } },
{ "type": "Feature", "properties": { "element": "edge", "id": "I0143->I0144", "kind": "leg", "length_m": 13.2, "frm": "I0143", "to": "I0144" }, "geometry": { "type": "LineString", "coordinates": [ [ 28.712542297504413, 47.119411838936983 ], [ 28.712542441850157, 47.119416336212154 ], [ 28.712535997709114, 47.119420932017 ], [ 28.712529553566956, 47.119425527821505 ], [ 28.712522965079497, 47.119425626350434 ], [ 28.712516376592006, 47.119425724879008 ], [ 28.712509932447567, 47.119430320682426 ], [ 28.712503488302012, 47.119434916485496 ], [ 28.712497044155345, 47.119439512288217 ], [ 28.71249060000757, 47.119444108090576 ], [ 28.712484155858689, 47.119448703892587 ], [ 28.712477711708701, 47.119453299694257 ], [ 28.7124712675576, 47.119457895495557 ], [ 28.712471411897596, 47.119462392770856 ], [ 28.712464967744864, 47.119466988571816 ], [ 28.712458523591025, 47.119471584372441 ], [ 28.712458667930015, 47.119476081647761 ], [ 28.712458812269045, 47.119480578923067 ], [ 28.712458956608103, 47.119485076198387 ], [ 28.712459100947203, 47.119489573473686 ], [ 28.712452656790173, 47.119494169274006 ], [ 28.712446212632038, 47.119498765073949 ] ] } },
{ "type": "Feature", "properties": { "element": "node", "id": "I0144", "kind": "inspection", "length_m": null, "frm": null, "to": null }, "geometry": { "type": "Point", "coordinates": [ 28.712447225001828, 47.119499822106427 ] } },
{ "type": "Feature", "properties": { "element": "edge", "id": "I0144->I0139", "kind": "leg", "length_m": 107.6, "frm": "I0144", "to": "I0139" }, "geometry": { "type": "LineString", "coordinates": [ [ 28.712446212632038, 47.119498765073949 ], [ 28.712439624135254, 47.119498863598217 ], [ 28.71243303563843, 47.119498962122108 ], [ 28.712426447141581, 47.119499060645623 ], [ 28.712420002980565, 47.119503656444138 ], [ 28.71241355881844, 47.119508252242298 ], [ 28.712407114655207, 47.11951284804011 ], [ 28.712407258990076, 47.119517345315515 ], [ 28.712400814825209, 47.119521941112986 ], [ 28.712400959159595, 47.119526438388412 ], [ 28.7123945149931, 47.119531034185535 ], [ 28.712388070825497, 47.119535629982309 ], [ 28.712381626656789, 47.119540225778742 ], [ 28.712381770989648, 47.11954472305419 ], [ 28.712375326819306, 47.119549318850282 ], [ 28.712368882647862, 47.119553914646019 ], [ 28.712362438475299, 47.119558510441401 ], [ 28.712362582806637, 47.119563007716877 ], [ 28.712356138632444, 47.119567603511918 ], [ 28.712349694457153, 47.119572199306603 ], [ 28.712343250280739, 47.119576795100947 ], [ 28.712343394610553, 47.119581292376452 ], [ 28.712336950432519, 47.119585888170448 ], [ 28.71233050625337, 47.119590483964096 ], [ 28.712330650582178, 47.119594981239622 ], [ 28.712324206401401, 47.119599577032936 ], [ 28.71231776221952, 47.119604172825895 ], [ 28.712317906547316, 47.119608670101428 ], [ 28.712311462363804, 47.119613265894053 ], [ 28.712305018179187, 47.119617861686315 ], [ 28.712298573993447, 47.119622457478222 ], [ 28.712298718319722, 47.119626954753791 ], [ 28.712292274132363, 47.119631550545371 ], [ 28.712285829943898, 47.119636146336582 ], [ 28.712285974269168, 47.119640643612179 ], [ 28.712279530079066, 47.119645239403063 ], [ 28.712273085887858, 47.119649835193599 ], [ 28.712266641695539, 47.119654430983765 ], [ 28.712266786019288, 47.119658928259391 ], [ 28.712260341825338, 47.11966352404923 ], [ 28.71225389763028, 47.119668119838714 ], [ 28.712254041953027, 47.119672617114354 ], [ 28.712247597756342, 47.11967721290349 ], [ 28.712241153558544, 47.119681808692285 ], [ 28.712234709359638, 47.119686404480731 ], [ 28.712234853680854, 47.119690901756407 ], [ 28.712228409480321, 47.119695497544484 ], [ 28.712221965278676, 47.119700093332241 ], [ 28.712222109598891, 47.119704590607938 ], [ 28.712215665395622, 47.119709186395347 ], [ 28.712209221191237, 47.119713782182394 ], [ 28.712202776985745, 47.1197183779691 ], [ 28.712196332779147, 47.119722973755444 ], [ 28.712189888571441, 47.119727569541446 ], [ 28.712183444362619, 47.119732165327079 ], [ 28.712177000152689, 47.119736761112392 ], [ 28.712170555941654, 47.119741356897329 ], [ 28.712164111729503, 47.119745952681924 ], [ 28.712157667516248, 47.119750548466172 ], [ 28.712151223301888, 47.119755144250057 ], [ 28.712144779086412, 47.119759740033587 ], [ 28.712138334869827, 47.119764335816761 ], [ 28.712131890652131, 47.119768931599609 ], [ 28.71212544643333, 47.119773527382087 ], [ 28.712119002213413, 47.119778123164217 ], [ 28.712112557992398, 47.119782718945991 ], [ 28.712106113770261, 47.119787314727418 ], [ 28.712099669547026, 47.119791910508482 ], [ 28.712093225322675, 47.119796506289205 ], [ 28.712086781097213, 47.119801102069573 ], [ 28.712080336870645, 47.1198056978496 ], [ 28.712073892642969, 47.119810293629257 ], [ 28.712067448414178, 47.119814889408573 ], [ 28.712061004184282, 47.119819485187527 ], [ 28.71205455995328, 47.11982408096614 ], [ 28.712048115721164, 47.119828676744397 ], [ 28.712041671487942, 47.1198332725223 ], [ 28.712035227253605, 47.119837868299854 ], [ 28.712028783018162, 47.11984246407706 ], [ 28.712022338781612, 47.11984705985391 ], [ 28.712015894543949, 47.119851655630406 ], [ 28.712009450305178, 47.119856251406546 ], [ 28.712003006065295, 47.119860847182352 ], [ 28.711996561824311, 47.119865442957789 ], [ 28.711990117582207, 47.119870038732877 ], [ 28.711983673338999, 47.119874634507617 ], [ 28.711977229094682, 47.11987923028201 ], [ 28.711970784849257, 47.119883826056032 ], [ 28.711964340602719, 47.119888421829728 ], [ 28.71195789635507, 47.119893017603061 ], [ 28.711951452106319, 47.11989761337604 ], [ 28.71194500785645, 47.119902209148663 ], [ 28.711938563605479, 47.119906804920937 ], [ 28.711932119353396, 47.119911400692864 ], [ 28.711925675100197, 47.119915996464435 ], [ 28.711919230845901, 47.119920592235651 ], [ 28.711919375141711, 47.119925089511881 ], [ 28.711919519437561, 47.119929586788125 ], [ 28.711919663733443, 47.119934084064333 ], [ 28.711919808029364, 47.119938581340556 ], [ 28.711919952325317, 47.119943078616771 ], [ 28.711920096621306, 47.119947575892979 ], [ 28.711920240917326, 47.119952073169188 ], [ 28.711920385213386, 47.119956570445389 ], [ 28.711920529509481, 47.119961067721583 ], [ 28.711920673805604, 47.119965564997791 ], [ 28.711920818101763, 47.119970062273971 ], [ 28.711920962397965, 47.119974559550165 ], [ 28.711921106694195, 47.119979056826338 ], [ 28.711921250990461, 47.119983554102532 ], [ 28.711921395286762, 47.119988051378705 ], [ 28.711921539583102, 47.119992548654878 ], [ 28.711921683879474, 47.119997045931044 ], [ 28.711921828175875, 47.120001543207216 ], [ 28.711921972472318, 47.120006040483375 ], [ 28.711922116768793, 47.120010537759519 ], [ 28.711922261065304, 47.120015035035678 ], [ 28.711915816798978, 47.12001963080678 ], [ 28.711909372531537, 47.120024226577542 ], [ 28.71190292826299, 47.120028822347948 ], [ 28.711896483993332, 47.120033418117998 ], [ 28.711890039722565, 47.120038013887708 ], [ 28.71188359545069, 47.120042609657048 ], [ 28.711877151177706, 47.120047205426054 ], [ 28.711870706903611, 47.120051801194698 ], [ 28.711864262628414, 47.120056396962994 ], [ 28.711857818352097, 47.120060992730942 ], [ 28.71185137407468, 47.12006558849852 ], [ 28.711844929796143, 47.120070184265764 ], [ 28.711838485516505, 47.12007478003266 ], [ 28.711832041235752, 47.120079375799186 ], [ 28.71182559695389, 47.120083971565364 ], [ 28.711819152670923, 47.120088567331209 ], [ 28.711812708386844, 47.120093163096683 ], [ 28.711806264101657, 47.12009775886181 ], [ 28.711806408388849, 47.120102256138161 ], [ 28.71180655267607, 47.120106753414518 ], [ 28.711806696963329, 47.120111250690876 ], [ 28.711806841250617, 47.120115747967205 ], [ 28.711806985537944, 47.120120245243555 ], [ 28.711800541249048, 47.120124841008383 ], [ 28.711794096959046, 47.120129436772871 ], [ 28.71178765266793, 47.120134032536996 ], [ 28.711787796953729, 47.12013852981336 ], [ 28.711781352660985, 47.120143125577151 ], [ 28.711774908367136, 47.120147721340587 ], [ 28.711768464072172, 47.120152317103681 ], [ 28.711762019776099, 47.120156912866406 ], [ 28.711755575478918, 47.12016150862879 ], [ 28.711755719762159, 47.120166005905226 ], [ 28.711749275463347, 47.120170601667262 ], [ 28.711742831163427, 47.120175197428956 ], [ 28.711736386862395, 47.120179793190282 ], [ 28.711729942560254, 47.120184388951273 ], [ 28.711723498257008, 47.120188984711902 ], [ 28.711723642537681, 47.12019348198838 ], [ 28.711717198232808, 47.120198077748682 ], [ 28.71171075392682, 47.120202673508615 ], [ 28.711704309619719, 47.120207269268199 ], [ 28.711697865311518, 47.120211865027443 ], [ 28.7116914210022, 47.120216460786338 ], [ 28.711691565280312, 47.120220958062873 ], [ 28.71168512096936, 47.120225553821399 ], [ 28.71169185383663, 47.120229952615915 ], [ 28.711691998114848, 47.120234449892436 ], [ 28.711698730983809, 47.120238848686512 ], [ 28.711705463853889, 47.120243247480175 ] ] } },
{ "type": "Feature", "properties": { "element": "node", "id": "I0139", "kind": "inspection", "length_m": null, "frm": null, "to": null }, "geometry": { "type": "Point", "coordinates": [ 28.711694372663075, 47.120244855988069 ] } },
{ "type": "Feature", "properties": { "element": "edge", "id": "I0139->I0134", "kind": "leg", "length_m": 57.9, "frm": "I0139", "to": "I0134" }, "geometry": { "type": "LineString", "coordinates": [ [ 28.711705463853889, 47.120243247480175 ], [ 28.711698730983809, 47.120238848686512 ], [ 28.711698586705005, 47.120234351410019 ], [ 28.71169185383663, 47.120229952615915 ], [ 28.71168512096936, 47.120225553821399 ], [ 28.711684976691775, 47.120221056544864 ], [ 28.711684832414218, 47.120216559268314 ], [ 28.7116846881367, 47.120212061991758 ], [ 28.711684543859214, 47.120207564715209 ], [ 28.71168439958176, 47.120203067438645 ], [ 28.711684255304345, 47.120198570162088 ], [ 28.711684111026969, 47.120194072885525 ], [ 28.711683966749622, 47.120189575608947 ], [ 28.711683822472317, 47.120185078332376 ], [ 28.711683678195033, 47.120180581055799 ], [ 28.711683533917796, 47.120176083779214 ], [ 28.711683389640591, 47.120171586502622 ], [ 28.711683245363417, 47.120167089226037 ], [ 28.711689689667605, 47.120162493467639 ], [ 28.71169613397068, 47.1201578977089 ], [ 28.711702578272646, 47.120153301949799 ], [ 28.711709022573508, 47.120148706190342 ], [ 28.711715466873255, 47.120144110430545 ], [ 28.711721911171896, 47.120139514670392 ], [ 28.711728355469422, 47.120134918909876 ], [ 28.711734799765843, 47.120130323149027 ], [ 28.711741244061159, 47.120125727387808 ], [ 28.711747688355359, 47.120121131626249 ], [ 28.711754132648451, 47.120116535864327 ], [ 28.711760576940431, 47.12011194010207 ], [ 28.711767021231307, 47.120107344339445 ], [ 28.711773465521073, 47.120102748576471 ], [ 28.711779909809728, 47.120098152813156 ], [ 28.711786354097274, 47.120093557049479 ], [ 28.711792798383708, 47.120088961285461 ], [ 28.711799242669034, 47.120084365521073 ], [ 28.711805686953255, 47.120079769756352 ], [ 28.711812131236364, 47.120075173991275 ], [ 28.711818575518361, 47.120070578225835 ], [ 28.71182501979925, 47.120065982460041 ], [ 28.71183146407903, 47.120061386693919 ], [ 28.711837908357705, 47.120056790927428 ], [ 28.711844352635264, 47.120052195160589 ], [ 28.711850796911715, 47.120047599393388 ], [ 28.711857241187058, 47.120043003625845 ], [ 28.711863685461289, 47.120038407857955 ], [ 28.711870129734415, 47.120033812089702 ], [ 28.711876574006428, 47.120029216321093 ], [ 28.711883018277337, 47.120024620552144 ], [ 28.711889462547134, 47.120020024782846 ], [ 28.711895906815823, 47.120015429013186 ], [ 28.711902351083396, 47.120010833243171 ], [ 28.71190879534986, 47.120006237472815 ], [ 28.71191523961522, 47.12000164170211 ], [ 28.711921683879474, 47.119997045931044 ], [ 28.711928128142613, 47.119992450159621 ], [ 28.711934572404637, 47.119987854387858 ], [ 28.711941016665563, 47.11998325861574 ], [ 28.711947460925369, 47.119978662843266 ], [ 28.711953905184075, 47.119974067070444 ], [ 28.711960349441668, 47.119969471297267 ], [ 28.711966793698153, 47.119964875523749 ], [ 28.711973237953526, 47.119960279749854 ], [ 28.711979682207794, 47.119955683975618 ], [ 28.711986126460946, 47.119951088201056 ], [ 28.71199257071299, 47.119946492426116 ], [ 28.711999014963929, 47.119941896650829 ], [ 28.712005459213756, 47.119937300875193 ], [ 28.712011903462475, 47.119932705099195 ], [ 28.712018347710078, 47.119928109322863 ], [ 28.71202479195658, 47.119923513546162 ], [ 28.71203123620197, 47.119918917769112 ], [ 28.712037680446251, 47.119914321991722 ], [ 28.71204412468942, 47.119909726213969 ], [ 28.712050568931485, 47.119905130435868 ], [ 28.712057013172437, 47.119900534657411 ], [ 28.712063457412278, 47.119895938878614 ], [ 28.712069901651017, 47.119891343099461 ], [ 28.71207634588864, 47.119886747319939 ], [ 28.712082790125152, 47.119882151540075 ], [ 28.712089234360558, 47.119877555759878 ], [ 28.712095678594856, 47.119872959979297 ], [ 28.712102122828039, 47.119868364198389 ], [ 28.712108855683116, 47.119872762968775 ], [ 28.712115588539302, 47.119877161738749 ], [ 28.712122321396599, 47.119881560508318 ], [ 28.712129054255001, 47.119885959277461 ] ] } },
{ "type": "Feature", "properties": { "element": "node", "id": "I0134", "kind": "inspection", "length_m": null, "frm": null, "to": null }, "geometry": { "type": "Point", "coordinates": [ 28.712124110758559, 47.119882506860527 ] } },
{ "type": "Feature", "properties": { "element": "edge", "id": "I0134->I0138", "kind": "leg", "length_m": 28.5, "frm": "I0134", "to": "I0138" }, "geometry": { "type": "LineString", "coordinates": [ [ 28.712129054255001, 47.119885959277461 ], [ 28.712122321396599, 47.119881560508318 ], [ 28.712115588539302, 47.119877161738749 ], [ 28.712108855683116, 47.119872762968775 ], [ 28.712102122828039, 47.119868364198389 ], [ 28.712101978517115, 47.119863866922543 ], [ 28.712101834206219, 47.11985936964669 ], [ 28.712101689895363, 47.119854872370837 ], [ 28.712101545584542, 47.119850375094984 ], [ 28.712101401273753, 47.119845877819124 ], [ 28.712101256963006, 47.119841380543264 ], [ 28.712107701191961, 47.119836784762057 ], [ 28.712114145419807, 47.119832188980503 ], [ 28.712120589646549, 47.119827593198607 ], [ 28.712127033872179, 47.119822997416357 ], [ 28.7121334780967, 47.119818401633744 ], [ 28.712139922320112, 47.119813805850782 ], [ 28.712146366542417, 47.11980921006748 ], [ 28.712152810763609, 47.119804614283808 ], [ 28.712159254983689, 47.119800018499795 ], [ 28.712165699202664, 47.11979542271542 ], [ 28.712172143420531, 47.119790826930718 ], [ 28.712178587637286, 47.119786231145639 ], [ 28.712185031852933, 47.119781635360219 ], [ 28.712191476067467, 47.119777039574444 ], [ 28.712197920280897, 47.119772443788328 ], [ 28.712204364493214, 47.119767848001857 ], [ 28.712210808704423, 47.119763252215016 ], [ 28.712217252914524, 47.119758656427834 ], [ 28.712223697123516, 47.119754060640304 ], [ 28.712230141331396, 47.119749464852411 ], [ 28.712236585538164, 47.119744869064178 ], [ 28.712243029743831, 47.119740273275589 ], [ 28.712249473948379, 47.119735677486645 ], [ 28.712255918151826, 47.119731081697353 ], [ 28.71226236235416, 47.119726485907705 ], [ 28.712268806555386, 47.119721890117717 ], [ 28.7122752507555, 47.119717294327366 ], [ 28.712281694954505, 47.119712698536674 ], [ 28.712288139152399, 47.119708102745619 ], [ 28.712294583349188, 47.119703506954217 ], [ 28.712301027544868, 47.119698911162459 ], [ 28.712307471739432, 47.119694315370346 ] ] } },
{ "type": "Feature", "properties": { "element": "node", "id": "I0138", "kind": "inspection", "length_m": null, "frm": null, "to": null }, "geometry": { "type": "Point", "coordinates": [ 28.712324452160406, 47.119700062162281 ] } },
{ "type": "Feature", "properties": { "element": "edge", "id": "I0138->I0137", "kind": "leg", "length_m": 10.0, "frm": "I0138", "to": "I0137" }, "geometry": { "type": "LineString", "coordinates": [ [ 28.712307471739432, 47.119694315370346 ], [ 28.712307327412084, 47.119689818094848 ], [ 28.712307183084764, 47.11968532081935 ], [ 28.712307038757483, 47.119680823543845 ], [ 28.712313482949387, 47.119676227751413 ], [ 28.712319927140175, 47.119671631958632 ], [ 28.712326371329855, 47.119667036165509 ], [ 28.712332815518423, 47.119662440372032 ], [ 28.712339259705892, 47.119657844578192 ], [ 28.71234570389224, 47.119653248784012 ], [ 28.712352148077485, 47.119648652989483 ], [ 28.712358592261619, 47.119644057194584 ], [ 28.712365036444641, 47.119639461399345 ], [ 28.712371480626558, 47.119634865603743 ], [ 28.712377924807363, 47.119630269807807 ], [ 28.712384368987067, 47.119625674011516 ] ] } },
{ "type": "Feature", "properties": { "element": "node", "id": "I0137", "kind": "inspection", "length_m": null, "frm": null, "to": null }, "geometry": { "type": "Point", "coordinates": [ 28.712397881258749, 47.119632505219727 ] } },
{ "type": "Feature", "properties": { "element": "edge", "id": "I0137->I0136", "kind": "leg", "length_m": 34.9, "frm": "I0137", "to": "I0136" }, "geometry": { "type": "LineString", "coordinates": [ [ 28.712384368987067, 47.119625674011516 ], [ 28.712384224653576, 47.119621176736139 ], [ 28.712384080320124, 47.119616679460755 ], [ 28.712383935986708, 47.119612182185385 ], [ 28.712390380163736, 47.119607586388767 ], [ 28.71239682433966, 47.119602990591801 ], [ 28.712403268514468, 47.119598394794487 ], [ 28.712403124179527, 47.119593897519138 ], [ 28.712409568352708, 47.119589301721476 ], [ 28.712409424017281, 47.119584804446127 ], [ 28.712415868188831, 47.119580208648138 ], [ 28.712422312359273, 47.119575612849793 ], [ 28.712428756528602, 47.119571017051079 ], [ 28.712435200696827, 47.119566421252031 ], [ 28.71244164486394, 47.119561825452628 ], [ 28.712448089029944, 47.119557229652877 ], [ 28.712454533194844, 47.119552633852763 ], [ 28.712460977358631, 47.119548038052308 ], [ 28.712467421521303, 47.119543442251491 ], [ 28.712473865682874, 47.11953884645034 ], [ 28.712480309843333, 47.119534250648812 ], [ 28.712486754002676, 47.11952965484695 ], [ 28.712493198160917, 47.119525059044726 ], [ 28.712493053818768, 47.119520561769527 ], [ 28.712499497975379, 47.119515965966961 ], [ 28.712505942130875, 47.119511370164048 ], [ 28.712512386285272, 47.119506774360794 ], [ 28.712512241941592, 47.119502277085623 ], [ 28.712518830438547, 47.11950217855717 ], [ 28.712518686094359, 47.11949768128202 ], [ 28.712525130246011, 47.119493085478069 ], [ 28.712531574396557, 47.119488489673763 ], [ 28.712538018545985, 47.119483893869095 ], [ 28.712537874200269, 47.119479396593981 ], [ 28.712544318348076, 47.119474800788971 ], [ 28.712550762494768, 47.119470204983628 ], [ 28.712557206640355, 47.119465609177922 ], [ 28.712557062293115, 47.119461111902822 ], [ 28.712563506437071, 47.119456516096776 ], [ 28.712569950579923, 47.119451920290388 ], [ 28.712576394721662, 47.11944732448363 ], [ 28.712576250372891, 47.119442827208566 ], [ 28.712582694513003, 47.119438231401489 ], [ 28.712589138652003, 47.119433635594042 ], [ 28.71258899430223, 47.119429138318999 ], [ 28.7125954384396, 47.119424542511219 ], [ 28.712601882575861, 47.11941994670309 ], [ 28.712601738225086, 47.119415449428068 ], [ 28.71260818235972, 47.119410853619591 ], [ 28.712614626493238, 47.119406257810766 ], [ 28.712621214977986, 47.119406159276579 ], [ 28.712627803462706, 47.119406060742016 ], [ 28.71263424759394, 47.119401464932118 ], [ 28.712640691724062, 47.11939686912185 ], [ 28.712647135853086, 47.119392273311249 ] ] } },
{ "type": "Feature", "properties": { "element": "node", "id": "I0136", "kind": "inspection", "length_m": null, "frm": null, "to": null }, "geometry": { "type": "Point", "coordinates": [ 28.712646750584842, 47.119390496087689 ] } },
{ "type": "Feature", "properties": { "element": "edge", "id": "I0136->I0135", "kind": "leg", "length_m": 10.7, "frm": "I0136", "to": "I0135" }, "geometry": { "type": "LineString", "coordinates": [ [ 28.712647135853086, 47.119392273311249 ], [ 28.71264699149863, 47.119387776036312 ], [ 28.712646847144217, 47.119383278761369 ], [ 28.712646702789833, 47.119378781486411 ], [ 28.712646558435488, 47.119374284211467 ], [ 28.712646414081178, 47.119369786936517 ], [ 28.7126462697269, 47.119365289661552 ], [ 28.712652713851693, 47.119360693850659 ], [ 28.71265915797537, 47.119356098039418 ], [ 28.71265901362009, 47.119351600764475 ], [ 28.712658869264846, 47.119347103489531 ], [ 28.712665313386374, 47.119342507677949 ], [ 28.712671757506797, 47.11933791186604 ], [ 28.712678201626105, 47.119333316053755 ], [ 28.712684645744307, 47.119328720241135 ], [ 28.712691234219239, 47.11932862170304 ], [ 28.712697822694143, 47.119328523164583 ], [ 28.712704266810061, 47.119323927350862 ], [ 28.712710710924863, 47.119319331536808 ] ] } },
{ "type": "Feature", "properties": { "element": "node", "id": "I0135", "kind": "inspection", "length_m": null, "frm": null, "to": null }, "geometry": { "type": "Point", "coordinates": [ 28.712713087085881, 47.119321001004828 ] } },
{ "type": "Feature", "properties": { "element": "edge", "id": "I0135->I0096", "kind": "leg", "length_m": 723.5, "frm": "I0135", "to": "I0096" }, "geometry": { "type": "LineString", "coordinates": [ [ 28.712710710924863, 47.119319331536808 ], [ 28.712717299398552, 47.119319232997242 ], [ 28.712723743511656, 47.119314637182462 ], [ 28.712730187623652, 47.119310041367342 ], [ 28.712736631734536, 47.119305445551873 ], [ 28.712743075844315, 47.119300849736042 ], [ 28.712749519952983, 47.11929625391987 ], [ 28.712755964060541, 47.119291658103336 ], [ 28.712762408166988, 47.119287062286453 ], [ 28.712762263803356, 47.119282565011694 ], [ 28.71276885227233, 47.119282466469215 ], [ 28.712768707908179, 47.119277969194478 ], [ 28.71277515201189, 47.119273373376899 ], [ 28.712781596114489, 47.119268777558972 ], [ 28.712781451749333, 47.119264280284256 ], [ 28.712787895850301, 47.119259684465987 ], [ 28.712794339950165, 47.119255088647364 ], [ 28.712794195584006, 47.119250591372662 ], [ 28.712800639682239, 47.119245995553705 ], [ 28.712807083779367, 47.119241399734399 ], [ 28.712806939412197, 47.119236902459704 ], [ 28.712813383507694, 47.119232306640058 ], [ 28.712819827602079, 47.119227710820056 ], [ 28.712826271695352, 47.119223114999706 ], [ 28.712826127326661, 47.119218617725039 ], [ 28.712832571418311, 47.119214021904341 ], [ 28.712839015508848, 47.119209426083302 ], [ 28.712845459598277, 47.119204830261893 ], [ 28.712851903686595, 47.119200234440157 ], [ 28.712851759315864, 47.119195737165533 ], [ 28.712858203402551, 47.11919114134345 ], [ 28.712864647488132, 47.119186545521003 ], [ 28.712871091572609, 47.119181949698209 ], [ 28.712870947200347, 47.119177452423635 ], [ 28.71287739128319, 47.119172856600493 ], [ 28.712883835364924, 47.119168260777009 ], [ 28.712890279445549, 47.119163664953163 ], [ 28.712896723525063, 47.119159069128969 ], [ 28.712896579150762, 47.119154571854445 ], [ 28.712903023228645, 47.119149976029895 ], [ 28.712909467305415, 47.119145380205012 ], [ 28.712915911381089, 47.119140784379788 ], [ 28.712922355455646, 47.119136188554208 ], [ 28.712922211079295, 47.119131691279698 ], [ 28.712928655152226, 47.119127095453777 ], [ 28.71293509922404, 47.119122499627501 ], [ 28.71294154329475, 47.11911790380087 ], [ 28.712941398916882, 47.119113406526402 ], [ 28.712947842985962, 47.119108810699423 ], [ 28.712954287053929, 47.119104214872102 ], [ 28.712960731120798, 47.119099619044434 ], [ 28.712967175186545, 47.119095023216403 ], [ 28.712967030806634, 47.119090525941985 ], [ 28.712973474870754, 47.11908593011362 ], [ 28.712979918933765, 47.1190813342849 ], [ 28.712986362995672, 47.119076738455824 ], [ 28.712986218614233, 47.119072241181435 ], [ 28.712992662674509, 47.119067645352025 ], [ 28.712999106733673, 47.119063049522261 ], [ 28.713005550791731, 47.119058453692148 ], [ 28.713011994848681, 47.119053857861665 ], [ 28.713011850465193, 47.119049360587319 ], [ 28.713018294520509, 47.119044764756502 ], [ 28.713024738574724, 47.119040168925345 ], [ 28.71303118262782, 47.119035573093846 ], [ 28.713031038242814, 47.119031075819528 ], [ 28.713037482294279, 47.119026479987667 ], [ 28.713043926344646, 47.119021884155472 ], [ 28.713050370393901, 47.119017288322915 ], [ 28.713056814442041, 47.11901269249001 ], [ 28.713056670054986, 47.119008195215727 ], [ 28.713063114101505, 47.119003599382488 ], [ 28.713069558146909, 47.118999003548879 ], [ 28.713076002191201, 47.118994407714936 ], [ 28.713075857802625, 47.118989910440675 ], [ 28.713082301845287, 47.118985314606391 ], [ 28.713088745886843, 47.118980718771745 ], [ 28.713095189927294, 47.118976122936765 ], [ 28.71310163396663, 47.118971527101408 ], [ 28.713101489576005, 47.118967029827211 ], [ 28.71310793361372, 47.11896243399152 ], [ 28.713114377650317, 47.118957838155488 ], [ 28.713120821685809, 47.118953242319087 ], [ 28.713120677293659, 47.118948745044918 ], [ 28.713127121327524, 47.11894414920819 ], [ 28.713133565360277, 47.118939553371099 ], [ 28.713140009391918, 47.118934957533661 ], [ 28.71314645342245, 47.118930361695874 ], [ 28.713146309028257, 47.11892586442174 ], [ 28.713152753057162, 47.11892126858362 ], [ 28.713159197084959, 47.118916672745144 ], [ 28.713165641111651, 47.118912076906312 ], [ 28.713165496715931, 47.118907579632207 ], [ 28.713171940740985, 47.118902983793028 ], [ 28.713178384764934, 47.118898387953514 ], [ 28.713184828787771, 47.118893792113639 ], [ 28.7131912728095, 47.118889196273415 ], [ 28.71319112841174, 47.118884698999352 ], [ 28.713197572431838, 47.118880103158787 ], [ 28.713204016450831, 47.118875507317874 ], [ 28.713210460468712, 47.118870911476598 ], [ 28.713210316069425, 47.118866414202571 ], [ 28.713216760085679, 47.118861818360955 ], [ 28.713223204100821, 47.118857222519004 ], [ 28.713229648114861, 47.118852626676691 ], [ 28.713236092127779, 47.118848030834009 ], [ 28.713235947726449, 47.118843533560032 ], [ 28.713242391737747, 47.118838937717037 ], [ 28.713248835747937, 47.118834341873665 ], [ 28.713255279757014, 47.118829746029959 ], [ 28.713255135354157, 47.118825248756004 ], [ 28.713261579361603, 47.118820652911957 ], [ 28.713268023367942, 47.118816057067541 ], [ 28.713274467373175, 47.118811461222791 ], [ 28.713280911377289, 47.118806865377678 ], [ 28.713280766972392, 47.118802368103779 ], [ 28.713287210974883, 47.118797772258333 ], [ 28.713293654976265, 47.118793176412531 ], [ 28.713300098976536, 47.118788580566374 ], [ 28.713299954570111, 47.118784083292503 ], [ 28.713306398568758, 47.118779487446005 ], [ 28.713312842566292, 47.118774891599159 ], [ 28.713319286562719, 47.118770295751965 ], [ 28.713325730558029, 47.118765699904422 ], [ 28.713325586149562, 47.118761202630573 ], [ 28.713332030143253, 47.118756606782682 ], [ 28.713338474135828, 47.118752010934458 ], [ 28.713344918127298, 47.118747415085863 ], [ 28.713351362117653, 47.118742819236921 ], [ 28.713351217707142, 47.118738321963122 ], [ 28.71335766169587, 47.118733726113845 ], [ 28.713364105683493, 47.118729130264207 ], [ 28.71337054967, 47.11872453441422 ], [ 28.713376993655405, 47.118719938563885 ], [ 28.713376849242849, 47.118715441290128 ], [ 28.71338329322662, 47.118710845439452 ], [ 28.71338973720928, 47.118706249588413 ], [ 28.713396181190838, 47.118701653737034 ], [ 28.713402625171284, 47.118697057885299 ], [ 28.713402480756677, 47.118692560611592 ], [ 28.713408924735496, 47.118687964759502 ], [ 28.713415368713207, 47.118683368907085 ], [ 28.713421812689802, 47.118678773054299 ], [ 28.713428256665285, 47.118674177201179 ], [ 28.713428112248646, 47.118669679927514 ], [ 28.713434556222502, 47.118665084074038 ], [ 28.71344100019525, 47.118660488220222 ], [ 28.713447444166892, 47.118655892366043 ], [ 28.713453888137419, 47.11865129651153 ], [ 28.71345374371873, 47.118646799237879 ], [ 28.713460187687637, 47.118642203383033 ], [ 28.713466631655429, 47.118637607527809 ], [ 28.713473075622108, 47.118633011672237 ], [ 28.713472931201899, 47.118628514398637 ], [ 28.713479375166951, 47.118623918542731 ], [ 28.713485819130895, 47.11861932268647 ], [ 28.713492263093734, 47.118614726829847 ], [ 28.713498707055457, 47.118610130972897 ], [ 28.713498562633198, 47.118605633699332 ], [ 28.713505006593294, 47.118601037842026 ], [ 28.713511450552286, 47.118596441984366 ], [ 28.713517894510161, 47.118591846126364 ], [ 28.713524338466932, 47.118587250267993 ], [ 28.71352419404263, 47.118582752994485 ], [ 28.713530637997771, 47.118578157135786 ], [ 28.713537081951799, 47.118573561276726 ], [ 28.713543525904726, 47.118568965417325 ], [ 28.7135433814789, 47.11856446814383 ], [ 28.713549825430192, 47.118559872284095 ], [ 28.713556269380373, 47.118555276424004 ], [ 28.713562713329452, 47.118550680563551 ], [ 28.713569157277416, 47.11854608470275 ], [ 28.71356901284954, 47.118541587429313 ], [ 28.713575456795876, 47.11853699156817 ], [ 28.713581900741108, 47.118532395706673 ], [ 28.713588344685224, 47.118527799844834 ], [ 28.713588200255824, 47.118523302571425 ], [ 28.71359464419832, 47.118518706709239 ], [ 28.713601088139693, 47.118514110846689 ], [ 28.713607532079962, 47.118509514983813 ], [ 28.713613976019126, 47.118504919120575 ], [ 28.713613831587686, 47.118500421847209 ], [ 28.713620275525216, 47.118495825983615 ], [ 28.71362671946164, 47.118491230119687 ], [ 28.713633163396953, 47.118486634255397 ], [ 28.713639607331153, 47.118482038390766 ], [ 28.713646051264249, 47.118477442525766 ], [ 28.713652495196236, 47.118472846660424 ], [ 28.713658939127114, 47.118468250794749 ], [ 28.713658794692069, 47.118463753521439 ], [ 28.713665238621314, 47.118459157655408 ], [ 28.713671682549453, 47.118454561789036 ], [ 28.713678126476484, 47.118449965922295 ], [ 28.713677982039915, 47.118445468649035 ], [ 28.713684570402403, 47.118445370055198 ], [ 28.713684425965308, 47.118440872781953 ], [ 28.713691014327214, 47.118440774187761 ], [ 28.713690869889607, 47.118436276914522 ], [ 28.713690725452029, 47.118431779641298 ], [ 28.713690581014493, 47.118427282368046 ], [ 28.713697024936632, 47.118422686500288 ], [ 28.713703468857666, 47.118418090632183 ], [ 28.713709912777592, 47.118413494763722 ], [ 28.713709768338525, 47.118408997490505 ], [ 28.713716212256823, 47.118404401621703 ], [ 28.713722656174006, 47.118399805752553 ], [ 28.7137292445307, 47.118399707156229 ], [ 28.713735832887362, 47.118399608559528 ], [ 28.713742421243985, 47.118399509962437 ], [ 28.713742565685752, 47.118404007235583 ], [ 28.713742710127555, 47.118408504508714 ], [ 28.713742854569389, 47.11841300178186 ], [ 28.713749587370071, 47.118417400457467 ], [ 28.713756320171861, 47.118421799132662 ], [ 28.713763052974763, 47.118426197807445 ], [ 28.713769785778769, 47.118430596481822 ], [ 28.713776518583884, 47.118434995155766 ], [ 28.7137766630287, 47.118439492428799 ], [ 28.71377680747355, 47.118443989701831 ], [ 28.713783540280957, 47.118448388375334 ], [ 28.713790273089472, 47.118452787048426 ], [ 28.713790417535542, 47.118457284321408 ], [ 28.713790561981639, 47.118461781594405 ], [ 28.713797294792442, 47.118466180267042 ], [ 28.713797439239173, 47.11847067754001 ], [ 28.71380417205167, 47.118475076212206 ], [ 28.713810904865284, 47.118479474883998 ], [ 28.713817637680005, 47.118483873555391 ], [ 28.713824370495832, 47.118488272226351 ], [ 28.713824514944953, 47.118492769499227 ], [ 28.713831247762478, 47.11849716816976 ], [ 28.713837980581115, 47.118501566839875 ], [ 28.713844713400864, 47.118505965509577 ], [ 28.713851446221721, 47.118510364178867 ], [ 28.713858179043687, 47.118514762847752 ], [ 28.713858323495785, 47.118519260120536 ], [ 28.713865056319449, 47.118523658788973 ], [ 28.713871789144225, 47.118528057456999 ], [ 28.713878521970109, 47.118532456124619 ], [ 28.713885254797098, 47.11853685479182 ], [ 28.713885399251595, 47.118541352064526 ], [ 28.713892132080286, 47.118545750731279 ], [ 28.713898864910082, 47.118550149397649 ], [ 28.713905597740997, 47.118554548063592 ], [ 28.713912330573013, 47.118558946729131 ], [ 28.7139124750299, 47.118563444001737 ], [ 28.713919207863615, 47.118567842666842 ], [ 28.713925940698442, 47.11857224133152 ], [ 28.713932673534377, 47.118576639995787 ], [ 28.713939406371424, 47.118581038659649 ], [ 28.713939550830702, 47.118585535932191 ], [ 28.713946283669447, 47.118589934595612 ], [ 28.713946428129351, 47.118594431868118 ], [ 28.713953160969798, 47.11859883053112 ], [ 28.713953305430323, 47.118603327803612 ], [ 28.713960038272464, 47.118607726466166 ], [ 28.713960182733615, 47.118612223738644 ], [ 28.713966915577455, 47.118616622400758 ], [ 28.713967060039234, 47.118621119673215 ], [ 28.713973792884776, 47.118625518334895 ], [ 28.713973937347173, 47.118630015607316 ], [ 28.71398067019441, 47.118634414268577 ], [ 28.713980814657436, 47.118638911540977 ], [ 28.713987547506374, 47.118643310201804 ], [ 28.713987691970022, 47.118647807474176 ], [ 28.713994424820665, 47.118652206134584 ], [ 28.713994569284939, 47.118656703406927 ], [ 28.71400130213727, 47.118661102066888 ], [ 28.714001446602168, 47.118665599339209 ], [ 28.714008179456204, 47.118669997998751 ], [ 28.714008323921725, 47.118674495271058 ], [ 28.714015056777455, 47.118678893930152 ], [ 28.714015201243605, 47.118683391202431 ], [ 28.714021934101041, 47.118687789861099 ], [ 28.714022078567808, 47.118692287133356 ], [ 28.714028811426939, 47.118696685791583 ], [ 28.714028955894335, 47.11870118306382 ], [ 28.71403568875516, 47.118705581721628 ], [ 28.714035833223182, 47.118710078993836 ], [ 28.714042566085713, 47.118714477651196 ], [ 28.714042710554356, 47.118718974923389 ], [ 28.714042855023035, 47.118723472195562 ], [ 28.71404958788785, 47.118727870852489 ], [ 28.714049732357154, 47.118732368124647 ], [ 28.714056465223674, 47.118736766781126 ], [ 28.714056609693603, 47.11874126405327 ], [ 28.714063342561811, 47.118745662709308 ], [ 28.714063487032362, 47.118750159981424 ], [ 28.714070219902279, 47.118754558637043 ], [ 28.714070364373459, 47.118759055909145 ], [ 28.714077097245067, 47.118763454564316 ], [ 28.714077241716872, 47.118767951836389 ], [ 28.714083974590178, 47.118772350491149 ], [ 28.714084119062608, 47.118776847763193 ], [ 28.714090851937616, 47.118781246417512 ], [ 28.714090996410668, 47.118785743689529 ], [ 28.714097729287371, 47.118790142343414 ], [ 28.714097873761048, 47.118794639615416 ], [ 28.714104606639452, 47.118799038268861 ], [ 28.714104751113751, 47.118803535540835 ], [ 28.714111483993857, 47.118807934193867 ], [ 28.714111628468785, 47.118812431465813 ], [ 28.714118361350582, 47.118816830118391 ], [ 28.714118505826136, 47.118821327390336 ], [ 28.714125238709638, 47.118825726042481 ], [ 28.714125383185813, 47.118830223314383 ], [ 28.71412552766202, 47.118834720586278 ], [ 28.714132260547814, 47.118839119237997 ], [ 28.714132405024642, 47.118843616509864 ], [ 28.714139137912134, 47.118848015161142 ], [ 28.714139282389588, 47.118852512432994 ], [ 28.714146015278775, 47.118856911083824 ], [ 28.714146159756858, 47.118861408355663 ], [ 28.714152892647746, 47.11886580700606 ], [ 28.714153037126454, 47.11887030427787 ], [ 28.714159770019034, 47.118874702927847 ], [ 28.714159914498371, 47.118879200199629 ], [ 28.714166647392648, 47.118883598849159 ], [ 28.714166791872607, 47.118888096120926 ], [ 28.71417352476859, 47.118892494770037 ], [ 28.714173669249167, 47.118896992041776 ], [ 28.714180402146852, 47.118901390690439 ], [ 28.714180546628057, 47.118905887962157 ], [ 28.714187279527437, 47.118910286610394 ], [ 28.714187424009268, 47.11891478388209 ], [ 28.714194156910345, 47.118919182529901 ], [ 28.714194301392798, 47.118923679801561 ], [ 28.714194445875282, 47.118928177073244 ], [ 28.714194590357806, 47.118932674344897 ], [ 28.714194734840362, 47.118937171616558 ], [ 28.714194879322953, 47.118941668888226 ], [ 28.71419502380558, 47.118946166159873 ], [ 28.714195168288242, 47.118950663431526 ], [ 28.714195312770936, 47.118955160703159 ], [ 28.714195457253663, 47.118959657974798 ], [ 28.714195601736435, 47.118964155246452 ], [ 28.714195746219232, 47.118968652518078 ], [ 28.714195890702065, 47.118973149789689 ], [ 28.714196035184941, 47.118977647061342 ], [ 28.714196179667844, 47.118982144332946 ], [ 28.714196324150787, 47.118986641604565 ], [ 28.714196468633762, 47.118991138876176 ], [ 28.714196613116769, 47.118995636147787 ], [ 28.714196757599815, 47.119000133419391 ], [ 28.714196902082897, 47.119004630691002 ], [ 28.71419704656601, 47.119009127962599 ], [ 28.714197191049159, 47.119013625234196 ], [ 28.714197335532344, 47.119018122505778 ], [ 28.71419748001556, 47.119022619777368 ], [ 28.714197624498816, 47.119027117048944 ], [ 28.714197768982107, 47.119031614320534 ], [ 28.714191325031788, 47.119036210216386 ], [ 28.714184881080367, 47.119040806111897 ], [ 28.714178437127835, 47.119045402007067 ], [ 28.71417199317419, 47.119049997901875 ], [ 28.714165549219445, 47.119054593796328 ], [ 28.714159105263576, 47.119059189690432 ], [ 28.714159249743783, 47.119063686962079 ], [ 28.714152805786291, 47.119068282855849 ], [ 28.714146361827694, 47.119072878749257 ], [ 28.714139917867985, 47.11907747464231 ], [ 28.714133473907165, 47.119082070535022 ], [ 28.714133618385326, 47.119086567806704 ], [ 28.714127174422881, 47.119091163699075 ], [ 28.714120730459324, 47.11909575959109 ], [ 28.714114286494656, 47.119100355482757 ], [ 28.714107842528886, 47.119104951374062 ], [ 28.714107987004997, 47.119109448645794 ], [ 28.714101543037597, 47.119114044536758 ], [ 28.71409509906908, 47.119118640427374 ], [ 28.714088655099459, 47.119123236317655 ], [ 28.71408221112873, 47.119127832207568 ], [ 28.714082355602798, 47.119132329479342 ], [ 28.714075911630438, 47.119136925368913 ], [ 28.714069467656962, 47.119141521258136 ], [ 28.714063023682389, 47.119146117147004 ], [ 28.714056579706696, 47.11915071303553 ], [ 28.714056724178722, 47.119155210307348 ], [ 28.714050280201409, 47.119159806195526 ], [ 28.714043836222977, 47.119164402083356 ], [ 28.714037392243444, 47.119168997970846 ], [ 28.714030948262796, 47.119173593857951 ], [ 28.714031092732778, 47.119178091129811 ], [ 28.71402464875051, 47.119182687016597 ], [ 28.714018204767125, 47.119187282903034 ], [ 28.714011760782626, 47.11919187878911 ], [ 28.714005316797024, 47.119196474674837 ], [ 28.714005461264968, 47.119200971946732 ], [ 28.713999017277732, 47.119205567832125 ], [ 28.713992573289389, 47.119210163717163 ], [ 28.713986129299936, 47.119214759601839 ], [ 28.713979685309376, 47.119219355486173 ], [ 28.713979829775269, 47.119223852758118 ], [ 28.713973385783081, 47.119228448642112 ], [ 28.713966941789788, 47.11923304452575 ], [ 28.71396049779538, 47.119237640409033 ], [ 28.71395405379986, 47.119242236291981 ], [ 28.713954198263711, 47.119246733563955 ], [ 28.713947754266563, 47.119251329446556 ], [ 28.713941310268311, 47.119255925328801 ], [ 28.713934866268943, 47.119260521210691 ], [ 28.713928422268474, 47.11926511709224 ], [ 28.713928566730278, 47.119269614364264 ], [ 28.713922122728171, 47.11927421024545 ], [ 28.713915678724959, 47.11927880612631 ], [ 28.713909234720635, 47.119283402006808 ], [ 28.713902790715203, 47.11928799788695 ], [ 28.713896346708665, 47.119292593766751 ], [ 28.713896491167908, 47.119297091038824 ], [ 28.71389004715974, 47.119301686918277 ], [ 28.71388360315046, 47.119306282797375 ], [ 28.713877159140072, 47.119310878676131 ], [ 28.713870715128571, 47.119315474554533 ], [ 28.713870859585771, 47.119319971826648 ], [ 28.713864415572644, 47.119324567704702 ], [ 28.713857971558408, 47.119329163582414 ], [ 28.713851527543063, 47.119333759459771 ], [ 28.713845083526611, 47.119338355336772 ], [ 28.713845227981761, 47.119342852608945 ], [ 28.713838783963677, 47.119347448485605 ], [ 28.713832339944485, 47.119352044361911 ], [ 28.713825895924181, 47.119356640237861 ], [ 28.713819451902772, 47.11936123611347 ], [ 28.713819596355879, 47.119365733385685 ], [ 28.71381315233284, 47.119370329260938 ], [ 28.713806708308688, 47.119374925135851 ], [ 28.713800264283428, 47.119379521010416 ], [ 28.713793820257063, 47.119384116884639 ], [ 28.713793964708131, 47.119388614156868 ], [ 28.713787520680128, 47.119393210030736 ], [ 28.713781076651021, 47.119397805904264 ], [ 28.713774632620808, 47.119402401777435 ], [ 28.71376818858948, 47.119406997650245 ], [ 28.713761744557043, 47.119411593522706 ], [ 28.713761889005546, 47.119416090795013 ], [ 28.713755444971479, 47.119420686667134 ], [ 28.713749000936307, 47.119425282538899 ], [ 28.713742556900026, 47.119429878410315 ], [ 28.71373611286263, 47.119434474281391 ], [ 28.713729668824126, 47.119439070152097 ], [ 28.713723224784516, 47.119443666022462 ], [ 28.713723369229935, 47.119448163294834 ], [ 28.713716925188695, 47.119452759164858 ], [ 28.713710481146343, 47.11945735503452 ], [ 28.713704037102886, 47.11946195090384 ], [ 28.713704181546778, 47.11946644817624 ], [ 28.71369773750169, 47.119471044045213 ], [ 28.71369129345549, 47.119475639913844 ], [ 28.713691437898383, 47.119480137186258 ], [ 28.713684993850556, 47.119484733054549 ], [ 28.713678549801621, 47.119489328922477 ], [ 28.713672105751577, 47.119493924790063 ], [ 28.713665661700421, 47.119498520657288 ], [ 28.713665806141261, 47.119503017929745 ], [ 28.713659362088485, 47.11950761379665 ], [ 28.713652918034587, 47.119512209663185 ], [ 28.713646473979583, 47.119516805529365 ], [ 28.713640029923472, 47.119521401395211 ], [ 28.713640174362276, 47.119525898667696 ], [ 28.713633730304537, 47.119530494533194 ], [ 28.713627286245682, 47.119535090398337 ], [ 28.713620842185723, 47.119539686263138 ], [ 28.713614398124651, 47.119544282127571 ], [ 28.713614542561405, 47.119548779400112 ], [ 28.713608098498714, 47.119553375264218 ], [ 28.713601654434903, 47.119557971127961 ], [ 28.713595210369991, 47.119562566991362 ], [ 28.71358876630396, 47.119567162854402 ], [ 28.713582322236828, 47.119571758717086 ], [ 28.713582466671021, 47.119576255989692 ], [ 28.713576022602258, 47.119580851852042 ], [ 28.713569578532379, 47.119585447714037 ], [ 28.713563134461396, 47.119590043575684 ], [ 28.713556690389307, 47.119594639436983 ], [ 28.713550246316103, 47.119599235297926 ], [ 28.713543802241794, 47.119603831158514 ], [ 28.71353735816637, 47.119608427018747 ], [ 28.713537502596957, 47.119612924291431 ], [ 28.713531058519909, 47.11961752015133 ], [ 28.713524614441752, 47.119622116010881 ], [ 28.71351817036248, 47.11962671187009 ], [ 28.713511726282103, 47.11963130772893 ], [ 28.713505282200618, 47.119635903587415 ], [ 28.713498838118017, 47.119640499445552 ], [ 28.713498982545524, 47.1196449967183 ], [ 28.713492538461299, 47.119649592576103 ], [ 28.713486094375963, 47.119654188433543 ], [ 28.713479650289518, 47.119658784290635 ], [ 28.713473206201968, 47.119663380147387 ], [ 28.713466762113303, 47.119667976003782 ], [ 28.713460318023529, 47.119672571859816 ], [ 28.713453873932647, 47.119677167715501 ], [ 28.713454018356547, 47.119681664988327 ], [ 28.713447574264038, 47.119686260843672 ], [ 28.713441130170416, 47.119690856698668 ], [ 28.713434686075686, 47.119695452553309 ], [ 28.713428241979852, 47.119700048407601 ], [ 28.713421797882901, 47.119704644261546 ], [ 28.713415353784846, 47.119709240115135 ], [ 28.713408909685675, 47.119713835968369 ], [ 28.713409054105977, 47.119718333241273 ], [ 28.713402610005179, 47.119722929094166 ], [ 28.713396165903273, 47.119727524946704 ], [ 28.713389721800255, 47.119732120798894 ], [ 28.713383277696138, 47.119736716650742 ], [ 28.7133768335909, 47.119741312502235 ], [ 28.713376978008636, 47.119745809775182 ], [ 28.71337053390177, 47.119750405626327 ], [ 28.713364089793803, 47.119755001477124 ], [ 28.713357645684717, 47.119759597327572 ], [ 28.713357790100925, 47.119764094600555 ], [ 28.713351345990219, 47.119768690450663 ], [ 28.713344901878397, 47.119773286300401 ], [ 28.713338457765467, 47.119777882149812 ], [ 28.713338602180151, 47.119782379422816 ], [ 28.713332158065594, 47.119786975271879 ], [ 28.713325713949924, 47.119791571120587 ], [ 28.713319269833146, 47.119796166968946 ], [ 28.713319414246307, 47.119800664241978 ], [ 28.713312970127902, 47.119805260090004 ], [ 28.713306526008385, 47.119809855937667 ], [ 28.713300081887759, 47.119814451784976 ], [ 28.713300226299395, 47.119818949058043 ], [ 28.713293782177143, 47.119823544905032 ], [ 28.713287338053782, 47.11982814075165 ], [ 28.713280893929308, 47.119832736597914 ], [ 28.713281038339417, 47.11983723387101 ], [ 28.713274594213313, 47.119841829716947 ], [ 28.713268150086105, 47.119846425562521 ], [ 28.713261705957784, 47.11985102140774 ], [ 28.713261850366365, 47.119855518680872 ], [ 28.713255406236414, 47.119860114525757 ], [ 28.713248962105357, 47.119864710370287 ], [ 28.71324910651294, 47.119869207643447 ], [ 28.713242662380246, 47.119873803487643 ], [ 28.713236218246454, 47.119878399331483 ], [ 28.713229774111543, 47.119882995174962 ], [ 28.713229918517598, 47.119887492448143 ], [ 28.713223474381063, 47.119892088291301 ], [ 28.713217030243417, 47.119896684134098 ], [ 28.713210586104662, 47.119901279976531 ], [ 28.713210730509193, 47.119905777249748 ], [ 28.713204286368811, 47.119910373091855 ], [ 28.71319784222732, 47.119914968933614 ], [ 28.713191398084717, 47.11991956477501 ], [ 28.713191542487721, 47.119924062048248 ], [ 28.713185098343487, 47.119928657889318 ], [ 28.713178654198149, 47.119933253730025 ], [ 28.713172210051699, 47.119937849570384 ], [ 28.713165765904137, 47.119942445410381 ], [ 28.713159321755469, 47.119947041250043 ], [ 28.71315287760569, 47.119951637089351 ], [ 28.713153022005617, 47.119956134362646 ], [ 28.713146577854204, 47.119960730201605 ], [ 28.713140133701689, 47.119965326040209 ], [ 28.713133689548062, 47.119969921878479 ], [ 28.713127245393324, 47.119974517716379 ], [ 28.713120801237476, 47.119979113553931 ], [ 28.713120945634838, 47.11998361082729 ], [ 28.713114501477364, 47.119988206664502 ], [ 28.713108057318781, 47.119992802501365 ], [ 28.713101613159086, 47.11999739833788 ], [ 28.713095168998283, 47.120001994174039 ], [ 28.713088724836375, 47.120006590009844 ], [ 28.713082280673355, 47.1200111858453 ], [ 28.713082425067622, 47.120015683118723 ], [ 28.713075980902971, 47.120020278953838 ], [ 28.713069536737216, 47.120024874788598 ], [ 28.713063092570344, 47.120029470623003 ], [ 28.713056648402368, 47.120034066457066 ], [ 28.713050204233276, 47.120038662290767 ], [ 28.71304376006308, 47.120043258124127 ], [ 28.71304390445427, 47.120047755397614 ], [ 28.713037460282443, 47.120052351230626 ], [ 28.713031016109511, 47.12005694706329 ], [ 28.713024571935467, 47.120061542895606 ], [ 28.713018127760307, 47.120066138727566 ], [ 28.713011683584046, 47.120070734559178 ], [ 28.713011827972675, 47.120075231832708 ], [ 28.71300538379478, 47.120079827663979 ], [ 28.71299893961578, 47.120084423494895 ], [ 28.712992495435664, 47.120089019325455 ], [ 28.712986051254443, 47.120093615155668 ], [ 28.712979607072111, 47.120098210985525 ], [ 28.712973162888673, 47.120102806815034 ], [ 28.712973307274215, 47.120107304088641 ], [ 28.712966863089147, 47.120111899917809 ], [ 28.712960418902963, 47.120116495746622 ], [ 28.712953974715681, 47.120121091575079 ], [ 28.712947530527277, 47.120125687403196 ], [ 28.712941086337775, 47.120130283230949 ], [ 28.712934642147157, 47.120134879058369 ], [ 28.712934786529615, 47.120139376332041 ], [ 28.712928342337371, 47.120143972159099 ], [ 28.712921898144018, 47.120148567985815 ], [ 28.712915453949552, 47.120153163812169 ], [ 28.712909009753982, 47.120157759638197 ], [ 28.712902565557297, 47.120162355463854 ], [ 28.712896121359506, 47.120166951289157 ], [ 28.712896265738877, 47.1201714485629 ], [ 28.712889821539456, 47.120176044387875 ], [ 28.712883377338922, 47.120180640212482 ], [ 28.712876933137284, 47.120185236036747 ], [ 28.712870488934534, 47.120189831860657 ], [ 28.712864044730676, 47.120194427684218 ], [ 28.712864189107485, 47.120198924958018 ], [ 28.712857744901999, 47.120203520781239 ], [ 28.712851300695398, 47.12020811660409 ], [ 28.712844856487695, 47.120212712426621 ], [ 28.712838412278874, 47.12021730824879 ], [ 28.71283855665364, 47.120221805522611 ], [ 28.712832112443198, 47.120226401344446 ], [ 28.712825668231641, 47.120230997165912 ], [ 28.712819224018975, 47.120235592987036 ], [ 28.712819368392221, 47.1202400902609 ], [ 28.712812924177921, 47.120244686081676 ], [ 28.712806479962524, 47.120249281902112 ], [ 28.712806624334757, 47.120253779175989 ], [ 28.712800180117725, 47.120258374996077 ], [ 28.712793735899581, 47.120262970815823 ], [ 28.712793880270812, 47.120267468089722 ], [ 28.712787436051041, 47.120272063909113 ], [ 28.712780991830165, 47.120276659728162 ], [ 28.712774547608177, 47.120281255546857 ], [ 28.712774691977877, 47.120285752820791 ], [ 28.712768247754262, 47.120290348639138 ], [ 28.712761803529535, 47.120294944457129 ], [ 28.712761947898233, 47.120299441731092 ], [ 28.712755503671875, 47.120304037548749 ], [ 28.712749059444409, 47.120308633366058 ], [ 28.712749203812105, 47.120313130640028 ], [ 28.712742759583012, 47.120317726456989 ], [ 28.712736315352803, 47.120322322273601 ], [ 28.712736459719498, 47.120326819547593 ], [ 28.712730015487661, 47.120331415363871 ], [ 28.712723571254717, 47.120336011179802 ], [ 28.712717127020667, 47.120340606995363 ], [ 28.712717271385834, 47.12034510426939 ], [ 28.712710827150151, 47.120349700084624 ], [ 28.712704382913358, 47.120354295899503 ], [ 28.71270452727752, 47.120358793173544 ], [ 28.712698083039101, 47.120363388988075 ], [ 28.712691638799566, 47.120367984802272 ], [ 28.712691783162725, 47.120372482076327 ], [ 28.712685338921567, 47.120377077890176 ], [ 28.7126788946793, 47.120381673703662 ], [ 28.712672450435917, 47.120386269516814 ], [ 28.712672594797557, 47.120390766790898 ], [ 28.712666150552543, 47.120395362603702 ], [ 28.712659706306429, 47.120399958416144 ], [ 28.712659850667052, 47.12040445569027 ], [ 28.712653406419307, 47.120409051502378 ], [ 28.712646962170453, 47.120413647314123 ], [ 28.712647106530074, 47.12041814458825 ], [ 28.712640662279593, 47.120422740399675 ], [ 28.712634218027993, 47.120427336210746 ], [ 28.712634362386616, 47.120431833484894 ], [ 28.712627918133393, 47.120436429295609 ], [ 28.712621473879057, 47.12044102510599 ], [ 28.712615029623613, 47.120445620916023 ], [ 28.712615173980709, 47.120450118190185 ], [ 28.712608729723637, 47.120454713999877 ], [ 28.712602285465454, 47.120459309809206 ], [ 28.712602429821544, 47.120463807083404 ], [ 28.712595985561737, 47.120468402892392 ], [ 28.712589541300819, 47.120472998701032 ], [ 28.712589685655896, 47.120477495975251 ], [ 28.71258324139335, 47.120482091783551 ], [ 28.712576797129696, 47.120486687591502 ], [ 28.712570352864926, 47.120491283399083 ], [ 28.712570497218483, 47.120495780673338 ], [ 28.712564052952089, 47.120500376480592 ], [ 28.712557608684577, 47.120504972287485 ], [ 28.712557753037132, 47.12050946956176 ], [ 28.712551308767999, 47.120514065368319 ], [ 28.712544864497755, 47.120518661174522 ], [ 28.712538420226405, 47.120523256980377 ], [ 28.712538564577429, 47.120527754254681 ], [ 28.712532120304445, 47.120532350060195 ], [ 28.712525676030356, 47.120536945865361 ], [ 28.712525820380378, 47.120541443139672 ], [ 28.712519376104655, 47.120546038944504 ], [ 28.712512931827828, 47.120550634748973 ], [ 28.712506487549884, 47.120555230553087 ], [ 28.712506631898382, 47.120559727827441 ], [ 28.712500187618815, 47.120564323631221 ], [ 28.712493743338133, 47.120568919434639 ], [ 28.712487299056342, 47.120573515237709 ], [ 28.712487443403319, 47.120578012512105 ], [ 28.712480999119897, 47.120582608314841 ], [ 28.712474554835374, 47.120587204117221 ], [ 28.712474699181342, 47.120591701391625 ], [ 28.712468254895189, 47.120596297193664 ], [ 28.71246181060792, 47.120600892995355 ], [ 28.712455366319549, 47.120605488796691 ], [ 28.71245551066399, 47.120609986071116 ], [ 28.712449066373988, 47.120614581872118 ], [ 28.712442622082872, 47.120619177672772 ], [ 28.71244276642631, 47.120623674947218 ], [ 28.712436322133573, 47.120628270747524 ], [ 28.712429877839714, 47.120632866547489 ], [ 28.712423433544757, 47.120637462347077 ], [ 28.712423577886668, 47.120641959621558 ], [ 28.712417133590076, 47.120646555420819 ], [ 28.712410689292376, 47.120651151219739 ], [ 28.712404244993571, 47.12065574701829 ], [ 28.712404389333962, 47.120660244292807 ], [ 28.712397945033519, 47.120664840091024 ], [ 28.712391500731972, 47.120669435888885 ], [ 28.712391645071357, 47.12067393316341 ], [ 28.712385200768175, 47.120678528960944 ], [ 28.712378756463892, 47.120683124758109 ], [ 28.712372312158497, 47.120687720554947 ], [ 28.712372456496354, 47.120692217829493 ], [ 28.712366012189328, 47.120696813625976 ], [ 28.71235956788119, 47.120701409422111 ], [ 28.712353123571948, 47.120706005217883 ], [ 28.712353267908284, 47.120710502492479 ], [ 28.712346823597411, 47.120715098287917 ], [ 28.712340379285425, 47.120719694083 ], [ 28.71234052362076, 47.12072419135761 ], [ 28.712334079307144, 47.120728787152359 ], [ 28.712327634992423, 47.120733382946753 ], [ 28.712321190676587, 47.120737978740799 ], [ 28.712321335010394, 47.12074247601543 ], [ 28.712314890692937, 47.120747071809134 ], [ 28.712308446374369, 47.120751667602477 ], [ 28.712302002054685, 47.120756263395485 ], [ 28.712302146386971, 47.120760760670152 ], [ 28.71229570206566, 47.120765356462805 ], [ 28.71228925774324, 47.12076995225511 ], [ 28.712289402074514, 47.120774449529819 ], [ 28.712282957750467, 47.120779045321783 ], [ 28.712276513425316, 47.120783641113391 ], [ 28.712270069099048, 47.120788236904644 ], [ 28.712270213428795, 47.120792734179375 ], [ 28.7122637691009, 47.120797329970294 ], [ 28.712257324771898, 47.120801925760865 ], [ 28.712250880441783, 47.120806521551081 ], [ 28.712251024770008, 47.120811018825833 ], [ 28.712244580438266, 47.120815614615708 ], [ 28.712238136105409, 47.120820210405228 ], [ 28.712238280432633, 47.120824707680008 ], [ 28.712231836098152, 47.120829303469193 ], [ 28.712225391762559, 47.120833899258017 ], [ 28.71221894742586, 47.120838495046499 ], [ 28.712219091751557, 47.120842992321307 ], [ 28.712212647413224, 47.120847588109434 ], [ 28.712206203073787, 47.120852183897235 ], [ 28.712199758733234, 47.120856779684665 ], [ 28.71219990305741, 47.120861276959502 ], [ 28.712193458715227, 47.120865872746599 ], [ 28.712187014371938, 47.12087046853334 ], [ 28.712187158695109, 47.120874965808191 ], [ 28.712180714350193, 47.120879561594599 ], [ 28.712174270004166, 47.120884157380644 ], [ 28.71216782565703, 47.120888753166348 ], [ 28.712167969978672, 47.12089325044122 ], [ 28.712161525629906, 47.12089784622659 ], [ 28.712155081280034, 47.120902442011591 ], [ 28.712148636929047, 47.120907037796258 ], [ 28.712148781249166, 47.120911535071158 ], [ 28.712142336896552, 47.120916130855491 ], [ 28.712135892542829, 47.12092072663944 ], [ 28.712136036861942, 47.120925223914377 ], [ 28.712129592506592, 47.120929819697999 ], [ 28.712123148150127, 47.120934415481273 ], [ 28.712116703792557, 47.120939011264191 ], [ 28.712116848110146, 47.120943508539156 ], [ 28.712110403750945, 47.120948104321734 ], [ 28.712103959390635, 47.120952700103956 ], [ 28.712097515029214, 47.12095729588583 ], [ 28.712097659345282, 47.120961793160824 ], [ 28.712091214982234, 47.120966388942364 ], [ 28.712084770618073, 47.120970984723542 ], [ 28.712084914933133, 47.120975481998563 ], [ 28.712078470567345, 47.1209800777794 ], [ 28.712072026200449, 47.120984673559889 ], [ 28.712065581832441, 47.120989269340022 ], [ 28.712065726145976, 47.120993766615072 ], [ 28.712059281776337, 47.120998362394872 ], [ 28.712052837405594, 47.121002958174316 ], [ 28.712046393033745, 47.121007553953405 ], [ 28.712046537345749, 47.121012051228476 ], [ 28.712040092972266, 47.121016647007231 ], [ 28.712033648597671, 47.121021242785645 ], [ 28.712033792908681, 47.12102574006073 ], [ 28.712027348532455, 47.121030335838789 ], [ 28.712020904155125, 47.121034931616492 ], [ 28.712014459776686, 47.121039527393862 ], [ 28.712014604086161, 47.121044024668983 ], [ 28.712008159706091, 47.121048620446004 ], [ 28.712001715324909, 47.121053216222677 ], [ 28.711995270942619, 47.12105781199898 ], [ 28.711995415250581, 47.121062309274137 ], [ 28.711988970866656, 47.121066905050114 ], [ 28.711982526481634, 47.121071500825742 ], [ 28.711976082095497, 47.121076096601008 ], [ 28.711969637708243, 47.121080692375926 ], [ 28.711969782014158, 47.121085189651119 ], [ 28.711963337625278, 47.121089785425696 ], [ 28.711956893235293, 47.121094381199924 ], [ 28.711950448844199, 47.121098976973798 ], [ 28.711950593148586, 47.121103474249018 ], [ 28.711944148755862, 47.121108070022565 ], [ 28.711937704362029, 47.121112665795742 ], [ 28.711931259967081, 47.121117261568564 ], [ 28.711931404269947, 47.121121758843827 ], [ 28.711924959873372, 47.121126354616329 ], [ 28.711918515475688, 47.121130950388448 ], [ 28.711912071076895, 47.121135546160239 ], [ 28.711912215378231, 47.121140043435517 ], [ 28.711905770977811, 47.121144639206967 ], [ 28.71189932657628, 47.121149234978063 ], [ 28.711892882173643, 47.12115383074881 ], [ 28.711893026473454, 47.121158328024123 ], [ 28.711886582069187, 47.121162923794529 ], [ 28.711880137663808, 47.121167519564573 ], [ 28.711873693257321, 47.121172115334261 ], [ 28.711873837555608, 47.121176612609631 ], [ 28.711867393147486, 47.121181208378978 ], [ 28.711860948738263, 47.121185804147977 ], [ 28.711854504327928, 47.121190399916635 ], [ 28.711854648624687, 47.121194897192012 ], [ 28.711848204212721, 47.121199492960322 ], [ 28.711841759799647, 47.121204088728291 ], [ 28.711835315385461, 47.12120868449589 ], [ 28.7118354596807, 47.12121318177131 ], [ 28.711829015264883, 47.121217777538568 ], [ 28.711822570847964, 47.121222373305486 ], [ 28.71181612642993, 47.121226969072048 ], [ 28.711816270723645, 47.121231466347503 ], [ 28.711809826303984, 47.121236062113724 ], [ 28.711803381883207, 47.121240657879596 ], [ 28.711796937461326, 47.121245253645107 ], [ 28.711797081753513, 47.121249750920583 ], [ 28.711790637330004, 47.121254346685767 ], [ 28.71178419290538, 47.121258942450588 ], [ 28.711777748479658, 47.121263538215061 ], [ 28.711777892770318, 47.12126803549058 ], [ 28.711771448342962, 47.121272631254705 ], [ 28.711765003914497, 47.121277227018489 ], [ 28.711758559484917, 47.121281822781924 ], [ 28.711758703774052, 47.12128632005745 ], [ 28.711752259342845, 47.121290915820545 ], [ 28.711745814910532, 47.121295511583277 ], [ 28.711739370477105, 47.121300107345682 ], [ 28.711739514764716, 47.121304604621237 ], [ 28.711733070329661, 47.121309200383287 ], [ 28.711726625893501, 47.121313796144975 ], [ 28.711720181456226, 47.121318391906321 ], [ 28.711713737017845, 47.121322987667305 ], [ 28.711713881303407, 47.12132748494291 ], [ 28.711707436863399, 47.121332080703567 ], [ 28.711700992422276, 47.121336676463869 ], [ 28.711694547980045, 47.121341272223816 ], [ 28.711694692264089, 47.121345769499449 ], [ 28.711688247820231, 47.121350365259062 ], [ 28.71168180337526, 47.121354961018326 ], [ 28.711675358929181, 47.121359556777229 ], [ 28.711675503211698, 47.121364054052883 ], [ 28.711669058763992, 47.121368649811451 ], [ 28.71166261431517, 47.121373245569671 ], [ 28.711656169865243, 47.121377841327529 ], [ 28.711656314146232, 47.121382338603219 ], [ 28.711649869694678, 47.121386934360736 ], [ 28.711643425242009, 47.121391530117911 ], [ 28.711636980788235, 47.121396125874725 ], [ 28.711637125067703, 47.12140062315045 ], [ 28.711630680612299, 47.121405218906929 ], [ 28.711624236155782, 47.121409814663046 ], [ 28.71161779169816, 47.121414410418815 ], [ 28.711611347239426, 47.121419006174229 ], [ 28.711611491516848, 47.121423503450004 ], [ 28.711605047056484, 47.121428099205083 ], [ 28.711598602595011, 47.121432694959807 ], [ 28.711592158132433, 47.121437290714184 ], [ 28.711592302408334, 47.121441787990001 ], [ 28.711585857944119, 47.121446383744015 ], [ 28.711579413478798, 47.121450979497702 ], [ 28.711572969012373, 47.121455575251034 ], [ 28.711566524544832, 47.12146017100401 ], [ 28.711566668818683, 47.121464668279849 ], [ 28.711560224349515, 47.121469264032484 ], [ 28.711553779879239, 47.121473859784778 ], [ 28.711547335407847, 47.121478455536703 ], [ 28.711540890935353, 47.121483051288287 ], [ 28.711541035207162, 47.121487548564176 ], [ 28.711534590733031, 47.121492144315418 ], [ 28.711528146257795, 47.12149674006632 ], [ 28.71152170178145, 47.121501335816845 ], [ 28.711515257303997, 47.121505931567036 ], [ 28.711515401573763, 47.12151042884296 ], [ 28.711508957094676, 47.121515024592803 ], [ 28.711502512614484, 47.121519620342298 ], [ 28.711496068133183, 47.121524216091437 ], [ 28.711496212401418, 47.121528713367404 ], [ 28.71148976791849, 47.121533309116202 ], [ 28.711483323434443, 47.121537904864653 ], [ 28.711476878949295, 47.121542500612733 ], [ 28.711470434463031, 47.121547096360494 ], [ 28.711470578729227, 47.121551593636497 ], [ 28.711464134241336, 47.121556189383895 ], [ 28.71145768975234, 47.121560785130946 ], [ 28.711451245262229, 47.121565380877648 ], [ 28.711444800771005, 47.121569976624002 ], [ 28.711444945035158, 47.12157447390004 ], [ 28.711438500542311, 47.121579069646053 ], [ 28.711438644805977, 47.121583566922105 ], [ 28.711438789069678, 47.121588064198157 ], [ 28.711432344574682, 47.121592659943829 ], [ 28.711425900078574, 47.121597255689153 ], [ 28.711419455581357, 47.121601851434136 ], [ 28.711413011083028, 47.121606447178756 ], [ 28.711406566583591, 47.121611042923035 ], [ 28.711400122083049, 47.121615638666952 ], [ 28.711393677581395, 47.121620234410514 ], [ 28.711387233078632, 47.121624830153742 ], [ 28.711380788574758, 47.1216294258966 ], [ 28.711374344069775, 47.12163402163911 ], [ 28.711367899563683, 47.121638617381272 ], [ 28.711361455056483, 47.121643213123086 ], [ 28.711355010548171, 47.121647808864545 ], [ 28.711355154805151, 47.121652306140739 ], [ 28.711348710295205, 47.121656901881856 ], [ 28.711342265784154, 47.121661497622618 ], [ 28.711335821271998, 47.121666093363025 ], [ 28.711329376758727, 47.121670689103098 ], [ 28.71132293224435, 47.121675284842802 ], [ 28.711323076498761, 47.121679782119053 ], [ 28.711316631982758, 47.121684377858408 ], [ 28.711310187465635, 47.121688973597443 ], [ 28.711303742947411, 47.121693569336095 ], [ 28.711297298428072, 47.121698165074413 ], [ 28.711290853907631, 47.121702760812362 ], [ 28.711290998159473, 47.121707258088676 ], [ 28.711284553637402, 47.121711853826291 ], [ 28.711278109114218, 47.121716449563557 ], [ 28.711271664589923, 47.121721045300468 ], [ 28.711265220064515, 47.121725641037038 ], [ 28.711258775538006, 47.121730236773253 ], [ 28.711252331010385, 47.121734832509105 ], [ 28.711252475259144, 47.12173932978547 ], [ 28.711246030729896, 47.121743925521002 ], [ 28.711239586199532, 47.121748521256173 ], [ 28.71123314166806, 47.121753116990988 ], [ 28.711226697135483, 47.121757712725447 ], [ 28.711220252601795, 47.121762308459559 ], [ 28.71121380806699, 47.121766904193322 ], [ 28.711207363531088, 47.121771499926723 ], [ 28.711200918994063, 47.121776095659783 ], [ 28.71119447445594, 47.121780691392487 ], [ 28.711188029916702, 47.121785287124844 ], [ 28.711181585376352, 47.121789882856852 ], [ 28.7111751408349, 47.121794478588498 ], [ 28.711168696292333, 47.121799074319789 ], [ 28.711162251748661, 47.121803670050731 ], [ 28.711155807203877, 47.121808265781326 ], [ 28.711149362657981, 47.121812861511579 ], [ 28.711142918110976, 47.121817457241463 ], [ 28.711136473562863, 47.121822052970991 ], [ 28.711130029013642, 47.121826648700178 ], [ 28.71113017325256, 47.121831145976763 ], [ 28.711123728701708, 47.121835741705603 ], [ 28.711117284149747, 47.121840337434094 ], [ 28.711110839596675, 47.121844933162237 ], [ 28.711104395042497, 47.121849528890024 ], [ 28.711097950487211, 47.121854124617464 ], [ 28.71109150593081, 47.121858720344555 ], [ 28.711085061373296, 47.121863316071284 ], [ 28.711078616814685, 47.121867911797672 ], [ 28.711072172254951, 47.121872507523705 ], [ 28.71106572769412, 47.121877103249382 ], [ 28.711059283132172, 47.121881698974711 ], [ 28.711052838569113, 47.121886294699685 ], [ 28.711046394004949, 47.121890890424297 ], [ 28.711039949439673, 47.121895486148567 ], [ 28.711033504873289, 47.121900081872489 ], [ 28.711027060305796, 47.121904677596056 ], [ 28.711020615737194, 47.121909273319268 ], [ 28.711014171167481, 47.121913869042125 ], [ 28.711007726596655, 47.12191846476464 ], [ 28.711001282024728, 47.1219230604868 ], [ 28.710994837451683, 47.121927656208598 ], [ 28.710988392877535, 47.121932251930062 ], [ 28.710981948302276, 47.12193684765117 ], [ 28.710975503725901, 47.121941443371924 ], [ 28.710969059148422, 47.121946039092315 ], [ 28.710962614569837, 47.121950634812364 ], [ 28.710956169990137, 47.121955230532059 ], [ 28.710949725409328, 47.121959826251413 ], [ 28.710943280827415, 47.121964421970389 ], [ 28.71093683624439, 47.121969017689032 ], [ 28.710930391660249, 47.121973613407327 ], [ 28.710923947075006, 47.121978209125253 ], [ 28.710917502488648, 47.121982804842837 ], [ 28.710911057901185, 47.121987400560066 ], [ 28.710904613312614, 47.121991996276947 ], [ 28.710898168722927, 47.121996591993472 ], [ 28.710891724132132, 47.122001187709643 ], [ 28.710885279540232, 47.122005783425479 ], [ 28.710878834947216, 47.122010379140946 ], [ 28.710872390353096, 47.122014974856057 ], [ 28.71086594575787, 47.122019570570835 ], [ 28.710859501161529, 47.12202416628525 ], [ 28.710853056564076, 47.12202876199931 ], [ 28.710846611965522, 47.122033357713022 ], [ 28.710840167365848, 47.122037953426378 ], [ 28.710833722765074, 47.122042549139394 ], [ 28.710827278163183, 47.122047144852054 ], [ 28.710820833560184, 47.122051740564352 ], [ 28.710814388956077, 47.122056336276302 ], [ 28.710807944350861, 47.12206093198791 ], [ 28.710801499744534, 47.122065527699164 ], [ 28.710795055137101, 47.122070123410047 ], [ 28.71078861052856, 47.12207471912059 ], [ 28.710782165918904, 47.122079314830799 ], [ 28.710775721308135, 47.122083910540631 ], [ 28.710769276696261, 47.122088506250115 ], [ 28.71076283208328, 47.122093101959251 ], [ 28.710756387469186, 47.122097697668053 ], [ 28.710749942853983, 47.122102293376479 ], [ 28.710743498237676, 47.122106889084563 ], [ 28.710737053620257, 47.122111484792285 ], [ 28.710730609001725, 47.122116080499666 ], [ 28.710724164382086, 47.122120676206691 ], [ 28.710717719761337, 47.122125271913355 ], [ 28.710717863967012, 47.122129769190678 ], [ 28.710711419344634, 47.122134364897008 ], [ 28.710704974721146, 47.122138960602996 ], [ 28.710698530096547, 47.122143556308622 ], [ 28.710692085470846, 47.122148152013906 ], [ 28.710685640844027, 47.122152747718822 ], [ 28.710679196216098, 47.122157343423389 ], [ 28.710672751587062, 47.122161939127608 ], [ 28.710666306956917, 47.122166534831486 ], [ 28.71066645115847, 47.122171032108881 ], [ 28.710660006526698, 47.12217562781241 ], [ 28.710653561893814, 47.122180223515585 ], [ 28.710647117259821, 47.122184819218425 ], [ 28.710640672624717, 47.122189414920889 ], [ 28.710634227988503, 47.122194010623012 ], [ 28.710627783351185, 47.12219860632478 ], [ 28.710621338712752, 47.122203202026199 ], [ 28.710614894073206, 47.12220779772727 ], [ 28.710608449432563, 47.122212393427972 ], [ 28.71060859362947, 47.122216890705474 ], [ 28.710602148987189, 47.122221486405856 ], [ 28.710595704343795, 47.122226082105875 ], [ 28.710589259699301, 47.122230677805547 ], [ 28.710582815053687, 47.122235273504856 ], [ 28.710576370406972, 47.122239869203831 ], [ 28.710569925759145, 47.122244464902444 ], [ 28.710563481110206, 47.122249060600701 ], [ 28.710557036460166, 47.122253656298618 ], [ 28.710550591809003, 47.122258251996172 ], [ 28.710544147156742, 47.122262847693378 ], [ 28.71053770250337, 47.122267443390236 ], [ 28.710531257848881, 47.122272039086738 ], [ 28.710524813193285, 47.122276634782885 ], [ 28.710518368536583, 47.12228123047867 ], [ 28.710511923878769, 47.122285826174128 ], [ 28.710505479219847, 47.122290421869216 ], [ 28.710499034559813, 47.122295017563971 ], [ 28.710492589898674, 47.122299613258356 ], [ 28.710486145236423, 47.122304208952393 ], [ 28.710479700573064, 47.122308804646089 ], [ 28.710473255908589, 47.122313400339415 ], [ 28.710466811243013, 47.122317996032393 ], [ 28.710460366576321, 47.122322591725023 ], [ 28.710453921908524, 47.122327187417305 ], [ 28.710447477239615, 47.122331783109232 ], [ 28.710441032569602, 47.122336378800803 ], [ 28.710434587898472, 47.122340974492026 ], [ 28.710428143226231, 47.122345570182901 ], [ 28.710421698552889, 47.122350165873421 ], [ 28.710415253878434, 47.122354761563578 ], [ 28.710408809202868, 47.122359357253401 ], [ 28.710402364526193, 47.12236395294287 ], [ 28.710395919848409, 47.122368548631961 ], [ 28.710389475169514, 47.122373144320726 ], [ 28.7103828863108, 47.122373242731229 ], [ 28.710376297452051, 47.122373341141362 ], [ 28.710369708593262, 47.122373439551097 ], [ 28.710363263911493, 47.122378035238427 ], [ 28.710356819228608, 47.122382630925394 ], [ 28.710350374544618, 47.122387226612005 ], [ 28.710343929859519, 47.122391822298255 ], [ 28.710337485173309, 47.122396417984177 ], [ 28.710331040485993, 47.12240101366973 ], [ 28.710324595797562, 47.122405609354942 ], [ 28.710318151108027, 47.122410205039778 ], [ 28.710311706417375, 47.122414800724286 ], [ 28.710305261725619, 47.122419396408439 ], [ 28.710298817032747, 47.12242399209223 ], [ 28.710292372338778, 47.122428587775673 ], [ 28.710285927643685, 47.122433183458774 ], [ 28.710279482947495, 47.122437779141514 ], [ 28.710273038250183, 47.122442374823905 ], [ 28.710266593551772, 47.122446970505926 ], [ 28.71026014885225, 47.122451566187621 ], [ 28.710253704151611, 47.122456161868953 ], [ 28.710247259449872, 47.122460757549938 ] ] } },
{ "type": "Feature", "properties": { "element": "node", "id": "I0096", "kind": "inspection", "length_m": null, "frm": null, "to": null }, "geometry": { "type": "Point", "coordinates": [ 28.710236731420292, 47.122459990554013 ] } },
{ "type": "Feature", "properties": { "element": "edge", "id": "I0096->I0097", "kind": "leg", "length_m": 36.4, "frm": "I0096", "to": "I0097" }, "geometry": { "type": "LineString", "coordinates": [ [ 28.710247259449872, 47.122460757549938 ], [ 28.71024740361759, 47.1224652548281 ], [ 28.710247547785354, 47.122469752106241 ], [ 28.710247691953143, 47.122474249384389 ], [ 28.710247836120974, 47.122478746662523 ], [ 28.710247980288834, 47.122483243940657 ], [ 28.710248124456729, 47.122487741218805 ], [ 28.710241679750762, 47.122492336899498 ], [ 28.710235235043672, 47.122496932579836 ], [ 28.710235379210573, 47.122501429857998 ], [ 28.710235523377495, 47.122505927136153 ], [ 28.710235667544456, 47.122510424414294 ], [ 28.710235811711456, 47.122514921692435 ], [ 28.710235955878485, 47.122519418970583 ], [ 28.710236100045549, 47.122523916248717 ], [ 28.710229655334238, 47.12252851192877 ], [ 28.71022321062182, 47.122533107608483 ], [ 28.710216765908289, 47.122537703287847 ], [ 28.710210321193649, 47.122542298966849 ], [ 28.710203876477898, 47.122546894645502 ], [ 28.710197431761042, 47.122551490323815 ], [ 28.710190987043074, 47.122556086001765 ], [ 28.710184542323997, 47.12256068167936 ], [ 28.710178097603805, 47.122565277356607 ], [ 28.710171652882515, 47.122569873033498 ], [ 28.710165208160102, 47.122574468710063 ], [ 28.710158763436588, 47.122579064386251 ], [ 28.710152318711966, 47.122583660062091 ], [ 28.710145873986228, 47.122588255737575 ], [ 28.710139429259382, 47.122592851412719 ], [ 28.71013298453143, 47.122597447087493 ], [ 28.710126539802364, 47.122602042761926 ], [ 28.710120095072192, 47.122606638436011 ], [ 28.710113650340912, 47.122611234109733 ], [ 28.710107205608519, 47.122615829783115 ], [ 28.710100760875015, 47.122620425456141 ], [ 28.710094316140403, 47.122625021128805 ], [ 28.710087871404685, 47.122629616801134 ], [ 28.710081426667852, 47.122634212473109 ], [ 28.710074981929914, 47.122638808144721 ], [ 28.710068537190867, 47.122643403815992 ], [ 28.710062092450709, 47.122647999486901 ], [ 28.710055647709435, 47.122652595157454 ], [ 28.710049202967056, 47.12265719082766 ], [ 28.710042758223572, 47.122661786497531 ], [ 28.710036313478977, 47.122666382167033 ], [ 28.710029868733265, 47.122670977836187 ], [ 28.710023423986453, 47.122675573504978 ], [ 28.710016979238528, 47.122680169173428 ], [ 28.710010534489495, 47.12268476484153 ], [ 28.71000408973935, 47.122689360509284 ], [ 28.709997644988096, 47.122693956176676 ], [ 28.709991200235731, 47.122698551843705 ], [ 28.709984755482257, 47.122703147510393 ], [ 28.709978310727671, 47.12270774317674 ], [ 28.709971865971983, 47.122712338842732 ] ] } },
{ "type": "Feature", "properties": { "element": "node", "id": "I0097", "kind": "inspection", "length_m": null, "frm": null, "to": null }, "geometry": { "type": "Point", "coordinates": [ 28.709969724262542, 47.122711795598015 ] } },
{ "type": "Feature", "properties": { "element": "edge", "id": "I0097->I0098", "kind": "leg", "length_m": 106.2, "frm": "I0097", "to": "I0098" }, "geometry": { "type": "LineString", "coordinates": [ [ 28.709971865971983, 47.122712338842732 ], [ 28.709972010117763, 47.12271683612132 ], [ 28.709972154263582, 47.122721333399916 ], [ 28.709972298409436, 47.122725830678512 ], [ 28.709972442555323, 47.122730327957107 ], [ 28.709972586701241, 47.122734825235689 ], [ 28.709972730847198, 47.122739322514271 ], [ 28.709966286087276, 47.122743918179971 ], [ 28.709959841326246, 47.12274851384533 ], [ 28.709959985471198, 47.122753011123926 ], [ 28.709960129616181, 47.122757508402522 ], [ 28.709960273761201, 47.122762005681118 ], [ 28.709960417906263, 47.122766502959706 ], [ 28.709960562051354, 47.122771000238288 ], [ 28.709960706196476, 47.122775497516869 ], [ 28.709960850341638, 47.122779994795444 ], [ 28.709954405575857, 47.122784590460526 ], [ 28.709954549720528, 47.122789087739115 ], [ 28.709948104953121, 47.122793683403849 ], [ 28.709941660184604, 47.122798279068235 ], [ 28.70994180432827, 47.122802776346845 ], [ 28.709935359558123, 47.122807372010897 ], [ 28.709928914786865, 47.122811967674586 ], [ 28.709922470014494, 47.122816563337928 ], [ 28.709916025241014, 47.122821159000921 ], [ 28.70990958046643, 47.122825754663566 ], [ 28.709909724607535, 47.122830251942219 ], [ 28.70990327983132, 47.122834847604516 ], [ 28.709896835053993, 47.122839443266464 ], [ 28.709890390275561, 47.122844038928051 ], [ 28.709883945496014, 47.122848634589289 ], [ 28.709884089635075, 47.122853131868006 ], [ 28.709877644853897, 47.122857727528903 ], [ 28.709871200071618, 47.122862323189445 ], [ 28.709864755288219, 47.122866918849638 ], [ 28.709858310503719, 47.122871514509491 ], [ 28.709851865718104, 47.122876110168988 ], [ 28.7098520098546, 47.12288060744774 ], [ 28.709845565067358, 47.12288520310689 ], [ 28.709839120279007, 47.122889798765698 ], [ 28.70983267548954, 47.122894394424144 ], [ 28.709826230698972, 47.122898990082234 ], [ 28.709819785907293, 47.122903585739991 ], [ 28.709813341114504, 47.122908181397385 ], [ 28.709806896320597, 47.122912777054417 ], [ 28.709800451525595, 47.122917372711115 ], [ 28.709794006729471, 47.12292196836745 ], [ 28.709787561932245, 47.122926564023444 ], [ 28.709781117133907, 47.122931159679077 ], [ 28.709774672334458, 47.122935755334353 ], [ 28.709768227533907, 47.122940350989289 ], [ 28.709768371663674, 47.12294484826819 ], [ 28.709768515793478, 47.12294934554707 ], [ 28.709768659923316, 47.122953842825957 ], [ 28.709762215120087, 47.12295843848058 ], [ 28.709755770315752, 47.122963034134848 ], [ 28.709749325510309, 47.122967629788747 ], [ 28.70974288070375, 47.122972225442304 ], [ 28.70973643589609, 47.122976821095513 ], [ 28.709736580023364, 47.122981318374457 ], [ 28.709730135214066, 47.122985914027318 ], [ 28.709723690403667, 47.122990509679823 ], [ 28.709717245592149, 47.122995105332002 ], [ 28.709710800779529, 47.122999700983797 ], [ 28.709710944904757, 47.123004198262784 ], [ 28.709704500090503, 47.123008793914252 ], [ 28.709698055275144, 47.123013389565372 ], [ 28.70969161045867, 47.123017985216137 ], [ 28.709685165641091, 47.123022580866547 ], [ 28.709678720822403, 47.123027176516601 ], [ 28.709678864945065, 47.123031673795651 ], [ 28.709672420124743, 47.123036269445365 ], [ 28.709665975303317, 47.123040865094737 ], [ 28.709659530480774, 47.123045460743747 ], [ 28.709653085657123, 47.123050056392415 ], [ 28.709646640832368, 47.123054652040722 ], [ 28.7096401960065, 47.12305924768868 ], [ 28.709633751179524, 47.123063843336297 ], [ 28.709627306351436, 47.123068438983552 ], [ 28.709620861522239, 47.123073034630451 ], [ 28.709614416691931, 47.123077630277002 ], [ 28.709607971860517, 47.123082225923199 ], [ 28.709601527027996, 47.123086821569053 ], [ 28.709595082194358, 47.123091417214553 ], [ 28.709588637359616, 47.123096012859698 ], [ 28.709582192523762, 47.123100608504494 ], [ 28.709575747686799, 47.123105204148921 ], [ 28.709569302848724, 47.123109799793006 ], [ 28.709562858009541, 47.123114395436751 ], [ 28.709556413169253, 47.12311899108014 ], [ 28.709549968327849, 47.123123586723167 ], [ 28.70954352348534, 47.123128182365853 ], [ 28.709537078641716, 47.12313277800817 ], [ 28.709530633796987, 47.12313737365016 ], [ 28.709524188951146, 47.123141969291773 ], [ 28.709517744104197, 47.123146564933045 ], [ 28.709511299256139, 47.123151160573961 ], [ 28.709504854406969, 47.123155756214537 ], [ 28.709504998515627, 47.123160253493879 ], [ 28.709505142624327, 47.123164750773221 ], [ 28.709505286733052, 47.123169248052577 ], [ 28.709505430841816, 47.123173745331897 ], [ 28.709505574950615, 47.123178242611232 ], [ 28.70950571905945, 47.123182739890559 ], [ 28.709499274206049, 47.123187335530844 ], [ 28.709492829351543, 47.123191931170773 ], [ 28.709486384495925, 47.123196526810361 ], [ 28.709486528603232, 47.123201024089724 ], [ 28.709480083745984, 47.123205619728964 ], [ 28.70947363888763, 47.123210215367848 ], [ 28.709467194028168, 47.123214811006385 ], [ 28.709460749167587, 47.123219406644573 ], [ 28.709460893272851, 47.123223903923972 ], [ 28.709454448410646, 47.123228499561819 ], [ 28.70944800354733, 47.123233095199296 ], [ 28.709441558682908, 47.12323769083644 ], [ 28.709441702786645, 47.123242188115874 ], [ 28.709435257920592, 47.123246783752684 ], [ 28.709428813053428, 47.123251379389131 ], [ 28.709422368185159, 47.123255975025224 ], [ 28.709415923315774, 47.123260570660968 ], [ 28.709409478445281, 47.123265166296363 ], [ 28.709403033573683, 47.123269761931397 ], [ 28.709396588700969, 47.123274357566089 ], [ 28.70939014382715, 47.123278953200426 ], [ 28.70938369895222, 47.123283548834415 ], [ 28.70937725407618, 47.123288144468042 ], [ 28.709370809199029, 47.12329274010132 ], [ 28.70936436432077, 47.12329733573425 ], [ 28.709357919441405, 47.123301931366818 ], [ 28.709351474560926, 47.123306526999045 ], [ 28.709345029679341, 47.123311122630923 ], [ 28.70933858479664, 47.123315718262447 ], [ 28.709332139912835, 47.123320313893615 ], [ 28.709325695027918, 47.123324909524428 ], [ 28.709319250141892, 47.123329505154892 ], [ 28.709312805254758, 47.123334100785009 ], [ 28.709306360366515, 47.123338696414763 ], [ 28.709299915477153, 47.123343292044169 ], [ 28.709293470586694, 47.123347887673233 ], [ 28.709287025695115, 47.123352483301943 ], [ 28.709280580802439, 47.123357078930283 ], [ 28.709274135908643, 47.123361674558282 ], [ 28.709267691013739, 47.123366270185933 ], [ 28.709261246117727, 47.123370865813229 ], [ 28.709254801220606, 47.123375461440176 ], [ 28.70924821223424, 47.123375559787 ], [ 28.709241623247834, 47.123375658133426 ], [ 28.709235178348425, 47.123380253759301 ], [ 28.709228733447901, 47.12338484938482 ], [ 28.709222144460288, 47.123384947730159 ], [ 28.709215555472635, 47.123385046075107 ], [ 28.709208966484947, 47.123385144419679 ], [ 28.709202377497224, 47.123385242763888 ], [ 28.709195788509472, 47.123385341107692 ], [ 28.709189199521678, 47.123385439451127 ], [ 28.709182610533848, 47.123385537794192 ], [ 28.709176021545989, 47.123385636136874 ], [ 28.709169432558095, 47.123385734479172 ], [ 28.709162843570162, 47.123385832821086 ], [ 28.709156110501791, 47.123381433882649 ], [ 28.709149521514345, 47.123381532223796 ], [ 28.709142932526863, 47.123381630564566 ], [ 28.709136199460644, 47.123377231624914 ], [ 28.709129466395531, 47.123372832684865 ] ] } },
{ "type": "Feature", "properties": { "element": "node", "id": "I0098", "kind": "inspection", "length_m": null, "frm": null, "to": null }, "geometry": { "type": "Point", "coordinates": [ 28.709126925097625, 47.12337470710527 ] } },
{ "type": "Feature", "properties": { "element": "edge", "id": "I0098->I0102", "kind": "leg", "length_m": 37.7, "frm": "I0098", "to": "I0102" }, "geometry": { "type": "LineString", "coordinates": [ [ 28.709129466395531, 47.123372832684865 ], [ 28.709122877409058, 47.12337293102447 ], [ 28.709116288422543, 47.123373029363691 ], [ 28.709109699435999, 47.123373127702543 ], [ 28.709103110449423, 47.123373226040997 ], [ 28.709096521462808, 47.123373324379095 ], [ 28.709089932476161, 47.123373422716803 ], [ 28.709083199415279, 47.123369023773961 ], [ 28.709076466355501, 47.123364624830707 ], [ 28.70906987736986, 47.123364723167256 ], [ 28.709063288384179, 47.123364821503408 ], [ 28.70905669939847, 47.123364919839197 ], [ 28.709050110412718, 47.123365018174603 ], [ 28.709043521426938, 47.123365116509625 ], [ 28.709036932441116, 47.123365214844277 ], [ 28.709030343455265, 47.123365313178553 ], [ 28.709023610400241, 47.12336091423213 ], [ 28.70901702141488, 47.123361012565617 ], [ 28.709010432429473, 47.123361110898742 ], [ 28.709003843444034, 47.123361209231469 ], [ 28.708997110391682, 47.123356810283454 ], [ 28.708990521406733, 47.12335690861542 ], [ 28.708983932421749, 47.12335700694701 ], [ 28.708977343436722, 47.123357105278217 ], [ 28.708970610387041, 47.123352706328603 ], [ 28.708964021402501, 47.123352804659035 ], [ 28.708957432417936, 47.123352902989097 ], [ 28.708950843433328, 47.123353001318762 ], [ 28.708944110386316, 47.123348602367543 ], [ 28.708937521402191, 47.123348700696454 ], [ 28.708930932418038, 47.123348799024974 ], [ 28.70892434343385, 47.123348897353118 ], [ 28.708917610389506, 47.123344498400314 ], [ 28.708911021405797, 47.123344596727684 ], [ 28.708904432422056, 47.123344695054676 ], [ 28.708897843438287, 47.123344793381307 ], [ 28.708891110396607, 47.12334039442689 ], [ 28.708884521413317, 47.123340492752739 ], [ 28.708877932429999, 47.123340591078204 ], [ 28.708871343446642, 47.123340689403285 ], [ 28.708864610407634, 47.123336290447284 ], [ 28.70885802142476, 47.123336388771598 ], [ 28.708851432441854, 47.123336487095528 ], [ 28.708844843458909, 47.123336585419082 ], [ 28.708838110422572, 47.123332186461489 ], [ 28.708831521440111, 47.123332284784254 ], [ 28.708824932457624, 47.123332383106664 ], [ 28.708818343475095, 47.123332481428683 ], [ 28.70881161044143, 47.123328082469484 ], [ 28.708805021459391, 47.123328180790736 ], [ 28.708798432477309, 47.123328279111611 ], [ 28.708791843495199, 47.123328377432109 ], [ 28.708785110464202, 47.123323978471319 ], [ 28.708778521482571, 47.123324076791036 ], [ 28.708771932500913, 47.123324175110369 ], [ 28.708765343519222, 47.12332427342934 ], [ 28.708758610490889, 47.123319874466951 ], [ 28.708752021509682, 47.12331997278514 ], [ 28.708745432528435, 47.123320071102953 ], [ 28.708738843547156, 47.123320169420388 ], [ 28.708732110521495, 47.123315770456387 ], [ 28.7087255215407, 47.123315868773055 ], [ 28.708718932559876, 47.123315967089326 ], [ 28.708712343579009, 47.123316065405234 ], [ 28.708705754598107, 47.123316163720744 ], [ 28.70869902157564, 47.123311764754781 ], [ 28.708692288554285, 47.123307365788399 ], [ 28.708685555534032, 47.123302966821598 ], [ 28.708678822514891, 47.123298567854377 ] ] } },
{ "type": "Feature", "properties": { "element": "node", "id": "I0102", "kind": "inspection", "length_m": null, "frm": null, "to": null }, "geometry": { "type": "Point", "coordinates": [ 28.708681270538055, 47.123298595079262 ] } },
{ "type": "Feature", "properties": { "element": "edge", "id": "I0102->START", "kind": "leg", "length_m": 111.5, "frm": "I0102", "to": "START" }, "geometry": { "type": "LineString", "coordinates": [ [ 28.708678822514891, 47.123298567854377 ], [ 28.708672233536042, 47.123298666167948 ], [ 28.708665644557151, 47.123298764481127 ], [ 28.708659055578227, 47.123298862793938 ], [ 28.708652466599268, 47.123298961106372 ], [ 28.708645877620274, 47.123299059418414 ], [ 28.708639288641248, 47.123299157730095 ], [ 28.708632555626338, 47.123294758760096 ], [ 28.708625822612539, 47.123290359789692 ], [ 28.708619233634511, 47.123290458100193 ], [ 28.708612644656458, 47.123290556410325 ], [ 28.70860605567837, 47.123290654720073 ], [ 28.708599466700239, 47.12329075302943 ], [ 28.708592877722079, 47.123290851338425 ], [ 28.708586288743881, 47.123290949647028 ], [ 28.708579699765647, 47.123291047955256 ], [ 28.708572966756595, 47.123286648981676 ], [ 28.708566377778855, 47.123286747289136 ], [ 28.708559788801075, 47.123286845596219 ], [ 28.708553199823257, 47.123286943902919 ], [ 28.708546610845406, 47.123287042209235 ], [ 28.70854002186752, 47.123287140515181 ], [ 28.708533288862185, 47.123282741539214 ], [ 28.708526699884779, 47.123282839844386 ], [ 28.708520110907344, 47.123282938149174 ], [ 28.708513377904158, 47.12327853917202 ], [ 28.708506788927203, 47.123278637476034 ], [ 28.708500199950219, 47.123278735779671 ], [ 28.708493466949182, 47.123274336801302 ], [ 28.708486877972682, 47.123274435104172 ], [ 28.708480288996149, 47.123274533406658 ], [ 28.708473555997255, 47.123270134427081 ], [ 28.708466967021206, 47.1232702327288 ], [ 28.708460378045125, 47.123270331030135 ], [ 28.708453645048383, 47.123265932049364 ], [ 28.708447056072785, 47.123266030349924 ], [ 28.708440467097148, 47.123266128650116 ], [ 28.708433878121483, 47.123266226949909 ], [ 28.708427145127409, 47.123261827967546 ], [ 28.708420556152227, 47.123261926266565 ], [ 28.708413967177009, 47.123262024565221 ], [ 28.708407234185088, 47.123257625581658 ], [ 28.708400645210354, 47.12325772387954 ], [ 28.708394056235591, 47.123257822177038 ], [ 28.708387323245812, 47.123253423192267 ], [ 28.708380734271532, 47.123253521488998 ], [ 28.708374145297221, 47.123253619785345 ], [ 28.708367412309592, 47.123249220799373 ], [ 28.708360823335763, 47.123249319094946 ], [ 28.708354234361895, 47.123249417390142 ], [ 28.708347501376423, 47.123245018402962 ], [ 28.708340912403038, 47.123245116697383 ], [ 28.708334323429625, 47.123245214991428 ], [ 28.708327590446302, 47.123240816003054 ], [ 28.708321001473369, 47.123240914296325 ], [ 28.708314412500407, 47.123241012589219 ], [ 28.70830767951923, 47.123236613599644 ], [ 28.708301090546755, 47.123236711891757 ], [ 28.708294501574237, 47.123236810183492 ], [ 28.708287768595213, 47.123232411192717 ], [ 28.708281179623185, 47.123232509483685 ], [ 28.708274590651119, 47.12323260777427 ], [ 28.70826785767424, 47.123228208782287 ], [ 28.708261268702664, 47.123228307072111 ], [ 28.708254679731056, 47.123228405361544 ], [ 28.708247946756327, 47.123224006368361 ], [ 28.708241357785194, 47.123224104657027 ], [ 28.708234768814037, 47.123224202945309 ], [ 28.708228035841458, 47.12321980395091 ], [ 28.70822144687078, 47.123219902238446 ], [ 28.708214857900067, 47.123220000525563 ], [ 28.708208124929641, 47.123215601529978 ], [ 28.708201535959411, 47.123215699816335 ], [ 28.708194946989149, 47.123215798102315 ], [ 28.708188214020872, 47.123211399105529 ], [ 28.708181625051097, 47.123211497390741 ], [ 28.708175036081286, 47.123211595675571 ], [ 28.708168303115158, 47.123207196677583 ], [ 28.708161714145835, 47.123207294961638 ], [ 28.708155125176472, 47.123207393245309 ], [ 28.708148392212493, 47.123202994246114 ], [ 28.70814180324362, 47.123203092529018 ], [ 28.708135214274705, 47.123203190811537 ], [ 28.70812848131288, 47.123198791811156 ], [ 28.708121892344451, 47.123198890092901 ], [ 28.70811530337599, 47.12319898837427 ], [ 28.708108570416314, 47.12319458937268 ], [ 28.708101981448337, 47.123194687653282 ], [ 28.708095392480327, 47.123194785933499 ], [ 28.708088659522801, 47.123190386930702 ], [ 28.708082070555275, 47.123190485210159 ], [ 28.708075481587716, 47.123190583489212 ], [ 28.708068748632336, 47.123186184485213 ], [ 28.708062159665261, 47.123186282763513 ], [ 28.708055570698157, 47.123186381041428 ], [ 28.708048837744922, 47.123181982036222 ], [ 28.708042248778302, 47.123182080313363 ], [ 28.708035659811639, 47.123182178590127 ], [ 28.708028926860564, 47.123177779583727 ], [ 28.708022337894388, 47.123177877859725 ], [ 28.708015748928183, 47.123177976135345 ], [ 28.70800901597925, 47.123173577127723 ], [ 28.708002427013525, 47.123173675402569 ], [ 28.707995838047768, 47.123173773677038 ], [ 28.707989105100992, 47.123169374668223 ], [ 28.707982516135718, 47.12316947294191 ], [ 28.707975783190562, 47.123165073932299 ], [ 28.707969050246522, 47.123160674922268 ], [ 28.707962317303586, 47.123156275911818 ], [ 28.707955584361766, 47.12315187690097 ], [ 28.707948851421051, 47.123147477889688 ], [ 28.707942118481451, 47.123143078878016 ], [ 28.707935385542957, 47.123138679865917 ], [ 28.707928652605567, 47.123134280853407 ], [ 28.707922063644425, 47.123134379123556 ], [ 28.70791547468324, 47.123134477393336 ], [ 28.707908885722023, 47.123134575662732 ], [ 28.707902296760778, 47.123134673931759 ], [ 28.707895707799494, 47.123134772200395 ], [ 28.707889118838171, 47.123134870468661 ], [ 28.707882529876816, 47.123134968736537 ], [ 28.707875940915429, 47.123135067004043 ], [ 28.707869351954002, 47.123135165271172 ], [ 28.707862762992544, 47.123135263537918 ], [ 28.707856174031051, 47.12313536180428 ], [ 28.707849585069525, 47.123135460070273 ], [ 28.70784299610796, 47.123135558335875 ], [ 28.707836407146363, 47.123135656601114 ], [ 28.707829818184727, 47.123135754865963 ], [ 28.70782322922306, 47.123135853130435 ], [ 28.707816640261356, 47.123135951394524 ], [ 28.707810051299617, 47.123136049658243 ], [ 28.707803318372708, 47.123131650638221 ], [ 28.707796729411452, 47.123131748901173 ], [ 28.707790140450168, 47.123131847163734 ], [ 28.707783407525401, 47.123127448142512 ], [ 28.7077768185646, 47.123127546404305 ], [ 28.707770229603767, 47.123127644665722 ], [ 28.707763496681149, 47.123123245643285 ], [ 28.7077569077208, 47.123123343903927 ], [ 28.707750318760411, 47.123123442164179 ], [ 28.707743585839943, 47.123119043140569 ], [ 28.707736996880044, 47.123119141400053 ], [ 28.70773040792011, 47.123119239659161 ], [ 28.707723675001791, 47.123114840634337 ], [ 28.707717086042344, 47.123114938892662 ], [ 28.707710497082861, 47.123115037150612 ], [ 28.707703764166691, 47.123110638124587 ], [ 28.707697175207691, 47.123110736381776 ], [ 28.707690442293153, 47.123106337354926 ], [ 28.70768385333464, 47.123106435611348 ], [ 28.707677120421732, 47.123102036583703 ], [ 28.707670531463702, 47.123102134839336 ], [ 28.707663942505636, 47.123102233094585 ], [ 28.707657209594881, 47.123097834065739 ], [ 28.707650620637306, 47.123097932320235 ], [ 28.707643887728175, 47.123093533290579 ], [ 28.707637298771083, 47.123093631544293 ], [ 28.707630565863585, 47.123089232513827 ], [ 28.707623976906973, 47.12308933076676 ], [ 28.707617387950332, 47.123089429019331 ], [ 28.707610655044981, 47.123085029987656 ], [ 28.707604066088827, 47.123085128239453 ], [ 28.707597333185102, 47.123080729206983 ], [ 28.707590744229435, 47.123080827457997 ], [ 28.707584011327345, 47.12307642842471 ], [ 28.707577422372154, 47.12307652667495 ], [ 28.707570833416938, 47.123076624924806 ], [ 28.70756410051699, 47.12307222589034 ], [ 28.707557511562257, 47.123072324139422 ], [ 28.707550778663947, 47.123067925104138 ], [ 28.707544189709697, 47.123068023352452 ], [ 28.707537456813014, 47.123063624316359 ], [ 28.707530867859248, 47.123063722563906 ], [ 28.707524278905449, 47.123063820811069 ], [ 28.707517546010916, 47.123059421773767 ], [ 28.7075109570576, 47.123059520020149 ], [ 28.707504224164698, 47.123055120982052 ], [ 28.707497635211865, 47.123055219227666 ], [ 28.707490902320597, 47.123050820188766 ], [ 28.707484313368255, 47.123050918433606 ], [ 28.707477724415874, 47.123051016678062 ], [ 28.707470991526751, 47.123046617637954 ], [ 28.707464402574853, 47.12304671588165 ], [ 28.707457669687361, 47.123042316840724 ], [ 28.707451080735957, 47.123042415083638 ], [ 28.707444347850085, 47.123038016041917 ], [ 28.707437758899164, 47.123038114284057 ], [ 28.707431169948208, 47.123038212525827 ], [ 28.707424437064496, 47.123033813482898 ], [ 28.707417848114019, 47.123033911723887 ], [ 28.707411115231935, 47.123029512680148 ], [ 28.707404526281948, 47.123029610920376 ], [ 28.707397937331926, 47.123029709160221 ], [ 28.707391348381869, 47.123029807399682 ], [ 28.707384759431779, 47.123029905638766 ], [ 28.707378314410455, 47.123034501161897 ] ] } }
]
}
