{
"type": "FeatureCollection",
"name": "route_inspector",
"crs": { "type": "name", "properties": { "name": "urn:ogc:def:crs:OGC:1.3:CRS84" } },
"features": [
{ "type": "Feature", "properties": { "length_m": 10168.0, "walk_minutes_4kmh": 152.5, "n_targets": 68, "reachable_targets": 236, "all_targets": 336, "score": 138.28, "outside_passable_m": 88.1, "outside_passable_pct": 0.87, "visit_order": "W0030,I0062,I0063,W0029,I0047,I0051,I0055,I0053,I0054,W0023,W0022,W0021,I0003,W0015,I0022,I0019,I0020,I0021,I0023,I0024,I0025,I0027,I0029,I0031,I0030,I0037,I0042,W0041,W0037,I0084,I0085,W0042,I0075,I0076,I0074,I0073,I0072,I0099,I0106,I0107,I0147,I0148,I0152,I0149,I0151,I0162,I0160,I0159,I0161,I0178,I0177,W0076,I0155,I0140,I0141,I0142,I0143,I0144,I0139,I0134,I0138,I0137,I0136,I0135,I0096,I0097,I0098,I0102", "skipped": "I0001,I0002,I0004,I0005,I0006,I0007,I0008,I0009,I0010,I0011,I0015,I0016,I0017,I0026,I0032,I0033,I0034,I0035,I0036,I0039,I0040,I0041,I0043,I0044,I0045,I0046,I0050,I0052,I0056,I0057,I0058,I0059,I0060,I0064,I0065,I0066,I0067,I0069,I0071,I0077,I0078,I0079,I0080,I0081,I0083,I0090,I0091,I0092,I0093,I0094,I0095,I0100,I0101,I0105,I0108,I0112,I0113,I0114,I0115,I0116,I0120,I0121,I0122,I0123,I0124,I0125,I0126,I0127,I0128,I0129,I0130,I0131,I0132,I0133,I0145,I0146,I0150,I0156,I0158,I0163,I0164,I0165,I0166,I0168,I0169,I0170,I0171,I0172,I0173,I0174,I0175,I0176,I0179,I0180,I0181,I0182,I0183,I0185,I0186,I0187,I0188,I0189,I0190,I0191,I0192,I0193,I0194,I0195,I0196,I0197,I0199,I0200,I0201,I0202,I0203,I0204,I0205,I0206,I0207,I0208,I0209,I0210,I0211,I0212,I0213,I0214,I0215,I0216,I0217,I0218,I0219,I0220,I0221,I0222,I0223,I0224,I0225,I0226,I0227,I0228,I0229,I0231,I0234,I0235,I0236,I0237,I0238,I0239,I0240,I0242,I0243,I0244,I0245,I0246,I0247,I0248,I0249,I0250,I0251,I0252,I0253,I0254,I0255,I0257,I0258,I0259,I0260,W0073", "solver": "prize-collecting TSP (orienteering) with hard off-passable budget, OR-Tools GLS", "passable_rule": "authorised passages + inter-row areas; off-passable <= 1.9 % (hard constraint)", "unreachable": "I0001,I0002,I0004,I0005,I0006,I0007,I0008,I0009,I0010,I0011,I0015,I0016,I0017,I0026,I0032,I0033,I0034,I0035,I0036,I0039,I0040,I0041,I0043,I0044,I0045,I0046,I0050,I0052,I0056,I0057,I0058,I0059,I0060,I0064,I0065,I0066,I0067,I0069,I0071,I0077,I0078,I0079,I0080,I0081,I0083,I0090,I0091,I0092,I0093,I0094,I0095,I0100,I0101,I0105,I0108,I0112,I0113,I0114,I0115,I0116,I0120,I0121,I0122,I0123,I0124,I0125,I0126,I0127,I0128,I0129,I0130,I0131,I0132,I0133,I0145,I0146,I0150,I0156,I0158,I0163,I0164,I0165,I0166,I0168,I0169,I0170,I0171,I0172,I0173,I0174,I0175,I0176,I0179,I0180,I0181,I0182,I0183,I0185,I0186,I0187,I0188,I0189,I0190,I0191,I0192,I0193,I0194,I0195,I0196,I0197,I0199,I0200,I0201,I0202,I0203,I0204,I0205,I0206,I0207,I0208,I0209,I0210,I0211,I0212,I0213,I0214,I0215,I0216,I0217,I0218,I0219,I0220,I0221,I0222,I0223,I0224,I0225,I0226,I0227,I0228,I0229,I0231,I0234,I0235,I0236,I0237,I0238,I0239,I0240,I0242,I0243,I0244,I0245,I0246,I0247,I0248,I0249,I0250,I0251,I0252,I0253,I0254,I0255,I0257,I0258,I0259,I0260,W0073", "start": "user start point", "role": "inspector", "minutes": 152.5 }, "geometry": { "type": "LineString", "coordinates": [ [ 28.707377621998358, 47.123033463692671 ], [ 28.707380905134858, 47.12311545228102 ], [ 28.707374460103068, 47.123120047804008 ], [ 28.707377914407306, 47.123227982627817 ], [ 28.707371469361924, 47.123232578150727 ], [ 28.707375067603788, 47.123345010256784 ], [ 28.707368622544294, 47.12334960577963 ], [ 28.707372076864431, 47.123457540599432 ], [ 28.707365631791351, 47.123462136122214 ], [ 28.707369086119026, 47.123570070940033 ], [ 28.707330415582327, 47.123597644070948 ], [ 28.70733386985513, 47.123705578888199 ], [ 28.707314678461273, 47.123723862733755 ], [ 28.707314966315192, 47.123732857301825 ], [ 28.707289617640622, 47.123764731231276 ], [ 28.707289905490725, 47.123773725799389 ], [ 28.707283460372985, 47.123778321317886 ], [ 28.707283604297576, 47.123782818601946 ], [ 28.707264268936129, 47.123796605155334 ], [ 28.707264412859189, 47.123801102439437 ], [ 28.707251522611639, 47.123810293473298 ], [ 28.707251666533697, 47.123814790757407 ], [ 28.707238776280668, 47.123823981789869 ], [ 28.707238920201714, 47.123828479074014 ], [ 28.707200537248845, 47.123865046731432 ], [ 28.707194667782701, 47.123887631381841 ], [ 28.707181921419039, 47.123901319692351 ], [ 28.707176051941428, 47.123923904341822 ], [ 28.707163305564514, 47.123937592650343 ], [ 28.707157436075427, 47.123960177298883 ], [ 28.707144689685268, 47.123973865605421 ], [ 28.70714497751305, 47.123982860173882 ], [ 28.707138532357828, 47.123987455684556 ], [ 28.707138820184706, 47.12399645025301 ], [ 28.707132375027335, 47.12400104576335 ], [ 28.707132662853311, 47.124010040331832 ], [ 28.707126217693791, 47.124014635841831 ], [ 28.707126505518868, 47.124023630410314 ], [ 28.707120060357195, 47.124028225919986 ], [ 28.707120348181377, 47.124037220488482 ], [ 28.70711390301755, 47.12404181599782 ], [ 28.707114190840826, 47.124050810566324 ], [ 28.707107745674854, 47.124055406075342 ], [ 28.707108033497232, 47.124064400643846 ], [ 28.70710158832911, 47.124068996152523 ], [ 28.707095718800883, 47.124091580797938 ], [ 28.707082828454933, 47.124100771813623 ], [ 28.707083404092334, 47.124118760950715 ], [ 28.707076958915614, 47.124123356458085 ], [ 28.707077390642471, 47.124136848310904 ], [ 28.707070945463077, 47.124141443817955 ], [ 28.707071377188687, 47.124154935670759 ], [ 28.707064932006631, 47.124159531177497 ], [ 28.707065363730987, 47.124173023030309 ], [ 28.707058918546256, 47.124177618536727 ], [ 28.707059206361635, 47.124186613105273 ], [ 28.707052761174754, 47.124191208611357 ], [ 28.707053192896517, 47.124204700464176 ], [ 28.707046747706965, 47.124209295969933 ], [ 28.70704717942748, 47.124222787822774 ], [ 28.707040734235257, 47.124227383328218 ], [ 28.70704102204807, 47.124236377896771 ], [ 28.707034576853701, 47.124240973401889 ], [ 28.707035008571616, 47.124254465254729 ], [ 28.707028563374575, 47.124259060759528 ], [ 28.707028995091243, 47.124272552612368 ], [ 28.707022549891533, 47.124277148116853 ], [ 28.707022837701775, 47.124286142685413 ], [ 28.707016392499924, 47.124290738189572 ], [ 28.707016968118751, 47.124308727326692 ], [ 28.707010522913695, 47.124313322830531 ], [ 28.707010954626622, 47.124326814683364 ], [ 28.707004509418901, 47.124331410186905 ], [ 28.707005085034545, 47.124349399324004 ], [ 28.706998639823638, 47.124353994827239 ], [ 28.706999071534174, 47.12436748668005 ], [ 28.706992626320588, 47.124372082182965 ], [ 28.706993201933042, 47.124390071320043 ], [ 28.706986756716276, 47.124394666822646 ], [ 28.706987188424421, 47.124408158675465 ], [ 28.706980743204976, 47.124412754177733 ], [ 28.706981318814243, 47.124430743314804 ], [ 28.706974873591616, 47.124435338816774 ], [ 28.706975305297366, 47.124448830669579 ], [ 28.70696886007207, 47.124453426171236 ], [ 28.706969291776577, 47.124466918024041 ], [ 28.70696284654861, 47.124471513525371 ], [ 28.706963422153024, 47.124489502662435 ], [ 28.706956976921862, 47.124494098163467 ], [ 28.706957408623975, 47.12450759001625 ], [ 28.706950963390149, 47.124512185516977 ], [ 28.706951538991376, 47.124530174654005 ], [ 28.706945093754356, 47.124534770154419 ], [ 28.706945525454078, 47.124548262007188 ], [ 28.706939080214386, 47.124552857507283 ], [ 28.706939655812427, 47.124570846644296 ], [ 28.706933210569549, 47.124575442144085 ], [ 28.706933642266879, 47.124588933996847 ], [ 28.706927197021336, 47.124593529496323 ], [ 28.706927772616183, 47.124611518633323 ], [ 28.706921327367446, 47.124616114132493 ], [ 28.706921759062386, 47.124629605985227 ], [ 28.706915313810978, 47.124634201484071 ], [ 28.706915889402644, 47.124652190621056 ], [ 28.706909444148042, 47.124656786119601 ], [ 28.706909875840594, 47.124670277972328 ], [ 28.706903430583328, 47.124674873470553 ], [ 28.706903862274629, 47.12468836532328 ], [ 28.706897417014691, 47.124692960821193 ], [ 28.706897992601501, 47.124710949958157 ], [ 28.706891547338373, 47.124715545455757 ], [ 28.706891979027287, 47.12472903730847 ], [ 28.70688553376149, 47.124733632805771 ], [ 28.706886109345106, 47.124751621942707 ], [ 28.706879664076123, 47.124756217439689 ], [ 28.706880095762646, 47.124769709292394 ], [ 28.706873650490984, 47.124774304789049 ], [ 28.706874226071424, 47.124792293925985 ], [ 28.706867780796575, 47.124796889422328 ], [ 28.706868212480703, 47.124810381275026 ], [ 28.706861767203186, 47.124814976771056 ], [ 28.706862342780429, 47.12483296590797 ], [ 28.706855897499725, 47.124837561403723 ], [ 28.706856329181463, 47.124851053256386 ], [ 28.706849883898084, 47.124855648751804 ], [ 28.706850459472147, 47.124873637888697 ], [ 28.706844014185577, 47.124878233383797 ], [ 28.706844445864924, 47.124891725236466 ], [ 28.706838000575686, 47.124896320731253 ], [ 28.706838576146556, 47.124914309868132 ], [ 28.706832130854131, 47.124918905362613 ], [ 28.706832562531087, 47.124932397215275 ], [ 28.706826117235991, 47.124936992709436 ], [ 28.706827843940708, 47.124990960119838 ], [ 28.706821398638258, 47.124995555613793 ], [ 28.706821974205528, 47.125013544750509 ], [ 28.706815528899885, 47.125018140244165 ], [ 28.706815960574144, 47.1250316320967 ], [ 28.706809515265835, 47.125036227590023 ], [ 28.706810090829922, 47.125054216726731 ], [ 28.70680364551842, 47.125058812219748 ], [ 28.706804077190284, 47.125072304072262 ], [ 28.706797631876118, 47.125076899564966 ], [ 28.706798351327322, 47.12509938598582 ], [ 28.706791906009439, 47.125103981478233 ], [ 28.706793344909254, 47.125148954319762 ], [ 28.706786899585062, 47.125153549811927 ], [ 28.706787187364402, 47.12516254438021 ], [ 28.706780742038063, 47.125167139872048 ], [ 28.706774296710613, 47.125171735363544 ], [ 28.706767851382057, 47.125176330854678 ], [ 28.70676140605239, 47.125180926345458 ], [ 28.706754960721607, 47.125185521835888 ], [ 28.70674851538972, 47.125190117325978 ], [ 28.706742070056723, 47.125194712815706 ], [ 28.706735624722615, 47.125199308305078 ], [ 28.706729179387398, 47.125203903794109 ], [ 28.70672273405107, 47.125208499282778 ], [ 28.706716288713636, 47.125213094771098 ], [ 28.706709843375087, 47.125217690259063 ], [ 28.706709987258574, 47.125222187543336 ], [ 28.706703541918394, 47.125226783030968 ], [ 28.706703829684418, 47.125235777599528 ], [ 28.706691082880685, 47.125249465858062 ], [ 28.706691370644837, 47.12525846042665 ], [ 28.706678623832605, 47.125272148683855 ], [ 28.706678911594885, 47.125281143252458 ], [ 28.706666164774155, 47.125294831508342 ], [ 28.706666452534567, 47.125303826076966 ], [ 28.706647404227667, 47.125326607100462 ], [ 28.706647691985236, 47.125335601669121 ], [ 28.706641246626159, 47.125340197153399 ], [ 28.706634801265977, 47.125344792637321 ], [ 28.70662835590468, 47.125349388120902 ], [ 28.706621910542278, 47.125353983604128 ], [ 28.706615465178768, 47.125358579087006 ], [ 28.706609019814145, 47.125363174569529 ], [ 28.706602574448411, 47.125367770051689 ], [ 28.706596129081568, 47.125372365533501 ], [ 28.706589683713617, 47.125376961014958 ], [ 28.706583238344553, 47.125381556496073 ], [ 28.706576792974385, 47.125386151976834 ], [ 28.706570347603101, 47.125390747457239 ], [ 28.706563902230712, 47.125395342937296 ], [ 28.706557456857215, 47.125399938416997 ], [ 28.706551011482606, 47.125404533896351 ], [ 28.706544566106885, 47.125409129375356 ], [ 28.706538120730055, 47.125413724853999 ], [ 28.706531675352117, 47.125418320332294 ], [ 28.706525229973067, 47.125422915810233 ], [ 28.706518784592912, 47.125427511287825 ], [ 28.706512339211642, 47.125432106765075 ], [ 28.706505893829259, 47.125436702241956 ], [ 28.706499448445776, 47.125441297718488 ], [ 28.706493003061176, 47.125445893194666 ], [ 28.706486557675468, 47.125450488670502 ], [ 28.706480112288652, 47.125455084145983 ], [ 28.706473666900727, 47.125459679621109 ], [ 28.706467221511691, 47.125464275095865 ], [ 28.706460776121542, 47.125468870570302 ], [ 28.706454330730292, 47.125473466044369 ], [ 28.706447885337919, 47.125478061518088 ], [ 28.706441439944452, 47.125482656991451 ], [ 28.706434994549859, 47.125487252464474 ], [ 28.706428549154172, 47.125491847937127 ], [ 28.706422103757365, 47.125496443409439 ], [ 28.70641565835945, 47.125501038881396 ], [ 28.706409212960427, 47.125505634352997 ], [ 28.706402767560295, 47.125510229824265 ], [ 28.706396322159051, 47.125514825295156 ], [ 28.706389876756703, 47.125519420765698 ], [ 28.706383431353238, 47.125524016235907 ], [ 28.706376842091707, 47.125524114420941 ], [ 28.70632499111386, 47.125551883597112 ], [ 28.70630536716931, 47.125556675426097 ], [ 28.706292476337619, 47.125565866356858 ], [ 28.706285887070614, 47.125565964536726 ], [ 28.706234036004194, 47.125593733672659 ], [ 28.706214412035745, 47.125598525486311 ], [ 28.706201521178187, 47.12560771640711 ], [ 28.706194931905699, 47.125607814581805 ], [ 28.706182041042528, 47.12561700550048 ], [ 28.706175451768829, 47.125617103674074 ], [ 28.706123600594548, 47.125644872761143 ], [ 28.706117011317207, 47.125644970931425 ], [ 28.706091085707925, 47.125658855464884 ], [ 28.706084496428744, 47.125658953633312 ], [ 28.706065160085085, 47.125672739992631 ], [ 28.706058570804103, 47.125672838159581 ], [ 28.706039234448685, 47.125686624514628 ], [ 28.706032645165898, 47.125686722680136 ], [ 28.706019754255557, 47.125695913580998 ], [ 28.706013164971562, 47.12569601174539 ], [ 28.705993828595957, 47.125709798092977 ], [ 28.705987239310154, 47.125709896255891 ], [ 28.705967902922797, 47.125723682599229 ], [ 28.705961313635189, 47.125723780760687 ], [ 28.705916051535798, 47.125751451594539 ], [ 28.705909462244581, 47.125751549753048 ], [ 28.705896571297277, 47.12576074064043 ], [ 28.705889982004845, 47.125760838797831 ], [ 28.705870645573793, 47.125774625125182 ], [ 28.705864056279562, 47.125774723281118 ], [ 28.705844719836755, 47.125788509604206 ], [ 28.705838130540723, 47.125788607758665 ], [ 28.705792868321996, 47.125816278545066 ], [ 28.705786279022352, 47.125816376696584 ], [ 28.705773388038075, 47.12582556757048 ], [ 28.705766798737223, 47.125825665720896 ], [ 28.705747462250716, 47.125839452028004 ], [ 28.705740872948056, 47.125839550176948 ], [ 28.705721536449797, 47.125853336479793 ], [ 28.705714947145331, 47.125853434627281 ], [ 28.705669684807276, 47.125881105366219 ], [ 28.705663095499204, 47.125881203510744 ], [ 28.705650204477966, 47.125890394371147 ], [ 28.705643615168675, 47.125890492514586 ], [ 28.705624278626725, 47.12590427880145 ], [ 28.705617689315634, 47.12590437694341 ], [ 28.70557242688356, 47.125932047644874 ], [ 28.705565837568862, 47.125932145783892 ], [ 28.705552946518491, 47.125941336633645 ], [ 28.705546357202586, 47.125941434771562 ], [ 28.705527020616934, 47.125955221042446 ], [ 28.705520431299217, 47.1259553191789 ], [ 28.70547516877313, 47.125982989842875 ], [ 28.705468579451811, 47.12598308797638 ], [ 28.705462133912615, 47.125987683396097 ], [ 28.705455544590667, 47.125987781528877 ], [ 28.70544895526869, 47.125987879661267 ], [ 28.705449099049773, 47.125992376947892 ], [ 28.705449242830888, 47.125996874234509 ], [ 28.705442653507763, 47.125996972366536 ], [ 28.705429762420426, 47.126006163202796 ], [ 28.705423173096086, 47.126006261333721 ], [ 28.705403836454984, 47.126020047584376 ], [ 28.70539724712884, 47.126020145713845 ], [ 28.705377910475981, 47.126033931960229 ], [ 28.705371321148036, 47.126034030088221 ], [ 28.705326058477297, 47.126061700694748 ], [ 28.705319469145742, 47.126061798819805 ], [ 28.705306578021435, 47.12607098964255 ], [ 28.705299988688672, 47.126071087766512 ], [ 28.705280651992116, 47.126084873996916 ], [ 28.705274062657541, 47.126084972119394 ], [ 28.705254725949228, 47.126098758345549 ], [ 28.705248136612859, 47.126098856466562 ], [ 28.705202873822788, 47.126126527025612 ], [ 28.705196284482806, 47.126126625143691 ], [ 28.705183393321526, 47.126135815952956 ], [ 28.705176803980336, 47.126135914069927 ], [ 28.705157467228329, 47.126149700280088 ], [ 28.705150877885334, 47.126149798395588 ], [ 28.705131541121563, 47.126163584601493 ], [ 28.70512495177676, 47.126163682715521 ], [ 28.705079688867361, 47.126191353227114 ], [ 28.705073099518948, 47.126191451338194 ], [ 28.705060208320706, 47.126200642133981 ], [ 28.705053618971082, 47.126200740243959 ], [ 28.705034282163616, 47.126214526433877 ], [ 28.705027692812191, 47.126214624542385 ], [ 28.704982429808773, 47.126242295016503 ], [ 28.704975840453741, 47.126242393122077 ], [ 28.704962949226363, 47.126251583907198 ], [ 28.704956359870117, 47.12625168201167 ], [ 28.704937023018953, 47.126265468185615 ], [ 28.704930433660905, 47.126265566288602 ], [ 28.704911096797993, 47.126279352458297 ], [ 28.70490450743814, 47.126279450559821 ], [ 28.704859244315379, 47.126307120986482 ], [ 28.704852654951921, 47.126307219085064 ], [ 28.704839763687573, 47.126316409856692 ], [ 28.704833174322903, 47.126316507954165 ], [ 28.704813837416289, 47.126330294107873 ], [ 28.704807248049814, 47.12633039220389 ], [ 28.704787911131444, 47.126344178353335 ], [ 28.704781321763164, 47.126344276447874 ], [ 28.704736058521068, 47.126371946827057 ], [ 28.704729469149186, 47.126372044918661 ], [ 28.704716577847869, 47.126381235676789 ], [ 28.704709988474772, 47.126381333767291 ], [ 28.704690651512699, 47.126395119900756 ], [ 28.704684062137797, 47.126395217989774 ], [ 28.704664725163969, 47.126409004118983 ], [ 28.704658135787266, 47.126409102206537 ], [ 28.704612872425837, 47.126436772538248 ], [ 28.704606283045521, 47.126436870622875 ], [ 28.704593391707238, 47.126446061367503 ], [ 28.704586802325711, 47.126446159451028 ], [ 28.704567465308191, 47.12645994556425 ], [ 28.704560875924859, 47.126460043646283 ], [ 28.704541538895576, 47.126473829755255 ], [ 28.704534949510446, 47.126473927835832 ], [ 28.704489686029682, 47.126501598120079 ], [ 28.704483096640939, 47.126501696197707 ], [ 28.704470205265682, 47.126510886928848 ], [ 28.704463615875728, 47.126510985005389 ], [ 28.704444278802754, 47.12652477109836 ], [ 28.704437689410998, 47.126524869173416 ], [ 28.704392425836211, 47.126552539420189 ], [ 28.704385836440846, 47.126552637492303 ], [ 28.704372945036464, 47.1265618282128 ], [ 28.70436635563988, 47.126561926283813 ], [ 28.704347018523208, 47.126575712360804 ], [ 28.704340429124827, 47.12657581043036 ], [ 28.704321091996395, 47.126589596503095 ], [ 28.704314502596212, 47.126589694571173 ], [ 28.704269238902093, 47.126617364770475 ], [ 28.704262649498297, 47.126617462835611 ], [ 28.704249758056942, 47.126626653542608 ], [ 28.704243168651931, 47.126626751606636 ], [ 28.704223831479805, 47.126640537663384 ], [ 28.704217242072993, 47.126640635725956 ], [ 28.70419790488911, 47.126654421778447 ], [ 28.7041913154805, 47.126654519839533 ], [ 28.704146051667045, 47.126682189991371 ], [ 28.704139462254822, 47.12668228804953 ], [ 28.704126570776499, 47.126691478743012 ], [ 28.704119981363057, 47.126691576800063 ], [ 28.70410064413548, 47.126705362836574 ], [ 28.70409405472024, 47.126705460892154 ], [ 28.704074717480903, 47.126719246924409 ], [ 28.704068128063863, 47.126719344978518 ], [ 28.704022864131069, 47.12674701508287 ], [ 28.704016274710423, 47.126747113134037 ], [ 28.704003383195129, 47.126756303814048 ], [ 28.703996793773268, 47.126756401864114 ], [ 28.703977456490225, 47.126770187880375 ], [ 28.703970867066566, 47.126770285928977 ], [ 28.703951529771771, 47.126784071940975 ], [ 28.703944940346304, 47.126784169988099 ], [ 28.703899676294171, 47.126811840045001 ], [ 28.703893086865097, 47.126811938089176 ], [ 28.703880195312827, 47.12682112875568 ], [ 28.703873605882542, 47.126821226798768 ], [ 28.703854268544045, 47.126835012794785 ], [ 28.703847679111956, 47.126835110836403 ], [ 28.703802414965804, 47.126862780855816 ], [ 28.703795825530108, 47.126862878894485 ], [ 28.703782933948709, 47.126872069550345 ], [ 28.703776344511795, 47.126872167587912 ], [ 28.703757007129607, 47.126885953567957 ], [ 28.703750417690888, 47.126886051604039 ], [ 28.703731080296944, 47.126899837579828 ], [ 28.703724490856423, 47.126899935614453 ], [ 28.703679226590936, 47.126927605586395 ], [ 28.703672637146809, 47.12692770361808 ], [ 28.703659745528441, 47.126936894260432 ], [ 28.703653156083099, 47.126936992291014 ], [ 28.703640264459114, 47.126946182931228 ], [ 28.703633675012558, 47.126946280960702 ], [ 28.703620783382949, 47.126955471598784 ], [ 28.703614193935184, 47.126955569627157 ], [ 28.703601302299958, 47.126964760263114 ], [ 28.703594712850979, 47.126964858290371 ], [ 28.703581821210136, 47.126974048924168 ], [ 28.703575231759938, 47.126974146950339 ], [ 28.703562340113475, 47.126983337582011 ], [ 28.703555750662069, 47.126983435607066 ], [ 28.703542859009993, 47.1269926262366 ], [ 28.703536269557368, 47.126992724260546 ], [ 28.703516932069157, 47.127006510201127 ], [ 28.703510342614727, 47.127006608223603 ], [ 28.703497450949197, 47.127015798848163 ], [ 28.703490861493549, 47.127015896869523 ], [ 28.703477969822401, 47.127025087491965 ], [ 28.703471380365542, 47.127025185512217 ], [ 28.703413367785117, 47.127066543292457 ], [ 28.703406634708575, 47.12706214401851 ], [ 28.703406491094267, 47.12705764672797 ], [ 28.703406347479998, 47.127053149437408 ], [ 28.703406203865761, 47.127048652146854 ], [ 28.703406060251552, 47.127044154856293 ], [ 28.703405916637386, 47.127039657565732 ], [ 28.703405773023249, 47.127035160275156 ], [ 28.703405629409151, 47.127030662984573 ], [ 28.703405485795084, 47.127026165694005 ], [ 28.703405342181057, 47.127021668403422 ], [ 28.703405198567058, 47.12701717111284 ], [ 28.703405054953095, 47.127012673822243 ], [ 28.70340491133917, 47.127008176531653 ], [ 28.703404767725281, 47.127003679241056 ], [ 28.703404624111425, 47.126999181950453 ], [ 28.7034044804976, 47.126994684659849 ], [ 28.703402182681156, 47.126922728009625 ], [ 28.703408628511806, 47.126918132702848 ], [ 28.703408054056997, 47.12690014354019 ], [ 28.703414499884463, 47.126895548233101 ], [ 28.703413781814135, 47.12687306177974 ], [ 28.703420227637885, 47.126868466472359 ], [ 28.703419509565823, 47.126845980018956 ], [ 28.703425955385864, 47.126841384711298 ], [ 28.703425237312064, 47.126818898257852 ], [ 28.703431683128397, 47.126814302949896 ], [ 28.70343096505286, 47.1267918164964 ], [ 28.703437410865483, 47.126787221188145 ], [ 28.70343669278822, 47.126764734734621 ], [ 28.70344313859712, 47.126760139426068 ], [ 28.703442420518122, 47.126737652972515 ], [ 28.703448866323317, 47.12673305766365 ], [ 28.703448291858663, 47.126715068500786 ], [ 28.703454737660667, 47.126710473191629 ], [ 28.703454019578029, 47.126687986738006 ], [ 28.70346046537632, 47.12668339142855 ], [ 28.703459890908757, 47.126665402265644 ], [ 28.703466336703855, 47.126660806955883 ], [ 28.703465905851981, 47.126647315083687 ], [ 28.703472351644411, 47.126642719773599 ], [ 28.703471920791291, 47.126629227901418 ], [ 28.703478366581052, 47.126624632591003 ], [ 28.703477935726685, 47.126611140718808 ], [ 28.703484381513775, 47.126606545408102 ], [ 28.70348395065816, 47.126593053535899 ], [ 28.703490396442579, 47.126588458224859 ], [ 28.70348996558571, 47.126574966352663 ], [ 28.70349641136746, 47.126570371041325 ], [ 28.703495980509349, 47.126556879169115 ], [ 28.703502426288427, 47.12655228385745 ], [ 28.703501995429061, 47.126538791985261 ], [ 28.703508441205475, 47.126534196673283 ], [ 28.703508010344862, 47.126520704801067 ], [ 28.703514456118601, 47.126516109488776 ], [ 28.703514025256737, 47.126502617616566 ], [ 28.703520471027812, 47.126498022303949 ], [ 28.703520040164694, 47.126484530431746 ], [ 28.703526485933097, 47.126479935118809 ], [ 28.703526342311605, 47.12647543782807 ], [ 28.703532788078377, 47.126470842514799 ], [ 28.703539233844037, 47.126466247201165 ], [ 28.703545679608585, 47.12646165188719 ], [ 28.703552125372028, 47.126457056572846 ], [ 28.703558571134355, 47.126452461258175 ], [ 28.703571462655685, 47.126443270627739 ], [ 28.703569451907519, 47.126380308558232 ], [ 28.703555985906686, 47.126371510025386 ], [ 28.703555842283258, 47.126367012734647 ], [ 28.703549109285095, 47.126362613467592 ], [ 28.703548965662296, 47.126358116176817 ], [ 28.703542376288048, 47.126358214200103 ], [ 28.703535930535459, 47.126362809513836 ], [ 28.703535930535459, 47.126362809513836 ], [ 28.703542376288048, 47.126358214200103 ], [ 28.703548965662296, 47.126358116176817 ], [ 28.703549109285095, 47.126362613467592 ], [ 28.703555842283258, 47.126367012734647 ], [ 28.703555985906686, 47.126371510025386 ], [ 28.703556129530156, 47.126376007316132 ], [ 28.703556273153655, 47.126380504606878 ], [ 28.703556416777186, 47.126385001897603 ], [ 28.703556560400756, 47.126389499188335 ], [ 28.703556704024358, 47.126393996479067 ], [ 28.703556847647999, 47.126398493769784 ], [ 28.703556991271668, 47.126402991060509 ], [ 28.703557134895373, 47.126407488351219 ], [ 28.703557278519114, 47.126411985641937 ], [ 28.703557422142893, 47.126416482932648 ], [ 28.703557565766705, 47.126420980223344 ], [ 28.703557709390548, 47.12642547751404 ], [ 28.703557853014431, 47.126429974804743 ], [ 28.703557996638345, 47.126434472095433 ], [ 28.703558140262295, 47.126438969386129 ], [ 28.703558283886281, 47.126443466676804 ], [ 28.703558427510302, 47.126447963967493 ], [ 28.703558571134355, 47.126452461258175 ], [ 28.703559432879405, 47.126479445002147 ], [ 28.703552987113955, 47.126484040316896 ], [ 28.70355341798539, 47.126497532188871 ], [ 28.703540526448037, 47.126506722817396 ], [ 28.703541388185602, 47.126533706561375 ], [ 28.703534942412137, 47.126538301875172 ], [ 28.703535373279824, 47.126551793747147 ], [ 28.70352892750369, 47.126556389060632 ], [ 28.70352935837013, 47.1265698809326 ], [ 28.703522912591328, 47.126574476245764 ], [ 28.703523343456517, 47.126587968117732 ], [ 28.703516897675044, 47.126592563430592 ], [ 28.703517328538986, 47.12660605530256 ], [ 28.703510882754841, 47.126610650615085 ], [ 28.703511313617536, 47.126624142487053 ], [ 28.70350486783072, 47.126628737799265 ], [ 28.703505298692168, 47.126642229671234 ], [ 28.70349885290268, 47.126646824983133 ], [ 28.703499283762881, 47.126660316855087 ], [ 28.703492837970725, 47.126664912166667 ], [ 28.703493268829671, 47.126678404038636 ], [ 28.703486823034847, 47.126682999349896 ], [ 28.703487541131182, 47.126705485803143 ], [ 28.703481095332648, 47.126710081114112 ], [ 28.703481669808266, 47.126728070276691 ], [ 28.7034687782037, 47.126737260897656 ], [ 28.703470214384762, 47.126782233804065 ], [ 28.703463768575613, 47.126786829114138 ], [ 28.703464486664835, 47.126809315567257 ], [ 28.703458040851977, 47.126813910877026 ], [ 28.703458758939473, 47.126836397330102 ], [ 28.703452313122906, 47.126840992639572 ], [ 28.703453031208664, 47.126863479092606 ], [ 28.703446585388381, 47.126868074401798 ], [ 28.703447303472409, 47.126890560854797 ], [ 28.703440857648417, 47.126895156163691 ], [ 28.703441575730707, 47.126917642616654 ], [ 28.703435129903003, 47.126922237925243 ], [ 28.703435847983563, 47.126944724378149 ], [ 28.70342940215215, 47.126949319686446 ], [ 28.703430120230969, 47.126971806139331 ], [ 28.703423674395847, 47.126976401447344 ], [ 28.703423818011196, 47.126980898737912 ], [ 28.703417372174439, 47.126985494045577 ], [ 28.703410926336577, 47.126990089352887 ], [ 28.7034044804976, 47.126994684659849 ], [ 28.70339158881632, 47.127003875272706 ], [ 28.703394748305531, 47.12710281566563 ], [ 28.703343181444463, 47.127139578105016 ], [ 28.703336591973006, 47.127139676117707 ], [ 28.703323700245459, 47.127148866723289 ], [ 28.703317110772794, 47.127148964734872 ], [ 28.703310521300086, 47.127149062746085 ], [ 28.703198500258804, 47.127150728878554 ], [ 28.703165122108611, 47.127137727023531 ], [ 28.703151943164904, 47.127137923028044 ], [ 28.703118565033787, 47.127124921159179 ], [ 28.703105386092922, 47.127125117158279 ], [ 28.703032040417426, 47.127099211377988 ], [ 28.70301886148232, 47.127099407367062 ], [ 28.703012415596003, 47.127104002652466 ], [ 28.703012559177331, 47.127108499943901 ], [ 28.702987206356838, 47.12714037295649 ], [ 28.702987493515632, 47.12714936753941 ], [ 28.702981047620653, 47.12715396282313 ], [ 28.70298119119958, 47.1271584601146 ], [ 28.70294323368282, 47.127208518267203 ], [ 28.702943520834893, 47.12721751285023 ], [ 28.702937074927977, 47.127222108131569 ], [ 28.702937218503546, 47.12722660542309 ], [ 28.702899260898377, 47.127276663561702 ], [ 28.702899548043721, 47.127285658144821 ], [ 28.702893102124872, 47.127290253423794 ], [ 28.702893245697076, 47.127294750715357 ], [ 28.702855288003501, 47.127344808839965 ], [ 28.702855575142113, 47.12735380342319 ], [ 28.702830222114287, 47.127385676402405 ], [ 28.70283050924909, 47.12739467098568 ], [ 28.702824063311269, 47.127399266260923 ], [ 28.702824350445166, 47.127408260844199 ], [ 28.702817904505199, 47.127412856119122 ], [ 28.702812032828174, 47.127435440560284 ], [ 28.702805443318358, 47.127435538542883 ], [ 28.702805586883901, 47.127440035834546 ], [ 28.702805730449484, 47.127444533126209 ], [ 28.70279928450358, 47.127449128400116 ], [ 28.702793412815073, 47.127471712840354 ], [ 28.702780664477238, 47.127485400678196 ], [ 28.702774792777245, 47.127507985117489 ], [ 28.702762044426162, 47.12752167295335 ], [ 28.702762331550829, 47.127530667536718 ], [ 28.702755885590921, 47.127535262808308 ], [ 28.702750013875498, 47.127557847246351 ], [ 28.702737265506411, 47.127571535079575 ], [ 28.702737552627404, 47.127580529662985 ], [ 28.70273110665941, 47.127585124933248 ], [ 28.702725234928558, 47.127607709370032 ], [ 28.702712486541465, 47.127621397200613 ], [ 28.702706614799123, 47.127643981636453 ], [ 28.702693866398789, 47.127657669465059 ], [ 28.702694153513331, 47.127666664048533 ], [ 28.702687707531325, 47.127671259316479 ], [ 28.702687994644965, 47.127680253899968 ], [ 28.702681548660813, 47.127684849167558 ], [ 28.702682122886433, 47.127702838334535 ], [ 28.702662928475995, 47.127721121427136 ], [ 28.702663215585957, 47.127730116010675 ], [ 28.702656769593723, 47.127734711276943 ], [ 28.702657056702787, 47.127743705860489 ], [ 28.702644308266446, 47.127757393683808 ], [ 28.702638436481756, 47.127779978116209 ], [ 28.702600191113536, 47.127821041576105 ], [ 28.70260133951593, 47.127857019910671 ], [ 28.702594893503232, 47.127861615173622 ], [ 28.702589021687292, 47.127884199603521 ], [ 28.702576273200695, 47.127897887419593 ], [ 28.702576560297821, 47.127906882003245 ], [ 28.702570114277041, 47.127911477264888 ], [ 28.702570401373272, 47.127920471848547 ], [ 28.702563955350339, 47.127925067109842 ], [ 28.702564242445664, 47.127934061693509 ], [ 28.702557796420585, 47.127938656954484 ], [ 28.702558083515008, 47.12794765153815 ], [ 28.70255163748778, 47.127952246798799 ], [ 28.7025519245813, 47.127961241382479 ], [ 28.702545478551915, 47.127965836642801 ], [ 28.702545765644537, 47.127974831226474 ], [ 28.702539319613003, 47.127979426486476 ], [ 28.702533447761859, 47.128002010913519 ], [ 28.70251410965103, 47.128015796690427 ], [ 28.702514253194927, 47.128020293982324 ], [ 28.70248861257139, 47.128043172305254 ], [ 28.702490191534061, 47.128092642516144 ], [ 28.70248374548369, 47.128097237773162 ], [ 28.702477873597338, 47.128119822197384 ], [ 28.702458535430008, 47.128133607965381 ], [ 28.702458678969816, 47.128138105257293 ], [ 28.702439484329215, 47.128156388314096 ], [ 28.702433325342472, 47.128169978152272 ], [ 28.702420433212328, 47.128179168659777 ], [ 28.702420576749152, 47.128183665951745 ], [ 28.702407684613526, 47.128192856457865 ], [ 28.702401525614679, 47.128206446294406 ], [ 28.702388633470317, 47.128215636798458 ], [ 28.70238978174589, 47.128251615134488 ], [ 28.702357551344747, 47.128274591388909 ], [ 28.702357694876749, 47.128279088680955 ], [ 28.702351248792667, 47.128283683930803 ], [ 28.702351392324186, 47.12828818122285 ], [ 28.702344946238473, 47.12829277647235 ], [ 28.702345089769508, 47.128297273764403 ], [ 28.702338643682168, 47.128301869013569 ], [ 28.702338787212714, 47.12830636630563 ], [ 28.702332341123743, 47.128310961554455 ], [ 28.702332484653798, 47.128315458846515 ], [ 28.702326038563204, 47.128320054095013 ], [ 28.702326182092776, 47.128324551387095 ], [ 28.70231973600055, 47.128329146635224 ], [ 28.702319879529632, 47.128333643927299 ], [ 28.702313433435769, 47.128338239175108 ], [ 28.702313576964375, 47.128342736467211 ], [ 28.702307130868885, 47.128347331714657 ], [ 28.702307274397, 47.12835182900676 ], [ 28.702281920580173, 47.128383701869538 ], [ 28.702282064106349, 47.128388199161677 ], [ 28.702282207632557, 47.128392696453808 ], [ 28.7022823511588, 47.128397193745933 ], [ 28.702282494685079, 47.128401691038043 ], [ 28.702289227842872, 47.128406090376124 ], [ 28.702295961001774, 47.128410489713772 ], [ 28.702302694161787, 47.128414889051022 ], [ 28.702309283794271, 47.128414791095807 ], [ 28.702316016955912, 47.128419190432233 ], [ 28.702309427322906, 47.128419288387839 ], [ 28.702302694161787, 47.128414889051022 ], [ 28.702295961001774, 47.128410489713772 ], [ 28.702289227842872, 47.128406090376124 ], [ 28.702282494685079, 47.128401691038043 ], [ 28.7022823511588, 47.128397193745933 ], [ 28.702282207632557, 47.128392696453808 ], [ 28.702282064106349, 47.128388199161677 ], [ 28.702281920580173, 47.128383701869538 ], [ 28.702281490001859, 47.128370209993115 ], [ 28.702307274397, 47.12835182900676 ], [ 28.702307130868885, 47.128347331714657 ], [ 28.702313576964375, 47.128342736467211 ], [ 28.702313433435769, 47.128338239175108 ], [ 28.702319879529632, 47.128333643927299 ], [ 28.70231973600055, 47.128329146635224 ], [ 28.702319592471493, 47.128324649343135 ], [ 28.702338643682168, 47.128301869013569 ], [ 28.70233835662118, 47.12829287442942 ], [ 28.70236371036226, 47.128261001554655 ], [ 28.702363423297452, 47.12825200697057 ], [ 28.702382474464116, 47.128229226634005 ], [ 28.70238218739647, 47.128220232049955 ], [ 28.702388633470317, 47.128215636798458 ], [ 28.702388489936027, 47.128211139506426 ], [ 28.702407541077747, 47.128188359165875 ], [ 28.702407254006289, 47.128179364581875 ], [ 28.702420002602068, 47.128165676783844 ], [ 28.702419141382482, 47.128138693031858 ], [ 28.702438479561984, 47.128124907270383 ], [ 28.702438336023945, 47.128120409978408 ], [ 28.702444782081042, 47.128115814723884 ], [ 28.702444495004027, 47.128106820139948 ], [ 28.702457243573313, 47.128093132337952 ], [ 28.70245695649443, 47.128084137754023 ], [ 28.702463402545597, 47.128079542498504 ], [ 28.702463115465811, 47.128070547914596 ], [ 28.702469561514818, 47.128065952658744 ], [ 28.702469274434129, 47.128056958074843 ], [ 28.702475720480994, 47.128052362818664 ], [ 28.702475433399403, 47.128043368234771 ], [ 28.702481879444118, 47.128038772978272 ], [ 28.702481592361622, 47.128029778394378 ], [ 28.702488038404187, 47.128025183137538 ], [ 28.702487751320792, 47.128016188553651 ], [ 28.702494197361201, 47.128011593296492 ], [ 28.702493910276907, 47.128002598712612 ], [ 28.70250035631517, 47.127998003455126 ], [ 28.702506228179978, 47.127975419029568 ], [ 28.702518976702748, 47.127961731220992 ], [ 28.702518689614777, 47.127952736637162 ], [ 28.702525135644958, 47.127948141378347 ], [ 28.702524848556081, 47.12793914679451 ], [ 28.702531294584112, 47.127934551535354 ], [ 28.70253100749434, 47.127925556951531 ], [ 28.702537453520218, 47.127920961692048 ], [ 28.702537166429536, 47.127911967108233 ], [ 28.702543612453265, 47.127907371848423 ], [ 28.702543325361685, 47.127898377264614 ], [ 28.702549771383257, 47.127893782004477 ], [ 28.702549484290778, 47.127884787420676 ], [ 28.702555930310204, 47.127880192160205 ], [ 28.702555643216819, 47.127871197576418 ], [ 28.7025620892341, 47.127866602315621 ], [ 28.702567961059753, 47.127844017886922 ], [ 28.702580709536015, 47.127830330071788 ], [ 28.702580422438952, 47.127821335488029 ], [ 28.702586868448144, 47.127816740225903 ], [ 28.702586581350186, 47.127807745642158 ], [ 28.702593027357231, 47.127803150379698 ], [ 28.70259889916349, 47.127780565949443 ], [ 28.702611647617001, 47.127766878131013 ], [ 28.702611360515359, 47.127757883547289 ], [ 28.702604627414821, 47.127753484226979 ], [ 28.70259803786502, 47.127753582198146 ], [ 28.702591448315186, 47.127753680168944 ], [ 28.702584715216805, 47.127749280847418 ], [ 28.702578269215412, 47.127753876109374 ], [ 28.702571823212907, 47.127758471370974 ], [ 28.7025653772093, 47.127763066632234 ], [ 28.702558931204578, 47.127767661893131 ], [ 28.70255921829748, 47.12777665647706 ], [ 28.702546326282622, 47.12778584699786 ], [ 28.702546469828082, 47.127790344289849 ], [ 28.702546469828082, 47.127790344289849 ], [ 28.702546326282622, 47.12778584699786 ], [ 28.702546039191805, 47.127776852413874 ], [ 28.702552485198748, 47.12777225715368 ], [ 28.702558931204578, 47.127767661893131 ], [ 28.7025653772093, 47.127763066632234 ], [ 28.702571823212907, 47.127758471370974 ], [ 28.702578269215412, 47.127753876109374 ], [ 28.702584715216805, 47.127749280847418 ], [ 28.702591448315186, 47.127753680168944 ], [ 28.70259803786502, 47.127753582198146 ], [ 28.702604627414821, 47.127753484226979 ], [ 28.702611360515359, 47.127757883547289 ], [ 28.702617806514326, 47.127753288283508 ], [ 28.702617519411781, 47.127744293699806 ], [ 28.702623965408595, 47.12773969843569 ], [ 28.702623821856854, 47.127735201143842 ], [ 28.702636713846108, 47.12772601061458 ], [ 28.702636570293372, 47.127721513322754 ], [ 28.702649462277147, 47.1277123227921 ], [ 28.702655621158861, 47.127698732942648 ], [ 28.702668513133897, 47.127689542409932 ], [ 28.702667077583037, 47.127644569491949 ], [ 28.702673523563689, 47.127639974225175 ], [ 28.702679682431388, 47.127626384374445 ], [ 28.702692574385058, 47.127617193839185 ], [ 28.702692430828151, 47.127612696547409 ], [ 28.702705322776346, 47.127603506010772 ], [ 28.702705179218434, 47.127599008719002 ], [ 28.702718071161144, 47.127589818180979 ], [ 28.702717927602222, 47.127585320889224 ], [ 28.702730819539454, 47.127576130349809 ], [ 28.702730675979534, 47.127571633058082 ], [ 28.702743424350352, 47.127557945225568 ], [ 28.702741845182402, 47.127508475016548 ], [ 28.70274829114037, 47.127503879745767 ], [ 28.702748147579339, 47.127499382454026 ], [ 28.702767485445023, 47.127485596639559 ], [ 28.702767341882463, 47.127481099347854 ], [ 28.702780233786324, 47.127471908803145 ], [ 28.70278009022276, 47.127467411511446 ], [ 28.702792982121146, 47.127458220965359 ], [ 28.702805443318358, 47.127435538542883 ], [ 28.702812032828174, 47.127435440560284 ], [ 28.702810022906426, 47.127372478476879 ], [ 28.702829360710719, 47.127358692652486 ], [ 28.702829217143577, 47.127354195360816 ], [ 28.702842109006522, 47.127345004809484 ], [ 28.702854570157569, 47.127322322381843 ], [ 28.702873764361673, 47.12730403925859 ], [ 28.702872472227448, 47.127263563633996 ], [ 28.702923608813052, 47.127213309526994 ], [ 28.702922747367442, 47.127186325777572 ], [ 28.70292919327138, 47.127181730497043 ], [ 28.702929049696714, 47.127177233205472 ], [ 28.702960704888405, 47.127136267631521 ], [ 28.70296041773425, 47.127127273048451 ], [ 28.702992072873016, 47.127086307466179 ], [ 28.702991642134656, 47.127072815591667 ], [ 28.702984909091413, 47.127068416292509 ], [ 28.702938782843418, 47.127069102228312 ], [ 28.702925316767544, 47.127060303623217 ], [ 28.70291872730445, 47.127060401611743 ], [ 28.702911994268693, 47.12705600230818 ], [ 28.702905404806085, 47.127056100295931 ], [ 28.702898671771962, 47.127051700991565 ], [ 28.702852114833789, 47.127038895016888 ], [ 28.702838648779693, 47.127030096401278 ], [ 28.702792091874251, 47.127017290401724 ], [ 28.702731494734454, 47.126977696585655 ], [ 28.702685368558811, 47.126978382418415 ], [ 28.70267863555247, 47.12697398310069 ], [ 28.702672046099192, 47.126974081074891 ], [ 28.702665313094478, 47.126969681756371 ], [ 28.702658723641679, 47.126969779729791 ], [ 28.702651990638596, 47.126965380410454 ], [ 28.702605433832801, 47.126952574333572 ], [ 28.702591967840785, 47.126943775688012 ], [ 28.702545411067732, 47.126930969586255 ], [ 28.702531945090975, 47.126922170933405 ], [ 28.702485388350663, 47.126909364806764 ], [ 28.702471922389165, 47.126900566146638 ], [ 28.702425365681595, 47.126887759995107 ], [ 28.70241189973536, 47.126878961327691 ], [ 28.702365343060528, 47.126866155151291 ], [ 28.702351877129551, 47.12685735647657 ], [ 28.702305320487461, 47.126844550275294 ], [ 28.702291854571744, 47.126835751593312 ], [ 28.702245297962389, 47.126822945367152 ], [ 28.702231832061933, 47.126814146677873 ], [ 28.702225242626859, 47.126814244626118 ], [ 28.702218509678818, 47.126809845280462 ], [ 28.702205330809612, 47.126810041175027 ], [ 28.70219859786372, 47.126805641828177 ], [ 28.702185418995413, 47.12680583772044 ], [ 28.702178686051671, 47.126801438372382 ], [ 28.702165507184272, 47.126801634262343 ], [ 28.70215877424268, 47.126797234913084 ], [ 28.702152041302192, 47.126792835563407 ], [ 28.70214530836282, 47.126788436213317 ], [ 28.702138575424563, 47.126784036862823 ], [ 28.702131842487411, 47.126779637511909 ], [ 28.702125109551364, 47.126775238160576 ], [ 28.702118376616433, 47.126770838808845 ], [ 28.702111643682613, 47.126766439456688 ], [ 28.702104910749895, 47.126762040104119 ], [ 28.702104767246809, 47.126757542810289 ], [ 28.702104623743757, 47.126753045516452 ], [ 28.702104480240738, 47.126748548222615 ], [ 28.702097890813334, 47.126748646163442 ], [ 28.702091301385888, 47.126748744103878 ], [ 28.702084711958417, 47.126748842043938 ], [ 28.702078266031702, 47.126753437277522 ], [ 28.702078409532533, 47.126757934571415 ], [ 28.702071820103878, 47.126758032510736 ], [ 28.702012515244419, 47.12675891394769 ], [ 28.701992316476563, 47.126745715870896 ], [ 28.701939601056061, 47.126746499335177 ], [ 28.701926135224696, 47.126737700608942 ], [ 28.701919545798013, 47.126737798539487 ], [ 28.701912812884515, 47.126733399175343 ], [ 28.70190607997213, 47.126728999810801 ], [ 28.701899347060845, 47.12672460044584 ], [ 28.70189261415068, 47.126720201080467 ], [ 28.701885881241616, 47.126715801714688 ], [ 28.701879148333663, 47.126711402348477 ], [ 28.701872415426827, 47.126707002981867 ], [ 28.701865682521092, 47.126702603614845 ], [ 28.701858949616469, 47.126698204247404 ], [ 28.701852216712961, 47.126693804879537 ], [ 28.701845483810558, 47.126689405511272 ], [ 28.701838750909264, 47.126685006142594 ], [ 28.701832018009085, 47.126680606773498 ], [ 28.701825285110015, 47.126676207403989 ], [ 28.701818552212053, 47.126671808034068 ], [ 28.7018118193152, 47.126667408663742 ], [ 28.701805086419458, 47.12666300929299 ], [ 28.701798353524822, 47.126658609921812 ], [ 28.701791620631301, 47.126654210550242 ], [ 28.701791477155162, 47.126649713255603 ], [ 28.701784887738889, 47.126649811178268 ], [ 28.70177829832258, 47.126649909100543 ], [ 28.701771708906239, 47.126650007022441 ], [ 28.70176511948986, 47.126650104943963 ], [ 28.701758673546816, 47.126654700159825 ], [ 28.70175881702022, 47.126659197454536 ], [ 28.701739479182859, 47.126672983100057 ], [ 28.701739622654735, 47.126677480394797 ], [ 28.70172673075658, 47.126686670823418 ], [ 28.701726874227447, 47.126691168118178 ], [ 28.701713982323806, 47.126700358545413 ], [ 28.701714125793671, 47.126704855840188 ], [ 28.701707679839668, 47.126709451053294 ], [ 28.701701233884556, 47.126714046266024 ], [ 28.701694787928329, 47.126718641478419 ], [ 28.701688341970996, 47.126723236690459 ], [ 28.701681896012552, 47.126727831902137 ], [ 28.701675450052999, 47.126732427113467 ], [ 28.701669004092334, 47.126737022324455 ], [ 28.701662558130565, 47.126741617535082 ], [ 28.701656112167679, 47.12674621274536 ], [ 28.701649666203686, 47.126750807955283 ], [ 28.70164322023858, 47.126755403164857 ], [ 28.70164322023858, 47.126755403164857 ], [ 28.701643363702761, 47.126759900459767 ], [ 28.701643650631208, 47.126768895049572 ], [ 28.701624312724565, 47.126782680676271 ], [ 28.701624743112824, 47.126796172561065 ], [ 28.701618297140161, 47.126800767769289 ], [ 28.701612138089985, 47.126814357567049 ], [ 28.701586497639401, 47.126837235690125 ], [ 28.701580338577124, 47.126850825486251 ], [ 28.701554698095606, 47.12687370360247 ], [ 28.701548539021221, 47.126887293396955 ], [ 28.701535647039822, 47.126896483804792 ], [ 28.701535790495637, 47.126900981099844 ], [ 28.70152289850876, 47.126910171506303 ], [ 28.701523041963572, 47.126914668801376 ], [ 28.70151014997122, 47.12692385920645 ], [ 28.701510293425024, 47.126928356501537 ], [ 28.701471904319668, 47.126964922298662 ], [ 28.701465745214172, 47.126978512088897 ], [ 28.701452853196642, 47.126987702487746 ], [ 28.70145299664593, 47.126992199782926 ], [ 28.701440104622918, 47.127001390180382 ], [ 28.701440248071208, 47.127005887475569 ], [ 28.701427356042718, 47.12701507787164 ], [ 28.701427499489995, 47.127019575166855 ], [ 28.701414607456023, 47.127028765561541 ], [ 28.701414750902302, 47.127033262856777 ], [ 28.701401858862848, 47.127042453250084 ], [ 28.701402002308122, 47.127046950545314 ], [ 28.70138911026319, 47.127056140937235 ], [ 28.70138925370745, 47.127060638232507 ], [ 28.701376361657037, 47.127069828623029 ], [ 28.701376505100299, 47.127074325918308 ], [ 28.701363613044407, 47.127083516307465 ], [ 28.701363756486661, 47.127088013602773 ], [ 28.70135086442529, 47.12709720399053 ], [ 28.701351007866531, 47.127101701285838 ], [ 28.701338115799683, 47.127110891672217 ], [ 28.701338259239918, 47.127115388967567 ], [ 28.701325367167591, 47.127124579352554 ], [ 28.701325510606829, 47.127129076647918 ], [ 28.701312618529013, 47.127138267031519 ], [ 28.701312761967245, 47.127142764326891 ], [ 28.70129986988395, 47.127151954709113 ], [ 28.701300013321177, 47.127156452004513 ], [ 28.701280675186354, 47.127170237575228 ], [ 28.701280818622049, 47.127174734870657 ], [ 28.701267926525585, 47.127183925249398 ], [ 28.701268069960275, 47.127188422544847 ], [ 28.701255177858318, 47.127197612922203 ], [ 28.701255321292003, 47.127202110217674 ], [ 28.701248875238846, 47.127206705405833 ], [ 28.701242429184578, 47.12721130059365 ], [ 28.701235983129198, 47.127215895781099 ], [ 28.70122953707271, 47.127220490968199 ], [ 28.701229823936018, 47.127229485559212 ], [ 28.70122337787738, 47.127234080745986 ], [ 28.701223521308563, 47.127238578041506 ], [ 28.701185131786538, 47.127275143745969 ], [ 28.701178972573899, 47.127288733521468 ], [ 28.701140582985762, 47.127325299211556 ], [ 28.701134423756269, 47.127338888984767 ], [ 28.70112153159522, 47.127348079347605 ], [ 28.701121675018396, 47.127352576643268 ], [ 28.701108782851865, 47.127361767004714 ], [ 28.701108926274035, 47.127366264300399 ], [ 28.701096034102026, 47.127375454660459 ], [ 28.701096177523183, 47.127379951956158 ], [ 28.701076839255286, 47.127393737493655 ], [ 28.701076982674927, 47.127398234789375 ], [ 28.701051198300107, 47.127416615501147 ], [ 28.701051341717697, 47.127421112796931 ], [ 28.701038449522585, 47.127430303150717 ], [ 28.701038592939174, 47.127434800446494 ], [ 28.701038736355791, 47.127439297742292 ], [ 28.701038879772444, 47.127443795038076 ], [ 28.701039023189132, 47.127448292333852 ], [ 28.701045612706569, 47.127448194452839 ], [ 28.701052202223963, 47.127448096571456 ], [ 28.701058791741328, 47.127447998689696 ], [ 28.701058648322974, 47.127443501393962 ], [ 28.701065237839749, 47.12744340351184 ], [ 28.70106509442088, 47.127438906216128 ], [ 28.701090878801384, 47.127420525501215 ], [ 28.701090735380461, 47.127416028205523 ], [ 28.701110073652629, 47.127402242665696 ], [ 28.701109930230185, 47.12739774537004 ], [ 28.701122822405036, 47.127388555008402 ], [ 28.701122678981587, 47.127384057712781 ], [ 28.701135571150964, 47.127374867349751 ], [ 28.701135427726502, 47.127370370054145 ], [ 28.701173817349815, 47.127333804365605 ], [ 28.701179976568657, 47.127320214590405 ], [ 28.701205617422598, 47.127297336554996 ], [ 28.701211776629343, 47.127283746778168 ], [ 28.701224668759313, 47.127274556405453 ], [ 28.701224525327849, 47.127270059109975 ], [ 28.701237417452344, 47.127260868735895 ], [ 28.701237274019878, 47.127256371440424 ], [ 28.701250166138891, 47.127247181064966 ], [ 28.701250022705416, 47.127242683769516 ], [ 28.701262914818948, 47.127233493392659 ], [ 28.701262771384467, 47.127228996097244 ], [ 28.70127566349252, 47.127219805718994 ], [ 28.701275520057031, 47.127215308423594 ], [ 28.701288412159609, 47.127206118043958 ], [ 28.701288268723111, 47.127201620748572 ], [ 28.701301160820204, 47.127192430367572 ], [ 28.701301017382704, 47.127187933072186 ], [ 28.701313909474322, 47.1271787426898 ], [ 28.701313766035817, 47.12717424539445 ], [ 28.701320212079441, 47.127169650202717 ], [ 28.701326658121957, 47.12716505501065 ], [ 28.701333104163357, 47.127160459818242 ], [ 28.701339550203649, 47.127155864625465 ], [ 28.701345996242836, 47.127151269432332 ], [ 28.701352442280911, 47.127146674238858 ], [ 28.70135888831787, 47.127142079045029 ], [ 28.701365334353724, 47.127137483850845 ], [ 28.70137178038847, 47.127132888656313 ], [ 28.70137178038847, 47.127132888656313 ], [ 28.701365334353724, 47.127137483850845 ], [ 28.701365477796397, 47.127141981146103 ], [ 28.701352585722532, 47.127151171534138 ], [ 28.701352729164199, 47.127155668829417 ], [ 28.701326945001082, 47.127174049601308 ], [ 28.701327088440699, 47.127178546896616 ], [ 28.701301447695311, 47.12720142495828 ], [ 28.701295288520484, 47.127215014739718 ], [ 28.701275950363598, 47.127228800309787 ], [ 28.701276093799191, 47.127233297605187 ], [ 28.701263201688015, 47.127242487983509 ], [ 28.701263345122602, 47.127246985278916 ], [ 28.701250453005947, 47.127256175655837 ], [ 28.701250596439529, 47.127260672951266 ], [ 28.701237704317393, 47.127269863326809 ], [ 28.701237847749965, 47.127274360622259 ], [ 28.701199458212809, 47.127310926331511 ], [ 28.701193298999964, 47.127324516107713 ], [ 28.701154909396699, 47.127361081802583 ], [ 28.701155196248838, 47.127370076393717 ], [ 28.701123109252048, 47.12739754959965 ], [ 28.7011232526756, 47.12740204689527 ], [ 28.701065237839749, 47.12744340351184 ], [ 28.701058648322974, 47.127443501393962 ], [ 28.701058791741328, 47.127447998689696 ], [ 28.701052202223963, 47.127448096571456 ], [ 28.701045612706569, 47.127448194452839 ], [ 28.701039023189132, 47.127448292333852 ], [ 28.701038879772444, 47.127443795038076 ], [ 28.701038736355791, 47.127439297742292 ], [ 28.701038592939174, 47.127434800446494 ], [ 28.701038449522585, 47.127430303150717 ], [ 28.701038306106039, 47.127425805854926 ], [ 28.701044752203625, 47.127421210678222 ], [ 28.701044608786589, 47.127416713382424 ], [ 28.701057500977402, 47.127407523027983 ], [ 28.70105735755936, 47.127403025732207 ], [ 28.701070249744689, 47.127393835376367 ], [ 28.701070106325641, 47.127389338080633 ], [ 28.701089444593741, 47.127375552544258 ], [ 28.701089301173173, 47.127371055248538 ], [ 28.70110863942973, 47.127357269709037 ], [ 28.701108496007631, 47.127352772413346 ], [ 28.701146885637318, 47.12731620673366 ], [ 28.701153044861158, 47.127302616959803 ], [ 28.701165937005904, 47.127293426593553 ], [ 28.7011657935793, 47.127288929297947 ], [ 28.701178685718567, 47.127279738930319 ], [ 28.70117854229095, 47.127275241634727 ], [ 28.701216931817626, 47.127238675932418 ], [ 28.701223091015105, 47.127225086154958 ], [ 28.70122953707271, 47.127220490968199 ], [ 28.701235983129198, 47.127215895781099 ], [ 28.70123583969707, 47.127211398485599 ], [ 28.701248731805677, 47.127202208110361 ], [ 28.701248588372547, 47.127197710814876 ], [ 28.701286977796219, 47.127161145089921 ], [ 28.701293136967337, 47.127147555308859 ], [ 28.701318777691078, 47.127124677249149 ], [ 28.701318634252434, 47.127120179953771 ], [ 28.701325080289223, 47.127115584761825 ], [ 28.701331239445633, 47.127101994978794 ], [ 28.701344131511583, 47.127092804593197 ], [ 28.701350290660642, 47.1270792148092 ], [ 28.701382377351671, 47.127051741542104 ], [ 28.701388536486473, 47.127038151756132 ], [ 28.701401428527248, 47.12702896136431 ], [ 28.701401285082113, 47.127024464069052 ], [ 28.701414177117403, 47.127015273675845 ], [ 28.701414033671263, 47.127010776380594 ], [ 28.701426925701075, 47.127001585986001 ], [ 28.701426782253929, 47.126997088690771 ], [ 28.701439674278266, 47.126987898294786 ], [ 28.701439530830111, 47.126983400999585 ], [ 28.701452422848963, 47.126974210602214 ], [ 28.701452279399806, 47.126969713307034 ], [ 28.701490668522155, 47.12693314751629 ], [ 28.701496827616346, 47.126919557724754 ], [ 28.701509719610016, 47.126910367321173 ], [ 28.701509576156351, 47.126905870026057 ], [ 28.701522468144542, 47.126896679621076 ], [ 28.701522324689872, 47.126892182325996 ], [ 28.701535216672589, 47.126882991919622 ], [ 28.701535073216906, 47.126878494624556 ], [ 28.701547965194145, 47.126869304216804 ], [ 28.701547821737456, 47.126864806921773 ], [ 28.701560713709213, 47.126855616512621 ], [ 28.701560570251523, 47.126851119217598 ], [ 28.701573462217798, 47.126841928807082 ], [ 28.701573318759102, 47.126837431512065 ], [ 28.701605405191504, 47.126809958184701 ], [ 28.701605261730275, 47.126805460889742 ], [ 28.701611707704643, 47.12680086568222 ], [ 28.701611420781251, 47.126791871092315 ], [ 28.701630615231355, 47.126773588172803 ], [ 28.701630471768187, 47.126769090877879 ], [ 28.701643363702761, 47.126759900459767 ], [ 28.70164322023858, 47.126755403164857 ], [ 28.701649666203686, 47.126750807955283 ], [ 28.701656112167679, 47.12674621274536 ], [ 28.701662558130565, 47.126741617535082 ], [ 28.701669004092334, 47.126737022324455 ], [ 28.701675450052999, 47.126732427113467 ], [ 28.701675306586257, 47.126727929818621 ], [ 28.701688198503213, 47.126718739395628 ], [ 28.701688055035465, 47.126714242100789 ], [ 28.701700946946939, 47.126705051676403 ], [ 28.701700803478186, 47.126700554381593 ], [ 28.701713695384186, 47.126691363955814 ], [ 28.701713551914427, 47.126686866661018 ], [ 28.70171999786524, 47.126682271447628 ], [ 28.701726443814945, 47.126677676233868 ], [ 28.701732889763537, 47.126673081019774 ], [ 28.701739335711022, 47.126668485805311 ], [ 28.701745781657401, 47.1266638905905 ], [ 28.701752227602658, 47.126659295375333 ], [ 28.701758673546816, 47.126654700159825 ], [ 28.70176511948986, 47.126650104943963 ], [ 28.701771708906239, 47.126650007022441 ], [ 28.70177829832258, 47.126649909100543 ], [ 28.701784887738889, 47.126649811178268 ], [ 28.701791477155162, 47.126649713255603 ], [ 28.701791620631301, 47.126654210550242 ], [ 28.701798353524822, 47.126658609921812 ], [ 28.701805086419458, 47.12666300929299 ], [ 28.701811675837291, 47.126662911369145 ], [ 28.701831874529407, 47.126676109478964 ], [ 28.701838463948771, 47.126676011553556 ], [ 28.701858662652437, 47.12668920965848 ], [ 28.701865252073318, 47.126689111731515 ], [ 28.701885450788538, 47.126702309831536 ], [ 28.701892040210947, 47.126702211903016 ], [ 28.701939027099964, 47.126728510158244 ], [ 28.701972117718686, 47.126732517790373 ], [ 28.701992172983044, 47.126741218576782 ], [ 28.702005351836718, 47.126741022706959 ], [ 28.702012084758678, 47.126745422065525 ], [ 28.702025263613248, 47.1267452261934 ], [ 28.702031996537357, 47.126749625550787 ], [ 28.702045175392829, 47.126749429676337 ], [ 28.702051908319092, 47.126753829032509 ], [ 28.702065087175466, 47.126753633155772 ], [ 28.702071820103878, 47.126758032510736 ], [ 28.702078409532533, 47.126757934571415 ], [ 28.702078266031702, 47.126753437277522 ], [ 28.702084711958417, 47.126748842043938 ], [ 28.702091301385888, 47.126748744103878 ], [ 28.702097890813334, 47.126748646163442 ], [ 28.702104480240738, 47.126748548222615 ], [ 28.702104623743757, 47.126753045516452 ], [ 28.702104767246809, 47.126757542810289 ], [ 28.702104910749895, 47.126762040104119 ], [ 28.702111643682613, 47.126766439456688 ], [ 28.702124822541691, 47.126766243573044 ], [ 28.702131555476555, 47.126770642924392 ], [ 28.702144734336535, 47.126770447038446 ], [ 28.702151467273548, 47.126774846388606 ], [ 28.702164646134431, 47.126774650500337 ], [ 28.702171379073594, 47.126779049849311 ], [ 28.702184557935382, 47.126778853958747 ], [ 28.702204613251002, 47.126787554707207 ], [ 28.702217792114659, 47.126787358812791 ], [ 28.702224525059755, 47.126791758158532 ], [ 28.702237703924318, 47.126791562261815 ], [ 28.702244436871567, 47.126795961606376 ], [ 28.70225102630431, 47.126795863657051 ], [ 28.70226449220317, 47.126804662344114 ], [ 28.702311048800841, 47.126817468562656 ], [ 28.702324514714959, 47.126826267242429 ], [ 28.702371071345365, 47.126839073436088 ], [ 28.702384537274742, 47.126847872108598 ], [ 28.702431093937889, 47.126860678277374 ], [ 28.70244455988253, 47.126869476942574 ], [ 28.702491116578422, 47.126882283086481 ], [ 28.702504582538321, 47.126891081744404 ], [ 28.702551139266948, 47.126903887863428 ], [ 28.70256460524211, 47.126912686514061 ], [ 28.702611162003475, 47.126925492608208 ], [ 28.702624627993888, 47.126934291251544 ], [ 28.702631217442423, 47.126934193280135 ], [ 28.702637950439815, 47.126938592600801 ], [ 28.702684507240754, 47.126951398664545 ], [ 28.702697973249698, 47.126960197298978 ], [ 28.702704562701179, 47.126960099323306 ], [ 28.702711295707832, 47.126964498639516 ], [ 28.702717885159792, 47.12696440066307 ], [ 28.702724618168077, 47.126968799978471 ], [ 28.702771175015428, 47.126981606006325 ], [ 28.702784641046144, 47.126990404630227 ], [ 28.70279123050106, 47.126990306649532 ], [ 28.702797963518602, 47.126994705960477 ], [ 28.702804552974001, 47.126994607979007 ], [ 28.702811285993171, 47.126999007289136 ], [ 28.702857842886928, 47.127011813281079 ], [ 28.702871308939425, 47.127020611894473 ], [ 28.702877898397769, 47.127020513908732 ], [ 28.702884631426201, 47.12702491321442 ], [ 28.702891220885036, 47.127024815227905 ], [ 28.702897953915102, 47.12702921453279 ], [ 28.702944510855257, 47.127042020488808 ], [ 28.702957976929536, 47.127050819091707 ], [ 28.702964566391319, 47.127050721100929 ], [ 28.702971299430644, 47.127055120401359 ], [ 28.703017856410369, 47.127067926326987 ], [ 28.703031322503172, 47.127076724920961 ], [ 28.703037911967893, 47.127076626925934 ], [ 28.703111257614779, 47.127102532702928 ], [ 28.703124436550024, 47.12710233670321 ], [ 28.703171137201078, 47.127119639856531 ], [ 28.703184316140142, 47.127119443849871 ], [ 28.703191049206069, 47.127123843136978 ], [ 28.703197638676063, 47.127123745132693 ], [ 28.703217694283293, 47.127132445699438 ], [ 28.703230873225202, 47.127132249687378 ], [ 28.703237606296533, 47.127136648971664 ], [ 28.703277143124541, 47.127136060924045 ], [ 28.703310521300086, 47.127149062746085 ], [ 28.703317110772794, 47.127148964734872 ], [ 28.703323700245459, 47.127148866723289 ], [ 28.703369826553185, 47.127148180631615 ], [ 28.7033765596378, 47.127152579907552 ], [ 28.70338329272353, 47.127156979183077 ], [ 28.703390025810371, 47.12716137845819 ], [ 28.703396758898318, 47.127165777732884 ], [ 28.703403491987373, 47.127170177007166 ], [ 28.703410225077544, 47.127174576281043 ], [ 28.703416958168827, 47.127178975554493 ], [ 28.703423691261214, 47.127183374827545 ], [ 28.70343028073777, 47.127183276809774 ], [ 28.703437013831785, 47.127187676082016 ], [ 28.703443603308823, 47.127187578063463 ], [ 28.703450336404476, 47.127191977334888 ], [ 28.703456925881998, 47.127191879315575 ], [ 28.703463658979278, 47.127196278586204 ], [ 28.703470248457286, 47.127196180566116 ], [ 28.703476981556197, 47.127200579835936 ], [ 28.703483571034692, 47.127200481815073 ], [ 28.703490304135229, 47.127204881084069 ], [ 28.703536861365468, 47.127217686795078 ], [ 28.703550327580697, 47.127226485326212 ], [ 28.703556917062141, 47.127226387301093 ], [ 28.70356365017194, 47.127230786565647 ], [ 28.703570239653871, 47.127230688539747 ], [ 28.703576972765298, 47.127235087803498 ], [ 28.703583562247715, 47.127234989776831 ], [ 28.703590295360772, 47.127239389039765 ], [ 28.703596884843673, 47.127239291012323 ], [ 28.703603617958358, 47.127243690274462 ], [ 28.703610207441752, 47.127243592246252 ], [ 28.703616940558064, 47.127247991507573 ], [ 28.703623530041941, 47.127247893478582 ], [ 28.703630263159887, 47.127252292739094 ], [ 28.703636852644248, 47.127252194709342 ], [ 28.703643585763825, 47.127256593969051 ], [ 28.703650175248665, 47.127256495938511 ], [ 28.703656908369876, 47.127260895197416 ], [ 28.70366349785521, 47.127260797166116 ], [ 28.703670230978041, 47.127265196424197 ], [ 28.703676820463858, 47.127265098392122 ], [ 28.703683553588327, 47.127269497649401 ], [ 28.703690143074624, 47.127269399616559 ], [ 28.703696876200727, 47.127273798873034 ], [ 28.703703465687511, 47.12727370083941 ], [ 28.703710198815241, 47.127278100095083 ], [ 28.703716788302515, 47.127278002060685 ], [ 28.703723521431876, 47.12728240131554 ], [ 28.703770078783666, 47.127295206929958 ], [ 28.703783545056542, 47.127304005432812 ], [ 28.703790134546757, 47.127303907394143 ], [ 28.70379686768538, 47.127308306644565 ], [ 28.703803457176079, 47.127308208605129 ], [ 28.703810190316329, 47.127312607854734 ], [ 28.703816779807521, 47.12731250981453 ], [ 28.703890126146483, 47.127338415082569 ], [ 28.703896715640585, 47.127338317037712 ], [ 28.703903161477101, 47.127333721703323 ], [ 28.703903017819577, 47.127329224414147 ], [ 28.703909607312504, 47.127329126368586 ], [ 28.703916196805391, 47.127329028322634 ], [ 28.703922786298243, 47.127328930276306 ], [ 28.703929375791063, 47.127328832229594 ], [ 28.70392951945081, 47.12733332951872 ], [ 28.703929663110578, 47.127337826807825 ], [ 28.703929806770397, 47.127342324096929 ], [ 28.703923360935196, 47.127346919432803 ], [ 28.703930094090115, 47.127351318675132 ], [ 28.703936683585678, 47.127351220627979 ], [ 28.703943416742231, 47.127355619869498 ], [ 28.703950006238273, 47.127355521821556 ], [ 28.70395673939645, 47.127359921062279 ], [ 28.703963328892982, 47.12735982301357 ], [ 28.703970062052793, 47.12736422225349 ], [ 28.704016619532979, 47.127377027765796 ], [ 28.704030085866755, 47.127385826238744 ], [ 28.704036675366233, 47.127385728185772 ], [ 28.704043408535298, 47.127390127421229 ], [ 28.70404999803527, 47.12739002936749 ], [ 28.70405673120597, 47.127394428602145 ], [ 28.704063320706414, 47.127394330547617 ], [ 28.704070053878745, 47.127398729781468 ], [ 28.704076643379679, 47.12739863172618 ], [ 28.704083376553644, 47.127403030959208 ], [ 28.704089966055065, 47.127402932903152 ], [ 28.704096699230657, 47.12740733213537 ], [ 28.704103288732558, 47.127407234078539 ], [ 28.704110021909781, 47.127411633309968 ], [ 28.704116611412172, 47.127411535252357 ], [ 28.704123344591022, 47.127415934482968 ], [ 28.704129934093899, 47.127415836424589 ], [ 28.704136667274383, 47.127420235654391 ], [ 28.704183224841969, 47.127433041097717 ], [ 28.704196691217078, 47.127441839550443 ], [ 28.704203280722904, 47.127441741487807 ], [ 28.704236802996391, 47.127459240322132 ], [ 28.704256715207773, 47.127463443414314 ], [ 28.704270181602585, 47.127472241858101 ], [ 28.704276771111918, 47.127472143791181 ], [ 28.7042902375122, 47.127480942232545 ], [ 28.704296827022539, 47.127480844164459 ], [ 28.704310293428307, 47.127489642603365 ], [ 28.704316882939644, 47.127489544534114 ], [ 28.704330349350897, 47.127498342970569 ], [ 28.704336938863239, 47.127498244900153 ], [ 28.704350405279968, 47.127507043334184 ], [ 28.704356994793322, 47.127506945262596 ], [ 28.704370461215529, 47.127515743694168 ], [ 28.704377050729885, 47.127515645621429 ], [ 28.704430629061122, 47.127541844752486 ], [ 28.704450541317865, 47.127546047810327 ], [ 28.704484063736992, 47.127563546570066 ], [ 28.704503976005839, 47.127567749618436 ], [ 28.704517442467445, 47.127576548032131 ], [ 28.704524031988807, 47.127576449950837 ], [ 28.704537498455892, 47.127585248362074 ], [ 28.704544087978263, 47.1275851502796 ], [ 28.704725885732486, 47.127703928658974 ], [ 28.704726173190039, 47.127712923232885 ], [ 28.704732906456911, 47.127717322426292 ], [ 28.704739639724892, 47.127721721619288 ], [ 28.704746372993988, 47.127726120811865 ], [ 28.704753106264196, 47.127730520004036 ], [ 28.704759839535502, 47.127734919195788 ], [ 28.70476657280793, 47.127739318387128 ], [ 28.704773306081456, 47.127743717578056 ], [ 28.704780039356105, 47.127748116768579 ], [ 28.704786772631852, 47.127752515958676 ], [ 28.704793505908714, 47.127756915148368 ], [ 28.704800239186689, 47.12776131433764 ], [ 28.704806972465768, 47.1277657135265 ], [ 28.704807978617829, 47.127797194533436 ], [ 28.704717737148009, 47.127861529887049 ], [ 28.704717880876874, 47.127866027173901 ], [ 28.704718024605771, 47.127870524460754 ], [ 28.704718168334704, 47.127875021747592 ], [ 28.704718312063672, 47.127879519034423 ], [ 28.704718455792673, 47.127884016321261 ], [ 28.704722192758933, 47.128000945777622 ], [ 28.704709301070373, 47.128010136537497 ], [ 28.704705995315262, 47.127906698941096 ], [ 28.704712441148132, 47.127902103561595 ], [ 28.704712009962478, 47.127888611701081 ], [ 28.704718455792673, 47.127884016321261 ], [ 28.704718312063672, 47.127879519034423 ], [ 28.704718168334704, 47.127875021747592 ], [ 28.704718024605771, 47.127870524460754 ], [ 28.704717880876874, 47.127866027173901 ], [ 28.704717737148009, 47.127861529887049 ], [ 28.704717162232896, 47.127843540739612 ], [ 28.7047236080573, 47.127838945359542 ], [ 28.704723320598912, 47.127829950785816 ], [ 28.704729766421174, 47.127825355405413 ], [ 28.704729622691506, 47.127820858118568 ], [ 28.704806972465768, 47.1277657135265 ], [ 28.704766716540295, 47.127743815673959 ], [ 28.704760126999091, 47.127743913769493 ], [ 28.704760126999091, 47.127743913769493 ], [ 28.70475998326728, 47.12773941648264 ], [ 28.704759839535502, 47.127734919195788 ], [ 28.704759695803762, 47.127730421908929 ], [ 28.704725885732486, 47.127703928658974 ], [ 28.704706117123134, 47.127704222937183 ], [ 28.704658984305283, 47.127673428563185 ], [ 28.704639215706543, 47.127673722829705 ], [ 28.704571883219543, 47.127629730819898 ], [ 28.704532346052346, 47.127630319319053 ], [ 28.704518879574515, 47.127621520907397 ], [ 28.704512290047568, 47.127621618988464 ], [ 28.704451690956905, 47.127582026112002 ], [ 28.704438511912272, 47.127582222265929 ], [ 28.704404845794841, 47.127560226205041 ], [ 28.70437189819566, 47.127560716573363 ], [ 28.704324765696079, 47.127529922056951 ], [ 28.704291818114232, 47.127530412401988 ], [ 28.704251562575532, 47.127508514362475 ], [ 28.704231650347609, 47.127504311269625 ], [ 28.70421818395079, 47.127495512821383 ], [ 28.704211594438373, 47.127495610884957 ], [ 28.704158016258976, 47.127469411649216 ], [ 28.704151426749572, 47.1274695097093 ], [ 28.704144980918752, 47.127474105057502 ], [ 28.704145124597396, 47.127478602346002 ], [ 28.704125930773817, 47.127496885677047 ], [ 28.704126218128152, 47.127505880254084 ], [ 28.704113470128529, 47.127519568235947 ], [ 28.704113757480997, 47.127528562813012 ], [ 28.704101009472886, 47.127542250793546 ], [ 28.704101296823474, 47.127551245370633 ], [ 28.704094850978571, 47.127555840716127 ], [ 28.704094994653396, 47.12756033800467 ], [ 28.704088548806862, 47.127564933349838 ], [ 28.704088836155577, 47.127573927926939 ], [ 28.704082390306894, 47.127578523271765 ], [ 28.704082821328672, 47.127592015137431 ], [ 28.704089554527986, 47.127596414369641 ], [ 28.704096144053267, 47.127596316312925 ], [ 28.704096287728412, 47.12760081360144 ], [ 28.704096431403581, 47.127605310889955 ], [ 28.704096575078793, 47.127609808178462 ], [ 28.704096718754037, 47.127614305466956 ], [ 28.704097006104629, 47.12762330004395 ], [ 28.704084258070186, 47.127636988022751 ], [ 28.704084545418908, 47.127645982599766 ], [ 28.704071797375974, 47.127659670577231 ], [ 28.704072084722817, 47.127668665154268 ], [ 28.704059336671385, 47.12768235313041 ], [ 28.704059624016359, 47.127691347707476 ], [ 28.704046875956426, 47.127705035682283 ], [ 28.704047163299531, 47.127714030259369 ], [ 28.704034415231099, 47.127727718232855 ], [ 28.704034702572329, 47.127736712809948 ], [ 28.704021954495399, 47.127750400782105 ], [ 28.704022241834757, 47.127759395359242 ], [ 28.704009493749336, 47.127773083330062 ], [ 28.704009781086818, 47.127782077907213 ], [ 28.703997032992898, 47.127795765876705 ], [ 28.703997320328508, 47.127804760453884 ], [ 28.703978270005621, 47.127827541049932 ], [ 28.703978557338381, 47.127836535627139 ], [ 28.703965809223725, 47.127850223593299 ], [ 28.703966096554616, 47.127859218170528 ], [ 28.703953348431462, 47.127872906135359 ], [ 28.703953635760481, 47.12788190071263 ], [ 28.703940887628821, 47.127895588676132 ], [ 28.703941174955972, 47.127904583253411 ], [ 28.703922124574365, 47.127927363840492 ], [ 28.70392241189867, 47.127936358417813 ], [ 28.703909663746273, 47.12795004637799 ], [ 28.703909951068706, 47.127959040955332 ], [ 28.703897202907811, 47.127972728914166 ], [ 28.703897490228368, 47.12798172349153 ], [ 28.703878439801262, 47.128004504071669 ], [ 28.703878727118973, 47.128013498649061 ], [ 28.70386597893734, 47.128027186604577 ], [ 28.703866266253179, 47.128036181182011 ], [ 28.703853518063049, 47.128049869136184 ], [ 28.703853805377019, 47.128058863713633 ], [ 28.703841057178391, 47.128072551666499 ], [ 28.703841344490481, 47.128081546243955 ], [ 28.703822294004656, 47.128104326815112 ], [ 28.703822581313904, 47.128113321392625 ], [ 28.703809833094539, 47.128127009342151 ], [ 28.703810120401918, 47.128136003919671 ], [ 28.703797372174055, 47.128149691867876 ], [ 28.703797659479555, 47.128158686445438 ], [ 28.703784911243194, 47.1281723743923 ], [ 28.703785198546825, 47.128181368969877 ], [ 28.703766148002281, 47.128204149532081 ], [ 28.70376643530307, 47.128213144109694 ], [ 28.703753687045964, 47.12822683205323 ], [ 28.703753974344874, 47.128235826630849 ], [ 28.703741226079277, 47.128249514573071 ], [ 28.703741513376318, 47.128258509150719 ], [ 28.703728765102223, 47.128272197091604 ], [ 28.703729052397389, 47.128281191669288 ], [ 28.703716304114792, 47.128294879608838 ], [ 28.703716591408089, 47.12830387418655 ], [ 28.703703843116994, 47.128317562124771 ], [ 28.703704130408422, 47.12832655670249 ], [ 28.703691382108829, 47.128340244639389 ], [ 28.703691669398378, 47.128349239217137 ], [ 28.703672618755469, 47.128372019764427 ], [ 28.703672906042176, 47.128381014342203 ], [ 28.703660157721846, 47.128394702275763 ], [ 28.703660445006676, 47.128403696853574 ], [ 28.703653999022105, 47.128408292175415 ], [ 28.703654142664053, 47.128412789464313 ], [ 28.703641394331477, 47.128426477395884 ], [ 28.703641681613462, 47.128435471973717 ], [ 28.703628933272391, 47.128449159903958 ], [ 28.703629076912435, 47.128453657192885 ], [ 28.703629220552504, 47.12845815448182 ], [ 28.703629364192622, 47.128462651770739 ], [ 28.703629507832762, 47.128467149059666 ], [ 28.703636097467161, 47.128467051028046 ], [ 28.703642687101521, 47.128466952996042 ], [ 28.703642830742812, 47.128471450284934 ], [ 28.703636384748663, 47.128476045605851 ], [ 28.70363724659401, 47.12850302933915 ], [ 28.703643979874375, 47.128507428595888 ], [ 28.703657159152982, 47.128507232530481 ], [ 28.703657302795698, 47.128511729819301 ], [ 28.703657446438442, 47.128516227108122 ], [ 28.703657590081221, 47.128520724396928 ], [ 28.70365773372404, 47.128525221685742 ], [ 28.703651287724824, 47.128529817007511 ], [ 28.70365143136716, 47.128534314296338 ], [ 28.70365157500952, 47.128538811585152 ], [ 28.703645129008166, 47.128543406906608 ], [ 28.703645416291955, 47.128552401484235 ], [ 28.703632667924726, 47.128566089414967 ], [ 28.70363295520665, 47.128575083992622 ], [ 28.703613904460379, 47.128597864530661 ], [ 28.703614191739458, 47.128606859108359 ], [ 28.703607745726753, 47.128611454427798 ], [ 28.703608176644064, 47.128624946294345 ], [ 28.703601730628694, 47.128629541613478 ], [ 28.703602017906036, 47.128638536191183 ], [ 28.703582679850133, 47.128652322146507 ], [ 28.703582967124493, 47.128661316724269 ], [ 28.703570218715782, 47.128675004648336 ], [ 28.703570505988264, 47.128683999226126 ], [ 28.703551455177415, 47.128706779754175 ], [ 28.703551598812219, 47.128711277043088 ], [ 28.703551742447054, 47.128715774332001 ], [ 28.703545296415971, 47.128720369648072 ], [ 28.703545440050323, 47.128724866936992 ], [ 28.703532691617131, 47.128738554857044 ], [ 28.70353283525051, 47.128743052145978 ], [ 28.703532978883924, 47.128747549434898 ], [ 28.703520230442233, 47.128761237353636 ], [ 28.703520374074674, 47.12876573464257 ], [ 28.703520517707158, 47.128770231931519 ], [ 28.70352066133967, 47.12877472922046 ], [ 28.703520804972218, 47.12877922650938 ], [ 28.703520804972218, 47.12877922650938 ], [ 28.70352066133967, 47.12877472922046 ], [ 28.703520517707158, 47.128770231931519 ], [ 28.703520374074674, 47.12876573464257 ], [ 28.703520230442233, 47.128761237353636 ], [ 28.703519943177447, 47.128752242775747 ], [ 28.70353283525051, 47.128743052145978 ], [ 28.703532691617131, 47.128738554857044 ], [ 28.703532547983784, 47.128734057568117 ], [ 28.703538994017606, 47.128729462252721 ], [ 28.703538706749978, 47.128720467674867 ], [ 28.703551598812219, 47.128711277043088 ], [ 28.703551455177415, 47.128706779754175 ], [ 28.703551167907911, 47.128697785176342 ], [ 28.703570218715782, 47.128675004648336 ], [ 28.703569931443432, 47.128666010070546 ], [ 28.703588982232226, 47.128643229539541 ], [ 28.703588694957034, 47.128634234961787 ], [ 28.703601443351491, 47.128620547035752 ], [ 28.703601156074424, 47.128611552458018 ], [ 28.703620206830927, 47.12858877192204 ], [ 28.703619919551016, 47.128579777344342 ], [ 28.7036263655589, 47.12857518202425 ], [ 28.70362622191848, 47.128570684735401 ], [ 28.703638970288445, 47.128556996805365 ], [ 28.703638683005689, 47.128548002227703 ], [ 28.703645129008166, 47.128543406906608 ], [ 28.703644985366321, 47.128538909617774 ], [ 28.70365143136716, 47.128534314296338 ], [ 28.703651287724824, 47.128529817007511 ], [ 28.70365773372404, 47.128525221685742 ], [ 28.703657590081221, 47.128520724396928 ], [ 28.703657446438442, 47.128516227108122 ], [ 28.703657302795698, 47.128511729819301 ], [ 28.703657159152982, 47.128507232530481 ], [ 28.703669907500199, 47.128493544597141 ], [ 28.703669620212864, 47.128484550019522 ], [ 28.703656440939945, 47.128484746086301 ], [ 28.703656153654975, 47.128475751508617 ], [ 28.703642687101521, 47.128466952996042 ], [ 28.703636097467161, 47.128467051028046 ], [ 28.703629507832762, 47.128467149059666 ], [ 28.703629364192622, 47.128462651770739 ], [ 28.703629220552504, 47.12845815448182 ], [ 28.703629076912435, 47.128453657192885 ], [ 28.703628933272391, 47.128449159903958 ], [ 28.703628645992413, 47.128440165326076 ], [ 28.703647696677848, 47.128417384785806 ], [ 28.703647409395021, 47.128408390207966 ], [ 28.703660157721846, 47.128394702275763 ], [ 28.70365987043715, 47.128385707697952 ], [ 28.703672618755469, 47.128372019764427 ], [ 28.703672331468901, 47.128363025186623 ], [ 28.703685079778722, 47.12834933725177 ], [ 28.703684792490282, 47.128340342674001 ], [ 28.703703843116994, 47.128317562124771 ], [ 28.703703555825708, 47.12830856754703 ], [ 28.703716304114792, 47.128294879608838 ], [ 28.703716016821637, 47.128285885031126 ], [ 28.703728765102223, 47.128272197091604 ], [ 28.703728477807189, 47.128263202513914 ], [ 28.703741226079277, 47.128249514573071 ], [ 28.703740938782374, 47.128240519995401 ], [ 28.703753687045964, 47.12822683205323 ], [ 28.703753399747182, 47.128217837475582 ], [ 28.703766148002281, 47.128204149532081 ], [ 28.70376586070163, 47.128195154954454 ], [ 28.703784911243194, 47.1281723743923 ], [ 28.703784623939701, 47.128163379814715 ], [ 28.703797372174055, 47.128149691867876 ], [ 28.703797084868683, 47.128140697290327 ], [ 28.703809833094539, 47.128127009342151 ], [ 28.703809545787298, 47.12811801476461 ], [ 28.703822294004656, 47.128104326815112 ], [ 28.703822006695546, 47.128095332237599 ], [ 28.703841057178391, 47.128072551666499 ], [ 28.703846928480917, 47.128049967179663 ], [ 28.703853374406116, 47.128045371847463 ], [ 28.703853230749218, 47.128040874558728 ], [ 28.703859676672785, 47.128036279226187 ], [ 28.703859389358055, 47.128027284648731 ], [ 28.703878439801262, 47.128004504071669 ], [ 28.703878152483686, 47.127995509494241 ], [ 28.703884598399689, 47.127990914160364 ], [ 28.703884454740432, 47.127986416871664 ], [ 28.703890900654809, 47.127981821537432 ], [ 28.703890613335361, 47.127972826960047 ], [ 28.703903361497986, 47.127959139001902 ], [ 28.703903074176665, 47.127950144424538 ], [ 28.703909520085109, 47.127945549089311 ], [ 28.703909232762886, 47.127936554511948 ], [ 28.703921980912266, 47.127922866551835 ], [ 28.703921693588168, 47.127913871974506 ], [ 28.703940743965305, 47.127891091387482 ], [ 28.703940456638364, 47.12788209681019 ], [ 28.703959506996423, 47.127859316220182 ], [ 28.70395921966664, 47.127850321642917 ], [ 28.70397196778303, 47.127836633677468 ], [ 28.703971680451371, 47.127827639100232 ], [ 28.703990730777139, 47.127804858505243 ], [ 28.703990443442645, 47.127795863928043 ], [ 28.704003191538291, 47.127782175959254 ], [ 28.704002904201925, 47.127773181382068 ], [ 28.704015652289083, 47.127759493411958 ], [ 28.704015364950834, 47.127750498834807 ], [ 28.704028113029498, 47.127736810863354 ], [ 28.704027825689376, 47.127727816286217 ], [ 28.704046875956426, 47.127705035682283 ], [ 28.704046588613462, 47.127696041105175 ], [ 28.704059336671385, 47.12768235313041 ], [ 28.704059049326549, 47.127673358553331 ], [ 28.704065495188516, 47.127668763209719 ], [ 28.704065351515631, 47.12766426592119 ], [ 28.704071797375974, 47.127659670577231 ], [ 28.704071510029262, 47.127650676000179 ], [ 28.704084258070186, 47.127636988022751 ], [ 28.70408382704737, 47.127623496157199 ], [ 28.704096718754037, 47.127614305466956 ], [ 28.704096575078793, 47.127609808178462 ], [ 28.704096431403581, 47.127605310889955 ], [ 28.704096287728412, 47.12760081360144 ], [ 28.704096144053267, 47.127596316312925 ], [ 28.704089554527986, 47.127596414369641 ], [ 28.704082821328672, 47.127592015137431 ], [ 28.704076375477317, 47.127596610481952 ], [ 28.704076519150789, 47.127601107770509 ], [ 28.704076519150789, 47.127601107770509 ], [ 28.704076375477317, 47.127596610481952 ], [ 28.704075657110462, 47.127574124039086 ], [ 28.704088548806862, 47.127564933349838 ], [ 28.704088117784039, 47.127551441484137 ], [ 28.704094563629017, 47.127546846139019 ], [ 28.704094276279601, 47.127537851561897 ], [ 28.704107024288447, 47.127524163582095 ], [ 28.704112895424025, 47.127501579081773 ], [ 28.704138678764938, 47.127483197693856 ], [ 28.704138535086816, 47.127478700405362 ], [ 28.704144980918752, 47.127474105057502 ], [ 28.704151426749572, 47.1274695097093 ], [ 28.704111027638184, 47.127443114330276 ], [ 28.70409784862553, 47.127443310444569 ], [ 28.704077649087939, 47.127430112747106 ], [ 28.704057880573369, 47.127430406912147 ], [ 28.704058024244457, 47.127434904200889 ], [ 28.70404527624359, 47.127448592175334 ], [ 28.704045419913697, 47.127453089464076 ], [ 28.704045563583843, 47.127457586752826 ], [ 28.704032815574475, 47.127471274725934 ], [ 28.704033102912859, 47.127480269303469 ], [ 28.704020354895, 47.127493957275234 ], [ 28.704020642231509, 47.127502951852769 ], [ 28.704007894205152, 47.12751663982322 ], [ 28.704008181539788, 47.12752563440079 ], [ 28.703995433504932, 47.127539322369913 ], [ 28.7039957208377, 47.127548316947497 ], [ 28.703982972794343, 47.127562004915283 ], [ 28.703983260125234, 47.127570999492903 ], [ 28.703970512073383, 47.127584687459368 ], [ 28.703970799402402, 47.127593682036995 ], [ 28.703951749140973, 47.127616462628602 ], [ 28.703952036467147, 47.127625457206285 ], [ 28.703939288394555, 47.127639145169418 ], [ 28.703939575718863, 47.127648139747102 ], [ 28.703933129848288, 47.12765273508375 ], [ 28.703933273509975, 47.127657232372599 ], [ 28.703926827637773, 47.12766182770892 ], [ 28.703927114960205, 47.127670822286625 ], [ 28.703914366870617, 47.1276845102471 ], [ 28.703914654191177, 47.12769350482484 ], [ 28.70390190609309, 47.127707192783987 ], [ 28.703902193411775, 47.127716187361749 ], [ 28.703889445305197, 47.127729875319574 ], [ 28.703889732622009, 47.12773886989735 ], [ 28.703876984506927, 47.127752557853853 ], [ 28.70387727182187, 47.12776155243165 ], [ 28.703864523698297, 47.127775240386825 ], [ 28.703864811011364, 47.127784234964636 ], [ 28.703845760638355, 47.127807015539346 ], [ 28.703846047948581, 47.127816010117201 ], [ 28.703839602049914, 47.127820605448825 ], [ 28.70383974570456, 47.127825102737766 ], [ 28.703833299804263, 47.12782969806905 ], [ 28.703833587112616, 47.127838692646932 ], [ 28.70381453670732, 47.127861473216647 ], [ 28.70381482401282, 47.127870467794587 ], [ 28.703802075847765, 47.127884155743089 ], [ 28.7038023631514, 47.127893150321029 ], [ 28.703789614977854, 47.127906838268196 ], [ 28.70378990227961, 47.12791583284617 ], [ 28.703770851828811, 47.127938613408929 ], [ 28.703771139127724, 47.127947607986933 ], [ 28.703758390933434, 47.127961295930774 ], [ 28.703758678230475, 47.127970290508806 ], [ 28.703745930027686, 47.127983978451311 ], [ 28.703746217322855, 47.127992973029372 ], [ 28.703733469111565, 47.128006660970563 ], [ 28.703733756404862, 47.12801565554863 ], [ 28.703721008185084, 47.128029343488485 ], [ 28.703721295476502, 47.128038338066588 ], [ 28.703702244953774, 47.128061118618405 ], [ 28.70370253224235, 47.128070113196529 ], [ 28.703689784001828, 47.128083801133059 ], [ 28.703690071288534, 47.128092795711218 ], [ 28.703677323039511, 47.128106483646413 ], [ 28.703677610324348, 47.128115478224593 ], [ 28.703664862066827, 47.128129166158459 ], [ 28.703665149349785, 47.128138160736654 ], [ 28.703652401083769, 47.128151848669205 ], [ 28.703652688364858, 47.128160843247429 ], [ 28.703639940090341, 47.12817453117863 ], [ 28.703640227369558, 47.128183525756874 ], [ 28.703627479086542, 47.128197213686768 ], [ 28.703627766363887, 47.12820620826502 ], [ 28.70361501807238, 47.128219896193592 ], [ 28.703615305347846, 47.128228890771865 ], [ 28.703596254713535, 47.128251671306792 ], [ 28.703596541986165, 47.128260665885108 ], [ 28.703583793673914, 47.12827435381034 ], [ 28.703584080944665, 47.128283348388685 ], [ 28.703571332623916, 47.128297036312581 ], [ 28.703571619892799, 47.128306030890961 ], [ 28.703558871563551, 47.128319718813522 ], [ 28.703559158830558, 47.128328713391916 ], [ 28.703546410492809, 47.128342401313162 ], [ 28.703546697757947, 47.128351395891578 ], [ 28.703527647051704, 47.128374176415541 ], [ 28.703527934313993, 47.128383170993999 ], [ 28.703515185955506, 47.128396858911906 ], [ 28.703515473215923, 47.128405853490378 ], [ 28.703502724848942, 47.128419541406956 ], [ 28.703503012107486, 47.128428535985449 ], [ 28.703483961355733, 47.128451316502456 ], [ 28.703484248611435, 47.128460311080993 ], [ 28.703477802604695, 47.128464906393155 ], [ 28.70347135659685, 47.128469501704949 ], [ 28.703464910587893, 47.128474097016415 ], [ 28.703458464577825, 47.128478692327505 ], [ 28.703452018566647, 47.128483287638247 ], [ 28.703452018566647, 47.128483287638247 ], [ 28.703458464577825, 47.128478692327505 ], [ 28.70345817732629, 47.128469697748876 ], [ 28.703451444065799, 47.128465298480926 ], [ 28.703444854430984, 47.12846539650193 ], [ 28.703444710806409, 47.128460899212577 ], [ 28.703443992684068, 47.128438412765732 ], [ 28.703423792921424, 47.128425214957907 ], [ 28.703423649298827, 47.128420717668462 ], [ 28.70342350567627, 47.12841622037903 ], [ 28.703423362053741, 47.128411723089577 ], [ 28.703423218431254, 47.128407225800139 ], [ 28.703416628803513, 47.128407323819431 ], [ 28.703410039175743, 47.128407421838325 ], [ 28.703409895554394, 47.128402924548837 ], [ 28.703409321069358, 47.128384935390869 ], [ 28.703422069452571, 47.128371247484424 ], [ 28.703421782208245, 47.128362252905447 ], [ 28.703428228207738, 47.12835765759646 ], [ 28.703427797339948, 47.128344165728016 ], [ 28.703434243336769, 47.128339570418717 ], [ 28.703433956090713, 47.12833057583974 ], [ 28.703440402085377, 47.128325980530114 ], [ 28.703440258461882, 47.12832148324064 ], [ 28.703446704454919, 47.128316887930666 ], [ 28.703446560830937, 47.128312390641199 ], [ 28.703465755176317, 47.128294107419762 ], [ 28.703465467925408, 47.128285112840878 ], [ 28.703478216270881, 47.128271424928428 ], [ 28.703478072644469, 47.128266927639004 ], [ 28.703477929018092, 47.128262430349565 ], [ 28.703490677355077, 47.128248742435794 ], [ 28.703490390100416, 47.128239747856945 ], [ 28.703509440776308, 47.128216967339071 ], [ 28.703509153518805, 47.128207972760265 ], [ 28.703515599492352, 47.128203377446589 ], [ 28.703515455863133, 47.128198880157193 ], [ 28.703521901835046, 47.128194284843168 ], [ 28.703521614575667, 47.128185290264391 ], [ 28.703534362883413, 47.128171602345951 ], [ 28.703540234325999, 47.128149017873419 ], [ 28.703552982620486, 47.128135329952997 ], [ 28.703552695356464, 47.128126335374262 ], [ 28.703565443642457, 47.128112647452511 ], [ 28.703565156376559, 47.128103652873811 ], [ 28.703577904654061, 47.128089964950725 ], [ 28.703577617386291, 47.128080970372039 ], [ 28.703590365655291, 47.128067282447645 ], [ 28.703590078385648, 47.128058287868974 ], [ 28.703602826646151, 47.128044599943244 ], [ 28.703602539374636, 47.128035605364609 ], [ 28.70361528762664, 47.12802191743755 ], [ 28.703615000353249, 47.128012922858922 ], [ 28.703627748596759, 47.127999234930535 ], [ 28.703627461321499, 47.127990240351942 ], [ 28.703646511852032, 47.127967459812204 ], [ 28.703646224573927, 47.127958465233647 ], [ 28.703658972796696, 47.12794477730192 ], [ 28.703658685516714, 47.127935782723391 ], [ 28.703671433730985, 47.12792209479035 ], [ 28.703671146449132, 47.127913100211828 ], [ 28.703683894654905, 47.127899412277451 ], [ 28.703683607371183, 47.127890417698957 ], [ 28.703696355568454, 47.127876729763258 ], [ 28.703696068282863, 47.127867735184786 ], [ 28.703715118741464, 47.127844954634107 ], [ 28.703714831453023, 47.127835960055684 ], [ 28.703727579629557, 47.127822272116639 ], [ 28.703727292339241, 47.127813277538237 ], [ 28.703740040507277, 47.127799589597871 ], [ 28.703739753215089, 47.127790595019484 ], [ 28.703746199118957, 47.127785999693394 ], [ 28.703752645021716, 47.127781404366971 ], [ 28.703759090923363, 47.127776809040178 ], [ 28.703765536823894, 47.12777221371303 ], [ 28.703765536823894, 47.12777221371303 ], [ 28.703759090923363, 47.127776809040178 ], [ 28.703759378218667, 47.127785803618487 ], [ 28.703740184153425, 47.127804086887046 ], [ 28.703740471445823, 47.127813081465412 ], [ 28.703727723274763, 47.127826769405836 ], [ 28.703728010565285, 47.127835763984223 ], [ 28.703708960115424, 47.127858544536963 ], [ 28.703709247403104, 47.127867539115378 ], [ 28.703696499211304, 47.127881227052477 ], [ 28.703696786497115, 47.127890221630921 ], [ 28.703684038296821, 47.12790390956669 ], [ 28.703684325580753, 47.127912904145155 ], [ 28.703671577371964, 47.127926592079589 ], [ 28.703671864654019, 47.127935586658076 ], [ 28.703659116436732, 47.127949274591188 ], [ 28.703659403716919, 47.127958269169696 ], [ 28.703640353195127, 47.127981049711501 ], [ 28.703640640472468, 47.127990044290044 ], [ 28.70362789223444, 47.128003732219824 ], [ 28.703628179509913, 47.128012726798403 ], [ 28.703615431263383, 47.128026414726854 ], [ 28.703615718536984, 47.12803540930544 ], [ 28.70360297028196, 47.128049097232555 ], [ 28.703603257553684, 47.128058091811177 ], [ 28.703584206973172, 47.128080872344022 ], [ 28.703584494242047, 47.128089866922664 ], [ 28.703571745966283, 47.128103554846454 ], [ 28.703572033233296, 47.12811254942514 ], [ 28.703559284949034, 47.128126237347594 ], [ 28.703559572214164, 47.128135231926294 ], [ 28.703546823921407, 47.128148919847426 ], [ 28.703547111184669, 47.12815791442614 ], [ 28.703534362883413, 47.128171602345951 ], [ 28.703534650144796, 47.128180596924693 ], [ 28.703521901835046, 47.128194284843168 ], [ 28.703522189094564, 47.128203279421939 ], [ 28.703509440776308, 47.128216967339071 ], [ 28.70350972803395, 47.128225961917863 ], [ 28.703496979707204, 47.128239649833681 ], [ 28.703497266962973, 47.128248644412494 ], [ 28.703477929018092, 47.128262430349565 ], [ 28.703478072644469, 47.128266927639004 ], [ 28.703478216270881, 47.128271424928428 ], [ 28.703478503523804, 47.12828041950727 ], [ 28.703465755176317, 47.128294107419762 ], [ 28.703466042427369, 47.12830310199864 ], [ 28.703459596437661, 47.128307697309666 ], [ 28.703453150446844, 47.12831229262035 ], [ 28.703446704454919, 47.128316887930666 ], [ 28.703440258461882, 47.12832148324064 ], [ 28.703440258461882, 47.12832148324064 ], [ 28.703440402085377, 47.128325980530114 ], [ 28.703440976579714, 47.128343969687975 ], [ 28.703428228207738, 47.12835765759646 ], [ 28.703428802698603, 47.128375646754343 ], [ 28.703416054316119, 47.128389334661534 ], [ 28.703416341559745, 47.128398329240483 ], [ 28.703409895554394, 47.128402924548837 ], [ 28.703410039175743, 47.128407421838325 ], [ 28.703416628803513, 47.128407323819431 ], [ 28.703423218431254, 47.128407225800139 ], [ 28.703423362053741, 47.128411723089577 ], [ 28.70342350567627, 47.12841622037903 ], [ 28.703423649298827, 47.128420717668462 ], [ 28.703423792921424, 47.128425214957907 ], [ 28.703424511034914, 47.128447701405022 ], [ 28.703444710806409, 47.128460899212577 ], [ 28.703444854430984, 47.12846539650193 ], [ 28.703451444065799, 47.128465298480926 ], [ 28.70345817732629, 47.128469697748876 ], [ 28.70347135659685, 47.128469501704949 ], [ 28.703471069343234, 47.12846050712637 ], [ 28.703483817727939, 47.128446819213181 ], [ 28.703483530472447, 47.128437824634617 ], [ 28.703489976475471, 47.128433229322169 ], [ 28.703489832847257, 47.128428732032894 ], [ 28.703502581219723, 47.128415044117695 ], [ 28.703502293961389, 47.12840604953918 ], [ 28.703521344689584, 47.12838326901926 ], [ 28.703521057428407, 47.128374274440787 ], [ 28.703533805780129, 47.128360586522255 ], [ 28.703533518517073, 47.128351591943797 ], [ 28.703546266860297, 47.128337904023937 ], [ 28.703545979595372, 47.128328909445507 ], [ 28.703565030278064, 47.128306128918624 ], [ 28.703564743010293, 47.128297134340222 ], [ 28.70357749133278, 47.128283446417029 ], [ 28.703577204063134, 47.128274451838642 ], [ 28.703589952377122, 47.128260763914135 ], [ 28.703589665105607, 47.128251769335783 ], [ 28.703608715742789, 47.128228988801915 ], [ 28.703608428468431, 47.128219994223606 ], [ 28.703621176761676, 47.128206306295759 ], [ 28.703620889485446, 47.128197311717472 ], [ 28.703633637770192, 47.128183623788296 ], [ 28.703633350492087, 47.128174629210022 ], [ 28.703652401083769, 47.128151848669205 ], [ 28.703652113802818, 47.128142854090967 ], [ 28.703664862066827, 47.128129166158459 ], [ 28.703664574784003, 47.128120171580242 ], [ 28.703677323039511, 47.128106483646413 ], [ 28.703677035754815, 47.128097489068217 ], [ 28.70369608630099, 47.128074708520437 ], [ 28.703695799013452, 47.12806571394227 ], [ 28.703708547248226, 47.128052026005108 ], [ 28.703708259958809, 47.128043031426976 ], [ 28.703721008185084, 47.128029343488485 ], [ 28.703720720893799, 47.128020348910383 ], [ 28.703733469111565, 47.128006660970563 ], [ 28.703733181818411, 47.127997666392467 ], [ 28.703752232305867, 47.127974885835719 ], [ 28.703751945009866, 47.127965891257666 ], [ 28.703764693206899, 47.127952203314521 ], [ 28.703764405909023, 47.12794320873649 ], [ 28.703770851828811, 47.127938613408929 ], [ 28.703770708179402, 47.127934116119924 ], [ 28.703777154097558, 47.127929520792009 ], [ 28.70377686679781, 47.127920526214005 ], [ 28.703789614977854, 47.127906838268196 ], [ 28.70378932767623, 47.127897843690228 ], [ 28.703795773588457, 47.127893248361303 ], [ 28.703795198983549, 47.127875259205346 ], [ 28.70381453670732, 47.127861473216647 ], [ 28.703814249401947, 47.127852478638715 ], [ 28.703826997556497, 47.127838790688926 ], [ 28.703826710249256, 47.127829796111016 ], [ 28.703839458395304, 47.127816108159884 ], [ 28.703839171086194, 47.127807113581994 ], [ 28.703851919223744, 47.127793425629548 ], [ 28.703851631912762, 47.127784431051673 ], [ 28.703864380041814, 47.127770743097891 ], [ 28.70386409272896, 47.127761748520058 ], [ 28.703883143078411, 47.127738967942427 ], [ 28.703882855762711, 47.127729973364609 ], [ 28.703895603871025, 47.127716285407494 ], [ 28.703895316553449, 47.127707290829704 ], [ 28.703914366870617, 47.1276845102471 ], [ 28.703914079550199, 47.127675515669353 ], [ 28.703926827637773, 47.12766182770892 ], [ 28.703926540315479, 47.127652833131187 ], [ 28.703939288394555, 47.127639145169418 ], [ 28.703939001070395, 47.127630150591699 ], [ 28.703958051342056, 47.127607370002139 ], [ 28.703957764015048, 47.127598375424462 ], [ 28.703970512073383, 47.127584687459368 ], [ 28.703970224744502, 47.127575692881727 ], [ 28.703982972794343, 47.127562004915283 ], [ 28.703982685463586, 47.127553010337671 ], [ 28.703995433504932, 47.127539322369913 ], [ 28.703995146172304, 47.127530327792307 ], [ 28.704007894205152, 47.12751663982322 ], [ 28.704007606870647, 47.127507645245657 ], [ 28.704020354895, 47.127493957275234 ], [ 28.704020067558627, 47.127484962697679 ], [ 28.704045419913697, 47.127453089464076 ], [ 28.70404527624359, 47.127448592175334 ], [ 28.704045132573512, 47.127444094886577 ], [ 28.704051578409537, 47.127439499543911 ], [ 28.704051147397955, 47.127426007677663 ], [ 28.704044414223649, 47.127421608442738 ], [ 28.704037824719766, 47.127421706496214 ], [ 28.704031091547087, 47.127417307260501 ], [ 28.704024358375523, 47.127412908024368 ], [ 28.704017625205065, 47.127408508787823 ], [ 28.704010892035718, 47.127404109550866 ], [ 28.70400415886748, 47.127399710313497 ], [ 28.703997425700354, 47.127395311075716 ], [ 28.703990692534337, 47.127390911837516 ], [ 28.703983959369424, 47.127386512598903 ], [ 28.703977226205627, 47.127382113359886 ], [ 28.703970493042942, 47.127377714120442 ], [ 28.703963759881361, 47.127373314880593 ], [ 28.703957026720897, 47.127368915640325 ], [ 28.703950293561537, 47.127364516399652 ], [ 28.703943560403285, 47.127360117158567 ], [ 28.703936827246146, 47.127355717917048 ], [ 28.703930094090115, 47.127351318675132 ], [ 28.703923360935196, 47.127346919432803 ], [ 28.703929806770397, 47.127342324096929 ], [ 28.703929663110578, 47.127337826807825 ], [ 28.70392951945081, 47.12733332951872 ], [ 28.703929375791063, 47.127328832229594 ], [ 28.703922786298243, 47.127328930276306 ], [ 28.703916196805391, 47.127329028322634 ], [ 28.703909607312504, 47.127329126368586 ], [ 28.703903017819577, 47.127329224414147 ], [ 28.703903161477101, 47.127333721703323 ], [ 28.703896715640585, 47.127338317037712 ], [ 28.703890126146483, 47.127338415082569 ], [ 28.703824231203537, 47.127339395510134 ], [ 28.703817498058712, 47.127334996261439 ], [ 28.703751603117503, 47.127335976647188 ], [ 28.703678256846761, 47.127310071289507 ], [ 28.703671667355398, 47.127310169321738 ], [ 28.703665221501367, 47.127314764643337 ], [ 28.703665365138775, 47.127319261933074 ], [ 28.703652473426349, 47.127328452575242 ], [ 28.70364631484027, 47.127342042475334 ], [ 28.703639868980243, 47.127346637795561 ], [ 28.703633423119104, 47.127351233115448 ], [ 28.703626977256857, 47.127355828434965 ], [ 28.703627120891241, 47.127360325724759 ], [ 28.703627264525668, 47.12736482301456 ], [ 28.703627408160123, 47.127369320304346 ], [ 28.703627551794614, 47.127373817594147 ], [ 28.703595896984243, 47.12741478334604 ], [ 28.703596471512707, 47.127432772505323 ], [ 28.70359002563756, 47.127437367822857 ], [ 28.703590169269241, 47.127441865112694 ], [ 28.703583723392466, 47.127446460429894 ], [ 28.703584010654897, 47.127455455009553 ], [ 28.703564960274225, 47.127478235538838 ], [ 28.703565247533806, 47.127487230118533 ], [ 28.703552499392824, 47.127500918039772 ], [ 28.70355278665054, 47.127509912619487 ], [ 28.703540038501057, 47.127523600539412 ], [ 28.703540325756894, 47.127532595119142 ], [ 28.703527577598919, 47.127546283037731 ], [ 28.703527864852884, 47.127555277617489 ], [ 28.7035088144135, 47.127578058137814 ], [ 28.703508958039041, 47.127582555427708 ], [ 28.703509101664622, 47.127587052717608 ], [ 28.703509245290231, 47.127591550007509 ], [ 28.703502655763529, 47.127591648030467 ], [ 28.703502799388623, 47.127596145320354 ], [ 28.703502943013753, 47.127600642610254 ], [ 28.703496353485903, 47.12760074063285 ], [ 28.70349649711051, 47.127605237922779 ], [ 28.703496640735153, 47.127609735212687 ], [ 28.703490194830284, 47.127614330524857 ], [ 28.703490338454436, 47.127618827814779 ], [ 28.703483892547936, 47.1276234231266 ], [ 28.703484036171609, 47.127627920416536 ], [ 28.703484179795311, 47.127632417706458 ], [ 28.70346512931042, 47.127655198219806 ], [ 28.703465416554959, 47.127664192799692 ], [ 28.703452668346998, 47.12767788071028 ], [ 28.703452955589658, 47.127686875290195 ], [ 28.703440207373205, 47.127700563199454 ], [ 28.703440494613989, 47.127709557779376 ], [ 28.703427746389039, 47.127723245687314 ], [ 28.703428033627954, 47.127732240267271 ], [ 28.703408983084348, 47.127755020771666 ], [ 28.703409270320414, 47.127764015351651 ], [ 28.703396522074726, 47.127777703256264 ], [ 28.70339680930892, 47.127786697836271 ], [ 28.703384061054734, 47.127800385739548 ], [ 28.703384348287059, 47.127809380319576 ], [ 28.703371600024376, 47.127823068221524 ], [ 28.703371887254821, 47.127832062801581 ], [ 28.70335913898364, 47.1278457507022 ], [ 28.703359426212216, 47.127854745282278 ], [ 28.703346677932533, 47.127868433181575 ], [ 28.703346965159241, 47.127877427761661 ], [ 28.703334216871063, 47.127891115659629 ], [ 28.703334504095892, 47.127900110239757 ], [ 28.70332175579922, 47.12791379813639 ], [ 28.703322043022183, 47.127922792716525 ], [ 28.703309294717005, 47.127936480611829 ], [ 28.70330958193809, 47.127945475191993 ], [ 28.703296833624421, 47.127959163085983 ], [ 28.703297120843633, 47.127968157666167 ], [ 28.703284372521466, 47.127981845558807 ], [ 28.703284659738806, 47.12799084013902 ], [ 28.703271911408144, 47.128004528030345 ], [ 28.703272198623612, 47.12801352261058 ], [ 28.703259450284449, 47.128027210500584 ], [ 28.703259737498037, 47.128036205080832 ], [ 28.70324068677678, 47.128058985558383 ], [ 28.703240973987533, 47.128067980138681 ], [ 28.70323452800594, 47.128072575437095 ], [ 28.703234671610847, 47.128077072727258 ], [ 28.703228225627626, 47.128081668025338 ], [ 28.703209462082956, 47.12811344307822 ], [ 28.703203016093216, 47.12811803837495 ], [ 28.703196570102367, 47.128122633671317 ], [ 28.703196713704326, 47.128127130961524 ], [ 28.70319685730632, 47.128131628251715 ], [ 28.703197431714642, 47.128149617412468 ], [ 28.703184539723363, 47.128158808004279 ], [ 28.703184683324494, 47.128163305294478 ], [ 28.703184683324494, 47.128163305294478 ], [ 28.703184539723363, 47.128158808004279 ], [ 28.70318410892019, 47.128145316133647 ], [ 28.703190554914823, 47.128140720837962 ], [ 28.703190411313315, 47.128136223547742 ], [ 28.70319685730632, 47.128131628251715 ], [ 28.703196713704326, 47.128127130961524 ], [ 28.703196570102367, 47.128122633671317 ], [ 28.703215620864654, 47.128099853200816 ], [ 28.703215333657855, 47.128090858620439 ], [ 28.703228082023241, 47.128077170735168 ], [ 28.703227794814573, 47.128068176154834 ], [ 28.703240543171461, 47.128054488268234 ], [ 28.703240255960917, 47.128045493687914 ], [ 28.703253004309303, 47.128031805799985 ], [ 28.703252717096891, 47.128022811219687 ], [ 28.703265465436779, 47.128009123330422 ], [ 28.703265178222495, 47.128000128750145 ], [ 28.703277926553888, 47.127986440859551 ], [ 28.703277639337724, 47.127977446279317 ], [ 28.703290387660626, 47.127963758387395 ], [ 28.703290100442587, 47.127954763807161 ], [ 28.703302848756987, 47.127941075913924 ], [ 28.703302561537079, 47.127932081333718 ], [ 28.703315309842981, 47.127918393439145 ], [ 28.703315022621204, 47.127909398858961 ], [ 28.703327770918609, 47.12789571096306 ], [ 28.703327483694956, 47.127886716382903 ], [ 28.703340231983859, 47.127873028485674 ], [ 28.703339944758337, 47.127864033905524 ], [ 28.703352693038742, 47.127850346006973 ], [ 28.703352405811341, 47.127841351426852 ], [ 28.703365154083258, 47.127827663526972 ], [ 28.703364866853985, 47.127818668946873 ], [ 28.703377615117397, 47.127804981045657 ], [ 28.703377327886255, 47.127795986465586 ], [ 28.703390076141172, 47.127782298563041 ], [ 28.703389788908154, 47.127773303982998 ], [ 28.703408839466366, 47.127750523481673 ], [ 28.703408552230503, 47.127741528901659 ], [ 28.703421300464679, 47.127727840995774 ], [ 28.70342101322694, 47.127718846415796 ], [ 28.703433761452622, 47.127705158508583 ], [ 28.703433474213014, 47.127696163928618 ], [ 28.703446222430198, 47.127682476020084 ], [ 28.703445935188714, 47.127673481440141 ], [ 28.703452381104476, 47.127668886130358 ], [ 28.70346484206603, 47.127646203639912 ], [ 28.703477733886661, 47.127637013017953 ], [ 28.703477590263475, 47.127632515728024 ], [ 28.703484036171609, 47.127627920416536 ], [ 28.703483892547936, 47.1276234231266 ], [ 28.703490338454436, 47.127618827814779 ], [ 28.703490194830284, 47.127614330524857 ], [ 28.703496640735153, 47.127609735212687 ], [ 28.70349649711051, 47.127605237922779 ], [ 28.703496353485903, 47.12760074063285 ], [ 28.703502943013753, 47.127600642610254 ], [ 28.703502799388623, 47.127596145320354 ], [ 28.703502655763529, 47.127591648030467 ], [ 28.703509245290231, 47.127591550007509 ], [ 28.703509101664622, 47.127587052717608 ], [ 28.703508958039041, 47.127582555427708 ], [ 28.7035088144135, 47.127578058137814 ], [ 28.70350838353707, 47.127564566268077 ], [ 28.703521131704274, 47.127550878351556 ], [ 28.703520844451486, 47.127541883771755 ], [ 28.703533592610192, 47.127528195853905 ], [ 28.703533305355535, 47.127519201274119 ], [ 28.70354605350575, 47.12750551335494 ], [ 28.703545766249214, 47.127496518775189 ], [ 28.703558514390924, 47.127482830854682 ], [ 28.703558227132518, 47.127473836274952 ], [ 28.703570975265738, 47.127460148353101 ], [ 28.703570688005456, 47.1274511537734 ], [ 28.703583436130174, 47.127437465850221 ], [ 28.70358314886802, 47.127428471270541 ], [ 28.703595896984243, 47.12741478334604 ], [ 28.703595609720221, 47.127405788766367 ], [ 28.703614803696116, 47.127387505522023 ], [ 28.70361466006263, 47.127383008232215 ], [ 28.703627551794614, 47.127373817594147 ], [ 28.703627408160123, 47.127369320304346 ], [ 28.703627264525668, 47.12736482301456 ], [ 28.703627120891241, 47.127360325724759 ], [ 28.703626977256857, 47.127355828434965 ], [ 28.703633423119104, 47.127351233115448 ], [ 28.703632992214583, 47.127337741246045 ], [ 28.703639438074159, 47.127333145926215 ], [ 28.703645883932627, 47.127328550606023 ], [ 28.703652329789989, 47.127323955285469 ], [ 28.703658775646236, 47.127319359964588 ], [ 28.703665221501367, 47.127314764643337 ], [ 28.703671667355398, 47.127310169321738 ], [ 28.703664934226659, 47.127305770063835 ], [ 28.703658344735786, 47.127305868095299 ], [ 28.703651611608681, 47.127301468836585 ], [ 28.703645022118291, 47.127301566867267 ], [ 28.70363828899281, 47.127297167607765 ], [ 28.703631699502903, 47.127297265637672 ], [ 28.70362496637906, 47.127292866377338 ], [ 28.703618376889636, 47.127292964406486 ], [ 28.70361164376742, 47.127288565145356 ], [ 28.703565086457733, 47.127275759465938 ], [ 28.70355864059843, 47.127280354781632 ], [ 28.703558784226683, 47.127284852071647 ], [ 28.703552338365753, 47.127289447387007 ], [ 28.703552769249146, 47.127302939257071 ], [ 28.703533431655018, 47.127316725201112 ], [ 28.70352684216234, 47.12731682322503 ], [ 28.70352039629482, 47.127321418538628 ], [ 28.703526985788091, 47.12732132051508 ], [ 28.703533431655018, 47.127316725201112 ], [ 28.703545892503712, 47.127294042701998 ], [ 28.703552338365753, 47.127289447387007 ], [ 28.703558784226683, 47.127284852071647 ], [ 28.70355864059843, 47.127280354781632 ], [ 28.703565086457733, 47.127275759465938 ], [ 28.70357153231592, 47.127271164149896 ], [ 28.703571388686662, 47.127266666859903 ], [ 28.703577834543221, 47.12726207154352 ], [ 28.703577260024467, 47.12724408238352 ], [ 28.703517954671174, 47.127244964606732 ], [ 28.70351122156325, 47.127240565339477 ], [ 28.703504488456435, 47.127236166071803 ], [ 28.703497755350728, 47.127231766803718 ], [ 28.70349102224613, 47.127227367535234 ], [ 28.703484289142647, 47.127222968266324 ], [ 28.703477556040273, 47.127218568997002 ], [ 28.703470822939003, 47.12721416972726 ], [ 28.70346408983885, 47.127209770457121 ], [ 28.703457356739801, 47.127205371186555 ], [ 28.703450623641864, 47.127200971915578 ], [ 28.703443890545035, 47.127196572644188 ], [ 28.703437157449319, 47.127192173372393 ], [ 28.70343042435471, 47.127187774100172 ], [ 28.703423691261214, 47.127183374827545 ], [ 28.703416958168827, 47.127178975554493 ], [ 28.703416670937326, 47.127169980973626 ], [ 28.70340993784723, 47.127165581700126 ], [ 28.703409794232126, 47.127161084409671 ], [ 28.703403061143725, 47.127156685135738 ], [ 28.703402773914796, 47.127147690554764 ], [ 28.703396040828686, 47.127143291280376 ], [ 28.703395035532658, 47.127111810246724 ], [ 28.70349172322133, 47.127042880611796 ], [ 28.703498312680303, 47.127042782590344 ], [ 28.703537131307414, 47.12701970800228 ], [ 28.703543720763363, 47.127019609978248 ], [ 28.703556612421686, 47.127010419348572 ], [ 28.70356320187642, 47.127010321323425 ], [ 28.703576093529129, 47.12700113069161 ], [ 28.703582682982656, 47.127001032665362 ], [ 28.703595574629738, 47.126991842031416 ], [ 28.703602164082049, 47.126991744004066 ], [ 28.703615055723517, 47.126982553367988 ], [ 28.703621645174614, 47.126982455339522 ], [ 28.703634536810458, 47.126973264701299 ], [ 28.703641126260347, 47.126973166671725 ], [ 28.703654017890575, 47.126963976031377 ], [ 28.703660607339248, 47.126963878000709 ], [ 28.703673498963855, 47.126954687358221 ], [ 28.703680088411314, 47.126954589326431 ], [ 28.703692980030301, 47.126945398681812 ], [ 28.703699569476544, 47.12694530064892 ], [ 28.703718906894942, 47.126931514678247 ], [ 28.703725496339384, 47.126931416643892 ], [ 28.703744833746022, 47.126917630668963 ], [ 28.70375142318866, 47.126917532633144 ], [ 28.7037966874075, 47.126889862633199 ], [ 28.703803276846532, 47.126889764594438 ], [ 28.703816168428553, 47.126880573936312 ], [ 28.703822757866366, 47.126880475896456 ], [ 28.703842095229309, 47.126866689905526 ], [ 28.703848684665317, 47.126866591864179 ], [ 28.703893948790142, 47.126838921826767 ], [ 28.703900538222545, 47.126838823782492 ], [ 28.703913429775433, 47.126829633113715 ], [ 28.703920019206624, 47.126829535068325 ], [ 28.703939356525872, 47.126815749061436 ], [ 28.703945945955258, 47.126815651014581 ], [ 28.703965283262743, 47.126801865003422 ], [ 28.703971872690332, 47.126801766955097 ], [ 28.704017136695807, 47.126774096870207 ], [ 28.704023726119789, 47.126773998818955 ], [ 28.704036617635705, 47.12676480813667 ], [ 28.704043207058469, 47.126764710084309 ], [ 28.704062544322262, 47.12675092405717 ], [ 28.704069133743218, 47.126750826003331 ], [ 28.704088470995256, 47.126737039971921 ], [ 28.704095060414414, 47.126736941916619 ], [ 28.704140324300557, 47.126709271784264 ], [ 28.704146913716105, 47.12670917372602 ], [ 28.704159805195054, 47.126699983030257 ], [ 28.704166394609391, 47.126699884970897 ], [ 28.704185731817724, 47.126686098923514 ], [ 28.704192321230259, 47.126686000862691 ], [ 28.704211658426832, 47.126672214811052 ], [ 28.704218247837563, 47.126672116748757 ], [ 28.704263511604371, 47.126644446568939 ], [ 28.704270101011495, 47.126644348503717 ], [ 28.704282992453475, 47.126635157794446 ], [ 28.704289581859385, 47.126635059728095 ], [ 28.704308919012263, 47.126621273660469 ], [ 28.704315508416371, 47.126621175592675 ], [ 28.704334845557494, 47.126607389520792 ], [ 28.704341434959794, 47.126607291451514 ], [ 28.704386698607269, 47.126579621224224 ], [ 28.704393288005964, 47.126579523152003 ], [ 28.704406179410974, 47.126570332429232 ], [ 28.704412768808453, 47.12657023435591 ], [ 28.704432105905877, 47.126556448268055 ], [ 28.704438695301555, 47.126556350193255 ], [ 28.704483958855011, 47.126528679928484 ], [ 28.70449054824708, 47.126528581850756 ], [ 28.704503439622961, 47.126519391117348 ], [ 28.704510029013818, 47.126519293038513 ], [ 28.704529366067547, 47.126505506934663 ], [ 28.704535955456599, 47.126505408854356 ], [ 28.704555292498572, 47.126491622746236 ], [ 28.704561881885819, 47.126491524664473 ], [ 28.704607145319937, 47.126463854352231 ], [ 28.704613734703582, 47.126463756267519 ], [ 28.70462662604249, 47.126454565520604 ], [ 28.704633215424916, 47.126454467434783 ], [ 28.704652552423187, 47.126440681310697 ], [ 28.704659141803816, 47.126440583223406 ], [ 28.704678478790335, 47.126426797095057 ], [ 28.704685068169155, 47.126426699006302 ], [ 28.704730331483937, 47.126399028646603 ], [ 28.704736920859155, 47.126398930554899 ], [ 28.704749812161097, 47.126389739794483 ], [ 28.704756401535096, 47.126389641701692 ], [ 28.70477573847792, 47.126375855557356 ], [ 28.704782327850111, 47.126375757463087 ], [ 28.704801664781179, 47.126361971314488 ], [ 28.704808254151573, 47.126361873218748 ], [ 28.704853517347022, 47.12633420281157 ], [ 28.704860106713806, 47.126334104712889 ], [ 28.704872997978779, 47.126324913939001 ], [ 28.704879587344351, 47.126324815839205 ], [ 28.704898924231717, 47.126311029674639 ], [ 28.704905513595488, 47.126310931573379 ], [ 28.704924850471098, 47.126297145404543 ], [ 28.704931439833064, 47.126297047301804 ], [ 28.704976702909178, 47.126269376847176 ], [ 28.704983292267535, 47.126269278741511 ], [ 28.704996183495542, 47.126260087954115 ], [ 28.705002772852687, 47.126259989847334 ], [ 28.705022109684595, 47.126246203662518 ], [ 28.705028699039939, 47.12624610555428 ], [ 28.705048035860099, 47.126232319365194 ], [ 28.705054625213638, 47.126232221255499 ], [ 28.705099888170416, 47.126204550753386 ], [ 28.705106477520346, 47.126204452640728 ], [ 28.705119368711383, 47.126195261839854 ], [ 28.705125958060098, 47.126195163726095 ], [ 28.705145294836555, 47.12618137752105 ], [ 28.705151884183472, 47.12618127940582 ], [ 28.705197147046235, 47.126153608866225 ], [ 28.705203736389542, 47.126153510748061 ], [ 28.705242553626302, 47.126130435596224 ], [ 28.70524914296659, 47.12613033747548 ], [ 28.705378054251309, 47.126038429246975 ], [ 28.705391232908198, 47.126038232989821 ], [ 28.705449242830888, 47.125996874234509 ], [ 28.705449099049773, 47.125992376947892 ], [ 28.70544895526869, 47.125987879661267 ], [ 28.705455544590667, 47.125987781528877 ], [ 28.705462133912615, 47.125987683396097 ], [ 28.705521437808549, 47.125986800184151 ], [ 28.705566700313309, 47.125959129502164 ], [ 28.705573289631332, 47.125959031363045 ], [ 28.705586180682328, 47.125949840511026 ], [ 28.705592769999143, 47.125949742370807 ], [ 28.705612106565546, 47.125935956089045 ], [ 28.705618695880553, 47.125935857947347 ], [ 28.7056380324352, 47.125922071661343 ], [ 28.705644621748402, 47.125921973518167 ], [ 28.705689884133832, 47.12589430278873 ], [ 28.705696473443425, 47.125894204642627 ], [ 28.705709364457459, 47.125885013777108 ], [ 28.705715953765836, 47.125884915629896 ], [ 28.705735290276792, 47.125871129327912 ], [ 28.705741879583371, 47.12587103117923 ], [ 28.705787141874776, 47.125843360412304 ], [ 28.705793731177756, 47.125843262260695 ], [ 28.705806622162655, 47.125834071384524 ], [ 28.70581321146441, 47.125833973231792 ], [ 28.705832547931664, 47.125820186913828 ], [ 28.705839137231621, 47.125820088759625 ], [ 28.705858473687119, 47.125806302437397 ], [ 28.705865062985268, 47.12580620428173 ], [ 28.705910325157348, 47.12577853346734 ], [ 28.70591691445189, 47.125778435308739 ], [ 28.705929805399826, 47.125769244419082 ], [ 28.705936394693154, 47.12576914625938 ], [ 28.705955731104957, 47.125755359921158 ], [ 28.705962320396484, 47.125755261759977 ], [ 28.705981656796531, 47.125741475417513 ], [ 28.705988246086253, 47.125741377254862 ], [ 28.706033508139001, 47.125713706393007 ], [ 28.70604009742512, 47.125713608227414 ], [ 28.706052988336079, 47.125704417324272 ], [ 28.706059577620984, 47.125704319157578 ], [ 28.706104839605029, 47.125676648268225 ], [ 28.706111428886324, 47.125676550098603 ], [ 28.706124319775995, 47.125667359187645 ], [ 28.706143943778113, 47.125662567389064 ], [ 28.706156834658767, 47.125653376474524 ], [ 28.706163423937014, 47.125653278301932 ], [ 28.706176314812041, 47.125644087385261 ], [ 28.706182904089072, 47.125643989211582 ], [ 28.706234755230884, 47.125616220098081 ], [ 28.706241344504278, 47.12561612192107 ], [ 28.70626727005304, 47.125602237354251 ], [ 28.70627385932459, 47.125602139175392 ], [ 28.706280304746919, 47.12559754371118 ], [ 28.706286750168136, 47.12559294824662 ], [ 28.706293195588241, 47.125588352781691 ], [ 28.706299641007238, 47.125583757316427 ], [ 28.70630608642513, 47.125579161850808 ], [ 28.706312531841906, 47.125574566384842 ], [ 28.706318977257578, 47.125569970918512 ], [ 28.706325422672137, 47.125565375451828 ], [ 28.706331868085588, 47.125560779984802 ], [ 28.70633831349793, 47.125556184517436 ], [ 28.706344758909161, 47.125551589049692 ], [ 28.706351204319279, 47.125546993581601 ], [ 28.70635764972829, 47.125542398113176 ], [ 28.706364095136191, 47.125537802644388 ], [ 28.706370540542984, 47.125533207175238 ], [ 28.706376985948662, 47.125528611705747 ], [ 28.706383431353238, 47.125524016235907 ], [ 28.706389876756703, 47.125519420765698 ], [ 28.706396322159051, 47.125514825295156 ], [ 28.706402767560295, 47.125510229824265 ], [ 28.706409212960427, 47.125505634352997 ], [ 28.70641565835945, 47.125501038881396 ], [ 28.706422103757365, 47.125496443409439 ], [ 28.706428549154172, 47.125491847937127 ], [ 28.706434994549859, 47.125487252464474 ], [ 28.706441439944452, 47.125482656991451 ], [ 28.706447885337919, 47.125478061518088 ], [ 28.706454330730292, 47.125473466044369 ], [ 28.706460776121542, 47.125468870570302 ], [ 28.706467221511691, 47.125464275095865 ], [ 28.706473666900727, 47.125459679621109 ], [ 28.706480112288652, 47.125455084145983 ], [ 28.706486557675468, 47.125450488670502 ], [ 28.706493003061176, 47.125445893194666 ], [ 28.70649285919486, 47.125441395910066 ], [ 28.706595985206931, 47.125367868249086 ], [ 28.706595697457754, 47.12535887368022 ], [ 28.706608444311637, 47.125345185431911 ], [ 28.706608156560588, 47.125336190863081 ], [ 28.70662090340597, 47.125322502613415 ], [ 28.706620615653051, 47.125313508044606 ], [ 28.706633362489939, 47.125299819793632 ], [ 28.706633074735148, 47.125290825224852 ], [ 28.706652123035873, 47.125268044203693 ], [ 28.70665183527824, 47.125259049634941 ], [ 28.706658280626776, 47.125254454150138 ], [ 28.7066647259742, 47.125249858664993 ], [ 28.706671171320515, 47.125245263179487 ], [ 28.706677616665715, 47.125240667693625 ], [ 28.706684062009813, 47.125236072207414 ], [ 28.706690507352793, 47.125231476720863 ], [ 28.706696952694671, 47.125226881233949 ], [ 28.706703398035437, 47.125222285746688 ], [ 28.706709843375087, 47.125217690259063 ], [ 28.706716288713636, 47.125213094771098 ], [ 28.706723021820146, 47.125217493851274 ], [ 28.706733813260808, 47.12555479015866 ], [ 28.706727367883321, 47.125559385647854 ], [ 28.706675804823494, 47.125596149548798 ], [ 28.706675804823494, 47.125596149548798 ], [ 28.706675948706007, 47.125600646832851 ], [ 28.706676092588555, 47.125605144116918 ], [ 28.706676236471143, 47.125609641400963 ], [ 28.706681128499664, 47.125762549056226 ], [ 28.706597338125793, 47.125822290352737 ], [ 28.70659719424879, 47.125817793068677 ], [ 28.706603639668302, 47.125813197586446 ], [ 28.706603351913355, 47.125804203018326 ], [ 28.706616242746975, 47.125795012052883 ], [ 28.706615379476737, 47.125768028348574 ], [ 28.706621824888757, 47.125763432865391 ], [ 28.706621393252551, 47.125749941013218 ], [ 28.706627838661905, 47.125745345529722 ], [ 28.706627407024449, 47.125731853677543 ], [ 28.706633852431128, 47.125727258193727 ], [ 28.706633420792425, 47.125713766341555 ], [ 28.706639866196436, 47.125709170857412 ], [ 28.706639434556482, 47.125695679005247 ], [ 28.706645879957829, 47.125691083520792 ], [ 28.706645592196992, 47.125682088952672 ], [ 28.706652037596186, 47.12567749346789 ], [ 28.706651605953631, 47.125664001615718 ], [ 28.706658051350157, 47.125659406130616 ], [ 28.706657619706355, 47.125645914278451 ], [ 28.70666406510021, 47.125641318793029 ], [ 28.706663633455161, 47.125627826940878 ], [ 28.70667007884634, 47.12562323145513 ], [ 28.706669791082106, 47.125614236887024 ], [ 28.706676236471143, 47.125609641400963 ], [ 28.706727799543451, 47.125572877499728 ], [ 28.706727367883321, 47.125559385647854 ], [ 28.706733813260808, 47.12555479015866 ], [ 28.706746704012449, 47.125545599179191 ], [ 28.706753293275359, 47.125545500972841 ], [ 28.706759882538236, 47.125545402766122 ], [ 28.706766471801078, 47.125545304559012 ], [ 28.706773061063885, 47.125545206351539 ], [ 28.706779650326656, 47.125545108143683 ], [ 28.706786239589395, 47.125545009935429 ], [ 28.706792828852098, 47.12554491172682 ], [ 28.706799418114766, 47.125544813517827 ], [ 28.706806007377399, 47.125544715308443 ], [ 28.706812596639995, 47.125544617098697 ], [ 28.70682577516509, 47.125544420678054 ], [ 28.706832508323036, 47.12554881975089 ], [ 28.706839097586048, 47.125548721539609 ], [ 28.706852276111977, 47.125548525115903 ], [ 28.706859009272588, 47.125552924187147 ], [ 28.706865598536019, 47.125552825974324 ], [ 28.706878777062773, 47.125552629547556 ], [ 28.706885510226058, 47.125557028617209 ], [ 28.706905278017498, 47.125556733973028 ], [ 28.706912011183444, 47.125561133041082 ], [ 28.706918600447711, 47.125561034825196 ], [ 28.706925189711939, 47.125560936608935 ], [ 28.706931922880042, 47.125565335675795 ], [ 28.706932210687963, 47.125574330242742 ], [ 28.706938943858361, 47.125578729309133 ], [ 28.706939087762965, 47.125583226592596 ], [ 28.706939231667604, 47.125587723876031 ], [ 28.706939375572279, 47.125592221159486 ], [ 28.706939519476986, 47.125596718442921 ], [ 28.706946108745548, 47.125596620225409 ], [ 28.706952698014078, 47.125596522007513 ], [ 28.706959287282572, 47.125596423789233 ], [ 28.70696602045799, 47.125600822853954 ], [ 28.706972609726972, 47.125600724634914 ], [ 28.70697919899591, 47.125600626415498 ], [ 28.70698578826482, 47.125600528195683 ], [ 28.706992377533695, 47.125600429975506 ], [ 28.706999110712303, 47.125604829038231 ], [ 28.707005699981661, 47.125604730817273 ], [ 28.70701228925099, 47.125604632595945 ], [ 28.707018878520273, 47.125604534374233 ], [ 28.707025467789531, 47.12560443615213 ], [ 28.707032200971334, 47.12560883521288 ], [ 28.707038790241075, 47.125608736990003 ], [ 28.707045379510777, 47.125608638766757 ], [ 28.707051968780451, 47.125608540543141 ], [ 28.707058558050083, 47.125608442319127 ], [ 28.707065291235079, 47.125612841377887 ], [ 28.7070718805052, 47.12561274315312 ], [ 28.707078469775286, 47.125612644927955 ], [ 28.707098237585338, 47.125612350250222 ], [ 28.70710497077404, 47.125616749306594 ], [ 28.707131327855706, 47.125616356396058 ], [ 28.707138061047594, 47.125620755450434 ], [ 28.707164418130784, 47.125620362532267 ], [ 28.707171151325859, 47.125624761584653 ], [ 28.707177740597089, 47.125624663353761 ], [ 28.707184329868291, 47.1256245651225 ], [ 28.70719091913945, 47.125624466890862 ], [ 28.707197508410577, 47.125624368658841 ], [ 28.707197508410577, 47.125624368658841 ], [ 28.70719091913945, 47.125624466890862 ], [ 28.707184329868291, 47.1256245651225 ], [ 28.707177740597089, 47.125624663353761 ], [ 28.707171151325859, 47.125624761584653 ], [ 28.707131615697755, 47.125625350961997 ], [ 28.707124882505795, 47.125620951907244 ], [ 28.70710511469283, 47.125621246589624 ], [ 28.707098381503535, 47.125616847533273 ], [ 28.707085202962428, 47.125617043985507 ], [ 28.707078469775286, 47.125612644927955 ], [ 28.7070718805052, 47.12561274315312 ], [ 28.707065291235079, 47.125612841377887 ], [ 28.707058701964922, 47.125612939602284 ], [ 28.707051968780451, 47.125608540543141 ], [ 28.707045379510777, 47.125608638766757 ], [ 28.707038790241075, 47.125608736990003 ], [ 28.707032200971334, 47.12560883521288 ], [ 28.707025467789531, 47.12560443615213 ], [ 28.707018878520273, 47.125604534374233 ], [ 28.70701228925099, 47.125604632595945 ], [ 28.707005699981661, 47.125604730817273 ], [ 28.706999110712303, 47.125604829038231 ], [ 28.706992377533695, 47.125600429975506 ], [ 28.70698578826482, 47.125600528195683 ], [ 28.70697919899591, 47.125600626415498 ], [ 28.70697919899591, 47.125600626415498 ], [ 28.706972609726972, 47.125600724634914 ], [ 28.70696602045799, 47.125600822853954 ], [ 28.706959287282572, 47.125596423789233 ], [ 28.706952698014078, 47.125596522007513 ], [ 28.706946108745548, 47.125596620225409 ], [ 28.706939519476986, 47.125596718442921 ], [ 28.706939375572279, 47.125592221159486 ], [ 28.706939231667604, 47.125587723876031 ], [ 28.706939087762965, 47.125583226592596 ], [ 28.706938943858361, 47.125578729309133 ], [ 28.706938656049253, 47.125569734742228 ], [ 28.706931922880042, 47.125565335675795 ], [ 28.706925189711939, 47.125560936608935 ], [ 28.706918600447711, 47.125561034825196 ], [ 28.706912011183444, 47.125561133041082 ], [ 28.706892243390456, 47.125561427686442 ], [ 28.706885510226058, 47.125557028617209 ], [ 28.706872331698261, 47.125557225044766 ], [ 28.706865598536019, 47.125552825974324 ], [ 28.706859009272588, 47.125552924187147 ], [ 28.706845830745625, 47.125553120611642 ], [ 28.706839097586048, 47.125548721539609 ], [ 28.706832508323036, 47.12554881975089 ], [ 28.7068193297969, 47.125549016172329 ], [ 28.706812596639995, 47.125544617098697 ], [ 28.706806007377399, 47.125544715308443 ], [ 28.706799418114766, 47.125544813517827 ], [ 28.706792828852098, 47.12554491172682 ], [ 28.706786239589395, 47.125545009935429 ], [ 28.706779650326656, 47.125545108143683 ], [ 28.706773061063885, 47.125545206351539 ], [ 28.706766471801078, 47.125545304559012 ], [ 28.706759882538236, 47.125545402766122 ], [ 28.706753293275359, 47.125545500972841 ], [ 28.706746704012449, 47.125545599179191 ], [ 28.706746704012449, 47.125545599179191 ], [ 28.706746560124245, 47.125541101895259 ], [ 28.706746416236079, 47.12553660461132 ], [ 28.706746272347949, 47.125532107327388 ], [ 28.706746128459852, 47.125527610043434 ], [ 28.706745984571789, 47.125523112759488 ], [ 28.706745840683762, 47.125518615475528 ], [ 28.706745696795767, 47.125514118191589 ], [ 28.706745552907812, 47.125509620907621 ], [ 28.706745409019884, 47.125505123623661 ], [ 28.706745265132, 47.125500626339701 ], [ 28.706745121244143, 47.125496129055726 ], [ 28.706744977356326, 47.125491631771744 ], [ 28.706744833468541, 47.12548713448777 ], [ 28.706744689580795, 47.125482637203795 ], [ 28.706744545693081, 47.1254781399198 ], [ 28.706744401805398, 47.125473642635811 ], [ 28.706744257917752, 47.125469145351822 ], [ 28.706744114030144, 47.125464648067826 ], [ 28.706743970142572, 47.125460150783823 ], [ 28.706743826255028, 47.12545565349982 ], [ 28.706743682367524, 47.12545115621581 ], [ 28.706743538480048, 47.125446658931786 ], [ 28.706743394592614, 47.125442161647776 ], [ 28.706743250705212, 47.125437664363751 ], [ 28.706743106817846, 47.125433167079727 ], [ 28.706742962930512, 47.12542866979571 ], [ 28.70674281904321, 47.125424172511664 ], [ 28.706742675155947, 47.125419675227633 ], [ 28.706742531268723, 47.125415177943594 ], [ 28.706742387381528, 47.125410680659556 ], [ 28.706742243494368, 47.125406183375503 ], [ 28.706742099607244, 47.125401686091443 ], [ 28.706741955720155, 47.125397188807391 ], [ 28.706741811833101, 47.125392691523324 ], [ 28.70674166794608, 47.125388194239257 ], [ 28.706741524059094, 47.125383696955197 ], [ 28.706741380172144, 47.12537919967113 ], [ 28.706741236285229, 47.125374702387056 ], [ 28.706741092398349, 47.125370205102961 ], [ 28.706740948511506, 47.125365707818887 ], [ 28.706740804624694, 47.125361210534798 ], [ 28.706740660737914, 47.125356713250703 ], [ 28.70674051685117, 47.125352215966608 ], [ 28.706740372964468, 47.125347718682512 ], [ 28.706740229077795, 47.125343221398417 ], [ 28.706740085191157, 47.1253387241143 ], [ 28.706739941304555, 47.125334226830191 ], [ 28.706739797417985, 47.125329729546074 ], [ 28.706739653531454, 47.125325232261964 ], [ 28.706739509644954, 47.125320734977841 ], [ 28.706739365758484, 47.12531623769371 ], [ 28.706739221872063, 47.125311740409586 ], [ 28.706739077985663, 47.125307243125455 ], [ 28.706738934099302, 47.125302745841303 ], [ 28.706738790212981, 47.125298248557179 ], [ 28.706738646326691, 47.125293751273034 ], [ 28.706738502440434, 47.125289253988875 ], [ 28.706738358554212, 47.125284756704723 ], [ 28.706738214668025, 47.12528025942057 ], [ 28.706738070781874, 47.125275762136404 ], [ 28.706737926895755, 47.125271264852238 ], [ 28.706737783009675, 47.125266767568071 ], [ 28.706737639123627, 47.125262270283898 ], [ 28.706737495237618, 47.125257772999731 ], [ 28.706737351351638, 47.125253275715544 ], [ 28.7067372074657, 47.125248778431363 ], [ 28.706737063579791, 47.125244281147175 ], [ 28.706736919693913, 47.125239783862995 ], [ 28.706736775808075, 47.125235286578778 ], [ 28.706736631922269, 47.125230789294591 ], [ 28.706736488036501, 47.125226292010382 ], [ 28.706736344150769, 47.125221794726173 ], [ 28.706736200265066, 47.125217297441949 ], [ 28.706736056379405, 47.125212800157755 ], [ 28.70673591249377, 47.125208302873531 ], [ 28.70673576860818, 47.125203805589308 ], [ 28.706735624722615, 47.125199308305078 ], [ 28.706732890903563, 47.125113859904019 ], [ 28.706739336227784, 47.125109264414867 ], [ 28.706738329030809, 47.125077783424736 ], [ 28.706744774350287, 47.125073187935307 ], [ 28.706744342693401, 47.125059696082367 ], [ 28.706750788010208, 47.125055100592618 ], [ 28.706750356352075, 47.125041608739679 ], [ 28.706821254746529, 47.124991058329599 ], [ 28.706816938010764, 47.124856139802077 ], [ 28.706823383297088, 47.124851544308484 ], [ 28.706822951623671, 47.12483805245558 ], [ 28.706829396907331, 47.124833456961653 ], [ 28.706828821341176, 47.12481546782444 ], [ 28.706835266621642, 47.124810872330215 ], [ 28.706834834945834, 47.124797380477297 ], [ 28.706841280223632, 47.124792784982766 ], [ 28.706840848546577, 47.124779293129841 ], [ 28.706847293821699, 47.124774697634983 ], [ 28.706846718250699, 47.124756708497756 ], [ 28.706853163522634, 47.124752113002593 ], [ 28.706852731843192, 47.124738621149653 ], [ 28.706859177112456, 47.124734025654185 ], [ 28.706858601538265, 47.124716036516922 ], [ 28.706865046804339, 47.124711441021134 ], [ 28.706864615122505, 47.124697949168187 ], [ 28.706871060385911, 47.124693353672086 ], [ 28.706870484808533, 47.124675364534809 ], [ 28.706876930068749, 47.12467076903841 ], [ 28.706876498384517, 47.124657277185449 ], [ 28.706882943642064, 47.124652681688715 ], [ 28.7068823680615, 47.124634692551432 ], [ 28.706888813315857, 47.124630097054414 ], [ 28.706888381629234, 47.124616605201425 ], [ 28.706894826880923, 47.12461200970408 ], [ 28.706894251297168, 47.124594020566782 ], [ 28.706900696545663, 47.124589425069125 ], [ 28.706900264856653, 47.124575933216121 ], [ 28.706906710102484, 47.124571337718159 ], [ 28.70690627841222, 47.124557845865169 ], [ 28.706912723655378, 47.12455325036688 ], [ 28.706912148066777, 47.124535261229546 ], [ 28.706918593306742, 47.124530665730951 ], [ 28.706918161614094, 47.124517173877962 ], [ 28.706924606851388, 47.124512578379047 ], [ 28.706924031259593, 47.124494589241706 ], [ 28.706930476493707, 47.124489993742486 ], [ 28.706930044798668, 47.124476501889475 ], [ 28.706936490030099, 47.124471906389935 ], [ 28.706935914435121, 47.124453917252573 ], [ 28.706942359663365, 47.124449321752735 ], [ 28.706941927965936, 47.124435829899703 ], [ 28.706948373191512, 47.124431234399552 ], [ 28.706947797593344, 47.124413245262176 ], [ 28.706954242815733, 47.124408649761705 ], [ 28.706953811115909, 47.124395157908666 ], [ 28.706960256335627, 47.124390562407882 ], [ 28.706959680734272, 47.124372573270499 ], [ 28.706966125950796, 47.12436797776941 ], [ 28.706965694248588, 47.124354485916349 ], [ 28.706972139462437, 47.124349890414933 ], [ 28.706971563857898, 47.124331901277536 ], [ 28.70697800906856, 47.124327305775822 ], [ 28.706977577363961, 47.124313813922754 ], [ 28.706984022571955, 47.124309218420727 ], [ 28.706983590866109, 47.124295726567645 ], [ 28.706990036071435, 47.124291131065306 ], [ 28.706989604364335, 47.124277639212245 ], [ 28.706996049566992, 47.124273043709579 ], [ 28.706995617858645, 47.124259551856504 ], [ 28.707002063058635, 47.124254956353511 ], [ 28.707001631349041, 47.124241464500457 ], [ 28.707008076546362, 47.124236868997151 ], [ 28.707007788739094, 47.124227874428449 ], [ 28.707014233934263, 47.124223278924809 ], [ 28.707013802222075, 47.124209787071756 ], [ 28.707020247414572, 47.124205191567796 ], [ 28.70701981570113, 47.12419169971475 ], [ 28.707026260890956, 47.124187104210485 ], [ 28.707025829176274, 47.124173612357431 ], [ 28.707032274363428, 47.124169016852846 ], [ 28.707031986552771, 47.124160022284151 ], [ 28.707038431737779, 47.124155426779232 ], [ 28.707038000020489, 47.124141934926186 ], [ 28.707031267026736, 47.124137535862332 ], [ 28.706971965232569, 47.124138419829741 ], [ 28.706959074853813, 47.124147610831855 ], [ 28.706939451482366, 47.124152402763229 ], [ 28.706926561094594, 47.124161593761791 ], [ 28.706919972003167, 47.124161691975921 ], [ 28.706907081609774, 47.124170882972329 ], [ 28.706887458224905, 47.12417567489495 ], [ 28.70685508831999, 47.124194155089683 ], [ 28.70683546492171, 47.124198947003549 ], [ 28.70678361545745, 47.124226716373919 ], [ 28.706763992040507, 47.124231508275734 ], [ 28.706731622058502, 47.124249988436389 ], [ 28.70671199862814, 47.124254780329458 ], [ 28.70667962861382, 47.124273260475753 ], [ 28.706660005170036, 47.124278052360062 ], [ 28.706627635123397, 47.124296532491982 ], [ 28.706608011666191, 47.124301324367536 ], [ 28.706556161982633, 47.124329093637236 ], [ 28.706536538506768, 47.124333885500754 ], [ 28.706504168383045, 47.12435236559859 ], [ 28.706484544893758, 47.124357157453339 ], [ 28.706452174737713, 47.124375637536829 ], [ 28.706432551235007, 47.124380429382825 ], [ 28.706380701382152, 47.124408198574862 ], [ 28.706361077860794, 47.124412990408828 ], [ 28.706328707627659, 47.124431470458212 ], [ 28.706309084092872, 47.124436262283417 ], [ 28.706276713827418, 47.124454742318449 ], [ 28.706257090279216, 47.124459534134878 ], [ 28.706205240257066, 47.124487303249261 ], [ 28.70618561669021, 47.124492095053668 ], [ 28.706153246347661, 47.124510575054607 ], [ 28.706133622767386, 47.124515366850247 ], [ 28.706101252392521, 47.124533846836833 ], [ 28.706081628798824, 47.124538638623719 ], [ 28.706029778607373, 47.124566407660446 ], [ 28.706010154995013, 47.124571199435294 ], [ 28.705977784543062, 47.124589679387782 ], [ 28.70597119539552, 47.124589777548017 ], [ 28.705945270252652, 47.124603662044819 ], [ 28.70593868110327, 47.1246037602032 ], [ 28.70588697458442, 47.124636026463335 ], [ 28.705880385430838, 47.124636124618412 ], [ 28.705854604050113, 47.124654506381859 ], [ 28.705848014894141, 47.12465460453511 ], [ 28.705822233493294, 47.124672986291465 ], [ 28.705815644334926, 47.124673084442882 ], [ 28.705789862913974, 47.124691466192154 ], [ 28.705783273753216, 47.124691564341724 ], [ 28.705757492312141, 47.124709946083911 ], [ 28.705750903148992, 47.124710044231655 ], [ 28.705725121687813, 47.124728425966758 ], [ 28.705718532522265, 47.124728524112676 ], [ 28.705692751040974, 47.124746905840681 ], [ 28.705686161873036, 47.124747003984766 ], [ 28.705660380371629, 47.124765385705686 ], [ 28.705653791201296, 47.124765483847945 ], [ 28.705628009679781, 47.124783865561781 ], [ 28.705621420507057, 47.124783963702193 ], [ 28.70559563896542, 47.124802345408952 ], [ 28.705589049790309, 47.124802443547523 ], [ 28.705563268228563, 47.124820825247191 ], [ 28.70555667905105, 47.124820923383936 ], [ 28.705530897469192, 47.124839305076506 ], [ 28.705524308289295, 47.124839403211432 ], [ 28.705498526687322, 47.124857784896932 ], [ 28.705491937505027, 47.12485788303001 ], [ 28.705466155882942, 47.124876264708412 ], [ 28.705459566698256, 47.124876362839665 ], [ 28.705433785056062, 47.124894744510982 ], [ 28.705427195868982, 47.124894842640401 ], [ 28.705407859623911, 47.124908628889102 ], [ 28.705401270435026, 47.124908727017043 ], [ 28.705375488757042, 47.124927108675593 ], [ 28.705368899565766, 47.124927206801708 ], [ 28.70534311786767, 47.124945588453159 ], [ 28.705336528674, 47.124945686577448 ], [ 28.705310746955785, 47.124964068221821 ], [ 28.705304157759723, 47.124964166344277 ], [ 28.705278376021404, 47.124982547981567 ], [ 28.705271786822948, 47.124982646102183 ], [ 28.705246005064513, 47.125001027732374 ], [ 28.705239415863662, 47.125001125851156 ], [ 28.705220079531411, 47.125014912069027 ], [ 28.705213490328759, 47.125015010186338 ], [ 28.70519415398476, 47.125028796399945 ], [ 28.705187564780303, 47.125028894515786 ], [ 28.705168228424547, 47.12504268072513 ], [ 28.705161639218289, 47.125042778839507 ], [ 28.705142302850774, 47.125056565044595 ], [ 28.705135713642708, 47.125056663157487 ], [ 28.705090451662549, 47.125084333666322 ], [ 28.705083862450881, 47.125084431776287 ], [ 28.7050709715168, 47.125093622571505 ], [ 28.70506438230392, 47.125093720680368 ], [ 28.70504504589271, 47.125107506869483 ], [ 28.705038456678022, 47.125107604976868 ], [ 28.705019120255063, 47.125121391161713 ], [ 28.70501253103857, 47.125121489267634 ], [ 28.704993194603848, 47.125135275448216 ], [ 28.704986605385553, 47.125135373552673 ], [ 28.704967268939082, 47.125149159728998 ], [ 28.704960679718983, 47.125149257831985 ], [ 28.704941343260749, 47.125163044004054 ], [ 28.704934754038852, 47.125163142105571 ], [ 28.704915417568863, 47.125176928273369 ], [ 28.704908828345165, 47.125177026373407 ], [ 28.704889491863419, 47.125190812536964 ], [ 28.704882902637912, 47.125190910635531 ], [ 28.704837640411849, 47.125218581046958 ], [ 28.704831051182733, 47.125218679142598 ], [ 28.704818160172508, 47.12522786991012 ], [ 28.704811570942177, 47.125227968004658 ], [ 28.70479223441674, 47.125241754152221 ], [ 28.704785645184611, 47.125241852245281 ], [ 28.704766308647418, 47.125255638388602 ], [ 28.704759719413484, 47.125255736480177 ], [ 28.704740382864536, 47.125269522619227 ], [ 28.704733793628801, 47.125269620709354 ], [ 28.704714457068089, 47.12528340684414 ], [ 28.704707867830553, 47.125283504932789 ], [ 28.704688531258089, 47.125297291063319 ], [ 28.704681942018748, 47.125297389150489 ], [ 28.704662605434532, 47.125311175276764 ], [ 28.704656016193383, 47.125311273362485 ], [ 28.704636679597407, 47.125325059484496 ], [ 28.70463009035446, 47.125325157568739 ], [ 28.704584827882492, 47.125352827882757 ], [ 28.704578238635936, 47.125352925964052 ], [ 28.704565347549554, 47.12536211670389 ], [ 28.704558758301783, 47.125362214784097 ], [ 28.704539421662112, 47.125376000890114 ], [ 28.704532832412543, 47.125376098968857 ], [ 28.704513495761116, 47.125389885070625 ], [ 28.704506906509739, 47.125389983147876 ], [ 28.704487569846556, 47.125403769245395 ], [ 28.704480980593381, 47.125403867321182 ], [ 28.704461643918442, 47.125417653414431 ], [ 28.704455054663459, 47.125417751488747 ], [ 28.704435717976768, 47.12543153757774 ], [ 28.704429128719976, 47.1254316356506 ], [ 28.704409792021529, 47.125445421735336 ], [ 28.70440320276294, 47.125445519806711 ], [ 28.704383866052737, 47.125459305887176 ], [ 28.704377276792346, 47.125459403957088 ], [ 28.70433201407447, 47.125487074173698 ], [ 28.704325424810467, 47.125487172240675 ], [ 28.704312533647926, 47.125496362952816 ], [ 28.704305944382714, 47.125496461018685 ], [ 28.704286607628816, 47.125510247083177 ], [ 28.7042800183618, 47.125510345147582 ], [ 28.704260681596146, 47.125524131207811 ], [ 28.704254092327329, 47.125524229270738 ], [ 28.704234755549912, 47.125538015326718 ], [ 28.704228166279286, 47.12553811338816 ], [ 28.704208829490117, 47.12555189943987 ], [ 28.704202240217693, 47.125551997499855 ], [ 28.704156977329859, 47.125579667649035 ], [ 28.704111283395772, 47.125593845910622 ], [ 28.704098392170398, 47.125603036599294 ], [ 28.704091802891281, 47.125603134652998 ], [ 28.704085357276334, 47.12560772999646 ], [ 28.704078767996595, 47.125607828049432 ], [ 28.70407232237995, 47.125612423392162 ], [ 28.704026628394612, 47.125626601620546 ], [ 28.704013737146624, 47.125635792299931 ], [ 28.704007147863166, 47.125635890348825 ], [ 28.704000702236918, 47.125640485687626 ], [ 28.703955008207924, 47.125654663887914 ], [ 28.703942116940716, 47.125663854559434 ], [ 28.703935527653552, 47.125663952604256 ], [ 28.703929082017698, 47.125668547939128 ], [ 28.703922492729912, 47.125668645983211 ], [ 28.70391604709236, 47.125673241317372 ], [ 28.703870353012103, 47.125687419484443 ], [ 28.703857461722293, 47.125696610146676 ], [ 28.70381176760597, 47.12571078829076 ], [ 28.703805034671447, 47.125706389037482 ], [ 28.70380158729505, 47.125598454059876 ], [ 28.703808032933782, 47.125593858732095 ], [ 28.70380760201158, 47.125580366859765 ], [ 28.703814047647644, 47.125575771531679 ], [ 28.703813473083105, 47.125557782368567 ], [ 28.703819918715975, 47.125553187040154 ], [ 28.703819344149917, 47.125535197877028 ], [ 28.703825789779593, 47.125530602548331 ], [ 28.703825358853855, 47.125517110675979 ], [ 28.70383180448086, 47.125512515346948 ], [ 28.703831229911611, 47.1254945261838 ], [ 28.703837675535436, 47.125489930854471 ], [ 28.703837100964655, 47.125471941691316 ], [ 28.703843546585283, 47.125467346361667 ], [ 28.703842972012982, 47.125449357198498 ], [ 28.703849417630423, 47.12544476186855 ], [ 28.703848986699995, 47.125431269996163 ], [ 28.703855432314768, 47.125426674665896 ], [ 28.70385485773927, 47.125408685502705 ], [ 28.70384826848332, 47.125408783542099 ], [ 28.703841679227324, 47.125408881581123 ], [ 28.703835089971303, 47.125408979619777 ], [ 28.703828500715243, 47.125409077658027 ], [ 28.703821911459148, 47.125409175695921 ], [ 28.703815322203017, 47.125409273733439 ], [ 28.703808732946857, 47.125409371770552 ], [ 28.703802143690659, 47.125409469807302 ], [ 28.703788965178159, 47.125409665879673 ], [ 28.7037694846824, 47.125418954567373 ], [ 28.703756306167339, 47.125419150636006 ], [ 28.703749860544765, 47.125423745960802 ], [ 28.703736969296287, 47.125432936609322 ], [ 28.703723790777548, 47.12543313267426 ], [ 28.703723359879067, 47.12541964080097 ], [ 28.703703592105686, 47.12541993489539 ], [ 28.70368411159096, 47.125429223568801 ], [ 28.703670933072772, 47.125429419627643 ], [ 28.703664487441493, 47.125434014947729 ], [ 28.703664631069401, 47.125438512238958 ], [ 28.703651452548783, 47.12543870829559 ], [ 28.703651308921987, 47.125434211004325 ], [ 28.703651308921987, 47.125434211004325 ], [ 28.703651452548783, 47.12543870829559 ], [ 28.703651596175611, 47.125443205586855 ], [ 28.703645006914698, 47.125443303614624 ], [ 28.703638561279504, 47.125447898933281 ], [ 28.703592867313823, 47.125462076988626 ], [ 28.703579976028731, 47.125471267619886 ], [ 28.703573386764109, 47.125471365643563 ], [ 28.703566941119306, 47.125475960958312 ], [ 28.703521247109965, 47.125490138985548 ], [ 28.703508355805663, 47.125499329608949 ], [ 28.703501766537325, 47.125499427628554 ], [ 28.703495320882915, 47.125504022939374 ], [ 28.703449626829919, 47.125518200938515 ], [ 28.703436735506408, 47.125527391554051 ], [ 28.703430146234357, 47.125527489569585 ], [ 28.703423700570347, 47.125532084876475 ], [ 28.703378006473688, 47.125546262847514 ], [ 28.703365115130961, 47.125555453455192 ], [ 28.703358525855201, 47.125555551466661 ], [ 28.703352080181585, 47.125560146769601 ], [ 28.703306386041262, 47.125574324712559 ], [ 28.70329994036085, 47.125578920012636 ], [ 28.703293494679322, 47.125583515312371 ], [ 28.703286905399857, 47.125583613319755 ], [ 28.70328045971663, 47.125588208618773 ], [ 28.70327387043654, 47.125588306625417 ], [ 28.703267424751616, 47.125592901923717 ], [ 28.7032608354709, 47.125592999929616 ], [ 28.703254389784277, 47.125597595227191 ], [ 28.703234765532653, 47.125602386533643 ], [ 28.703228319842633, 47.12560698182979 ], [ 28.703221874151502, 47.125611577125596 ], [ 28.703215284868325, 47.125611675128901 ], [ 28.703208839175495, 47.125616270423983 ], [ 28.703202249891696, 47.125616368426549 ], [ 28.703195804197165, 47.12562096372092 ], [ 28.703189214912737, 47.125621061722754 ], [ 28.703182769216507, 47.125625657016393 ], [ 28.703176179931457, 47.125625755017481 ], [ 28.70316973423353, 47.125630350310416 ], [ 28.703163144947855, 47.125630448310751 ], [ 28.703156699248229, 47.125635043602983 ], [ 28.703150253547491, 47.125639638894846 ], [ 28.703143664260601, 47.125639736894087 ], [ 28.703137218558165, 47.125644332185246 ], [ 28.703130629270657, 47.125644430183726 ], [ 28.703124183566516, 47.125649025474161 ], [ 28.703117594278385, 47.125649123471909 ], [ 28.703104415702008, 47.12564931946627 ], [ 28.703084934997452, 47.125658608039799 ], [ 28.703078345707997, 47.125658706035303 ], [ 28.703078202128403, 47.12565420874288 ], [ 28.703078058548837, 47.12564971145045 ], [ 28.703078058548837, 47.12564971145045 ], [ 28.703078202128403, 47.12565420874288 ], [ 28.703078345707997, 47.125658706035303 ], [ 28.703078632867289, 47.125667700620156 ], [ 28.703072043576697, 47.125667798615304 ], [ 28.703065597864647, 47.125672393902526 ], [ 28.703059008573426, 47.12567249189695 ], [ 28.703052562859686, 47.125677087183441 ], [ 28.703045973567839, 47.125677185177125 ], [ 28.7030395278524, 47.125681780462919 ], [ 28.703032938559932, 47.12568187845585 ], [ 28.703026492842788, 47.125686473740913 ], [ 28.703019903549695, 47.125686571733105 ], [ 28.703013457830853, 47.125691167017472 ], [ 28.702993833522253, 47.125695958283259 ], [ 28.702987387800015, 47.12570055356619 ], [ 28.702980942076668, 47.125705148848773 ], [ 28.702974496352212, 47.125709744131001 ], [ 28.702968050626641, 47.125714339412866 ], [ 28.702968050626641, 47.125714339412866 ], [ 28.702974496352212, 47.125709744131001 ], [ 28.702981085648318, 47.125709646141388 ], [ 28.703000422816597, 47.125695860292566 ], [ 28.703007012110906, 47.12569576230149 ], [ 28.703013457830853, 47.125691167017472 ], [ 28.703019903549695, 47.125686571733105 ], [ 28.703026492842788, 47.125686473740913 ], [ 28.703032938559932, 47.12568187845585 ], [ 28.7030395278524, 47.125681780462919 ], [ 28.703045973567839, 47.125677185177125 ], [ 28.703052562859686, 47.125677087183441 ], [ 28.703059008573426, 47.12567249189695 ], [ 28.703065597864647, 47.125672393902526 ], [ 28.703072043576697, 47.125667798615304 ], [ 28.703078632867289, 47.125667700620156 ], [ 28.703091524286869, 47.12565851004392 ], [ 28.703098113576253, 47.125658412047656 ], [ 28.703104559283783, 47.125653816758636 ], [ 28.703111148572546, 47.125653718761633 ], [ 28.703117594278385, 47.125649123471909 ], [ 28.703124183566516, 47.125649025474161 ], [ 28.703130629270657, 47.125644430183726 ], [ 28.703137218558165, 47.125644332185246 ], [ 28.703143664260601, 47.125639736894087 ], [ 28.703150253547491, 47.125639638894846 ], [ 28.703156699248229, 47.125635043602983 ], [ 28.703163288534491, 47.125634945602997 ], [ 28.70316973423353, 47.125630350310416 ], [ 28.703176179931457, 47.125625755017481 ], [ 28.703182769216507, 47.125625657016393 ], [ 28.703189214912737, 47.125621061722754 ], [ 28.703195804197165, 47.12562096372092 ], [ 28.703202249891696, 47.125616368426549 ], [ 28.703208839175495, 47.125616270423983 ], [ 28.703215284868325, 47.125611675128901 ], [ 28.703221874151502, 47.125611577125596 ], [ 28.703228319842633, 47.12560698182979 ], [ 28.70324794409655, 47.12560219052444 ], [ 28.703254389784277, 47.125597595227191 ], [ 28.7032608354709, 47.125592999929616 ], [ 28.703267424751616, 47.125592901923717 ], [ 28.70327387043654, 47.125588306625417 ], [ 28.70328045971663, 47.125588208618773 ], [ 28.703287048996689, 47.125588110611751 ], [ 28.703293494679322, 47.125583515312371 ], [ 28.70329994036085, 47.125578920012636 ], [ 28.703319708197277, 47.125578625987124 ], [ 28.703319995396452, 47.125587620570961 ], [ 28.703346352515634, 47.125587228531515 ], [ 28.703365689544292, 47.125573442622496 ], [ 28.703378868100145, 47.125573246598314 ], [ 28.703385313772962, 47.125568651293882 ], [ 28.70341797294348, 47.125559166641565 ], [ 28.70343086427782, 47.125549976028061 ], [ 28.703476558362997, 47.125535798036069 ], [ 28.703489449681523, 47.125526607416106 ], [ 28.703535143730637, 47.125512429401134 ], [ 28.70354803503335, 47.125503238774762 ], [ 28.703554624301997, 47.125503140752485 ], [ 28.703561069951096, 47.125498545438418 ], [ 28.70360676395655, 47.125484367395337 ], [ 28.70361965524005, 47.125475176761107 ], [ 28.703626244504985, 47.125475078734752 ], [ 28.703632690144481, 47.125470483416734 ], [ 28.70363927940879, 47.125470385389633 ], [ 28.703645725046588, 47.125465790070912 ], [ 28.703652314310279, 47.125465692043079 ], [ 28.703658759946375, 47.12546109672364 ], [ 28.703665349209437, 47.125460998695054 ], [ 28.703671794843835, 47.125456403374898 ], [ 28.703678384106272, 47.125456305345566 ], [ 28.703684829738972, 47.125451710024699 ], [ 28.703730523670387, 47.125437531933059 ], [ 28.703736969296287, 47.125432936609322 ], [ 28.703736682028378, 47.125423942027197 ], [ 28.703736682028378, 47.125423942027197 ], [ 28.703743271286587, 47.125423843994184 ], [ 28.703749860544765, 47.125423745960802 ], [ 28.70376962831908, 47.125423451858367 ], [ 28.703802143690659, 47.125409469807302 ], [ 28.703808732946857, 47.125409371770552 ], [ 28.703815322203017, 47.125409273733439 ], [ 28.703821911459148, 47.125409175695921 ], [ 28.703828500715243, 47.125409077658027 ], [ 28.703835089971303, 47.125408979619777 ], [ 28.703841679227324, 47.125408881581123 ], [ 28.70384826848332, 47.125408783542099 ], [ 28.70385485773927, 47.125408685502705 ], [ 28.703861303350848, 47.12540409017214 ], [ 28.703860728773833, 47.125386101008914 ], [ 28.703867174382218, 47.125381505678043 ], [ 28.703866743448259, 47.125368013805634 ], [ 28.703873189053976, 47.125363418474429 ], [ 28.703872614473763, 47.12534542931121 ], [ 28.703879060076293, 47.125340833979706 ], [ 28.70387848549456, 47.125322844816466 ], [ 28.703884931093896, 47.125318249484664 ], [ 28.703884500156398, 47.12530475761222 ], [ 28.703890945753063, 47.125300162280098 ], [ 28.70389065846053, 47.125291167698471 ], [ 28.703916440831943, 47.12527278636653 ], [ 28.703912993282444, 47.125164851386977 ], [ 28.703919438860037, 47.125160256053384 ], [ 28.703918289677144, 47.125124277726464 ], [ 28.703924735249473, 47.125119682392601 ], [ 28.703923442416688, 47.125079206774615 ], [ 28.703929887983225, 47.125074611440517 ], [ 28.703928595148572, 47.125034135822311 ], [ 28.703935040709315, 47.125029540487972 ], [ 28.703933747872792, 47.12498906486956 ], [ 28.703940193427737, 47.124984469534965 ], [ 28.703939044237913, 47.12494849120732 ], [ 28.703970697370728, 47.124907525365821 ], [ 28.703970410068699, 47.124898530783966 ], [ 28.704008365028027, 47.124848472304983 ], [ 28.704008077720243, 47.124839477723192 ], [ 28.704014523250954, 47.124834882384611 ], [ 28.704014235942257, 47.124825887802835 ], [ 28.704020681470819, 47.124821292463928 ], [ 28.704020106851772, 47.124803303300368 ], [ 28.70402655237714, 47.124798707961155 ], [ 28.704026121411662, 47.124785216088476 ], [ 28.704032566934366, 47.12478062074895 ], [ 28.704031992312125, 47.124762631585376 ], [ 28.704038437831635, 47.124758036245538 ], [ 28.704037863207876, 47.124740047081936 ], [ 28.704044308724193, 47.124735451741799 ], [ 28.704043734098907, 47.124717462578189 ], [ 28.704050179612036, 47.12471286723774 ], [ 28.704049604985222, 47.124694878074116 ], [ 28.704056050495158, 47.124690282733354 ], [ 28.704055475866816, 47.124672293569731 ], [ 28.704061921373565, 47.124667698228656 ], [ 28.704061346743707, 47.124649709064997 ], [ 28.704067792247262, 47.124645113723631 ], [ 28.704067217615876, 47.124627124559964 ], [ 28.704073663116237, 47.124622529218286 ], [ 28.704073088483323, 47.124604540054598 ], [ 28.704079533980501, 47.124599944712607 ], [ 28.704079103004617, 47.124586452839829 ], [ 28.704085548499126, 47.124581857497525 ], [ 28.704084973863019, 47.124563868333816 ], [ 28.704091419354338, 47.12455927299122 ], [ 28.704090844716703, 47.12454128382749 ], [ 28.704097290204832, 47.124536688484575 ], [ 28.704096715565672, 47.124518699320845 ], [ 28.704103161050615, 47.124514103977617 ], [ 28.704102586409931, 47.124496114813873 ], [ 28.704109031891679, 47.12449151947034 ], [ 28.704108457249465, 47.124473530306574 ], [ 28.704114902728023, 47.124468934962742 ], [ 28.704114328084287, 47.124450945798955 ], [ 28.704178782788027, 47.124404992341695 ], [ 28.704185371918896, 47.124404894284851 ], [ 28.704204708306612, 47.12439110823972 ], [ 28.704211297435684, 47.124391010181419 ], [ 28.704224188354097, 47.124381819482174 ], [ 28.704230777481953, 47.124381721422758 ], [ 28.704243668394749, 47.124372530721388 ], [ 28.704250257521398, 47.12437243266087 ], [ 28.704269593880497, 47.124358646605074 ], [ 28.704276183005341, 47.124358548543086 ], [ 28.704289073904683, 47.124349357836728 ], [ 28.704295663028308, 47.124349259773631 ], [ 28.704308553922033, 47.124340069065155 ], [ 28.704315143044447, 47.124339971000957 ], [ 28.704334479374939, 47.124326184934482 ], [ 28.704341068495552, 47.12432608686882 ], [ 28.704353959375823, 47.124316896155349 ], [ 28.70436054849522, 47.124316798088572 ], [ 28.704373439369874, 47.124307607372977 ], [ 28.704380028488057, 47.124307509305105 ], [ 28.704399364789939, 47.124293723227964 ], [ 28.704405953906321, 47.124293625158614 ], [ 28.70441884476752, 47.124284434438046 ], [ 28.704425433882683, 47.12428433636758 ], [ 28.704438324738266, 47.124275145644866 ], [ 28.704444913852218, 47.124275047573306 ], [ 28.704464250125501, 47.124261261485508 ], [ 28.704470839237647, 47.124261163412484 ], [ 28.704483730079776, 47.124251972684803 ], [ 28.704490319190704, 47.124251874610664 ], [ 28.704503210027219, 47.124242683880837 ], [ 28.704509799136932, 47.12424258580559 ], [ 28.704529135381613, 47.12422879970714 ], [ 28.704535724489528, 47.124228701630422 ], [ 28.704548615312579, 47.124219510895628 ], [ 28.704555204419286, 47.124219412817816 ], [ 28.70456809523672, 47.124210222080883 ], [ 28.704574684342212, 47.124210124001962 ], [ 28.704587575154033, 47.124200933262898 ], [ 28.70459416425831, 47.124200835182862 ], [ 28.704613500465946, 47.124187049070535 ], [ 28.704620089568422, 47.124186950989035 ], [ 28.704632980366785, 47.124177760244997 ], [ 28.704639569468043, 47.124177662162396 ], [ 28.704652460260789, 47.124168471416219 ], [ 28.704659049360838, 47.124168373332495 ], [ 28.704678385539868, 47.12415458720951 ], [ 28.704684974638113, 47.124154489124329 ], [ 28.704697865417401, 47.124145298373186 ], [ 28.704704454514435, 47.12414520028689 ], [ 28.70471734528811, 47.124136009533608 ], [ 28.704723934383928, 47.124135911446217 ], [ 28.704743270534347, 47.124122125312553 ], [ 28.704749859628361, 47.124122027223692 ], [ 28.704762750388578, 47.124112836465429 ], [ 28.704769339481381, 47.124112738375466 ], [ 28.704782230235981, 47.124103547615071 ], [ 28.704788819327568, 47.124103449523993 ], [ 28.704801710076552, 47.12409425876146 ], [ 28.704808299166924, 47.12409416066928 ], [ 28.704821189910291, 47.124084969904615 ], [ 28.704827778999451, 47.124084871811327 ], [ 28.704879629370527, 47.124057103314641 ], [ 28.704899252901935, 47.124052311734253 ], [ 28.704912143619438, 47.124043120959612 ], [ 28.704918732703113, 47.124043022861159 ], [ 28.704970582985627, 47.124015254324213 ], [ 28.704990206493143, 47.124010462728521 ], [ 28.705042056706372, 47.123982694159935 ], [ 28.705061680195232, 47.123977902552191 ], [ 28.705074570866618, 47.123968711759744 ], [ 28.705081159940551, 47.123968613652067 ], [ 28.705133010065214, 47.123940845043251 ], [ 28.705152633530183, 47.123936053420188 ], [ 28.705165524175698, 47.123926862617772 ], [ 28.705172113244153, 47.123926764504922 ], [ 28.70522396328025, 47.123898995855846 ], [ 28.705243586721334, 47.123894204217478 ], [ 28.705256477340978, 47.123885013405079 ], [ 28.705263066403951, 47.123884915287078 ], [ 28.70531491635149, 47.12385714659775 ], [ 28.705334539768678, 47.123852354944063 ], [ 28.705347430362451, 47.123843164121695 ], [ 28.705354019419946, 47.123843065998521 ], [ 28.705405869278927, 47.123815297268941 ], [ 28.705412458332781, 47.123815199142449 ], [ 28.705438383240125, 47.123801314767597 ], [ 28.705444972292145, 47.123801216639265 ], [ 28.705490233014146, 47.12377354600072 ], [ 28.70549682206256, 47.123773447869439 ], [ 28.705509712609178, 47.123764257029279 ], [ 28.705516301656377, 47.12376415889689 ], [ 28.705535637466209, 47.123750372632941 ], [ 28.7055422265116, 47.123750274499088 ], [ 28.705561562309683, 47.123736488230875 ], [ 28.705568151353273, 47.123736390095537 ], [ 28.705587487139603, 47.123722603823069 ], [ 28.705594076181388, 47.123722505686274 ], [ 28.705639336758761, 47.123694834990282 ], [ 28.70564592579694, 47.123694736850553 ], [ 28.705658816298758, 47.123685545994057 ], [ 28.705665405335726, 47.123685447853219 ], [ 28.705684741078358, 47.123671661564764 ], [ 28.705691330113524, 47.123671563422455 ], [ 28.705710665844407, 47.123657777129743 ], [ 28.705717254877761, 47.123657678985964 ], [ 28.705736590596892, 47.123643892689003 ], [ 28.705743179628449, 47.123643794543746 ], [ 28.705788440061184, 47.123616123790313 ], [ 28.705795029089135, 47.123616025642121 ], [ 28.705807919546157, 47.123606834769312 ], [ 28.705814508572889, 47.123606736620012 ], [ 28.705833844248325, 47.123592950307071 ], [ 28.705840433273259, 47.123592852156307 ], [ 28.705859768936939, 47.123579065839088 ], [ 28.705866357960065, 47.123578967686868 ], [ 28.705885693611989, 47.123565181365393 ], [ 28.705892282633318, 47.123565083211687 ], [ 28.705937542921426, 47.1235374124008 ], [ 28.705944131939148, 47.12353731424416 ], [ 28.705957022351367, 47.123528123355015 ], [ 28.705963611367874, 47.123528025197267 ], [ 28.705982946976103, 47.123514238859819 ], [ 28.70598953599081, 47.1235141407006 ], [ 28.70600887158729, 47.123500354358903 ], [ 28.706015460600188, 47.12350025619822 ], [ 28.706034796184912, 47.123486469852246 ], [ 28.706041385196006, 47.123486371690106 ], [ 28.706060720768981, 47.123472585339869 ], [ 28.706067309778277, 47.123472487176258 ], [ 28.706106124714395, 47.123449411751203 ], [ 28.706112713720671, 47.123449313584999 ], [ 28.706119158902126, 47.123444718131367 ], [ 28.706151816275021, 47.123435232718911 ], [ 28.706164706626627, 47.123426041807001 ], [ 28.706171295629812, 47.123425943637478 ], [ 28.706177740803366, 47.123421348180628 ], [ 28.706184329805929, 47.123421250010367 ], [ 28.706190774977777, 47.123416654552798 ], [ 28.706236466487152, 47.12340247548731 ], [ 28.706249356816141, 47.12339328456612 ], [ 28.706255945815002, 47.123393186391773 ], [ 28.706262390977248, 47.123388590930269 ], [ 28.706268979975469, 47.123388492755183 ], [ 28.706275425136024, 47.123383897292982 ], [ 28.706282014133624, 47.123383799117143 ], [ 28.70628845929247, 47.123379203654231 ], [ 28.706334150742997, 47.123365024550417 ], [ 28.706347041045984, 47.123355833618504 ], [ 28.706353630039882, 47.123355735438594 ], [ 28.706360075189124, 47.123351139971739 ], [ 28.706366664182394, 47.123351041791096 ], [ 28.706373109329938, 47.123346446323524 ], [ 28.706379698322582, 47.123346348142142 ], [ 28.706386143468428, 47.123341752673859 ], [ 28.706431834860101, 47.123327573531725 ], [ 28.706444725137086, 47.123318382589076 ], [ 28.706490416492702, 47.123304203423977 ], [ 28.706503306753874, 47.123295012474905 ], [ 28.706509895739725, 47.123294914286113 ], [ 28.706522785995279, 47.123285723334909 ], [ 28.706529374979915, 47.123285625145002 ], [ 28.70654871035315, 47.123271838714459 ], [ 28.706555299335989, 47.123271740523101 ], [ 28.706600559028235, 47.123244069456405 ], [ 28.706607148007457, 47.123243971262085 ], [ 28.70662003823389, 47.123234780300237 ], [ 28.706626627211897, 47.123234682104808 ], [ 28.706645962541447, 47.123220895658299 ], [ 28.706652551517653, 47.123220797461414 ], [ 28.706671886835455, 47.123207011010642 ], [ 28.706678475809856, 47.123206912812272 ], [ 28.706723735382791, 47.123179241698132 ], [ 28.706730324353586, 47.123179143496827 ], [ 28.706743214543057, 47.123169952521479 ], [ 28.70674980351264, 47.12316985431908 ], [ 28.706769138786747, 47.123156067852328 ], [ 28.706775727754525, 47.123155969648451 ], [ 28.706795063016877, 47.12314218317745 ], [ 28.706801651982857, 47.123142084972116 ], [ 28.706846911436472, 47.123114413810491 ], [ 28.706853500398843, 47.123114315602209 ], [ 28.70686639055134, 47.123105124613382 ], [ 28.7068729795125, 47.123105026403984 ], [ 28.70689231473116, 47.123091239917002 ], [ 28.706898903690519, 47.123091141706148 ], [ 28.706944163050128, 47.123063470507063 ], [ 28.706950752005881, 47.123063372293274 ], [ 28.706963642129256, 47.123054181293789 ], [ 28.706970231083783, 47.123054083078884 ], [ 28.706989566258759, 47.123040296575915 ], [ 28.706996155211488, 47.12304019835954 ], [ 28.707015490374708, 47.123026411852322 ], [ 28.707022079325636, 47.123026313634476 ], [ 28.707067338565931, 47.122998642387948 ], [ 28.707073927513253, 47.122998544167174 ], [ 28.707086817599663, 47.122989353154189 ], [ 28.707093406545773, 47.122989254932314 ], [ 28.707112741665302, 47.122975468409102 ], [ 28.707119330609604, 47.122975370185749 ], [ 28.707164589755894, 47.122947698901754 ], [ 28.707171178696594, 47.12294760067546 ], [ 28.707184068753879, 47.122938409651823 ], [ 28.707190657693364, 47.122938311424427 ], [ 28.707235916770966, 47.122910640112934 ], [ 28.707255683578495, 47.122910345420799 ], [ 28.707343210769732, 47.122967533081784 ], [ 28.707356388654759, 47.122967336608205 ], [ 28.707362833670057, 47.122962741086326 ], [ 28.707369278684233, 47.122958145564105 ], [ 28.707375723697311, 47.122953550041522 ], [ 28.707382168709273, 47.122948954518591 ], [ 28.707388613720124, 47.122944358995312 ], [ 28.707388181932572, 47.122930867141861 ], [ 28.707420263030681, 47.122903392235884 ], [ 28.707420119099002, 47.122898894951462 ], [ 28.707433009101084, 47.122889703900441 ], [ 28.707432865168396, 47.122885206616012 ], [ 28.70745220016164, 47.122871420036859 ], [ 28.707452056227424, 47.122866922752479 ], [ 28.707464946216334, 47.12285773169797 ], [ 28.70746480228112, 47.122853234413604 ], [ 28.707477692264543, 47.122844043357716 ], [ 28.707477548328328, 47.122839546073365 ], [ 28.707496883293587, 47.122825759486915 ], [ 28.707496739355843, 47.122821262202606 ], [ 28.707503184341522, 47.122816666673096 ], [ 28.707509629326093, 47.122812071143237 ], [ 28.707516074309552, 47.122807475613037 ], [ 28.707522519291903, 47.122802880082467 ], [ 28.707528964273148, 47.122798284551543 ], [ 28.707528676392563, 47.122789289983025 ], [ 28.707535121371652, 47.122784694451774 ], [ 28.70754156634964, 47.122780098920181 ], [ 28.707548011326509, 47.12277550338824 ], [ 28.707554456302276, 47.122770907855944 ], [ 28.707560901276931, 47.1227663123233 ], [ 28.707567346250475, 47.122761716790279 ], [ 28.707567202307118, 47.122757219506084 ], [ 28.70758653721953, 47.12274343290499 ], [ 28.707586393274649, 47.122738935620823 ], [ 28.707612173140262, 47.122720553481159 ], [ 28.707612029193324, 47.122716056197035 ], [ 28.707624919118437, 47.122706865125103 ], [ 28.707624775170494, 47.122702367841001 ], [ 28.707644110048278, 47.12268858123052 ], [ 28.707643966098818, 47.122684083946432 ], [ 28.707650411055337, 47.122679488408913 ], [ 28.707656856010747, 47.122674892871039 ], [ 28.707663300965056, 47.122670297332817 ], [ 28.707663157014064, 47.122665800048757 ], [ 28.707682491868752, 47.12265201343201 ], [ 28.707682347916244, 47.122647516147993 ], [ 28.70770812770488, 47.122629133987438 ], [ 28.707707983750321, 47.122624636703463 ], [ 28.707727318578588, 47.122610850079383 ], [ 28.707727174622505, 47.12260635279543 ], [ 28.707752954375913, 47.122587970625112 ], [ 28.707752810417787, 47.122583473341209 ], [ 28.707772145219639, 47.122569686709809 ], [ 28.707772001259979, 47.122565189425927 ], [ 28.707791336050285, 47.122551402791402 ], [ 28.707791192089104, 47.122546905507555 ], [ 28.707810526867863, 47.122533118869875 ], [ 28.707810382905159, 47.122528621586071 ], [ 28.707829717672368, 47.122514834945271 ], [ 28.707829573708139, 47.122510337661488 ], [ 28.70785535338014, 47.122491955468874 ], [ 28.707855209413864, 47.122487458185127 ], [ 28.707861654328571, 47.122482862636119 ], [ 28.707874544154656, 47.122473671537008 ], [ 28.707874400186853, 47.122469174253297 ], [ 28.707893734916098, 47.122455387602052 ], [ 28.707893590946778, 47.122450890318369 ], [ 28.707912925664477, 47.12243710366397 ], [ 28.707912781693622, 47.122432606380322 ], [ 28.707932116399775, 47.12241881972281 ], [ 28.707931972427403, 47.122414322439184 ], [ 28.707951307122009, 47.122400535778517 ], [ 28.70795116314811, 47.122396038494941 ], [ 28.707970497831173, 47.122382251831148 ], [ 28.707970353855742, 47.122377754547593 ], [ 28.70798968852726, 47.122363967880673 ], [ 28.707989544550312, 47.122359470597132 ], [ 28.708028069880232, 47.122327399970395 ], [ 28.708027925900229, 47.122322902686918 ], [ 28.708060006306916, 47.122295427607874 ], [ 28.708059862324383, 47.122290930324461 ], [ 28.708072752070237, 47.122281739203792 ], [ 28.708072608086692, 47.122277241920393 ], [ 28.708079052957437, 47.122272646359548 ], [ 28.708085497827071, 47.12226805079834 ], [ 28.708091942695599, 47.122263455236777 ], [ 28.708098531548629, 47.122263356958229 ], [ 28.70810512040163, 47.122263258679297 ], [ 28.708111709254592, 47.122263160399974 ], [ 28.708217130897285, 47.12226158787945 ], [ 28.708223863745847, 47.122265986876755 ], [ 28.7082370414516, 47.122265790304077 ], [ 28.708250507154141, 47.122274588295873 ], [ 28.70828345142311, 47.122274096853616 ], [ 28.708290184278642, 47.122278495846928 ], [ 28.708303361987028, 47.122278299266576 ], [ 28.708310094844713, 47.122282698258672 ], [ 28.708323272553994, 47.122282501676032 ], [ 28.708330005413828, 47.122286900666936 ], [ 28.708343183124011, 47.122286704081993 ], [ 28.708349915986002, 47.122291103071682 ], [ 28.708363093697084, 47.12229090648443 ], [ 28.708369826561217, 47.122295305472917 ], [ 28.708383004273202, 47.122295108883371 ], [ 28.708389737139488, 47.122299507870665 ], [ 28.708409503708765, 47.122299212982306 ], [ 28.708416236577722, 47.122303611968 ], [ 28.708429414291437, 47.122303415373082 ], [ 28.708436147162541, 47.122307814357569 ], [ 28.708449324877162, 47.122307617760349 ], [ 28.708456057750411, 47.122312016743635 ], [ 28.708469235465934, 47.122311820144105 ], [ 28.708475968341332, 47.122316219126205 ], [ 28.708489146057758, 47.122316022524366 ], [ 28.708495878935306, 47.122320421505265 ], [ 28.708509056652627, 47.122320224901124 ], [ 28.708515789532328, 47.122324623880814 ], [ 28.708535556109609, 47.122324328970585 ], [ 28.708542288991978, 47.12232872794867 ], [ 28.70855546671104, 47.122328531339178 ], [ 28.708562199595551, 47.122332930316063 ], [ 28.708575377315508, 47.122332733704255 ], [ 28.70858211020218, 47.122337132679945 ], [ 28.708595287923032, 47.122336936065842 ], [ 28.708602020811853, 47.122341335040325 ], [ 28.708615198533611, 47.122341138423899 ], [ 28.708621931424574, 47.122345537397194 ], [ 28.708635109147234, 47.12234534077848 ], [ 28.708641842040354, 47.122349739750561 ], [ 28.70866160862564, 47.122349444818454 ], [ 28.708675074418316, 47.12235824275902 ], [ 28.708701429869045, 47.122357849507765 ], [ 28.708714895670322, 47.122366647443513 ], [ 28.70874125112465, 47.122366254183042 ], [ 28.708754716934521, 47.122375052113988 ], [ 28.708787661256849, 47.122374560525927 ], [ 28.708794394166052, 47.122378959488806 ], [ 28.708807571895775, 47.122378762850147 ], [ 28.708814304807127, 47.122383161811833 ], [ 28.708820893672463, 47.12238306349154 ], [ 28.708834359499537, 47.122391861412872 ], [ 28.708867303830871, 47.122391369801768 ], [ 28.708874036748671, 47.122395768759837 ], [ 28.708893803348612, 47.122395473787456 ], [ 28.708907269190661, 47.122404271699999 ], [ 28.708933624660926, 47.122403878395026 ], [ 28.708940357585693, 47.122408277349109 ], [ 28.708953535321655, 47.12240808069356 ], [ 28.708980322975229, 47.122421179221405 ], [ 28.709019856191436, 47.122420589236299 ], [ 28.709026589125319, 47.122424988185173 ], [ 28.709039766864816, 47.122424791519656 ], [ 28.709046499800856, 47.122429190467329 ], [ 28.709079588220739, 47.122433196075853 ], [ 28.709099642974156, 47.122441895629542 ], [ 28.709119409588858, 47.122441600618018 ], [ 28.709132875479231, 47.122450398503325 ], [ 28.70915264209674, 47.122450103486017 ], [ 28.709166107994676, 47.12245890136731 ], [ 28.709199052361697, 47.122458409660268 ], [ 28.709205785314929, 47.122462808598328 ], [ 28.709218963062533, 47.12246261191207 ], [ 28.709239161932008, 47.122475808721383 ], [ 28.709272106308205, 47.122475316993224 ], [ 28.709278839269519, 47.122479715926865 ], [ 28.709305194771936, 47.122479322535924 ], [ 28.709318660702039, 47.122488120398806 ], [ 28.709338427331602, 47.122487825349268 ], [ 28.709351893269272, 47.122496623208143 ], [ 28.70939801541099, 47.122495934740414 ], [ 28.709404748385126, 47.122500333666473 ], [ 28.709417926140627, 47.122500136957214 ], [ 28.709424659116912, 47.122504535882051 ], [ 28.70943783687332, 47.122504339170504 ], [ 28.709444569851755, 47.122508738094147 ], [ 28.709457747609058, 47.122508541380277 ], [ 28.709464480589645, 47.122512940302727 ], [ 28.709477658347851, 47.122512743586562 ], [ 28.709484391330584, 47.122517142507803 ], [ 28.709504157969189, 47.122516847429523 ], [ 28.709510890954597, 47.12252124634918 ], [ 28.709524068714533, 47.122521049627643 ], [ 28.709530801702083, 47.122525448546092 ], [ 28.709563890214366, 47.122529454013353 ], [ 28.709584089193253, 47.122542650760252 ], [ 28.709590678075628, 47.122542552395423 ], [ 28.709597266957974, 47.122542454030217 ], [ 28.709603711726402, 47.122537858385044 ], [ 28.709610156493721, 47.122533262739502 ], [ 28.709616601259928, 47.122528667093619 ], [ 28.709616457145046, 47.122524169814028 ], [ 28.709622901909626, 47.122519574167804 ], [ 28.709629346673097, 47.122514978521224 ], [ 28.709635791435456, 47.122510382874289 ], [ 28.709642236196711, 47.122505787226991 ], [ 28.709642092079779, 47.122501289947465 ], [ 28.709661426355318, 47.122487503003534 ], [ 28.709661282236866, 47.122483005724021 ], [ 28.709680616500858, 47.122469218776956 ], [ 28.709680472380875, 47.122464721497479 ], [ 28.709699806633324, 47.122450934547288 ], [ 28.70969966251182, 47.122446437267833 ], [ 28.70971899675272, 47.122432650314508 ], [ 28.709718852629695, 47.122428153035088 ], [ 28.709738186859052, 47.122414366078623 ], [ 28.709738042734497, 47.122409868799238 ], [ 28.709757376952307, 47.122396081839639 ], [ 28.709757232826227, 47.12239158456029 ], [ 28.709763677562762, 47.122386988906406 ], [ 28.709770122298181, 47.122382393252153 ], [ 28.709776567032495, 47.122377797597558 ], [ 28.709783011765694, 47.122373201942608 ], [ 28.709782867637568, 47.122368704663295 ], [ 28.70980220182896, 47.12235491769637 ], [ 28.709802057699314, 47.122350420417099 ], [ 28.709821391879156, 47.122336633447041 ], [ 28.709821247747985, 47.122332136167785 ], [ 28.70984702663683, 47.122313753536176 ], [ 28.709846882503612, 47.122309256256962 ], [ 28.709866216657037, 47.122295469279585 ], [ 28.709866072522296, 47.122290972000407 ], [ 28.709885406664174, 47.122277185019897 ], [ 28.709885262527905, 47.122272687740747 ], [ 28.709904596658241, 47.122258900757117 ], [ 28.709904452520444, 47.122254403477996 ], [ 28.709923786639234, 47.122240616491226 ], [ 28.709923642499916, 47.12223611921214 ], [ 28.709942976607159, 47.122222332222229 ], [ 28.709942832466318, 47.122217834943164 ], [ 28.709968611258358, 47.122199452285074 ], [ 28.709968467115473, 47.122194955006059 ], [ 28.709987801196299, 47.122181168008836 ], [ 28.709987657051879, 47.12217667072985 ], [ 28.710006991121162, 47.122162883729494 ], [ 28.710006846975222, 47.122158386450536 ], [ 28.710026181032958, 47.12214459944704 ], [ 28.710026036885495, 47.122140102168117 ], [ 28.710045370931681, 47.122126315161495 ], [ 28.71004522678269, 47.122121817882594 ], [ 28.710064560817333, 47.12210803087283 ], [ 28.710064416666818, 47.122103533593972 ], [ 28.710090195362067, 47.122085150909406 ], [ 28.710090051209502, 47.122080653630583 ], [ 28.710109385217727, 47.122066866613501 ], [ 28.710109241063641, 47.122062369334721 ], [ 28.71012857506032, 47.122048582314498 ], [ 28.710128430904714, 47.122044085035739 ], [ 28.710154209549337, 47.12202570233724 ], [ 28.710154065391684, 47.12202120505853 ], [ 28.710173399361945, 47.122007418030996 ], [ 28.710173255202765, 47.122002920752308 ], [ 28.71019258916148, 47.121989133721641 ], [ 28.710192445000771, 47.121984636442974 ], [ 28.710218223594786, 47.121966253730548 ], [ 28.710218079432035, 47.121961756451924 ], [ 28.710237413364329, 47.121947969413938 ], [ 28.710237269200054, 47.121943472135349 ], [ 28.71028868213147, 47.121902209406812 ], [ 28.710288537963105, 47.121897712128316 ], [ 28.710307871854109, 47.121883925078812 ], [ 28.710307727684221, 47.121879427800344 ], [ 28.710327061563678, 47.121865640747707 ], [ 28.710326917392265, 47.121861143469275 ], [ 28.710346251260177, 47.121847356413497 ], [ 28.710346107087236, 47.121842859135093 ], [ 28.710365440943605, 47.121829072076196 ], [ 28.710365296769144, 47.121824574797827 ], [ 28.710391075226685, 47.121806192047735 ], [ 28.710390931050174, 47.121801694769403 ], [ 28.710410264880124, 47.12178790770318 ], [ 28.71041012070209, 47.121783410424882 ], [ 28.710416565309334, 47.121778814735443 ], [ 28.71042300991547, 47.121774219045669 ], [ 28.710429454520494, 47.121769623355533 ], [ 28.710435899124409, 47.121765027665028 ], [ 28.710435754944331, 47.121760530386766 ], [ 28.71044219954662, 47.12175593469594 ], [ 28.710448644147796, 47.12175133900476 ], [ 28.710455088747864, 47.121746743313224 ], [ 28.71046153334682, 47.12174214762134 ], [ 28.710461389164699, 47.121737650343128 ], [ 28.710467833762024, 47.121733054650896 ], [ 28.710481011320759, 47.121732857821755 ], [ 28.710487455915796, 47.121728262128457 ], [ 28.710494044694524, 47.121728163712952 ], [ 28.710494044694524, 47.121728163712952 ], [ 28.710487455915796, 47.121728262128457 ], [ 28.710474278358245, 47.121728458958316 ], [ 28.710467833762024, 47.121733054650896 ], [ 28.710467977944674, 47.121737551929101 ], [ 28.71046153334682, 47.12174214762134 ], [ 28.710455088747864, 47.121746743313224 ], [ 28.710448644147796, 47.12175133900476 ], [ 28.710448788328918, 47.121755836283 ], [ 28.71044234372722, 47.121760431974195 ], [ 28.710435899124409, 47.121765027665028 ], [ 28.710429454520494, 47.121769623355533 ], [ 28.710429598700095, 47.121774120633795 ], [ 28.710410264880124, 47.12178790770318 ], [ 28.710410409058191, 47.121792404981484 ], [ 28.710391075226685, 47.121806192047735 ], [ 28.710391219403231, 47.121810689326068 ], [ 28.710371885560171, 47.121824476389193 ], [ 28.710372029735193, 47.121828973667562 ], [ 28.710352695880594, 47.121842760727546 ], [ 28.710352840054089, 47.121847258005943 ], [ 28.710333506187943, 47.121861045062801 ], [ 28.71033365035991, 47.121865542341219 ], [ 28.710307871854109, 47.121883925078812 ], [ 28.710308016024033, 47.12188842235728 ], [ 28.71028868213147, 47.121902209406812 ], [ 28.71028882629987, 47.121906706685316 ], [ 28.710269492395756, 47.121920493731707 ], [ 28.710269636562636, 47.121924991010246 ], [ 28.710243858006208, 47.121943373733899 ], [ 28.710244002171041, 47.121947871012473 ], [ 28.710224668240514, 47.121961658051553 ], [ 28.710224812403819, 47.121966155330149 ], [ 28.710205478461742, 47.121979942366082 ], [ 28.710205622623526, 47.121984439644727 ], [ 28.710179844016483, 47.122002822354446 ], [ 28.710179988176211, 47.122007319633113 ], [ 28.710160654207723, 47.122021106661741 ], [ 28.710160798365933, 47.12202560394045 ], [ 28.710141464385899, 47.122039390965938 ], [ 28.710141608542582, 47.122043888244669 ], [ 28.710122274550997, 47.12205767526703 ], [ 28.710122418706156, 47.122062172545789 ], [ 28.710103084703032, 47.122075959565031 ], [ 28.710103228856667, 47.122080456843811 ], [ 28.710077450168217, 47.12209883953124 ], [ 28.710077594319802, 47.122103336810078 ], [ 28.710058260290261, 47.12211712382198 ], [ 28.710058404440321, 47.122121621100852 ], [ 28.710039070399233, 47.122135408109614 ], [ 28.710039214547773, 47.122139905388515 ], [ 28.710019880495135, 47.12215369239415 ], [ 28.710020024642148, 47.12215818967308 ], [ 28.709994245887685, 47.12217657234239 ], [ 28.709994390032659, 47.122181069621355 ], [ 28.709942976607159, 47.122222332222229 ], [ 28.70994312074804, 47.122226829501273 ], [ 28.709923786639234, 47.122240616491226 ], [ 28.709923930778594, 47.122245113770312 ], [ 28.709904596658241, 47.122258900757117 ], [ 28.709904740796066, 47.122263398036239 ], [ 28.709885406664174, 47.122277185019897 ], [ 28.709885550800482, 47.122281682299054 ], [ 28.709866216657037, 47.122295469279585 ], [ 28.709866360791818, 47.122299966558771 ], [ 28.70984702663683, 47.122313753536176 ], [ 28.70984717077009, 47.12231825081539 ], [ 28.709821391879156, 47.122336633447041 ], [ 28.70982153601037, 47.122341130726291 ], [ 28.70980220182896, 47.12235491769637 ], [ 28.709802345958646, 47.122359414975655 ], [ 28.709795901228773, 47.122364010631657 ], [ 28.709789456497788, 47.122368606287317 ], [ 28.709783011765694, 47.122373201942608 ], [ 28.709776567032495, 47.122377797597558 ], [ 28.709776711160131, 47.122382294876886 ], [ 28.709757376952307, 47.122396081839639 ], [ 28.709757521078423, 47.122400579118995 ], [ 28.709738186859052, 47.122414366078623 ], [ 28.709738330983637, 47.122418863358007 ], [ 28.70971899675272, 47.122432650314508 ], [ 28.709719140875784, 47.122437147593921 ], [ 28.709699806633324, 47.122450934547288 ], [ 28.709699950754867, 47.122455431826737 ], [ 28.709680616500858, 47.122469218776956 ], [ 28.70968076062087, 47.122473716056447 ], [ 28.709661426355318, 47.122487503003534 ], [ 28.709661570473806, 47.122492000283046 ], [ 28.70965512571588, 47.122496595931381 ], [ 28.70964868095685, 47.12250119157936 ], [ 28.709642236196711, 47.122505787226991 ], [ 28.709635791435456, 47.122510382874289 ], [ 28.709635935551898, 47.122514880153844 ], [ 28.70962949078902, 47.122519475800786 ], [ 28.70962304602503, 47.12252407144738 ], [ 28.709616601259928, 47.122528667093619 ], [ 28.709610156493721, 47.122533262739502 ], [ 28.709603711726402, 47.122537858385044 ], [ 28.709597266957974, 47.122542454030217 ], [ 28.709590678075628, 47.122542552395423 ], [ 28.709584089193253, 47.122542650760252 ], [ 28.709505022602013, 47.12254383110858 ], [ 28.709498289614181, 47.122539432188638 ], [ 28.709485111849524, 47.122539628907269 ], [ 28.709478378863842, 47.122535229986113 ], [ 28.709465201100091, 47.122535426702441 ], [ 28.709458468116559, 47.122531027780084 ], [ 28.709445290353703, 47.122531224494104 ], [ 28.709438557372323, 47.122526825570546 ], [ 28.709425379610369, 47.12252702228227 ], [ 28.709418646631139, 47.122522623357519 ], [ 28.709398879989507, 47.122522918421069 ], [ 28.709392147012942, 47.122518519494704 ], [ 28.709378969252729, 47.122518716201057 ], [ 28.709372236278313, 47.122514317273506 ], [ 28.709359058518992, 47.122514513977556 ], [ 28.709352325546728, 47.122510115048797 ], [ 28.709339147788306, 47.122510311750545 ], [ 28.709332414818189, 47.122505912820586 ], [ 28.709319237060676, 47.122506109520018 ], [ 28.709312504092704, 47.122501710588864 ], [ 28.70929932633609, 47.122501907286015 ], [ 28.709292593370275, 47.122497508353639 ], [ 28.709272826736651, 47.122497803395333 ], [ 28.709266093773504, 47.122493404461359 ], [ 28.709252916018617, 47.122493601153131 ], [ 28.709246183057616, 47.122489202217984 ], [ 28.709233005303634, 47.122489398907447 ], [ 28.709226272344786, 47.122484999971078 ], [ 28.709213094591707, 47.122485196658246 ], [ 28.709206361635008, 47.122480797720691 ], [ 28.709193183882824, 47.122480994405556 ], [ 28.709186450928275, 47.122476595466779 ], [ 28.70917327317699, 47.122476792149342 ], [ 28.70916654022459, 47.122472393209378 ], [ 28.70914677359897, 47.12247268822918 ], [ 28.709140040649235, 47.122468289287617 ], [ 28.709126862899687, 47.122468485964809 ], [ 28.709120129952108, 47.122464087022045 ], [ 28.709106952203459, 47.122464283696935 ], [ 28.70910021925803, 47.122459884752963 ], [ 28.709087041510283, 47.122460081425551 ], [ 28.709080308567, 47.122455682480386 ], [ 28.709067130820152, 47.122455879150657 ], [ 28.709060397879018, 47.122451480204283 ], [ 28.709047220133073, 47.122451676872267 ], [ 28.709040487194088, 47.122447277924685 ], [ 28.709020720576468, 47.122447572922638 ], [ 28.709013987640159, 47.122443173973465 ], [ 28.709000809895947, 47.12244337063607 ], [ 28.708994076961776, 47.122438971685696 ], [ 28.708980899218471, 47.122439168346006 ], [ 28.708974166286449, 47.122434769394438 ], [ 28.708960988544039, 47.122434966052452 ], [ 28.708954255614177, 47.122430567099663 ], [ 28.708941077872662, 47.122430763755375 ], [ 28.708934344944943, 47.122426364801385 ], [ 28.708914578333982, 47.122426659780913 ], [ 28.708907845408934, 47.122422260825353 ], [ 28.708894667669156, 47.122422457475686 ], [ 28.708887934746258, 47.122418058518903 ], [ 28.708874757007379, 47.122418255166941 ], [ 28.70886802408663, 47.122413856208951 ], [ 28.708854846348654, 47.122414052854687 ], [ 28.708848113430058, 47.122409653895502 ], [ 28.708834935692984, 47.122409850538929 ], [ 28.70882820277653, 47.122405451578544 ], [ 28.708815025040352, 47.122405648219669 ], [ 28.708808292126054, 47.122401249258097 ], [ 28.708788525523094, 47.122401544215755 ], [ 28.708781792611461, 47.122397145252563 ], [ 28.708768614877016, 47.122397341888323 ], [ 28.70876188196754, 47.122392942923931 ], [ 28.708748704233997, 47.122393139557389 ], [ 28.708741971326667, 47.122388740591809 ], [ 28.708728793594027, 47.122388937222958 ], [ 28.708722060688842, 47.122384538256171 ], [ 28.708708882957101, 47.122384734885024 ], [ 28.708702150054069, 47.122380335917029 ], [ 28.70868897232323, 47.122380532543559 ], [ 28.708682239422348, 47.122376133574377 ], [ 28.708662472827388, 47.122376428510158 ], [ 28.708655739929171, 47.12237202953937 ], [ 28.708642562200069, 47.12237222616055 ], [ 28.708635829304004, 47.122367827188569 ], [ 28.708622651575798, 47.122368023807446 ], [ 28.708615918681879, 47.12236362483425 ], [ 28.708602740954579, 47.122363821450818 ], [ 28.708596008062813, 47.122359422476428 ], [ 28.708582830336404, 47.122359619090687 ], [ 28.708576097446791, 47.122355220115111 ], [ 28.708562919721285, 47.122355416727054 ], [ 28.708556186833821, 47.122351017750262 ], [ 28.708536420246862, 47.122351312664179 ], [ 28.70852968736207, 47.122346913685782 ], [ 28.708516509638297, 47.122347110292381 ], [ 28.708509776755651, 47.12234271131279 ], [ 28.708496599032777, 47.122342907917073 ], [ 28.708489866152284, 47.122338508936288 ], [ 28.708476688430309, 47.122338705538283 ], [ 28.708469955551966, 47.122334306556269 ], [ 28.708456777830897, 47.122334503155962 ], [ 28.708450044954695, 47.122330104172761 ], [ 28.708430278374394, 47.122330399068275 ], [ 28.708423545500864, 47.122326000083476 ], [ 28.708410367781525, 47.122326196677797 ], [ 28.708403634910148, 47.122321797691797 ], [ 28.708390457191712, 47.122321994283816 ], [ 28.708383724322484, 47.122317595296607 ], [ 28.70837054660495, 47.122317791886324 ], [ 28.708363813737865, 47.122313392897929 ], [ 28.708350636021237, 47.122313589485323 ], [ 28.708343903156301, 47.122309190495727 ], [ 28.708330725440568, 47.122309387080833 ], [ 28.708323992577789, 47.122304988090029 ], [ 28.708304226005488, 47.122305282963666 ], [ 28.708297493145377, 47.122300883971249 ], [ 28.708284315431374, 47.122301080550997 ], [ 28.708277582573412, 47.122296681557387 ], [ 28.708264404860312, 47.122296878134833 ], [ 28.7082576720045, 47.122292479140022 ], [ 28.708244494292298, 47.122292675715158 ], [ 28.708237761438635, 47.122288276719161 ], [ 28.708224583727336, 47.122288473291981 ], [ 28.708217850875823, 47.122284074294768 ], [ 28.708204673165429, 47.122284270865293 ], [ 28.708197940316065, 47.122279871866887 ], [ 28.708178173751765, 47.122280166718646 ], [ 28.708171440905069, 47.122275767718641 ], [ 28.708158263196403, 47.122275964283794 ], [ 28.708151530351863, 47.122271565282595 ], [ 28.708138352644095, 47.122271761845454 ], [ 28.708131619801705, 47.12226736284304 ], [ 28.70811844209484, 47.122267559403589 ], [ 28.708111709254592, 47.122263160399974 ], [ 28.70810512040163, 47.122263258679297 ], [ 28.708098531548629, 47.122263356958229 ], [ 28.708091942695599, 47.122263455236777 ], [ 28.708085497827071, 47.12226805079834 ], [ 28.708079052957437, 47.122272646359548 ], [ 28.708079196941497, 47.122277143642926 ], [ 28.708072752070237, 47.122281739203792 ], [ 28.708073040037416, 47.122290733770576 ], [ 28.70806015028948, 47.122299924891287 ], [ 28.708060294272084, 47.122304422174707 ], [ 28.708040959640297, 47.122318208853173 ], [ 28.708041103621376, 47.122322706136607 ], [ 28.70802176897805, 47.122336492811954 ], [ 28.708021912957598, 47.122340990095417 ], [ 28.708009023188794, 47.122350181210578 ], [ 28.708009167167344, 47.122354678494055 ], [ 28.707989832504246, 47.122368465164186 ], [ 28.707989976481272, 47.122372962447699 ], [ 28.707970641806632, 47.122386749114703 ], [ 28.70797078578213, 47.122391246398251 ], [ 28.707945006198333, 47.122409628616019 ], [ 28.707945150171785, 47.122414125899617 ], [ 28.707925815470727, 47.122427912559282 ], [ 28.707925959442655, 47.122432409842915 ], [ 28.707893734916098, 47.122455387602052 ], [ 28.707873968283661, 47.122455682402141 ], [ 28.707861078461736, 47.122464873501151 ], [ 28.707861222428395, 47.122469370784899 ], [ 28.707861366395083, 47.122473868068639 ], [ 28.707861510361809, 47.122478365352372 ], [ 28.707861654328571, 47.122482862636119 ], [ 28.707861942262198, 47.122491857203563 ], [ 28.70784260751163, 47.122505643849649 ], [ 28.707842751476932, 47.122510141133411 ], [ 28.707823416714817, 47.122523927776349 ], [ 28.707823560678598, 47.122528425060132 ], [ 28.70780422590494, 47.122542211699951 ], [ 28.707804369867194, 47.122546708983769 ], [ 28.707765844245962, 47.122578779537847 ], [ 28.707765988205171, 47.122583276821722 ], [ 28.707733907475767, 47.122610751821249 ], [ 28.707734051432436, 47.122615249105181 ], [ 28.707714716604379, 47.122629035730377 ], [ 28.707714860559527, 47.122633533014337 ], [ 28.7077084156141, 47.12263812855538 ], [ 28.707701970667564, 47.122642724096075 ], [ 28.707695525719917, 47.122647319636414 ], [ 28.707689080771164, 47.122651915176384 ], [ 28.7076826358213, 47.122656510716027 ], [ 28.707676190870327, 47.122661106255308 ], [ 28.707669745918245, 47.122665701794233 ], [ 28.707663300965056, 47.122670297332817 ], [ 28.707656856010747, 47.122674892871039 ], [ 28.707650411055337, 47.122679488408913 ], [ 28.707643966098818, 47.122684083946432 ], [ 28.707644110048278, 47.12268858123052 ], [ 28.707644397947313, 47.122697575798675 ], [ 28.707612317087225, 47.122725050765283 ], [ 28.70761246103423, 47.122729548049428 ], [ 28.70760601606845, 47.122734143584886 ], [ 28.707599571101561, 47.122738739120003 ], [ 28.70759312613356, 47.12274333465475 ], [ 28.707586681164457, 47.122747930189178 ], [ 28.707580236194236, 47.122752525723236 ], [ 28.707573791222917, 47.122757121256939 ], [ 28.707567346250475, 47.122761716790279 ], [ 28.707560901276931, 47.1227663123233 ], [ 28.707554312359953, 47.122766410571721 ], [ 28.707534977430893, 47.122780197167501 ], [ 28.707534977430893, 47.122780197167501 ], [ 28.707535121371652, 47.122784694451774 ], [ 28.707535409253282, 47.122793689020291 ], [ 28.707528964273148, 47.122798284551543 ], [ 28.707522519291903, 47.122802880082467 ], [ 28.707516074309552, 47.122807475613037 ], [ 28.707516506127579, 47.12282096746587 ], [ 28.70749717116918, 47.122834754055553 ], [ 28.707497315107034, 47.122839251339869 ], [ 28.707490870118161, 47.12284384686906 ], [ 28.70749173374287, 47.122870830574897 ], [ 28.707485288749773, 47.122875426103803 ], [ 28.707478843755563, 47.122880021632369 ], [ 28.707472398760242, 47.122884617160587 ], [ 28.707465953763812, 47.122889212688442 ], [ 28.707459508766277, 47.122893808215949 ], [ 28.707453063767627, 47.1228984037431 ], [ 28.707446618767872, 47.122902999269911 ], [ 28.707440173767004, 47.122907594796366 ], [ 28.707433728765029, 47.122912190322459 ], [ 28.707427283761938, 47.122916785848204 ], [ 28.707420838757741, 47.122921381373615 ], [ 28.70741439375244, 47.122925976898649 ], [ 28.707407948746024, 47.122930572423343 ], [ 28.707401503738502, 47.122935167947681 ], [ 28.707395058729865, 47.122939763471678 ], [ 28.707388613720124, 47.122944358995312 ], [ 28.707382168709273, 47.122948954518591 ], [ 28.707375435840984, 47.122944555472522 ], [ 28.707364209552868, 47.122593767269066 ], [ 28.707370654523228, 47.122589171747052 ], [ 28.707364033966954, 47.122382296642158 ], [ 28.707370478912285, 47.122377701120321 ], [ 28.707368895740959, 47.12232823098546 ], [ 28.707375340679459, 47.122323635463395 ], [ 28.707373757506616, 47.122274165328179 ], [ 28.707380202438291, 47.122269569805894 ], [ 28.707378619263928, 47.122220099670329 ], [ 28.70738506418877, 47.122215504147817 ], [ 28.707383481012897, 47.122166034011912 ], [ 28.707389925930904, 47.122161438489179 ], [ 28.707389638080159, 47.122152443918978 ], [ 28.707486167768479, 47.122079013751041 ], [ 28.707486023835393, 47.122074516466121 ], [ 28.707537582989765, 47.122037752229645 ], [ 28.707537439052555, 47.122033254944796 ], [ 28.707595443011666, 47.121991895151943 ], [ 28.707595299069812, 47.121987397867201 ], [ 28.707646858064972, 47.121950633583033 ], [ 28.70764671411899, 47.121946136298369 ], [ 28.707659603855646, 47.121936945223837 ], [ 28.707665760827329, 47.121923355116785 ], [ 28.707678650555248, 47.12191416404017 ], [ 28.707678506606772, 47.12190966675557 ], [ 28.707704142096688, 47.12188678731362 ], [ 28.707710299051527, 47.121873197204273 ], [ 28.707735934510517, 47.121850317755467 ], [ 28.707742091453255, 47.121836727644485 ], [ 28.707767726881322, 47.121813848188822 ], [ 28.707773883811964, 47.121800258076213 ], [ 28.707799519209104, 47.121777378613693 ], [ 28.707805676127645, 47.12176378849945 ], [ 28.707831311493862, 47.121740909030073 ], [ 28.707831167533389, 47.121736411745673 ], [ 28.707837612361256, 47.121731816198569 ], [ 28.707837324439382, 47.121722821629795 ], [ 28.707850070127783, 47.121709133250214 ], [ 28.707849782204029, 47.121700138681462 ], [ 28.70786252788394, 47.121686450300551 ], [ 28.707862239958317, 47.12167745573182 ], [ 28.707874985629729, 47.121663767349567 ], [ 28.707874697702238, 47.121654772780872 ], [ 28.707887443365156, 47.121641084397297 ], [ 28.707887155435792, 47.121632089828623 ], [ 28.707899901090219, 47.121618401443719 ], [ 28.707899613158979, 47.121609406875059 ], [ 28.707906057965804, 47.121604811324289 ], [ 28.707905913999721, 47.121600314039966 ], [ 28.707918659641908, 47.121586625653066 ], [ 28.707918371707834, 47.121577631084435 ], [ 28.707931117341527, 47.121563942696213 ], [ 28.707930829405576, 47.121554948127617 ], [ 28.707950163795157, 47.121541161469182 ], [ 28.707950019825677, 47.121536664184909 ], [ 28.707969354203712, 47.12152287752334 ], [ 28.707969210232704, 47.121518380239102 ], [ 28.70799498938581, 47.121499998018784 ], [ 28.70799484541276, 47.121495500734589 ], [ 28.708014179764376, 47.121481714065695 ], [ 28.708014035789795, 47.121477216781543 ], [ 28.708033370129868, 47.121463430109507 ], [ 28.708033226153763, 47.121458932825369 ], [ 28.708059005256253, 47.121440550591103 ], [ 28.708058861278101, 47.121436053307015 ], [ 28.708078195591757, 47.121422266627668 ], [ 28.708078051612087, 47.121417769343608 ], [ 28.708097385914193, 47.121403982661114 ], [ 28.708097241932997, 47.121399485377083 ], [ 28.70811657622356, 47.121385698691462 ], [ 28.708116432240836, 47.121381201407459 ], [ 28.708142211277309, 47.121362819155088 ], [ 28.708142067292538, 47.121358321871128 ], [ 28.708161401556684, 47.121344535178196 ], [ 28.708161257570389, 47.121340037894264 ], [ 28.708180591822991, 47.121326251198184 ], [ 28.708180447835176, 47.121321753914287 ], [ 28.70820622682103, 47.121303371647976 ], [ 28.708206082831168, 47.121298874364115 ], [ 28.708225417057349, 47.121285087660723 ], [ 28.708225273065963, 47.121280590376891 ], [ 28.708244607280598, 47.121266803670366 ], [ 28.708244463287684, 47.121262306386562 ], [ 28.70827024222292, 47.121243924106317 ], [ 28.708270098227963, 47.121239426822562 ], [ 28.708289432416183, 47.121225640108712 ], [ 28.708289288419692, 47.121221142824986 ], [ 28.70830862259637, 47.121207356108002 ], [ 28.708308478598365, 47.121202858824311 ], [ 28.708327812763493, 47.121189072104194 ], [ 28.708327668763957, 47.121184574820539 ], [ 28.708353447633183, 47.121166192522153 ], [ 28.708353303631604, 47.121161695238548 ], [ 28.708372637770317, 47.121147908511105 ], [ 28.708372493767211, 47.121143411227514 ], [ 28.708391827894378, 47.121129624496938 ], [ 28.708391683889744, 47.121125127213382 ], [ 28.708417462708358, 47.121106744901049 ], [ 28.708417318701681, 47.121102247617536 ], [ 28.70843665280243, 47.121088460879655 ], [ 28.708436508794229, 47.121083963596156 ], [ 28.708455842883431, 47.121070176855135 ], [ 28.708455698873713, 47.121065679571672 ], [ 28.708481477641701, 47.121047297245426 ], [ 28.708481333629933, 47.121042799962012 ], [ 28.708500667692718, 47.121029013213658 ], [ 28.708500523679422, 47.121024515930273 ], [ 28.708519857730668, 47.121010729178785 ], [ 28.708519713715845, 47.121006231895436 ], [ 28.70853904775554, 47.120992445140821 ], [ 28.708538903739196, 47.120987947857493 ], [ 28.708564682441178, 47.120969565513128 ], [ 28.708564538422785, 47.120965068229843 ], [ 28.708583872436069, 47.12095128146791 ], [ 28.708583728416151, 47.12094678418466 ], [ 28.70860306241789, 47.120932997419587 ], [ 28.708602918396444, 47.120928500136365 ], [ 28.708628697047811, 47.120910117778045 ], [ 28.708628553024329, 47.120905620494874 ], [ 28.708647886999643, 47.120891833722482 ], [ 28.70864774297463, 47.120887336439331 ], [ 28.708667076938404, 47.120873549663806 ], [ 28.708666932911871, 47.120869052380684 ], [ 28.708705456776716, 47.120836981537146 ], [ 28.708705168717582, 47.120827986971044 ], [ 28.70875028119973, 47.120795817801344 ], [ 28.708750137166575, 47.120791320518371 ], [ 28.708775915701317, 47.120772938128006 ], [ 28.708775771666119, 47.120768440845062 ], [ 28.708795105553961, 47.120754654048625 ], [ 28.708794961517235, 47.120750156765709 ], [ 28.708814295393541, 47.120736369966131 ], [ 28.708814151355288, 47.120731872683258 ], [ 28.708839929839414, 47.120713490278945 ], [ 28.708839785799121, 47.120708992996114 ], [ 28.708859119649006, 47.120695206189218 ], [ 28.708858975607182, 47.120690708906409 ], [ 28.708878309445527, 47.120676922096386 ], [ 28.708878165402183, 47.120672424813613 ], [ 28.708897499228975, 47.12065863800045 ], [ 28.708897355184103, 47.120654140717711 ], [ 28.708923133602219, 47.120635758295279 ], [ 28.708922989555305, 47.120631261012569 ], [ 28.708942323355689, 47.120617474192088 ], [ 28.708942179307247, 47.120612976909413 ], [ 28.708961513096078, 47.120599190085812 ], [ 28.708961369046111, 47.120594692803159 ], [ 28.70898714741362, 47.120576310366786 ], [ 28.708987003361607, 47.12057181308419 ], [ 28.709006337124023, 47.120558026253256 ], [ 28.709006193070486, 47.120553528970689 ], [ 28.70902552682136, 47.120539742136614 ], [ 28.709025382766296, 47.120535244854068 ], [ 28.709051161083181, 47.120516862403761 ], [ 28.709051017026077, 47.120512365121272 ], [ 28.709070350750533, 47.120498578279872 ], [ 28.709070206691901, 47.12049408099741 ], [ 28.709089540404822, 47.120480294152877 ], [ 28.709089396344663, 47.120475796870444 ], [ 28.709108730046029, 47.120462010022791 ], [ 28.70910858598435, 47.120457512740387 ], [ 28.709134364235226, 47.120439130271961 ], [ 28.709134220171499, 47.120434632989593 ], [ 28.709153553846456, 47.120420846134614 ], [ 28.709153409781202, 47.120416348852281 ], [ 28.709172743444611, 47.120402561994169 ], [ 28.709172599377837, 47.120398064711864 ], [ 28.709198377578097, 47.120379682229498 ], [ 28.709198233509277, 47.12037518494725 ], [ 28.709217567146265, 47.120361398081812 ], [ 28.709217423075916, 47.120356900799585 ], [ 28.709236756701365, 47.120343113931007 ], [ 28.709236612629496, 47.120338616648816 ], [ 28.709255946243395, 47.120324829777111 ], [ 28.709255802169999, 47.120320332494948 ], [ 28.709281580304257, 47.12030194999447 ], [ 28.709281436228821, 47.120297452712343 ], [ 28.709300769816302, 47.120283665833313 ], [ 28.709300625739338, 47.120279168551221 ], [ 28.709319959315277, 47.120265381669071 ], [ 28.709319815236785, 47.120260884386994 ], [ 28.709345593320428, 47.120242501872575 ], [ 28.709345449239894, 47.120238004590554 ], [ 28.709364782789415, 47.120224217701072 ], [ 28.709364638707356, 47.12021972041908 ], [ 28.709383972245337, 47.120205933526464 ], [ 28.709383828161751, 47.120201436244514 ], [ 28.709409606194779, 47.120183053716147 ], [ 28.70940946210915, 47.120178556434226 ], [ 28.709428795620713, 47.120164769534298 ], [ 28.709428651533557, 47.120160272252413 ], [ 28.709447985033577, 47.120146485349345 ], [ 28.709447840944893, 47.120141988067488 ], [ 28.709467174433374, 47.120128201161286 ], [ 28.709467030343166, 47.120123703879472 ], [ 28.709492808310191, 47.120105321332986 ], [ 28.70949266421794, 47.120100824051185 ], [ 28.709511997679996, 47.120087037137679 ], [ 28.709511853586225, 47.120082539855922 ], [ 28.709531187036742, 47.120068752939268 ], [ 28.709531042941435, 47.120064255657546 ], [ 28.709556820857845, 47.120045873097119 ], [ 28.709556676760499, 47.120041375815447 ], [ 28.709595199498285, 47.120009304682718 ], [ 28.709595055397894, 47.120004807401095 ], [ 28.709607944333008, 47.119995616114615 ], [ 28.709607800231609, 47.11999111883302 ], [ 28.709640022547383, 47.11996814061073 ], [ 28.709639878443422, 47.119963643329179 ], [ 28.709659211818018, 47.119949856391607 ], [ 28.709659067712529, 47.119945359110098 ], [ 28.709678401075571, 47.119931572169406 ], [ 28.709678256968566, 47.119927074887912 ], [ 28.70970403476835, 47.119908692295439 ], [ 28.709703890659295, 47.119904195014001 ], [ 28.709729668439252, 47.119885812415937 ], [ 28.709729524328154, 47.119881315134535 ], [ 28.709755302088283, 47.119862932530893 ], [ 28.709755157975128, 47.119858435249533 ], [ 28.709806569320712, 47.119817172744177 ], [ 28.709806425203475, 47.119812675462896 ], [ 28.709825758480619, 47.119798888498124 ], [ 28.709825614361854, 47.119794391216878 ], [ 28.709851392047106, 47.119776008592304 ], [ 28.709851247926302, 47.119771511311107 ], [ 28.709877025591723, 47.119753128680941 ], [ 28.709876881468869, 47.11974863139978 ], [ 28.709902659114459, 47.119730248764043 ], [ 28.709902514989565, 47.119725751482918 ], [ 28.709928292615327, 47.119707368841595 ], [ 28.709928148488384, 47.119702871560513 ], [ 28.709953926094322, 47.119684488913606 ], [ 28.709953781965336, 47.119679991632573 ], [ 28.709979559551439, 47.119661608980067 ], [ 28.70997941542041, 47.11965711169907 ], [ 28.710005192986685, 47.119638729040986 ], [ 28.71000504885361, 47.119634231760038 ], [ 28.710030826400054, 47.11961584909637 ], [ 28.710030682264932, 47.119611351815472 ], [ 28.710056459791552, 47.119592969146218 ], [ 28.710056315654384, 47.119588471865342 ], [ 28.710082093161169, 47.11957008919051 ], [ 28.710081949021962, 47.119565591909677 ], [ 28.71010772650892, 47.11954720922926 ], [ 28.710107582367669, 47.119542711948483 ], [ 28.710133359834803, 47.119524329262475 ], [ 28.710133215691496, 47.119519831981727 ], [ 28.710158993138801, 47.119501449290134 ], [ 28.710158848993458, 47.119496952009435 ], [ 28.710184626420929, 47.119478569312264 ], [ 28.71018448227354, 47.119474072031615 ], [ 28.710235892919567, 47.119432809339884 ], [ 28.710235748768088, 47.11942831205932 ], [ 28.71025508179574, 47.119414525024396 ], [ 28.710254937642738, 47.119410027743854 ], [ 28.710280714995335, 47.119391645025757 ], [ 28.71028057084029, 47.119387147745257 ], [ 28.710306348173052, 47.119368765021562 ], [ 28.710306204015957, 47.119364267741105 ], [ 28.710331981328896, 47.119345885011832 ], [ 28.710331837169758, 47.11934138773141 ], [ 28.710383247574963, 47.11930012497573 ], [ 28.71038940356306, 47.119286534729099 ], [ 28.710434513733542, 47.119254364917474 ], [ 28.710434369566226, 47.11924986763723 ], [ 28.710460146780019, 47.119231484880025 ], [ 28.710460002610656, 47.119226987599824 ], [ 28.710485779804625, 47.119208604837041 ], [ 28.710485635633223, 47.119204107556875 ], [ 28.710511412807353, 47.119185724788508 ], [ 28.710511268633908, 47.119181227508399 ], [ 28.710537045788215, 47.119162844734447 ], [ 28.710536901612723, 47.119158347454366 ], [ 28.710562678747198, 47.119139964674837 ], [ 28.710562534569664, 47.119135467394806 ], [ 28.710588311684312, 47.119117084609677 ], [ 28.710588167504731, 47.119112587329674 ], [ 28.710613944599551, 47.119094204538975 ], [ 28.710613800417921, 47.119089707259022 ], [ 28.710665210364411, 47.119048444380944 ], [ 28.710665066178695, 47.119043947101076 ], [ 28.710684398956861, 47.119030159996015 ], [ 28.710684254769621, 47.119025662716176 ], [ 28.710710031789564, 47.119007279904544 ], [ 28.710709887600277, 47.119002782624754 ], [ 28.710735664600392, 47.118984399807537 ], [ 28.71073552040907, 47.118979902527784 ], [ 28.71076129738935, 47.118961519704982 ], [ 28.710761153195978, 47.118957022425263 ], [ 28.710786930156441, 47.118938639596877 ], [ 28.71078678596102, 47.118934142317208 ], [ 28.710812562901655, 47.118915759483244 ], [ 28.71081241870419, 47.118911262203611 ], [ 28.710838195624991, 47.118892879364061 ], [ 28.710838051425487, 47.118888382084478 ], [ 28.71086382832646, 47.118869999239337 ], [ 28.710863684124906, 47.118865501959796 ], [ 28.710889461006058, 47.11884711910907 ], [ 28.710889316802454, 47.118842621829572 ], [ 28.710915093663779, 47.118824238973275 ], [ 28.710914949458136, 47.118819741693805 ], [ 28.710940726299626, 47.118801358831902 ], [ 28.71094058209194, 47.118796861552489 ], [ 28.710966358913602, 47.118778478685009 ], [ 28.71096621470387, 47.118773981405639 ], [ 28.710991991505711, 47.11875559853258 ], [ 28.710991847293936, 47.118751101253253 ], [ 28.711017624075936, 47.118732718374609 ], [ 28.711017479862118, 47.11872822109531 ], [ 28.711043256624297, 47.118709838211089 ], [ 28.711043112408433, 47.118705340931839 ], [ 28.711094521655401, 47.118664077867422 ], [ 28.711094377435447, 47.118659580588265 ], [ 28.711113709964128, 47.118645793413052 ], [ 28.711113565742654, 47.118641296133923 ], [ 28.711139342429956, 47.118622913228769 ], [ 28.711139198206439, 47.118618415949676 ], [ 28.711164974873913, 47.118600033038931 ], [ 28.711164830648347, 47.118595535759887 ], [ 28.711190607295993, 47.118577152843564 ], [ 28.71119046306838, 47.118572655564549 ], [ 28.711216239696199, 47.118554272642648 ], [ 28.711216095466543, 47.118549775363675 ], [ 28.711241872074538, 47.118531392436175 ], [ 28.71124172784284, 47.118526895157267 ], [ 28.711267504431003, 47.118508512224174 ], [ 28.711267360197262, 47.118504014945309 ], [ 28.711293136765601, 47.118485632006639 ], [ 28.711292992529806, 47.118481134727801 ], [ 28.711318769078314, 47.118462751783547 ], [ 28.711318624840484, 47.118458254504752 ], [ 28.711344401369168, 47.118439871554926 ], [ 28.711344257129287, 47.118435374276167 ], [ 28.711370033638143, 47.118416991320764 ], [ 28.711369889396224, 47.118412494042055 ], [ 28.711395665885249, 47.118394111081059 ], [ 28.711395521641283, 47.118389613802385 ], [ 28.71142129811048, 47.118371230835798 ], [ 28.711421153864471, 47.118366733557174 ], [ 28.711446930313841, 47.118348350585009 ], [ 28.711446786065782, 47.118343853306428 ], [ 28.711498194654943, 47.11830259006679 ], [ 28.711498050402799, 47.118298092788294 ], [ 28.711491317799407, 47.118293693977613 ], [ 28.71148458519713, 47.11828929516652 ], [ 28.711477852595952, 47.118284896355007 ], [ 28.711471119995895, 47.11828049754309 ], [ 28.711471119995895, 47.11828049754309 ], [ 28.711477852595952, 47.118284896355007 ], [ 28.71148458519713, 47.11828929516652 ], [ 28.711491317799407, 47.118293693977613 ], [ 28.711498050402799, 47.118298092788294 ], [ 28.711523826792689, 47.118279709799381 ], [ 28.711523682538498, 47.118275212520921 ], [ 28.71154301481771, 47.118261425275584 ], [ 28.711542870561999, 47.118256927997152 ], [ 28.711594278993754, 47.118215664715819 ], [ 28.71159413473395, 47.118211167437472 ], [ 28.711587402133965, 47.118206768632326 ], [ 28.711580813793706, 47.118206867105165 ], [ 28.711553883406928, 47.118189271878904 ], [ 28.711534118392191, 47.118189567290393 ], [ 28.711534262646826, 47.118194064568897 ], [ 28.711527674307955, 47.118194163038645 ], [ 28.711527818562072, 47.118198660317162 ], [ 28.711495598121669, 47.11822163905321 ], [ 28.71149574237322, 47.118226136331771 ], [ 28.711482854188255, 47.118235327823761 ], [ 28.7114829984388, 47.11823982510235 ], [ 28.711476410094111, 47.118239923569227 ], [ 28.711470254497904, 47.118253513871544 ], [ 28.711463666151477, 47.118253612337703 ], [ 28.711457510550517, 47.11826720263938 ], [ 28.71145092220236, 47.118267301104837 ], [ 28.711451066450376, 47.118271798383461 ], [ 28.711444478101626, 47.118271896848569 ], [ 28.711444766596657, 47.118280891405846 ], [ 28.711438178246766, 47.118280989870584 ], [ 28.711438322493773, 47.118285487149237 ], [ 28.711431734143289, 47.118285585613627 ], [ 28.711431878389782, 47.118290082892287 ], [ 28.711418990178476, 47.118299274377314 ], [ 28.711419134423963, 47.118303771656009 ], [ 28.711406246207179, 47.118312963139658 ], [ 28.711393069499167, 47.118313160064439 ], [ 28.711386336902326, 47.118308761247505 ], [ 28.711373448678607, 47.118317952727544 ], [ 28.711373592920349, 47.118322450006318 ], [ 28.71136714880631, 47.118327045745829 ], [ 28.711360704691156, 47.118331641484971 ], [ 28.711354260574893, 47.11833623722378 ], [ 28.711347816457518, 47.118340832962218 ], [ 28.711341660817439, 47.118354423257969 ], [ 28.711328772575069, 47.118363614733163 ], [ 28.711328916813283, 47.118368112012007 ], [ 28.711303284549317, 47.118390992237074 ], [ 28.71130342878552, 47.118395489515962 ], [ 28.711303573021755, 47.118399986794827 ], [ 28.711303573021755, 47.118399986794827 ], [ 28.71130342878552, 47.118395489515962 ], [ 28.711303284549317, 47.118390992237074 ], [ 28.711303140313149, 47.118386494958187 ], [ 28.711328916813283, 47.118368112012007 ], [ 28.711328772575069, 47.118363614733163 ], [ 28.71132862833689, 47.118359117454304 ], [ 28.711341516578223, 47.118349925979139 ], [ 28.711341372339035, 47.118345428700323 ], [ 28.711347816457518, 47.118340832962218 ], [ 28.711354260574893, 47.11833623722378 ], [ 28.711360704691156, 47.118331641484971 ], [ 28.71136714880631, 47.118327045745829 ], [ 28.711373592920349, 47.118322450006318 ], [ 28.711373448678607, 47.118317952727544 ], [ 28.711373304436897, 47.118313455448771 ], [ 28.711386192659575, 47.118304263968746 ], [ 28.711386048416859, 47.118299766689987 ], [ 28.711372871711969, 47.118299963612394 ], [ 28.711366139118457, 47.118295564794224 ], [ 28.711372294745889, 47.118281974497194 ], [ 28.711385182961294, 47.118272783017339 ], [ 28.711385038718827, 47.118268285738552 ], [ 28.71139792692875, 47.118259094257311 ], [ 28.711397782685275, 47.118254596978538 ], [ 28.711410670889727, 47.118245405495919 ], [ 28.711410526645242, 47.118240908217167 ], [ 28.711423414844219, 47.118231716733163 ], [ 28.711423270598729, 47.118227219454425 ], [ 28.71144260288731, 47.118213432225808 ], [ 28.711442458640303, 47.118208934947113 ], [ 28.711455346826103, 47.11819974345962 ], [ 28.711455202578087, 47.118195246180946 ], [ 28.711474534846914, 47.118181458947113 ], [ 28.71147439059737, 47.118176961668468 ], [ 28.711487278769997, 47.118167770177514 ], [ 28.711487134519459, 47.118163272898883 ], [ 28.711493578603591, 47.118158677152884 ], [ 28.71150016693819, 47.118158578685147 ], [ 28.711499878435056, 47.118149584127927 ], [ 28.711519210675913, 47.118135796886818 ], [ 28.711519066422834, 47.118131299608237 ], [ 28.711557442359187, 47.118094730559541 ], [ 28.711576197535027, 47.118062954195061 ], [ 28.711589085662801, 47.118053762693059 ], [ 28.711588941404251, 47.118049265414577 ], [ 28.711601829526558, 47.118040073911175 ], [ 28.711601685267002, 47.118035576632714 ], [ 28.711614573383823, 47.118026385127934 ], [ 28.711614429123273, 47.118021887849501 ], [ 28.711704645809526, 47.117957547276824 ], [ 28.711770528898505, 47.117956562464187 ], [ 28.711777261481146, 47.117960961258952 ], [ 28.711889262733248, 47.11795928698384 ], [ 28.712050363018331, 47.117844392677867 ], [ 28.712056951312228, 47.117844294178603 ], [ 28.712095615273956, 47.117816719510266 ], [ 28.712102203564278, 47.117816621008444 ], [ 28.712147311465028, 47.117784450543503 ], [ 28.712153899751193, 47.117784352038754 ], [ 28.712192563619325, 47.117756777338613 ], [ 28.712199151901917, 47.117756678831313 ], [ 28.712289511746441, 47.117696835087088 ], [ 28.712296100021305, 47.11769673657431 ], [ 28.712315576209743, 47.117687446479557 ], [ 28.712328752756935, 47.117687249450647 ], [ 28.712348228936115, 47.117677959350438 ], [ 28.712361405480735, 47.117677762317797 ], [ 28.712380881650667, 47.117668472212145 ], [ 28.712394058192722, 47.11766827517576 ], [ 28.712413534353391, 47.117658985064672 ], [ 28.712512358396157, 47.117657507226994 ], [ 28.712519091000331, 47.117661905978061 ], [ 28.71252567927009, 47.11766180745213 ], [ 28.712619935852249, 47.117723389918105 ], [ 28.712626524129252, 47.11772329138627 ], [ 28.712653454623304, 47.117740886360082 ], [ 28.712660042902346, 47.117740787826293 ], [ 28.712686973416233, 47.117758382791919 ], [ 28.712693561697325, 47.117758284256169 ], [ 28.712727224867233, 47.117780277951923 ], [ 28.712733813150891, 47.11778017941382 ], [ 28.712760743708859, 47.117797774361414 ], [ 28.712767331994556, 47.117797675821365 ], [ 28.712794262572359, 47.117815270760751 ], [ 28.712800850860102, 47.117815172218748 ], [ 28.712834514109908, 47.117837165881724 ], [ 28.712841102400212, 47.117837067337369 ], [ 28.712868033022101, 47.117854662258708 ], [ 28.712874621314452, 47.117854563712406 ], [ 28.712901551956172, 47.117872158625566 ], [ 28.712908140250565, 47.117872060077303 ], [ 28.712941803580271, 47.117894053707474 ], [ 28.712948391877227, 47.117893955156866 ], [ 28.713008841567675, 47.117929046386351 ], [ 28.713015429868722, 47.117928947831828 ], [ 28.713069146954577, 47.117959640307603 ], [ 28.713075735259192, 47.117959541749563 ], [ 28.713095933328042, 47.117972737898192 ], [ 28.713102521634184, 47.117972639338589 ], [ 28.713122719714569, 47.117985835482301 ], [ 28.713129308022232, 47.117985736921142 ], [ 28.713156238813692, 47.118003331772073 ], [ 28.713162827123401, 47.118003233208945 ], [ 28.713183025230201, 47.118016429341623 ], [ 28.713189613541431, 47.118016330776946 ], [ 28.713209811659777, 47.118029526904706 ], [ 28.713216399972531, 47.118029428338467 ], [ 28.713236598102423, 47.118042624461339 ], [ 28.713243186416701, 47.118042525893529 ], [ 28.713270117274156, 47.118060120716649 ], [ 28.713276705590488, 47.118060022146885 ], [ 28.713296903746784, 47.118073218258701 ], [ 28.713303492064636, 47.118073119687381 ], [ 28.713323690232475, 47.118086315794287 ], [ 28.713330278551847, 47.118086217221411 ], [ 28.713383995975587, 47.118116909544277 ], [ 28.713390439887871, 47.118112313693693 ], [ 28.713396594976793, 47.118098723294345 ], [ 28.713434969585968, 47.118062153633126 ], [ 28.713441124658051, 47.118048563231518 ], [ 28.713499119710768, 47.118007200535573 ], [ 28.713498975291518, 47.118002703261553 ], [ 28.713556970249705, 47.117961340537221 ], [ 28.713556825825812, 47.117956843263293 ], [ 28.713614820689475, 47.117915480510568 ], [ 28.713614676260939, 47.11791098323674 ], [ 28.713679114887768, 47.117865024589292 ], [ 28.713678970454072, 47.117860527315578 ], [ 28.713685414310131, 47.117855931448901 ], [ 28.713691858165085, 47.117851335581889 ], [ 28.713698302018933, 47.117846739714516 ], [ 28.713704745871667, 47.117842143846801 ], [ 28.713711189723291, 47.117837547978716 ], [ 28.713717633573808, 47.117832952110291 ], [ 28.713724077423212, 47.117828356241517 ], [ 28.713730521271511, 47.117823760372389 ], [ 28.713736965118699, 47.117819164502897 ], [ 28.713743408964778, 47.117814568633051 ], [ 28.713749852809752, 47.117809972762878 ], [ 28.71375629665361, 47.117805376892349 ], [ 28.713762740496364, 47.117800781021444 ], [ 28.713769184338002, 47.117796185150205 ], [ 28.713775628178535, 47.117791589278617 ], [ 28.713782072017963, 47.117786993406675 ], [ 28.713788515856276, 47.117782397534377 ], [ 28.71379495969348, 47.117777801661724 ], [ 28.713801403529573, 47.117773205788723 ], [ 28.713807847364567, 47.117768609915366 ], [ 28.713814291198439, 47.117764014041668 ], [ 28.713820735031209, 47.117759418167608 ], [ 28.713827178862868, 47.117754822293207 ], [ 28.713833622693414, 47.117750226418437 ], [ 28.713840066522859, 47.117745630543332 ], [ 28.713846510351193, 47.117741034667873 ], [ 28.71385295417841, 47.117736438792043 ], [ 28.713859398004523, 47.117731842915887 ], [ 28.713865841829531, 47.117727247039369 ], [ 28.713872285653423, 47.117722651162502 ], [ 28.713878729476214, 47.11771805528528 ], [ 28.713885173297886, 47.117713459407703 ], [ 28.713891617118456, 47.117708863529771 ], [ 28.713898060937908, 47.117704267651497 ], [ 28.713904504756261, 47.117699671772868 ], [ 28.713910948573499, 47.117695075893884 ], [ 28.713917392389629, 47.117690480014552 ], [ 28.71392383620465, 47.117685884134879 ], [ 28.713930280018559, 47.117681288254836 ], [ 28.713936723831363, 47.117676692374445 ], [ 28.713943167643055, 47.117672096493699 ], [ 28.713949611453643, 47.117667500612619 ], [ 28.713956055263118, 47.117662904731162 ], [ 28.713962499071485, 47.117658308849364 ], [ 28.713968942878736, 47.117653712967225 ], [ 28.713975386684886, 47.117649117084724 ], [ 28.713981830489924, 47.117644521201861 ], [ 28.713988274293847, 47.117639925318663 ], [ 28.713994718096671, 47.117635329435103 ], [ 28.714001161898384, 47.117630733551202 ], [ 28.714007605698981, 47.117626137666939 ], [ 28.714014049498473, 47.11762154178232 ], [ 28.714020493296857, 47.117616945897367 ], [ 28.714026937094125, 47.117612350012045 ], [ 28.714033380890292, 47.117607754126375 ], [ 28.714039824685347, 47.117603158240364 ], [ 28.714046268479294, 47.117598562353997 ], [ 28.714052712272128, 47.117593966467275 ], [ 28.714059156063861, 47.117589370580198 ], [ 28.714065599854475, 47.11758477469278 ], [ 28.714072043643988, 47.117580178804992 ], [ 28.714078487432385, 47.117575582916871 ], [ 28.714084931219674, 47.117570987028387 ], [ 28.714091375005857, 47.117566391139555 ], [ 28.714097818790929, 47.117561795250374 ], [ 28.714104262574892, 47.117557199360839 ], [ 28.714110706357744, 47.117552603470941 ], [ 28.714117294608528, 47.117552504853641 ], [ 28.71418817614023, 47.117501950037649 ], [ 28.714194764384491, 47.117501851415973 ], [ 28.714330227773463, 47.117409834823064 ], [ 28.714336816005865, 47.117409736193359 ], [ 28.714362590979221, 47.11739135258086 ], [ 28.714369179209232, 47.117391253949322 ], [ 28.714401397898012, 47.117368274423953 ], [ 28.714407986125043, 47.117368175790219 ], [ 28.714440204783145, 47.117345196254234 ], [ 28.714446793007195, 47.117345097618312 ], [ 28.714472567911351, 47.117326713981733 ], [ 28.714479156133013, 47.11732661534397 ], [ 28.714511374735302, 47.117303635788524 ], [ 28.714517962953977, 47.117303537148558 ], [ 28.714550181525595, 47.117280557582518 ], [ 28.714556769741286, 47.117280458940364 ], [ 28.714582544576253, 47.117262075279733 ], [ 28.714589132789555, 47.117261976635746 ], [ 28.714621351305365, 47.117238997050229 ], [ 28.714627939515683, 47.117238898404047 ], [ 28.714660158000815, 47.117215918807915 ], [ 28.714666746208149, 47.117215820159529 ], [ 28.714692520973927, 47.117197436474832 ], [ 28.71469910917887, 47.117197337824635 ], [ 28.714731327608195, 47.117174358209041 ], [ 28.714737915810154, 47.117174259556634 ], [ 28.714763690531282, 47.117155875856369 ], [ 28.71477027873085, 47.117155777202136 ], [ 28.714802497104369, 47.117132797567074 ], [ 28.714809085300953, 47.117132698910645 ], [ 28.714841303643787, 47.117109719264967 ], [ 28.714847891837387, 47.117109620606342 ], [ 28.714873666489332, 47.117091236882011 ], [ 28.714880254680541, 47.117091138221561 ], [ 28.714912472967573, 47.117068158556428 ], [ 28.714932092996893, 47.117063365295934 ], [ 28.714979222083841, 47.117094155540514 ], [ 28.714979366623226, 47.117098652811777 ], [ 28.715019763030266, 47.117125044433756 ], [ 28.715019907573225, 47.117129541704898 ], [ 28.71506030402373, 47.117155933311864 ], [ 28.715060448570259, 47.117160430582885 ], [ 28.715484613748558, 47.117437541556107 ], [ 28.715484758332263, 47.117442038825907 ], [ 28.715504956785665, 47.117455234545538 ], [ 28.715505101371168, 47.117459731815273 ], [ 28.715511834191776, 47.117464130387638 ], [ 28.715512846295407, 47.117495611275586 ], [ 28.715519579121253, 47.117500009847411 ], [ 28.715520591230732, 47.117531490735033 ], [ 28.71552732406181, 47.117535889306311 ], [ 28.715528336177119, 47.117567370193598 ], [ 28.715535069013438, 47.117571768764314 ], [ 28.71553608113458, 47.117603249651289 ], [ 28.715542813976128, 47.117607648221465 ], [ 28.715543536923803, 47.117630134569076 ], [ 28.715550269769412, 47.117634533138734 ], [ 28.715571046681092, 47.117665717922954 ], [ 28.715584512387004, 47.117674515058404 ], [ 28.715584656980326, 47.117679012327784 ], [ 28.715591389835534, 47.117683410894863 ], [ 28.715591534429471, 47.117687908164221 ], [ 28.715598267286385, 47.117692306730866 ], [ 28.715598411880947, 47.117696804000197 ], [ 28.715605144739559, 47.117701202566415 ], [ 28.71560528933475, 47.117705699835724 ], [ 28.715612022195053, 47.117710098401517 ], [ 28.715612166790869, 47.117714595670805 ], [ 28.715618899652878, 47.117718994236149 ], [ 28.715619044249316, 47.117723491505423 ], [ 28.715625777113022, 47.117727890070341 ], [ 28.715625921710082, 47.117732387339579 ], [ 28.715632654575483, 47.117736785904057 ], [ 28.715632799173171, 47.117741283173274 ], [ 28.715639532040278, 47.117745681737325 ], [ 28.715639676638585, 47.117750179006535 ], [ 28.715646409507386, 47.117754577570146 ], [ 28.715646554106325, 47.117759074839327 ], [ 28.715653286976824, 47.117763473402512 ], [ 28.715653431576381, 47.117767970671657 ], [ 28.715660164448579, 47.117772369234402 ], [ 28.715660309048765, 47.117776866503533 ], [ 28.715667041922661, 47.117781265065865 ], [ 28.715667186523469, 47.117785762334954 ], [ 28.71567391939907, 47.117790160896838 ], [ 28.715674064000503, 47.117794658165934 ], [ 28.715680796877798, 47.117799056727378 ], [ 28.715680941479853, 47.117803553996431 ], [ 28.715687674358851, 47.117807952557449 ], [ 28.715687818961531, 47.117812449826495 ], [ 28.715694551842219, 47.117816848387079 ], [ 28.715694696445528, 47.117821345656083 ], [ 28.715701429327918, 47.11782574421624 ], [ 28.715722206404756, 47.117856928969928 ], [ 28.715735672184241, 47.117865726086364 ], [ 28.715735816791259, 47.11787022335524 ], [ 28.715742549683252, 47.117874621912812 ], [ 28.715742694290899, 47.117879119181666 ], [ 28.715749427184591, 47.117883517738818 ], [ 28.715770204312673, 47.117914702482828 ], [ 28.71578367011476, 47.117923499593239 ], [ 28.715783814726116, 47.117927996861958 ], [ 28.715790547629414, 47.117932395416538 ], [ 28.715811324801152, 47.117963580152271 ], [ 28.715824790622445, 47.11797237725753 ], [ 28.715824935237514, 47.117976874526107 ], [ 28.715831668150411, 47.117981273078094 ], [ 28.715831812766105, 47.117985770346657 ], [ 28.7158385456807, 47.117990168898217 ], [ 28.715859322903697, 47.118021353624286 ], [ 28.715872788747589, 47.11803015072352 ], [ 28.715872933366992, 47.118034647991941 ], [ 28.715907176488841, 47.118074629805967 ], [ 28.71590746573392, 47.118083624342567 ], [ 28.715941708913814, 47.118123606145211 ], [ 28.715941998165214, 47.118132600681569 ], [ 28.715969363825771, 47.118163686661845 ], [ 28.71596965308224, 47.118172681198011 ], [ 28.715997018779934, 47.118203767170982 ], [ 28.715997308041466, 47.118212761706957 ], [ 28.716024673776296, 47.11824384767263 ], [ 28.716024963042891, 47.118252842208406 ], [ 28.716031696007416, 47.118257240747788 ], [ 28.716038718242142, 47.118270633822419 ], [ 28.716085849040869, 47.118301423583191 ], [ 28.716092437377277, 47.118301324851096 ], [ 28.716105903330792, 47.118310121921105 ], [ 28.716106047971255, 47.118314619188752 ], [ 28.71610619261175, 47.118319116456391 ], [ 28.716106626533438, 47.118332608259308 ], [ 28.716113359514807, 47.118337006793595 ], [ 28.716120092497288, 47.11834140532747 ], [ 28.716126825480877, 47.118345803860926 ], [ 28.71612697012328, 47.118350301128494 ], [ 28.716127114765715, 47.118354798396062 ], [ 28.716127259408189, 47.118359295663637 ], [ 28.716127404050692, 47.118363792931198 ], [ 28.716127548693237, 47.118368290198759 ], [ 28.71612769333581, 47.118372787466313 ], [ 28.716141159313395, 47.118381584531754 ], [ 28.716141303957187, 47.118386081799258 ], [ 28.716141448601014, 47.118390579066762 ], [ 28.716141448601014, 47.118390579066762 ], [ 28.716141303957187, 47.118386081799258 ], [ 28.716141159313395, 47.118381584531754 ], [ 28.716141014669638, 47.118377087264236 ], [ 28.716134281680883, 47.118372688731696 ], [ 28.716127548693237, 47.118368290198759 ], [ 28.716120815706702, 47.118363891665396 ], [ 28.716120671064751, 47.118359394397821 ], [ 28.716120526422831, 47.118354897130232 ], [ 28.71612038178095, 47.118350399862649 ], [ 28.716120237139101, 47.11834590259506 ], [ 28.716120092497288, 47.11834140532747 ], [ 28.716119803213765, 47.118332410792263 ], [ 28.71610619261175, 47.118319116456391 ], [ 28.716106047971255, 47.118314619188752 ], [ 28.716105903330792, 47.118310121921105 ], [ 28.716105180129023, 47.11828763558276 ], [ 28.716111623822854, 47.118283039581925 ], [ 28.716117778233034, 47.118269449045421 ], [ 28.716130665613072, 47.118260257042031 ], [ 28.716149418099754, 47.118228479963861 ], [ 28.716155861782703, 47.118223883960624 ], [ 28.71616230546454, 47.118219287957047 ], [ 28.716162160819827, 47.11821479068945 ], [ 28.716168604500034, 47.118210194685517 ], [ 28.716168459854831, 47.118205697417928 ], [ 28.716174903533418, 47.118201101413668 ], [ 28.716174758887725, 47.118196604146078 ], [ 28.716181202564684, 47.11819200814147 ], [ 28.716181057918508, 47.118187510873916 ], [ 28.716180913272371, 47.11818301360632 ], [ 28.716187356947177, 47.118178417601392 ], [ 28.716193945268049, 47.118178318863649 ], [ 28.716193800620871, 47.118173821596109 ], [ 28.716193655973733, 47.118169324328555 ], [ 28.7162000996458, 47.118164728322917 ], [ 28.716199954998174, 47.11816023105537 ], [ 28.716199954998174, 47.11816023105537 ], [ 28.7162000996458, 47.118164728322917 ], [ 28.716193655973733, 47.118169324328555 ], [ 28.716193800620871, 47.118173821596109 ], [ 28.716193945268049, 47.118178318863649 ], [ 28.716187356947177, 47.118178417601392 ], [ 28.716187501593836, 47.118182914868953 ], [ 28.716181057918508, 47.118187510873916 ], [ 28.716181202564684, 47.11819200814147 ], [ 28.716174758887725, 47.118196604146078 ], [ 28.716174903533418, 47.118201101413668 ], [ 28.716168459854831, 47.118205697417928 ], [ 28.716168604500034, 47.118210194685517 ], [ 28.716162160819827, 47.11821479068945 ], [ 28.71616230546454, 47.118219287957047 ], [ 28.716155861782703, 47.118223883960624 ], [ 28.716156006426932, 47.118228381228221 ], [ 28.716149562743468, 47.118232977231479 ], [ 28.716149707387213, 47.11823747449909 ], [ 28.716143263702115, 47.118242070501999 ], [ 28.716124511207195, 47.118273847579196 ], [ 28.716118067515577, 47.118278443580735 ], [ 28.716111623822854, 47.118283039581925 ], [ 28.716105180129023, 47.11828763558276 ], [ 28.716098736434084, 47.118292231583261 ], [ 28.71609214809882, 47.118292330315711 ], [ 28.716085415124908, 47.118287931780038 ], [ 28.716085270486321, 47.118283434512321 ], [ 28.716078537514104, 47.118279035976244 ], [ 28.716078248238219, 47.118270041440745 ], [ 28.71605088245866, 47.118238955488586 ], [ 28.716050593187838, 47.118229960952895 ], [ 28.716023227445422, 47.118198874993446 ], [ 28.716022938179666, 47.118189880457578 ], [ 28.715995572474384, 47.118158794490824 ], [ 28.715995283213697, 47.11814979995475 ], [ 28.715967917545552, 47.118118713980728 ], [ 28.715967628289928, 47.118109719444448 ], [ 28.715940262658918, 47.118078633463114 ], [ 28.715939973408357, 47.118069638926663 ], [ 28.715933240475355, 47.118065240381362 ], [ 28.715933095850716, 47.118060743113105 ], [ 28.715926362919411, 47.118056344567385 ], [ 28.715926218295397, 47.118051847299107 ], [ 28.715919485365788, 47.118047448752939 ], [ 28.715898708097349, 47.118016264038516 ], [ 28.715885242252835, 47.118007466942302 ], [ 28.71588509763253, 47.118002969673896 ], [ 28.715824501392419, 47.117963382720347 ], [ 28.715823344473709, 47.117927404571503 ], [ 28.715816611568407, 47.117923006018891 ], [ 28.715809589437239, 47.117909612928528 ], [ 28.715796123634529, 47.117900815821159 ], [ 28.715795979022275, 47.117896318552447 ], [ 28.715789246123176, 47.117891919998115 ], [ 28.7157684689933, 47.117860735257473 ], [ 28.7157550032098, 47.117851938144938 ], [ 28.715754858601258, 47.117847440876083 ], [ 28.715748125711755, 47.11784304231918 ], [ 28.715747981103842, 47.117838545050319 ], [ 28.715741248216041, 47.117834146492974 ], [ 28.71574110360875, 47.117829649224092 ], [ 28.71573437072265, 47.117825250666307 ], [ 28.715734226115977, 47.117820753397403 ], [ 28.715727493231579, 47.117816354839192 ], [ 28.715727348625535, 47.117811857570267 ], [ 28.715720615742836, 47.117807459011622 ], [ 28.715720471137413, 47.117802961742662 ], [ 28.715713738256412, 47.117798563183598 ], [ 28.715713593651614, 47.117794065914609 ], [ 28.715706860772311, 47.117789667355105 ], [ 28.715706716168139, 47.117785170086094 ], [ 28.715699983290531, 47.117780771526164 ], [ 28.715699838686987, 47.117776274257139 ], [ 28.715693105811081, 47.117771875696761 ], [ 28.715692961208156, 47.117767378427715 ], [ 28.715686228333951, 47.117762979866917 ], [ 28.715686083731651, 47.117758482597843 ], [ 28.715679350859144, 47.117754084036591 ], [ 28.715679206257466, 47.117749586767509 ], [ 28.715672473386658, 47.117745188205838 ], [ 28.715672328785608, 47.117740690936714 ], [ 28.715665595916494, 47.117736292374623 ], [ 28.71566545131607, 47.11773179510547 ], [ 28.715658718448662, 47.117727396542932 ], [ 28.715658573848856, 47.117722899273758 ], [ 28.715651840983146, 47.117718500710794 ], [ 28.715651696383969, 47.117714003441613 ], [ 28.715644963519956, 47.117709604878208 ], [ 28.715644818921398, 47.117705107608984 ], [ 28.715638086059084, 47.11770070904516 ], [ 28.715617309094362, 47.117669524273964 ], [ 28.715603843384429, 47.117660727142443 ], [ 28.715603698789593, 47.117656229873099 ], [ 28.715576333608155, 47.117625143796658 ], [ 28.715575899831229, 47.117611651988319 ], [ 28.715569166986494, 47.117607253420147 ], [ 28.715568154845688, 47.117575772533726 ], [ 28.715561422006186, 47.117571373965013 ], [ 28.71556040987122, 47.117539893078273 ], [ 28.715553677036951, 47.117535494509006 ], [ 28.715552809497598, 47.11750851089154 ], [ 28.715546076667973, 47.117504112321718 ], [ 28.71554506454444, 47.117472631434381 ], [ 28.715538331720051, 47.11746823286402 ], [ 28.715537608778661, 47.117445746515706 ], [ 28.715530875958336, 47.117441347944833 ], [ 28.715530731370755, 47.117436850675141 ], [ 28.715133496969365, 47.117177334261036 ], [ 28.715133352416597, 47.117172836990186 ], [ 28.715052559458613, 47.117120053814318 ], [ 28.715052414912954, 47.117115556543247 ], [ 28.715005285765354, 47.117084766329697 ], [ 28.715005141223855, 47.117080269058469 ], [ 28.71496474485842, 47.1170538774306 ], [ 28.714964600320496, 47.117049380159273 ], [ 28.714957867597395, 47.117044981553164 ], [ 28.715022448563548, 47.117003519442889 ], [ 28.715029036743417, 47.117003420774012 ], [ 28.715061254913284, 47.116980441068186 ], [ 28.715067843090168, 47.116980342397106 ], [ 28.715132423892296, 47.116938880226478 ], [ 28.715139012063805, 47.116938781551376 ], [ 28.715203592760098, 47.116897319341668 ], [ 28.715210180926235, 47.116897220662544 ], [ 28.715242398953809, 47.11687424090718 ], [ 28.715248987116965, 47.116874142225853 ], [ 28.715313567649229, 47.116832679955792 ], [ 28.71532015580701, 47.116832581270451 ], [ 28.7153523737481, 47.116809601485002 ], [ 28.715358961902897, 47.116809502797459 ], [ 28.715423542271132, 47.116768040467051 ], [ 28.71543013042055, 47.116767941775478 ], [ 28.715436573993692, 47.116763345813077 ], [ 28.715443017565725, 47.116758749850327 ], [ 28.71544946113664, 47.116754153887214 ], [ 28.715455904706456, 47.116749557923761 ], [ 28.71546234827516, 47.116744961959952 ], [ 28.715468791842753, 47.116740365995796 ], [ 28.715475235409233, 47.116735770031291 ], [ 28.715481678974612, 47.11673117406643 ], [ 28.715488122538883, 47.116726578101208 ], [ 28.715494566102038, 47.116721982135644 ], [ 28.715501009664081, 47.116717386169725 ], [ 28.715507453225023, 47.116712790203458 ], [ 28.715513896784852, 47.116708194236836 ], [ 28.71552034034357, 47.116703598269851 ], [ 28.715526783901186, 47.116699002302539 ], [ 28.715533227457684, 47.116694406334865 ], [ 28.715539671013079, 47.116689810366843 ], [ 28.715546114567363, 47.116685214398451 ], [ 28.715552558120539, 47.116680618429726 ], [ 28.715559001672602, 47.116676022460638 ], [ 28.715565445223557, 47.116671426491209 ], [ 28.715571888773407, 47.116666830521417 ], [ 28.715578332322142, 47.116662234551278 ], [ 28.715584775869772, 47.11665763858079 ], [ 28.715591219416293, 47.116653042609954 ], [ 28.715597662961702, 47.116648446638756 ], [ 28.715604106506003, 47.116643850667202 ], [ 28.715610550049199, 47.116639254695315 ], [ 28.715616993591283, 47.116634658723065 ], [ 28.715623437132251, 47.11663006275046 ], [ 28.715629880672122, 47.116625466777514 ], [ 28.715636324210877, 47.116620870804205 ], [ 28.715642767748516, 47.116616274830555 ], [ 28.715649211285058, 47.116611678856536 ], [ 28.715655654820488, 47.116607082882183 ], [ 28.715662098354802, 47.116602486907475 ], [ 28.715668541888011, 47.116597890932404 ], [ 28.715674985420112, 47.116593294956992 ], [ 28.715681428951108, 47.116588698981225 ], [ 28.715687872480991, 47.116584103005103 ], [ 28.715694316009763, 47.116579507028625 ], [ 28.715700759537427, 47.116574911051806 ], [ 28.715707203063982, 47.116570315074625 ], [ 28.715713646589428, 47.116565719097117 ], [ 28.715720090113763, 47.11656112311924 ], [ 28.715726533636992, 47.116556527141 ], [ 28.715732977159107, 47.116551931162419 ], [ 28.715739420680119, 47.116547335183498 ], [ 28.715745864200017, 47.116542739204206 ], [ 28.715752307718809, 47.116538143224567 ], [ 28.715745574997737, 47.116533744664402 ], [ 28.715745430396648, 47.116529247394496 ], [ 28.71569830138435, 47.116498457461645 ], [ 28.715698156787422, 47.116493960191605 ], [ 28.715698012190533, 47.11648946292155 ], [ 28.715697867593676, 47.116484965651502 ], [ 28.715697722996854, 47.11648046838144 ], [ 28.715697578400068, 47.116475971111385 ], [ 28.715697144609919, 47.116462479301177 ], [ 28.71563640569649, 47.116418394943224 ], [ 28.715636261105185, 47.11641389767297 ], [ 28.715609330328917, 47.116396303400869 ], [ 28.715609185740004, 47.116391806130537 ], [ 28.715588987671225, 47.116378610422053 ], [ 28.715588843084113, 47.116374113151664 ], [ 28.715548446980026, 47.116347721723422 ], [ 28.715548302396488, 47.116343224452905 ], [ 28.715480831073371, 47.11629474143519 ], [ 28.715480686495791, 47.116290244164489 ], [ 28.715453755833362, 47.116272649853947 ], [ 28.715453611258177, 47.116268152583146 ], [ 28.715419947958043, 47.116246159685588 ], [ 28.715419658813676, 47.116237165143779 ], [ 28.715406193503743, 47.11622836798179 ], [ 28.715406627216804, 47.116241859794599 ], [ 28.715387296671363, 47.116255647674542 ], [ 28.71539388475767, 47.116255548985862 ], [ 28.715407350072599, 47.116264346149201 ], [ 28.715407494643866, 47.116268843420116 ], [ 28.715468233197857, 47.116312927905255 ], [ 28.715468377774492, 47.116317425175978 ], [ 28.715677091087485, 47.116453780879112 ], [ 28.715677380277416, 47.116462775419379 ], [ 28.715684112983858, 47.116467173983793 ], [ 28.715690845691412, 47.116471572547788 ], [ 28.715697578400068, 47.116475971111385 ], [ 28.715724509245799, 47.116493565361594 ], [ 28.715731097360308, 47.116493466653147 ], [ 28.715778226386671, 47.116524256572347 ], [ 28.715830931330569, 47.116523466869047 ], [ 28.71586314886472, 47.116500486943963 ], [ 28.715869736979602, 47.116500388227529 ], [ 28.715908397980446, 47.116472812303634 ], [ 28.715914986091757, 47.116472713584649 ], [ 28.715947203559015, 47.116449733636578 ], [ 28.715953791667339, 47.116449634915391 ], [ 28.715992452587912, 47.116422058963927 ], [ 28.715999040692665, 47.116421960240181 ], [ 28.716037701569764, 47.116394384273868 ], [ 28.716044289670954, 47.116394285547564 ], [ 28.716082950504585, 47.116366709566407 ], [ 28.716089538602198, 47.116366610837545 ], [ 28.716128199392372, 47.116339034841545 ], [ 28.716134787486411, 47.116338936110125 ], [ 28.716173448233111, 47.116311360099282 ], [ 28.716180036323578, 47.116311261365304 ], [ 28.716218697026818, 47.116283685339631 ], [ 28.716225285113715, 47.116283586603082 ], [ 28.716257502332969, 47.116260606570194 ], [ 28.716264090416885, 47.116260507831463 ], [ 28.716302751039844, 47.116232931778192 ], [ 28.716309339120187, 47.116232833036904 ], [ 28.716335112844288, 47.116214448992899 ], [ 28.716341845571968, 47.116218847518525 ], [ 28.716342134871546, 47.116227842056027 ], [ 28.716348867601514, 47.116232240581191 ], [ 28.716349446203438, 47.116250229656046 ], [ 28.716356178936874, 47.11625462818072 ], [ 28.716356612890444, 47.116268119986763 ], [ 28.716363345626764, 47.116272518510975 ], [ 28.716363924234379, 47.11629050758556 ], [ 28.71637065697416, 47.116294906109289 ], [ 28.716371235584692, 47.116312895183739 ], [ 28.716377968327947, 47.116317293706963 ], [ 28.71637840228798, 47.116330785512702 ], [ 28.716385135034109, 47.116335184035464 ], [ 28.716385713650329, 47.116353173109651 ], [ 28.716392446399922, 47.116357571631916 ], [ 28.716392880364225, 47.116371063437448 ], [ 28.716399613116703, 47.116375461959244 ], [ 28.716400191738614, 47.116393451033169 ], [ 28.71640692449456, 47.116397849554474 ], [ 28.71640735846313, 47.116411341359814 ], [ 28.716414091221949, 47.116415739880651 ], [ 28.716414669849563, 47.116433728954327 ], [ 28.716421402611847, 47.116438127474659 ], [ 28.71642183658469, 47.116451619279808 ], [ 28.716428569349851, 47.116456017799671 ], [ 28.71642914798316, 47.116474006873077 ], [ 28.716435880751785, 47.116478405392449 ], [ 28.716436314728899, 47.116491897197399 ], [ 28.716443047500409, 47.116496295716303 ], [ 28.716443626139409, 47.116514284789439 ], [ 28.716450358914379, 47.116518683307859 ], [ 28.716450792895767, 47.116532175112603 ], [ 28.716457525673615, 47.116536573630555 ], [ 28.71645810431831, 47.116554562703428 ], [ 28.716464837099629, 47.116558961220889 ], [ 28.716465271085283, 47.116572453025427 ], [ 28.716472003869484, 47.116576851542412 ], [ 28.71647258251987, 47.116594840615015 ], [ 28.716479315307531, 47.116599239131503 ], [ 28.716479749297452, 47.11661273093587 ], [ 28.716486482087994, 47.116617129451889 ], [ 28.716487060744075, 47.116635118524229 ], [ 28.716493793538085, 47.116639517039758 ], [ 28.716494372197083, 47.116657506111963 ], [ 28.716501104994556, 47.116661904627001 ], [ 28.716501538990943, 47.116675396431056 ], [ 28.716535347672281, 47.116701886267663 ], [ 28.716535492340796, 47.116706383535586 ], [ 28.716548957956057, 47.116715180560099 ], [ 28.716549102625788, 47.116719677827959 ], [ 28.716555835435674, 47.11672407633958 ], [ 28.716562568246665, 47.116728474850774 ], [ 28.716569301058772, 47.11673287336157 ], [ 28.716576033871984, 47.116737271871941 ], [ 28.716582766686308, 47.116741670381906 ], [ 28.716589499501744, 47.116746068891452 ], [ 28.716596232318281, 47.116750467400593 ], [ 28.716602965135934, 47.116754865909307 ], [ 28.716609697954695, 47.116759264417617 ], [ 28.716616430774561, 47.116763662925514 ], [ 28.716623163595539, 47.116768061432985 ], [ 28.716629896417626, 47.116772459940059 ], [ 28.716636629240824, 47.116776858446713 ], [ 28.716643362065131, 47.116781256952947 ], [ 28.716650094890543, 47.11678565545877 ], [ 28.71665682771707, 47.116790053964188 ], [ 28.716663560544703, 47.116794452469186 ], [ 28.716670293373443, 47.116798850973773 ], [ 28.716677026203296, 47.116803249477947 ], [ 28.716683759034257, 47.116807647981702 ], [ 28.716690491866323, 47.116812046485045 ], [ 28.716697224699502, 47.116816444987975 ], [ 28.716703957533788, 47.116820843490494 ], [ 28.716710545685313, 47.116820744725189 ], [ 28.716717133836795, 47.116820645959521 ], [ 28.716723721988249, 47.116820547193463 ], [ 28.71673031013967, 47.116820448427028 ], [ 28.716736898291053, 47.116820349660202 ], [ 28.716743486442397, 47.116820250893021 ], [ 28.716750074593708, 47.116820152125449 ], [ 28.716822544255834, 47.116819065657168 ], [ 28.716835431168867, 47.116809873578333 ], [ 28.716842019318584, 47.116809774805482 ], [ 28.716854906225997, 47.116800582724515 ], [ 28.716861494374498, 47.116800483950563 ], [ 28.716913331356409, 47.116772710143628 ], [ 28.716919919501265, 47.116772611366351 ], [ 28.71692650764609, 47.116772512588717 ], [ 28.716933240493258, 47.116776911077615 ], [ 28.716933385195677, 47.116781408344515 ], [ 28.716946850894523, 47.116790205321031 ], [ 28.716953873154083, 47.116803598342372 ], [ 28.716967338861945, 47.116812395316316 ], [ 28.71697436112969, 47.116825788336236 ], [ 28.716987826846562, 47.116834585307622 ], [ 28.717001726693439, 47.116856874077463 ], [ 28.717015192422725, 47.116865671045424 ], [ 28.717022214709782, 47.116879064062047 ], [ 28.717035680448081, 47.116887861027458 ], [ 28.717035825159684, 47.116892358294045 ], [ 28.717042558031089, 47.116896756776114 ], [ 28.717042702743317, 47.116901254042673 ], [ 28.717049435616421, 47.116905652524302 ], [ 28.717049580329281, 47.116910149790833 ], [ 28.717056313204079, 47.116914548272035 ], [ 28.717056457917561, 47.116919045538545 ], [ 28.717063190794054, 47.116923444019321 ], [ 28.717063335508161, 47.116927941285816 ], [ 28.717070068386359, 47.116932339766137 ], [ 28.717070213101096, 47.116936837032604 ], [ 28.717076945980985, 47.116941235512513 ], [ 28.717077090696343, 47.116945732778952 ], [ 28.717083823577937, 47.11695013125842 ], [ 28.717083968293913, 47.116954628524844 ], [ 28.717090701177206, 47.116959027003887 ], [ 28.717090845893811, 47.116963524270275 ], [ 28.717131966821626, 47.117012401467051 ], [ 28.717132256262364, 47.117021395999565 ], [ 28.717138989158137, 47.117025794475538 ], [ 28.717139133879151, 47.117030291741777 ], [ 28.717145866776622, 47.117034690217324 ], [ 28.717146011498254, 47.117039187483535 ], [ 28.717152744397424, 47.117043585958662 ], [ 28.717152889119685, 47.117048083224844 ], [ 28.717159622020553, 47.117052481699531 ], [ 28.717159766743436, 47.117056978965685 ], [ 28.717166499646005, 47.117061377439946 ], [ 28.717166644369509, 47.117065874706093 ], [ 28.717173377273777, 47.117070273179905 ], [ 28.717173521997914, 47.117074770446024 ], [ 28.717180254903877, 47.11707916891941 ], [ 28.717180399628631, 47.117083666185501 ], [ 28.717187132536299, 47.117088064658454 ], [ 28.717187277261679, 47.11709256192453 ], [ 28.717194010171045, 47.117096960397049 ], [ 28.717214787817092, 47.117128144876055 ], [ 28.71723498656889, 47.117141340287205 ], [ 28.717235131298573, 47.117145837553117 ], [ 28.717268940642704, 47.11717232716245 ], [ 28.717269085375403, 47.117176824428256 ], [ 28.71728255123011, 47.117185621362694 ], [ 28.71728269596403, 47.117190118628457 ], [ 28.717323238295798, 47.117221006687373 ], [ 28.717323383033317, 47.117225503953023 ], [ 28.717357192472122, 47.117251993534722 ], [ 28.717357337212658, 47.117256490800258 ], [ 28.717370803102099, 47.117265287723747 ], [ 28.717370947843854, 47.117269784989247 ], [ 28.717391146688108, 47.117282980371321 ], [ 28.717391291431664, 47.117287477636765 ], [ 28.71739802438255, 47.117291876096608 ], [ 28.717404757334556, 47.117296274556033 ], [ 28.717411490287663, 47.117300673015052 ], [ 28.717418223241882, 47.117305071473659 ], [ 28.717424956197213, 47.11730946993184 ], [ 28.717431689153646, 47.117313868389616 ], [ 28.717438422111194, 47.117318266847001 ], [ 28.717445155069854, 47.117322665303945 ], [ 28.717451888029618, 47.117327063760484 ], [ 28.717458620990492, 47.117331462216598 ], [ 28.71746535395247, 47.117335860672313 ], [ 28.717472086915564, 47.117340259127616 ], [ 28.717478819879769, 47.117344657582485 ], [ 28.717485552845076, 47.117349056036964 ], [ 28.717492285811495, 47.117353454491017 ], [ 28.71749901877903, 47.117357852944664 ], [ 28.717505751747662, 47.117362251397893 ], [ 28.717512484717414, 47.117366649850702 ], [ 28.71751921768827, 47.117371048303113 ], [ 28.717525950660235, 47.117375446755098 ], [ 28.717532683633308, 47.117379845206663 ], [ 28.717539416607497, 47.117384243657831 ], [ 28.717546149582791, 47.11738864210858 ], [ 28.71755288255919, 47.117393040558909 ], [ 28.717559615536704, 47.117397439008826 ], [ 28.717566348515323, 47.117401837458338 ], [ 28.717573081495058, 47.117406235907424 ], [ 28.717579814475897, 47.117410634356105 ], [ 28.717586547457845, 47.117415032804381 ], [ 28.717593280440905, 47.11741943125223 ], [ 28.717600013425074, 47.117423829699661 ], [ 28.717606746410347, 47.117428228146693 ], [ 28.717613479396736, 47.117432626593306 ], [ 28.717620212384229, 47.117437025039507 ], [ 28.717626945372828, 47.117441423485289 ], [ 28.717633678362542, 47.117445821930666 ], [ 28.717640411353365, 47.117450220375623 ], [ 28.7176471443453, 47.117454618820169 ], [ 28.717653877338339, 47.117459017264288 ], [ 28.717660610332487, 47.117463415708009 ], [ 28.717667343327747, 47.117467814151304 ], [ 28.717674076324116, 47.117472212594201 ], [ 28.717680809321596, 47.117476611036679 ], [ 28.717687542320178, 47.117481009478752 ], [ 28.717694275319879, 47.117485407920384 ], [ 28.717701008320681, 47.117489806361633 ], [ 28.717707741322595, 47.117494204802455 ], [ 28.717714474325618, 47.117498603242851 ], [ 28.717721207329753, 47.117503001682856 ], [ 28.717727940334996, 47.117507400122435 ], [ 28.717734673341351, 47.117511798561594 ], [ 28.717741406348804, 47.117516197000356 ], [ 28.717748139357379, 47.117520595438698 ], [ 28.717754872367056, 47.117524993876621 ], [ 28.717761605377845, 47.11752939231414 ], [ 28.717768338389739, 47.117533790751224 ], [ 28.717775071402748, 47.117538189187925 ], [ 28.717781804416862, 47.117542587624193 ], [ 28.717788537432085, 47.117546986060049 ], [ 28.71779527044842, 47.117551384495499 ], [ 28.717802003465863, 47.11755578293053 ], [ 28.717808736484418, 47.11756018136515 ], [ 28.717815469504082, 47.117564579799357 ], [ 28.71782220252485, 47.117568978233152 ], [ 28.717828935546731, 47.117573376666535 ], [ 28.717835379004821, 47.117568780571176 ], [ 28.717834944657735, 47.117555288778661 ], [ 28.717841388113158, 47.117550692682983 ], [ 28.717840374634207, 47.117519211833745 ], [ 28.71784681808488, 47.117514615737797 ], [ 28.717845949386888, 47.117487632152645 ], [ 28.717852392833329, 47.117483036056427 ], [ 28.717851524133476, 47.117456052471212 ], [ 28.717857967575693, 47.11745145637471 ], [ 28.717857098873981, 47.117424472789409 ], [ 28.717863542311974, 47.117419876692615 ], [ 28.717862673608398, 47.117392893107258 ], [ 28.717869117042163, 47.117388297010187 ], [ 28.717868248336728, 47.117361313424759 ], [ 28.717874691766269, 47.117356717327397 ], [ 28.717873823058973, 47.117329733741904 ], [ 28.717880266484283, 47.117325137644258 ], [ 28.717879832129551, 47.117311645851501 ], [ 28.717886275552196, 47.117307049753535 ], [ 28.717885985981511, 47.117298055225035 ], [ 28.717892429402006, 47.117293459126749 ], [ 28.717891995044674, 47.117279967333992 ], [ 28.717898438462505, 47.117275371235394 ], [ 28.71789814889009, 47.11726637670688 ], [ 28.717904592305764, 47.117261780607947 ], [ 28.71790430273245, 47.117252786079455 ], [ 28.717910746145979, 47.117248189980202 ], [ 28.717910456571769, 47.117239195451717 ], [ 28.717916899983148, 47.11723459935213 ], [ 28.717916610408032, 47.117225604823659 ], [ 28.71792305381727, 47.117221008723732 ], [ 28.717922764241251, 47.11721201419526 ], [ 28.717929207648339, 47.117207418095028 ], [ 28.717928918071422, 47.117198423566563 ], [ 28.717935361476361, 47.117193827465982 ], [ 28.717935071898548, 47.117184832937525 ], [ 28.717941515301334, 47.117180236836631 ], [ 28.717941225722626, 47.117171242308181 ], [ 28.717947669123262, 47.117166646206947 ], [ 28.717947379543649, 47.117157651678518 ], [ 28.717953822942142, 47.117153055576956 ], [ 28.717953533361626, 47.117144061048521 ], [ 28.717959976757978, 47.117139464946646 ], [ 28.717959687176563, 47.117130470418218 ], [ 28.717966130570758, 47.117125874316002 ], [ 28.717965840988448, 47.117116879787581 ], [ 28.71797228438049, 47.117112283685032 ], [ 28.717971994797285, 47.117103289156624 ], [ 28.717978438187185, 47.117098693053748 ], [ 28.717978148603066, 47.117089698525348 ], [ 28.717984591990824, 47.117085102422145 ], [ 28.71798430240581, 47.117076107893752 ], [ 28.717990745791408, 47.117071511790236 ], [ 28.717990456205506, 47.117062517261836 ], [ 28.717996899588954, 47.117057921157979 ], [ 28.717996610002146, 47.1170489266296 ], [ 28.718003053383452, 47.117044330525403 ], [ 28.718002619001947, 47.117030838732852 ], [ 28.718009062380577, 47.117026242628341 ], [ 28.718008772792043, 47.117017248099977 ], [ 28.718015216168531, 47.117012651995132 ], [ 28.718014926579091, 47.117003657466782 ], [ 28.71802136995343, 47.116999061361611 ], [ 28.718021080363094, 47.11699006683326 ], [ 28.718027523735284, 47.116985470727762 ], [ 28.718027234144049, 47.116976476199405 ], [ 28.718033677514089, 47.116971880093601 ], [ 28.71803338792196, 47.11696288556525 ], [ 28.71803983128985, 47.116958289459106 ], [ 28.718039541696815, 47.11694929493077 ], [ 28.71804598506256, 47.116944698824298 ], [ 28.718045695468629, 47.116935704295969 ], [ 28.718052138832224, 47.116931108189164 ], [ 28.718051849237391, 47.116922113660841 ], [ 28.718058292598844, 47.116917517553709 ], [ 28.718058003003105, 47.116908523025394 ], [ 28.718064446362408, 47.116903926917935 ], [ 28.718064156765781, 47.116894932389634 ], [ 28.718070600122932, 47.116890336281841 ], [ 28.718070310525398, 47.116881341753547 ], [ 28.718076753880403, 47.116876745645435 ], [ 28.718076464281967, 47.116867751117134 ], [ 28.718082907634827, 47.116863155008701 ], [ 28.718082618035496, 47.116854160480408 ], [ 28.718089061386202, 47.116849564371627 ], [ 28.718088771785972, 47.116840569843355 ], [ 28.718095215134532, 47.116835973734254 ], [ 28.7180949255334, 47.116826979205996 ], [ 28.718101368879807, 47.116822383096554 ], [ 28.71810107927778, 47.116813388568303 ], [ 28.718107522622045, 47.116808792458535 ], [ 28.7181070882177, 47.116795300666155 ], [ 28.718113531559293, 47.116790704556074 ], [ 28.718113241955539, 47.11678171002783 ], [ 28.718119685294983, 47.116777113917415 ], [ 28.718119395690326, 47.116768119389178 ], [ 28.718125839027618, 47.116763523278436 ], [ 28.718125549422066, 47.116754528750207 ], [ 28.718131992757215, 47.116749932639131 ], [ 28.71813170315076, 47.116740938110915 ], [ 28.71813814648376, 47.11673634199952 ], [ 28.7181378568764, 47.11672734747129 ], [ 28.718144300207253, 47.116722751359575 ], [ 28.718144010598998, 47.116713756831359 ], [ 28.718150453927702, 47.11670916071931 ], [ 28.718150164318544, 47.116700166191109 ], [ 28.718156607645099, 47.116695570078711 ], [ 28.718156318035049, 47.116686575550524 ], [ 28.718162761359455, 47.116681979437821 ], [ 28.718162471748499, 47.116672984909627 ], [ 28.718168915070756, 47.11666838879659 ], [ 28.718168625458905, 47.11665939426841 ], [ 28.718175068779015, 47.116654798155039 ], [ 28.718174779166262, 47.116645803626866 ], [ 28.718181222484223, 47.116641207513176 ], [ 28.718180932870574, 47.116632212985017 ], [ 28.718187376186386, 47.116627616870979 ], [ 28.718187086571831, 47.116618622342827 ], [ 28.7181935298855, 47.116614026228476 ], [ 28.718193240270047, 47.116605031700324 ], [ 28.718199683581567, 47.116600435585646 ], [ 28.718199393965211, 47.116591441057494 ], [ 28.718205837274578, 47.116586844942496 ], [ 28.718205547657334, 47.116577850414345 ], [ 28.718211990964551, 47.116573254299013 ], [ 28.718211701346405, 47.11656425977089 ], [ 28.71821814465147, 47.116559663655224 ], [ 28.718217710222955, 47.116546171863035 ], [ 28.718224153525355, 47.11654157574705 ], [ 28.718223863905479, 47.116532581218927 ], [ 28.718230307205737, 47.116527985102628 ], [ 28.718230017584954, 47.116518990574498 ], [ 28.718236460883062, 47.116514394457866 ], [ 28.718236026450604, 47.116500902665699 ], [ 28.718242469746041, 47.116496306548747 ], [ 28.718240876823991, 47.116446836643952 ], [ 28.718247320112603, 47.116442240526773 ], [ 28.718245727189068, 47.116392770621644 ], [ 28.718252170470851, 47.116388174504237 ], [ 28.718250577545835, 47.116338704598775 ], [ 28.718257020820801, 47.116334108481141 ], [ 28.718255717516975, 47.116293633103687 ], [ 28.718262160786153, 47.116289036985805 ], [ 28.718260712668922, 47.116244064343938 ], [ 28.718267155931795, 47.116239468225828 ], [ 28.718265707812861, 47.116194495583692 ], [ 28.718272151069431, 47.116189899465354 ], [ 28.718270847760703, 47.116149424087197 ], [ 28.718277291011486, 47.116144827968604 ], [ 28.718275842888801, 47.116099855325942 ], [ 28.718282286133281, 47.116095259207121 ], [ 28.718280838008898, 47.116050286564196 ], [ 28.718287281247072, 47.116045690445127 ], [ 28.718285977933437, 47.116005215066274 ], [ 28.718292421165827, 47.116000618946956 ], [ 28.718290973037693, 47.11595564630354 ], [ 28.718297416263773, 47.11595105018398 ], [ 28.718296112946771, 47.115910574804673 ], [ 28.718302556167064, 47.115905978684879 ], [ 28.718301108035185, 47.115861006040944 ], [ 28.718307551249175, 47.115856409920909 ], [ 28.718306103115594, 47.115811437276683 ], [ 28.718312546323279, 47.11580684115642 ], [ 28.718311677441687, 47.115779857569784 ], [ 28.718318120645147, 47.115775261449222 ], [ 28.718324563847496, 47.115770665328327 ], [ 28.718331007048736, 47.115766069207069 ], [ 28.718337450248871, 47.115761473085449 ], [ 28.718343893447894, 47.115756876963495 ], [ 28.718350336645809, 47.115752280841185 ], [ 28.718356924659759, 47.115752181982884 ], [ 28.718356779842608, 47.115747684718521 ], [ 28.718356635025497, 47.115743187454143 ], [ 28.718356490208418, 47.115738690189758 ], [ 28.718356345391378, 47.115734192925387 ], [ 28.718349757379642, 47.115734291783617 ], [ 28.718349612563191, 47.115729794519218 ], [ 28.718349467746766, 47.115725297254819 ], [ 28.718349322930386, 47.115720799990399 ], [ 28.718349178114039, 47.115716302726 ], [ 28.718349033297724, 47.115711805461586 ], [ 28.718348888481444, 47.115707308197166 ], [ 28.718344833639836, 47.115581384791845 ], [ 28.718351276816893, 47.115576788669621 ], [ 28.718350842369649, 47.115563296876033 ], [ 28.718357285544041, 47.115558700753489 ], [ 28.718356706279451, 47.115540711695402 ], [ 28.718363149450656, 47.115536115572546 ], [ 28.718362715001028, 47.115522623778958 ], [ 28.718369158169558, 47.115518027655796 ], [ 28.718368723718683, 47.115504535862208 ], [ 28.718375166884556, 47.115499939738719 ], [ 28.718374732432434, 47.115486447945145 ], [ 28.718381175595635, 47.115481851821343 ], [ 28.718380741142273, 47.115468360027762 ], [ 28.718387184302806, 47.115463763903648 ], [ 28.718386749848193, 47.115450272110053 ], [ 28.718393193006058, 47.115445675985619 ], [ 28.718392613731663, 47.115427686927504 ], [ 28.718399056886337, 47.115423090802764 ], [ 28.718398622429351, 47.115409599009162 ], [ 28.718405065581358, 47.115405002884117 ], [ 28.718404631123121, 47.115391511090507 ], [ 28.718411074272463, 47.115386914965136 ], [ 28.718410929452602, 47.115382417700609 ], [ 28.718410639812987, 47.11537342317154 ], [ 28.718417082959661, 47.115368827045842 ], [ 28.718416648498934, 47.115355335252247 ], [ 28.718423091642943, 47.115350739126242 ], [ 28.718422657180973, 47.115337247332647 ], [ 28.718429100322314, 47.115332651206323 ], [ 28.718428521038099, 47.11531466214818 ], [ 28.71843496417625, 47.11531006602155 ], [ 28.718434529711903, 47.115296574227941 ], [ 28.718440972847382, 47.115291978100991 ], [ 28.718440538381788, 47.115278486307375 ], [ 28.718446981514603, 47.115273890180113 ], [ 28.718446547047765, 47.115260398386503 ], [ 28.718452990177909, 47.115255802258915 ], [ 28.718452555709828, 47.115242310465312 ], [ 28.718458998837313, 47.115237714337411 ], [ 28.718458564367982, 47.115224222543809 ], [ 28.718465007492796, 47.11521962641558 ], [ 28.718464428198768, 47.11520163735743 ], [ 28.718470871320392, 47.115197041228903 ], [ 28.718470581672552, 47.115188046699835 ], [ 28.718477024792026, 47.115183450570981 ], [ 28.718476879967639, 47.115178953306462 ], [ 28.71848332308549, 47.11517435717726 ], [ 28.718483033435781, 47.115165362648206 ], [ 28.718508371411382, 47.11513348633455 ], [ 28.718508081757868, 47.115124491805553 ], [ 28.718527121424046, 47.11510170888296 ], [ 28.718526831767687, 47.115092714353992 ], [ 28.718552169683573, 47.115060838031049 ], [ 28.718551880023409, 47.115051843502137 ], [ 28.718577217905448, 47.115019967173872 ], [ 28.718576928241475, 47.11501097264501 ], [ 28.71859596783878, 47.114988189711433 ], [ 28.718595678171969, 47.11497919518262 ], [ 28.718621015994284, 47.114947318845068 ], [ 28.718620726323671, 47.114938324316306 ], [ 28.718639765877008, 47.114915541375751 ], [ 28.718639476203556, 47.114906546847024 ], [ 28.718645919274906, 47.114901950709083 ], [ 28.718658370899686, 47.114879266639136 ], [ 28.718659239929178, 47.114906250225125 ], [ 28.718646353786696, 47.114915442502131 ], [ 28.718647367648757, 47.114946923352448 ], [ 28.718640924572213, 47.114951519490504 ], [ 28.718641503920654, 47.114969508547787 ], [ 28.718622464349448, 47.114992291488669 ], [ 28.718622754020902, 47.115001286017332 ], [ 28.718603714430643, 47.115024068955236 ], [ 28.718604004099262, 47.115033063483942 ], [ 28.718578666227387, 47.115064939817934 ], [ 28.718578955892195, 47.115073934346697 ], [ 28.718559916257973, 47.115096717277602 ], [ 28.718560205919943, 47.115105711806407 ], [ 28.718527990393952, 47.115128692469753 ], [ 28.718528859365115, 47.115155676056425 ], [ 28.718522416253467, 47.115160272188099 ], [ 28.718522561081596, 47.115164769452541 ], [ 28.718509819681074, 47.115178458979337 ], [ 28.71851010933543, 47.115187453508256 ], [ 28.718497367926414, 47.115201143033715 ], [ 28.718497802405199, 47.115214634827105 ], [ 28.718491359283856, 47.11521923095713 ], [ 28.718491938587309, 47.115237220014976 ], [ 28.71848549546278, 47.115241816144689 ], [ 28.718485929939181, 47.115255307938071 ], [ 28.718479486811976, 47.115259904067464 ], [ 28.718479921287138, 47.115273395860839 ], [ 28.718473478157268, 47.115277991989934 ], [ 28.718473912631179, 47.115291483783317 ], [ 28.718467469498645, 47.115296079912078 ], [ 28.718467903971312, 47.11530957170546 ], [ 28.71846146083611, 47.115314167833901 ], [ 28.718461895307534, 47.11532765962729 ], [ 28.71845545216966, 47.115332255755412 ], [ 28.718456031463308, 47.115350244813236 ], [ 28.718410929452602, 47.115382417700609 ], [ 28.718411074272463, 47.115386914965136 ], [ 28.718414115497634, 47.11548135751935 ], [ 28.718407672337378, 47.115485953644978 ], [ 28.718408106797821, 47.115499445438324 ], [ 28.7184016636349, 47.115504041563618 ], [ 28.718402098094089, 47.115517533356979 ], [ 28.7183956549285, 47.11552212948196 ], [ 28.718396089386449, 47.115535621275306 ], [ 28.718389646218196, 47.115540217399975 ], [ 28.718390080674901, 47.115553709193328 ], [ 28.718383637503976, 47.115558305317663 ], [ 28.718384216777991, 47.115576294375465 ], [ 28.71837777360388, 47.115580890499515 ], [ 28.718378208058205, 47.115594382292855 ], [ 28.718371764881422, 47.115598978416578 ], [ 28.718372199334503, 47.115612470209918 ], [ 28.718365756155055, 47.115617066333328 ], [ 28.718366190606886, 47.115630558126661 ], [ 28.718359747424774, 47.115635154249759 ], [ 28.718360471509264, 47.115657640571975 ], [ 28.718354028323443, 47.115662236694767 ], [ 28.718355331673056, 47.115702712074615 ], [ 28.718348888481444, 47.115707308197166 ], [ 28.718349033297724, 47.115711805461586 ], [ 28.718349178114039, 47.115716302726 ], [ 28.718349322930386, 47.115720799990399 ], [ 28.718349467746766, 47.115725297254819 ], [ 28.718349612563191, 47.115729794519218 ], [ 28.718349757379642, 47.115734291783617 ], [ 28.718356345391378, 47.115734192925387 ], [ 28.718356490208418, 47.115738690189758 ], [ 28.718356635025497, 47.115743187454143 ], [ 28.718356779842608, 47.115747684718521 ], [ 28.718356924659759, 47.115752181982884 ], [ 28.718350336645809, 47.115752280841185 ], [ 28.718343893447894, 47.115756876963495 ], [ 28.718345341610551, 47.115801849607251 ], [ 28.718338898406333, 47.115806445729312 ], [ 28.71834020175104, 47.115846921108457 ], [ 28.718333758541039, 47.115851517230297 ], [ 28.718335206699944, 47.115896489873521 ], [ 28.71832876348364, 47.11590108599512 ], [ 28.718330066824969, 47.115941561373809 ], [ 28.718323623602874, 47.115946157495145 ], [ 28.718325071758034, 47.115991130137886 ], [ 28.718318628529637, 47.115995726258987 ], [ 28.718320076683096, 47.11604069890145 ], [ 28.718313633448389, 47.116045295022325 ], [ 28.718314936784822, 47.116085770400304 ], [ 28.718308493544331, 47.116090366520929 ], [ 28.718309941694038, 47.116135339162881 ], [ 28.718303498447245, 47.116139935283279 ], [ 28.718304801780299, 47.116180410660803 ], [ 28.718298358527715, 47.116185006780938 ], [ 28.718299806673677, 47.116229979422386 ], [ 28.718293363414791, 47.116234575542293 ], [ 28.718294811559051, 47.116279548183464 ], [ 28.718288368293862, 47.11628414430313 ], [ 28.718289671622006, 47.116324619679958 ], [ 28.718283228351027, 47.116329215799375 ], [ 28.718284821305783, 47.116378685704078 ], [ 28.718278378027982, 47.116383281823275 ], [ 28.71827997098125, 47.116432751727643 ], [ 28.718273527696628, 47.116437347846635 ], [ 28.718275120648407, 47.116486817750641 ], [ 28.71826867735696, 47.116491413869397 ], [ 28.71826954623841, 47.11651839745327 ], [ 28.718263102942732, 47.116522993571735 ], [ 28.718263392569124, 47.116531988099695 ], [ 28.718256949271296, 47.116536584217826 ], [ 28.71825723889679, 47.116545578745793 ], [ 28.71825079559682, 47.116550174863598 ], [ 28.718251085221411, 47.116559169391564 ], [ 28.718244641919288, 47.116563765509049 ], [ 28.718244931542984, 47.116572760037023 ], [ 28.718238488238711, 47.116577356154181 ], [ 28.718238777861501, 47.116586350682155 ], [ 28.718232334555086, 47.116590946798979 ], [ 28.718232624176981, 47.116599941326974 ], [ 28.718226180868417, 47.116604537443472 ], [ 28.718226470489405, 47.116613531971474 ], [ 28.718220027178692, 47.116618128087644 ], [ 28.718220316798792, 47.11662712261564 ], [ 28.718213873485926, 47.116631718731483 ], [ 28.718214163105124, 47.1166407132595 ], [ 28.718207719790108, 47.116645309375002 ], [ 28.718208009408407, 47.116654303903033 ], [ 28.718201566091242, 47.116658900018201 ], [ 28.718201855708646, 47.116667894546232 ], [ 28.718195412389335, 47.116672490661088 ], [ 28.718195702005829, 47.116681485189119 ], [ 28.718189258684376, 47.116686081303655 ], [ 28.718189548299971, 47.116695075831693 ], [ 28.718183104976369, 47.116699671945895 ], [ 28.718183394591062, 47.116708666473947 ], [ 28.71817695126531, 47.116713262587801 ], [ 28.718177385686065, 47.116726754379883 ], [ 28.718170942357638, 47.116731350493431 ], [ 28.718171231970608, 47.116740345021498 ], [ 28.718164788640038, 47.116744941134726 ], [ 28.718165078252113, 47.116753935662793 ], [ 28.718158634919394, 47.11675853177568 ], [ 28.718158924530563, 47.116767526303747 ], [ 28.718152481195695, 47.116772122416322 ], [ 28.718152770805968, 47.116781116944388 ], [ 28.718146327468954, 47.116785713056643 ], [ 28.718146617078325, 47.116794707584717 ], [ 28.718140173739162, 47.116799303696631 ], [ 28.718140463347634, 47.116808298224733 ], [ 28.718134020006321, 47.116812894336299 ], [ 28.718134309613895, 47.116821888864408 ], [ 28.718127866270432, 47.116826484975654 ], [ 28.718128155877107, 47.11683547950377 ], [ 28.718121712531499, 47.116840075614697 ], [ 28.718122002137275, 47.116849070142798 ], [ 28.71811555878951, 47.116853666253405 ], [ 28.71811584839439, 47.116862660781521 ], [ 28.718109405044483, 47.116867256891794 ], [ 28.718109694648458, 47.116876251419924 ], [ 28.718103251296402, 47.116880847529863 ], [ 28.718103540899481, 47.116889842057994 ], [ 28.718097097545279, 47.116894438167613 ], [ 28.718097387147456, 47.116903432695757 ], [ 28.718090943791104, 47.116908028805042 ], [ 28.718091233392382, 47.116917023333194 ], [ 28.718084790033881, 47.116921619442138 ], [ 28.718085079634264, 47.116930613970304 ], [ 28.718078636273614, 47.116935210078935 ], [ 28.71807892587309, 47.116944204607094 ], [ 28.718072482510294, 47.116948800715399 ], [ 28.718072772108869, 47.116957795243572 ], [ 28.718066328743927, 47.116962391351542 ], [ 28.718066763140502, 47.116975883143802 ], [ 28.718060319772885, 47.11698047925146 ], [ 28.718060609369736, 47.11698947377964 ], [ 28.71805416599997, 47.116994069886964 ], [ 28.718054455595926, 47.117003064415158 ], [ 28.718048012224017, 47.117007660522148 ], [ 28.718048301819067, 47.117016655050357 ], [ 28.718041858445005, 47.117021251157013 ], [ 28.71804214803916, 47.117030245685228 ], [ 28.718035704662956, 47.117034841791558 ], [ 28.718035994256208, 47.117043836319773 ], [ 28.718029550877851, 47.117048432425783 ], [ 28.718029840470205, 47.117057426953998 ], [ 28.718023397089695, 47.117062023059667 ], [ 28.718023686681153, 47.117071017587904 ], [ 28.718017243298501, 47.11707561369326 ], [ 28.718017532889053, 47.117084608221504 ], [ 28.718011089504255, 47.117089204326525 ], [ 28.718011379093912, 47.117098198854762 ], [ 28.718004935706958, 47.117102794959457 ], [ 28.718005225295716, 47.117111789487701 ], [ 28.717998781906619, 47.11711638559207 ], [ 28.717999071494475, 47.117125380120328 ], [ 28.717992628103229, 47.117129976224355 ], [ 28.717992917690182, 47.117138970752634 ], [ 28.71798647429679, 47.117143566856335 ], [ 28.717986763882845, 47.117152561384614 ], [ 28.717980320487303, 47.117157157487988 ], [ 28.717980610072459, 47.117166152016267 ], [ 28.717974166674765, 47.117170748119321 ], [ 28.717974456259029, 47.1171797426476 ], [ 28.717968012859188, 47.117184338750334 ], [ 28.717968302442547, 47.117193333278628 ], [ 28.717961859040553, 47.117197929381014 ], [ 28.717962293414303, 47.117211421173479 ], [ 28.717955850009638, 47.117216017275545 ], [ 28.717956139591273, 47.11722501180386 ], [ 28.717949696184466, 47.117229607905607 ], [ 28.717949985765198, 47.117238602433915 ], [ 28.717943542356242, 47.117243198535334 ], [ 28.717943831936076, 47.117252193063649 ], [ 28.71793738852497, 47.117256789164742 ], [ 28.717937678103901, 47.117265783693071 ], [ 28.717931234690649, 47.11727037979383 ], [ 28.717931524268685, 47.11727937432218 ], [ 28.717925080853284, 47.117283970422605 ], [ 28.717925370430414, 47.117292964950956 ], [ 28.717918927012871, 47.117297561051053 ], [ 28.717919216589106, 47.117306555579397 ], [ 28.717912773169406, 47.117311151679175 ], [ 28.717913062744742, 47.11732014620754 ], [ 28.717906619322896, 47.11732474230697 ], [ 28.71790748804662, 47.117351725892036 ], [ 28.717901044620547, 47.117356321991203 ], [ 28.717901913342409, 47.11738330557619 ], [ 28.717895469912111, 47.117387901675066 ], [ 28.717896338632112, 47.117414885259997 ], [ 28.71788989519759, 47.117419481358581 ], [ 28.717890763915737, 47.117446464943427 ], [ 28.717884320476983, 47.117451061041749 ], [ 28.717885189193264, 47.117478044626523 ], [ 28.717878745750287, 47.117482640724553 ], [ 28.71787961446471, 47.117509624309264 ], [ 28.717873171017501, 47.11751422040701 ], [ 28.71787403973007, 47.117541203991649 ], [ 28.717867596278634, 47.117545800089118 ], [ 28.717861152826089, 47.117550396186225 ], [ 28.717854709372439, 47.11755499228299 ], [ 28.717848265917674, 47.1175595883794 ], [ 28.717841822461804, 47.117564184475462 ], [ 28.717835379004821, 47.117568780571176 ], [ 28.717828935546731, 47.117573376666535 ], [ 28.71782220252485, 47.117568978233152 ], [ 28.717815469504082, 47.117564579799357 ], [ 28.717808736484418, 47.11756018136515 ], [ 28.717802003465863, 47.11755578293053 ], [ 28.71779527044842, 47.117551384495499 ], [ 28.717788537432085, 47.117546986060049 ], [ 28.717781804416862, 47.117542587624193 ], [ 28.717775071402748, 47.117538189187925 ], [ 28.717768338389739, 47.117533790751224 ], [ 28.717761605377845, 47.11752939231414 ], [ 28.717754872367056, 47.117524993876621 ], [ 28.717748139357379, 47.117520595438698 ], [ 28.717741406348804, 47.117516197000356 ], [ 28.717734673341351, 47.117511798561594 ], [ 28.717727940334996, 47.117507400122435 ], [ 28.717721207329753, 47.117503001682856 ], [ 28.717714474325618, 47.117498603242851 ], [ 28.717707741322595, 47.117494204802455 ], [ 28.717701008320681, 47.117489806361633 ], [ 28.717694275319879, 47.117485407920384 ], [ 28.717687542320178, 47.117481009478752 ], [ 28.717680809321596, 47.117476611036679 ], [ 28.717674076324116, 47.117472212594201 ], [ 28.717667343327747, 47.117467814151304 ], [ 28.717660610332487, 47.117463415708009 ], [ 28.717653877338339, 47.117459017264288 ], [ 28.7176471443453, 47.117454618820169 ], [ 28.717640411353365, 47.117450220375623 ], [ 28.717633678362542, 47.117445821930666 ], [ 28.717626945372828, 47.117441423485289 ], [ 28.717620212384229, 47.117437025039507 ], [ 28.717613479396736, 47.117432626593306 ], [ 28.717606746410347, 47.117428228146693 ], [ 28.717600013425074, 47.117423829699661 ], [ 28.717593280440905, 47.11741943125223 ], [ 28.717586547457845, 47.117415032804381 ], [ 28.717579814475897, 47.117410634356105 ], [ 28.717573081495058, 47.117406235907424 ], [ 28.717566348515323, 47.117401837458338 ], [ 28.717559615536704, 47.117397439008826 ], [ 28.71755288255919, 47.117393040558909 ], [ 28.717546149582791, 47.11738864210858 ], [ 28.717539416607497, 47.117384243657831 ], [ 28.717539271850967, 47.117379746392821 ], [ 28.717519072933509, 47.117366551038032 ], [ 28.717518928178787, 47.117362053772958 ], [ 28.717505462240542, 47.117353256867673 ], [ 28.717505317487035, 47.117348759602557 ], [ 28.717485118589753, 47.117335564241458 ], [ 28.717484973838047, 47.117331066976284 ], [ 28.717464774952514, 47.117317871611412 ], [ 28.71746463020261, 47.117313374346161 ], [ 28.717451164285652, 47.11730457743414 ], [ 28.717451019536963, 47.117300080168867 ], [ 28.717430820671609, 47.117286884797657 ], [ 28.717430675924724, 47.11728238753232 ], [ 28.717417210021207, 47.117273590616072 ], [ 28.717417065275537, 47.117269093350693 ], [ 28.717396866430363, 47.117255897973166 ], [ 28.717396721686491, 47.117251400707715 ], [ 28.717383255796431, 47.117242603787261 ], [ 28.717383111053778, 47.117238106521782 ], [ 28.717362912228772, 47.117224911137946 ], [ 28.717362767487923, 47.117220413872396 ], [ 28.717349301611311, 47.117211616947721 ], [ 28.717349156871677, 47.117207119682121 ], [ 28.717328958066847, 47.117193924291982 ], [ 28.717328813329015, 47.117189427026318 ], [ 28.717308614535934, 47.117176231632378 ], [ 28.71730846979991, 47.117171734366664 ], [ 28.717274660436861, 47.117145244769254 ], [ 28.717274515703849, 47.11714074750342 ], [ 28.717261049861975, 47.117131950567824 ], [ 28.717260905130178, 47.117127453301954 ], [ 28.717240706377446, 47.117114257895373 ], [ 28.717240561647451, 47.117109760629447 ], [ 28.717233828732681, 47.117105362159741 ], [ 28.717233684003318, 47.117100864893793 ], [ 28.717226951090247, 47.117096466423661 ], [ 28.717226806361499, 47.117091969157684 ], [ 28.717220073450129, 47.117087570687112 ], [ 28.71721992872201, 47.117083073421114 ], [ 28.717213195812334, 47.117078674950122 ], [ 28.71721305108484, 47.117074177684096 ], [ 28.717206318176867, 47.117069779212656 ], [ 28.717206173450002, 47.117065281946623 ], [ 28.717199440543723, 47.11706088347475 ], [ 28.717199295817476, 47.117056386208681 ], [ 28.717192562912899, 47.117051987736374 ], [ 28.717192418187278, 47.117047490470291 ], [ 28.717151297176752, 47.116998613296587 ], [ 28.717151007733037, 47.116989618764123 ], [ 28.71714427484094, 47.116985220288775 ], [ 28.717144130119724, 47.116980723022522 ], [ 28.717137397229326, 47.116976324546734 ], [ 28.717137252508738, 47.116971827280459 ], [ 28.717130519620039, 47.11696742880423 ], [ 28.717130374900073, 47.116962931537941 ], [ 28.717123642013071, 47.116958533061286 ], [ 28.717123497293731, 47.116954035794969 ], [ 28.717116764408427, 47.11694963731788 ], [ 28.717116619689712, 47.116945140051527 ], [ 28.717109886806107, 47.116940741574012 ], [ 28.717109742088013, 47.116936244307638 ], [ 28.717103009206113, 47.11693184582969 ], [ 28.717102864488641, 47.116927348563301 ], [ 28.717096131608432, 47.11692295008492 ], [ 28.717095986891593, 47.116918452818503 ], [ 28.717089254013082, 47.116914054339681 ], [ 28.717089109296865, 47.116909557073249 ], [ 28.717082376420056, 47.116905158594001 ], [ 28.717061598941189, 47.116873974087667 ], [ 28.717048133202272, 47.116865177125291 ], [ 28.717047988489764, 47.116860679858718 ], [ 28.717027645180771, 47.116842987145354 ], [ 28.717027500470103, 47.116838489878717 ], [ 28.717020767607405, 47.11683409139561 ], [ 28.717014034745816, 47.116829692912091 ], [ 28.717007301885335, 47.116825294428153 ], [ 28.717000569025966, 47.11682089594381 ], [ 28.716993836167706, 47.116816497459048 ], [ 28.716987103310551, 47.116812098973874 ], [ 28.716980370454507, 47.116807700488302 ], [ 28.716973637599573, 47.116803302002296 ], [ 28.716966904745746, 47.116798903515885 ], [ 28.716960171893032, 47.116794505029056 ], [ 28.716953439041422, 47.116790106541814 ], [ 28.716946706190928, 47.116785708054152 ], [ 28.716939973341539, 47.116781309566086 ], [ 28.716933240493258, 47.116776911077615 ], [ 28.71692650764609, 47.116772512588717 ], [ 28.716919919501265, 47.116772611366351 ], [ 28.716913331356409, 47.116772710143628 ], [ 28.71685403805111, 47.116773599121956 ], [ 28.716802201036739, 47.116801372902458 ], [ 28.716795612887925, 47.116801471673007 ], [ 28.716776137819874, 47.116810762516877 ], [ 28.716762961519709, 47.116810960054607 ], [ 28.716756518057263, 47.116815556090209 ], [ 28.716750074593708, 47.116820152125449 ], [ 28.716717857259294, 47.116843132296417 ], [ 28.716718001943907, 47.116847629563786 ], [ 28.716718146628541, 47.116852126831148 ], [ 28.716718291313217, 47.11685662409851 ], [ 28.716718435997922, 47.116861121365865 ], [ 28.716718580682667, 47.116865618633213 ], [ 28.716718725367446, 47.116870115900568 ], [ 28.716718870052262, 47.116874613167909 ], [ 28.716719014737112, 47.116879110435256 ], [ 28.716724657473467, 47.117054503858519 ], [ 28.716731390340559, 47.117058902358821 ], [ 28.716732113775087, 47.117081388694608 ], [ 28.716738846646237, 47.117085787194419 ], [ 28.716739280709142, 47.117099278995788 ], [ 28.716746013583165, 47.117103677495116 ], [ 28.716746447648152, 47.117117169296385 ], [ 28.716753180525057, 47.117121567795252 ], [ 28.716753614592122, 47.117135059596428 ], [ 28.716760347471904, 47.117139458094819 ], [ 28.716760636851308, 47.117148452628882 ], [ 28.716767369733379, 47.117152851126811 ], [ 28.716767803804508, 47.117166342927824 ], [ 28.716774536689456, 47.117170741425291 ], [ 28.716774970762671, 47.117184233226197 ], [ 28.716781703650494, 47.117188631723188 ], [ 28.71678213772579, 47.117202123524009 ], [ 28.716788870616494, 47.117206522020545 ], [ 28.71678916000138, 47.11721551655436 ], [ 28.716795892894368, 47.117219915050427 ], [ 28.716796326973729, 47.117233406851064 ], [ 28.716803059869598, 47.117237805346676 ], [ 28.716803493951037, 47.11725129714722 ], [ 28.71681022684978, 47.117255695642342 ], [ 28.716810660933309, 47.117269187442808 ], [ 28.71681739383493, 47.117273585937468 ], [ 28.716817683225297, 47.117282580471048 ], [ 28.716824416129214, 47.117286978965247 ], [ 28.716824850216799, 47.117300470765542 ], [ 28.716831583123589, 47.117304869259272 ], [ 28.716832017213257, 47.117318361059461 ], [ 28.716838750122925, 47.117322759552721 ], [ 28.716839184214678, 47.117336251352818 ], [ 28.716845917127223, 47.117340649845602 ], [ 28.716846206523076, 47.117349644378962 ], [ 28.716852939437906, 47.117354042871291 ], [ 28.716853373533723, 47.117367534671217 ], [ 28.716860106451431, 47.117371933163085 ], [ 28.71686054054933, 47.117385424962919 ], [ 28.716867273469916, 47.117389823454303 ], [ 28.716867707569893, 47.117403315254045 ], [ 28.716874440493363, 47.117407713744967 ], [ 28.716875019296182, 47.117425702811147 ], [ 28.716888629853131, 47.117438997058088 ], [ 28.716889208661367, 47.117456986124054 ], [ 28.716902674526679, 47.117465783102652 ], [ 28.716903976857857, 47.117506258500484 ], [ 28.716910709797478, 47.117510656988991 ], [ 28.716911143910274, 47.117524148788135 ], [ 28.716931487447209, 47.117541841517301 ], [ 28.716932645097284, 47.117577819647714 ], [ 28.716959576908479, 47.117595413591687 ], [ 28.716958708656566, 47.117568429994385 ], [ 28.716945242755823, 47.117559633022978 ], [ 28.716944229805097, 47.117528152159004 ], [ 28.716937496860524, 47.117523753672543 ], [ 28.716936339209362, 47.117487775541903 ], [ 28.716929606270604, 47.117483377054889 ], [ 28.716929172153769, 47.117469885255765 ], [ 28.716922439217889, 47.117465486768275 ], [ 28.716922005103136, 47.117451994969059 ], [ 28.716915272170137, 47.117447596481099 ], [ 28.716914693353306, 47.117429607415353 ], [ 28.716907960423775, 47.117425208926896 ], [ 28.716907526313289, 47.117411717127496 ], [ 28.716900793386632, 47.117407318638563 ], [ 28.716900214575499, 47.117389329572553 ], [ 28.71689348165231, 47.11738493108313 ], [ 28.716893047546098, 47.117371439283524 ], [ 28.716886314625789, 47.117367040793638 ], [ 28.716885880521659, 47.11735354899394 ], [ 28.716879147604224, 47.117349150503586 ], [ 28.716878858202826, 47.117340155970389 ], [ 28.716872125287683, 47.117335757479573 ], [ 28.71687169118761, 47.117322265679704 ], [ 28.716864958275345, 47.117317867188412 ], [ 28.716864524177357, 47.117304375388464 ], [ 28.716857791267969, 47.117299976896696 ], [ 28.716857357172064, 47.117286485096628 ], [ 28.716850624265554, 47.117282086604419 ], [ 28.716850334869637, 47.117273092070981 ], [ 28.716843601965415, 47.117268693578296 ], [ 28.716843167873574, 47.117255201778057 ], [ 28.71683643497223, 47.117250803284904 ], [ 28.716836000882466, 47.11723731148458 ], [ 28.716829267984004, 47.117232912990957 ], [ 28.716828833896322, 47.117219421190534 ], [ 28.716822101000734, 47.117215022696449 ], [ 28.716821811610306, 47.117206028162784 ], [ 28.716815078717001, 47.117201629668237 ], [ 28.716814644633391, 47.117188137867643 ], [ 28.716807911742965, 47.117183739372628 ], [ 28.71680747766143, 47.117170247571941 ], [ 28.716800744773888, 47.117165849076443 ], [ 28.716800310694438, 47.117152357275671 ], [ 28.716793577809771, 47.117147958779704 ], [ 28.716793288424821, 47.117138964245797 ], [ 28.716786555542445, 47.117134565749382 ], [ 28.716786121467052, 47.117121073948425 ], [ 28.71677938858755, 47.117116675451548 ], [ 28.716778954514247, 47.117103183650507 ], [ 28.716738557271139, 47.117076792660143 ], [ 28.716733493229597, 47.116919388307977 ], [ 28.716726760380258, 47.116914989807455 ], [ 28.716725747581211, 47.116883508936326 ], [ 28.716719014737112, 47.116879110435256 ], [ 28.716718870052262, 47.116874613167909 ], [ 28.716718725367446, 47.116870115900568 ], [ 28.716718580682667, 47.116865618633213 ], [ 28.716718435997922, 47.116861121365865 ], [ 28.716718291313217, 47.11685662409851 ], [ 28.716718146628541, 47.116852126831148 ], [ 28.716718001943907, 47.116847629563786 ], [ 28.716717857259294, 47.116843132296417 ], [ 28.71671742320569, 47.116829640494295 ], [ 28.71671069036919, 47.116825241992601 ], [ 28.716703957533788, 47.116820843490494 ], [ 28.716697224699502, 47.116816444987975 ], [ 28.716690491866323, 47.116812046485045 ], [ 28.716690347184215, 47.116807549217583 ], [ 28.716656538358787, 47.116781059429066 ], [ 28.716656393679692, 47.116776562161512 ], [ 28.716642928031295, 47.116767765150144 ], [ 28.716642783353418, 47.11676326788254 ], [ 28.716622584890906, 47.116750072362343 ], [ 28.716622440214831, 47.116745575094676 ], [ 28.716608974579877, 47.116736778079108 ], [ 28.71660882990502, 47.116732280811398 ], [ 28.716595364275687, 47.116723483794139 ], [ 28.716595219602038, 47.116718986526372 ], [ 28.716575021168126, 47.116705790997337 ], [ 28.71657473182448, 47.116696796461689 ], [ 28.71654106779603, 47.116674803904814 ], [ 28.716540923127202, 47.116670306636891 ], [ 28.71652731285716, 47.116657012343254 ], [ 28.716526734187074, 47.116639023271347 ], [ 28.716520001390464, 47.116634624757793 ], [ 28.71651956739003, 47.116621132953775 ], [ 28.716512834596301, 47.116616734439738 ], [ 28.716512255931907, 47.116598745367583 ], [ 28.716505523141645, 47.116594346853063 ], [ 28.716505089145482, 47.116580855048845 ], [ 28.716498356358102, 47.116576456533856 ], [ 28.716497777699402, 47.116558467461438 ], [ 28.716491044915482, 47.116554068945952 ], [ 28.716490610923593, 47.116540577141535 ], [ 28.716483878142554, 47.11653617862558 ], [ 28.716483299489546, 47.116518189552906 ], [ 28.716476566711968, 47.116513791036439 ], [ 28.716476132724353, 47.116500299231838 ], [ 28.716469399949659, 47.116495900714916 ], [ 28.716468821302342, 47.116477911641972 ], [ 28.716462088531113, 47.116473513124575 ], [ 28.716461654547768, 47.116460021319753 ], [ 28.716454921779413, 47.116455622801872 ], [ 28.716454343137794, 47.116437633728651 ], [ 28.716447610372914, 47.116433235210287 ], [ 28.716447031734212, 47.116415246136945 ], [ 28.716440298972792, 47.116410847618077 ], [ 28.716439864995902, 47.116397355812964 ], [ 28.716433132237363, 47.116392957293627 ], [ 28.716432553604353, 47.116374968220015 ], [ 28.716425820849281, 47.116370569700187 ], [ 28.716425386876661, 47.116357077894882 ], [ 28.716418654124471, 47.116352679374579 ], [ 28.716418075497156, 47.116334690300711 ], [ 28.716411342748426, 47.116330291779924 ], [ 28.71641090878007, 47.11631679997442 ], [ 28.716404176034224, 47.116312401453158 ], [ 28.716403597412601, 47.116294412379027 ], [ 28.716396864670219, 47.116290013857267 ], [ 28.716396430706141, 47.116276522051564 ], [ 28.716389697966633, 47.116272123529342 ], [ 28.716389119350705, 47.116254134454941 ], [ 28.716382386614672, 47.116249735932236 ], [ 28.716382241961366, 47.116245238663602 ], [ 28.716375509227024, 47.116240840140463 ], [ 28.716368776493798, 47.116236441616898 ], [ 28.716362043761677, 47.116232043092928 ], [ 28.716355311030664, 47.116227644568539 ], [ 28.71634857830076, 47.116223246043738 ], [ 28.716341845571968, 47.116218847518525 ], [ 28.716335112844288, 47.116214448992899 ], [ 28.716282408219424, 47.116215238924269 ], [ 28.716204942298823, 47.116265893735459 ], [ 28.716198354214043, 47.116265992470808 ], [ 28.716159693512662, 47.11629356848966 ], [ 28.716153105424308, 47.11629366722245 ], [ 28.716114444679466, 47.116321243226473 ], [ 28.716107856587534, 47.116321341956692 ], [ 28.716069195799232, 47.116348917945878 ], [ 28.71606260770373, 47.116349016673539 ], [ 28.715985141379623, 47.116399671340105 ], [ 28.715978553277569, 47.116399770063019 ], [ 28.715939892365522, 47.116427346009786 ], [ 28.715933304259895, 47.116427444730128 ], [ 28.715894643304377, 47.116455020662052 ], [ 28.715888055195183, 47.11645511937985 ], [ 28.715849394196198, 47.116482695296931 ], [ 28.715842806083426, 47.116482794012164 ], [ 28.715804145040977, 47.116510369914387 ], [ 28.715797556924638, 47.116510468627062 ], [ 28.71579111341309, 47.116515064609175 ], [ 28.715784669900433, 47.116519660590932 ], [ 28.715778226386671, 47.116524256572347 ], [ 28.715758895838725, 47.116538044514449 ], [ 28.715752307718809, 47.116538143224567 ], [ 28.715674840824676, 47.116588797686958 ], [ 28.715668252698208, 47.116588896392329 ], [ 28.71562959148855, 47.116616472237297 ], [ 28.715623003358509, 47.116616570940096 ], [ 28.71558434210538, 47.116644146770206 ], [ 28.715577753971772, 47.116644245470468 ], [ 28.715539092675183, 47.116671821285742 ], [ 28.715532504537997, 47.116671919983432 ], [ 28.715493843197937, 47.116699495783863 ], [ 28.715487255057184, 47.116699594478987 ], [ 28.71544859367366, 47.116727170264582 ], [ 28.715442005529329, 47.116727268957149 ], [ 28.715409787676279, 47.116750248766998 ], [ 28.715403199528968, 47.116750347457369 ], [ 28.715377425224204, 47.116768731297448 ], [ 28.715370837074502, 47.116768829985986 ], [ 28.715338619165635, 47.116791809776359 ], [ 28.715332031012956, 47.116791908462709 ], [ 28.715299813073418, 47.116814888242459 ], [ 28.715293224917755, 47.11681498692662 ], [ 28.715267450543795, 47.11683337074264 ], [ 28.71526086238574, 47.116833469424961 ], [ 28.71522864439039, 47.116856449185249 ], [ 28.715222056229351, 47.116856547865375 ], [ 28.715189838203329, 47.116879527615062 ], [ 28.715183250039306, 47.116879626292985 ], [ 28.715157475596165, 47.116898010084945 ], [ 28.715150887429751, 47.116898108761042 ], [ 28.71511866934792, 47.116921088491274 ], [ 28.715112081178525, 47.116921187165168 ], [ 28.715079863066013, 47.116944166884785 ], [ 28.715073274893633, 47.116944265556477 ], [ 28.715047500381303, 47.116962649324392 ], [ 28.715040912206529, 47.116962747994258 ], [ 28.715008694038215, 47.116985727694406 ], [ 28.71500210586046, 47.116985826362082 ], [ 28.714976331303486, 47.117004210114409 ], [ 28.714969743123337, 47.11700430878026 ], [ 28.714937524899216, 47.117027288460939 ], [ 28.714930936716087, 47.117027387124587 ], [ 28.714898718461285, 47.117050366794658 ], [ 28.714892130275171, 47.11705046545611 ], [ 28.714866355649008, 47.117068849184385 ], [ 28.714859767460503, 47.117068947844011 ], [ 28.714827549149895, 47.11709192749462 ], [ 28.714820960958406, 47.117092026152044 ], [ 28.714788742617124, 47.117115005792037 ], [ 28.71478215442265, 47.117115104447279 ], [ 28.714756379727298, 47.117133488151481 ], [ 28.714749791530433, 47.117133586804883 ], [ 28.714717573133342, 47.117156566425408 ], [ 28.7147109849335, 47.117156665076614 ], [ 28.714678766505727, 47.117179644686523 ], [ 28.714672178302898, 47.117179743335534 ], [ 28.71464640353836, 47.117198127015691 ], [ 28.714639815333136, 47.117198225662854 ], [ 28.714607596849557, 47.117221205253315 ], [ 28.71460100864136, 47.117221303898297 ], [ 28.714575233832171, 47.117239687562872 ], [ 28.714568645621576, 47.117239786206028 ], [ 28.714497620298545, 47.117285843978337 ], [ 28.714491032081987, 47.117285942617094 ], [ 28.71446525720361, 47.11730432625761 ], [ 28.714458668984655, 47.117304424894549 ], [ 28.714452225261702, 47.117309020803425 ], [ 28.714445781537634, 47.117313616711961 ], [ 28.714439337812461, 47.117318212620141 ], [ 28.714432894086173, 47.117322808527973 ], [ 28.714426450358786, 47.117327404435457 ], [ 28.714420006630277, 47.117332000342586 ], [ 28.71441356290067, 47.117336596249359 ], [ 28.714407119169948, 47.117341192155784 ], [ 28.714400675438114, 47.117345788061861 ], [ 28.714394231705182, 47.117350383967576 ], [ 28.714387787971134, 47.117354979872943 ], [ 28.714381344235971, 47.117359575777954 ], [ 28.714374900499703, 47.117364171682624 ], [ 28.71436845676233, 47.117368767586939 ], [ 28.714362013023848, 47.117373363490898 ], [ 28.714355569284251, 47.117377959394503 ], [ 28.714349125543546, 47.117382555297759 ], [ 28.714342681801735, 47.117387151200667 ], [ 28.714336238058817, 47.11739174710322 ], [ 28.714329794314779, 47.11739634300541 ], [ 28.714323350569639, 47.117400938907274 ], [ 28.714316906823392, 47.117405534808768 ], [ 28.714310463076036, 47.117410130709914 ], [ 28.714304019327567, 47.117414726610711 ], [ 28.714297575577984, 47.117419322511154 ], [ 28.714291131827302, 47.117423918411248 ], [ 28.714284688075509, 47.11742851431098 ], [ 28.7142782443226, 47.117433110210371 ], [ 28.714271800568589, 47.117437706109406 ], [ 28.71426535681346, 47.117442302008087 ], [ 28.714258913057233, 47.117446897906412 ], [ 28.71425246929989, 47.117451493804396 ], [ 28.714246025541442, 47.117456089702038 ], [ 28.714239581781879, 47.117460685599305 ], [ 28.714233138021211, 47.11746528149623 ], [ 28.714226694259427, 47.1174698773928 ], [ 28.714220250496545, 47.117474473289022 ], [ 28.714213806732548, 47.117479069184881 ], [ 28.714207362967439, 47.117483665080407 ], [ 28.714200919201225, 47.117488260975577 ], [ 28.714194475433903, 47.117492856870392 ], [ 28.714188031665465, 47.117497452764844 ], [ 28.714181587895922, 47.117502048658949 ], [ 28.714175144125274, 47.117506644552712 ], [ 28.714168700353511, 47.117511240446127 ], [ 28.714162256580639, 47.117515836339173 ], [ 28.714155812806659, 47.117520432231871 ], [ 28.714149369031567, 47.117525028124227 ], [ 28.71414292525537, 47.117529624016228 ], [ 28.714136481478068, 47.117534219907867 ], [ 28.71413003769965, 47.117538815799165 ], [ 28.714123593920121, 47.117543411690114 ], [ 28.714117150139487, 47.117548007580716 ], [ 28.714110706357744, 47.117552603470941 ], [ 28.714104262574892, 47.117557199360839 ], [ 28.714097818790929, 47.117561795250374 ], [ 28.714091375005857, 47.117566391139555 ], [ 28.714084931219674, 47.117570987028387 ], [ 28.714078487432385, 47.117575582916871 ], [ 28.714072043643988, 47.117580178804992 ], [ 28.714072188109387, 47.117584676078017 ], [ 28.7139884187525, 47.117644422591823 ], [ 28.713988563211181, 47.117648919864997 ], [ 28.71394345655311, 47.117681091040197 ], [ 28.713943601008186, 47.117685588313421 ], [ 28.713866419624825, 47.117745236132883 ], [ 28.713866564073736, 47.117749733406256 ], [ 28.713834344924631, 47.117772712785616 ], [ 28.713834489370978, 47.117777210059039 ], [ 28.71377005098438, 47.117823168791496 ], [ 28.71377019542556, 47.117827666065033 ], [ 28.713712200778104, 47.117869028894255 ], [ 28.713712345214649, 47.117873526167898 ], [ 28.713654350472666, 47.117914888968741 ], [ 28.71365449490456, 47.117919386242484 ], [ 28.71359005619178, 47.117965344876765 ], [ 28.713590200618516, 47.117969842150607 ], [ 28.713532205677499, 47.118011204891495 ], [ 28.713532350099594, 47.118015702165444 ], [ 28.713467911165662, 47.118061660733126 ], [ 28.713461756099026, 47.118075251136084 ], [ 28.713448868294631, 47.118084442844733 ], [ 28.713449012710075, 47.118088940118831 ], [ 28.713436124900205, 47.118098131826088 ], [ 28.713436269314638, 47.118102629100193 ], [ 28.71342338149929, 47.118111820806078 ], [ 28.713423525912724, 47.118116318080197 ], [ 28.713410782504322, 47.118130007058838 ], [ 28.713411937804992, 47.118165985251828 ], [ 28.713479265276909, 47.118209972193277 ], [ 28.713479409695548, 47.11821446946719 ], [ 28.713546881708847, 47.118262953640809 ], [ 28.713547026133448, 47.118267450914523 ], [ 28.713573957204712, 47.118285045662745 ], [ 28.713574101631711, 47.118289542936374 ], [ 28.713601032723084, 47.11830713767791 ], [ 28.713601177152473, 47.118311634951468 ], [ 28.713628108263954, 47.11832922968631 ], [ 28.713628252695734, 47.118333726959783 ], [ 28.713655183827321, 47.118351321687925 ], [ 28.713655328261495, 47.118355818961312 ], [ 28.713716067817277, 47.118399904348493 ], [ 28.713716212256823, 47.118404401621703 ], [ 28.713716356696402, 47.118408898894906 ], [ 28.713709912777592, 47.118413494763722 ], [ 28.713683559343519, 47.118413889142396 ], [ 28.713619120070799, 47.118459847796622 ], [ 28.7136125317063, 47.118459946386707 ], [ 28.713593199901077, 47.11847373397503 ], [ 28.713593633189888, 47.118487225795342 ], [ 28.713574301370002, 47.118501013380595 ], [ 28.71357444579812, 47.11850551065406 ], [ 28.713548670020671, 47.118523894096185 ], [ 28.713542081648026, 47.118523992682334 ], [ 28.713529193751466, 47.118533184400547 ], [ 28.713529627024993, 47.118546676221158 ], [ 28.713510295167161, 47.118560463795973 ], [ 28.713510439590173, 47.118564961069538 ], [ 28.713459032335212, 47.118606225193957 ], [ 28.713459176754146, 47.118610722467601 ], [ 28.713414213389331, 47.118647390717427 ], [ 28.713414357804695, 47.118651887991149 ], [ 28.713369394374681, 47.118688556223972 ], [ 28.713369538786473, 47.118693053497765 ], [ 28.713343762848332, 47.118711436895289 ], [ 28.713343907258079, 47.118715934169131 ], [ 28.713286055732784, 47.11876179406697 ], [ 28.713286200137922, 47.118766291340904 ], [ 28.713241236524201, 47.118802959525105 ], [ 28.713241380925773, 47.118807456799104 ], [ 28.713222048899471, 47.118821244326831 ], [ 28.713222193299522, 47.118825741600865 ], [ 28.713196417246841, 47.11884412496628 ], [ 28.713196561644843, 47.118848622240357 ], [ 28.71317722959213, 47.118862409760759 ], [ 28.713177373988607, 47.118866907034864 ], [ 28.713151597900719, 47.118885290390523 ], [ 28.713151742295153, 47.118889787664678 ], [ 28.713029305625398, 47.118977108527396 ], [ 28.713030027548708, 47.118999594899179 ], [ 28.713023583499769, 47.1190041907306 ], [ 28.713023727884018, 47.119008688004961 ], [ 28.712997951675078, 47.11902707132716 ], [ 28.71299809605728, 47.119031568601564 ], [ 28.71295313202388, 47.119068236676441 ], [ 28.712953276402516, 47.119072733950908 ], [ 28.712927500138534, 47.119091117257767 ], [ 28.712927644515116, 47.119095614532284 ], [ 28.712663436764593, 47.119284043103477 ], [ 28.712663581119905, 47.119288540378449 ], [ 28.712637804652079, 47.119306923622077 ], [ 28.712638382065364, 47.119324912722156 ], [ 28.712631937943556, 47.119329508532232 ], [ 28.712612172517698, 47.119329804135141 ], [ 28.71259284014031, 47.119343591559961 ], [ 28.712586684710622, 47.119357181917763 ], [ 28.712567352316803, 47.119370969338441 ], [ 28.712568074055429, 47.119393455714111 ], [ 28.712542297504413, 47.119411838936983 ], [ 28.712542441850157, 47.119416336212154 ], [ 28.712529553566956, 47.119425527821505 ], [ 28.712516376592006, 47.119425724879008 ], [ 28.7124712675576, 47.119457895495557 ], [ 28.712471411897596, 47.119462392770856 ], [ 28.712458523591025, 47.119471584372441 ], [ 28.712459100947203, 47.119489573473686 ], [ 28.712446212632038, 47.119498765073949 ], [ 28.712426447141581, 47.119499060645623 ], [ 28.712407114655207, 47.11951284804011 ], [ 28.712400959159595, 47.119526438388412 ], [ 28.712381626656789, 47.119540225778742 ], [ 28.712381770989648, 47.11954472305419 ], [ 28.712343250280739, 47.119576795100947 ], [ 28.712343394610553, 47.119581292376452 ], [ 28.71233050625337, 47.119590483964096 ], [ 28.712330650582178, 47.119594981239622 ], [ 28.71231776221952, 47.119604172825895 ], [ 28.712317906547316, 47.119608670101428 ], [ 28.712298573993447, 47.119622457478222 ], [ 28.712298718319722, 47.119626954753791 ], [ 28.712266641695539, 47.119654430983765 ], [ 28.712266786019288, 47.119658928259391 ], [ 28.71225389763028, 47.119668119838714 ], [ 28.712254041953027, 47.119672617114354 ], [ 28.712234709359638, 47.119686404480731 ], [ 28.712234853680854, 47.119690901756407 ], [ 28.712221965278676, 47.119700093332241 ], [ 28.712222109598891, 47.119704590607938 ], [ 28.711919230845901, 47.119920592235651 ], [ 28.711919375141711, 47.119925089511881 ], [ 28.711919519437561, 47.119929586788125 ], [ 28.711919663733443, 47.119934084064333 ], [ 28.711919808029364, 47.119938581340556 ], [ 28.711919952325317, 47.119943078616771 ], [ 28.711920096621306, 47.119947575892979 ], [ 28.711920240917326, 47.119952073169188 ], [ 28.711920385213386, 47.119956570445389 ], [ 28.711920529509481, 47.119961067721583 ], [ 28.711920673805604, 47.119965564997791 ], [ 28.711920818101763, 47.119970062273971 ], [ 28.711920962397965, 47.119974559550165 ], [ 28.711921106694195, 47.119979056826338 ], [ 28.711921250990461, 47.119983554102532 ], [ 28.711921395286762, 47.119988051378705 ], [ 28.711921539583102, 47.119992548654878 ], [ 28.711921683879474, 47.119997045931044 ], [ 28.711922261065304, 47.120015035035678 ], [ 28.711806264101657, 47.12009775886181 ], [ 28.711806985537944, 47.120120245243555 ], [ 28.71178765266793, 47.120134032536996 ], [ 28.711787796953729, 47.12013852981336 ], [ 28.711755575478918, 47.12016150862879 ], [ 28.711755719762159, 47.120166005905226 ], [ 28.711723498257008, 47.120188984711902 ], [ 28.711723642537681, 47.12019348198838 ], [ 28.7116914210022, 47.120216460786338 ], [ 28.711691565280312, 47.120220958062873 ], [ 28.71168512096936, 47.120225553821399 ], [ 28.71169185383663, 47.120229952615915 ], [ 28.711691998114848, 47.120234449892436 ], [ 28.711698730983809, 47.120238848686512 ], [ 28.711705463853889, 47.120243247480175 ], [ 28.711705463853889, 47.120243247480175 ], [ 28.711698730983809, 47.120238848686512 ], [ 28.711698586705005, 47.120234351410019 ], [ 28.71169185383663, 47.120229952615915 ], [ 28.71168512096936, 47.120225553821399 ], [ 28.711683245363417, 47.120167089226037 ], [ 28.711689689667605, 47.120162493467639 ], [ 28.71169613397068, 47.1201578977089 ], [ 28.711702578272646, 47.120153301949799 ], [ 28.711709022573508, 47.120148706190342 ], [ 28.711715466873255, 47.120144110430545 ], [ 28.711721911171896, 47.120139514670392 ], [ 28.711728355469422, 47.120134918909876 ], [ 28.711734799765843, 47.120130323149027 ], [ 28.711741244061159, 47.120125727387808 ], [ 28.711747688355359, 47.120121131626249 ], [ 28.711754132648451, 47.120116535864327 ], [ 28.711760576940431, 47.12011194010207 ], [ 28.711767021231307, 47.120107344339445 ], [ 28.711773465521073, 47.120102748576471 ], [ 28.711779909809728, 47.120098152813156 ], [ 28.711786354097274, 47.120093557049479 ], [ 28.711792798383708, 47.120088961285461 ], [ 28.711799242669034, 47.120084365521073 ], [ 28.711805686953255, 47.120079769756352 ], [ 28.711812131236364, 47.120075173991275 ], [ 28.711818575518361, 47.120070578225835 ], [ 28.71182501979925, 47.120065982460041 ], [ 28.71183146407903, 47.120061386693919 ], [ 28.711837908357705, 47.120056790927428 ], [ 28.711844352635264, 47.120052195160589 ], [ 28.711850796911715, 47.120047599393388 ], [ 28.711857241187058, 47.120043003625845 ], [ 28.711863685461289, 47.120038407857955 ], [ 28.711870129734415, 47.120033812089702 ], [ 28.711876574006428, 47.120029216321093 ], [ 28.711883018277337, 47.120024620552144 ], [ 28.711889462547134, 47.120020024782846 ], [ 28.711895906815823, 47.120015429013186 ], [ 28.711902351083396, 47.120010833243171 ], [ 28.71190879534986, 47.120006237472815 ], [ 28.71191523961522, 47.12000164170211 ], [ 28.711921683879474, 47.119997045931044 ], [ 28.712102122828039, 47.119868364198389 ], [ 28.712108855683116, 47.119872762968775 ], [ 28.712115588539302, 47.119877161738749 ], [ 28.712122321396599, 47.119881560508318 ], [ 28.712129054255001, 47.119885959277461 ], [ 28.712129054255001, 47.119885959277461 ], [ 28.712122321396599, 47.119881560508318 ], [ 28.712115588539302, 47.119877161738749 ], [ 28.712108855683116, 47.119872762968775 ], [ 28.712102122828039, 47.119868364198389 ], [ 28.712101256963006, 47.119841380543264 ], [ 28.712307471739432, 47.119694315370346 ], [ 28.712307038757483, 47.119680823543845 ], [ 28.712384368987067, 47.119625674011516 ], [ 28.712383935986708, 47.119612182185385 ], [ 28.712403268514468, 47.119598394794487 ], [ 28.712409424017281, 47.119584804446127 ], [ 28.712493198160917, 47.119525059044726 ], [ 28.712493053818768, 47.119520561769527 ], [ 28.712512386285272, 47.119506774360794 ], [ 28.712512241941592, 47.119502277085623 ], [ 28.712518830438547, 47.11950217855717 ], [ 28.712518686094359, 47.11949768128202 ], [ 28.712538018545985, 47.119483893869095 ], [ 28.712537874200269, 47.119479396593981 ], [ 28.712576394721662, 47.11944732448363 ], [ 28.712576250372891, 47.119442827208566 ], [ 28.712589138652003, 47.119433635594042 ], [ 28.71258899430223, 47.119429138318999 ], [ 28.712601882575861, 47.11941994670309 ], [ 28.712601738225086, 47.119415449428068 ], [ 28.712614626493238, 47.119406257810766 ], [ 28.712627803462706, 47.119406060742016 ], [ 28.712647135853086, 47.119392273311249 ], [ 28.7126462697269, 47.119365289661552 ], [ 28.71265915797537, 47.119356098039418 ], [ 28.712658869264846, 47.119347103489531 ], [ 28.712684645744307, 47.119328720241135 ], [ 28.712697822694143, 47.119328523164583 ], [ 28.712710710924863, 47.119319331536808 ], [ 28.712717299398552, 47.119319232997242 ], [ 28.712762408166988, 47.119287062286453 ], [ 28.712762263803356, 47.119282565011694 ], [ 28.71276885227233, 47.119282466469215 ], [ 28.712768707908179, 47.119277969194478 ], [ 28.712781596114489, 47.119268777558972 ], [ 28.712781451749333, 47.119264280284256 ], [ 28.712794339950165, 47.119255088647364 ], [ 28.712794195584006, 47.119250591372662 ], [ 28.712807083779367, 47.119241399734399 ], [ 28.712806939412197, 47.119236902459704 ], [ 28.712826271695352, 47.119223114999706 ], [ 28.712826127326661, 47.119218617725039 ], [ 28.712851903686595, 47.119200234440157 ], [ 28.712851759315864, 47.119195737165533 ], [ 28.712871091572609, 47.119181949698209 ], [ 28.712870947200347, 47.119177452423635 ], [ 28.712922355455646, 47.119136188554208 ], [ 28.712922211079295, 47.119131691279698 ], [ 28.71294154329475, 47.11911790380087 ], [ 28.712941398916882, 47.119113406526402 ], [ 28.712967175186545, 47.119095023216403 ], [ 28.712967030806634, 47.119090525941985 ], [ 28.712986362995672, 47.119076738455824 ], [ 28.712986218614233, 47.119072241181435 ], [ 28.713011994848681, 47.119053857861665 ], [ 28.713011850465193, 47.119049360587319 ], [ 28.71303118262782, 47.119035573093846 ], [ 28.713031038242814, 47.119031075819528 ], [ 28.713056814442041, 47.11901269249001 ], [ 28.713056670054986, 47.119008195215727 ], [ 28.713076002191201, 47.118994407714936 ], [ 28.713075857802625, 47.118989910440675 ], [ 28.71310163396663, 47.118971527101408 ], [ 28.713101489576005, 47.118967029827211 ], [ 28.713120821685809, 47.118953242319087 ], [ 28.713120677293659, 47.118948745044918 ], [ 28.71314645342245, 47.118930361695874 ], [ 28.713146309028257, 47.11892586442174 ], [ 28.7131912728095, 47.118889196273415 ], [ 28.71319112841174, 47.118884698999352 ], [ 28.713210460468712, 47.118870911476598 ], [ 28.713210316069425, 47.118866414202571 ], [ 28.713236092127779, 47.118848030834009 ], [ 28.713235947726449, 47.118843533560032 ], [ 28.713255279757014, 47.118829746029959 ], [ 28.713255135354157, 47.118825248756004 ], [ 28.713280911377289, 47.118806865377678 ], [ 28.713280766972392, 47.118802368103779 ], [ 28.713300098976536, 47.118788580566374 ], [ 28.713299954570111, 47.118784083292503 ], [ 28.713325730558029, 47.118765699904422 ], [ 28.713325586149562, 47.118761202630573 ], [ 28.713351362117653, 47.118742819236921 ], [ 28.713351217707142, 47.118738321963122 ], [ 28.713376993655405, 47.118719938563885 ], [ 28.713376849242849, 47.118715441290128 ], [ 28.713402625171284, 47.118697057885299 ], [ 28.713402480756677, 47.118692560611592 ], [ 28.713453888137419, 47.11865129651153 ], [ 28.71345374371873, 47.118646799237879 ], [ 28.713473075622108, 47.118633011672237 ], [ 28.713472931201899, 47.118628514398637 ], [ 28.713524338466932, 47.118587250267993 ], [ 28.71352419404263, 47.118582752994485 ], [ 28.713569157277416, 47.11854608470275 ], [ 28.71356901284954, 47.118541587429313 ], [ 28.713613976019126, 47.118504919120575 ], [ 28.713613831587686, 47.118500421847209 ], [ 28.713658939127114, 47.118468250794749 ], [ 28.713658794692069, 47.118463753521439 ], [ 28.713678126476484, 47.118449965922295 ], [ 28.713677982039915, 47.118445468649035 ], [ 28.713684570402403, 47.118445370055198 ], [ 28.713684425965308, 47.118440872781953 ], [ 28.713691014327214, 47.118440774187761 ], [ 28.713690581014493, 47.118427282368046 ], [ 28.713709912777592, 47.118413494763722 ], [ 28.713709768338525, 47.118408997490505 ], [ 28.713716212256823, 47.118404401621703 ], [ 28.713722656174006, 47.118399805752553 ], [ 28.713742421243985, 47.118399509962437 ], [ 28.713742854569389, 47.11841300178186 ], [ 28.713776518583884, 47.118434995155766 ], [ 28.71377680747355, 47.118443989701831 ], [ 28.713790273089472, 47.118452787048426 ], [ 28.713790561981639, 47.118461781594405 ], [ 28.713797294792442, 47.118466180267042 ], [ 28.713797439239173, 47.11847067754001 ], [ 28.713824370495832, 47.118488272226351 ], [ 28.713824514944953, 47.118492769499227 ], [ 28.713858179043687, 47.118514762847752 ], [ 28.713858323495785, 47.118519260120536 ], [ 28.713885254797098, 47.11853685479182 ], [ 28.713885399251595, 47.118541352064526 ], [ 28.713939406371424, 47.118581038659649 ], [ 28.713939550830702, 47.118585535932191 ], [ 28.713946283669447, 47.118589934595612 ], [ 28.713946428129351, 47.118594431868118 ], [ 28.713953160969798, 47.11859883053112 ], [ 28.713953305430323, 47.118603327803612 ], [ 28.713960038272464, 47.118607726466166 ], [ 28.713960182733615, 47.118612223738644 ], [ 28.713966915577455, 47.118616622400758 ], [ 28.713967060039234, 47.118621119673215 ], [ 28.713973792884776, 47.118625518334895 ], [ 28.713973937347173, 47.118630015607316 ], [ 28.71398067019441, 47.118634414268577 ], [ 28.713980814657436, 47.118638911540977 ], [ 28.713987547506374, 47.118643310201804 ], [ 28.713987691970022, 47.118647807474176 ], [ 28.713994424820665, 47.118652206134584 ], [ 28.713994569284939, 47.118656703406927 ], [ 28.71400130213727, 47.118661102066888 ], [ 28.714001446602168, 47.118665599339209 ], [ 28.714042566085713, 47.118714477651196 ], [ 28.714042855023035, 47.118723472195562 ], [ 28.71404958788785, 47.118727870852489 ], [ 28.714049732357154, 47.118732368124647 ], [ 28.714056465223674, 47.118736766781126 ], [ 28.714056609693603, 47.11874126405327 ], [ 28.714063342561811, 47.118745662709308 ], [ 28.714063487032362, 47.118750159981424 ], [ 28.714070219902279, 47.118754558637043 ], [ 28.714070364373459, 47.118759055909145 ], [ 28.714077097245067, 47.118763454564316 ], [ 28.714077241716872, 47.118767951836389 ], [ 28.714083974590178, 47.118772350491149 ], [ 28.714084119062608, 47.118776847763193 ], [ 28.714125238709638, 47.118825726042481 ], [ 28.71412552766202, 47.118834720586278 ], [ 28.714132260547814, 47.118839119237997 ], [ 28.714132405024642, 47.118843616509864 ], [ 28.714139137912134, 47.118848015161142 ], [ 28.714139282389588, 47.118852512432994 ], [ 28.714146015278775, 47.118856911083824 ], [ 28.714146159756858, 47.118861408355663 ], [ 28.714152892647746, 47.11886580700606 ], [ 28.714153037126454, 47.11887030427787 ], [ 28.714194156910345, 47.118919182529901 ], [ 28.714197768982107, 47.119031614320534 ], [ 28.714159105263576, 47.119059189690432 ], [ 28.714159249743783, 47.119063686962079 ], [ 28.714133473907165, 47.119082070535022 ], [ 28.714133618385326, 47.119086567806704 ], [ 28.714107842528886, 47.119104951374062 ], [ 28.714107987004997, 47.119109448645794 ], [ 28.71408221112873, 47.119127832207568 ], [ 28.714082355602798, 47.119132329479342 ], [ 28.714056579706696, 47.11915071303553 ], [ 28.714056724178722, 47.119155210307348 ], [ 28.714030948262796, 47.119173593857951 ], [ 28.714031092732778, 47.119178091129811 ], [ 28.714005316797024, 47.119196474674837 ], [ 28.714005461264968, 47.119200971946732 ], [ 28.713979685309376, 47.119219355486173 ], [ 28.713979829775269, 47.119223852758118 ], [ 28.71395405379986, 47.119242236291981 ], [ 28.713954198263711, 47.119246733563955 ], [ 28.713928422268474, 47.11926511709224 ], [ 28.713928566730278, 47.119269614364264 ], [ 28.713896346708665, 47.119292593766751 ], [ 28.713896491167908, 47.119297091038824 ], [ 28.713870715128571, 47.119315474554533 ], [ 28.713870859585771, 47.119319971826648 ], [ 28.713845083526611, 47.119338355336772 ], [ 28.713845227981761, 47.119342852608945 ], [ 28.713819451902772, 47.11936123611347 ], [ 28.713819596355879, 47.119365733385685 ], [ 28.713793820257063, 47.119384116884639 ], [ 28.713793964708131, 47.119388614156868 ], [ 28.713723224784516, 47.119443666022462 ], [ 28.713723369229935, 47.119448163294834 ], [ 28.713704037102886, 47.11946195090384 ], [ 28.713704181546778, 47.11946644817624 ], [ 28.71369129345549, 47.119475639913844 ], [ 28.713691437898383, 47.119480137186258 ], [ 28.713665661700421, 47.119498520657288 ], [ 28.713665806141261, 47.119503017929745 ], [ 28.713640029923472, 47.119521401395211 ], [ 28.713640174362276, 47.119525898667696 ], [ 28.713614398124651, 47.119544282127571 ], [ 28.713614542561405, 47.119548779400112 ], [ 28.713582322236828, 47.119571758717086 ], [ 28.713582466671021, 47.119576255989692 ], [ 28.71353735816637, 47.119608427018747 ], [ 28.713537502596957, 47.119612924291431 ], [ 28.713498838118017, 47.119640499445552 ], [ 28.713498982545524, 47.1196449967183 ], [ 28.713453873932647, 47.119677167715501 ], [ 28.713454018356547, 47.119681664988327 ], [ 28.7133768335909, 47.119741312502235 ], [ 28.713376978008636, 47.119745809775182 ], [ 28.713357645684717, 47.119759597327572 ], [ 28.713357790100925, 47.119764094600555 ], [ 28.713338457765467, 47.119777882149812 ], [ 28.713338602180151, 47.119782379422816 ], [ 28.713319269833146, 47.119796166968946 ], [ 28.713319414246307, 47.119800664241978 ], [ 28.713300081887759, 47.119814451784976 ], [ 28.713300226299395, 47.119818949058043 ], [ 28.713261705957784, 47.11985102140774 ], [ 28.713261850366365, 47.119855518680872 ], [ 28.713248962105357, 47.119864710370287 ], [ 28.71324910651294, 47.119869207643447 ], [ 28.713229774111543, 47.119882995174962 ], [ 28.713229918517598, 47.119887492448143 ], [ 28.713210586104662, 47.119901279976531 ], [ 28.713210730509193, 47.119905777249748 ], [ 28.713191398084717, 47.11991956477501 ], [ 28.713191542487721, 47.119924062048248 ], [ 28.71315287760569, 47.119951637089351 ], [ 28.713153022005617, 47.119956134362646 ], [ 28.713120801237476, 47.119979113553931 ], [ 28.713120945634838, 47.11998361082729 ], [ 28.713082280673355, 47.1200111858453 ], [ 28.713082425067622, 47.120015683118723 ], [ 28.71304376006308, 47.120043258124127 ], [ 28.71304390445427, 47.120047755397614 ], [ 28.713011683584046, 47.120070734559178 ], [ 28.713011827972675, 47.120075231832708 ], [ 28.712973162888673, 47.120102806815034 ], [ 28.712973307274215, 47.120107304088641 ], [ 28.712934642147157, 47.120134879058369 ], [ 28.712934786529615, 47.120139376332041 ], [ 28.712896121359506, 47.120166951289157 ], [ 28.712896265738877, 47.1201714485629 ], [ 28.712838412278874, 47.12021730824879 ], [ 28.71283855665364, 47.120221805522611 ], [ 28.712819224018975, 47.120235592987036 ], [ 28.712819368392221, 47.1202400902609 ], [ 28.712806479962524, 47.120249281902112 ], [ 28.712806624334757, 47.120253779175989 ], [ 28.712793735899581, 47.120262970815823 ], [ 28.712793880270812, 47.120267468089722 ], [ 28.712774547608177, 47.120281255546857 ], [ 28.712774691977877, 47.120285752820791 ], [ 28.712761803529535, 47.120294944457129 ], [ 28.712761947898233, 47.120299441731092 ], [ 28.712749059444409, 47.120308633366058 ], [ 28.712749203812105, 47.120313130640028 ], [ 28.712736315352803, 47.120322322273601 ], [ 28.712736459719498, 47.120326819547593 ], [ 28.712717127020667, 47.120340606995363 ], [ 28.712717271385834, 47.12034510426939 ], [ 28.712704382913358, 47.120354295899503 ], [ 28.71270452727752, 47.120358793173544 ], [ 28.712691638799566, 47.120367984802272 ], [ 28.712691783162725, 47.120372482076327 ], [ 28.712672450435917, 47.120386269516814 ], [ 28.712672594797557, 47.120390766790898 ], [ 28.712659706306429, 47.120399958416144 ], [ 28.712659850667052, 47.12040445569027 ], [ 28.712646962170453, 47.120413647314123 ], [ 28.712647106530074, 47.12041814458825 ], [ 28.712634218027993, 47.120427336210746 ], [ 28.712634362386616, 47.120431833484894 ], [ 28.712615029623613, 47.120445620916023 ], [ 28.712615173980709, 47.120450118190185 ], [ 28.712602285465454, 47.120459309809206 ], [ 28.712602429821544, 47.120463807083404 ], [ 28.712589541300819, 47.120472998701032 ], [ 28.712589685655896, 47.120477495975251 ], [ 28.712570352864926, 47.120491283399083 ], [ 28.712570497218483, 47.120495780673338 ], [ 28.712538420226405, 47.120523256980377 ], [ 28.712538564577429, 47.120527754254681 ], [ 28.712525676030356, 47.120536945865361 ], [ 28.712525820380378, 47.120541443139672 ], [ 28.712487299056342, 47.120573515237709 ], [ 28.712487443403319, 47.120578012512105 ], [ 28.712455366319549, 47.120605488796691 ], [ 28.71245551066399, 47.120609986071116 ], [ 28.712442622082872, 47.120619177672772 ], [ 28.71244276642631, 47.120623674947218 ], [ 28.712404244993571, 47.12065574701829 ], [ 28.712404389333962, 47.120660244292807 ], [ 28.712391500731972, 47.120669435888885 ], [ 28.712391645071357, 47.12067393316341 ], [ 28.712353123571948, 47.120706005217883 ], [ 28.712353267908284, 47.120710502492479 ], [ 28.712340379285425, 47.120719694083 ], [ 28.71234052362076, 47.12072419135761 ], [ 28.712302002054685, 47.120756263395485 ], [ 28.712302146386971, 47.120760760670152 ], [ 28.71228925774324, 47.12076995225511 ], [ 28.712289402074514, 47.120774449529819 ], [ 28.712250880441783, 47.120806521551081 ], [ 28.712251024770008, 47.120811018825833 ], [ 28.712238136105409, 47.120820210405228 ], [ 28.712238280432633, 47.120824707680008 ], [ 28.712199758733234, 47.120856779684665 ], [ 28.71219990305741, 47.120861276959502 ], [ 28.712187014371938, 47.12087046853334 ], [ 28.712187158695109, 47.120874965808191 ], [ 28.712148636929047, 47.120907037796258 ], [ 28.712148781249166, 47.120911535071158 ], [ 28.712135892542829, 47.12092072663944 ], [ 28.712136036861942, 47.120925223914377 ], [ 28.712097515029214, 47.12095729588583 ], [ 28.712097659345282, 47.120961793160824 ], [ 28.712084770618073, 47.120970984723542 ], [ 28.712084914933133, 47.120975481998563 ], [ 28.712046393033745, 47.121007553953405 ], [ 28.712046537345749, 47.121012051228476 ], [ 28.712033648597671, 47.121021242785645 ], [ 28.712033792908681, 47.12102574006073 ], [ 28.712014459776686, 47.121039527393862 ], [ 28.712014604086161, 47.121044024668983 ], [ 28.711995270942619, 47.12105781199898 ], [ 28.711995415250581, 47.121062309274137 ], [ 28.711969637708243, 47.121080692375926 ], [ 28.711969782014158, 47.121085189651119 ], [ 28.711950448844199, 47.121098976973798 ], [ 28.711950593148586, 47.121103474249018 ], [ 28.711931259967081, 47.121117261568564 ], [ 28.711931404269947, 47.121121758843827 ], [ 28.711912071076895, 47.121135546160239 ], [ 28.711912215378231, 47.121140043435517 ], [ 28.711892882173643, 47.12115383074881 ], [ 28.711893026473454, 47.121158328024123 ], [ 28.711873693257321, 47.121172115334261 ], [ 28.711873837555608, 47.121176612609631 ], [ 28.711854504327928, 47.121190399916635 ], [ 28.711854648624687, 47.121194897192012 ], [ 28.711835315385461, 47.12120868449589 ], [ 28.7118354596807, 47.12121318177131 ], [ 28.71181612642993, 47.121226969072048 ], [ 28.711816270723645, 47.121231466347503 ], [ 28.711796937461326, 47.121245253645107 ], [ 28.711797081753513, 47.121249750920583 ], [ 28.711777748479658, 47.121263538215061 ], [ 28.711777892770318, 47.12126803549058 ], [ 28.711758559484917, 47.121281822781924 ], [ 28.711758703774052, 47.12128632005745 ], [ 28.711739370477105, 47.121300107345682 ], [ 28.711739514764716, 47.121304604621237 ], [ 28.711713737017845, 47.121322987667305 ], [ 28.711713881303407, 47.12132748494291 ], [ 28.711694547980045, 47.121341272223816 ], [ 28.711694692264089, 47.121345769499449 ], [ 28.711675358929181, 47.121359556777229 ], [ 28.711675503211698, 47.121364054052883 ], [ 28.711656169865243, 47.121377841327529 ], [ 28.711656314146232, 47.121382338603219 ], [ 28.711636980788235, 47.121396125874725 ], [ 28.711637125067703, 47.12140062315045 ], [ 28.711611347239426, 47.121419006174229 ], [ 28.711611491516848, 47.121423503450004 ], [ 28.711592158132433, 47.121437290714184 ], [ 28.711592302408334, 47.121441787990001 ], [ 28.711566524544832, 47.12146017100401 ], [ 28.711566668818683, 47.121464668279849 ], [ 28.711515257303997, 47.121505931567036 ], [ 28.711515401573763, 47.12151042884296 ], [ 28.711496068133183, 47.121524216091437 ], [ 28.711496212401418, 47.121528713367404 ], [ 28.711444800771005, 47.121569976624002 ], [ 28.711444945035158, 47.12157447390004 ], [ 28.711438500542311, 47.121579069646053 ], [ 28.711438789069678, 47.121588064198157 ], [ 28.711355010548171, 47.121647808864545 ], [ 28.711355154805151, 47.121652306140739 ], [ 28.71132293224435, 47.121675284842802 ], [ 28.711323076498761, 47.121679782119053 ], [ 28.711290853907631, 47.121702760812362 ], [ 28.711290998159473, 47.121707258088676 ], [ 28.711252331010385, 47.121734832509105 ], [ 28.711252475259144, 47.12173932978547 ], [ 28.711130029013642, 47.121826648700178 ], [ 28.71113017325256, 47.121831145976763 ], [ 28.710717719761337, 47.122125271913355 ], [ 28.710717863967012, 47.122129769190678 ], [ 28.710608449432563, 47.122212393427972 ], [ 28.71060859362947, 47.122216890705474 ], [ 28.710389475169514, 47.122373144320726 ], [ 28.710369708593262, 47.122373439551097 ], [ 28.710247259449872, 47.122460757549938 ], [ 28.710248124456729, 47.122487741218805 ], [ 28.710235235043672, 47.122496932579836 ], [ 28.710236100045549, 47.122523916248717 ], [ 28.709971865971983, 47.122712338842732 ], [ 28.709972730847198, 47.122739322514271 ], [ 28.709959841326246, 47.12274851384533 ], [ 28.709960850341638, 47.122779994795444 ], [ 28.709941660184604, 47.122798279068235 ], [ 28.70994180432827, 47.122802776346845 ], [ 28.70990958046643, 47.122825754663566 ], [ 28.709909724607535, 47.122830251942219 ], [ 28.709851865718104, 47.122876110168988 ], [ 28.7098520098546, 47.12288060744774 ], [ 28.709768227533907, 47.122940350989289 ], [ 28.709768659923316, 47.122953842825957 ], [ 28.70973643589609, 47.122976821095513 ], [ 28.709736580023364, 47.122981318374457 ], [ 28.709678720822403, 47.123027176516601 ], [ 28.709678864945065, 47.123031673795651 ], [ 28.709504854406969, 47.123155756214537 ], [ 28.70950571905945, 47.123182739890559 ], [ 28.709460749167587, 47.123219406644573 ], [ 28.709460893272851, 47.123223903923972 ], [ 28.709441558682908, 47.12323769083644 ], [ 28.709441702786645, 47.123242188115874 ], [ 28.709254801220606, 47.123375461440176 ], [ 28.709241623247834, 47.123375658133426 ], [ 28.709228733447901, 47.12338484938482 ], [ 28.709162843570162, 47.123385832821086 ], [ 28.709156110501791, 47.123381433882649 ], [ 28.709142932526863, 47.123381630564566 ], [ 28.709129466395531, 47.123372832684865 ], [ 28.709089932476161, 47.123373422716803 ], [ 28.709076466355501, 47.123364624830707 ], [ 28.709030343455265, 47.123365313178553 ], [ 28.709023610400241, 47.12336091423213 ], [ 28.709003843444034, 47.123361209231469 ], [ 28.708997110391682, 47.123356810283454 ], [ 28.708977343436722, 47.123357105278217 ], [ 28.708970610387041, 47.123352706328603 ], [ 28.708950843433328, 47.123353001318762 ], [ 28.708944110386316, 47.123348602367543 ], [ 28.70892434343385, 47.123348897353118 ], [ 28.708917610389506, 47.123344498400314 ], [ 28.708897843438287, 47.123344793381307 ], [ 28.708891110396607, 47.12334039442689 ], [ 28.708871343446642, 47.123340689403285 ], [ 28.708864610407634, 47.123336290447284 ], [ 28.708844843458909, 47.123336585419082 ], [ 28.708838110422572, 47.123332186461489 ], [ 28.708818343475095, 47.123332481428683 ], [ 28.70881161044143, 47.123328082469484 ], [ 28.708791843495199, 47.123328377432109 ], [ 28.708785110464202, 47.123323978471319 ], [ 28.708765343519222, 47.12332427342934 ], [ 28.708758610490889, 47.123319874466951 ], [ 28.708738843547156, 47.123320169420388 ], [ 28.708732110521495, 47.123315770456387 ], [ 28.708705754598107, 47.123316163720744 ], [ 28.708678822514891, 47.123298567854377 ], [ 28.708639288641248, 47.123299157730095 ], [ 28.708625822612539, 47.123290359789692 ], [ 28.708579699765647, 47.123291047955256 ], [ 28.708572966756595, 47.123286648981676 ], [ 28.70854002186752, 47.123287140515181 ], [ 28.708533288862185, 47.123282741539214 ], [ 28.708520110907344, 47.123282938149174 ], [ 28.708513377904158, 47.12327853917202 ], [ 28.708500199950219, 47.123278735779671 ], [ 28.708493466949182, 47.123274336801302 ], [ 28.708480288996149, 47.123274533406658 ], [ 28.708473555997255, 47.123270134427081 ], [ 28.708460378045125, 47.123270331030135 ], [ 28.708453645048383, 47.123265932049364 ], [ 28.708433878121483, 47.123266226949909 ], [ 28.708427145127409, 47.123261827967546 ], [ 28.708413967177009, 47.123262024565221 ], [ 28.708407234185088, 47.123257625581658 ], [ 28.708394056235591, 47.123257822177038 ], [ 28.708387323245812, 47.123253423192267 ], [ 28.708374145297221, 47.123253619785345 ], [ 28.708367412309592, 47.123249220799373 ], [ 28.708354234361895, 47.123249417390142 ], [ 28.708347501376423, 47.123245018402962 ], [ 28.708334323429625, 47.123245214991428 ], [ 28.708327590446302, 47.123240816003054 ], [ 28.708314412500407, 47.123241012589219 ], [ 28.70830767951923, 47.123236613599644 ], [ 28.708294501574237, 47.123236810183492 ], [ 28.708287768595213, 47.123232411192717 ], [ 28.708274590651119, 47.12323260777427 ], [ 28.70826785767424, 47.123228208782287 ], [ 28.708254679731056, 47.123228405361544 ], [ 28.708247946756327, 47.123224006368361 ], [ 28.708234768814037, 47.123224202945309 ], [ 28.708228035841458, 47.12321980395091 ], [ 28.708214857900067, 47.123220000525563 ], [ 28.708208124929641, 47.123215601529978 ], [ 28.708194946989149, 47.123215798102315 ], [ 28.708188214020872, 47.123211399105529 ], [ 28.708175036081286, 47.123211595675571 ], [ 28.708168303115158, 47.123207196677583 ], [ 28.708155125176472, 47.123207393245309 ], [ 28.708148392212493, 47.123202994246114 ], [ 28.708135214274705, 47.123203190811537 ], [ 28.70812848131288, 47.123198791811156 ], [ 28.70811530337599, 47.12319898837427 ], [ 28.708108570416314, 47.12319458937268 ], [ 28.708095392480327, 47.123194785933499 ], [ 28.708088659522801, 47.123190386930702 ], [ 28.708075481587716, 47.123190583489212 ], [ 28.708068748632336, 47.123186184485213 ], [ 28.708055570698157, 47.123186381041428 ], [ 28.708048837744922, 47.123181982036222 ], [ 28.708035659811639, 47.123182178590127 ], [ 28.708028926860564, 47.123177779583727 ], [ 28.707995838047768, 47.123173773677038 ], [ 28.707989105100992, 47.123169374668223 ], [ 28.707982516135718, 47.12316947294191 ], [ 28.707928652605567, 47.123134280853407 ], [ 28.707810051299617, 47.123136049658243 ], [ 28.707803318372708, 47.123131650638221 ], [ 28.707790140450168, 47.123131847163734 ], [ 28.707783407525401, 47.123127448142512 ], [ 28.707770229603767, 47.123127644665722 ], [ 28.707763496681149, 47.123123245643285 ], [ 28.707750318760411, 47.123123442164179 ], [ 28.707743585839943, 47.123119043140569 ], [ 28.707710497082861, 47.123115037150612 ], [ 28.707677120421732, 47.123102036583703 ], [ 28.707663942505636, 47.123102233094585 ], [ 28.707630565863585, 47.123089232513827 ], [ 28.707617387950332, 47.123089429019331 ], [ 28.707584011327345, 47.12307642842471 ], [ 28.707570833416938, 47.123076624924806 ], [ 28.707537456813014, 47.123063624316359 ], [ 28.707524278905449, 47.123063820811069 ], [ 28.707490902320597, 47.123050820188766 ], [ 28.707477724415874, 47.123051016678062 ], [ 28.707470991526751, 47.123046617637954 ], [ 28.707464402574853, 47.12304671588165 ], [ 28.707444347850085, 47.123038016041917 ], [ 28.707431169948208, 47.123038212525827 ], [ 28.707411115231935, 47.123029512680148 ], [ 28.707384759431779, 47.123029905638766 ], [ 28.707377621998358, 47.123033463692671 ] ] } }
]
}
