{
"type": "FeatureCollection",
"name": "route_lawnmower",
"crs": { "type": "name", "properties": { "name": "urn:ogc:def:crs:OGC:1.3:CRS84" } },
"xy_coordinate_resolution": 1e-07,
"features": [
{ "type": "Feature", "properties": { "length_m": 42773.4, "walk_minutes_4kmh": 641.6, "outside_passable_m": 8923.4, "outside_passable_pct": 20.86, "blocks": 15, "lanes": 284, "rows_covered": "492/1050", "inspection_covered": "158/260", "waste_covered": "12/76", "visit_order": "I0058,V06,W0029,W0030,I0062,V07,I0047,I0053,I0054,W0023,W0015,W0021,W0022,I0042,I0060,W0041,W0037,W0042,I0102,I0097,I0096,V10,V11,V13,I0178,V20,I0161,V16,I0162,I0155,I0156,I0158,V22,W0076,V24,I0199,I0223,I0222,V25,V26,I0236,I0247,I0243,I0235,I0246,V23,I0190,I0192,I0193,I0191,W0073,V17,I0152,I0149,V15,I0120,I0139,V14", "solver": "lawnmower (boustrophedon) sweeps + OR-Tools block order + Viterbi sweep variants", "start": "organiser start point" }, "geometry": { "type": "LineString", "coordinates": [ [ 28.7073776, 47.1230335 ], [ 28.707381, 47.123118 ], [ 28.7073745, 47.1231226 ], [ 28.707378, 47.1232305 ], [ 28.7073716, 47.1232351 ], [ 28.707375, 47.1233431 ], [ 28.7073686, 47.1233477 ], [ 28.707372, 47.1234556 ], [ 28.7073656, 47.1234602 ], [ 28.707369, 47.1235681 ], [ 28.7073304, 47.1235957 ], [ 28.707334, 47.1237081 ], [ 28.7073211, 47.1237173 ], [ 28.7072835, 47.1237809 ], [ 28.7072707, 47.1237901 ], [ 28.7072708, 47.1237946 ], [ 28.7072579, 47.1238038 ], [ 28.707258, 47.1238082 ], [ 28.7072452, 47.1238174 ], [ 28.7072453, 47.1238219 ], [ 28.7072324, 47.1238311 ], [ 28.7072326, 47.1238356 ], [ 28.7072197, 47.1238448 ], [ 28.7072198, 47.1238493 ], [ 28.7072069, 47.1238585 ], [ 28.7072071, 47.123863 ], [ 28.7071943, 47.1238767 ], [ 28.7071946, 47.1238857 ], [ 28.7071882, 47.1238903 ], [ 28.7071884, 47.1238993 ], [ 28.7071757, 47.123913 ], [ 28.7071698, 47.1239355 ], [ 28.7071571, 47.1239492 ], [ 28.7071574, 47.1239582 ], [ 28.7071509, 47.1239628 ], [ 28.7071512, 47.1239718 ], [ 28.7071448, 47.1239764 ], [ 28.7071451, 47.1239854 ], [ 28.7071386, 47.12399 ], [ 28.7071389, 47.123999 ], [ 28.7071325, 47.1240036 ], [ 28.7071327, 47.1240126 ], [ 28.7071263, 47.1240172 ], [ 28.7071266, 47.1240262 ], [ 28.7071201, 47.1240308 ], [ 28.7071204, 47.1240398 ], [ 28.707114, 47.1240444 ], [ 28.7071143, 47.1240534 ], [ 28.7071078, 47.124058 ], [ 28.707102, 47.1240805 ], [ 28.7070828, 47.1240988 ], [ 28.7070835, 47.1241213 ], [ 28.707077, 47.1241259 ], [ 28.7070775, 47.1241394 ], [ 28.707071, 47.124144 ], [ 28.7070713, 47.124153 ], [ 28.7070649, 47.1241576 ], [ 28.7070653, 47.1241711 ], [ 28.7070589, 47.1241757 ], [ 28.7070593, 47.1241892 ], [ 28.7070528, 47.1241938 ], [ 28.7070531, 47.1242028 ], [ 28.7070467, 47.1242073 ], [ 28.7070471, 47.1242208 ], [ 28.7070407, 47.1242254 ], [ 28.7070408, 47.1242299 ], [ 28.707041, 47.1242344 ], [ 28.7070411, 47.1242389 ], [ 28.7070347, 47.1242435 ], [ 28.7070348, 47.124248 ], [ 28.7070349, 47.1242525 ], [ 28.7070285, 47.1242571 ], [ 28.7070286, 47.1242616 ], [ 28.7070288, 47.1242661 ], [ 28.7070289, 47.1242706 ], [ 28.7070225, 47.1242752 ], [ 28.7070226, 47.1242797 ], [ 28.7070228, 47.1242842 ], [ 28.7070229, 47.1242887 ], [ 28.7070165, 47.1242933 ], [ 28.7070166, 47.1242978 ], [ 28.7070168, 47.1243023 ], [ 28.7070169, 47.1243068 ], [ 28.7070105, 47.1243114 ], [ 28.7070106, 47.1243159 ], [ 28.7070107, 47.1243204 ], [ 28.7070109, 47.1243249 ], [ 28.707011, 47.1243294 ], [ 28.7070046, 47.124334 ], [ 28.7070047, 47.1243385 ], [ 28.7070049, 47.124343 ], [ 28.707005, 47.1243475 ], [ 28.7069986, 47.124352 ], [ 28.7069987, 47.1243565 ], [ 28.7069989, 47.124361 ], [ 28.706999, 47.1243655 ], [ 28.7069992, 47.12437 ], [ 28.7069927, 47.1243746 ], [ 28.7069929, 47.1243791 ], [ 28.706993, 47.1243836 ], [ 28.7069931, 47.1243881 ], [ 28.7069867, 47.1243927 ], [ 28.7069868, 47.1243972 ], [ 28.706987, 47.1244017 ], [ 28.7069871, 47.1244062 ], [ 28.7069873, 47.1244107 ], [ 28.7069808, 47.1244153 ], [ 28.706981, 47.1244198 ], [ 28.7069811, 47.1244243 ], [ 28.7069813, 47.1244288 ], [ 28.7069748, 47.1244334 ], [ 28.706975, 47.1244379 ], [ 28.7069751, 47.1244424 ], [ 28.7069752, 47.1244469 ], [ 28.7069688, 47.1244515 ], [ 28.7069689, 47.124456 ], [ 28.7069691, 47.1244605 ], [ 28.7069692, 47.124465 ], [ 28.7069694, 47.1244695 ], [ 28.7069629, 47.1244741 ], [ 28.7069631, 47.1244786 ], [ 28.7069632, 47.1244831 ], [ 28.7069634, 47.1244876 ], [ 28.7069569, 47.1244922 ], [ 28.7069571, 47.1244966 ], [ 28.7069572, 47.1245011 ], [ 28.7069573, 47.1245056 ], [ 28.7069575, 47.1245101 ], [ 28.706951, 47.1245147 ], [ 28.7069512, 47.1245192 ], [ 28.7069513, 47.1245237 ], [ 28.7069515, 47.1245282 ], [ 28.706945, 47.1245328 ], [ 28.7069452, 47.1245373 ], [ 28.7069453, 47.1245418 ], [ 28.7069455, 47.1245463 ], [ 28.7069456, 47.1245508 ], [ 28.7069392, 47.1245554 ], [ 28.7069393, 47.1245599 ], [ 28.7069394, 47.1245644 ], [ 28.7069396, 47.1245689 ], [ 28.7069331, 47.1245735 ], [ 28.7069333, 47.124578 ], [ 28.7069334, 47.1245825 ], [ 28.7069336, 47.124587 ], [ 28.7069337, 47.1245915 ], [ 28.7069273, 47.1245961 ], [ 28.7069274, 47.1246006 ], [ 28.7069276, 47.1246051 ], [ 28.7069277, 47.1246096 ], [ 28.7069213, 47.1246142 ], [ 28.7069214, 47.1246187 ], [ 28.7069216, 47.1246232 ], [ 28.7069217, 47.1246277 ], [ 28.7069218, 47.1246322 ], [ 28.7069154, 47.1246368 ], [ 28.7069155, 47.1246412 ], [ 28.7069157, 47.1246457 ], [ 28.7069158, 47.1246502 ], [ 28.7069094, 47.1246548 ], [ 28.7069095, 47.1246593 ], [ 28.7069097, 47.1246638 ], [ 28.7069098, 47.1246683 ], [ 28.7069034, 47.1246729 ], [ 28.7069035, 47.1246774 ], [ 28.7069037, 47.1246819 ], [ 28.7069038, 47.1246864 ], [ 28.7069039, 47.1246909 ], [ 28.7068975, 47.1246955 ], [ 28.7068976, 47.1247 ], [ 28.7068978, 47.1247045 ], [ 28.7068979, 47.124709 ], [ 28.7068915, 47.1247136 ], [ 28.7068916, 47.1247181 ], [ 28.7068918, 47.1247226 ], [ 28.7068919, 47.1247271 ], [ 28.7068921, 47.1247316 ], [ 28.7068856, 47.1247362 ], [ 28.7068858, 47.1247407 ], [ 28.7068859, 47.1247452 ], [ 28.706886, 47.1247497 ], [ 28.7068796, 47.1247543 ], [ 28.7068797, 47.1247588 ], [ 28.7068799, 47.1247633 ], [ 28.70688, 47.1247678 ], [ 28.7068802, 47.1247723 ], [ 28.7068737, 47.1247769 ], [ 28.7068739, 47.1247814 ], [ 28.706874, 47.1247858 ], [ 28.7068742, 47.1247903 ], [ 28.7068677, 47.1247949 ], [ 28.7068679, 47.1247994 ], [ 28.706868, 47.1248039 ], [ 28.7068682, 47.1248084 ], [ 28.7068683, 47.1248129 ], [ 28.7068618, 47.1248175 ], [ 28.706862, 47.124822 ], [ 28.7068621, 47.1248265 ], [ 28.7068623, 47.124831 ], [ 28.7068558, 47.1248356 ], [ 28.706856, 47.1248401 ], [ 28.7068561, 47.1248446 ], [ 28.7068563, 47.1248491 ], [ 28.7068564, 47.1248536 ], [ 28.70685, 47.1248582 ], [ 28.7068501, 47.1248627 ], [ 28.7068503, 47.1248672 ], [ 28.7068504, 47.1248717 ], [ 28.706844, 47.1248763 ], [ 28.7068441, 47.1248808 ], [ 28.7068442, 47.1248853 ], [ 28.7068444, 47.1248898 ], [ 28.7068379, 47.1248944 ], [ 28.7068381, 47.1248989 ], [ 28.7068382, 47.1249034 ], [ 28.7068384, 47.1249079 ], [ 28.7068385, 47.1249124 ], [ 28.7068321, 47.124917 ], [ 28.7068322, 47.1249215 ], [ 28.7068324, 47.124926 ], [ 28.7068325, 47.1249305 ], [ 28.7068261, 47.124935 ], [ 28.7068262, 47.1249395 ], [ 28.7068263, 47.124944 ], [ 28.7068265, 47.1249485 ], [ 28.7068266, 47.124953 ], [ 28.7068268, 47.1249575 ], [ 28.7068269, 47.124962 ], [ 28.7068271, 47.1249665 ], [ 28.7068272, 47.124971 ], [ 28.7068273, 47.1249755 ], [ 28.7068275, 47.12498 ], [ 28.7068276, 47.1249845 ], [ 28.7068278, 47.124989 ], [ 28.7068279, 47.1249935 ], [ 28.7068215, 47.1249981 ], [ 28.7068216, 47.1250026 ], [ 28.7068218, 47.1250071 ], [ 28.7068219, 47.1250116 ], [ 28.7068155, 47.1250162 ], [ 28.7068156, 47.1250207 ], [ 28.7068158, 47.1250252 ], [ 28.7068159, 47.1250297 ], [ 28.706816, 47.1250342 ], [ 28.7068096, 47.1250388 ], [ 28.7068097, 47.1250433 ], [ 28.7068099, 47.1250478 ], [ 28.70681, 47.1250523 ], [ 28.7068036, 47.1250569 ], [ 28.7068037, 47.1250614 ], [ 28.7068039, 47.1250659 ], [ 28.706804, 47.1250704 ], [ 28.7068042, 47.1250749 ], [ 28.7067977, 47.1250795 ], [ 28.7067979, 47.1250839 ], [ 28.706798, 47.1250884 ], [ 28.7067981, 47.1250929 ], [ 28.7067983, 47.1250974 ], [ 28.7067984, 47.1251019 ], [ 28.706792, 47.1251065 ], [ 28.7067921, 47.125111 ], [ 28.7067923, 47.1251155 ], [ 28.7067924, 47.12512 ], [ 28.7067926, 47.1251245 ], [ 28.7067927, 47.125129 ], [ 28.7067929, 47.1251335 ], [ 28.706793, 47.125138 ], [ 28.7067931, 47.1251425 ], [ 28.7067933, 47.125147 ], [ 28.7067868, 47.1251516 ], [ 28.706787, 47.1251561 ], [ 28.7067805, 47.1251607 ], [ 28.7067741, 47.1251653 ], [ 28.7067676, 47.1251699 ], [ 28.7067612, 47.1251745 ], [ 28.7067548, 47.1251791 ], [ 28.7067483, 47.1251837 ], [ 28.7067419, 47.1251883 ], [ 28.7067354, 47.1251929 ], [ 28.706729, 47.1251975 ], [ 28.7067225, 47.1252021 ], [ 28.7067161, 47.1252067 ], [ 28.7067162, 47.1252111 ], [ 28.7067098, 47.1252157 ], [ 28.7067099, 47.1252202 ], [ 28.7067101, 47.1252247 ], [ 28.7067036, 47.1252293 ], [ 28.7067038, 47.1252338 ], [ 28.7066973, 47.1252384 ], [ 28.7066975, 47.1252429 ], [ 28.7066976, 47.1252474 ], [ 28.7066912, 47.125252 ], [ 28.7066913, 47.1252565 ], [ 28.7066849, 47.1252611 ], [ 28.706685, 47.1252656 ], [ 28.7066852, 47.1252701 ], [ 28.7066787, 47.1252747 ], [ 28.7066788, 47.1252792 ], [ 28.7066724, 47.1252838 ], [ 28.7066725, 47.1252883 ], [ 28.7066727, 47.1252928 ], [ 28.7066662, 47.1252974 ], [ 28.7066664, 47.1253019 ], [ 28.7066599, 47.1253065 ], [ 28.7066601, 47.125311 ], [ 28.7066536, 47.1253156 ], [ 28.7066538, 47.1253201 ], [ 28.7066539, 47.1253246 ], [ 28.7066475, 47.1253292 ], [ 28.7066476, 47.1253337 ], [ 28.7066412, 47.1253383 ], [ 28.7066413, 47.1253427 ], [ 28.7066349, 47.1253473 ], [ 28.7066284, 47.1253519 ], [ 28.706622, 47.1253565 ], [ 28.7066155, 47.1253611 ], [ 28.7066091, 47.1253657 ], [ 28.7066027, 47.1253703 ], [ 28.7065962, 47.1253749 ], [ 28.7065898, 47.1253795 ], [ 28.7065833, 47.1253841 ], [ 28.7065769, 47.1253887 ], [ 28.7065704, 47.1253933 ], [ 28.706564, 47.1253979 ], [ 28.7065575, 47.1254025 ], [ 28.7065511, 47.1254071 ], [ 28.7065446, 47.1254117 ], [ 28.7065382, 47.1254163 ], [ 28.7065318, 47.1254209 ], [ 28.7065253, 47.1254255 ], [ 28.7065189, 47.1254301 ], [ 28.7065124, 47.1254347 ], [ 28.706506, 47.1254393 ], [ 28.7064995, 47.1254438 ], [ 28.7064931, 47.1254484 ], [ 28.7064866, 47.125453 ], [ 28.7064802, 47.1254576 ], [ 28.7064737, 47.1254622 ], [ 28.7064673, 47.1254668 ], [ 28.7064609, 47.1254714 ], [ 28.7064544, 47.125476 ], [ 28.706448, 47.1254806 ], [ 28.7064415, 47.1254852 ], [ 28.7064351, 47.1254898 ], [ 28.7064286, 47.1254944 ], [ 28.7064222, 47.125499 ], [ 28.7064157, 47.1255036 ], [ 28.7064093, 47.1255082 ], [ 28.7064028, 47.1255128 ], [ 28.7063964, 47.1255174 ], [ 28.7063898, 47.1255175 ], [ 28.7063834, 47.1255221 ], [ 28.7063769, 47.1255267 ], [ 28.7063703, 47.1255268 ], [ 28.7063639, 47.1255314 ], [ 28.7063574, 47.125536 ], [ 28.7063509, 47.1255361 ], [ 28.7063444, 47.1255406 ], [ 28.706338, 47.1255452 ], [ 28.7063314, 47.1255453 ], [ 28.7063249, 47.1255499 ], [ 28.7063185, 47.1255545 ], [ 28.7063119, 47.1255546 ], [ 28.7063054, 47.1255592 ], [ 28.706299, 47.1255638 ], [ 28.7062924, 47.1255639 ], [ 28.706286, 47.1255685 ], [ 28.7062794, 47.1255686 ], [ 28.7062729, 47.1255732 ], [ 28.7062665, 47.1255778 ], [ 28.7062599, 47.1255779 ], [ 28.7062535, 47.1255825 ], [ 28.706247, 47.1255871 ], [ 28.7062404, 47.1255872 ], [ 28.706234, 47.1255918 ], [ 28.7062275, 47.1255964 ], [ 28.7062209, 47.1255965 ], [ 28.7062145, 47.1256011 ], [ 28.706208, 47.1256057 ], [ 28.7062015, 47.1256058 ], [ 28.706195, 47.1256104 ], [ 28.7061886, 47.125615 ], [ 28.706182, 47.1256151 ], [ 28.7061755, 47.1256197 ], [ 28.7061689, 47.1256198 ], [ 28.7061625, 47.1256243 ], [ 28.7061561, 47.1256289 ], [ 28.7061495, 47.125629 ], [ 28.706143, 47.1256336 ], [ 28.7061366, 47.1256382 ], [ 28.70613, 47.1256383 ], [ 28.7061235, 47.1256429 ], [ 28.7061171, 47.1256475 ], [ 28.7061105, 47.1256476 ], [ 28.7061041, 47.1256522 ], [ 28.7060976, 47.1256568 ], [ 28.706091, 47.1256569 ], [ 28.7060846, 47.1256615 ], [ 28.7060781, 47.1256661 ], [ 28.7060715, 47.1256662 ], [ 28.7060651, 47.1256708 ], [ 28.7060587, 47.1256754 ], [ 28.7060521, 47.1256755 ], [ 28.7060456, 47.1256801 ], [ 28.7060392, 47.1256847 ], [ 28.7060327, 47.1256893 ], [ 28.7060261, 47.1256894 ], [ 28.7060197, 47.125694 ], [ 28.7060132, 47.1256986 ], [ 28.7060068, 47.1257032 ], [ 28.7060002, 47.1257033 ], [ 28.7059938, 47.1257079 ], [ 28.7059873, 47.1257124 ], [ 28.7059809, 47.125717 ], [ 28.7059743, 47.1257171 ], [ 28.7059678, 47.1257217 ], [ 28.7059614, 47.1257263 ], [ 28.7059549, 47.1257309 ], [ 28.7059484, 47.125731 ], [ 28.7059419, 47.1257356 ], [ 28.7059355, 47.1257402 ], [ 28.7059289, 47.1257403 ], [ 28.7059224, 47.1257449 ], [ 28.705916, 47.1257495 ], [ 28.7059095, 47.1257541 ], [ 28.705903, 47.1257542 ], [ 28.7058965, 47.1257588 ], [ 28.7058901, 47.1257634 ], [ 28.7058836, 47.125768 ], [ 28.705877, 47.1257681 ], [ 28.7058706, 47.1257727 ], [ 28.7058641, 47.1257773 ], [ 28.7058577, 47.1257819 ], [ 28.7058511, 47.125782 ], [ 28.7058447, 47.1257866 ], [ 28.7058382, 47.1257912 ], [ 28.7058318, 47.1257958 ], [ 28.7058252, 47.1257959 ], [ 28.7058187, 47.1258004 ], [ 28.7058123, 47.125805 ], [ 28.7058057, 47.1258051 ], [ 28.7057993, 47.1258097 ], [ 28.7057928, 47.1258143 ], [ 28.7057864, 47.1258189 ], [ 28.7057798, 47.125819 ], [ 28.7057733, 47.1258236 ], [ 28.7057669, 47.1258282 ], [ 28.7057604, 47.1258328 ], [ 28.7057538, 47.1258329 ], [ 28.7057474, 47.1258375 ], [ 28.705741, 47.1258421 ], [ 28.7057345, 47.1258467 ], [ 28.7057279, 47.1258468 ], [ 28.7057215, 47.1258514 ], [ 28.705715, 47.125856 ], [ 28.7057086, 47.1258606 ], [ 28.705702, 47.1258607 ], [ 28.7056955, 47.1258653 ], [ 28.7056891, 47.1258699 ], [ 28.7056825, 47.12587 ], [ 28.7056761, 47.1258746 ], [ 28.7056696, 47.1258792 ], [ 28.7056632, 47.1258838 ], [ 28.7056566, 47.1258839 ], [ 28.7056501, 47.1258884 ], [ 28.7056437, 47.125893 ], [ 28.7056373, 47.1258976 ], [ 28.7056307, 47.1258977 ], [ 28.7056242, 47.1259023 ], [ 28.7056178, 47.1259069 ], [ 28.7056113, 47.1259115 ], [ 28.7056047, 47.1259116 ], [ 28.7055983, 47.1259162 ], [ 28.7055918, 47.1259208 ], [ 28.7055854, 47.1259254 ], [ 28.7055788, 47.1259255 ], [ 28.7055724, 47.1259301 ], [ 28.7055659, 47.1259347 ], [ 28.7055593, 47.1259348 ], [ 28.7055529, 47.1259394 ], [ 28.7055464, 47.125944 ], [ 28.70554, 47.1259486 ], [ 28.7055334, 47.1259487 ], [ 28.705527, 47.1259533 ], [ 28.7055205, 47.1259579 ], [ 28.7055141, 47.1259625 ], [ 28.7055075, 47.1259626 ], [ 28.705501, 47.1259672 ], [ 28.7054946, 47.1259718 ], [ 28.7054881, 47.1259763 ], [ 28.7054816, 47.1259764 ], [ 28.7054751, 47.125981 ], [ 28.7054687, 47.1259856 ], [ 28.7054621, 47.1259857 ], [ 28.7054555, 47.1259858 ], [ 28.7054556, 47.1259903 ], [ 28.705449, 47.1259904 ], [ 28.7054492, 47.1259949 ], [ 28.7054499, 47.1260174 ], [ 28.7054112, 47.126045 ], [ 28.705418, 47.1260494 ], [ 28.7054181, 47.1260539 ], [ 28.7054248, 47.1260583 ], [ 28.705438, 47.1260581 ], [ 28.7054447, 47.1260625 ], [ 28.7054515, 47.1260669 ], [ 28.7054649, 47.1260757 ], [ 28.7054717, 47.1262871 ], [ 28.7054852, 47.1262959 ], [ 28.7054859, 47.1263183 ], [ 28.7054926, 47.1263227 ], [ 28.7054929, 47.1263317 ], [ 28.7054996, 47.1263361 ], [ 28.7055001, 47.1263496 ], [ 28.7055068, 47.126354 ], [ 28.7055071, 47.126363 ], [ 28.7055138, 47.1263674 ], [ 28.7055141, 47.1263764 ], [ 28.7055209, 47.1263808 ], [ 28.7055282, 47.1264032 ], [ 28.7055888, 47.1264428 ], [ 28.7055895, 47.1264653 ], [ 28.7056231, 47.1264873 ], [ 28.7056224, 47.1264883 ], [ 28.7056624, 47.1265676 ], [ 28.7056689, 47.1265804 ], [ 28.7056285, 47.1264972 ], [ 28.7055963, 47.1265045 ], [ 28.7055554, 47.1265138 ], [ 28.7056461, 47.126747 ], [ 28.7058069, 47.1267112 ], [ 28.7058008, 47.1266984 ], [ 28.7054883, 47.1260448 ], [ 28.7054822, 47.126032 ], [ 28.7054924, 47.126053 ], [ 28.7054667, 47.1260588 ], [ 28.7054174, 47.1260699 ], [ 28.7054187, 47.1260719 ], [ 28.7054185, 47.1260674 ], [ 28.7054184, 47.1260629 ], [ 28.7054248, 47.1260583 ], [ 28.7054181, 47.1260539 ], [ 28.705418, 47.1260494 ], [ 28.7054112, 47.126045 ], [ 28.7054045, 47.1260406 ], [ 28.7053979, 47.1260407 ], [ 28.7053913, 47.1260408 ], [ 28.7053847, 47.1260409 ], [ 28.7053781, 47.126041 ], [ 28.7053715, 47.1260411 ], [ 28.705365, 47.1260412 ], [ 28.7053584, 47.1260413 ], [ 28.7053519, 47.1260459 ], [ 28.7053455, 47.1260505 ], [ 28.7053389, 47.1260506 ], [ 28.7053324, 47.1260552 ], [ 28.705326, 47.1260598 ], [ 28.7053196, 47.1260643 ], [ 28.705313, 47.1260644 ], [ 28.7053065, 47.126069 ], [ 28.7053001, 47.1260736 ], [ 28.7052936, 47.1260782 ], [ 28.705287, 47.1260783 ], [ 28.7052806, 47.1260829 ], [ 28.7052741, 47.1260875 ], [ 28.7052677, 47.1260921 ], [ 28.7052611, 47.1260922 ], [ 28.7052547, 47.1260968 ], [ 28.7052482, 47.1261014 ], [ 28.7052418, 47.126106 ], [ 28.7052352, 47.1261061 ], [ 28.7052287, 47.1261107 ], [ 28.7052223, 47.1261153 ], [ 28.7052157, 47.1261154 ], [ 28.7052093, 47.12612 ], [ 28.7052028, 47.1261246 ], [ 28.7051964, 47.1261292 ], [ 28.7051898, 47.1261293 ], [ 28.7051833, 47.1261339 ], [ 28.7051769, 47.1261385 ], [ 28.7051704, 47.1261431 ], [ 28.7051639, 47.1261432 ], [ 28.7051574, 47.1261478 ], [ 28.705151, 47.1261523 ], [ 28.7051445, 47.1261569 ], [ 28.7051379, 47.126157 ], [ 28.7051315, 47.1261616 ], [ 28.705125, 47.1261662 ], [ 28.7051186, 47.1261708 ], [ 28.705112, 47.1261709 ], [ 28.7051056, 47.1261755 ], [ 28.7050991, 47.1261801 ], [ 28.7050925, 47.1261802 ], [ 28.7050861, 47.1261848 ], [ 28.7050796, 47.1261894 ], [ 28.7050732, 47.126194 ], [ 28.7050666, 47.1261941 ], [ 28.7050601, 47.1261987 ], [ 28.7050537, 47.1262033 ], [ 28.7050473, 47.1262079 ], [ 28.7050407, 47.126208 ], [ 28.7050342, 47.1262126 ], [ 28.7050278, 47.1262172 ], [ 28.7050213, 47.1262218 ], [ 28.7050147, 47.1262219 ], [ 28.7050083, 47.1262265 ], [ 28.7050018, 47.1262311 ], [ 28.7049954, 47.1262357 ], [ 28.7049888, 47.1262358 ], [ 28.7049824, 47.1262403 ], [ 28.7049759, 47.1262449 ], [ 28.7049693, 47.126245 ], [ 28.7049629, 47.1262496 ], [ 28.7049564, 47.1262542 ], [ 28.70495, 47.1262588 ], [ 28.7049434, 47.1262589 ], [ 28.704937, 47.1262635 ], [ 28.7049305, 47.1262681 ], [ 28.7049241, 47.1262727 ], [ 28.7049175, 47.1262728 ], [ 28.704911, 47.1262774 ], [ 28.7049046, 47.126282 ], [ 28.7048981, 47.1262866 ], [ 28.7048916, 47.1262867 ], [ 28.7048851, 47.1262913 ], [ 28.7048787, 47.1262959 ], [ 28.7048721, 47.126296 ], [ 28.7048656, 47.1263006 ], [ 28.7048592, 47.1263052 ], [ 28.7048527, 47.1263098 ], [ 28.7048461, 47.1263099 ], [ 28.7048397, 47.1263145 ], [ 28.7048333, 47.1263191 ], [ 28.7048268, 47.1263237 ], [ 28.7048202, 47.1263238 ], [ 28.7048138, 47.1263283 ], [ 28.7048073, 47.1263329 ], [ 28.7048009, 47.1263375 ], [ 28.7047943, 47.1263376 ], [ 28.7047878, 47.1263422 ], [ 28.7047814, 47.1263468 ], [ 28.704775, 47.1263514 ], [ 28.7047684, 47.1263515 ], [ 28.7047619, 47.1263561 ], [ 28.7047555, 47.1263607 ], [ 28.7047489, 47.1263608 ], [ 28.7047424, 47.1263654 ], [ 28.704736, 47.12637 ], [ 28.7047296, 47.1263746 ], [ 28.704723, 47.1263747 ], [ 28.7047165, 47.1263793 ], [ 28.7047101, 47.1263839 ], [ 28.7047036, 47.1263885 ], [ 28.704697, 47.1263886 ], [ 28.7046906, 47.1263932 ], [ 28.7046841, 47.1263978 ], [ 28.7046777, 47.1264024 ], [ 28.7046711, 47.1264025 ], [ 28.7046647, 47.1264071 ], [ 28.7046582, 47.1264117 ], [ 28.7046518, 47.1264162 ], [ 28.7046452, 47.1264163 ], [ 28.7046387, 47.1264209 ], [ 28.7046323, 47.1264255 ], [ 28.7046257, 47.1264256 ], [ 28.7046193, 47.1264302 ], [ 28.7046128, 47.1264348 ], [ 28.7046064, 47.1264394 ], [ 28.7045998, 47.1264395 ], [ 28.7045933, 47.1264441 ], [ 28.7045869, 47.1264487 ], [ 28.7045804, 47.1264533 ], [ 28.7045738, 47.1264534 ], [ 28.7045674, 47.126458 ], [ 28.704561, 47.1264626 ], [ 28.7045545, 47.1264672 ], [ 28.7045479, 47.1264673 ], [ 28.7045415, 47.1264719 ], [ 28.704535, 47.1264765 ], [ 28.7045286, 47.1264811 ], [ 28.704522, 47.1264812 ], [ 28.7045156, 47.1264858 ], [ 28.7045091, 47.1264904 ], [ 28.7045025, 47.1264905 ], [ 28.7044961, 47.1264951 ], [ 28.7044896, 47.1264997 ], [ 28.7044832, 47.1265042 ], [ 28.7044766, 47.1265043 ], [ 28.7044701, 47.1265089 ], [ 28.7044637, 47.1265135 ], [ 28.7044573, 47.1265181 ], [ 28.7044507, 47.1265182 ], [ 28.7044442, 47.1265228 ], [ 28.7044378, 47.1265274 ], [ 28.7044313, 47.126532 ], [ 28.7044247, 47.1265321 ], [ 28.7044183, 47.1265367 ], [ 28.7044118, 47.1265413 ], [ 28.7044054, 47.1265459 ], [ 28.7043988, 47.126546 ], [ 28.7043924, 47.1265506 ], [ 28.7043859, 47.1265552 ], [ 28.7043793, 47.1265553 ], [ 28.7043729, 47.1265599 ], [ 28.7043664, 47.1265645 ], [ 28.70436, 47.1265691 ], [ 28.7043534, 47.1265692 ], [ 28.704347, 47.1265738 ], [ 28.7043405, 47.1265784 ], [ 28.7043341, 47.126583 ], [ 28.7043275, 47.1265831 ], [ 28.704321, 47.1265876 ], [ 28.7043146, 47.1265922 ], [ 28.7043081, 47.1265968 ], [ 28.7043015, 47.1265969 ], [ 28.7042951, 47.1266015 ], [ 28.7042887, 47.1266061 ], [ 28.7042822, 47.1266107 ], [ 28.7042756, 47.1266108 ], [ 28.7042692, 47.1266154 ], [ 28.7042627, 47.12662 ], [ 28.7042561, 47.1266201 ], [ 28.7042497, 47.1266247 ], [ 28.7042433, 47.1266293 ], [ 28.7042368, 47.1266339 ], [ 28.7042302, 47.126634 ], [ 28.7042238, 47.1266386 ], [ 28.7042173, 47.1266432 ], [ 28.7042109, 47.1266478 ], [ 28.7042043, 47.1266479 ], [ 28.7041978, 47.1266525 ], [ 28.7041914, 47.1266571 ], [ 28.704185, 47.1266617 ], [ 28.7041784, 47.1266618 ], [ 28.7041719, 47.1266664 ], [ 28.7041655, 47.126671 ], [ 28.7041589, 47.1266711 ], [ 28.7041524, 47.1266756 ], [ 28.704146, 47.1266802 ], [ 28.7041395, 47.1266848 ], [ 28.704133, 47.1266849 ], [ 28.7041265, 47.1266895 ], [ 28.7041201, 47.1266941 ], [ 28.7041136, 47.1266987 ], [ 28.704107, 47.1266988 ], [ 28.7041006, 47.1267034 ], [ 28.7040941, 47.126708 ], [ 28.7040877, 47.1267126 ], [ 28.7040811, 47.1267127 ], [ 28.7040747, 47.1267173 ], [ 28.7040682, 47.1267219 ], [ 28.7040618, 47.1267265 ], [ 28.7040552, 47.1267266 ], [ 28.7040487, 47.1267312 ], [ 28.7040423, 47.1267358 ], [ 28.7040357, 47.1267359 ], [ 28.7040292, 47.1267405 ], [ 28.7040228, 47.1267451 ], [ 28.7040164, 47.1267497 ], [ 28.7040098, 47.1267498 ], [ 28.7040033, 47.1267544 ], [ 28.7039969, 47.126759 ], [ 28.7039904, 47.1267635 ], [ 28.7039838, 47.1267636 ], [ 28.7039774, 47.1267682 ], [ 28.7039709, 47.1267728 ], [ 28.7039645, 47.1267774 ], [ 28.7039579, 47.1267775 ], [ 28.7039515, 47.1267821 ], [ 28.703945, 47.1267867 ], [ 28.7039386, 47.1267913 ], [ 28.703932, 47.1267914 ], [ 28.7039255, 47.126796 ], [ 28.7039191, 47.1268006 ], [ 28.7039125, 47.1268007 ], [ 28.7039061, 47.1268053 ], [ 28.7038996, 47.1268099 ], [ 28.7038932, 47.1268145 ], [ 28.7038866, 47.1268146 ], [ 28.7038801, 47.1268192 ], [ 28.7038737, 47.1268238 ], [ 28.7038672, 47.1268284 ], [ 28.7038607, 47.1268285 ], [ 28.7038542, 47.1268331 ], [ 28.7038478, 47.1268377 ], [ 28.7038413, 47.1268423 ], [ 28.7038347, 47.1268424 ], [ 28.7038283, 47.126847 ], [ 28.7038218, 47.1268515 ], [ 28.7038154, 47.1268561 ], [ 28.7038088, 47.1268562 ], [ 28.7038024, 47.1268608 ], [ 28.7037959, 47.1268654 ], [ 28.7037893, 47.1268655 ], [ 28.7037829, 47.1268701 ], [ 28.7037764, 47.1268747 ], [ 28.70377, 47.1268793 ], [ 28.7037634, 47.1268794 ], [ 28.7037569, 47.126884 ], [ 28.7037505, 47.1268886 ], [ 28.7037441, 47.1268932 ], [ 28.7037375, 47.1268933 ], [ 28.703731, 47.1268979 ], [ 28.7037246, 47.1269025 ], [ 28.7037181, 47.1269071 ], [ 28.7037115, 47.1269072 ], [ 28.7037051, 47.1269118 ], [ 28.7036986, 47.1269164 ], [ 28.7036922, 47.126921 ], [ 28.7036856, 47.1269211 ], [ 28.7036792, 47.1269257 ], [ 28.7036727, 47.1269303 ], [ 28.7036661, 47.1269304 ], [ 28.7036597, 47.1269349 ], [ 28.7036532, 47.1269395 ], [ 28.7036466, 47.1269396 ], [ 28.7036402, 47.1269442 ], [ 28.7036338, 47.1269488 ], [ 28.7036272, 47.1269489 ], [ 28.7036207, 47.1269535 ], [ 28.7036143, 47.1269581 ], [ 28.7036078, 47.1269627 ], [ 28.7036012, 47.1269628 ], [ 28.7035948, 47.1269674 ], [ 28.7035883, 47.126972 ], [ 28.7035818, 47.1269721 ], [ 28.7035753, 47.1269767 ], [ 28.7035689, 47.1269813 ], [ 28.7035623, 47.1269814 ], [ 28.7035494, 47.1269906 ], [ 28.7035428, 47.1269907 ], [ 28.7035299, 47.1269999 ], [ 28.7035233, 47.127 ], [ 28.7035104, 47.1270092 ], [ 28.7035038, 47.1270093 ], [ 28.7034909, 47.1270184 ], [ 28.7034844, 47.1270185 ], [ 28.703465, 47.1270323 ], [ 28.7034584, 47.1270324 ], [ 28.7034133, 47.1270646 ], [ 28.7034066, 47.1270602 ], [ 28.7034023, 47.1269253 ], [ 28.7034087, 47.1269207 ], [ 28.703408, 47.1268982 ], [ 28.7034144, 47.1268936 ], [ 28.7034137, 47.1268711 ], [ 28.7034202, 47.1268665 ], [ 28.7034194, 47.126844 ], [ 28.7034259, 47.1268394 ], [ 28.7034252, 47.126817 ], [ 28.7034316, 47.1268124 ], [ 28.703431, 47.1267944 ], [ 28.7034375, 47.1267898 ], [ 28.7034368, 47.1267673 ], [ 28.7034432, 47.1267627 ], [ 28.7034425, 47.1267402 ], [ 28.7034489, 47.1267356 ], [ 28.7034482, 47.1267131 ], [ 28.7034547, 47.1267085 ], [ 28.703454, 47.126686 ], [ 28.7034604, 47.1266814 ], [ 28.70346, 47.126668 ], [ 28.7034664, 47.1266634 ], [ 28.703466, 47.1266499 ], [ 28.7034724, 47.1266453 ], [ 28.703472, 47.1266318 ], [ 28.7034784, 47.1266272 ], [ 28.703478, 47.1266137 ], [ 28.7034845, 47.1266091 ], [ 28.703484, 47.1265956 ], [ 28.7034905, 47.126591 ], [ 28.70349, 47.1265775 ], [ 28.7034965, 47.1265729 ], [ 28.7034959, 47.1265549 ], [ 28.7035024, 47.1265503 ], [ 28.7035019, 47.1265368 ], [ 28.7035084, 47.1265322 ], [ 28.7035081, 47.1265233 ], [ 28.7035532, 47.1264911 ], [ 28.7035524, 47.1264641 ], [ 28.7035652, 47.1264549 ], [ 28.703565, 47.1264459 ], [ 28.7035714, 47.1264413 ], [ 28.7035705, 47.1264143 ], [ 28.7035571, 47.1264055 ], [ 28.7035569, 47.126401 ], [ 28.7035568, 47.1263965 ], [ 28.7035566, 47.126392 ], [ 28.7035565, 47.1263876 ], [ 28.7035564, 47.1263831 ], [ 28.7035562, 47.1263786 ], [ 28.7035561, 47.1263741 ], [ 28.7035359, 47.1263609 ], [ 28.7035294, 47.1263655 ], [ 28.7035228, 47.1263656 ], [ 28.7035164, 47.1263702 ], [ 28.7035032, 47.1263703 ], [ 28.7035034, 47.1263748 ], [ 28.7034902, 47.126375 ], [ 28.7034903, 47.1263795 ], [ 28.7034771, 47.1263797 ], [ 28.7034773, 47.1263842 ], [ 28.7034641, 47.1263844 ], [ 28.7034642, 47.1263889 ], [ 28.7034511, 47.1263891 ], [ 28.7034512, 47.1263936 ], [ 28.703438, 47.1263938 ], [ 28.7034382, 47.1263983 ], [ 28.703425, 47.1263985 ], [ 28.7034251, 47.126403 ], [ 28.7034186, 47.1264031 ], [ 28.7034188, 47.1264121 ], [ 28.7034256, 47.1264165 ], [ 28.7034388, 47.1264163 ], [ 28.7034412, 47.1264198 ], [ 28.7034653, 47.1264113 ], [ 28.703582, 47.1263672 ], [ 28.7035516, 47.1263301 ], [ 28.7033865, 47.1263932 ], [ 28.703358, 47.1263582 ], [ 28.7035347, 47.1262911 ], [ 28.7036596, 47.1262435 ], [ 28.7036612, 47.1262455 ], [ 28.7035709, 47.1262799 ], [ 28.7035419, 47.1262456 ], [ 28.703643, 47.1262058 ], [ 28.7036264, 47.1261854 ], [ 28.7033616, 47.1262863 ], [ 28.70333, 47.1262478 ], [ 28.7035946, 47.1261468 ], [ 28.7035786, 47.1261272 ], [ 28.703292, 47.1262366 ], [ 28.7032804, 47.1262224 ], [ 28.7036593, 47.1260778 ], [ 28.7036305, 47.1260422 ], [ 28.7031598, 47.126219 ], [ 28.7031314, 47.126184 ], [ 28.7036781, 47.1259768 ], [ 28.703648, 47.1259401 ], [ 28.7031977, 47.1261121 ], [ 28.7031981, 47.1261127 ], [ 28.7036755, 47.1259303 ], [ 28.70371, 47.1259172 ], [ 28.7036812, 47.125882 ], [ 28.7030967, 47.1261051 ], [ 28.703068, 47.1260705 ], [ 28.7037076, 47.1258231 ], [ 28.7036771, 47.1257868 ], [ 28.7030658, 47.1260261 ], [ 28.7030358, 47.1259856 ], [ 28.7036872, 47.1257607 ], [ 28.7037417, 47.1257419 ], [ 28.7037594, 47.1257358 ], [ 28.7037428, 47.125716 ], [ 28.7036765, 47.1257418 ], [ 28.7029861, 47.126011 ], [ 28.702969, 47.1260177 ], [ 28.7029438, 47.125987 ], [ 28.7036273, 47.125726 ], [ 28.7036057, 47.1256997 ], [ 28.7030941, 47.1258949 ], [ 28.7030721, 47.1258671 ], [ 28.7034251, 47.1257376 ], [ 28.7033964, 47.1256959 ], [ 28.7032843, 47.1257374 ], [ 28.7032772, 47.1257296 ], [ 28.7035071, 47.1256331 ], [ 28.7034707, 47.1255963 ], [ 28.7030798, 47.1257769 ], [ 28.7031001, 47.1257964 ], [ 28.7036086, 47.12555 ], [ 28.7036371, 47.1255362 ], [ 28.7038587, 47.1254484 ], [ 28.7038178, 47.1253994 ], [ 28.7032921, 47.1256039 ], [ 28.7028445, 47.125827 ], [ 28.7027797, 47.1257669 ], [ 28.7028556, 47.1257288 ], [ 28.703789, 47.1253649 ], [ 28.7038036, 47.1253825 ], [ 28.7029155, 47.125727 ], [ 28.702871, 47.1256739 ], [ 28.7038454, 47.1252945 ], [ 28.7038007, 47.125244 ], [ 28.7030379, 47.1255587 ], [ 28.7030102, 47.1255257 ], [ 28.7032686, 47.1254251 ], [ 28.7037392, 47.1252419 ], [ 28.7037564, 47.1252352 ], [ 28.7037284, 47.1252005 ], [ 28.7034039, 47.1253235 ], [ 28.7034104, 47.1253234 ], [ 28.703469, 47.1253 ], [ 28.7034954, 47.1252996 ], [ 28.7035018, 47.125295 ], [ 28.7035611, 47.1252941 ], [ 28.7035613, 47.1252986 ], [ 28.703568, 47.125303 ], [ 28.7035812, 47.1253028 ], [ 28.7035876, 47.1252982 ], [ 28.7035942, 47.1252981 ], [ 28.7036007, 47.1252935 ], [ 28.7036073, 47.1252934 ], [ 28.7036137, 47.1252888 ], [ 28.7036203, 47.1252887 ], [ 28.7036267, 47.1252841 ], [ 28.7036332, 47.1252796 ], [ 28.7036398, 47.1252795 ], [ 28.7036462, 47.1252749 ], [ 28.7036528, 47.1252748 ], [ 28.7036593, 47.1252702 ], [ 28.7036658, 47.1252701 ], [ 28.7036723, 47.1252655 ], [ 28.7036789, 47.1252654 ], [ 28.7036853, 47.1252608 ], [ 28.7036919, 47.1252607 ], [ 28.7036984, 47.1252561 ], [ 28.7037049, 47.125256 ], [ 28.7037048, 47.1252515 ], [ 28.7037375, 47.125242 ], [ 28.7037373, 47.1252375 ], [ 28.7037505, 47.1252373 ], [ 28.7037569, 47.1252327 ], [ 28.7037766, 47.1252279 ], [ 28.7037895, 47.1252187 ], [ 28.7038092, 47.1252184 ], [ 28.7038296, 47.1252361 ], [ 28.7038757, 47.1252354 ], [ 28.7038821, 47.1252309 ], [ 28.7039085, 47.1252305 ], [ 28.7039092, 47.1252529 ], [ 28.7039159, 47.1252573 ], [ 28.7039178, 47.1253158 ], [ 28.7039114, 47.1253204 ], [ 28.7039119, 47.1253384 ], [ 28.7039055, 47.125343 ], [ 28.7039061, 47.125361 ], [ 28.7038996, 47.1253656 ], [ 28.7039001, 47.1253791 ], [ 28.7038936, 47.1253837 ], [ 28.7038942, 47.1254017 ], [ 28.7038877, 47.1254062 ], [ 28.7038883, 47.1254242 ], [ 28.7038819, 47.1254288 ], [ 28.7038824, 47.1254468 ], [ 28.703876, 47.1254514 ], [ 28.7038764, 47.1254649 ], [ 28.70387, 47.1254695 ], [ 28.7038706, 47.1254875 ], [ 28.7038641, 47.1254921 ], [ 28.7038647, 47.1255101 ], [ 28.7038582, 47.1255147 ], [ 28.7038587, 47.1255282 ], [ 28.7038522, 47.1255328 ], [ 28.7038528, 47.1255508 ], [ 28.7038464, 47.1255553 ], [ 28.7038469, 47.1255733 ], [ 28.7038405, 47.1255779 ], [ 28.7038411, 47.1255959 ], [ 28.7038346, 47.1256005 ], [ 28.703835, 47.125614 ], [ 28.7038286, 47.1256186 ], [ 28.7038292, 47.1256366 ], [ 28.7038227, 47.1256412 ], [ 28.7038233, 47.1256592 ], [ 28.7038169, 47.1256638 ], [ 28.7038173, 47.1256773 ], [ 28.7038108, 47.1256819 ], [ 28.7038114, 47.1256998 ], [ 28.703805, 47.1257044 ], [ 28.7038051, 47.1257089 ], [ 28.7038118, 47.1257133 ], [ 28.7038777, 47.1257124 ], [ 28.7038842, 47.1257078 ], [ 28.7038908, 47.1257077 ], [ 28.7038972, 47.1257031 ], [ 28.7039429, 47.1256889 ], [ 28.7039558, 47.1256797 ], [ 28.7039624, 47.1256796 ], [ 28.7039688, 47.125675 ], [ 28.7039754, 47.1256749 ], [ 28.7039819, 47.1256703 ], [ 28.7040276, 47.1256561 ], [ 28.7040405, 47.1256469 ], [ 28.7040471, 47.1256468 ], [ 28.7040535, 47.1256423 ], [ 28.7040992, 47.1256281 ], [ 28.7041121, 47.1256189 ], [ 28.7041187, 47.1256188 ], [ 28.7041251, 47.1256142 ], [ 28.7041708, 47.1256 ], [ 28.7041837, 47.1255908 ], [ 28.7041903, 47.1255907 ], [ 28.7042096, 47.1255769 ], [ 28.7042162, 47.1255768 ], [ 28.7042356, 47.1255631 ], [ 28.7042421, 47.125563 ], [ 28.7042615, 47.1255492 ], [ 28.7042681, 47.1255491 ], [ 28.7042874, 47.1255353 ], [ 28.704294, 47.1255352 ], [ 28.7043133, 47.1255214 ], [ 28.7043199, 47.1255213 ], [ 28.7043393, 47.1255075 ], [ 28.7043458, 47.1255074 ], [ 28.7043911, 47.1254797 ], [ 28.7043977, 47.1254796 ], [ 28.7044106, 47.1254705 ], [ 28.7044172, 47.1254704 ], [ 28.7044365, 47.1254566 ], [ 28.7044431, 47.1254565 ], [ 28.7044624, 47.1254427 ], [ 28.704469, 47.1254426 ], [ 28.7044884, 47.1254288 ], [ 28.704495, 47.1254287 ], [ 28.7045143, 47.1254149 ], [ 28.7045209, 47.1254148 ], [ 28.7045402, 47.125401 ], [ 28.7045468, 47.1254009 ], [ 28.7045661, 47.1253872 ], [ 28.7045727, 47.1253871 ], [ 28.7045921, 47.1253733 ], [ 28.7045987, 47.1253732 ], [ 28.7046439, 47.1253455 ], [ 28.7046505, 47.1253454 ], [ 28.7046634, 47.1253362 ], [ 28.70467, 47.1253361 ], [ 28.7046893, 47.1253223 ], [ 28.7046959, 47.1253222 ], [ 28.7047153, 47.1253084 ], [ 28.7047218, 47.1253083 ], [ 28.7047412, 47.1252946 ], [ 28.7047478, 47.1252945 ], [ 28.7047671, 47.1252807 ], [ 28.7047737, 47.1252806 ], [ 28.704793, 47.1252668 ], [ 28.7047996, 47.1252667 ], [ 28.704819, 47.1252529 ], [ 28.7048255, 47.1252528 ], [ 28.7048449, 47.125239 ], [ 28.7048515, 47.1252389 ], [ 28.7048967, 47.1252113 ], [ 28.7049033, 47.1252112 ], [ 28.7049162, 47.125202 ], [ 28.7049228, 47.1252019 ], [ 28.7049421, 47.1251881 ], [ 28.7049487, 47.125188 ], [ 28.7049681, 47.1251742 ], [ 28.7049747, 47.1251741 ], [ 28.704994, 47.1251603 ], [ 28.7050006, 47.1251602 ], [ 28.7050199, 47.1251464 ], [ 28.7050265, 47.1251463 ], [ 28.7050458, 47.1251325 ], [ 28.7050524, 47.1251324 ], [ 28.7050718, 47.1251187 ], [ 28.7050784, 47.1251186 ], [ 28.7050977, 47.1251048 ], [ 28.7051043, 47.1251047 ], [ 28.7051236, 47.1250909 ], [ 28.7051302, 47.1250908 ], [ 28.7051755, 47.1250631 ], [ 28.7051821, 47.125063 ], [ 28.705195, 47.1250538 ], [ 28.7052015, 47.1250537 ], [ 28.7052209, 47.1250399 ], [ 28.7052275, 47.1250399 ], [ 28.7052468, 47.1250261 ], [ 28.7052534, 47.125026 ], [ 28.7052727, 47.1250122 ], [ 28.7052793, 47.1250121 ], [ 28.7053051, 47.1249937 ], [ 28.7053117, 47.1249936 ], [ 28.7053375, 47.1249752 ], [ 28.7053441, 47.1249751 ], [ 28.7053698, 47.1249567 ], [ 28.7053764, 47.1249566 ], [ 28.7054022, 47.1249383 ], [ 28.7054088, 47.1249382 ], [ 28.7054346, 47.1249198 ], [ 28.7054412, 47.1249197 ], [ 28.705467, 47.1249013 ], [ 28.7054735, 47.1249012 ], [ 28.7054993, 47.1248828 ], [ 28.7055059, 47.1248827 ], [ 28.7055317, 47.1248643 ], [ 28.7055383, 47.1248642 ], [ 28.7055641, 47.1248459 ], [ 28.7055707, 47.1248458 ], [ 28.7055964, 47.1248274 ], [ 28.705603, 47.1248273 ], [ 28.7056288, 47.1248089 ], [ 28.7056354, 47.1248088 ], [ 28.7056612, 47.1247904 ], [ 28.7056678, 47.1247903 ], [ 28.7056936, 47.1247719 ], [ 28.7057001, 47.1247718 ], [ 28.7057259, 47.1247535 ], [ 28.7057325, 47.1247534 ], [ 28.7057583, 47.124735 ], [ 28.7057649, 47.1247349 ], [ 28.7057907, 47.1247165 ], [ 28.7057973, 47.1247164 ], [ 28.705823, 47.124698 ], [ 28.7058296, 47.1246979 ], [ 28.7058554, 47.1246795 ], [ 28.705862, 47.1246794 ], [ 28.7058813, 47.1246657 ], [ 28.7058879, 47.1246656 ], [ 28.7059137, 47.1246472 ], [ 28.7059203, 47.1246471 ], [ 28.705972, 47.1246148 ], [ 28.7059916, 47.12461 ], [ 28.706024, 47.1245915 ], [ 28.7060436, 47.1245868 ], [ 28.706076, 47.1245683 ], [ 28.7060956, 47.1245635 ], [ 28.7061475, 47.1245357 ], [ 28.7061671, 47.1245309 ], [ 28.7061995, 47.1245124 ], [ 28.7062191, 47.1245076 ], [ 28.7062514, 47.1244892 ], [ 28.7062711, 47.1244844 ], [ 28.7063229, 47.1244566 ], [ 28.7063425, 47.1244518 ], [ 28.7063749, 47.1244333 ], [ 28.7063945, 47.1244285 ], [ 28.7064269, 47.1244101 ], [ 28.7064465, 47.1244053 ], [ 28.7064984, 47.1243775 ], [ 28.706518, 47.1243727 ], [ 28.7065504, 47.1243542 ], [ 28.70657, 47.1243494 ], [ 28.7066024, 47.124331 ], [ 28.706622, 47.1243262 ], [ 28.7066738, 47.1242984 ], [ 28.7066935, 47.1242936 ], [ 28.7067258, 47.1242751 ], [ 28.7067455, 47.1242703 ], [ 28.7067778, 47.1242519 ], [ 28.7067975, 47.1242471 ], [ 28.7068493, 47.1242193 ], [ 28.7068689, 47.1242145 ], [ 28.7069013, 47.124196 ], [ 28.7069209, 47.1241912 ], [ 28.7069533, 47.1241727 ], [ 28.7069729, 47.124168 ], [ 28.7070248, 47.1241402 ], [ 28.7070313, 47.1241401 ], [ 28.7070381, 47.1241445 ], [ 28.7070382, 47.124149 ], [ 28.7070384, 47.1241535 ], [ 28.7070385, 47.124158 ], [ 28.7070387, 47.1241625 ], [ 28.7070388, 47.124167 ], [ 28.7070389, 47.1241715 ], [ 28.7070391, 47.124176 ], [ 28.7070392, 47.1241805 ], [ 28.7070394, 47.124185 ], [ 28.7070395, 47.1241895 ], [ 28.7070397, 47.124194 ], [ 28.7070398, 47.1241985 ], [ 28.70704, 47.124203 ], [ 28.7070401, 47.1242074 ], [ 28.7070402, 47.1242119 ], [ 28.7070404, 47.1242164 ], [ 28.7070405, 47.1242209 ], [ 28.7070407, 47.1242254 ], [ 28.7070408, 47.1242299 ], [ 28.707041, 47.1242344 ], [ 28.7070411, 47.1242389 ], [ 28.7070347, 47.1242435 ], [ 28.7070348, 47.124248 ], [ 28.7070349, 47.1242525 ], [ 28.7070285, 47.1242571 ], [ 28.7070286, 47.1242616 ], [ 28.7070288, 47.1242661 ], [ 28.7070289, 47.1242706 ], [ 28.7070225, 47.1242752 ], [ 28.7070226, 47.1242797 ], [ 28.7070228, 47.1242842 ], [ 28.7070229, 47.1242887 ], [ 28.7070165, 47.1242933 ], [ 28.7070166, 47.1242978 ], [ 28.7070168, 47.1243023 ], [ 28.7070169, 47.1243068 ], [ 28.7070105, 47.1243114 ], [ 28.7070106, 47.1243159 ], [ 28.7070107, 47.1243204 ], [ 28.7070109, 47.1243249 ], [ 28.707011, 47.1243294 ], [ 28.7070046, 47.124334 ], [ 28.7070047, 47.1243385 ], [ 28.7070049, 47.124343 ], [ 28.707005, 47.1243475 ], [ 28.7069986, 47.124352 ], [ 28.7069987, 47.1243565 ], [ 28.7069989, 47.124361 ], [ 28.706999, 47.1243655 ], [ 28.7069992, 47.12437 ], [ 28.7069927, 47.1243746 ], [ 28.7069929, 47.1243791 ], [ 28.706993, 47.1243836 ], [ 28.7069931, 47.1243881 ], [ 28.7069867, 47.1243927 ], [ 28.7069868, 47.1243972 ], [ 28.706987, 47.1244017 ], [ 28.7069871, 47.1244062 ], [ 28.7069873, 47.1244107 ], [ 28.7069808, 47.1244153 ], [ 28.706981, 47.1244198 ], [ 28.7069811, 47.1244243 ], [ 28.7069813, 47.1244288 ], [ 28.7069748, 47.1244334 ], [ 28.706975, 47.1244379 ], [ 28.7069751, 47.1244424 ], [ 28.7069752, 47.1244469 ], [ 28.7069688, 47.1244515 ], [ 28.7069689, 47.124456 ], [ 28.7069691, 47.1244605 ], [ 28.7069692, 47.124465 ], [ 28.7069694, 47.1244695 ], [ 28.7069629, 47.1244741 ], [ 28.7069631, 47.1244786 ], [ 28.7069632, 47.1244831 ], [ 28.7069634, 47.1244876 ], [ 28.7069569, 47.1244922 ], [ 28.7069571, 47.1244966 ], [ 28.7069572, 47.1245011 ], [ 28.7069573, 47.1245056 ], [ 28.7069575, 47.1245101 ], [ 28.706951, 47.1245147 ], [ 28.7069512, 47.1245192 ], [ 28.7069513, 47.1245237 ], [ 28.7069515, 47.1245282 ], [ 28.706945, 47.1245328 ], [ 28.7069452, 47.1245373 ], [ 28.7069453, 47.1245418 ], [ 28.7069455, 47.1245463 ], [ 28.7069456, 47.1245508 ], [ 28.7069392, 47.1245554 ], [ 28.7069393, 47.1245599 ], [ 28.7069394, 47.1245644 ], [ 28.7069396, 47.1245689 ], [ 28.7069331, 47.1245735 ], [ 28.7069333, 47.124578 ], [ 28.7069334, 47.1245825 ], [ 28.7069336, 47.124587 ], [ 28.7069337, 47.1245915 ], [ 28.7069273, 47.1245961 ], [ 28.7069274, 47.1246006 ], [ 28.7069276, 47.1246051 ], [ 28.7069277, 47.1246096 ], [ 28.7069213, 47.1246142 ], [ 28.7069214, 47.1246187 ], [ 28.7069216, 47.1246232 ], [ 28.7069217, 47.1246277 ], [ 28.7069218, 47.1246322 ], [ 28.7069154, 47.1246368 ], [ 28.7069155, 47.1246412 ], [ 28.7069157, 47.1246457 ], [ 28.7069158, 47.1246502 ], [ 28.7069094, 47.1246548 ], [ 28.7069095, 47.1246593 ], [ 28.7069097, 47.1246638 ], [ 28.7069098, 47.1246683 ], [ 28.7069034, 47.1246729 ], [ 28.7069035, 47.1246774 ], [ 28.7069037, 47.1246819 ], [ 28.7069038, 47.1246864 ], [ 28.7069039, 47.1246909 ], [ 28.7068975, 47.1246955 ], [ 28.7068976, 47.1247 ], [ 28.7068978, 47.1247045 ], [ 28.7068979, 47.124709 ], [ 28.7068915, 47.1247136 ], [ 28.7068916, 47.1247181 ], [ 28.7068918, 47.1247226 ], [ 28.7068919, 47.1247271 ], [ 28.7068921, 47.1247316 ], [ 28.7068856, 47.1247362 ], [ 28.7068858, 47.1247407 ], [ 28.7068859, 47.1247452 ], [ 28.706886, 47.1247497 ], [ 28.7068796, 47.1247543 ], [ 28.7068797, 47.1247588 ], [ 28.7068799, 47.1247633 ], [ 28.70688, 47.1247678 ], [ 28.7068802, 47.1247723 ], [ 28.7068737, 47.1247769 ], [ 28.7068739, 47.1247814 ], [ 28.706874, 47.1247858 ], [ 28.7068742, 47.1247903 ], [ 28.7068677, 47.1247949 ], [ 28.7068679, 47.1247994 ], [ 28.706868, 47.1248039 ], [ 28.7068682, 47.1248084 ], [ 28.7068683, 47.1248129 ], [ 28.7068618, 47.1248175 ], [ 28.706862, 47.124822 ], [ 28.7068621, 47.1248265 ], [ 28.7068623, 47.124831 ], [ 28.7068558, 47.1248356 ], [ 28.706856, 47.1248401 ], [ 28.7068561, 47.1248446 ], [ 28.7068563, 47.1248491 ], [ 28.7068564, 47.1248536 ], [ 28.70685, 47.1248582 ], [ 28.7068501, 47.1248627 ], [ 28.7068503, 47.1248672 ], [ 28.7068504, 47.1248717 ], [ 28.706844, 47.1248763 ], [ 28.7068441, 47.1248808 ], [ 28.7068442, 47.1248853 ], [ 28.7068444, 47.1248898 ], [ 28.7068379, 47.1248944 ], [ 28.7068381, 47.1248989 ], [ 28.7068382, 47.1249034 ], [ 28.7068384, 47.1249079 ], [ 28.7068385, 47.1249124 ], [ 28.7068321, 47.124917 ], [ 28.7068322, 47.1249215 ], [ 28.7068324, 47.124926 ], [ 28.7068325, 47.1249305 ], [ 28.7068261, 47.124935 ], [ 28.7068262, 47.1249395 ], [ 28.7068263, 47.124944 ], [ 28.7068265, 47.1249485 ], [ 28.7068266, 47.124953 ], [ 28.7068268, 47.1249575 ], [ 28.7068269, 47.124962 ], [ 28.7068271, 47.1249665 ], [ 28.7068272, 47.124971 ], [ 28.7068273, 47.1249755 ], [ 28.7068275, 47.12498 ], [ 28.7068276, 47.1249845 ], [ 28.7068278, 47.124989 ], [ 28.7068279, 47.1249935 ], [ 28.7068215, 47.1249981 ], [ 28.7068216, 47.1250026 ], [ 28.7068218, 47.1250071 ], [ 28.7068219, 47.1250116 ], [ 28.7068155, 47.1250162 ], [ 28.7068156, 47.1250207 ], [ 28.7068158, 47.1250252 ], [ 28.7068159, 47.1250297 ], [ 28.706816, 47.1250342 ], [ 28.7068096, 47.1250388 ], [ 28.7068097, 47.1250433 ], [ 28.7068099, 47.1250478 ], [ 28.70681, 47.1250523 ], [ 28.7068036, 47.1250569 ], [ 28.7068037, 47.1250614 ], [ 28.7068039, 47.1250659 ], [ 28.706804, 47.1250704 ], [ 28.7068042, 47.1250749 ], [ 28.7067977, 47.1250795 ], [ 28.7067979, 47.1250839 ], [ 28.706798, 47.1250884 ], [ 28.7067981, 47.1250929 ], [ 28.7067983, 47.1250974 ], [ 28.7067984, 47.1251019 ], [ 28.706792, 47.1251065 ], [ 28.7067921, 47.125111 ], [ 28.7067923, 47.1251155 ], [ 28.7067924, 47.12512 ], [ 28.7067926, 47.1251245 ], [ 28.7067927, 47.125129 ], [ 28.7067929, 47.1251335 ], [ 28.706793, 47.125138 ], [ 28.7067931, 47.1251425 ], [ 28.7067933, 47.125147 ], [ 28.7067868, 47.1251516 ], [ 28.706787, 47.1251561 ], [ 28.7067805, 47.1251607 ], [ 28.7067741, 47.1251653 ], [ 28.7067676, 47.1251699 ], [ 28.7067612, 47.1251745 ], [ 28.7067548, 47.1251791 ], [ 28.7067483, 47.1251837 ], [ 28.7067419, 47.1251883 ], [ 28.7067354, 47.1251929 ], [ 28.706729, 47.1251975 ], [ 28.7067225, 47.1252021 ], [ 28.7067161, 47.1252067 ], [ 28.7067162, 47.1252111 ], [ 28.7067098, 47.1252157 ], [ 28.7067099, 47.1252202 ], [ 28.7067101, 47.1252247 ], [ 28.7067036, 47.1252293 ], [ 28.7067038, 47.1252338 ], [ 28.7066973, 47.1252384 ], [ 28.7066975, 47.1252429 ], [ 28.7066976, 47.1252474 ], [ 28.7066912, 47.125252 ], [ 28.7066913, 47.1252565 ], [ 28.7066849, 47.1252611 ], [ 28.706685, 47.1252656 ], [ 28.7066852, 47.1252701 ], [ 28.7066787, 47.1252747 ], [ 28.7066788, 47.1252792 ], [ 28.7066724, 47.1252838 ], [ 28.7066725, 47.1252883 ], [ 28.7066727, 47.1252928 ], [ 28.7066662, 47.1252974 ], [ 28.7066664, 47.1253019 ], [ 28.7066599, 47.1253065 ], [ 28.7066601, 47.125311 ], [ 28.7066536, 47.1253156 ], [ 28.7066538, 47.1253201 ], [ 28.7066539, 47.1253246 ], [ 28.7066475, 47.1253292 ], [ 28.7066476, 47.1253337 ], [ 28.7066412, 47.1253383 ], [ 28.7066413, 47.1253427 ], [ 28.7066349, 47.1253473 ], [ 28.7066284, 47.1253519 ], [ 28.706622, 47.1253565 ], [ 28.7066155, 47.1253611 ], [ 28.7066091, 47.1253657 ], [ 28.7066027, 47.1253703 ], [ 28.7065962, 47.1253749 ], [ 28.7065898, 47.1253795 ], [ 28.7065833, 47.1253841 ], [ 28.7065769, 47.1253887 ], [ 28.7065704, 47.1253933 ], [ 28.706564, 47.1253979 ], [ 28.7065575, 47.1254025 ], [ 28.7065511, 47.1254071 ], [ 28.7065446, 47.1254117 ], [ 28.7065382, 47.1254163 ], [ 28.7065318, 47.1254209 ], [ 28.7065253, 47.1254255 ], [ 28.7065189, 47.1254301 ], [ 28.7065124, 47.1254347 ], [ 28.706506, 47.1254393 ], [ 28.7064995, 47.1254438 ], [ 28.7064931, 47.1254484 ], [ 28.7064866, 47.125453 ], [ 28.7064802, 47.1254576 ], [ 28.7064737, 47.1254622 ], [ 28.7064673, 47.1254668 ], [ 28.7064609, 47.1254714 ], [ 28.7064544, 47.125476 ], [ 28.706448, 47.1254806 ], [ 28.7064415, 47.1254852 ], [ 28.7064351, 47.1254898 ], [ 28.7064286, 47.1254944 ], [ 28.7064222, 47.125499 ], [ 28.7064157, 47.1255036 ], [ 28.7064093, 47.1255082 ], [ 28.7064028, 47.1255128 ], [ 28.7063964, 47.1255174 ], [ 28.7063898, 47.1255175 ], [ 28.7063834, 47.1255221 ], [ 28.7063769, 47.1255267 ], [ 28.7063703, 47.1255268 ], [ 28.7063639, 47.1255314 ], [ 28.7063574, 47.125536 ], [ 28.7063509, 47.1255361 ], [ 28.7063444, 47.1255406 ], [ 28.706338, 47.1255452 ], [ 28.7063314, 47.1255453 ], [ 28.7063249, 47.1255499 ], [ 28.7063185, 47.1255545 ], [ 28.7063119, 47.1255546 ], [ 28.7063054, 47.1255592 ], [ 28.706299, 47.1255638 ], [ 28.7062924, 47.1255639 ], [ 28.706286, 47.1255685 ], [ 28.7062794, 47.1255686 ], [ 28.7062729, 47.1255732 ], [ 28.7062665, 47.1255778 ], [ 28.7062599, 47.1255779 ], [ 28.7062535, 47.1255825 ], [ 28.706247, 47.1255871 ], [ 28.7062404, 47.1255872 ], [ 28.706234, 47.1255918 ], [ 28.7062275, 47.1255964 ], [ 28.7062209, 47.1255965 ], [ 28.7062145, 47.1256011 ], [ 28.706208, 47.1256057 ], [ 28.7062015, 47.1256058 ], [ 28.706195, 47.1256104 ], [ 28.7061886, 47.125615 ], [ 28.706182, 47.1256151 ], [ 28.7061755, 47.1256197 ], [ 28.7061689, 47.1256198 ], [ 28.7061625, 47.1256243 ], [ 28.7061561, 47.1256289 ], [ 28.7061495, 47.125629 ], [ 28.706143, 47.1256336 ], [ 28.7061366, 47.1256382 ], [ 28.70613, 47.1256383 ], [ 28.7061235, 47.1256429 ], [ 28.7061171, 47.1256475 ], [ 28.7061105, 47.1256476 ], [ 28.7061041, 47.1256522 ], [ 28.7060976, 47.1256568 ], [ 28.706091, 47.1256569 ], [ 28.7060846, 47.1256615 ], [ 28.7060781, 47.1256661 ], [ 28.7060715, 47.1256662 ], [ 28.7060651, 47.1256708 ], [ 28.7060587, 47.1256754 ], [ 28.7060521, 47.1256755 ], [ 28.7060456, 47.1256801 ], [ 28.7060392, 47.1256847 ], [ 28.7060327, 47.1256893 ], [ 28.7060261, 47.1256894 ], [ 28.7060197, 47.125694 ], [ 28.7060132, 47.1256986 ], [ 28.7060068, 47.1257032 ], [ 28.7060002, 47.1257033 ], [ 28.7059938, 47.1257079 ], [ 28.7059873, 47.1257124 ], [ 28.7059809, 47.125717 ], [ 28.7059743, 47.1257171 ], [ 28.7059678, 47.1257217 ], [ 28.7059614, 47.1257263 ], [ 28.7059549, 47.1257309 ], [ 28.7059484, 47.125731 ], [ 28.7059419, 47.1257356 ], [ 28.7059355, 47.1257402 ], [ 28.7059289, 47.1257403 ], [ 28.7059224, 47.1257449 ], [ 28.705916, 47.1257495 ], [ 28.7059095, 47.1257541 ], [ 28.705903, 47.1257542 ], [ 28.7058965, 47.1257588 ], [ 28.7058901, 47.1257634 ], [ 28.7058836, 47.125768 ], [ 28.705877, 47.1257681 ], [ 28.7058706, 47.1257727 ], [ 28.7058641, 47.1257773 ], [ 28.7058577, 47.1257819 ], [ 28.7058511, 47.125782 ], [ 28.7058447, 47.1257866 ], [ 28.7058382, 47.1257912 ], [ 28.7058318, 47.1257958 ], [ 28.7058252, 47.1257959 ], [ 28.7058187, 47.1258004 ], [ 28.7058123, 47.125805 ], [ 28.7058057, 47.1258051 ], [ 28.7057993, 47.1258097 ], [ 28.7057928, 47.1258143 ], [ 28.7057864, 47.1258189 ], [ 28.7057798, 47.125819 ], [ 28.7057733, 47.1258236 ], [ 28.7057669, 47.1258282 ], [ 28.7057604, 47.1258328 ], [ 28.7057538, 47.1258329 ], [ 28.7057474, 47.1258375 ], [ 28.705741, 47.1258421 ], [ 28.7057345, 47.1258467 ], [ 28.7057279, 47.1258468 ], [ 28.7057215, 47.1258514 ], [ 28.705715, 47.125856 ], [ 28.7057086, 47.1258606 ], [ 28.705702, 47.1258607 ], [ 28.7056955, 47.1258653 ], [ 28.7056891, 47.1258699 ], [ 28.7056825, 47.12587 ], [ 28.7056761, 47.1258746 ], [ 28.7056696, 47.1258792 ], [ 28.7056632, 47.1258838 ], [ 28.7056566, 47.1258839 ], [ 28.7056501, 47.1258884 ], [ 28.7056437, 47.125893 ], [ 28.7056373, 47.1258976 ], [ 28.7056307, 47.1258977 ], [ 28.7056242, 47.1259023 ], [ 28.7056178, 47.1259069 ], [ 28.7056113, 47.1259115 ], [ 28.7056047, 47.1259116 ], [ 28.7055983, 47.1259162 ], [ 28.7055918, 47.1259208 ], [ 28.7055854, 47.1259254 ], [ 28.7055788, 47.1259255 ], [ 28.7055724, 47.1259301 ], [ 28.7055659, 47.1259347 ], [ 28.7055593, 47.1259348 ], [ 28.7055529, 47.1259394 ], [ 28.7055464, 47.125944 ], [ 28.70554, 47.1259486 ], [ 28.7055334, 47.1259487 ], [ 28.705527, 47.1259533 ], [ 28.7055205, 47.1259579 ], [ 28.7055141, 47.1259625 ], [ 28.7055075, 47.1259626 ], [ 28.705501, 47.1259672 ], [ 28.7054946, 47.1259718 ], [ 28.7054881, 47.1259763 ], [ 28.7054816, 47.1259764 ], [ 28.7054751, 47.125981 ], [ 28.7054687, 47.1259856 ], [ 28.7054621, 47.1259857 ], [ 28.7054555, 47.1259858 ], [ 28.7054556, 47.1259903 ], [ 28.705449, 47.1259904 ], [ 28.7054492, 47.1259949 ], [ 28.7054427, 47.1259995 ], [ 28.7054361, 47.1259996 ], [ 28.7054168, 47.1260134 ], [ 28.7054102, 47.1260135 ], [ 28.705365, 47.1260412 ], [ 28.7053584, 47.1260413 ], [ 28.7053519, 47.1260459 ], [ 28.7053455, 47.1260505 ], [ 28.7053389, 47.1260506 ], [ 28.7053324, 47.1260552 ], [ 28.705326, 47.1260598 ], [ 28.7053196, 47.1260643 ], [ 28.705313, 47.1260644 ], [ 28.7053065, 47.126069 ], [ 28.7053001, 47.1260736 ], [ 28.7052936, 47.1260782 ], [ 28.705287, 47.1260783 ], [ 28.7052806, 47.1260829 ], [ 28.7052741, 47.1260875 ], [ 28.7052677, 47.1260921 ], [ 28.7052611, 47.1260922 ], [ 28.7052547, 47.1260968 ], [ 28.7052482, 47.1261014 ], [ 28.7052418, 47.126106 ], [ 28.7052352, 47.1261061 ], [ 28.7052287, 47.1261107 ], [ 28.7052223, 47.1261153 ], [ 28.7052157, 47.1261154 ], [ 28.7052093, 47.12612 ], [ 28.7052028, 47.1261246 ], [ 28.7051964, 47.1261292 ], [ 28.7051898, 47.1261293 ], [ 28.7051833, 47.1261339 ], [ 28.7051769, 47.1261385 ], [ 28.7051704, 47.1261431 ], [ 28.7051639, 47.1261432 ], [ 28.7051574, 47.1261478 ], [ 28.705151, 47.1261523 ], [ 28.7051445, 47.1261569 ], [ 28.7051379, 47.126157 ], [ 28.7051315, 47.1261616 ], [ 28.705125, 47.1261662 ], [ 28.7051186, 47.1261708 ], [ 28.705112, 47.1261709 ], [ 28.7051056, 47.1261755 ], [ 28.7050991, 47.1261801 ], [ 28.7050925, 47.1261802 ], [ 28.7050861, 47.1261848 ], [ 28.7050796, 47.1261894 ], [ 28.7050732, 47.126194 ], [ 28.7050666, 47.1261941 ], [ 28.7050601, 47.1261987 ], [ 28.7050537, 47.1262033 ], [ 28.7050473, 47.1262079 ], [ 28.7050407, 47.126208 ], [ 28.7050342, 47.1262126 ], [ 28.7050278, 47.1262172 ], [ 28.7050213, 47.1262218 ], [ 28.7050147, 47.1262219 ], [ 28.7050083, 47.1262265 ], [ 28.7050018, 47.1262311 ], [ 28.7049954, 47.1262357 ], [ 28.7049888, 47.1262358 ], [ 28.7049824, 47.1262403 ], [ 28.7049759, 47.1262449 ], [ 28.7049693, 47.126245 ], [ 28.7049629, 47.1262496 ], [ 28.7049564, 47.1262542 ], [ 28.70495, 47.1262588 ], [ 28.7049434, 47.1262589 ], [ 28.704937, 47.1262635 ], [ 28.7049305, 47.1262681 ], [ 28.7049241, 47.1262727 ], [ 28.7049175, 47.1262728 ], [ 28.704911, 47.1262774 ], [ 28.7049046, 47.126282 ], [ 28.7048981, 47.1262866 ], [ 28.7048916, 47.1262867 ], [ 28.7048851, 47.1262913 ], [ 28.7048787, 47.1262959 ], [ 28.7048721, 47.126296 ], [ 28.7048656, 47.1263006 ], [ 28.7048592, 47.1263052 ], [ 28.7048527, 47.1263098 ], [ 28.7048461, 47.1263099 ], [ 28.7048397, 47.1263145 ], [ 28.7048333, 47.1263191 ], [ 28.7048268, 47.1263237 ], [ 28.7048202, 47.1263238 ], [ 28.7048138, 47.1263283 ], [ 28.7048073, 47.1263329 ], [ 28.7048009, 47.1263375 ], [ 28.7047943, 47.1263376 ], [ 28.7047878, 47.1263422 ], [ 28.7047814, 47.1263468 ], [ 28.704775, 47.1263514 ], [ 28.7047684, 47.1263515 ], [ 28.7047619, 47.1263561 ], [ 28.7047555, 47.1263607 ], [ 28.7047489, 47.1263608 ], [ 28.7047424, 47.1263654 ], [ 28.704736, 47.12637 ], [ 28.7047296, 47.1263746 ], [ 28.704723, 47.1263747 ], [ 28.7047165, 47.1263793 ], [ 28.7047101, 47.1263839 ], [ 28.7047036, 47.1263885 ], [ 28.704697, 47.1263886 ], [ 28.7046906, 47.1263932 ], [ 28.7046841, 47.1263978 ], [ 28.7046777, 47.1264024 ], [ 28.7046711, 47.1264025 ], [ 28.7046647, 47.1264071 ], [ 28.7046582, 47.1264117 ], [ 28.7046518, 47.1264162 ], [ 28.7046452, 47.1264163 ], [ 28.7046387, 47.1264209 ], [ 28.7046323, 47.1264255 ], [ 28.7046257, 47.1264256 ], [ 28.7046193, 47.1264302 ], [ 28.7046128, 47.1264348 ], [ 28.7046064, 47.1264394 ], [ 28.7045998, 47.1264395 ], [ 28.7045933, 47.1264441 ], [ 28.7045869, 47.1264487 ], [ 28.7045804, 47.1264533 ], [ 28.7045738, 47.1264534 ], [ 28.7045674, 47.126458 ], [ 28.704561, 47.1264626 ], [ 28.7045545, 47.1264672 ], [ 28.7045479, 47.1264673 ], [ 28.7045415, 47.1264719 ], [ 28.704535, 47.1264765 ], [ 28.7045286, 47.1264811 ], [ 28.704522, 47.1264812 ], [ 28.7045156, 47.1264858 ], [ 28.7045091, 47.1264904 ], [ 28.7045025, 47.1264905 ], [ 28.7044961, 47.1264951 ], [ 28.7044896, 47.1264997 ], [ 28.7044832, 47.1265042 ], [ 28.7044766, 47.1265043 ], [ 28.7044701, 47.1265089 ], [ 28.7044637, 47.1265135 ], [ 28.7044573, 47.1265181 ], [ 28.7044507, 47.1265182 ], [ 28.7044442, 47.1265228 ], [ 28.7044378, 47.1265274 ], [ 28.7044313, 47.126532 ], [ 28.7044247, 47.1265321 ], [ 28.7044183, 47.1265367 ], [ 28.7044118, 47.1265413 ], [ 28.7044054, 47.1265459 ], [ 28.7043988, 47.126546 ], [ 28.7043924, 47.1265506 ], [ 28.7043859, 47.1265552 ], [ 28.7043793, 47.1265553 ], [ 28.7043729, 47.1265599 ], [ 28.7043664, 47.1265645 ], [ 28.70436, 47.1265691 ], [ 28.7043534, 47.1265692 ], [ 28.704347, 47.1265738 ], [ 28.7043405, 47.1265784 ], [ 28.7043341, 47.126583 ], [ 28.7043275, 47.1265831 ], [ 28.704321, 47.1265876 ], [ 28.7043146, 47.1265922 ], [ 28.7043081, 47.1265968 ], [ 28.7043015, 47.1265969 ], [ 28.7042951, 47.1266015 ], [ 28.7042887, 47.1266061 ], [ 28.7042822, 47.1266107 ], [ 28.7042756, 47.1266108 ], [ 28.7042692, 47.1266154 ], [ 28.7042627, 47.12662 ], [ 28.7042561, 47.1266201 ], [ 28.7042497, 47.1266247 ], [ 28.7042433, 47.1266293 ], [ 28.7042368, 47.1266339 ], [ 28.7042302, 47.126634 ], [ 28.7042238, 47.1266386 ], [ 28.7042173, 47.1266432 ], [ 28.7042109, 47.1266478 ], [ 28.7042043, 47.1266479 ], [ 28.7041978, 47.1266525 ], [ 28.7041914, 47.1266571 ], [ 28.704185, 47.1266617 ], [ 28.7041784, 47.1266618 ], [ 28.7041719, 47.1266664 ], [ 28.7041655, 47.126671 ], [ 28.7041589, 47.1266711 ], [ 28.7041524, 47.1266756 ], [ 28.704146, 47.1266802 ], [ 28.7041395, 47.1266848 ], [ 28.704133, 47.1266849 ], [ 28.7041265, 47.1266895 ], [ 28.7041201, 47.1266941 ], [ 28.7041136, 47.1266987 ], [ 28.704107, 47.1266988 ], [ 28.7041006, 47.1267034 ], [ 28.7040941, 47.126708 ], [ 28.7040877, 47.1267126 ], [ 28.7040811, 47.1267127 ], [ 28.7040747, 47.1267173 ], [ 28.7040682, 47.1267219 ], [ 28.7040618, 47.1267265 ], [ 28.7040552, 47.1267266 ], [ 28.7040487, 47.1267312 ], [ 28.7040423, 47.1267358 ], [ 28.7040357, 47.1267359 ], [ 28.7040292, 47.1267405 ], [ 28.7040228, 47.1267451 ], [ 28.7040164, 47.1267497 ], [ 28.7040098, 47.1267498 ], [ 28.7040033, 47.1267544 ], [ 28.7039969, 47.126759 ], [ 28.7039904, 47.1267635 ], [ 28.7039838, 47.1267636 ], [ 28.7039774, 47.1267682 ], [ 28.7039709, 47.1267728 ], [ 28.7039645, 47.1267774 ], [ 28.7039579, 47.1267775 ], [ 28.7039515, 47.1267821 ], [ 28.703945, 47.1267867 ], [ 28.7039386, 47.1267913 ], [ 28.703932, 47.1267914 ], [ 28.7039255, 47.126796 ], [ 28.7039191, 47.1268006 ], [ 28.7039125, 47.1268007 ], [ 28.7039061, 47.1268053 ], [ 28.7038996, 47.1268099 ], [ 28.7038932, 47.1268145 ], [ 28.7038866, 47.1268146 ], [ 28.7038801, 47.1268192 ], [ 28.7038737, 47.1268238 ], [ 28.7038672, 47.1268284 ], [ 28.7038607, 47.1268285 ], [ 28.7038542, 47.1268331 ], [ 28.7038478, 47.1268377 ], [ 28.7038413, 47.1268423 ], [ 28.7038347, 47.1268424 ], [ 28.7038283, 47.126847 ], [ 28.7038218, 47.1268515 ], [ 28.7038154, 47.1268561 ], [ 28.7038088, 47.1268562 ], [ 28.7038024, 47.1268608 ], [ 28.7037959, 47.1268654 ], [ 28.7037893, 47.1268655 ], [ 28.7037829, 47.1268701 ], [ 28.7037764, 47.1268747 ], [ 28.70377, 47.1268793 ], [ 28.7037634, 47.1268794 ], [ 28.7037569, 47.126884 ], [ 28.7037505, 47.1268886 ], [ 28.7037441, 47.1268932 ], [ 28.7037375, 47.1268933 ], [ 28.703731, 47.1268979 ], [ 28.7037246, 47.1269025 ], [ 28.7037181, 47.1269071 ], [ 28.7037115, 47.1269072 ], [ 28.7037051, 47.1269118 ], [ 28.7036986, 47.1269164 ], [ 28.7036922, 47.126921 ], [ 28.7036856, 47.1269211 ], [ 28.7036792, 47.1269257 ], [ 28.7036727, 47.1269303 ], [ 28.7036661, 47.1269304 ], [ 28.7036597, 47.1269349 ], [ 28.7036532, 47.1269395 ], [ 28.7036466, 47.1269396 ], [ 28.7036402, 47.1269442 ], [ 28.7036338, 47.1269488 ], [ 28.7036272, 47.1269489 ], [ 28.7036207, 47.1269535 ], [ 28.7036143, 47.1269581 ], [ 28.7036078, 47.1269627 ], [ 28.7036012, 47.1269628 ], [ 28.7035948, 47.1269674 ], [ 28.7035883, 47.126972 ], [ 28.7035818, 47.1269721 ], [ 28.7035753, 47.1269767 ], [ 28.7035689, 47.1269813 ], [ 28.7033562, 47.1271329 ], [ 28.7033496, 47.127133 ], [ 28.7033302, 47.1271468 ], [ 28.7033236, 47.1271469 ], [ 28.7033172, 47.1271515 ], [ 28.7032118, 47.1271531 ], [ 28.703205, 47.1271487 ], [ 28.7031918, 47.1271489 ], [ 28.7031585, 47.1271359 ], [ 28.7031453, 47.1271361 ], [ 28.7030986, 47.1271188 ], [ 28.7030854, 47.127119 ], [ 28.7030787, 47.1271146 ], [ 28.7030721, 47.1271147 ], [ 28.7030654, 47.1271103 ], [ 28.7030188, 47.1270975 ], [ 28.7030124, 47.1271021 ], [ 28.7030125, 47.1271066 ], [ 28.7030061, 47.1271111 ], [ 28.7030063, 47.1271201 ], [ 28.7029999, 47.1271247 ], [ 28.703, 47.1271292 ], [ 28.7029621, 47.1271793 ], [ 28.7029624, 47.1271883 ], [ 28.7029559, 47.1271929 ], [ 28.7029561, 47.1271974 ], [ 28.7029181, 47.1272474 ], [ 28.7029184, 47.1272564 ], [ 28.7029119, 47.127261 ], [ 28.7029121, 47.1272655 ], [ 28.7028741, 47.1273156 ], [ 28.7028744, 47.1273246 ], [ 28.7028365, 47.1273746 ], [ 28.7028367, 47.1273836 ], [ 28.7028303, 47.1273882 ], [ 28.7028306, 47.1273972 ], [ 28.7028178, 47.1274109 ], [ 28.702812, 47.1274335 ], [ 28.7028055, 47.1274381 ], [ 28.7028057, 47.1274426 ], [ 28.7027992, 47.1274472 ], [ 28.7027995, 47.1274562 ], [ 28.7027931, 47.1274608 ], [ 28.7027872, 47.1274834 ], [ 28.7027744, 47.127497 ], [ 28.7027747, 47.127506 ], [ 28.7027683, 47.1275106 ], [ 28.7027624, 47.1275332 ], [ 28.7027497, 47.1275469 ], [ 28.70275, 47.1275559 ], [ 28.7027435, 47.1275605 ], [ 28.7027376, 47.1275831 ], [ 28.7027249, 47.1275968 ], [ 28.7027252, 47.1276058 ], [ 28.7027187, 47.1276104 ], [ 28.702719, 47.1276194 ], [ 28.7027063, 47.127633 ], [ 28.7027066, 47.127642 ], [ 28.7027001, 47.1276466 ], [ 28.7026942, 47.1276692 ], [ 28.7026815, 47.1276829 ], [ 28.7026821, 47.1277009 ], [ 28.7026692, 47.1277101 ], [ 28.7026695, 47.1277191 ], [ 28.7026567, 47.1277328 ], [ 28.702657, 47.1277418 ], [ 28.7026505, 47.1277464 ], [ 28.7026508, 47.1277553 ], [ 28.7026381, 47.127769 ], [ 28.7026384, 47.127778 ], [ 28.7026319, 47.1277826 ], [ 28.7026258, 47.1277962 ], [ 28.7026001, 47.1278191 ], [ 28.7026013, 47.1278551 ], [ 28.7025948, 47.1278597 ], [ 28.7025951, 47.1278687 ], [ 28.7025887, 47.1278733 ], [ 28.702589, 47.1278823 ], [ 28.7025825, 47.1278868 ], [ 28.7025828, 47.1278958 ], [ 28.7025764, 47.1279004 ], [ 28.7025766, 47.1279094 ], [ 28.7025702, 47.127914 ], [ 28.7025705, 47.127923 ], [ 28.702564, 47.1279276 ], [ 28.7025582, 47.1279502 ], [ 28.7025454, 47.1279639 ], [ 28.7025457, 47.1279729 ], [ 28.7025393, 47.1279775 ], [ 28.7025334, 47.1280001 ], [ 28.702514, 47.1280138 ], [ 28.7025079, 47.1280274 ], [ 28.7024887, 47.1280457 ], [ 28.7024901, 47.1280907 ], [ 28.7024837, 47.1280953 ], [ 28.7024778, 47.1281179 ], [ 28.7024586, 47.1281362 ], [ 28.7024588, 47.1281407 ], [ 28.7024459, 47.1281498 ], [ 28.702446, 47.1281543 ], [ 28.7024331, 47.1281635 ], [ 28.702427, 47.1281771 ], [ 28.7024013, 47.1282 ], [ 28.7024015, 47.1282045 ], [ 28.7023887, 47.1282182 ], [ 28.7023899, 47.1282542 ], [ 28.7023512, 47.1282817 ], [ 28.7023513, 47.1282862 ], [ 28.7023449, 47.1282908 ], [ 28.702345, 47.1282953 ], [ 28.7023386, 47.1282999 ], [ 28.7023387, 47.1283044 ], [ 28.7023323, 47.128309 ], [ 28.7023324, 47.1283135 ], [ 28.702326, 47.1283181 ], [ 28.7023261, 47.1283226 ], [ 28.7023197, 47.1283272 ], [ 28.7023198, 47.1283317 ], [ 28.7023134, 47.1283363 ], [ 28.7023135, 47.1283408 ], [ 28.7023071, 47.1283454 ], [ 28.7023072, 47.1283499 ], [ 28.7023074, 47.1283544 ], [ 28.7023008, 47.1283545 ], [ 28.7023009, 47.128359 ], [ 28.7022819, 47.1283818 ], [ 28.702282, 47.1283863 ], [ 28.7022821, 47.1283907 ], [ 28.7022823, 47.1283952 ], [ 28.7022824, 47.1283997 ], [ 28.7022826, 47.1284042 ], [ 28.7023028, 47.1284174 ], [ 28.7023026, 47.1284129 ], [ 28.7022824, 47.1283997 ], [ 28.7022823, 47.1283952 ], [ 28.7022821, 47.1283907 ], [ 28.702282, 47.1283863 ], [ 28.7022819, 47.1283818 ], [ 28.7022816, 47.1283728 ], [ 28.7023009, 47.128359 ], [ 28.7023008, 47.1283545 ], [ 28.7023074, 47.1283544 ], [ 28.7023072, 47.1283499 ], [ 28.7023071, 47.1283454 ], [ 28.7023135, 47.1283408 ], [ 28.7023134, 47.1283363 ], [ 28.7023198, 47.1283317 ], [ 28.7023197, 47.1283272 ], [ 28.7023261, 47.1283226 ], [ 28.702326, 47.1283181 ], [ 28.7023324, 47.1283135 ], [ 28.7023323, 47.128309 ], [ 28.7023321, 47.1283045 ], [ 28.7023512, 47.1282817 ], [ 28.7023509, 47.1282727 ], [ 28.70237, 47.12825 ], [ 28.7023697, 47.128241 ], [ 28.7023761, 47.1282364 ], [ 28.702376, 47.1282319 ], [ 28.702395, 47.1282091 ], [ 28.7023947, 47.1282001 ], [ 28.7024138, 47.1281773 ], [ 28.7024135, 47.1281683 ], [ 28.7024199, 47.1281637 ], [ 28.7024192, 47.1281412 ], [ 28.7024386, 47.1281275 ], [ 28.7024384, 47.128123 ], [ 28.7024449, 47.1281184 ], [ 28.7024446, 47.1281094 ], [ 28.702451, 47.1281048 ], [ 28.7024507, 47.1280958 ], [ 28.7024572, 47.1280912 ], [ 28.7024569, 47.1280822 ], [ 28.7024633, 47.1280776 ], [ 28.7024631, 47.1280686 ], [ 28.7024695, 47.128064 ], [ 28.7024754, 47.1280414 ], [ 28.7024881, 47.1280277 ], [ 28.7024878, 47.1280187 ], [ 28.7024943, 47.1280141 ], [ 28.702494, 47.1280051 ], [ 28.7025004, 47.1280006 ], [ 28.7025002, 47.1279916 ], [ 28.7025066, 47.127987 ], [ 28.7025063, 47.127978 ], [ 28.7025128, 47.1279734 ], [ 28.7025125, 47.1279644 ], [ 28.7025189, 47.1279598 ], [ 28.7025186, 47.1279508 ], [ 28.7025251, 47.1279462 ], [ 28.7025248, 47.1279372 ], [ 28.7025312, 47.1279326 ], [ 28.7025371, 47.12791 ], [ 28.7025499, 47.1278963 ], [ 28.7025496, 47.1278873 ], [ 28.702556, 47.1278827 ], [ 28.7025557, 47.1278737 ], [ 28.7025622, 47.1278692 ], [ 28.7025619, 47.1278602 ], [ 28.7025683, 47.1278556 ], [ 28.702568, 47.1278466 ], [ 28.7025745, 47.127842 ], [ 28.7025742, 47.127833 ], [ 28.7025806, 47.1278284 ], [ 28.7025804, 47.1278194 ], [ 28.7025868, 47.1278148 ], [ 28.7025927, 47.1277922 ], [ 28.7026054, 47.1277785 ], [ 28.7026113, 47.1277559 ], [ 28.7026177, 47.1277513 ], [ 28.7026302, 47.1277287 ], [ 28.7026431, 47.1277195 ], [ 28.7026493, 47.1277059 ], [ 28.7026685, 47.1276876 ], [ 28.7026672, 47.1276471 ], [ 28.7026736, 47.1276425 ], [ 28.7026733, 47.1276335 ], [ 28.7026862, 47.1276243 ], [ 28.7026861, 47.1276198 ], [ 28.7027245, 47.1275833 ], [ 28.7027306, 47.1275697 ], [ 28.7027435, 47.1275605 ], [ 28.7027418, 47.1275065 ], [ 28.7027739, 47.1274791 ], [ 28.70278, 47.1274655 ], [ 28.7027929, 47.1274563 ], [ 28.7027928, 47.1274518 ], [ 28.7027992, 47.1274472 ], [ 28.7028057, 47.1274426 ], [ 28.7028055, 47.1274381 ], [ 28.702812, 47.1274335 ], [ 28.70281, 47.1273705 ], [ 28.7028357, 47.1273522 ], [ 28.7028419, 47.1273386 ], [ 28.7028548, 47.1273294 ], [ 28.7028547, 47.1273249 ], [ 28.7028737, 47.1273021 ], [ 28.7028726, 47.1272661 ], [ 28.702879, 47.1272615 ], [ 28.7028852, 47.1272479 ], [ 28.7029237, 47.1272159 ], [ 28.7029228, 47.1271889 ], [ 28.7029356, 47.1271752 ], [ 28.7029353, 47.1271662 ], [ 28.7029417, 47.1271616 ], [ 28.7029416, 47.1271571 ], [ 28.7029732, 47.1271161 ], [ 28.702973, 47.1271071 ], [ 28.7029857, 47.1270935 ], [ 28.702985, 47.127071 ], [ 28.7029455, 47.1270716 ], [ 28.702932, 47.1270628 ], [ 28.7029254, 47.1270629 ], [ 28.7029187, 47.1270585 ], [ 28.7029121, 47.1270586 ], [ 28.7029053, 47.1270542 ], [ 28.7028588, 47.1270413 ], [ 28.7028453, 47.1270325 ], [ 28.7027988, 47.1270197 ], [ 28.7027382, 47.1269801 ], [ 28.702692, 47.1269808 ], [ 28.7026853, 47.1269764 ], [ 28.7026787, 47.1269765 ], [ 28.702672, 47.1269721 ], [ 28.7026654, 47.1269722 ], [ 28.7026587, 47.1269678 ], [ 28.7026121, 47.126955 ], [ 28.7025986, 47.1269462 ], [ 28.7025521, 47.1269334 ], [ 28.7025386, 47.1269246 ], [ 28.7024921, 47.1269118 ], [ 28.7024786, 47.126903 ], [ 28.702432, 47.1268902 ], [ 28.7024186, 47.1268814 ], [ 28.702372, 47.1268686 ], [ 28.7023585, 47.1268598 ], [ 28.702312, 47.126847 ], [ 28.7022985, 47.1268382 ], [ 28.702252, 47.1268254 ], [ 28.7022385, 47.1268166 ], [ 28.7022319, 47.1268167 ], [ 28.7022119, 47.126808 ], [ 28.7021987, 47.1268082 ], [ 28.7021919, 47.1268038 ], [ 28.7021589, 47.1267998 ], [ 28.702105, 47.1267646 ], [ 28.7021048, 47.1267601 ], [ 28.7021047, 47.1267556 ], [ 28.7021046, 47.1267511 ], [ 28.7020978, 47.1267467 ], [ 28.7020912, 47.1267468 ], [ 28.7020846, 47.1267469 ], [ 28.7020782, 47.1267515 ], [ 28.7020783, 47.126756 ], [ 28.7020718, 47.1267561 ], [ 28.7020652, 47.1267562 ], [ 28.7020059, 47.1267571 ], [ 28.7019924, 47.1267483 ], [ 28.7019397, 47.126749 ], [ 28.7019262, 47.1267403 ], [ 28.7019196, 47.1267403 ], [ 28.7017917, 47.1266568 ], [ 28.7017916, 47.1266523 ], [ 28.701785, 47.1266524 ], [ 28.7017848, 47.1266479 ], [ 28.7017782, 47.126648 ], [ 28.7017716, 47.1266481 ], [ 28.7017651, 47.1266482 ], [ 28.7017652, 47.1266527 ], [ 28.7017459, 47.1266664 ], [ 28.701746, 47.1266709 ], [ 28.7017331, 47.1266801 ], [ 28.7017333, 47.1266846 ], [ 28.7017204, 47.1266938 ], [ 28.7017205, 47.1266983 ], [ 28.7017076, 47.1267075 ], [ 28.7017078, 47.126712 ], [ 28.7016884, 47.1267258 ], [ 28.7016886, 47.1267303 ], [ 28.7016692, 47.1267441 ], [ 28.7016694, 47.1267486 ], [ 28.7016437, 47.1267714 ], [ 28.7016376, 47.126785 ], [ 28.7016119, 47.1268079 ], [ 28.7016058, 47.1268215 ], [ 28.7015929, 47.1268307 ], [ 28.7015867, 47.1268443 ], [ 28.7015483, 47.1268808 ], [ 28.7015422, 47.1268944 ], [ 28.7015293, 47.1269036 ], [ 28.7015294, 47.1269081 ], [ 28.7015165, 47.1269173 ], [ 28.7015167, 47.1269218 ], [ 28.7015038, 47.126931 ], [ 28.7015039, 47.1269355 ], [ 28.7014655, 47.1269721 ], [ 28.7014594, 47.1269857 ], [ 28.7014465, 47.1269948 ], [ 28.7014466, 47.1269993 ], [ 28.7014337, 47.1270085 ], [ 28.7014339, 47.127013 ], [ 28.701421, 47.1270222 ], [ 28.7014211, 47.1270267 ], [ 28.7014082, 47.1270359 ], [ 28.7014084, 47.1270404 ], [ 28.7013955, 47.1270496 ], [ 28.7013956, 47.1270541 ], [ 28.7013827, 47.1270633 ], [ 28.7013829, 47.1270678 ], [ 28.70137, 47.127077 ], [ 28.7013701, 47.1270815 ], [ 28.7013572, 47.1270907 ], [ 28.7013574, 47.1270952 ], [ 28.7013445, 47.1271043 ], [ 28.7013446, 47.1271088 ], [ 28.7013318, 47.127118 ], [ 28.7013319, 47.1271225 ], [ 28.7013126, 47.1271363 ], [ 28.7013127, 47.1271408 ], [ 28.7012998, 47.12715 ], [ 28.7013, 47.1271545 ], [ 28.7012871, 47.1271637 ], [ 28.7012872, 47.1271682 ], [ 28.7012743, 47.1271774 ], [ 28.7012745, 47.1271819 ], [ 28.7012616, 47.1271911 ], [ 28.7012617, 47.1271956 ], [ 28.7012233, 47.1272321 ], [ 28.7012172, 47.1272457 ], [ 28.7011788, 47.1272823 ], [ 28.7011726, 47.1272959 ], [ 28.7011342, 47.1273324 ], [ 28.7011281, 47.127346 ], [ 28.7011152, 47.1273552 ], [ 28.7011153, 47.1273597 ], [ 28.7011024, 47.1273689 ], [ 28.7011026, 47.1273734 ], [ 28.7010832, 47.1273872 ], [ 28.7010834, 47.1273917 ], [ 28.701064, 47.1274055 ], [ 28.7010642, 47.12741 ], [ 28.7010384, 47.1274284 ], [ 28.7010385, 47.1274329 ], [ 28.7010387, 47.1274374 ], [ 28.7010388, 47.1274418 ], [ 28.701039, 47.1274463 ], [ 28.7010456, 47.1274462 ], [ 28.7010521, 47.1274461 ], [ 28.7010587, 47.1274461 ], [ 28.7010586, 47.1274416 ], [ 28.7010652, 47.1274415 ], [ 28.7010716, 47.1274369 ], [ 28.7010715, 47.1274324 ], [ 28.7011037, 47.1274094 ], [ 28.7011036, 47.1274049 ], [ 28.7011165, 47.1273957 ], [ 28.7011163, 47.1273912 ], [ 28.7011292, 47.127382 ], [ 28.7011291, 47.1273775 ], [ 28.7011675, 47.127341 ], [ 28.7011736, 47.1273274 ], [ 28.7011993, 47.1273045 ], [ 28.7012054, 47.1272909 ], [ 28.7012183, 47.1272817 ], [ 28.7012182, 47.1272772 ], [ 28.7012311, 47.127268 ], [ 28.7012309, 47.1272635 ], [ 28.7012438, 47.1272543 ], [ 28.7012437, 47.1272498 ], [ 28.7012566, 47.1272406 ], [ 28.7012564, 47.1272361 ], [ 28.7012693, 47.127227 ], [ 28.7012692, 47.1272225 ], [ 28.701282, 47.1272133 ], [ 28.7012819, 47.1272088 ], [ 28.7012948, 47.1271996 ], [ 28.7012947, 47.1271951 ], [ 28.7013075, 47.1271859 ], [ 28.7013074, 47.1271814 ], [ 28.7013138, 47.1271768 ], [ 28.7013203, 47.1271722 ], [ 28.7013267, 47.1271676 ], [ 28.7013332, 47.127163 ], [ 28.7013396, 47.1271584 ], [ 28.7013461, 47.1271538 ], [ 28.7013525, 47.1271492 ], [ 28.701359, 47.1271446 ], [ 28.7013654, 47.12714 ], [ 28.7013654, 47.12714 ], [ 28.701359, 47.1271446 ], [ 28.7013591, 47.1271491 ], [ 28.7013462, 47.1271583 ], [ 28.7013464, 47.1271628 ], [ 28.7013335, 47.127172 ], [ 28.7013336, 47.1271765 ], [ 28.7013078, 47.1271949 ], [ 28.701308, 47.1271994 ], [ 28.7012951, 47.1272086 ], [ 28.7012952, 47.1272131 ], [ 28.7012823, 47.1272223 ], [ 28.7012825, 47.1272268 ], [ 28.7012696, 47.1272359 ], [ 28.7012697, 47.1272404 ], [ 28.7012568, 47.1272496 ], [ 28.701257, 47.1272541 ], [ 28.7012441, 47.1272633 ], [ 28.7012442, 47.1272678 ], [ 28.7012313, 47.127277 ], [ 28.7012315, 47.1272815 ], [ 28.7011931, 47.1273181 ], [ 28.7011869, 47.1273317 ], [ 28.7011485, 47.1273682 ], [ 28.7011487, 47.1273727 ], [ 28.7011295, 47.127391 ], [ 28.7011296, 47.1273955 ], [ 28.7011296, 47.1273955 ], [ 28.7011232, 47.1274001 ], [ 28.7011167, 47.1274047 ], [ 28.7011103, 47.1274093 ], [ 28.7011039, 47.1274139 ], [ 28.7010974, 47.1274185 ], [ 28.701091, 47.1274231 ], [ 28.7010845, 47.1274277 ], [ 28.7010781, 47.1274323 ], [ 28.7010716, 47.1274369 ], [ 28.7010652, 47.1274415 ], [ 28.7010586, 47.1274416 ], [ 28.7010587, 47.1274461 ], [ 28.7010521, 47.1274461 ], [ 28.7010456, 47.1274462 ], [ 28.701039, 47.1274463 ], [ 28.7010388, 47.1274418 ], [ 28.7010387, 47.1274374 ], [ 28.7010385, 47.1274329 ], [ 28.7010384, 47.1274284 ], [ 28.7010382, 47.1274239 ], [ 28.7010511, 47.1274147 ], [ 28.701051, 47.1274102 ], [ 28.7010639, 47.127401 ], [ 28.7010637, 47.1273965 ], [ 28.7010766, 47.1273873 ], [ 28.7010765, 47.1273828 ], [ 28.7011023, 47.1273644 ], [ 28.7011021, 47.1273599 ], [ 28.7011278, 47.127337 ], [ 28.7011339, 47.1273235 ], [ 28.7011468, 47.1273143 ], [ 28.7011467, 47.1273098 ], [ 28.7011596, 47.1273006 ], [ 28.7011594, 47.1272961 ], [ 28.7011723, 47.1272869 ], [ 28.7011722, 47.1272824 ], [ 28.7012106, 47.1272458 ], [ 28.7012167, 47.1272322 ], [ 28.7012296, 47.127223 ], [ 28.7012295, 47.1272185 ], [ 28.7012424, 47.1272094 ], [ 28.7012422, 47.1272049 ], [ 28.7012806, 47.1271683 ], [ 28.7012868, 47.1271547 ], [ 28.7013124, 47.1271318 ], [ 28.7013123, 47.1271273 ], [ 28.7013315, 47.127109 ], [ 28.7013439, 47.1270864 ], [ 28.7013568, 47.1270772 ], [ 28.7013567, 47.1270727 ], [ 28.7013696, 47.1270635 ], [ 28.7013694, 47.127059 ], [ 28.7013823, 47.1270498 ], [ 28.7013822, 47.1270453 ], [ 28.7013951, 47.1270361 ], [ 28.7013949, 47.1270316 ], [ 28.7014078, 47.1270224 ], [ 28.7014077, 47.1270179 ], [ 28.7014206, 47.1270087 ], [ 28.7014204, 47.1270042 ], [ 28.7014588, 47.1269677 ], [ 28.701465, 47.1269541 ], [ 28.7014779, 47.1269449 ], [ 28.7014777, 47.1269404 ], [ 28.7014906, 47.1269312 ], [ 28.7014905, 47.1269267 ], [ 28.7015034, 47.1269175 ], [ 28.7015032, 47.126913 ], [ 28.7015161, 47.1269038 ], [ 28.701516, 47.1268993 ], [ 28.7015289, 47.1268901 ], [ 28.7015287, 47.1268856 ], [ 28.7015416, 47.1268764 ], [ 28.7015415, 47.126872 ], [ 28.7015543, 47.1268628 ], [ 28.7015542, 47.1268583 ], [ 28.7015671, 47.1268491 ], [ 28.701567, 47.1268446 ], [ 28.7015798, 47.1268354 ], [ 28.7015797, 47.1268309 ], [ 28.7016181, 47.1267943 ], [ 28.7016178, 47.1267853 ], [ 28.7016243, 47.1267807 ], [ 28.7016241, 47.1267762 ], [ 28.701637, 47.126767 ], [ 28.7016369, 47.1267625 ], [ 28.7016691, 47.1267396 ], [ 28.7016689, 47.1267351 ], [ 28.7016818, 47.1267259 ], [ 28.7016817, 47.1267214 ], [ 28.7016946, 47.1267122 ], [ 28.7016944, 47.1267077 ], [ 28.7017073, 47.1266985 ], [ 28.7017072, 47.126694 ], [ 28.7017201, 47.1266848 ], [ 28.7017199, 47.1266803 ], [ 28.7017651, 47.1266482 ], [ 28.7017716, 47.1266481 ], [ 28.7017782, 47.126648 ], [ 28.7017848, 47.1266479 ], [ 28.701785, 47.1266524 ], [ 28.7017916, 47.1266523 ], [ 28.7017917, 47.1266568 ], [ 28.7017983, 47.1266567 ], [ 28.7018185, 47.1266699 ], [ 28.7018251, 47.1266698 ], [ 28.7018453, 47.126683 ], [ 28.7018519, 47.1266829 ], [ 28.7018721, 47.1266961 ], [ 28.7018787, 47.126696 ], [ 28.7018989, 47.1267092 ], [ 28.7019054, 47.1267091 ], [ 28.7019457, 47.126731 ], [ 28.7019589, 47.1267308 ], [ 28.7019656, 47.1267352 ], [ 28.7019788, 47.126735 ], [ 28.7019855, 47.1267394 ], [ 28.7019987, 47.1267392 ], [ 28.7020054, 47.1267436 ], [ 28.7020186, 47.1267434 ], [ 28.7020253, 47.1267478 ], [ 28.7020385, 47.1267476 ], [ 28.7020453, 47.126752 ], [ 28.7020584, 47.1267518 ], [ 28.7020652, 47.1267562 ], [ 28.7020718, 47.1267561 ], [ 28.7020783, 47.126756 ], [ 28.7020782, 47.1267515 ], [ 28.7020846, 47.1267469 ], [ 28.7020912, 47.1267468 ], [ 28.7020978, 47.1267467 ], [ 28.7021046, 47.1267511 ], [ 28.7021047, 47.1267556 ], [ 28.7021048, 47.1267601 ], [ 28.702105, 47.1267646 ], [ 28.7021182, 47.1267644 ], [ 28.7021382, 47.1267731 ], [ 28.7021514, 47.1267729 ], [ 28.7021581, 47.1267773 ], [ 28.7021713, 47.1267771 ], [ 28.702178, 47.1267815 ], [ 28.7021912, 47.1267813 ], [ 28.702198, 47.1267857 ], [ 28.7022111, 47.1267855 ], [ 28.7022179, 47.1267899 ], [ 28.7022311, 47.1267897 ], [ 28.7022378, 47.1267941 ], [ 28.7022577, 47.1267983 ], [ 28.7022712, 47.1268071 ], [ 28.7023177, 47.1268199 ], [ 28.7023312, 47.1268287 ], [ 28.7023777, 47.1268415 ], [ 28.7023912, 47.1268503 ], [ 28.7024378, 47.1268631 ], [ 28.7024512, 47.1268719 ], [ 28.7024978, 47.1268847 ], [ 28.7025113, 47.1268935 ], [ 28.7025578, 47.1269063 ], [ 28.7025713, 47.1269151 ], [ 28.7026178, 47.1269279 ], [ 28.7026313, 47.1269367 ], [ 28.7026379, 47.1269366 ], [ 28.7026446, 47.126941 ], [ 28.7026512, 47.1269409 ], [ 28.7026579, 47.1269453 ], [ 28.7027045, 47.1269582 ], [ 28.702718, 47.126967 ], [ 28.7027246, 47.1269669 ], [ 28.7027313, 47.1269713 ], [ 28.7027778, 47.1269841 ], [ 28.7027913, 47.1269929 ], [ 28.7027979, 47.1269928 ], [ 28.7028046, 47.1269972 ], [ 28.7028112, 47.1269971 ], [ 28.702818, 47.1270015 ], [ 28.7028645, 47.1270143 ], [ 28.702878, 47.1270231 ], [ 28.7028846, 47.127023 ], [ 28.7028913, 47.1270274 ], [ 28.7028979, 47.1270273 ], [ 28.7029046, 47.1270317 ], [ 28.7029512, 47.1270445 ], [ 28.7029646, 47.1270533 ], [ 28.7029712, 47.1270532 ], [ 28.702978, 47.1270576 ], [ 28.7029846, 47.1270575 ], [ 28.7029913, 47.1270619 ], [ 28.7030378, 47.1270747 ], [ 28.7030513, 47.1270835 ], [ 28.7030579, 47.1270834 ], [ 28.7031046, 47.1271007 ], [ 28.7031178, 47.1271005 ], [ 28.7031645, 47.1271178 ], [ 28.7031777, 47.1271176 ], [ 28.7031844, 47.127122 ], [ 28.703191, 47.1271219 ], [ 28.703211, 47.1271306 ], [ 28.7032242, 47.1271304 ], [ 28.703231, 47.1271348 ], [ 28.7032705, 47.1271342 ], [ 28.7033172, 47.1271515 ], [ 28.7033765, 47.1271506 ], [ 28.7033832, 47.127155 ], [ 28.70339, 47.1271594 ], [ 28.7033967, 47.1271638 ], [ 28.7034034, 47.1271682 ], [ 28.7034102, 47.1271726 ], [ 28.7034169, 47.127177 ], [ 28.7034236, 47.1271814 ], [ 28.7034304, 47.1271858 ], [ 28.703437, 47.1271857 ], [ 28.7034437, 47.1271901 ], [ 28.7034503, 47.12719 ], [ 28.703457, 47.1271944 ], [ 28.7034636, 47.1271943 ], [ 28.7034703, 47.1271987 ], [ 28.7034769, 47.1271986 ], [ 28.7034837, 47.127203 ], [ 28.7034902, 47.1272029 ], [ 28.703497, 47.1272073 ], [ 28.7035036, 47.1272072 ], [ 28.7035103, 47.1272116 ], [ 28.7035169, 47.1272115 ], [ 28.7035236, 47.1272159 ], [ 28.7035702, 47.1272287 ], [ 28.7035836, 47.1272375 ], [ 28.7035902, 47.1272374 ], [ 28.703597, 47.1272418 ], [ 28.7036036, 47.1272417 ], [ 28.7036103, 47.1272461 ], [ 28.7036169, 47.127246 ], [ 28.7036236, 47.1272504 ], [ 28.7036302, 47.1272503 ], [ 28.7036369, 47.1272547 ], [ 28.7036435, 47.1272546 ], [ 28.7036503, 47.127259 ], [ 28.7036568, 47.1272589 ], [ 28.7036636, 47.1272633 ], [ 28.7036702, 47.1272632 ], [ 28.7036769, 47.1272676 ], [ 28.7036835, 47.1272676 ], [ 28.7036902, 47.127272 ], [ 28.7036968, 47.1272719 ], [ 28.7037035, 47.1272763 ], [ 28.7037101, 47.1272762 ], [ 28.7037169, 47.1272806 ], [ 28.7037235, 47.1272805 ], [ 28.7037302, 47.1272849 ], [ 28.7037368, 47.1272848 ], [ 28.7037435, 47.1272892 ], [ 28.7037501, 47.1272891 ], [ 28.7037568, 47.1272935 ], [ 28.7038034, 47.1273063 ], [ 28.7038169, 47.1273151 ], [ 28.7038235, 47.127315 ], [ 28.7038968, 47.1273409 ], [ 28.7039034, 47.1273408 ], [ 28.7039032, 47.1273363 ], [ 28.7039031, 47.1273318 ], [ 28.7039095, 47.1273272 ], [ 28.7039161, 47.1273271 ], [ 28.7039227, 47.127327 ], [ 28.7039295, 47.1273314 ], [ 28.7039296, 47.1273359 ], [ 28.7039297, 47.1273404 ], [ 28.7039299, 47.1273449 ], [ 28.70393, 47.1273494 ], [ 28.7039368, 47.1273538 ], [ 28.7039434, 47.1273537 ], [ 28.7039501, 47.1273581 ], [ 28.7039567, 47.127358 ], [ 28.7039634, 47.1273624 ], [ 28.70397, 47.1273623 ], [ 28.7039767, 47.1273667 ], [ 28.7039833, 47.1273666 ], [ 28.7039901, 47.127371 ], [ 28.7039966, 47.1273709 ], [ 28.7040034, 47.1273753 ], [ 28.7040499, 47.1273881 ], [ 28.7040634, 47.1273969 ], [ 28.70407, 47.1273968 ], [ 28.7040767, 47.1274012 ], [ 28.7040833, 47.1274011 ], [ 28.70409, 47.1274055 ], [ 28.7040966, 47.1274054 ], [ 28.7041034, 47.1274098 ], [ 28.70411, 47.1274097 ], [ 28.7041167, 47.1274141 ], [ 28.7041233, 47.127414 ], [ 28.70413, 47.1274184 ], [ 28.7041366, 47.1274183 ], [ 28.7041433, 47.1274227 ], [ 28.7041899, 47.1274355 ], [ 28.7042034, 47.1274443 ], [ 28.70421, 47.1274442 ], [ 28.7042167, 47.1274486 ], [ 28.7042234, 47.127453 ], [ 28.70423, 47.1274529 ], [ 28.7042435, 47.1274617 ], [ 28.7042501, 47.1274616 ], [ 28.7042635, 47.1274704 ], [ 28.7042701, 47.1274703 ], [ 28.7042836, 47.1274791 ], [ 28.7042902, 47.127479 ], [ 28.7043036, 47.1274878 ], [ 28.7043102, 47.1274877 ], [ 28.704317, 47.1274921 ], [ 28.7043237, 47.1274965 ], [ 28.7043303, 47.1274964 ], [ 28.7043839, 47.1275226 ], [ 28.7044038, 47.1275268 ], [ 28.7044574, 47.127553 ], [ 28.7044773, 47.1275572 ], [ 28.7045108, 47.1275747 ], [ 28.7045174, 47.1275746 ], [ 28.7045442, 47.1275877 ], [ 28.7045508, 47.1275876 ], [ 28.7047258, 47.127702 ], [ 28.7047264, 47.12772 ], [ 28.7047601, 47.127742 ], [ 28.7047596, 47.1277285 ], [ 28.7047258, 47.127702 ], [ 28.7047061, 47.1277023 ], [ 28.7046589, 47.1276715 ], [ 28.7046326, 47.1276719 ], [ 28.704572, 47.1276323 ], [ 28.7045522, 47.1276326 ], [ 28.7044579, 47.127571 ], [ 28.7044382, 47.1275713 ], [ 28.7044314, 47.1275669 ], [ 28.7044247, 47.1275625 ], [ 28.704418, 47.1275581 ], [ 28.7044112, 47.1275537 ], [ 28.7044045, 47.1275493 ], [ 28.7043978, 47.1275449 ], [ 28.704391, 47.1275405 ], [ 28.7043843, 47.1275361 ], [ 28.7043776, 47.1275317 ], [ 28.7043708, 47.1275273 ], [ 28.7043641, 47.1275229 ], [ 28.7043574, 47.1275185 ], [ 28.7043506, 47.1275141 ], [ 28.7043439, 47.1275097 ], [ 28.7043372, 47.1275053 ], [ 28.7043304, 47.1275009 ], [ 28.7043237, 47.1274965 ], [ 28.704317, 47.1274921 ], [ 28.7043102, 47.1274877 ], [ 28.7043102, 47.1274877 ], [ 28.7043036, 47.1274878 ], [ 28.7042905, 47.127488 ], [ 28.7042703, 47.1274748 ], [ 28.7042571, 47.127475 ], [ 28.7042504, 47.1274706 ], [ 28.7042436, 47.1274662 ], [ 28.7042369, 47.1274618 ], [ 28.7042302, 47.1274574 ], [ 28.7042234, 47.127453 ], [ 28.7042167, 47.1274486 ], [ 28.70421, 47.1274442 ], [ 28.70421, 47.1274442 ], [ 28.7042034, 47.1274443 ], [ 28.7041704, 47.1274448 ], [ 28.7041569, 47.127436 ], [ 28.7041108, 47.1274367 ], [ 28.7041041, 47.1274323 ], [ 28.7040646, 47.1274329 ], [ 28.7040511, 47.1274241 ], [ 28.7040445, 47.1274242 ], [ 28.7040378, 47.1274198 ], [ 28.704031, 47.1274154 ], [ 28.7040243, 47.127411 ], [ 28.7040176, 47.1274066 ], [ 28.7040108, 47.1274022 ], [ 28.7040041, 47.1273978 ], [ 28.7039974, 47.1273934 ], [ 28.7039906, 47.127389 ], [ 28.7039839, 47.1273846 ], [ 28.7039772, 47.1273802 ], [ 28.7039704, 47.1273758 ], [ 28.7039637, 47.1273714 ], [ 28.703957, 47.127367 ], [ 28.7039502, 47.1273626 ], [ 28.7039435, 47.1273582 ], [ 28.7039368, 47.1273538 ], [ 28.70393, 47.1273494 ], [ 28.7039299, 47.1273449 ], [ 28.7039297, 47.1273404 ], [ 28.7039296, 47.1273359 ], [ 28.7039295, 47.1273314 ], [ 28.7039227, 47.127327 ], [ 28.7039161, 47.1273271 ], [ 28.7039095, 47.1273272 ], [ 28.7039031, 47.1273318 ], [ 28.7039032, 47.1273363 ], [ 28.7039034, 47.1273408 ], [ 28.7038968, 47.1273409 ], [ 28.7038243, 47.1273419 ], [ 28.7038108, 47.1273331 ], [ 28.703745, 47.1273341 ], [ 28.7037382, 47.1273297 ], [ 28.7037316, 47.1273298 ], [ 28.7037249, 47.1273254 ], [ 28.7037183, 47.1273255 ], [ 28.7037116, 47.1273211 ], [ 28.703705, 47.1273212 ], [ 28.7036983, 47.1273168 ], [ 28.7036917, 47.1273169 ], [ 28.7036849, 47.1273125 ], [ 28.7036783, 47.1273126 ], [ 28.7036716, 47.1273082 ], [ 28.703665, 47.1273083 ], [ 28.7036583, 47.1273039 ], [ 28.7036517, 47.127304 ], [ 28.7035783, 47.1272781 ], [ 28.7035718, 47.1272782 ], [ 28.7035653, 47.1272828 ], [ 28.7035655, 47.1272873 ], [ 28.703559, 47.1272919 ], [ 28.7035592, 47.1272964 ], [ 28.7035527, 47.127301 ], [ 28.7035463, 47.1273056 ], [ 28.7035398, 47.1273102 ], [ 28.7035334, 47.1273148 ], [ 28.7035269, 47.1273194 ], [ 28.7035205, 47.127324 ], [ 28.703514, 47.1273286 ], [ 28.703514, 47.1273286 ], [ 28.7035205, 47.127324 ], [ 28.7035269, 47.1273194 ], [ 28.7035268, 47.1273149 ], [ 28.7035332, 47.1273103 ], [ 28.7035397, 47.1273057 ], [ 28.7035461, 47.1273011 ], [ 28.7035526, 47.1272965 ], [ 28.703559, 47.1272919 ], [ 28.7035655, 47.1272873 ], [ 28.7035653, 47.1272828 ], [ 28.7035718, 47.1272782 ], [ 28.7035713, 47.1272647 ], [ 28.7035778, 47.1272601 ], [ 28.7035773, 47.1272466 ], [ 28.7035246, 47.1272474 ], [ 28.7035179, 47.127243 ], [ 28.7035112, 47.1272386 ], [ 28.7035044, 47.1272342 ], [ 28.7034977, 47.1272298 ], [ 28.703491, 47.1272254 ], [ 28.7034842, 47.127221 ], [ 28.7034775, 47.1272166 ], [ 28.7034708, 47.1272122 ], [ 28.703464, 47.1272078 ], [ 28.7034573, 47.1272034 ], [ 28.7034506, 47.127199 ], [ 28.7034438, 47.1271946 ], [ 28.7034371, 47.1271902 ], [ 28.7034304, 47.1271858 ], [ 28.7034236, 47.1271814 ], [ 28.7034169, 47.127177 ], [ 28.7034168, 47.1271725 ], [ 28.70341, 47.1271681 ], [ 28.7034097, 47.1271591 ], [ 28.7033961, 47.1271458 ], [ 28.703395, 47.1271099 ], [ 28.7034723, 47.1270547 ], [ 28.7034789, 47.1270546 ], [ 28.7035047, 47.1270362 ], [ 28.7035113, 47.1270361 ], [ 28.7035242, 47.127027 ], [ 28.7035308, 47.1270269 ], [ 28.7035437, 47.1270177 ], [ 28.7035502, 47.1270176 ], [ 28.7035631, 47.1270084 ], [ 28.7035697, 47.1270083 ], [ 28.7035826, 47.1269991 ], [ 28.7035892, 47.126999 ], [ 28.7036021, 47.1269898 ], [ 28.7036087, 47.1269897 ], [ 28.703628, 47.1269759 ], [ 28.7036346, 47.1269758 ], [ 28.7036475, 47.1269666 ], [ 28.7036541, 47.1269665 ], [ 28.703667, 47.1269573 ], [ 28.7036736, 47.1269572 ], [ 28.7036865, 47.126948 ], [ 28.7036931, 47.1269479 ], [ 28.7037124, 47.1269342 ], [ 28.703719, 47.1269341 ], [ 28.7037319, 47.1269249 ], [ 28.7037385, 47.1269248 ], [ 28.7037578, 47.126911 ], [ 28.7037644, 47.1269109 ], [ 28.7038097, 47.1268832 ], [ 28.7038162, 47.1268831 ], [ 28.7038291, 47.1268739 ], [ 28.7038357, 47.1268738 ], [ 28.7038551, 47.12686 ], [ 28.7038617, 47.12686 ], [ 28.703881, 47.1268462 ], [ 28.7038876, 47.1268461 ], [ 28.7039328, 47.1268184 ], [ 28.7039394, 47.1268183 ], [ 28.7039523, 47.1268091 ], [ 28.7039589, 47.126809 ], [ 28.7039783, 47.1267952 ], [ 28.7039848, 47.1267951 ], [ 28.7040042, 47.1267813 ], [ 28.7040108, 47.1267812 ], [ 28.704056, 47.1267536 ], [ 28.7040626, 47.1267535 ], [ 28.7040755, 47.1267443 ], [ 28.7040821, 47.1267442 ], [ 28.7041014, 47.1267304 ], [ 28.704108, 47.1267303 ], [ 28.7041274, 47.1267165 ], [ 28.704134, 47.1267164 ], [ 28.7041792, 47.1266887 ], [ 28.7041858, 47.1266886 ], [ 28.7041987, 47.1266795 ], [ 28.7042053, 47.1266794 ], [ 28.7042246, 47.1266656 ], [ 28.7042312, 47.1266655 ], [ 28.7042506, 47.1266517 ], [ 28.7042571, 47.1266516 ], [ 28.7043024, 47.1266239 ], [ 28.704309, 47.1266238 ], [ 28.7043219, 47.1266146 ], [ 28.7043285, 47.1266145 ], [ 28.7043478, 47.1266007 ], [ 28.7043544, 47.1266007 ], [ 28.7043997, 47.126573 ], [ 28.7044063, 47.1265729 ], [ 28.7044192, 47.1265637 ], [ 28.7044257, 47.1265636 ], [ 28.7044451, 47.1265498 ], [ 28.7044517, 47.1265497 ], [ 28.704471, 47.1265359 ], [ 28.7044776, 47.1265358 ], [ 28.7045229, 47.1265082 ], [ 28.7045294, 47.1265081 ], [ 28.7045423, 47.1264989 ], [ 28.7045489, 47.1264988 ], [ 28.7045683, 47.126485 ], [ 28.7045749, 47.1264849 ], [ 28.7045942, 47.1264711 ], [ 28.7046008, 47.126471 ], [ 28.704646, 47.1264433 ], [ 28.7046526, 47.1264432 ], [ 28.7046655, 47.126434 ], [ 28.7046721, 47.1264339 ], [ 28.7046915, 47.1264202 ], [ 28.704698, 47.1264201 ], [ 28.7047174, 47.1264063 ], [ 28.704724, 47.1264062 ], [ 28.7047692, 47.1263785 ], [ 28.7047758, 47.1263784 ], [ 28.7047887, 47.1263692 ], [ 28.7047953, 47.1263691 ], [ 28.7048146, 47.1263553 ], [ 28.7048212, 47.1263552 ], [ 28.7048406, 47.1263414 ], [ 28.7048472, 47.1263413 ], [ 28.7048924, 47.1263137 ], [ 28.704899, 47.1263136 ], [ 28.7049119, 47.1263044 ], [ 28.7049185, 47.1263043 ], [ 28.7049378, 47.1262905 ], [ 28.7049444, 47.1262904 ], [ 28.7049897, 47.1262627 ], [ 28.7049963, 47.1262626 ], [ 28.7050092, 47.1262534 ], [ 28.7050157, 47.1262533 ], [ 28.7050351, 47.1262396 ], [ 28.7050417, 47.1262395 ], [ 28.705061, 47.1262257 ], [ 28.7050676, 47.1262256 ], [ 28.7051129, 47.1261979 ], [ 28.7051195, 47.1261978 ], [ 28.7051323, 47.1261886 ], [ 28.7051389, 47.1261885 ], [ 28.7051583, 47.1261747 ], [ 28.7051649, 47.1261746 ], [ 28.7051842, 47.1261609 ], [ 28.7051908, 47.1261608 ], [ 28.705236, 47.1261331 ], [ 28.7052426, 47.126133 ], [ 28.7052555, 47.1261238 ], [ 28.7052621, 47.1261237 ], [ 28.7053781, 47.126041 ], [ 28.7053847, 47.1260409 ], [ 28.7053912, 47.1260363 ], [ 28.7053976, 47.1260317 ], [ 28.7054041, 47.1260271 ], [ 28.7054105, 47.1260225 ], [ 28.705417, 47.1260179 ], [ 28.7054234, 47.1260133 ], [ 28.7054298, 47.1260087 ], [ 28.7054363, 47.1260041 ], [ 28.7054427, 47.1259995 ], [ 28.7054492, 47.1259949 ], [ 28.705449, 47.1259904 ], [ 28.7054556, 47.1259903 ], [ 28.7054555, 47.1259858 ], [ 28.7054621, 47.1259857 ], [ 28.7054687, 47.1259856 ], [ 28.7054754, 47.12599 ], [ 28.7054755, 47.1259945 ], [ 28.7054823, 47.1259989 ], [ 28.705489, 47.1260033 ], [ 28.7054957, 47.1260077 ], [ 28.7054959, 47.1260122 ], [ 28.7055026, 47.1260166 ], [ 28.7055093, 47.126021 ], [ 28.7055161, 47.1260254 ], [ 28.7055228, 47.1260298 ], [ 28.7055295, 47.1260342 ], [ 28.7055306, 47.1260657 ], [ 28.7055373, 47.1260701 ], [ 28.7055377, 47.1260836 ], [ 28.7055445, 47.126088 ], [ 28.7055449, 47.1261015 ], [ 28.7055516, 47.1261059 ], [ 28.705552, 47.1261194 ], [ 28.7055588, 47.1261238 ], [ 28.7055591, 47.1261328 ], [ 28.7055658, 47.1261372 ], [ 28.7055661, 47.1261462 ], [ 28.7055728, 47.1261506 ], [ 28.7055733, 47.1261641 ], [ 28.70558, 47.1261685 ], [ 28.7055803, 47.1261775 ], [ 28.705587, 47.1261819 ], [ 28.7055873, 47.1261908 ], [ 28.705594, 47.1261952 ], [ 28.7055943, 47.1262042 ], [ 28.705601, 47.1262086 ], [ 28.7056015, 47.1262221 ], [ 28.7056082, 47.1262265 ], [ 28.7056085, 47.1262355 ], [ 28.7056152, 47.1262399 ], [ 28.7056155, 47.1262489 ], [ 28.7056223, 47.1262533 ], [ 28.7056227, 47.1262668 ], [ 28.7056294, 47.1262712 ], [ 28.7056297, 47.1262802 ], [ 28.7056364, 47.1262846 ], [ 28.7056367, 47.1262936 ], [ 28.7056435, 47.126298 ], [ 28.7056439, 47.1263115 ], [ 28.7056506, 47.1263159 ], [ 28.7056509, 47.1263249 ], [ 28.7056576, 47.1263293 ], [ 28.7056579, 47.1263383 ], [ 28.7056647, 47.1263427 ], [ 28.705665, 47.1263517 ], [ 28.7056717, 47.1263561 ], [ 28.7056721, 47.1263696 ], [ 28.7056789, 47.126374 ], [ 28.7056791, 47.126383 ], [ 28.7056859, 47.1263874 ], [ 28.7056862, 47.1263963 ], [ 28.7056929, 47.1264007 ], [ 28.7056932, 47.1264097 ], [ 28.7056999, 47.1264141 ], [ 28.7057002, 47.1264231 ], [ 28.7057069, 47.1264275 ], [ 28.7057072, 47.1264365 ], [ 28.705714, 47.1264409 ], [ 28.7057142, 47.1264499 ], [ 28.705721, 47.1264543 ], [ 28.7057214, 47.1264678 ], [ 28.7057281, 47.1264722 ], [ 28.7057284, 47.1264812 ], [ 28.7057352, 47.1264856 ], [ 28.7057354, 47.1264946 ], [ 28.7057422, 47.126499 ], [ 28.7057425, 47.126508 ], [ 28.7057492, 47.1265124 ], [ 28.7057495, 47.1265214 ], [ 28.7057562, 47.1265258 ], [ 28.7057565, 47.1265348 ], [ 28.7057632, 47.1265392 ], [ 28.7057637, 47.1265527 ], [ 28.7057704, 47.1265571 ], [ 28.7057707, 47.1265661 ], [ 28.7057774, 47.1265705 ], [ 28.7057777, 47.1265795 ], [ 28.7057845, 47.1265839 ], [ 28.7057847, 47.1265929 ], [ 28.7057915, 47.1265973 ], [ 28.7057918, 47.1266062 ], [ 28.7057985, 47.1266106 ], [ 28.7057989, 47.1266241 ], [ 28.7058057, 47.1266285 ], [ 28.7058059, 47.1266375 ], [ 28.7058127, 47.1266419 ], [ 28.70582, 47.1266643 ], [ 28.7058267, 47.1266687 ], [ 28.7058269, 47.1266732 ], [ 28.7058336, 47.1266776 ], [ 28.7058403, 47.126682 ], [ 28.7058471, 47.1266864 ], [ 28.7058538, 47.1266908 ], [ 28.7058605, 47.1266952 ], [ 28.7058673, 47.1266996 ], [ 28.7058674, 47.1267041 ], [ 28.705874, 47.126704 ], [ 28.7058806, 47.1267039 ], [ 28.7058872, 47.1267038 ], [ 28.705887, 47.1266993 ], [ 28.7058869, 47.1266948 ], [ 28.7058867, 47.1266903 ], [ 28.7059125, 47.1266719 ], [ 28.7059127, 47.1266764 ], [ 28.7058869, 47.1266948 ], [ 28.705887, 47.1266993 ], [ 28.7058872, 47.1267038 ], [ 28.7058806, 47.1267039 ], [ 28.705874, 47.126704 ], [ 28.7058674, 47.1267041 ], [ 28.7058673, 47.1266996 ], [ 28.7058605, 47.1266952 ], [ 28.7058601, 47.1266817 ], [ 28.7058534, 47.1266773 ], [ 28.7058531, 47.1266683 ], [ 28.7058463, 47.1266639 ], [ 28.7058461, 47.1266549 ], [ 28.7058393, 47.1266505 ], [ 28.7058389, 47.126637 ], [ 28.7058322, 47.1266326 ], [ 28.7058319, 47.1266236 ], [ 28.7058251, 47.1266192 ], [ 28.7058247, 47.1266058 ], [ 28.705818, 47.1266014 ], [ 28.7058177, 47.1265924 ], [ 28.705811, 47.126588 ], [ 28.7058107, 47.126579 ], [ 28.7058039, 47.1265746 ], [ 28.7058035, 47.1265611 ], [ 28.7057968, 47.1265567 ], [ 28.7057965, 47.1265477 ], [ 28.7057897, 47.1265433 ], [ 28.7057895, 47.1265343 ], [ 28.7057827, 47.1265299 ], [ 28.7057824, 47.1265209 ], [ 28.7057757, 47.1265165 ], [ 28.7057754, 47.1265075 ], [ 28.7057687, 47.1265031 ], [ 28.7057684, 47.1264941 ], [ 28.7057617, 47.1264897 ], [ 28.7057612, 47.1264762 ], [ 28.7057545, 47.1264718 ], [ 28.7057542, 47.1264628 ], [ 28.7057475, 47.1264584 ], [ 28.7057472, 47.1264494 ], [ 28.7057405, 47.126445 ], [ 28.7057402, 47.126436 ], [ 28.7057334, 47.1264316 ], [ 28.7057331, 47.1264226 ], [ 28.7057264, 47.1264182 ], [ 28.705726, 47.1264048 ], [ 28.7057193, 47.1264004 ], [ 28.705719, 47.1263914 ], [ 28.7057122, 47.126387 ], [ 28.7057119, 47.126378 ], [ 28.7057052, 47.1263736 ], [ 28.7057049, 47.1263646 ], [ 28.7056982, 47.1263602 ], [ 28.7056978, 47.1263467 ], [ 28.705691, 47.1263423 ], [ 28.7056907, 47.1263333 ], [ 28.705684, 47.1263289 ], [ 28.7056837, 47.1263199 ], [ 28.705677, 47.1263155 ], [ 28.7056697, 47.1262931 ], [ 28.7056561, 47.1262798 ], [ 28.7056558, 47.1262708 ], [ 28.7056422, 47.1262575 ], [ 28.7056419, 47.1262485 ], [ 28.7056351, 47.1262441 ], [ 28.7056349, 47.1262351 ], [ 28.7056281, 47.1262307 ], [ 28.7056277, 47.1262172 ], [ 28.705621, 47.1262128 ], [ 28.7056201, 47.1261859 ], [ 28.7056134, 47.1261815 ], [ 28.7056128, 47.1261635 ], [ 28.7056061, 47.1261591 ], [ 28.7056058, 47.1261501 ], [ 28.705599, 47.1261457 ], [ 28.7055986, 47.1261322 ], [ 28.7055919, 47.1261278 ], [ 28.7055916, 47.1261188 ], [ 28.7055848, 47.1261144 ], [ 28.7055846, 47.1261054 ], [ 28.7055778, 47.126101 ], [ 28.7055774, 47.1260875 ], [ 28.7055707, 47.1260831 ], [ 28.7055704, 47.1260741 ], [ 28.7055636, 47.1260697 ], [ 28.7055632, 47.1260562 ], [ 28.7055565, 47.1260518 ], [ 28.7055497, 47.1260474 ], [ 28.705543, 47.126043 ], [ 28.7055363, 47.1260386 ], [ 28.7055295, 47.1260342 ], [ 28.7055228, 47.1260298 ], [ 28.7055227, 47.1260253 ], [ 28.7055159, 47.1260209 ], [ 28.7055092, 47.1260165 ], [ 28.7055025, 47.1260121 ], [ 28.7054957, 47.1260077 ], [ 28.705489, 47.1260033 ], [ 28.7055278, 47.1259803 ], [ 28.7055344, 47.1259802 ], [ 28.7055537, 47.1259664 ], [ 28.7055603, 47.1259663 ], [ 28.7055797, 47.1259525 ], [ 28.7055863, 47.1259524 ], [ 28.7055992, 47.1259432 ], [ 28.7056057, 47.1259431 ], [ 28.7056251, 47.1259293 ], [ 28.7056317, 47.1259292 ], [ 28.705651, 47.1259154 ], [ 28.7056576, 47.1259153 ], [ 28.7056769, 47.1259015 ], [ 28.7056835, 47.1259014 ], [ 28.7057029, 47.1258877 ], [ 28.7057094, 47.1258876 ], [ 28.7057223, 47.1258784 ], [ 28.7057289, 47.1258783 ], [ 28.7057483, 47.1258645 ], [ 28.7057549, 47.1258644 ], [ 28.7057742, 47.1258506 ], [ 28.7057808, 47.1258505 ], [ 28.705826, 47.1258228 ], [ 28.7058326, 47.1258227 ], [ 28.7058455, 47.1258135 ], [ 28.7058521, 47.1258134 ], [ 28.7058714, 47.1257997 ], [ 28.705878, 47.1257996 ], [ 28.7058974, 47.1257858 ], [ 28.705904, 47.1257857 ], [ 28.7059492, 47.125758 ], [ 28.7059558, 47.1257579 ], [ 28.7059687, 47.1257487 ], [ 28.7059753, 47.1257486 ], [ 28.7059946, 47.1257348 ], [ 28.7060012, 47.1257347 ], [ 28.7060206, 47.125721 ], [ 28.7060271, 47.1257209 ], [ 28.7060724, 47.1256932 ], [ 28.706079, 47.1256931 ], [ 28.7060919, 47.1256839 ], [ 28.7060985, 47.1256838 ], [ 28.7061114, 47.1256746 ], [ 28.706118, 47.1256745 ], [ 28.7061308, 47.1256653 ], [ 28.7061374, 47.1256652 ], [ 28.7061503, 47.125656 ], [ 28.7061569, 47.1256559 ], [ 28.7062088, 47.1256282 ], [ 28.7062284, 47.1256234 ], [ 28.7062413, 47.1256142 ], [ 28.7062479, 47.1256141 ], [ 28.7062608, 47.1256049 ], [ 28.7062674, 47.1256048 ], [ 28.7062802, 47.1255956 ], [ 28.7062868, 47.1255955 ], [ 28.7062933, 47.1255909 ], [ 28.7062997, 47.1255863 ], [ 28.7063062, 47.1255817 ], [ 28.7063126, 47.1255771 ], [ 28.7063191, 47.1255725 ], [ 28.7063255, 47.1255679 ], [ 28.7063319, 47.1255633 ], [ 28.7063384, 47.1255587 ], [ 28.7063448, 47.1255541 ], [ 28.7063513, 47.1255495 ], [ 28.7063577, 47.1255449 ], [ 28.7063642, 47.1255404 ], [ 28.7063706, 47.1255358 ], [ 28.7063771, 47.1255312 ], [ 28.7063835, 47.1255266 ], [ 28.70639, 47.125522 ], [ 28.7063964, 47.1255174 ], [ 28.7064028, 47.1255128 ], [ 28.7064093, 47.1255082 ], [ 28.7064157, 47.1255036 ], [ 28.7064222, 47.125499 ], [ 28.706422, 47.1254945 ], [ 28.7065445, 47.1254072 ], [ 28.7065444, 47.1254027 ], [ 28.7065959, 47.1253659 ], [ 28.7065958, 47.1253614 ], [ 28.7066022, 47.1253568 ], [ 28.7066019, 47.1253478 ], [ 28.7066147, 47.1253341 ], [ 28.7066144, 47.1253252 ], [ 28.7066271, 47.1253115 ], [ 28.7066269, 47.1253025 ], [ 28.7066396, 47.1252888 ], [ 28.7066393, 47.1252798 ], [ 28.7066458, 47.1252752 ], [ 28.7066582, 47.1252525 ], [ 28.7066647, 47.1252479 ], [ 28.7066711, 47.1252433 ], [ 28.7066776, 47.1252387 ], [ 28.706684, 47.1252341 ], [ 28.7066904, 47.1252295 ], [ 28.7066969, 47.1252249 ], [ 28.7067033, 47.1252203 ], [ 28.7067098, 47.1252157 ], [ 28.7067162, 47.1252111 ], [ 28.706723, 47.1252155 ], [ 28.7067338, 47.1255528 ], [ 28.7066757, 47.1255942 ], [ 28.7066757, 47.1255942 ], [ 28.7066759, 47.1255987 ], [ 28.706676, 47.1256032 ], [ 28.7066811, 47.1257606 ], [ 28.7066746, 47.1257652 ], [ 28.7066682, 47.1257698 ], [ 28.7066617, 47.1257744 ], [ 28.7066553, 47.125779 ], [ 28.7066488, 47.1257836 ], [ 28.7066424, 47.1257882 ], [ 28.7066359, 47.1257928 ], [ 28.7066295, 47.1257974 ], [ 28.7066231, 47.125802 ], [ 28.7066166, 47.1258066 ], [ 28.7066102, 47.1258112 ], [ 28.7066037, 47.1258157 ], [ 28.7065973, 47.1258203 ], [ 28.7065973, 47.1258203 ], [ 28.7066037, 47.1258157 ], [ 28.7066033, 47.1258023 ], [ 28.7066162, 47.1257931 ], [ 28.7066153, 47.1257661 ], [ 28.7066218, 47.1257615 ], [ 28.7066213, 47.125748 ], [ 28.7066278, 47.1257434 ], [ 28.7066275, 47.1257344 ], [ 28.7066339, 47.1257298 ], [ 28.7066335, 47.1257163 ], [ 28.7066399, 47.1257117 ], [ 28.7066395, 47.1256982 ], [ 28.706646, 47.1256936 ], [ 28.7066455, 47.1256801 ], [ 28.706652, 47.1256755 ], [ 28.7066515, 47.1256621 ], [ 28.706658, 47.1256575 ], [ 28.7066576, 47.125644 ], [ 28.706664, 47.1256394 ], [ 28.7066636, 47.1256259 ], [ 28.70667, 47.1256213 ], [ 28.7066696, 47.1256078 ], [ 28.706676, 47.1256032 ], [ 28.7066759, 47.1255987 ], [ 28.7067468, 47.1255481 ], [ 28.7067468, 47.1255481 ], [ 28.7067466, 47.1255437 ], [ 28.7067465, 47.1255392 ], [ 28.7067464, 47.1255347 ], [ 28.7067462, 47.1255302 ], [ 28.7067461, 47.1255257 ], [ 28.7067459, 47.1255212 ], [ 28.7067458, 47.1255167 ], [ 28.7067456, 47.1255122 ], [ 28.7067455, 47.1255077 ], [ 28.7067453, 47.1255032 ], [ 28.7067452, 47.1254987 ], [ 28.7067451, 47.1254942 ], [ 28.7067449, 47.1254897 ], [ 28.7067448, 47.1254852 ], [ 28.7067446, 47.1254807 ], [ 28.7067445, 47.1254762 ], [ 28.7067443, 47.1254717 ], [ 28.7067442, 47.1254672 ], [ 28.7067441, 47.1254627 ], [ 28.7067439, 47.1254582 ], [ 28.7067438, 47.1254537 ], [ 28.7067436, 47.1254492 ], [ 28.7067435, 47.1254447 ], [ 28.7067433, 47.1254402 ], [ 28.7067432, 47.1254357 ], [ 28.706743, 47.1254312 ], [ 28.7067429, 47.1254267 ], [ 28.7067428, 47.1254222 ], [ 28.7067426, 47.1254177 ], [ 28.7067425, 47.1254132 ], [ 28.7067423, 47.1254087 ], [ 28.7067422, 47.1254042 ], [ 28.706742, 47.1253997 ], [ 28.7067419, 47.1253952 ], [ 28.7067417, 47.1253907 ], [ 28.7067416, 47.1253862 ], [ 28.7067415, 47.1253818 ], [ 28.7067413, 47.1253773 ], [ 28.7067412, 47.1253728 ], [ 28.706741, 47.1253683 ], [ 28.7067409, 47.1253638 ], [ 28.7067407, 47.1253593 ], [ 28.7067406, 47.1253548 ], [ 28.7067405, 47.1253503 ], [ 28.7067403, 47.1253458 ], [ 28.7067402, 47.1253413 ], [ 28.70674, 47.1253368 ], [ 28.7067399, 47.1253323 ], [ 28.7067397, 47.1253278 ], [ 28.7067396, 47.1253233 ], [ 28.7067394, 47.1253188 ], [ 28.7067393, 47.1253143 ], [ 28.7067392, 47.1253098 ], [ 28.706739, 47.1253053 ], [ 28.7067389, 47.1253008 ], [ 28.7067387, 47.1252963 ], [ 28.7067386, 47.1252918 ], [ 28.7067384, 47.1252873 ], [ 28.7067383, 47.1252828 ], [ 28.7067382, 47.1252783 ], [ 28.706738, 47.1252738 ], [ 28.7067379, 47.1252693 ], [ 28.7067377, 47.1252648 ], [ 28.7067376, 47.1252603 ], [ 28.7067374, 47.1252558 ], [ 28.7067373, 47.1252513 ], [ 28.7067371, 47.1252468 ], [ 28.706737, 47.1252423 ], [ 28.7067369, 47.1252378 ], [ 28.7067367, 47.1252333 ], [ 28.7067366, 47.1252288 ], [ 28.7067364, 47.1252243 ], [ 28.7067363, 47.1252198 ], [ 28.7067361, 47.1252154 ], [ 28.706736, 47.1252109 ], [ 28.7067359, 47.1252064 ], [ 28.7067357, 47.1252019 ], [ 28.7067356, 47.1251974 ], [ 28.7067354, 47.1251929 ], [ 28.7067328, 47.1251119 ], [ 28.7067393, 47.1251073 ], [ 28.7067383, 47.1250758 ], [ 28.7067447, 47.1250712 ], [ 28.7067443, 47.1250577 ], [ 28.7067507, 47.1250532 ], [ 28.7067504, 47.1250442 ], [ 28.7068213, 47.1249936 ], [ 28.706821, 47.1249846 ], [ 28.7068275, 47.12498 ], [ 28.7069113, 47.1249203 ], [ 28.7069179, 47.1249202 ], [ 28.7069501, 47.1248972 ], [ 28.7069567, 47.1248971 ], [ 28.7069954, 47.1248695 ], [ 28.7070019, 47.1248694 ], [ 28.7070277, 47.1248511 ], [ 28.7070343, 47.124851 ], [ 28.7070537, 47.1248372 ], [ 28.7070602, 47.1248371 ], [ 28.7070796, 47.1248233 ], [ 28.7070862, 47.1248232 ], [ 28.7071055, 47.1248094 ], [ 28.7071121, 47.1248093 ], [ 28.7071314, 47.1247955 ], [ 28.707138, 47.1247954 ], [ 28.7071638, 47.124777 ], [ 28.7071704, 47.1247769 ], [ 28.7072026, 47.124754 ], [ 28.7072092, 47.1247539 ], [ 28.7072738, 47.1247124 ], [ 28.7072804, 47.1247123 ], [ 28.7072868, 47.1247077 ], [ 28.7073, 47.1247075 ], [ 28.7073065, 47.1247029 ], [ 28.7073196, 47.1247027 ], [ 28.7073391, 47.1246934 ], [ 28.7073523, 47.1246932 ], [ 28.7073587, 47.1246886 ], [ 28.7074049, 47.1246879 ], [ 28.7074318, 47.1247055 ], [ 28.7074319, 47.12471 ], [ 28.7074456, 47.1247233 ], [ 28.7074458, 47.1247323 ], [ 28.7074526, 47.1247367 ], [ 28.7074527, 47.1247412 ], [ 28.7074594, 47.1247456 ], [ 28.7074597, 47.1247546 ], [ 28.7074733, 47.1247679 ], [ 28.7074736, 47.1247769 ], [ 28.7074804, 47.1247813 ], [ 28.7074807, 47.1247903 ], [ 28.7074943, 47.1248036 ], [ 28.7074946, 47.1248126 ], [ 28.7075552, 47.1248522 ], [ 28.707568, 47.124843 ], [ 28.7075679, 47.1248385 ], [ 28.7076063, 47.1248019 ], [ 28.7076124, 47.1247883 ], [ 28.7076445, 47.1247609 ], [ 28.7076444, 47.1247564 ], [ 28.7076573, 47.1247472 ], [ 28.7076571, 47.1247427 ], [ 28.70767, 47.1247335 ], [ 28.7076699, 47.124729 ], [ 28.7076828, 47.1247198 ], [ 28.7076826, 47.1247153 ], [ 28.7076955, 47.1247061 ], [ 28.7076954, 47.1247016 ], [ 28.7077147, 47.1246878 ], [ 28.7077146, 47.1246833 ], [ 28.7077274, 47.1246741 ], [ 28.7077273, 47.1246696 ], [ 28.7077402, 47.1246605 ], [ 28.70774, 47.124656 ], [ 28.7077529, 47.1246468 ], [ 28.7077528, 47.1246423 ], [ 28.7077721, 47.1246285 ], [ 28.707772, 47.124624 ], [ 28.7078492, 47.1245643 ], [ 28.707849, 47.1245598 ], [ 28.7078877, 47.1245323 ], [ 28.7078876, 47.1245278 ], [ 28.7079262, 47.1245002 ], [ 28.7079261, 47.1244957 ], [ 28.7079648, 47.1244681 ], [ 28.7079646, 47.1244636 ], [ 28.7080033, 47.1244361 ], [ 28.7080031, 47.1244316 ], [ 28.7080418, 47.124404 ], [ 28.7080417, 47.1243995 ], [ 28.7080803, 47.1243719 ], [ 28.7080802, 47.1243674 ], [ 28.7081253, 47.1243352 ], [ 28.7081252, 47.1243307 ], [ 28.708151, 47.1243124 ], [ 28.7081508, 47.1243079 ], [ 28.7081766, 47.1242895 ], [ 28.7081764, 47.124285 ], [ 28.7082087, 47.124262 ], [ 28.7082085, 47.1242575 ], [ 28.7082343, 47.1242391 ], [ 28.7082342, 47.1242346 ], [ 28.7082599, 47.1242163 ], [ 28.7082598, 47.1242118 ], [ 28.708292, 47.1241888 ], [ 28.7082919, 47.1241843 ], [ 28.7083177, 47.1241659 ], [ 28.7083175, 47.1241614 ], [ 28.7083433, 47.124143 ], [ 28.7083432, 47.1241385 ], [ 28.7083754, 47.1241155 ], [ 28.7083752, 47.124111 ], [ 28.708401, 47.1240927 ], [ 28.7084009, 47.1240882 ], [ 28.7084267, 47.1240698 ], [ 28.7084265, 47.1240653 ], [ 28.7084587, 47.1240423 ], [ 28.7084586, 47.1240378 ], [ 28.7084844, 47.1240194 ], [ 28.7084842, 47.1240149 ], [ 28.70851, 47.1239966 ], [ 28.7085099, 47.1239921 ], [ 28.7085356, 47.1239737 ], [ 28.7085355, 47.1239692 ], [ 28.7085677, 47.1239462 ], [ 28.7085676, 47.1239417 ], [ 28.7085934, 47.1239233 ], [ 28.7085932, 47.1239188 ], [ 28.708619, 47.1239004 ], [ 28.7086188, 47.1238959 ], [ 28.7086446, 47.1238776 ], [ 28.7086445, 47.1238731 ], [ 28.7086703, 47.1238547 ], [ 28.7086701, 47.1238502 ], [ 28.7087023, 47.1238272 ], [ 28.7087022, 47.1238227 ], [ 28.708728, 47.1238043 ], [ 28.7087278, 47.1237998 ], [ 28.7087536, 47.1237814 ], [ 28.7087535, 47.1237769 ], [ 28.7087793, 47.1237586 ], [ 28.7087791, 47.1237541 ], [ 28.7088049, 47.1237357 ], [ 28.7088047, 47.1237312 ], [ 28.7088305, 47.1237128 ], [ 28.7088304, 47.1237083 ], [ 28.7088562, 47.1236899 ], [ 28.708856, 47.1236854 ], [ 28.7088882, 47.1236624 ], [ 28.7088881, 47.123658 ], [ 28.7089139, 47.1236396 ], [ 28.7089137, 47.1236351 ], [ 28.7089395, 47.1236167 ], [ 28.7089394, 47.1236122 ], [ 28.7089651, 47.1235938 ], [ 28.708965, 47.1235893 ], [ 28.7091777, 47.1234377 ], [ 28.7091775, 47.1234332 ], [ 28.7091969, 47.1234194 ], [ 28.7091966, 47.1234104 ], [ 28.7092159, 47.1233966 ], [ 28.7092025, 47.1233878 ], [ 28.7091827, 47.1233881 ], [ 28.709176, 47.1233837 ], [ 28.7091562, 47.123384 ], [ 28.7091495, 47.1233796 ], [ 28.7091297, 47.1233799 ], [ 28.709123, 47.1233755 ], [ 28.7091032, 47.1233758 ], [ 28.7090965, 47.1233714 ], [ 28.7090767, 47.1233717 ], [ 28.70907, 47.1233673 ], [ 28.7090436, 47.1233677 ], [ 28.7090369, 47.1233633 ], [ 28.7090171, 47.1233636 ], [ 28.7090104, 47.1233592 ], [ 28.7089906, 47.1233595 ], [ 28.7089839, 47.1233551 ], [ 28.7089641, 47.1233554 ], [ 28.7089574, 47.123351 ], [ 28.7089376, 47.1233513 ], [ 28.7089309, 47.1233469 ], [ 28.7089111, 47.1233471 ], [ 28.7089044, 47.1233427 ], [ 28.7088846, 47.123343 ], [ 28.7088779, 47.1233386 ], [ 28.7088581, 47.1233389 ], [ 28.7088514, 47.1233345 ], [ 28.7088316, 47.1233348 ], [ 28.7088249, 47.1233304 ], [ 28.7088051, 47.1233307 ], [ 28.7087984, 47.1233263 ], [ 28.7087786, 47.1233266 ], [ 28.7087719, 47.1233222 ], [ 28.7087521, 47.1233225 ], [ 28.7087454, 47.1233181 ], [ 28.7087256, 47.1233184 ], [ 28.7087189, 47.123314 ], [ 28.7087057, 47.1233142 ], [ 28.7086788, 47.1232966 ], [ 28.7087183, 47.123296 ], [ 28.7087318, 47.1233048 ], [ 28.7087383, 47.1233047 ], [ 28.7087449, 47.1233046 ], [ 28.7087515, 47.1233045 ], [ 28.7087581, 47.1233044 ], [ 28.7087647, 47.1233043 ], [ 28.7087713, 47.1233042 ], [ 28.7087779, 47.1233041 ], [ 28.7087846, 47.1233085 ], [ 28.7087912, 47.1233084 ], [ 28.7087978, 47.1233083 ], [ 28.7088044, 47.1233082 ], [ 28.708811, 47.1233081 ], [ 28.7088176, 47.123308 ], [ 28.7088241, 47.1233079 ], [ 28.7088309, 47.1233123 ], [ 28.7088506, 47.1233121 ], [ 28.7088574, 47.1233165 ], [ 28.7088771, 47.1233162 ], [ 28.7088839, 47.1233206 ], [ 28.7089036, 47.1233203 ], [ 28.7089104, 47.1233247 ], [ 28.7089301, 47.1233244 ], [ 28.7089369, 47.1233288 ], [ 28.7089566, 47.1233285 ], [ 28.7089634, 47.1233329 ], [ 28.7089831, 47.1233326 ], [ 28.7089899, 47.123337 ], [ 28.7090096, 47.1233367 ], [ 28.7090164, 47.1233411 ], [ 28.7090361, 47.1233408 ], [ 28.7090429, 47.1233452 ], [ 28.7090626, 47.1233449 ], [ 28.7090694, 47.1233493 ], [ 28.7090891, 47.123349 ], [ 28.7090959, 47.1233534 ], [ 28.7091222, 47.123353 ], [ 28.7091424, 47.1233662 ], [ 28.709182, 47.1233656 ], [ 28.7092089, 47.1233832 ], [ 28.7092418, 47.1233827 ], [ 28.7092676, 47.1233643 ], [ 28.7092675, 47.1233598 ], [ 28.7093899, 47.1232725 ], [ 28.7093889, 47.123241 ], [ 28.7094212, 47.1232181 ], [ 28.709421, 47.1232136 ], [ 28.7094789, 47.1231677 ], [ 28.7094787, 47.1231632 ], [ 28.7095045, 47.1231448 ], [ 28.7095044, 47.1231403 ], [ 28.7095366, 47.1231173 ], [ 28.7095364, 47.1231128 ], [ 28.7095622, 47.1230945 ], [ 28.7095621, 47.12309 ], [ 28.7095943, 47.123067 ], [ 28.7095942, 47.1230625 ], [ 28.7096328, 47.1230349 ], [ 28.7096327, 47.1230304 ], [ 28.7096649, 47.1230074 ], [ 28.7096648, 47.1230029 ], [ 28.7097034, 47.1229754 ], [ 28.7097033, 47.1229709 ], [ 28.7097291, 47.1229525 ], [ 28.7097289, 47.122948 ], [ 28.7097932, 47.1228975 ], [ 28.7097931, 47.122893 ], [ 28.7098124, 47.1228793 ], [ 28.7098123, 47.1228748 ], [ 28.7098316, 47.122861 ], [ 28.7098315, 47.1228565 ], [ 28.7098764, 47.1228198 ], [ 28.7098757, 47.1227973 ], [ 28.709895, 47.1227835 ], [ 28.7098949, 47.122779 ], [ 28.7099142, 47.1227652 ], [ 28.7099141, 47.1227607 ], [ 28.7099334, 47.122747 ], [ 28.7099333, 47.1227425 ], [ 28.7099526, 47.1227287 ], [ 28.7099525, 47.1227242 ], [ 28.7099718, 47.1227104 ], [ 28.7099717, 47.1227059 ], [ 28.7099974, 47.1226875 ], [ 28.7099973, 47.122683 ], [ 28.7100037, 47.1226784 ], [ 28.7100102, 47.1226738 ], [ 28.7100166, 47.1226692 ], [ 28.7100231, 47.1226646 ], [ 28.7100295, 47.12266 ], [ 28.710036, 47.1226554 ], [ 28.7100424, 47.1226508 ], [ 28.7100489, 47.1226462 ], [ 28.7100553, 47.1226417 ], [ 28.7100617, 47.1226371 ], [ 28.7100682, 47.1226325 ], [ 28.7100746, 47.1226279 ], [ 28.7100811, 47.1226233 ], [ 28.7100875, 47.1226187 ], [ 28.710094, 47.1226141 ], [ 28.7100938, 47.1226096 ], [ 28.7101132, 47.1225958 ], [ 28.7101129, 47.1225868 ], [ 28.710158, 47.1225546 ], [ 28.7101578, 47.1225501 ], [ 28.7101772, 47.1225363 ], [ 28.7101833, 47.1225228 ], [ 28.7102027, 47.122509 ], [ 28.7102025, 47.1225045 ], [ 28.7102154, 47.1224953 ], [ 28.7102153, 47.1224908 ], [ 28.7102282, 47.1224816 ], [ 28.710228, 47.1224771 ], [ 28.7102473, 47.1224633 ], [ 28.7102472, 47.1224588 ], [ 28.7102472, 47.1224588 ], [ 28.7102473, 47.1224633 ], [ 28.7102476, 47.1224723 ], [ 28.7102283, 47.1224861 ], [ 28.7102293, 47.1225176 ], [ 28.7102229, 47.1225222 ], [ 28.7102164, 47.1225268 ], [ 28.71021, 47.1225314 ], [ 28.7102035, 47.122536 ], [ 28.7101971, 47.1225405 ], [ 28.7101906, 47.1225451 ], [ 28.7101842, 47.1225497 ], [ 28.7101777, 47.1225543 ], [ 28.7101713, 47.1225589 ], [ 28.7101649, 47.1225635 ], [ 28.7101584, 47.1225681 ], [ 28.710152, 47.1225727 ], [ 28.7101455, 47.1225773 ], [ 28.7101391, 47.1225819 ], [ 28.7101326, 47.1225865 ], [ 28.7101262, 47.1225911 ], [ 28.7101197, 47.1225957 ], [ 28.7101133, 47.1226003 ], [ 28.7101069, 47.1226049 ], [ 28.7101004, 47.1226095 ], [ 28.710094, 47.1226141 ], [ 28.7100875, 47.1226187 ], [ 28.7100811, 47.1226233 ], [ 28.7100679, 47.1226235 ], [ 28.710055, 47.1226327 ], [ 28.7100484, 47.1226328 ], [ 28.7100418, 47.1226329 ], [ 28.7100352, 47.122633 ], [ 28.7100287, 47.1226331 ], [ 28.7100221, 47.1226332 ], [ 28.7100155, 47.1226332 ], [ 28.7100089, 47.1226333 ], [ 28.7100023, 47.1226334 ], [ 28.7099891, 47.1226336 ], [ 28.7099824, 47.1226292 ], [ 28.7099758, 47.1226293 ], [ 28.7099692, 47.1226294 ], [ 28.7099626, 47.1226295 ], [ 28.709956, 47.1226296 ], [ 28.7099429, 47.1226298 ], [ 28.7099361, 47.1226254 ], [ 28.7099164, 47.1226257 ], [ 28.7099096, 47.1226213 ], [ 28.7098964, 47.1226215 ], [ 28.7098897, 47.1226171 ], [ 28.7098831, 47.1226172 ], [ 28.7098765, 47.1226173 ], [ 28.7098698, 47.1226129 ], [ 28.7098566, 47.1226131 ], [ 28.7098499, 47.1226087 ], [ 28.7098367, 47.1226089 ], [ 28.70983, 47.1226045 ], [ 28.7098168, 47.1226047 ], [ 28.7098101, 47.1226003 ], [ 28.7097903, 47.1226006 ], [ 28.7097836, 47.1225962 ], [ 28.7097704, 47.1225964 ], [ 28.7097637, 47.122592 ], [ 28.7097505, 47.1225922 ], [ 28.7097437, 47.1225878 ], [ 28.7097372, 47.1225879 ], [ 28.7097306, 47.122588 ], [ 28.7097238, 47.1225836 ], [ 28.7097107, 47.1225838 ], [ 28.7097039, 47.1225794 ], [ 28.7096842, 47.1225797 ], [ 28.7096774, 47.1225753 ], [ 28.7096642, 47.1225755 ], [ 28.7096575, 47.1225711 ], [ 28.7096443, 47.1225713 ], [ 28.7096376, 47.1225669 ], [ 28.709631, 47.122567 ], [ 28.7095973, 47.122545 ], [ 28.7095908, 47.1225451 ], [ 28.7095183, 47.1225462 ], [ 28.7095115, 47.1225418 ], [ 28.709505, 47.1225419 ], [ 28.7094984, 47.122542 ], [ 28.7094916, 47.1225376 ], [ 28.7094785, 47.1225378 ], [ 28.7094717, 47.1225334 ], [ 28.7094585, 47.1225336 ], [ 28.7094518, 47.1225292 ], [ 28.7094452, 47.1225293 ], [ 28.7094386, 47.1225294 ], [ 28.7094321, 47.1225295 ], [ 28.7094253, 47.1225251 ], [ 28.7094121, 47.1225253 ], [ 28.7094054, 47.1225209 ], [ 28.7093922, 47.1225211 ], [ 28.7093855, 47.1225167 ], [ 28.7093723, 47.1225169 ], [ 28.7093656, 47.1225125 ], [ 28.709359, 47.1225126 ], [ 28.7093524, 47.1225127 ], [ 28.7093457, 47.1225083 ], [ 28.7093325, 47.1225085 ], [ 28.7093258, 47.1225041 ], [ 28.709306, 47.1225044 ], [ 28.7092993, 47.1225 ], [ 28.7092861, 47.1225002 ], [ 28.7092794, 47.1224958 ], [ 28.7092662, 47.122496 ], [ 28.7092594, 47.1224916 ], [ 28.7092529, 47.1224917 ], [ 28.7092463, 47.1224918 ], [ 28.7092395, 47.1224874 ], [ 28.7092264, 47.1224876 ], [ 28.7092196, 47.1224832 ], [ 28.709213, 47.1224832 ], [ 28.7092064, 47.1224833 ], [ 28.7091997, 47.1224789 ], [ 28.7091799, 47.1224792 ], [ 28.7091732, 47.1224748 ], [ 28.70916, 47.122475 ], [ 28.7091533, 47.1224706 ], [ 28.7091401, 47.1224708 ], [ 28.7091334, 47.1224664 ], [ 28.7091202, 47.1224666 ], [ 28.7091135, 47.1224622 ], [ 28.7091069, 47.1224623 ], [ 28.7091003, 47.1224624 ], [ 28.7090936, 47.122458 ], [ 28.7090738, 47.1224583 ], [ 28.7090671, 47.1224539 ], [ 28.7090605, 47.122454 ], [ 28.7090539, 47.1224541 ], [ 28.7090472, 47.1224497 ], [ 28.709034, 47.1224499 ], [ 28.7090272, 47.1224455 ], [ 28.7090141, 47.1224457 ], [ 28.7090073, 47.1224413 ], [ 28.7089942, 47.1224415 ], [ 28.7089874, 47.1224371 ], [ 28.7089808, 47.1224372 ], [ 28.7089742, 47.1224373 ], [ 28.7089675, 47.1224329 ], [ 28.7089609, 47.122433 ], [ 28.7089477, 47.1224332 ], [ 28.708941, 47.1224288 ], [ 28.7089278, 47.122429 ], [ 28.7089211, 47.1224246 ], [ 28.7089079, 47.1224248 ], [ 28.7089012, 47.1224204 ], [ 28.708888, 47.1224206 ], [ 28.7088813, 47.1224162 ], [ 28.7088681, 47.1224164 ], [ 28.7088614, 47.122412 ], [ 28.7088548, 47.1224121 ], [ 28.7088482, 47.1224122 ], [ 28.7088415, 47.1224078 ], [ 28.7088349, 47.1224079 ], [ 28.7088283, 47.122408 ], [ 28.7088217, 47.1224081 ], [ 28.708815, 47.1224037 ], [ 28.7088018, 47.1224039 ], [ 28.7087951, 47.1223995 ], [ 28.7087819, 47.1223997 ], [ 28.7087751, 47.1223953 ], [ 28.708762, 47.1223955 ], [ 28.7087552, 47.1223911 ], [ 28.7087421, 47.1223913 ], [ 28.7087353, 47.1223869 ], [ 28.7087221, 47.1223871 ], [ 28.7087154, 47.1223827 ], [ 28.7087088, 47.1223828 ], [ 28.7087022, 47.1223829 ], [ 28.7086956, 47.122383 ], [ 28.7086889, 47.1223786 ], [ 28.7086823, 47.1223787 ], [ 28.7086757, 47.1223788 ], [ 28.708669, 47.1223744 ], [ 28.7086558, 47.1223746 ], [ 28.7086491, 47.1223702 ], [ 28.7086359, 47.1223704 ], [ 28.7086292, 47.122366 ], [ 28.708616, 47.1223662 ], [ 28.7086093, 47.1223618 ], [ 28.7085895, 47.1223621 ], [ 28.7085828, 47.1223577 ], [ 28.7085696, 47.1223579 ], [ 28.7085629, 47.1223535 ], [ 28.7085497, 47.1223537 ], [ 28.7085429, 47.1223493 ], [ 28.7085298, 47.1223495 ], [ 28.708523, 47.1223451 ], [ 28.7085164, 47.1223452 ], [ 28.7085099, 47.1223453 ], [ 28.7085031, 47.1223409 ], [ 28.7084899, 47.1223411 ], [ 28.7084832, 47.1223367 ], [ 28.7084766, 47.1223368 ], [ 28.70847, 47.1223369 ], [ 28.7084634, 47.122337 ], [ 28.7084567, 47.1223326 ], [ 28.7084435, 47.1223328 ], [ 28.7084368, 47.1223284 ], [ 28.7084236, 47.1223286 ], [ 28.7084169, 47.1223242 ], [ 28.7084037, 47.1223243 ], [ 28.708397, 47.1223199 ], [ 28.7083838, 47.1223201 ], [ 28.7083771, 47.1223157 ], [ 28.7083705, 47.1223158 ], [ 28.7083639, 47.1223159 ], [ 28.7083572, 47.1223115 ], [ 28.7083374, 47.1223118 ], [ 28.7083307, 47.1223074 ], [ 28.7083241, 47.1223075 ], [ 28.7083175, 47.1223076 ], [ 28.7083108, 47.1223032 ], [ 28.7082976, 47.1223034 ], [ 28.7082908, 47.122299 ], [ 28.7082843, 47.1222991 ], [ 28.7082777, 47.1222992 ], [ 28.7082709, 47.1222948 ], [ 28.7082643, 47.1222949 ], [ 28.7082578, 47.122295 ], [ 28.708251, 47.1222906 ], [ 28.7082444, 47.1222907 ], [ 28.7082378, 47.1222908 ], [ 28.7082311, 47.1222864 ], [ 28.7082245, 47.1222865 ], [ 28.7082179, 47.1222866 ], [ 28.7082113, 47.1222867 ], [ 28.7082046, 47.1222823 ], [ 28.708198, 47.1222824 ], [ 28.7081914, 47.1222825 ], [ 28.7081847, 47.1222781 ], [ 28.7081781, 47.1222782 ], [ 28.7081715, 47.1222783 ], [ 28.7081648, 47.1222739 ], [ 28.7081581, 47.1222695 ], [ 28.7081513, 47.1222651 ], [ 28.7081446, 47.1222607 ], [ 28.7081379, 47.1222563 ], [ 28.7081311, 47.1222519 ], [ 28.7081244, 47.1222475 ], [ 28.7081177, 47.1222431 ], [ 28.7081109, 47.1222387 ], [ 28.7080975, 47.1222299 ], [ 28.7080973, 47.1222254 ], [ 28.7080972, 47.1222209 ], [ 28.708097, 47.1222164 ], [ 28.7081099, 47.1222072 ], [ 28.7081098, 47.1222027 ], [ 28.7081356, 47.1221844 ], [ 28.7081354, 47.1221799 ], [ 28.7081419, 47.1221753 ], [ 28.7081483, 47.1221707 ], [ 28.7081547, 47.1221661 ], [ 28.7081546, 47.1221616 ], [ 28.708161, 47.122157 ], [ 28.7081675, 47.1221524 ], [ 28.7081739, 47.1221478 ], [ 28.7081804, 47.1221432 ], [ 28.7081802, 47.1221387 ], [ 28.7081867, 47.1221341 ], [ 28.7081931, 47.1221295 ], [ 28.7081996, 47.1221249 ], [ 28.7081994, 47.1221204 ], [ 28.7082059, 47.1221158 ], [ 28.7082123, 47.1221112 ], [ 28.7082188, 47.1221066 ], [ 28.7082252, 47.122102 ], [ 28.7082251, 47.1220975 ], [ 28.7082315, 47.1220929 ], [ 28.708238, 47.1220884 ], [ 28.7082444, 47.1220838 ], [ 28.7082443, 47.1220793 ], [ 28.7082507, 47.1220747 ], [ 28.7082571, 47.1220701 ], [ 28.7082636, 47.1220655 ], [ 28.70827, 47.1220609 ], [ 28.7082699, 47.1220564 ], [ 28.7082763, 47.1220518 ], [ 28.7082828, 47.1220472 ], [ 28.7082892, 47.1220426 ], [ 28.7082891, 47.1220381 ], [ 28.7082955, 47.1220335 ], [ 28.708302, 47.1220289 ], [ 28.7083084, 47.1220243 ], [ 28.7083083, 47.1220198 ], [ 28.7083147, 47.1220152 ], [ 28.7083212, 47.1220106 ], [ 28.7083276, 47.122006 ], [ 28.708334, 47.1220014 ], [ 28.7083339, 47.1219969 ], [ 28.7083403, 47.1219923 ], [ 28.7083468, 47.1219877 ], [ 28.7083532, 47.1219831 ], [ 28.7083531, 47.1219786 ], [ 28.7083595, 47.1219741 ], [ 28.708366, 47.1219695 ], [ 28.7083724, 47.1219649 ], [ 28.7083723, 47.1219604 ], [ 28.7083787, 47.1219558 ], [ 28.7083852, 47.1219512 ], [ 28.7083916, 47.1219466 ], [ 28.7083915, 47.1219421 ], [ 28.7083979, 47.1219375 ], [ 28.7084044, 47.1219329 ], [ 28.7084108, 47.1219283 ], [ 28.7084107, 47.1219238 ], [ 28.7084171, 47.1219192 ], [ 28.7084236, 47.1219146 ], [ 28.70843, 47.12191 ], [ 28.7084299, 47.1219055 ], [ 28.7084363, 47.1219009 ], [ 28.7084427, 47.1218963 ], [ 28.7084492, 47.1218917 ], [ 28.7084556, 47.1218871 ], [ 28.7084555, 47.1218826 ], [ 28.7084619, 47.121878 ], [ 28.7084684, 47.1218734 ], [ 28.7084748, 47.1218688 ], [ 28.7084747, 47.1218643 ], [ 28.7084811, 47.1218598 ], [ 28.7084876, 47.1218552 ], [ 28.708494, 47.1218506 ], [ 28.7084939, 47.1218461 ], [ 28.7085003, 47.1218415 ], [ 28.7085068, 47.1218369 ], [ 28.7085132, 47.1218323 ], [ 28.7085197, 47.1218277 ], [ 28.7085195, 47.1218232 ], [ 28.708526, 47.1218186 ], [ 28.7085324, 47.121814 ], [ 28.7085388, 47.1218094 ], [ 28.7085387, 47.1218049 ], [ 28.7085451, 47.1218003 ], [ 28.7085516, 47.1217957 ], [ 28.708558, 47.1217911 ], [ 28.7085579, 47.1217866 ], [ 28.7085643, 47.121782 ], [ 28.7085708, 47.1217774 ], [ 28.7085772, 47.1217728 ], [ 28.7085771, 47.1217683 ], [ 28.7085835, 47.1217637 ], [ 28.70859, 47.1217591 ], [ 28.7085964, 47.1217545 ], [ 28.7085963, 47.12175 ], [ 28.7086027, 47.1217455 ], [ 28.7086092, 47.1217409 ], [ 28.7086156, 47.1217363 ], [ 28.7086155, 47.1217318 ], [ 28.7086219, 47.1217272 ], [ 28.7086283, 47.1217226 ], [ 28.7086348, 47.121718 ], [ 28.7086412, 47.1217134 ], [ 28.7086411, 47.1217089 ], [ 28.7086475, 47.1217043 ], [ 28.708654, 47.1216997 ], [ 28.7086604, 47.1216951 ], [ 28.7086603, 47.1216906 ], [ 28.7086667, 47.121686 ], [ 28.7086732, 47.1216814 ], [ 28.7086796, 47.1216768 ], [ 28.7086861, 47.1216722 ], [ 28.7086859, 47.1216677 ], [ 28.7086924, 47.1216631 ], [ 28.7086988, 47.1216585 ], [ 28.7087053, 47.1216539 ], [ 28.7087051, 47.1216494 ], [ 28.7087116, 47.1216448 ], [ 28.708718, 47.1216402 ], [ 28.7087244, 47.1216356 ], [ 28.7087309, 47.1216311 ], [ 28.7087307, 47.1216266 ], [ 28.7087372, 47.121622 ], [ 28.7087436, 47.1216174 ], [ 28.7087501, 47.1216128 ], [ 28.7087499, 47.1216083 ], [ 28.7087564, 47.1216037 ], [ 28.7087628, 47.1215991 ], [ 28.7087693, 47.1215945 ], [ 28.7087691, 47.12159 ], [ 28.7087756, 47.1215854 ], [ 28.708782, 47.1215808 ], [ 28.7087885, 47.1215762 ], [ 28.7087883, 47.1215717 ], [ 28.7087948, 47.1215671 ], [ 28.7088012, 47.1215625 ], [ 28.7088076, 47.1215579 ], [ 28.7088075, 47.1215534 ], [ 28.7088139, 47.1215488 ], [ 28.7088268, 47.1215396 ], [ 28.7088267, 47.1215351 ], [ 28.7088331, 47.1215305 ], [ 28.708846, 47.1215213 ], [ 28.7088459, 47.1215169 ], [ 28.7088523, 47.1215123 ], [ 28.7088652, 47.1215031 ], [ 28.7088651, 47.1214986 ], [ 28.7088715, 47.121494 ], [ 28.708878, 47.1214894 ], [ 28.7088844, 47.1214848 ], [ 28.7088843, 47.1214803 ], [ 28.7088907, 47.1214757 ], [ 28.7088972, 47.1214711 ], [ 28.708897, 47.1214666 ], [ 28.7088967, 47.1214576 ], [ 28.70889, 47.1214532 ], [ 28.7087714, 47.121455 ], [ 28.7087647, 47.1214506 ], [ 28.7087515, 47.1214508 ], [ 28.7087447, 47.1214464 ], [ 28.7087316, 47.1214466 ], [ 28.7087251, 47.1214512 ], [ 28.7087267, 47.1215006 ], [ 28.7086752, 47.1215374 ], [ 28.7086763, 47.1215734 ], [ 28.708657, 47.1215872 ], [ 28.7086571, 47.1215917 ], [ 28.7086378, 47.1216054 ], [ 28.7086379, 47.1216099 ], [ 28.7086186, 47.1216237 ], [ 28.7086187, 47.1216282 ], [ 28.708593, 47.1216466 ], [ 28.7085931, 47.1216511 ], [ 28.7085738, 47.1216649 ], [ 28.7085739, 47.1216694 ], [ 28.7085354, 47.1217015 ], [ 28.7085355, 47.121706 ], [ 28.7085226, 47.1217152 ], [ 28.7085228, 47.1217196 ], [ 28.7085099, 47.1217288 ], [ 28.70851, 47.1217333 ], [ 28.7084971, 47.1217425 ], [ 28.7084973, 47.121747 ], [ 28.7084844, 47.1217562 ], [ 28.7084845, 47.1217607 ], [ 28.7084652, 47.1217745 ], [ 28.7084654, 47.121779 ], [ 28.7084396, 47.1217974 ], [ 28.7084397, 47.1218019 ], [ 28.7084011, 47.1218295 ], [ 28.7084013, 47.1218384 ], [ 28.7083628, 47.1218705 ], [ 28.708363, 47.121875 ], [ 28.7083501, 47.1218842 ], [ 28.7083502, 47.1218887 ], [ 28.7083373, 47.1218979 ], [ 28.7083375, 47.1219024 ], [ 28.7083246, 47.1219116 ], [ 28.7083247, 47.1219161 ], [ 28.7082087, 47.1219988 ], [ 28.7082167, 47.1220048 ], [ 28.7080786, 47.1221344 ], [ 28.7081507, 47.1221702 ], [ 28.7089433, 47.1214268 ], [ 28.7092898, 47.1211085 ], [ 28.7092931, 47.1211101 ], [ 28.7089008, 47.1214706 ], [ 28.7080981, 47.1222196 ], [ 28.7074701, 47.1228056 ], [ 28.7075051, 47.122823 ], [ 28.7075166, 47.1228121 ], [ 28.7080753, 47.1222822 ], [ 28.7093274, 47.1210946 ], [ 28.7093666, 47.1211139 ], [ 28.709355, 47.1211248 ], [ 28.7090455, 47.1214173 ], [ 28.7081697, 47.1222451 ], [ 28.7081637, 47.1222422 ], [ 28.7089831, 47.1214748 ], [ 28.7090156, 47.1214909 ], [ 28.7081532, 47.1222987 ], [ 28.7075162, 47.1228992 ], [ 28.7075474, 47.1229146 ], [ 28.7091046, 47.1214466 ], [ 28.7094454, 47.1211269 ], [ 28.7094442, 47.1211263 ], [ 28.7090425, 47.1215031 ], [ 28.7082392, 47.1222563 ], [ 28.7074921, 47.1229568 ], [ 28.7075295, 47.1229753 ], [ 28.707541, 47.1229644 ], [ 28.7082169, 47.1223236 ], [ 28.7094833, 47.1211231 ], [ 28.7095216, 47.1211419 ], [ 28.7083032, 47.1222781 ], [ 28.7083071, 47.12228 ], [ 28.7091336, 47.121505 ], [ 28.7091633, 47.1215197 ], [ 28.7083001, 47.1223293 ], [ 28.7075561, 47.1230348 ], [ 28.7075931, 47.1230529 ], [ 28.7092445, 47.1214872 ], [ 28.7095877, 47.1211669 ], [ 28.7095898, 47.121168 ], [ 28.709198, 47.1215336 ], [ 28.708394, 47.1222865 ], [ 28.7077182, 47.1229194 ], [ 28.7077502, 47.1229353 ], [ 28.7077618, 47.1229243 ], [ 28.7083755, 47.1223445 ], [ 28.7096274, 47.1211618 ], [ 28.709663, 47.1211793 ], [ 28.7096514, 47.1211902 ], [ 28.7093246, 47.1214981 ], [ 28.7084606, 47.1223118 ], [ 28.7084575, 47.1223102 ], [ 28.7084692, 47.1222993 ], [ 28.7092722, 47.1215482 ], [ 28.7092838, 47.1215373 ], [ 28.7093116, 47.1215511 ], [ 28.7084501, 47.1223571 ], [ 28.7077056, 47.1230628 ], [ 28.7077434, 47.1230814 ], [ 28.709394, 47.121517 ], [ 28.7097447, 47.1211909 ], [ 28.7093348, 47.121572 ], [ 28.7085274, 47.1223249 ], [ 28.7085551, 47.1223388 ], [ 28.7094263, 47.1215263 ], [ 28.7097719, 47.1212044 ], [ 28.7097754, 47.1212062 ], [ 28.7085195, 47.122376 ], [ 28.707763, 47.1230902 ], [ 28.7077926, 47.1231048 ], [ 28.7086189, 47.1223248 ], [ 28.7094234, 47.1215754 ], [ 28.7094641, 47.1215958 ], [ 28.708613, 47.1223889 ], [ 28.7078765, 47.1230921 ], [ 28.70793, 47.1231182 ], [ 28.7095696, 47.121553 ], [ 28.7103463, 47.1208205 ], [ 28.7103419, 47.1208183 ], [ 28.7095108, 47.1216021 ], [ 28.7087058, 47.1223501 ], [ 28.7078967, 47.123102 ], [ 28.7079085, 47.1231079 ], [ 28.7079201, 47.123097 ], [ 28.7086557, 47.1224036 ], [ 28.7103561, 47.1208005 ], [ 28.7104229, 47.1208335 ], [ 28.7087857, 47.1223797 ], [ 28.708775, 47.1223745 ], [ 28.7095983, 47.1216067 ], [ 28.7087323, 47.1224149 ], [ 28.7079828, 47.1231276 ], [ 28.7080596, 47.1231653 ], [ 28.7097176, 47.1215886 ], [ 28.7105035, 47.1208462 ], [ 28.7104996, 47.1208443 ], [ 28.7096685, 47.1216293 ], [ 28.7088765, 47.1223681 ], [ 28.7080452, 47.1231435 ], [ 28.7080519, 47.1231469 ], [ 28.7080634, 47.1231359 ], [ 28.7088037, 47.1224325 ], [ 28.710498, 47.1208223 ], [ 28.710578, 47.1208615 ], [ 28.7089377, 47.1224085 ], [ 28.7089301, 47.1224047 ], [ 28.7097535, 47.1216348 ], [ 28.7088807, 47.1224486 ], [ 28.7081301, 47.123159 ], [ 28.7081754, 47.1231813 ], [ 28.7103819, 47.121093 ], [ 28.7104958, 47.1209861 ], [ 28.7105251, 47.1210006 ], [ 28.7098214, 47.1216607 ], [ 28.7090167, 47.1224044 ], [ 28.7081901, 47.1231682 ], [ 28.7082021, 47.1231742 ], [ 28.7082137, 47.1231632 ], [ 28.7089545, 47.122463 ], [ 28.7106477, 47.1208624 ], [ 28.7106913, 47.1208839 ], [ 28.7090523, 47.1224231 ], [ 28.7090781, 47.122436 ], [ 28.7099026, 47.1216665 ], [ 28.7099023, 47.1216664 ], [ 28.7090317, 47.1224791 ], [ 28.7082683, 47.1231953 ], [ 28.7083039, 47.123213 ], [ 28.7099832, 47.1216371 ], [ 28.7107526, 47.1209109 ], [ 28.7107799, 47.1209245 ], [ 28.7099676, 47.1216911 ], [ 28.709162, 47.1224431 ], [ 28.7083396, 47.1232107 ], [ 28.7083401, 47.123211 ], [ 28.7083518, 47.1232001 ], [ 28.7091039, 47.1224971 ], [ 28.7108089, 47.1209033 ], [ 28.7108398, 47.1209187 ], [ 28.709196, 47.1224567 ], [ 28.7092228, 47.12247 ], [ 28.7100548, 47.1216976 ], [ 28.7100571, 47.1216988 ], [ 28.7091834, 47.1225099 ], [ 28.7084396, 47.1232014 ], [ 28.7084697, 47.1232165 ], [ 28.7101311, 47.1216716 ], [ 28.7109102, 47.1209386 ], [ 28.7109392, 47.120953 ], [ 28.7101113, 47.1217318 ], [ 28.709314, 47.1224719 ], [ 28.7084976, 47.1232296 ], [ 28.7085017, 47.1232317 ], [ 28.7085133, 47.1232208 ], [ 28.7092525, 47.1225286 ], [ 28.7095036, 47.1222934 ], [ 28.709534, 47.1223085 ], [ 28.7093386, 47.1224919 ], [ 28.709342, 47.1224935 ], [ 28.7097343, 47.1221295 ], [ 28.7097695, 47.1221477 ], [ 28.7093298, 47.1225447 ], [ 28.7085822, 47.1232411 ], [ 28.708639, 47.1232695 ], [ 28.7097046, 47.122277 ], [ 28.7102801, 47.1217411 ], [ 28.7102783, 47.1217402 ], [ 28.7094036, 47.1225547 ], [ 28.7086537, 47.1232554 ], [ 28.7086725, 47.1232648 ], [ 28.710744, 47.1213285 ], [ 28.7109167, 47.1211593 ], [ 28.7102931, 47.1217642 ], [ 28.7097187, 47.1223007 ], [ 28.7097312, 47.1223069 ], [ 28.7109055, 47.12121 ], [ 28.7109216, 47.121218 ], [ 28.7094847, 47.122566 ], [ 28.7087177, 47.1232805 ], [ 28.7087761, 47.1233098 ], [ 28.7096106, 47.1225324 ], [ 28.7105593, 47.1216494 ], [ 28.7105593, 47.1216494 ], [ 28.7095511, 47.1225879 ], [ 28.7088025, 47.1232832 ], [ 28.7087908, 47.123294 ], [ 28.7088453, 47.1233214 ], [ 28.7105823, 47.1216853 ], [ 28.7105503, 47.1216695 ], [ 28.7104767, 47.1217385 ], [ 28.7105122, 47.1217729 ], [ 28.7096941, 47.1225472 ], [ 28.7088838, 47.123314 ], [ 28.7088686, 47.1233066 ], [ 28.7096494, 47.1225818 ], [ 28.7097079, 47.1226112 ], [ 28.7089442, 47.1233213 ], [ 28.7089503, 47.1233243 ], [ 28.7097665, 47.1225653 ], [ 28.7106404, 47.1217453 ], [ 28.7107013, 47.1217755 ], [ 28.7106896, 47.1217864 ], [ 28.7098448, 47.1225708 ], [ 28.7090289, 47.1233283 ], [ 28.7090271, 47.1233274 ], [ 28.7090388, 47.1233166 ], [ 28.7097738, 47.1226361 ], [ 28.7107029, 47.121776 ], [ 28.7107571, 47.1218033 ], [ 28.7107455, 47.1218142 ], [ 28.7098981, 47.1226061 ], [ 28.7090988, 47.123353 ], [ 28.7090935, 47.1233504 ], [ 28.7091052, 47.1233395 ], [ 28.7098476, 47.1226505 ], [ 28.710747, 47.1218157 ], [ 28.7108047, 47.1218447 ], [ 28.710793, 47.1218556 ], [ 28.7099891, 47.1226041 ], [ 28.709458, 47.1230986 ], [ 28.7094571, 47.1230982 ], [ 28.7096343, 47.1229335 ], [ 28.7096584, 47.1229456 ], [ 28.7092088, 47.1233642 ], [ 28.7092216, 47.1233705 ], [ 28.7105829, 47.1220934 ], [ 28.710652, 47.1220292 ], [ 28.7106891, 47.1220478 ], [ 28.7105545, 47.1221737 ], [ 28.7105248, 47.1222032 ], [ 28.7103553, 47.122372 ], [ 28.7103531, 47.1223709 ], [ 28.7103647, 47.12236 ], [ 28.7103925, 47.1223337 ], [ 28.7105914, 47.1221459 ], [ 28.7106093, 47.1221548 ], [ 28.7104796, 47.1222779 ], [ 28.7105459, 47.1223104 ], [ 28.7106034, 47.12226 ], [ 28.7105967, 47.1222556 ], [ 28.7105962, 47.1222421 ], [ 28.7105828, 47.1222333 ], [ 28.7105823, 47.1222198 ], [ 28.7105888, 47.1222152 ], [ 28.7105949, 47.1222016 ], [ 28.7106206, 47.1221788 ], [ 28.7106204, 47.1221743 ], [ 28.7106526, 47.1221513 ], [ 28.7106525, 47.1221468 ], [ 28.7106783, 47.1221284 ], [ 28.7106781, 47.1221239 ], [ 28.7107103, 47.1221009 ], [ 28.7107102, 47.1220964 ], [ 28.7107295, 47.1220827 ], [ 28.7107294, 47.1220782 ], [ 28.7107487, 47.1220644 ], [ 28.7107486, 47.1220599 ], [ 28.7107679, 47.1220461 ], [ 28.7107678, 47.1220416 ], [ 28.7107871, 47.1220278 ], [ 28.710787, 47.1220233 ], [ 28.7109159, 47.1219314 ], [ 28.7109157, 47.1219269 ], [ 28.7111605, 47.1217478 ], [ 28.7111603, 47.1217433 ], [ 28.7112376, 47.1216881 ], [ 28.7112375, 47.1216836 ], [ 28.7112697, 47.1216606 ], [ 28.7112696, 47.1216561 ], [ 28.7113018, 47.1216332 ], [ 28.7113017, 47.1216287 ], [ 28.711366, 47.1215782 ], [ 28.7113658, 47.1215737 ], [ 28.7113916, 47.1215553 ], [ 28.7113915, 47.1215508 ], [ 28.7114172, 47.1215324 ], [ 28.7114171, 47.1215279 ], [ 28.7114685, 47.1214867 ], [ 28.7114684, 47.1214822 ], [ 28.7114877, 47.1214684 ], [ 28.7114875, 47.1214639 ], [ 28.711539, 47.1214226 ], [ 28.7115388, 47.1214181 ], [ 28.7115581, 47.1214044 ], [ 28.711558, 47.1213999 ], [ 28.7116094, 47.1213586 ], [ 28.7116093, 47.1213541 ], [ 28.7116286, 47.1213403 ], [ 28.7116285, 47.1213358 ], [ 28.7116478, 47.121322 ], [ 28.7116476, 47.1213175 ], [ 28.711667, 47.1213037 ], [ 28.7116668, 47.1212992 ], [ 28.7116862, 47.1212855 ], [ 28.711686, 47.121281 ], [ 28.7117054, 47.1212672 ], [ 28.7117052, 47.1212627 ], [ 28.7117245, 47.1212489 ], [ 28.7117244, 47.1212444 ], [ 28.7117437, 47.1212306 ], [ 28.7117436, 47.1212261 ], [ 28.7117629, 47.1212123 ], [ 28.7117628, 47.1212078 ], [ 28.7117821, 47.121194 ], [ 28.711782, 47.1211895 ], [ 28.7118013, 47.1211757 ], [ 28.7118012, 47.1211713 ], [ 28.7118205, 47.1211575 ], [ 28.7118203, 47.121153 ], [ 28.7118397, 47.1211392 ], [ 28.7118395, 47.1211347 ], [ 28.7118653, 47.1211163 ], [ 28.7118652, 47.1211118 ], [ 28.7118845, 47.121098 ], [ 28.7118844, 47.1210935 ], [ 28.7119037, 47.1210797 ], [ 28.7119035, 47.1210752 ], [ 28.7119229, 47.1210614 ], [ 28.7119227, 47.1210569 ], [ 28.7119421, 47.1210432 ], [ 28.7119419, 47.1210387 ], [ 28.7119613, 47.1210249 ], [ 28.7119611, 47.1210204 ], [ 28.7119996, 47.1209883 ], [ 28.7119995, 47.1209838 ], [ 28.7120124, 47.1209746 ], [ 28.7120122, 47.1209701 ], [ 28.7120508, 47.120938 ], [ 28.7120506, 47.1209336 ], [ 28.7120635, 47.1209244 ], [ 28.7120634, 47.1209199 ], [ 28.7121019, 47.1208878 ], [ 28.7121017, 47.1208833 ], [ 28.7121146, 47.1208741 ], [ 28.7121145, 47.1208696 ], [ 28.712153, 47.1208375 ], [ 28.7121529, 47.120833 ], [ 28.7121657, 47.1208238 ], [ 28.7121656, 47.1208193 ], [ 28.7122041, 47.1207873 ], [ 28.712204, 47.1207828 ], [ 28.7122169, 47.1207736 ], [ 28.7122167, 47.1207691 ], [ 28.7122552, 47.120737 ], [ 28.7122551, 47.1207325 ], [ 28.712268, 47.1207233 ], [ 28.7122678, 47.1207188 ], [ 28.7123064, 47.1206868 ], [ 28.7123062, 47.1206823 ], [ 28.7123191, 47.1206731 ], [ 28.712319, 47.1206686 ], [ 28.7122786, 47.1206422 ], [ 28.7122784, 47.1206377 ], [ 28.7122783, 47.1206332 ], [ 28.7122781, 47.1206287 ], [ 28.712278, 47.1206242 ], [ 28.7122778, 47.1206197 ], [ 28.7122644, 47.1206109 ], [ 28.7122618, 47.1206123 ], [ 28.7122831, 47.1206229 ], [ 28.7122991, 47.1206308 ], [ 28.7121611, 47.1205623 ], [ 28.7122406, 47.1204853 ], [ 28.7122921, 47.1204485 ], [ 28.712292, 47.120444 ], [ 28.7123435, 47.1204072 ], [ 28.7123434, 47.1204027 ], [ 28.7123627, 47.120389 ], [ 28.7123621, 47.120371 ], [ 28.712375, 47.1203618 ], [ 28.7123749, 47.1203573 ], [ 28.7123728, 47.1203593 ], [ 28.7124225, 47.1203127 ], [ 28.7124196, 47.1203116 ], [ 28.7124197, 47.1203161 ], [ 28.71242, 47.1203251 ], [ 28.7124136, 47.1203297 ], [ 28.7124071, 47.1203343 ], [ 28.7124007, 47.1203389 ], [ 28.7123942, 47.1203435 ], [ 28.7123878, 47.1203481 ], [ 28.7123813, 47.1203527 ], [ 28.7123749, 47.1203573 ], [ 28.712375, 47.1203618 ], [ 28.7123755, 47.1203753 ], [ 28.7123886, 47.1203751 ], [ 28.7123954, 47.1203795 ], [ 28.7123968, 47.1204244 ], [ 28.712371, 47.1204428 ], [ 28.7123721, 47.1204743 ], [ 28.7123592, 47.1204835 ], [ 28.7123596, 47.120497 ], [ 28.7123532, 47.1205016 ], [ 28.7123536, 47.1205151 ], [ 28.7123603, 47.1205195 ], [ 28.7123933, 47.120519 ], [ 28.7124404, 47.1205498 ], [ 28.7124597, 47.120536 ], [ 28.7124596, 47.1205315 ], [ 28.7124725, 47.1205223 ], [ 28.7124723, 47.1205178 ], [ 28.7125108, 47.1204857 ], [ 28.7125107, 47.1204812 ], [ 28.7125236, 47.120472 ], [ 28.7125234, 47.1204675 ], [ 28.7125363, 47.1204583 ], [ 28.7125362, 47.1204539 ], [ 28.7125491, 47.1204447 ], [ 28.7125489, 47.1204402 ], [ 28.7125683, 47.1204264 ], [ 28.7125681, 47.1204219 ], [ 28.712581, 47.1204127 ], [ 28.7125809, 47.1204082 ], [ 28.7125938, 47.120399 ], [ 28.7125936, 47.1203945 ], [ 28.7126129, 47.1203807 ], [ 28.7126128, 47.1203762 ], [ 28.7126257, 47.120367 ], [ 28.7126255, 47.1203625 ], [ 28.7126384, 47.1203533 ], [ 28.7126383, 47.1203488 ], [ 28.7126512, 47.1203396 ], [ 28.712651, 47.1203351 ], [ 28.7126704, 47.1203214 ], [ 28.7126702, 47.1203169 ], [ 28.7126831, 47.1203077 ], [ 28.712683, 47.1203032 ], [ 28.7126959, 47.120294 ], [ 28.7126957, 47.1202895 ], [ 28.712715, 47.1202757 ], [ 28.7127149, 47.1202712 ], [ 28.7127278, 47.120262 ], [ 28.7127276, 47.1202575 ], [ 28.7127405, 47.1202483 ], [ 28.7127404, 47.1202438 ], [ 28.7127533, 47.1202346 ], [ 28.7127531, 47.1202301 ], [ 28.7127725, 47.1202163 ], [ 28.7127723, 47.1202118 ], [ 28.7127852, 47.1202027 ], [ 28.7127851, 47.1201982 ], [ 28.7128044, 47.1201844 ], [ 28.7128043, 47.1201799 ], [ 28.7128429, 47.1201523 ], [ 28.7128428, 47.1201478 ], [ 28.7128814, 47.1201202 ], [ 28.7128813, 47.1201157 ], [ 28.7129135, 47.1200928 ], [ 28.7129134, 47.1200883 ], [ 28.712952, 47.1200607 ], [ 28.7129519, 47.1200562 ], [ 28.7129906, 47.1200286 ], [ 28.7129904, 47.1200241 ], [ 28.7130226, 47.1200011 ], [ 28.7130225, 47.1199966 ], [ 28.7130612, 47.1199691 ], [ 28.713061, 47.1199646 ], [ 28.7131317, 47.1199095 ], [ 28.7131316, 47.119905 ], [ 28.7131574, 47.1198866 ], [ 28.7131572, 47.1198821 ], [ 28.7131766, 47.1198683 ], [ 28.7131764, 47.1198638 ], [ 28.7131958, 47.1198501 ], [ 28.7131956, 47.1198456 ], [ 28.7132149, 47.1198318 ], [ 28.7132148, 47.1198273 ], [ 28.7132341, 47.1198135 ], [ 28.713234, 47.119809 ], [ 28.7132533, 47.1197952 ], [ 28.7132532, 47.1197907 ], [ 28.7132725, 47.1197769 ], [ 28.7132724, 47.1197724 ], [ 28.7132853, 47.1197632 ], [ 28.7132851, 47.1197587 ], [ 28.7133044, 47.1197449 ], [ 28.7133043, 47.1197405 ], [ 28.7133236, 47.1197267 ], [ 28.7133235, 47.1197222 ], [ 28.7133493, 47.1197038 ], [ 28.7133491, 47.1196993 ], [ 28.7133942, 47.1196671 ], [ 28.7133941, 47.1196626 ], [ 28.7134392, 47.1196304 ], [ 28.713439, 47.1196259 ], [ 28.7134777, 47.1195984 ], [ 28.7134776, 47.1195939 ], [ 28.7135612, 47.1195296 ], [ 28.713561, 47.1195251 ], [ 28.7135868, 47.1195068 ], [ 28.7135867, 47.1195023 ], [ 28.7136125, 47.1194839 ], [ 28.7136123, 47.1194794 ], [ 28.7136381, 47.119461 ], [ 28.7136379, 47.1194565 ], [ 28.7136637, 47.1194381 ], [ 28.7136636, 47.1194336 ], [ 28.7136894, 47.1194152 ], [ 28.7136892, 47.1194107 ], [ 28.713715, 47.1193923 ], [ 28.7137148, 47.1193879 ], [ 28.7137406, 47.1193695 ], [ 28.7137405, 47.119365 ], [ 28.7137662, 47.1193466 ], [ 28.7137661, 47.1193421 ], [ 28.7137919, 47.1193237 ], [ 28.7137917, 47.1193192 ], [ 28.7138175, 47.1193008 ], [ 28.7138174, 47.1192963 ], [ 28.7138431, 47.1192779 ], [ 28.713843, 47.1192734 ], [ 28.7138752, 47.1192505 ], [ 28.7138751, 47.119246 ], [ 28.7139009, 47.1192276 ], [ 28.7139007, 47.1192231 ], [ 28.7139265, 47.1192047 ], [ 28.7139263, 47.1192002 ], [ 28.7139521, 47.1191818 ], [ 28.713952, 47.1191773 ], [ 28.7139777, 47.1191589 ], [ 28.7139776, 47.1191544 ], [ 28.7140034, 47.1191361 ], [ 28.7140032, 47.1191316 ], [ 28.714029, 47.1191132 ], [ 28.7140289, 47.1191087 ], [ 28.7140546, 47.1190903 ], [ 28.7140545, 47.1190858 ], [ 28.7141512, 47.1190169 ], [ 28.714151, 47.1190124 ], [ 28.7141703, 47.1189986 ], [ 28.7141702, 47.1189941 ], [ 28.7141958, 47.1189712 ], [ 28.7141925, 47.1188678 ], [ 28.7141858, 47.1188634 ], [ 28.7141856, 47.1188589 ], [ 28.7141789, 47.1188545 ], [ 28.7141788, 47.11885 ], [ 28.714172, 47.1188456 ], [ 28.7141719, 47.1188411 ], [ 28.7141651, 47.1188367 ], [ 28.714165, 47.1188322 ], [ 28.7141583, 47.1188278 ], [ 28.7141581, 47.1188233 ], [ 28.714117, 47.1187744 ], [ 28.7141167, 47.1187654 ], [ 28.71411, 47.118761 ], [ 28.7141098, 47.1187565 ], [ 28.7141031, 47.1187521 ], [ 28.714103, 47.1187476 ], [ 28.7140962, 47.1187432 ], [ 28.7140961, 47.1187387 ], [ 28.7140893, 47.1187343 ], [ 28.7140892, 47.1187298 ], [ 28.7140825, 47.1187254 ], [ 28.7140823, 47.1187209 ], [ 28.7140756, 47.1187165 ], [ 28.7140754, 47.118712 ], [ 28.7140687, 47.1187076 ], [ 28.7140686, 47.1187031 ], [ 28.7140618, 47.1186987 ], [ 28.7140617, 47.1186942 ], [ 28.714055, 47.1186898 ], [ 28.7140548, 47.1186854 ], [ 28.7140481, 47.118681 ], [ 28.7140479, 47.1186765 ], [ 28.7140412, 47.1186721 ], [ 28.7140411, 47.1186676 ], [ 28.7139999, 47.1186187 ], [ 28.7139997, 47.1186097 ], [ 28.7139929, 47.1186053 ], [ 28.7139721, 47.1185741 ], [ 28.7139587, 47.1185653 ], [ 28.7139585, 47.1185608 ], [ 28.7139249, 47.1185388 ], [ 28.7139247, 47.1185343 ], [ 28.7138978, 47.1185167 ], [ 28.7138976, 47.1185122 ], [ 28.7138707, 47.1184946 ], [ 28.7138706, 47.1184901 ], [ 28.7138436, 47.1184725 ], [ 28.7138435, 47.118468 ], [ 28.7138166, 47.1184504 ], [ 28.7138164, 47.1184459 ], [ 28.7137828, 47.118424 ], [ 28.7137826, 47.1184195 ], [ 28.7137557, 47.1184019 ], [ 28.7137555, 47.1183974 ], [ 28.7137286, 47.1183798 ], [ 28.7137285, 47.1183753 ], [ 28.7137015, 47.1183577 ], [ 28.7137014, 47.1183532 ], [ 28.7136745, 47.1183356 ], [ 28.7136743, 47.1183311 ], [ 28.7136474, 47.1183135 ], [ 28.7136472, 47.118309 ], [ 28.7136136, 47.118287 ], [ 28.7136134, 47.1182825 ], [ 28.7135865, 47.1182649 ], [ 28.7135863, 47.1182604 ], [ 28.7135594, 47.1182428 ], [ 28.7135593, 47.1182383 ], [ 28.7135323, 47.1182207 ], [ 28.7135322, 47.1182162 ], [ 28.7134109, 47.1181326 ], [ 28.7134094, 47.1180876 ], [ 28.7134286, 47.1180693 ], [ 28.7134348, 47.1180557 ], [ 28.7134605, 47.1180373 ], [ 28.7134604, 47.1180328 ], [ 28.7135248, 47.1179869 ], [ 28.7135247, 47.1179824 ], [ 28.713647, 47.1178906 ], [ 28.7136468, 47.1178861 ], [ 28.7141559, 47.117523 ], [ 28.7141625, 47.1175229 ], [ 28.7142334, 47.1174723 ], [ 28.71424, 47.1174722 ], [ 28.7143044, 47.1174263 ], [ 28.714311, 47.1174262 ], [ 28.7143884, 47.1173755 ], [ 28.714395, 47.1173754 ], [ 28.7144208, 47.117357 ], [ 28.7144274, 47.1173569 ], [ 28.7144984, 47.1173109 ], [ 28.714505, 47.1173108 ], [ 28.7145308, 47.1172924 ], [ 28.7145374, 47.1172923 ], [ 28.7145696, 47.1172693 ], [ 28.7145762, 47.1172692 ], [ 28.714602, 47.1172508 ], [ 28.7146085, 47.1172507 ], [ 28.7146408, 47.1172278 ], [ 28.7146474, 47.1172277 ], [ 28.7146796, 47.1172047 ], [ 28.7146862, 47.1172046 ], [ 28.7147119, 47.1171862 ], [ 28.7147185, 47.1171861 ], [ 28.7147895, 47.11714 ], [ 28.7147961, 47.1171399 ], [ 28.7148219, 47.1171216 ], [ 28.7148285, 47.1171215 ], [ 28.7148995, 47.1170754 ], [ 28.7149061, 47.1170753 ], [ 28.7149254, 47.1170615 ], [ 28.714932, 47.1170614 ], [ 28.7149385, 47.1170568 ], [ 28.7149449, 47.1170522 ], [ 28.7149514, 47.1170476 ], [ 28.7149578, 47.117043 ], [ 28.7149642, 47.1170384 ], [ 28.7149707, 47.1170338 ], [ 28.7149773, 47.1170337 ], [ 28.7150095, 47.1170108 ], [ 28.7150161, 47.1170107 ], [ 28.7150419, 47.1169923 ], [ 28.7150484, 47.1169922 ], [ 28.7150807, 47.1169692 ], [ 28.7150873, 47.1169691 ], [ 28.715113, 47.1169507 ], [ 28.7151196, 47.1169506 ], [ 28.7151518, 47.1169276 ], [ 28.7151584, 47.1169275 ], [ 28.7151906, 47.1169046 ], [ 28.7151972, 47.1169045 ], [ 28.715223, 47.1168861 ], [ 28.7152296, 47.116886 ], [ 28.7153006, 47.1168399 ], [ 28.7153072, 47.1168398 ], [ 28.7153718, 47.1167984 ], [ 28.7153784, 47.1167983 ], [ 28.715443, 47.1167568 ], [ 28.7154495, 47.1167567 ], [ 28.7157524, 47.1165407 ], [ 28.7157457, 47.1165363 ], [ 28.7157455, 47.1165318 ], [ 28.7157388, 47.1165274 ], [ 28.715732, 47.116523 ], [ 28.7157253, 47.1165186 ], [ 28.7157186, 47.1165142 ], [ 28.7157118, 47.1165098 ], [ 28.7157051, 47.1165054 ], [ 28.7156984, 47.116501 ], [ 28.7156982, 47.1164965 ], [ 28.7156981, 47.116492 ], [ 28.7156979, 47.1164875 ], [ 28.7156978, 47.116483 ], [ 28.7156977, 47.1164785 ], [ 28.7156975, 47.116474 ], [ 28.7156972, 47.116465 ], [ 28.7156905, 47.1164606 ], [ 28.7156903, 47.1164561 ], [ 28.7156567, 47.1164341 ], [ 28.7156565, 47.1164296 ], [ 28.7156229, 47.1164077 ], [ 28.7156227, 47.1164032 ], [ 28.7156025, 47.11639 ], [ 28.7156024, 47.1163855 ], [ 28.7155687, 47.1163635 ], [ 28.7155686, 47.116359 ], [ 28.7155349, 47.116337 ], [ 28.7155348, 47.1163325 ], [ 28.7154673, 47.116284 ], [ 28.7154672, 47.1162795 ], [ 28.7154402, 47.1162619 ], [ 28.7154401, 47.1162574 ], [ 28.7154064, 47.1162354 ], [ 28.7154063, 47.1162309 ], [ 28.7154061, 47.1162264 ], [ 28.7154061, 47.1162264 ], [ 28.7154063, 47.1162309 ], [ 28.7154064, 47.1162354 ], [ 28.7154066, 47.1162399 ], [ 28.7154268, 47.1162531 ], [ 28.7154278, 47.1162846 ], [ 28.7154547, 47.1163022 ], [ 28.7154548, 47.1163067 ], [ 28.7156568, 47.1164386 ], [ 28.7156571, 47.1164476 ], [ 28.7156639, 47.116452 ], [ 28.7156706, 47.1164564 ], [ 28.7156773, 47.1164608 ], [ 28.7156841, 47.1164652 ], [ 28.7156908, 47.1164696 ], [ 28.7156975, 47.116474 ], [ 28.7157177, 47.1164872 ], [ 28.7157441, 47.1164868 ], [ 28.7157439, 47.1164823 ], [ 28.7157438, 47.1164778 ], [ 28.7157436, 47.1164733 ], [ 28.7157435, 47.1164688 ], [ 28.7157433, 47.1164643 ], [ 28.7157432, 47.1164598 ], [ 28.7157431, 47.1164553 ], [ 28.7157426, 47.1164419 ], [ 28.7156484, 47.1163803 ], [ 28.7156482, 47.1163758 ], [ 28.7156415, 47.1163714 ], [ 28.7156348, 47.116367 ], [ 28.715628, 47.1163626 ], [ 28.7156213, 47.1163582 ], [ 28.7156146, 47.1163538 ], [ 28.7156078, 47.1163494 ], [ 28.7156077, 47.1163449 ], [ 28.7156009, 47.1163405 ], [ 28.7155942, 47.1163361 ], [ 28.7155875, 47.1163317 ], [ 28.7155807, 47.1163273 ], [ 28.715574, 47.1163229 ], [ 28.7155739, 47.1163184 ], [ 28.7155723, 47.1163198 ], [ 28.7157561, 47.1164663 ], [ 28.715769, 47.1164766 ], [ 28.7156833, 47.1165258 ], [ 28.7152241, 47.1161526 ], [ 28.7151652, 47.116186 ], [ 28.7156044, 47.1165471 ], [ 28.7155375, 47.1165843 ], [ 28.7151022, 47.11622 ], [ 28.7150422, 47.1162541 ], [ 28.7155285, 47.1166532 ], [ 28.715497, 47.1166708 ], [ 28.7150194, 47.1162709 ], [ 28.714959, 47.116305 ], [ 28.7154407, 47.1167033 ], [ 28.7153852, 47.1167345 ], [ 28.7149562, 47.1163771 ], [ 28.7149496, 47.1163772 ], [ 28.7149481, 47.1163323 ], [ 28.7149414, 47.1163279 ], [ 28.7149411, 47.1163189 ], [ 28.7149476, 47.1163143 ], [ 28.7149607, 47.1163141 ], [ 28.7149877, 47.1163317 ], [ 28.7149878, 47.1163362 ], [ 28.7150351, 47.1163715 ], [ 28.7150352, 47.116376 ], [ 28.7150554, 47.1163892 ], [ 28.7150556, 47.1163937 ], [ 28.7150758, 47.1164068 ], [ 28.7150759, 47.1164113 ], [ 28.7151029, 47.1164289 ], [ 28.715103, 47.1164334 ], [ 28.7151232, 47.1164466 ], [ 28.7151233, 47.1164511 ], [ 28.7151503, 47.1164687 ], [ 28.7151504, 47.1164732 ], [ 28.7151773, 47.1164908 ], [ 28.7151775, 47.1164953 ], [ 28.7152044, 47.1165129 ], [ 28.7152046, 47.1165174 ], [ 28.7152315, 47.116535 ], [ 28.7152316, 47.1165395 ], [ 28.7152856, 47.1165792 ], [ 28.7152858, 47.1165837 ], [ 28.715306, 47.1165969 ], [ 28.7153061, 47.1166014 ], [ 28.7153263, 47.1166146 ], [ 28.7153265, 47.1166191 ], [ 28.7153534, 47.1166367 ], [ 28.7153536, 47.1166412 ], [ 28.7153737, 47.1166544 ], [ 28.7153739, 47.1166589 ], [ 28.7154008, 47.1166764 ], [ 28.715401, 47.1166809 ], [ 28.7154212, 47.1166941 ], [ 28.7154213, 47.1166986 ], [ 28.715428, 47.116703 ], [ 28.7154348, 47.1167074 ], [ 28.715455, 47.1167206 ], [ 28.7154292, 47.116739 ], [ 28.7154226, 47.1167391 ], [ 28.7153968, 47.1167575 ], [ 28.7153902, 47.1167576 ], [ 28.715358, 47.1167806 ], [ 28.7153514, 47.1167807 ], [ 28.7153192, 47.1168037 ], [ 28.7153126, 47.1168037 ], [ 28.7152869, 47.1168221 ], [ 28.7152803, 47.1168222 ], [ 28.7152481, 47.1168452 ], [ 28.7152415, 47.1168453 ], [ 28.7152157, 47.1168637 ], [ 28.7152091, 47.1168638 ], [ 28.7152027, 47.1168684 ], [ 28.7151962, 47.116873 ], [ 28.7151898, 47.1168776 ], [ 28.7151833, 47.1168822 ], [ 28.7151769, 47.1168868 ], [ 28.7151704, 47.1168914 ], [ 28.715164, 47.116896 ], [ 28.7151576, 47.1169006 ], [ 28.7151511, 47.1169052 ], [ 28.7151447, 47.1169098 ], [ 28.7151382, 47.1169143 ], [ 28.7151318, 47.1169189 ], [ 28.7151253, 47.1169235 ], [ 28.7151189, 47.1169281 ], [ 28.7151125, 47.1169327 ], [ 28.715106, 47.1169373 ], [ 28.7150996, 47.1169419 ], [ 28.7150931, 47.1169465 ], [ 28.7150867, 47.1169511 ], [ 28.7150802, 47.1169557 ], [ 28.7150738, 47.1169603 ], [ 28.7150673, 47.1169649 ], [ 28.7150609, 47.1169695 ], [ 28.7150545, 47.1169741 ], [ 28.715048, 47.1169787 ], [ 28.7150416, 47.1169833 ], [ 28.7150351, 47.1169879 ], [ 28.7150287, 47.1169925 ], [ 28.7150222, 47.1169971 ], [ 28.7150158, 47.1170017 ], [ 28.7150094, 47.1170063 ], [ 28.7150029, 47.1170109 ], [ 28.7149965, 47.1170155 ], [ 28.71499, 47.1170201 ], [ 28.7149836, 47.1170247 ], [ 28.7149771, 47.1170292 ], [ 28.7149707, 47.1170338 ], [ 28.7149642, 47.1170384 ], [ 28.7149578, 47.117043 ], [ 28.7149591, 47.1170835 ], [ 28.7150468, 47.1171452 ], [ 28.7150469, 47.1171497 ], [ 28.7155049, 47.1174533 ], [ 28.7155052, 47.1174623 ], [ 28.7155119, 47.1174667 ], [ 28.7155129, 47.1174982 ], [ 28.7155197, 47.1175026 ], [ 28.7155207, 47.117534 ], [ 28.7155274, 47.1175384 ], [ 28.7155284, 47.1175699 ], [ 28.7155352, 47.1175743 ], [ 28.715536, 47.1176013 ], [ 28.7155428, 47.1176057 ], [ 28.7155435, 47.1176282 ], [ 28.7155502, 47.1176326 ], [ 28.7155504, 47.1176371 ], [ 28.7155571, 47.1176415 ], [ 28.7155572, 47.117646 ], [ 28.715564, 47.1176504 ], [ 28.7155641, 47.1176549 ], [ 28.7155708, 47.1176593 ], [ 28.715571, 47.1176638 ], [ 28.7155777, 47.1176682 ], [ 28.7155779, 47.1176727 ], [ 28.7155846, 47.1176771 ], [ 28.7155847, 47.1176816 ], [ 28.7155915, 47.117686 ], [ 28.7155916, 47.1176905 ], [ 28.7155983, 47.1176949 ], [ 28.7155985, 47.1176994 ], [ 28.7156052, 47.1177038 ], [ 28.7156054, 47.1177083 ], [ 28.7156121, 47.1177126 ], [ 28.7156122, 47.1177171 ], [ 28.715619, 47.1177215 ], [ 28.7156191, 47.117726 ], [ 28.7156259, 47.1177304 ], [ 28.715626, 47.1177349 ], [ 28.7156327, 47.1177393 ], [ 28.7156329, 47.1177438 ], [ 28.7156396, 47.1177482 ], [ 28.7156398, 47.1177527 ], [ 28.7156465, 47.1177571 ], [ 28.7156466, 47.1177616 ], [ 28.7156534, 47.117766 ], [ 28.7156535, 47.1177705 ], [ 28.7156602, 47.1177749 ], [ 28.7156604, 47.1177794 ], [ 28.7156671, 47.1177838 ], [ 28.7156673, 47.1177883 ], [ 28.715674, 47.1177927 ], [ 28.7156948, 47.1178239 ], [ 28.7157082, 47.1178327 ], [ 28.7157084, 47.1178372 ], [ 28.7157151, 47.1178416 ], [ 28.7157153, 47.1178461 ], [ 28.715722, 47.1178505 ], [ 28.7157428, 47.1178817 ], [ 28.7157562, 47.1178905 ], [ 28.7157564, 47.117895 ], [ 28.7157631, 47.1178994 ], [ 28.7157633, 47.1179039 ], [ 28.71577, 47.1179083 ], [ 28.7157908, 47.1179394 ], [ 28.7158042, 47.1179482 ], [ 28.7158044, 47.1179527 ], [ 28.7158111, 47.1179571 ], [ 28.7158319, 47.1179883 ], [ 28.7158454, 47.1179971 ], [ 28.7158455, 47.1180016 ], [ 28.7158522, 47.118006 ], [ 28.7158524, 47.1180105 ], [ 28.7158591, 47.1180149 ], [ 28.7158799, 47.1180461 ], [ 28.7158934, 47.1180549 ], [ 28.7158935, 47.1180594 ], [ 28.7159002, 47.1180638 ], [ 28.7159005, 47.1180728 ], [ 28.7159279, 47.1181039 ], [ 28.7159282, 47.1181129 ], [ 28.7159349, 47.1181173 ], [ 28.7159557, 47.1181484 ], [ 28.7160096, 47.1181836 ], [ 28.7160111, 47.1182331 ], [ 28.7160179, 47.1182375 ], [ 28.7160249, 47.1182509 ], [ 28.7160788, 47.1182861 ], [ 28.7160854, 47.118286 ], [ 28.7160921, 47.1182904 ], [ 28.7160987, 47.1182903 ], [ 28.716118, 47.1182765 ], [ 28.7161368, 47.1182447 ], [ 28.7161496, 47.1182355 ], [ 28.7161684, 47.1182038 ], [ 28.7161813, 47.1181946 ], [ 28.716181, 47.1181856 ], [ 28.7161874, 47.118181 ], [ 28.7161999, 47.1181583 ], [ 28.7162063, 47.1181537 ], [ 28.7162129, 47.1181536 ], [ 28.7162126, 47.1181446 ], [ 28.7162059, 47.1181402 ], [ 28.7161993, 47.1181403 ], [ 28.7161926, 47.1181359 ], [ 28.7161913, 47.1180954 ], [ 28.7162105, 47.1180771 ], [ 28.7162103, 47.1180726 ], [ 28.7162294, 47.1180499 ], [ 28.7162292, 47.1180454 ], [ 28.7162291, 47.1180409 ], [ 28.7162286, 47.1180274 ], [ 28.7162351, 47.1180228 ], [ 28.7162475, 47.1180001 ], [ 28.7162604, 47.1179909 ], [ 28.7162666, 47.1179773 ], [ 28.7162795, 47.1179681 ], [ 28.7162856, 47.1179545 ], [ 28.7163112, 47.1179316 ], [ 28.7163174, 47.1179181 ], [ 28.716343, 47.1178952 ], [ 28.7163492, 47.1178816 ], [ 28.7163556, 47.117877 ], [ 28.7163621, 47.1178724 ], [ 28.7163619, 47.1178679 ], [ 28.7163684, 47.1178633 ], [ 28.7163748, 47.1178587 ], [ 28.7163747, 47.1178542 ], [ 28.7163811, 47.1178496 ], [ 28.7163876, 47.117845 ], [ 28.7163937, 47.1178314 ], [ 28.7164066, 47.1178222 ], [ 28.7164128, 47.1178086 ], [ 28.7164384, 47.1177858 ], [ 28.7164388, 47.1177721 ], [ 28.7161729, 47.1181159 ], [ 28.7161637, 47.1181278 ], [ 28.7161966, 47.1181397 ], [ 28.7162387, 47.1180852 ], [ 28.7162827, 47.118028 ], [ 28.7163384, 47.1180479 ], [ 28.71608, 47.1183844 ], [ 28.7160614, 47.1184095 ], [ 28.716074, 47.1184139 ], [ 28.7162019, 47.1182413 ], [ 28.7168267, 47.1174198 ], [ 28.7168668, 47.117434 ], [ 28.7161667, 47.1183375 ], [ 28.7161164, 47.1184023 ], [ 28.7161797, 47.1184251 ], [ 28.7168827, 47.1175266 ], [ 28.7169127, 47.1175376 ], [ 28.7161677, 47.1184986 ], [ 28.7162078, 47.1185131 ], [ 28.7165462, 47.1180812 ], [ 28.7165631, 47.1180874 ], [ 28.7164088, 47.1183138 ], [ 28.7164602, 47.1183301 ], [ 28.7165939, 47.1181358 ], [ 28.7168662, 47.1177946 ], [ 28.7169019, 47.1178079 ], [ 28.7166954, 47.1180809 ], [ 28.7167178, 47.1180888 ], [ 28.7169192, 47.1178243 ], [ 28.7170196, 47.117822 ], [ 28.7170195, 47.1178175 ], [ 28.7170193, 47.117813 ], [ 28.7170192, 47.1178085 ], [ 28.717016, 47.1177096 ], [ 28.7170092, 47.1177052 ], [ 28.7170087, 47.1176872 ], [ 28.7170019, 47.1176828 ], [ 28.7170015, 47.1176693 ], [ 28.7169948, 47.1176649 ], [ 28.7169942, 47.1176469 ], [ 28.7169875, 47.1176425 ], [ 28.716987, 47.117629 ], [ 28.7169803, 47.1176247 ], [ 28.7169799, 47.1176112 ], [ 28.7169731, 47.1176068 ], [ 28.7169725, 47.1175888 ], [ 28.7169658, 47.1175844 ], [ 28.7169654, 47.1175709 ], [ 28.7169586, 47.1175665 ], [ 28.7169581, 47.1175485 ], [ 28.7169513, 47.1175441 ], [ 28.7169509, 47.1175306 ], [ 28.7169442, 47.1175262 ], [ 28.7169436, 47.1175082 ], [ 28.7169369, 47.1175038 ], [ 28.7169364, 47.1174903 ], [ 28.7169297, 47.1174859 ], [ 28.7169295, 47.1174814 ], [ 28.7169026, 47.1174638 ], [ 28.716896, 47.1174639 ], [ 28.7168894, 47.117464 ], [ 28.7168828, 47.1174641 ], [ 28.716883, 47.1174686 ], [ 28.7168764, 47.1174687 ], [ 28.7168765, 47.1174732 ], [ 28.7168767, 47.1174777 ], [ 28.716864, 47.1174914 ], [ 28.7168642, 47.1175004 ], [ 28.7168578, 47.117505 ], [ 28.7168516, 47.1175186 ], [ 28.7168388, 47.1175278 ], [ 28.71682, 47.1175596 ], [ 28.7168071, 47.1175688 ], [ 28.7168073, 47.1175733 ], [ 28.7168008, 47.1175778 ], [ 28.7167947, 47.1175914 ], [ 28.7167818, 47.1176006 ], [ 28.716763, 47.1176324 ], [ 28.7167501, 47.1176416 ], [ 28.7167377, 47.1176643 ], [ 28.7167248, 47.1176735 ], [ 28.7167249, 47.117678 ], [ 28.7167185, 47.1176826 ], [ 28.716706, 47.1177053 ], [ 28.7166932, 47.1177144 ], [ 28.7166744, 47.1177462 ], [ 28.7166615, 47.1177554 ], [ 28.7166491, 47.1177781 ], [ 28.7166362, 47.1177873 ], [ 28.7166237, 47.11781 ], [ 28.7166108, 47.1178192 ], [ 28.7165984, 47.1178419 ], [ 28.7165855, 47.117851 ], [ 28.7165856, 47.1178555 ], [ 28.7165792, 47.1178601 ], [ 28.7165604, 47.1178919 ], [ 28.7165476, 47.1179011 ], [ 28.7165477, 47.1179056 ], [ 28.7165413, 47.1179102 ], [ 28.7165225, 47.117942 ], [ 28.7165096, 47.1179512 ], [ 28.7165098, 47.1179557 ], [ 28.7165033, 47.1179603 ], [ 28.7164972, 47.1179739 ], [ 28.7164843, 47.117983 ], [ 28.7164655, 47.1180148 ], [ 28.7164526, 47.118024 ], [ 28.7164339, 47.1180558 ], [ 28.716421, 47.118065 ], [ 28.7164022, 47.1180968 ], [ 28.7163894, 47.118106 ], [ 28.7163706, 47.1181377 ], [ 28.7163577, 47.1181469 ], [ 28.716339, 47.1181787 ], [ 28.7163261, 47.1181879 ], [ 28.7163262, 47.1181924 ], [ 28.7163198, 47.118197 ], [ 28.716301, 47.1182288 ], [ 28.7162881, 47.118238 ], [ 28.7162883, 47.1182424 ], [ 28.7162818, 47.118247 ], [ 28.7162694, 47.1182697 ], [ 28.7162565, 47.1182789 ], [ 28.7162566, 47.1182834 ], [ 28.7162502, 47.118288 ], [ 28.7162378, 47.1183107 ], [ 28.7162249, 47.1183199 ], [ 28.7162061, 47.1183517 ], [ 28.7161997, 47.1183563 ], [ 28.7161932, 47.1183609 ], [ 28.7161868, 47.1183655 ], [ 28.7161803, 47.1183701 ], [ 28.7161739, 47.1183746 ], [ 28.7161675, 47.1183792 ], [ 28.7161609, 47.1183793 ], [ 28.7161544, 47.1183839 ], [ 28.7161477, 47.1183795 ], [ 28.716141, 47.1183751 ], [ 28.7161408, 47.1183706 ], [ 28.7161407, 47.1183661 ], [ 28.7161339, 47.1183617 ], [ 28.7161336, 47.1183528 ], [ 28.7161269, 47.1183484 ], [ 28.7161268, 47.1183439 ], [ 28.7161266, 47.1183394 ], [ 28.7161199, 47.118335 ], [ 28.7161197, 47.1183305 ], [ 28.716113, 47.1183261 ], [ 28.7161129, 47.1183216 ], [ 28.7160792, 47.1182996 ], [ 28.7160793, 47.1183041 ], [ 28.7160861, 47.1183085 ], [ 28.7160864, 47.1183175 ], [ 28.7160998, 47.1183263 ], [ 28.7161006, 47.1183487 ], [ 28.7161073, 47.1183531 ], [ 28.716114, 47.1183575 ], [ 28.7161208, 47.1183619 ], [ 28.7161275, 47.1183663 ], [ 28.7161342, 47.1183707 ], [ 28.716141, 47.1183751 ], [ 28.7161477, 47.1183795 ], [ 28.7161544, 47.1183839 ], [ 28.716161, 47.1183838 ], [ 28.7161675, 47.1183792 ], [ 28.7161739, 47.1183746 ], [ 28.71618, 47.1183611 ], [ 28.7162057, 47.1183382 ], [ 28.7162055, 47.1183337 ], [ 28.716212, 47.1183291 ], [ 28.7162244, 47.1183064 ], [ 28.7162373, 47.1182972 ], [ 28.7162498, 47.1182745 ], [ 28.7162627, 47.1182653 ], [ 28.7162625, 47.1182608 ], [ 28.716269, 47.1182562 ], [ 28.7162754, 47.1182516 ], [ 28.7162818, 47.118247 ], [ 28.7162883, 47.1182424 ], [ 28.7162881, 47.118238 ], [ 28.7162879, 47.118229 ], [ 28.7162943, 47.1182244 ], [ 28.7162942, 47.1182199 ], [ 28.716307, 47.1182107 ], [ 28.7163258, 47.1181789 ], [ 28.7163387, 47.1181697 ], [ 28.7163574, 47.1181379 ], [ 28.7163703, 47.1181287 ], [ 28.7163891, 47.118097 ], [ 28.716402, 47.1180878 ], [ 28.7164207, 47.118056 ], [ 28.7164336, 47.1180468 ], [ 28.7164524, 47.118015 ], [ 28.7164652, 47.1180058 ], [ 28.7164651, 47.1180013 ], [ 28.7164715, 47.1179967 ], [ 28.7164714, 47.1179922 ], [ 28.7164778, 47.1179876 ], [ 28.7164966, 47.1179559 ], [ 28.7165095, 47.1179467 ], [ 28.7165093, 47.1179422 ], [ 28.7165158, 47.1179376 ], [ 28.7165345, 47.1179058 ], [ 28.7165474, 47.1178966 ], [ 28.7165662, 47.1178648 ], [ 28.7165791, 47.1178556 ], [ 28.7165978, 47.1178239 ], [ 28.7166107, 47.1178147 ], [ 28.7166294, 47.1177829 ], [ 28.7166423, 47.1177737 ], [ 28.7166611, 47.1177419 ], [ 28.716674, 47.1177327 ], [ 28.7166927, 47.117701 ], [ 28.7167056, 47.1176918 ], [ 28.7167244, 47.11766 ], [ 28.7167373, 47.1176508 ], [ 28.716756, 47.117619 ], [ 28.7167689, 47.1176098 ], [ 28.7167687, 47.1176053 ], [ 28.7167752, 47.1176007 ], [ 28.7167876, 47.117578 ], [ 28.7168005, 47.1175689 ], [ 28.716813, 47.1175462 ], [ 28.7168259, 47.117537 ], [ 28.716832, 47.1175234 ], [ 28.7168449, 47.1175142 ], [ 28.7168448, 47.1175097 ], [ 28.7168512, 47.1175051 ], [ 28.7168574, 47.1174915 ], [ 28.7168702, 47.1174823 ], [ 28.7168764, 47.1174687 ], [ 28.716883, 47.1174686 ], [ 28.7168828, 47.1174641 ], [ 28.7168894, 47.117464 ], [ 28.716896, 47.1174639 ], [ 28.7169026, 47.1174638 ], [ 28.7169039, 47.1175043 ], [ 28.7169106, 47.1175087 ], [ 28.7169112, 47.1175267 ], [ 28.7169314, 47.1175399 ], [ 28.7169327, 47.1175804 ], [ 28.7169597, 47.117598 ], [ 28.7169618, 47.1176654 ], [ 28.7169686, 47.1176698 ], [ 28.716969, 47.1176833 ], [ 28.7169624, 47.1176834 ], [ 28.7169558, 47.1176835 ], [ 28.7169492, 47.1176836 ], [ 28.7169426, 47.1176837 ], [ 28.7169361, 47.1176838 ], [ 28.7169295, 47.1176839 ], [ 28.7169229, 47.117684 ], [ 28.7169163, 47.1176841 ], [ 28.7169097, 47.1176842 ], [ 28.7169031, 47.1176843 ], [ 28.7168965, 47.1176844 ], [ 28.7168899, 47.1176845 ], [ 28.7168833, 47.1176846 ], [ 28.7168768, 47.1176847 ], [ 28.7168769, 47.1176892 ], [ 28.7168703, 47.1176893 ], [ 28.7168705, 47.1176938 ], [ 28.7168639, 47.1176939 ], [ 28.716864, 47.1176984 ], [ 28.716864, 47.1176984 ], [ 28.7168642, 47.1177029 ], [ 28.7168576, 47.117703 ], [ 28.7168577, 47.1177075 ], [ 28.7168511, 47.1177076 ], [ 28.7168513, 47.1177121 ], [ 28.7168514, 47.1177166 ], [ 28.716845, 47.1177212 ], [ 28.716845, 47.1177212 ], [ 28.7168514, 47.1177166 ], [ 28.7168513, 47.1177121 ], [ 28.7168511, 47.1177076 ], [ 28.7168577, 47.1177075 ], [ 28.7168576, 47.117703 ], [ 28.7168642, 47.1177029 ], [ 28.716864, 47.1176984 ], [ 28.7168639, 47.1176939 ], [ 28.7168705, 47.1176938 ], [ 28.7168703, 47.1176893 ], [ 28.7168769, 47.1176892 ], [ 28.7168768, 47.1176847 ], [ 28.7168833, 47.1176846 ], [ 28.7168899, 47.1176845 ], [ 28.7168965, 47.1176844 ], [ 28.7169031, 47.1176843 ], [ 28.7169097, 47.1176842 ], [ 28.7169163, 47.1176841 ], [ 28.7169229, 47.117684 ], [ 28.7169295, 47.1176839 ], [ 28.7169361, 47.1176838 ], [ 28.7169426, 47.1176837 ], [ 28.7169492, 47.1176836 ], [ 28.7169558, 47.1176835 ], [ 28.7169624, 47.1176834 ], [ 28.716969, 47.1176833 ], [ 28.7169757, 47.1176877 ], [ 28.7169762, 47.1177012 ], [ 28.7169829, 47.1177056 ], [ 28.7169835, 47.1177236 ], [ 28.7169902, 47.117728 ], [ 28.7169906, 47.1177415 ], [ 28.7169974, 47.1177459 ], [ 28.716998, 47.1177639 ], [ 28.7170047, 47.1177683 ], [ 28.7170051, 47.1177818 ], [ 28.7170119, 47.1177862 ], [ 28.7170124, 47.1178041 ], [ 28.7170192, 47.1178085 ], [ 28.7170193, 47.117813 ], [ 28.7170195, 47.1178175 ], [ 28.7170196, 47.117822 ], [ 28.7170263, 47.1178264 ], [ 28.7170268, 47.1178399 ], [ 28.7170335, 47.1178443 ], [ 28.7170341, 47.1178623 ], [ 28.7170408, 47.1178667 ], [ 28.7170412, 47.1178802 ], [ 28.717048, 47.1178846 ], [ 28.7170486, 47.1179026 ], [ 28.7170553, 47.117907 ], [ 28.7170557, 47.1179205 ], [ 28.7170625, 47.1179249 ], [ 28.7170629, 47.1179384 ], [ 28.7170696, 47.1179428 ], [ 28.7170702, 47.1179608 ], [ 28.7170769, 47.1179652 ], [ 28.7170774, 47.1179787 ], [ 28.7170841, 47.117983 ], [ 28.7170845, 47.1179965 ], [ 28.7170913, 47.1180009 ], [ 28.7170917, 47.1180144 ], [ 28.7170984, 47.1180188 ], [ 28.717099, 47.1180368 ], [ 28.7171058, 47.1180412 ], [ 28.7171062, 47.1180547 ], [ 28.7171129, 47.1180591 ], [ 28.7171134, 47.1180726 ], [ 28.7171201, 47.118077 ], [ 28.7171205, 47.1180905 ], [ 28.7171273, 47.1180949 ], [ 28.7171277, 47.1181084 ], [ 28.7171344, 47.1181128 ], [ 28.7171347, 47.1181218 ], [ 28.7171414, 47.1181262 ], [ 28.7171419, 47.1181397 ], [ 28.7171486, 47.1181441 ], [ 28.7171489, 47.1181531 ], [ 28.7171556, 47.1181575 ], [ 28.7171559, 47.1181664 ], [ 28.7171627, 47.1181708 ], [ 28.7171629, 47.1181798 ], [ 28.7171697, 47.1181842 ], [ 28.7171701, 47.1181977 ], [ 28.7171768, 47.1182021 ], [ 28.7171771, 47.1182111 ], [ 28.7171839, 47.1182155 ], [ 28.7171842, 47.1182245 ], [ 28.7171909, 47.1182289 ], [ 28.7171912, 47.1182379 ], [ 28.7171979, 47.1182423 ], [ 28.7171983, 47.1182558 ], [ 28.7172051, 47.1182602 ], [ 28.7172054, 47.1182692 ], [ 28.7172121, 47.1182736 ], [ 28.7172124, 47.1182826 ], [ 28.7172191, 47.118287 ], [ 28.7172196, 47.1183005 ], [ 28.7172263, 47.1183049 ], [ 28.7172266, 47.1183139 ], [ 28.7172333, 47.1183183 ], [ 28.7172336, 47.1183273 ], [ 28.7172403, 47.1183317 ], [ 28.7172406, 47.1183407 ], [ 28.7172474, 47.1183451 ], [ 28.7172478, 47.1183585 ], [ 28.7172545, 47.1183629 ], [ 28.7172548, 47.1183719 ], [ 28.7172615, 47.1183763 ], [ 28.7172618, 47.1183853 ], [ 28.7172686, 47.1183897 ], [ 28.717269, 47.1184032 ], [ 28.7172757, 47.1184076 ], [ 28.717276, 47.1184166 ], [ 28.7172828, 47.118421 ], [ 28.7172831, 47.11843 ], [ 28.7172898, 47.1184344 ], [ 28.7172901, 47.1184434 ], [ 28.7172968, 47.1184478 ], [ 28.7172972, 47.1184613 ], [ 28.717304, 47.1184657 ], [ 28.7173043, 47.1184747 ], [ 28.717311, 47.1184791 ], [ 28.7173113, 47.1184881 ], [ 28.717318, 47.1184925 ], [ 28.7173183, 47.1185015 ], [ 28.717325, 47.1185059 ], [ 28.7173255, 47.1185194 ], [ 28.7173322, 47.1185238 ], [ 28.7173324, 47.1185283 ], [ 28.7173862, 47.1185634 ], [ 28.7173927, 47.1185588 ], [ 28.7173925, 47.1185544 ], [ 28.717399, 47.1185498 ], [ 28.7173987, 47.1185408 ], [ 28.7174051, 47.1185362 ], [ 28.7174048, 47.1185272 ], [ 28.7174113, 47.1185226 ], [ 28.717411, 47.1185136 ], [ 28.7174174, 47.118509 ], [ 28.7174171, 47.1185 ], [ 28.7174236, 47.1184954 ], [ 28.7174233, 47.1184864 ], [ 28.7174297, 47.1184818 ], [ 28.7174294, 47.1184728 ], [ 28.7174422, 47.1184591 ], [ 28.7174419, 47.1184501 ], [ 28.7174483, 47.1184455 ], [ 28.717448, 47.1184365 ], [ 28.7174545, 47.1184319 ], [ 28.7174542, 47.1184229 ], [ 28.7174606, 47.1184183 ], [ 28.7174604, 47.1184094 ], [ 28.7174668, 47.1184048 ], [ 28.7174727, 47.1183822 ], [ 28.7174854, 47.1183685 ], [ 28.7174851, 47.1183595 ], [ 28.7174916, 47.1183549 ], [ 28.7174913, 47.1183459 ], [ 28.7174977, 47.1183413 ], [ 28.7174974, 47.1183323 ], [ 28.7175039, 47.1183277 ], [ 28.7175097, 47.1183051 ], [ 28.7175225, 47.1182914 ], [ 28.7175222, 47.1182824 ], [ 28.7175286, 47.1182778 ], [ 28.7175283, 47.1182689 ], [ 28.7175348, 47.1182643 ], [ 28.7175406, 47.1182417 ], [ 28.7175534, 47.118228 ], [ 28.7175531, 47.118219 ], [ 28.7175595, 47.1182144 ], [ 28.7175593, 47.1182054 ], [ 28.7175657, 47.1182008 ], [ 28.7175716, 47.1181782 ], [ 28.7175843, 47.1181645 ], [ 28.717584, 47.1181555 ], [ 28.7175905, 47.1181509 ], [ 28.7175902, 47.1181419 ], [ 28.7175966, 47.1181373 ], [ 28.7176025, 47.1181148 ], [ 28.7176152, 47.1181011 ], [ 28.7176149, 47.1180921 ], [ 28.7176214, 47.1180875 ], [ 28.7176211, 47.1180785 ], [ 28.7176275, 47.1180739 ], [ 28.7176334, 47.1180513 ], [ 28.7176461, 47.1180376 ], [ 28.7176458, 47.1180286 ], [ 28.7176523, 47.118024 ], [ 28.717652, 47.118015 ], [ 28.7176584, 47.1180104 ], [ 28.7176582, 47.1180014 ], [ 28.7176646, 47.1179968 ], [ 28.7176705, 47.1179743 ], [ 28.7176832, 47.1179606 ], [ 28.7176829, 47.1179516 ], [ 28.7176894, 47.117947 ], [ 28.7176891, 47.117938 ], [ 28.7176955, 47.1179334 ], [ 28.7177014, 47.1179108 ], [ 28.7177141, 47.1178971 ], [ 28.7177138, 47.1178881 ], [ 28.7177203, 47.1178835 ], [ 28.71772, 47.1178745 ], [ 28.7177264, 47.1178699 ], [ 28.7177323, 47.1178473 ], [ 28.717745, 47.1178337 ], [ 28.7177447, 47.1178247 ], [ 28.7177512, 47.1178201 ], [ 28.7177509, 47.1178111 ], [ 28.7177573, 47.1178065 ], [ 28.7177632, 47.1177839 ], [ 28.7177759, 47.1177702 ], [ 28.7177757, 47.1177612 ], [ 28.7177821, 47.1177566 ], [ 28.7177818, 47.1177476 ], [ 28.7177883, 47.117743 ], [ 28.7177941, 47.1177204 ], [ 28.7178069, 47.1177067 ], [ 28.7178066, 47.1176977 ], [ 28.717813, 47.1176932 ], [ 28.7178127, 47.1176842 ], [ 28.7178192, 47.1176796 ], [ 28.7178182, 47.1176481 ], [ 28.7178246, 47.1176435 ], [ 28.7178237, 47.1176165 ], [ 28.7178302, 47.1176119 ], [ 28.7178289, 47.1175714 ], [ 28.7178353, 47.1175668 ], [ 28.7178349, 47.1175533 ], [ 28.7178413, 47.1175487 ], [ 28.7178405, 47.1175218 ], [ 28.7178469, 47.1175172 ], [ 28.717846, 47.1174902 ], [ 28.7178525, 47.1174856 ], [ 28.7178516, 47.1174586 ], [ 28.717858, 47.117454 ], [ 28.717857, 47.1174225 ], [ 28.7178635, 47.1174179 ], [ 28.7178626, 47.1173909 ], [ 28.7178691, 47.1173864 ], [ 28.7178682, 47.1173594 ], [ 28.7178746, 47.1173548 ], [ 28.7178738, 47.1173278 ], [ 28.7178802, 47.1173232 ], [ 28.7178798, 47.1173097 ], [ 28.7178862, 47.1173051 ], [ 28.7178859, 47.1172961 ], [ 28.7178924, 47.1172915 ], [ 28.7178921, 47.1172825 ], [ 28.7178985, 47.1172779 ], [ 28.7178982, 47.1172689 ], [ 28.7179047, 47.1172643 ], [ 28.7179044, 47.1172553 ], [ 28.7179108, 47.1172507 ], [ 28.7179105, 47.1172417 ], [ 28.717917, 47.1172371 ], [ 28.7179167, 47.1172282 ], [ 28.7179231, 47.1172236 ], [ 28.7179228, 47.1172146 ], [ 28.7179293, 47.11721 ], [ 28.717929, 47.117201 ], [ 28.7179354, 47.1171964 ], [ 28.7179352, 47.1171874 ], [ 28.7179416, 47.1171828 ], [ 28.7179412, 47.1171693 ], [ 28.7179476, 47.1171647 ], [ 28.7179473, 47.1171557 ], [ 28.7179538, 47.1171511 ], [ 28.7179535, 47.1171421 ], [ 28.7179599, 47.1171375 ], [ 28.7179596, 47.1171285 ], [ 28.7179661, 47.1171239 ], [ 28.7179658, 47.1171149 ], [ 28.7179722, 47.1171103 ], [ 28.7179719, 47.1171013 ], [ 28.7179784, 47.1170967 ], [ 28.7179781, 47.1170878 ], [ 28.7179845, 47.1170832 ], [ 28.7179842, 47.1170742 ], [ 28.7179907, 47.1170696 ], [ 28.7179904, 47.1170606 ], [ 28.7179968, 47.117056 ], [ 28.7179965, 47.117047 ], [ 28.718003, 47.1170424 ], [ 28.7180027, 47.1170334 ], [ 28.7180091, 47.1170288 ], [ 28.7180089, 47.1170198 ], [ 28.7180153, 47.1170152 ], [ 28.718015, 47.1170062 ], [ 28.7180215, 47.1170016 ], [ 28.7180212, 47.1169926 ], [ 28.7180276, 47.116988 ], [ 28.7180273, 47.116979 ], [ 28.7180338, 47.1169744 ], [ 28.7180335, 47.1169654 ], [ 28.7180399, 47.1169608 ], [ 28.7180396, 47.1169518 ], [ 28.7180461, 47.1169472 ], [ 28.7180456, 47.1169338 ], [ 28.7180521, 47.1169292 ], [ 28.7180518, 47.1169202 ], [ 28.7180582, 47.1169156 ], [ 28.7180579, 47.1169066 ], [ 28.7180644, 47.116902 ], [ 28.7180641, 47.116893 ], [ 28.7180705, 47.1168884 ], [ 28.7180702, 47.1168794 ], [ 28.7180767, 47.1168748 ], [ 28.7180764, 47.1168658 ], [ 28.7180828, 47.1168612 ], [ 28.7180826, 47.1168522 ], [ 28.718089, 47.1168476 ], [ 28.7180887, 47.1168386 ], [ 28.7180952, 47.116834 ], [ 28.7180949, 47.116825 ], [ 28.7181013, 47.1168204 ], [ 28.718101, 47.1168114 ], [ 28.7181075, 47.1168068 ], [ 28.7181072, 47.1167979 ], [ 28.7181136, 47.1167933 ], [ 28.7181133, 47.1167843 ], [ 28.7181198, 47.1167797 ], [ 28.7181195, 47.1167707 ], [ 28.7181259, 47.1167661 ], [ 28.7181256, 47.1167571 ], [ 28.7181321, 47.1167525 ], [ 28.7181318, 47.1167435 ], [ 28.7181382, 47.1167389 ], [ 28.7181379, 47.1167299 ], [ 28.7181444, 47.1167253 ], [ 28.7181441, 47.1167163 ], [ 28.7181505, 47.1167117 ], [ 28.7181502, 47.1167027 ], [ 28.7181567, 47.1166981 ], [ 28.7181563, 47.1166846 ], [ 28.7181627, 47.11668 ], [ 28.7181624, 47.116671 ], [ 28.7181689, 47.1166664 ], [ 28.7181686, 47.1166574 ], [ 28.718175, 47.1166529 ], [ 28.7181747, 47.1166439 ], [ 28.7181812, 47.1166393 ], [ 28.7181809, 47.1166303 ], [ 28.7181873, 47.1166257 ], [ 28.718187, 47.1166167 ], [ 28.7181935, 47.1166121 ], [ 28.7181932, 47.1166031 ], [ 28.7181996, 47.1165985 ], [ 28.7181993, 47.1165895 ], [ 28.7182058, 47.1165849 ], [ 28.7182055, 47.1165759 ], [ 28.7182119, 47.1165713 ], [ 28.7182116, 47.1165623 ], [ 28.7182181, 47.1165577 ], [ 28.7182178, 47.1165487 ], [ 28.7182242, 47.1165441 ], [ 28.7182239, 47.1165351 ], [ 28.7182304, 47.1165305 ], [ 28.7182301, 47.1165215 ], [ 28.7182365, 47.1165169 ], [ 28.7182361, 47.1165035 ], [ 28.7182426, 47.1164989 ], [ 28.718241, 47.1164494 ], [ 28.7182474, 47.1164448 ], [ 28.7182457, 47.1163908 ], [ 28.7182521, 47.1163862 ], [ 28.7182507, 47.1163413 ], [ 28.7182571, 47.1163367 ], [ 28.7182557, 47.1162917 ], [ 28.7182621, 47.1162871 ], [ 28.7182606, 47.1162421 ], [ 28.7182671, 47.1162375 ], [ 28.7182658, 47.116197 ], [ 28.7182722, 47.1161924 ], [ 28.7182708, 47.1161475 ], [ 28.7182772, 47.1161429 ], [ 28.7182759, 47.1161024 ], [ 28.7182824, 47.1160978 ], [ 28.7182809, 47.1160528 ], [ 28.7182874, 47.1160482 ], [ 28.7182859, 47.1160033 ], [ 28.7182924, 47.1159987 ], [ 28.7182911, 47.1159582 ], [ 28.7182975, 47.1159536 ], [ 28.7182961, 47.1159086 ], [ 28.7183025, 47.115904 ], [ 28.718301, 47.1158591 ], [ 28.7183075, 47.1158545 ], [ 28.7183062, 47.115814 ], [ 28.7182995, 47.1158096 ], [ 28.7182863, 47.1158098 ], [ 28.7182795, 47.1158054 ], [ 28.7182268, 47.1158062 ], [ 28.7182066, 47.115793 ], [ 28.7182065, 47.1157885 ], [ 28.7182046, 47.1157899 ], [ 28.7177717, 47.1155522 ], [ 28.7178115, 47.1155184 ], [ 28.7182697, 47.1157677 ], [ 28.7183071, 47.1157356 ], [ 28.7182917, 47.1157271 ], [ 28.7179083, 47.1155148 ], [ 28.7178929, 47.1155063 ], [ 28.7179154, 47.1154874 ], [ 28.7182273, 47.1156635 ], [ 28.7182156, 47.1156624 ], [ 28.7181752, 47.115636 ], [ 28.7181686, 47.1156361 ], [ 28.7181685, 47.1156316 ], [ 28.7181619, 47.1156317 ], [ 28.718135, 47.1156141 ], [ 28.7181284, 47.1156142 ], [ 28.7181216, 47.1156098 ], [ 28.7181088, 47.115619 ], [ 28.7181089, 47.1156235 ], [ 28.7181091, 47.115628 ], [ 28.7181225, 47.1156368 ], [ 28.7181291, 47.1156367 ], [ 28.7181358, 47.1156411 ], [ 28.7181695, 47.1156631 ], [ 28.7181761, 47.115663 ], [ 28.7181762, 47.1156675 ], [ 28.7181828, 47.1156674 ], [ 28.7182165, 47.1156893 ], [ 28.7182231, 47.1156893 ], [ 28.7182567, 47.1157112 ], [ 28.7182633, 47.1157111 ], [ 28.7182635, 47.1157156 ], [ 28.7182701, 47.1157155 ], [ 28.7182835, 47.1157243 ], [ 28.7182901, 47.1157242 ], [ 28.7182903, 47.1157287 ], [ 28.7182968, 47.1157286 ], [ 28.7183103, 47.1157374 ], [ 28.7183169, 47.1157373 ], [ 28.718317, 47.1157418 ], [ 28.7183236, 47.1157417 ], [ 28.7183371, 47.1157505 ], [ 28.7183569, 47.1157502 ], [ 28.7183563, 47.1157322 ], [ 28.7183497, 47.1157323 ], [ 28.7183448, 47.1155794 ], [ 28.7183512, 47.1155748 ], [ 28.7183508, 47.1155614 ], [ 28.7183572, 47.1155568 ], [ 28.7183568, 47.1155433 ], [ 28.7183632, 47.1155387 ], [ 28.7183628, 47.1155252 ], [ 28.7183692, 47.1155206 ], [ 28.7183687, 47.1155026 ], [ 28.7183751, 47.115498 ], [ 28.7183747, 47.1154845 ], [ 28.7183811, 47.1154799 ], [ 28.7183807, 47.1154664 ], [ 28.7183871, 47.1154618 ], [ 28.7183867, 47.1154483 ], [ 28.7183931, 47.1154437 ], [ 28.7183927, 47.1154302 ], [ 28.7183991, 47.1154256 ], [ 28.7183987, 47.1154121 ], [ 28.7184051, 47.1154076 ], [ 28.7184046, 47.1153896 ], [ 28.718411, 47.115385 ], [ 28.7184106, 47.1153715 ], [ 28.718417, 47.1153669 ], [ 28.7184166, 47.1153534 ], [ 28.718423, 47.1153488 ], [ 28.7184226, 47.1153353 ], [ 28.718429, 47.1153307 ], [ 28.7184286, 47.1153172 ], [ 28.718435, 47.1153126 ], [ 28.7184346, 47.1152991 ], [ 28.7184411, 47.1152945 ], [ 28.7184406, 47.115281 ], [ 28.7184471, 47.1152764 ], [ 28.7184465, 47.1152585 ], [ 28.7184529, 47.1152539 ], [ 28.7184525, 47.1152404 ], [ 28.7184589, 47.1152358 ], [ 28.7184585, 47.1152223 ], [ 28.7184649, 47.1152177 ], [ 28.7184645, 47.1152042 ], [ 28.718471, 47.1151996 ], [ 28.7184705, 47.1151861 ], [ 28.7184959, 47.1151542 ], [ 28.7184956, 47.1151452 ], [ 28.7185146, 47.1151224 ], [ 28.7185143, 47.1151135 ], [ 28.7185397, 47.1150816 ], [ 28.7185394, 47.1150726 ], [ 28.7185647, 47.1150407 ], [ 28.7185644, 47.1150317 ], [ 28.7185835, 47.1150089 ], [ 28.7185832, 47.1149999 ], [ 28.7186085, 47.1149681 ], [ 28.7186082, 47.1149591 ], [ 28.7186273, 47.1149363 ], [ 28.718627, 47.1149273 ], [ 28.7186523, 47.1148954 ], [ 28.718652, 47.1148864 ], [ 28.718671, 47.1148636 ], [ 28.7186708, 47.1148546 ], [ 28.7186772, 47.11485 ], [ 28.7186771, 47.1148455 ], [ 28.7186961, 47.1148228 ], [ 28.7186958, 47.1148138 ], [ 28.7187023, 47.1148092 ], [ 28.7186952, 47.1147958 ], [ 28.7186279, 47.1147518 ], [ 28.7186213, 47.1147519 ], [ 28.7186146, 47.1147475 ], [ 28.7186144, 47.114743 ], [ 28.7186077, 47.1147386 ], [ 28.718601, 47.1147342 ], [ 28.7185942, 47.1147298 ], [ 28.7185875, 47.1147254 ], [ 28.7185808, 47.114721 ], [ 28.718574, 47.1147166 ], [ 28.7185673, 47.1147122 ], [ 28.7185672, 47.1147077 ], [ 28.718547, 47.1146945 ], [ 28.718546, 47.1146955 ], [ 28.7186223, 47.1147534 ], [ 28.7186411, 47.1147678 ], [ 28.7186173, 47.1147823 ], [ 28.7185222, 47.1147095 ], [ 28.7181368, 47.114402 ], [ 28.718161, 47.1143879 ], [ 28.7183591, 47.1145423 ], [ 28.7183342, 47.1145574 ], [ 28.718321, 47.1145473 ], [ 28.7181551, 47.1144195 ], [ 28.718142, 47.1144095 ], [ 28.7180969, 47.1144362 ], [ 28.718589, 47.1148235 ], [ 28.7185661, 47.1148368 ], [ 28.718016, 47.1143973 ], [ 28.7179693, 47.1144246 ], [ 28.71846, 47.1148152 ], [ 28.7183927, 47.1148545 ], [ 28.7182142, 47.1147119 ], [ 28.7180053, 47.1145239 ], [ 28.7180124, 47.1145202 ], [ 28.7181378, 47.1146339 ], [ 28.7183924, 47.1148984 ], [ 28.71836, 47.1149128 ], [ 28.7183243, 47.1148755 ], [ 28.7181008, 47.1147166 ], [ 28.7181181, 47.1147049 ], [ 28.7182168, 47.1147734 ], [ 28.7182987, 47.1148542 ], [ 28.7182633, 47.11487 ], [ 28.7182117, 47.1148161 ], [ 28.7181895, 47.114826 ], [ 28.7183784, 47.1150234 ], [ 28.7183063, 47.1150555 ], [ 28.7178057, 47.1145327 ], [ 28.7177723, 47.1145477 ], [ 28.7183134, 47.1151058 ], [ 28.7182466, 47.1151359 ], [ 28.7177066, 47.1145771 ], [ 28.7176465, 47.1146039 ], [ 28.7181878, 47.115168 ], [ 28.7181384, 47.1151902 ], [ 28.717631, 47.1146645 ], [ 28.7175782, 47.1146882 ], [ 28.7180796, 47.1152093 ], [ 28.7180155, 47.1152387 ], [ 28.717626, 47.1148445 ], [ 28.7175932, 47.1148601 ], [ 28.7179919, 47.1152496 ], [ 28.7179377, 47.1152748 ], [ 28.717563, 47.1148988 ], [ 28.7175161, 47.1149203 ], [ 28.7179262, 47.1153364 ], [ 28.7178753, 47.1153595 ], [ 28.7176446, 47.1151232 ], [ 28.7174409, 47.1149289 ], [ 28.7173854, 47.1149561 ], [ 28.7178976, 47.1154427 ], [ 28.7178403, 47.115472 ], [ 28.7173347, 47.1150111 ], [ 28.7172862, 47.1150331 ], [ 28.7177489, 47.1155088 ], [ 28.7177313, 47.1155166 ], [ 28.7172789, 47.1150437 ], [ 28.7171951, 47.1149634 ], [ 28.7171399, 47.1149906 ], [ 28.7176402, 47.1154637 ], [ 28.7175846, 47.1154912 ], [ 28.7170661, 47.115003 ], [ 28.7170071, 47.1150319 ], [ 28.7173559, 47.1153644 ], [ 28.7174797, 47.1154824 ], [ 28.7174912, 47.1154934 ], [ 28.7174603, 47.1155082 ], [ 28.717434, 47.1154826 ], [ 28.7170668, 47.1151246 ], [ 28.7169679, 47.1151526 ], [ 28.7170332, 47.115221 ], [ 28.7170498, 47.1152136 ], [ 28.7170713, 47.115204 ], [ 28.7171045, 47.1152128 ], [ 28.7170246, 47.1152511 ], [ 28.7169401, 47.115169 ], [ 28.7169404, 47.1151551 ], [ 28.716947, 47.115155 ], [ 28.7169536, 47.1151549 ], [ 28.7169601, 47.1151548 ], [ 28.7169667, 47.1151547 ], [ 28.7169733, 47.1151546 ], [ 28.7170474, 47.1152029 ], [ 28.7170606, 47.1152028 ], [ 28.7170673, 47.1152071 ], [ 28.717074, 47.1152115 ], [ 28.7170806, 47.1152114 ], [ 28.7170808, 47.1152159 ], [ 28.7170939, 47.1152157 ], [ 28.7171004, 47.1152112 ], [ 28.7171135, 47.115211 ], [ 28.7171137, 47.1152155 ], [ 28.7171138, 47.1152199 ], [ 28.7171206, 47.1152243 ], [ 28.7171204, 47.1152199 ], [ 28.7171137, 47.1152155 ], [ 28.7171135, 47.115211 ], [ 28.7171001, 47.1152022 ], [ 28.7170999, 47.1151977 ], [ 28.7170797, 47.1151845 ], [ 28.7170796, 47.11518 ], [ 28.7170661, 47.1151712 ], [ 28.717066, 47.1151667 ], [ 28.7170458, 47.1151535 ], [ 28.7170456, 47.115149 ], [ 28.7170391, 47.1151491 ], [ 28.7170389, 47.1151446 ], [ 28.7170322, 47.1151402 ], [ 28.717032, 47.1151357 ], [ 28.7170319, 47.1151312 ], [ 28.7170317, 47.1151267 ], [ 28.7170515, 47.1151264 ], [ 28.7170582, 47.1151308 ], [ 28.7170784, 47.115144 ], [ 28.7170786, 47.1151485 ], [ 28.7170988, 47.1151617 ], [ 28.7170989, 47.1151662 ], [ 28.7171124, 47.115175 ], [ 28.7171125, 47.1151795 ], [ 28.717126, 47.1151883 ], [ 28.7171261, 47.1151928 ], [ 28.7171463, 47.115206 ], [ 28.7171465, 47.1152105 ], [ 28.71716, 47.1152193 ], [ 28.7171601, 47.1152238 ], [ 28.7171736, 47.1152326 ], [ 28.7171737, 47.115237 ], [ 28.7171872, 47.1152458 ], [ 28.7171873, 47.1152503 ], [ 28.717228, 47.1152857 ], [ 28.717235, 47.1152991 ], [ 28.7172757, 47.1153345 ], [ 28.7172827, 47.1153479 ], [ 28.7173098, 47.11537 ], [ 28.7173168, 47.1153834 ], [ 28.7173236, 47.1153878 ], [ 28.7173303, 47.1153922 ], [ 28.717337, 47.1153966 ], [ 28.7173438, 47.115401 ], [ 28.7173505, 47.1154054 ], [ 28.7173572, 47.1154098 ], [ 28.717364, 47.1154142 ], [ 28.7173976, 47.1154362 ], [ 28.7174042, 47.1154361 ], [ 28.7174177, 47.1154449 ], [ 28.7174241, 47.1154403 ], [ 28.7174306, 47.1154357 ], [ 28.717437, 47.1154311 ], [ 28.7174568, 47.1154308 ], [ 28.7174569, 47.1154353 ], [ 28.7174704, 47.1154441 ], [ 28.7174774, 47.1154575 ], [ 28.7175181, 47.1154929 ], [ 28.7175251, 47.1155062 ], [ 28.7176126, 47.1155634 ], [ 28.7176197, 47.1155768 ], [ 28.7176399, 47.11559 ], [ 28.7176596, 47.1155897 ], [ 28.7176592, 47.1155762 ], [ 28.7177687, 47.1154981 ], [ 28.717767, 47.1154441 ], [ 28.7177603, 47.1154397 ], [ 28.7177601, 47.1154352 ], [ 28.7177196, 47.1154043 ], [ 28.7177194, 47.1153998 ], [ 28.717706, 47.115391 ], [ 28.7177058, 47.1153865 ], [ 28.7176856, 47.1153734 ], [ 28.7176855, 47.1153689 ], [ 28.7176517, 47.1153424 ], [ 28.7176515, 47.1153379 ], [ 28.7176313, 47.1153247 ], [ 28.7176312, 47.1153202 ], [ 28.7176042, 47.1153026 ], [ 28.7176041, 47.1152981 ], [ 28.7175906, 47.1152893 ], [ 28.7175905, 47.1152848 ], [ 28.717577, 47.115276 ], [ 28.7175769, 47.1152715 ], [ 28.7175634, 47.1152627 ], [ 28.7175633, 47.1152582 ], [ 28.7175498, 47.1152494 ], [ 28.7175497, 47.1152449 ], [ 28.7175362, 47.1152361 ], [ 28.717536, 47.1152316 ], [ 28.7175158, 47.1152184 ], [ 28.7175157, 47.1152139 ], [ 28.7174752, 47.115183 ], [ 28.717475, 47.1151785 ], [ 28.7174616, 47.1151697 ], [ 28.7174614, 47.1151652 ], [ 28.7174412, 47.115152 ], [ 28.7174411, 47.1151476 ], [ 28.7174276, 47.1151388 ], [ 28.7174275, 47.1151343 ], [ 28.717414, 47.1151255 ], [ 28.7174138, 47.115121 ], [ 28.7174004, 47.1151122 ], [ 28.7174002, 47.1151077 ], [ 28.7173868, 47.1150989 ], [ 28.7173866, 47.1150944 ], [ 28.7173732, 47.1150856 ], [ 28.717373, 47.1150811 ], [ 28.7173528, 47.1150679 ], [ 28.7173527, 47.1150634 ], [ 28.7173392, 47.1150546 ], [ 28.7173391, 47.1150501 ], [ 28.7173323, 47.1150457 ], [ 28.7173256, 47.1150413 ], [ 28.7173189, 47.1150369 ], [ 28.7173121, 47.1150325 ], [ 28.7173054, 47.1150281 ], [ 28.7172987, 47.1150237 ], [ 28.7172985, 47.1150192 ], [ 28.7171773, 47.11494 ], [ 28.7171772, 47.1149355 ], [ 28.7170627, 47.1148608 ], [ 28.7170561, 47.1148609 ], [ 28.7170496, 47.114861 ], [ 28.717043, 47.1148611 ], [ 28.7170364, 47.1148612 ], [ 28.7170298, 47.1148613 ], [ 28.7170232, 47.1148614 ], [ 28.7169837, 47.1148619 ], [ 28.7169769, 47.1148575 ], [ 28.7169702, 47.1148531 ], [ 28.7169701, 47.1148487 ], [ 28.7169633, 47.1148443 ], [ 28.7169566, 47.1148399 ], [ 28.71695, 47.11484 ], [ 28.7169434, 47.1148401 ], [ 28.7169368, 47.1148402 ], [ 28.7169303, 47.1148403 ], [ 28.7169237, 47.1148403 ], [ 28.7169169, 47.114836 ], [ 28.7169102, 47.1148316 ], [ 28.7169035, 47.1148272 ], [ 28.7169033, 47.1148227 ], [ 28.7168899, 47.1148139 ], [ 28.7168828, 47.1148005 ], [ 28.7168421, 47.1147651 ], [ 28.7168351, 47.1147517 ], [ 28.7167944, 47.1147163 ], [ 28.7167874, 47.1147029 ], [ 28.716774, 47.1146941 ], [ 28.7167738, 47.1146896 ], [ 28.7167603, 47.1146808 ], [ 28.7167602, 47.1146763 ], [ 28.7167467, 47.1146675 ], [ 28.7167466, 47.114663 ], [ 28.7167331, 47.1146542 ], [ 28.716733, 47.1146497 ], [ 28.7166923, 47.1146143 ], [ 28.7166922, 47.1146098 ], [ 28.7166854, 47.1146055 ], [ 28.716685, 47.114592 ], [ 28.7166783, 47.1145876 ], [ 28.7166781, 47.1145831 ], [ 28.7166714, 47.1145787 ], [ 28.7166646, 47.1145743 ], [ 28.7166579, 47.1145699 ], [ 28.7166512, 47.1145655 ], [ 28.716631, 47.1145523 ], [ 28.7166307, 47.1145433 ], [ 28.7166105, 47.1145301 ], [ 28.7166103, 47.1145256 ], [ 28.7165833, 47.1145035 ], [ 28.7165831, 47.114499 ], [ 28.7165764, 47.1144946 ], [ 28.716576, 47.1144811 ], [ 28.7165692, 47.1144767 ], [ 28.7165691, 47.1144722 ], [ 28.7165691, 47.1144722 ], [ 28.7165692, 47.1144767 ], [ 28.71657, 47.1144992 ], [ 28.716597, 47.1145213 ], [ 28.716604, 47.1145347 ], [ 28.716631, 47.1145523 ], [ 28.7166442, 47.1145521 ], [ 28.7166509, 47.1145565 ], [ 28.7166509, 47.1145565 ], [ 28.716651, 47.114561 ], [ 28.7166512, 47.1145655 ], [ 28.7166513, 47.11457 ], [ 28.7166581, 47.1145744 ], [ 28.7166648, 47.1145788 ], [ 28.7166715, 47.1145832 ], [ 28.7166722, 47.1146056 ], [ 28.7166993, 47.1146277 ], [ 28.7167063, 47.1146411 ], [ 28.7167198, 47.1146499 ], [ 28.7167199, 47.1146544 ], [ 28.7167606, 47.1146898 ], [ 28.7167677, 47.1147032 ], [ 28.7167811, 47.114712 ], [ 28.7167813, 47.1147165 ], [ 28.7168083, 47.1147386 ], [ 28.7168154, 47.114752 ], [ 28.7168288, 47.1147608 ], [ 28.716829, 47.1147653 ], [ 28.7168424, 47.1147741 ], [ 28.7168426, 47.1147786 ], [ 28.716856, 47.1147874 ], [ 28.7168562, 47.1147919 ], [ 28.7168764, 47.1148051 ], [ 28.7168765, 47.1148096 ], [ 28.7169035, 47.1148272 ], [ 28.7169101, 47.1148271 ], [ 28.7169168, 47.1148315 ], [ 28.7169235, 47.1148359 ], [ 28.7169303, 47.1148403 ], [ 28.7169368, 47.1148402 ], [ 28.7169434, 47.1148401 ], [ 28.71695, 47.11484 ], [ 28.7169566, 47.1148399 ], [ 28.7169633, 47.1148443 ], [ 28.7169701, 47.1148487 ], [ 28.7169702, 47.1148531 ], [ 28.7169768, 47.1148531 ], [ 28.7169834, 47.114853 ], [ 28.71699, 47.1148529 ], [ 28.7169966, 47.1148528 ], [ 28.7170097, 47.1148526 ], [ 28.7170232, 47.1148614 ], [ 28.7170298, 47.1148613 ], [ 28.7170364, 47.1148612 ], [ 28.717043, 47.1148611 ], [ 28.7170496, 47.114861 ], [ 28.7170561, 47.1148609 ], [ 28.7170627, 47.1148608 ], [ 28.7171023, 47.1148602 ], [ 28.7171225, 47.1148734 ], [ 28.7171422, 47.1148731 ], [ 28.7171416, 47.1148551 ], [ 28.7171282, 47.1148463 ], [ 28.717128, 47.1148418 ], [ 28.7171146, 47.114833 ], [ 28.7171144, 47.1148285 ], [ 28.717101, 47.1148197 ], [ 28.7171008, 47.1148152 ], [ 28.7170873, 47.1148064 ], [ 28.7170872, 47.1148019 ], [ 28.7170805, 47.1147975 ], [ 28.7170737, 47.1147931 ], [ 28.7170736, 47.1147886 ], [ 28.7170601, 47.1147798 ], [ 28.71706, 47.1147753 ], [ 28.7170193, 47.1147399 ], [ 28.7170123, 47.1147265 ], [ 28.7169852, 47.1147044 ], [ 28.7169782, 47.1146911 ], [ 28.7169375, 47.1146557 ], [ 28.7169369, 47.1146377 ], [ 28.7169434, 47.1146331 ], [ 28.7169565, 47.1146329 ], [ 28.7169633, 47.1146373 ], [ 28.7169699, 47.1146372 ], [ 28.7169901, 47.1146504 ], [ 28.7169965, 47.1146458 ], [ 28.7170031, 47.1146457 ], [ 28.7170233, 47.1146589 ], [ 28.7170303, 47.1146723 ], [ 28.7170438, 47.1146811 ], [ 28.7170439, 47.1146856 ], [ 28.7170574, 47.1146944 ], [ 28.7170575, 47.1146989 ], [ 28.7170777, 47.1147121 ], [ 28.7171041, 47.1147117 ], [ 28.7171039, 47.1147072 ], [ 28.7171038, 47.1147027 ], [ 28.7171036, 47.1146982 ], [ 28.7171035, 47.1146937 ], [ 28.7171033, 47.1146892 ], [ 28.7170899, 47.1146804 ], [ 28.7170897, 47.1146759 ], [ 28.7170763, 47.1146671 ], [ 28.7170761, 47.1146626 ], [ 28.7170627, 47.1146538 ], [ 28.7170625, 47.1146493 ], [ 28.7170558, 47.1146449 ], [ 28.7170491, 47.1146405 ], [ 28.7170489, 47.114636 ], [ 28.7170422, 47.1146316 ], [ 28.717042, 47.1146271 ], [ 28.7170286, 47.1146183 ], [ 28.7170284, 47.1146138 ], [ 28.717015, 47.114605 ], [ 28.7170148, 47.1146005 ], [ 28.7170081, 47.1145961 ], [ 28.7170013, 47.1145917 ], [ 28.7170012, 47.1145872 ], [ 28.7169945, 47.1145828 ], [ 28.7169943, 47.1145783 ], [ 28.7169809, 47.1145695 ], [ 28.7169807, 47.114565 ], [ 28.7169672, 47.1145562 ], [ 28.7169671, 47.1145517 ], [ 28.7169604, 47.1145473 ], [ 28.7169536, 47.1145429 ], [ 28.7169535, 47.1145384 ], [ 28.7169468, 47.114534 ], [ 28.7169466, 47.1145295 ], [ 28.7169332, 47.1145207 ], [ 28.716933, 47.1145162 ], [ 28.7169195, 47.1145075 ], [ 28.7169194, 47.114503 ], [ 28.7169127, 47.1144986 ], [ 28.7169059, 47.1144942 ], [ 28.7169058, 47.1144897 ], [ 28.7169055, 47.1144807 ], [ 28.7168988, 47.1144763 ], [ 28.7168986, 47.1144718 ], [ 28.7168919, 47.1144674 ], [ 28.7168917, 47.1144629 ], [ 28.7168982, 47.1144583 ], [ 28.716898, 47.1144538 ], [ 28.7168976, 47.1144403 ], [ 28.7168773, 47.1144226 ], [ 28.7168702, 47.1144092 ], [ 28.7168568, 47.1144004 ], [ 28.7168566, 47.1143959 ], [ 28.7168432, 47.1143871 ], [ 28.716843, 47.1143826 ], [ 28.7168363, 47.1143782 ], [ 28.7168296, 47.1143738 ], [ 28.7168228, 47.1143694 ], [ 28.7168161, 47.114365 ], [ 28.7167832, 47.1143655 ], [ 28.7167764, 47.1143611 ], [ 28.7167697, 47.1143567 ], [ 28.716763, 47.1143523 ], [ 28.7167628, 47.1143478 ], [ 28.7167627, 47.1143433 ], [ 28.7167559, 47.1143389 ], [ 28.7167558, 47.1143344 ], [ 28.7167491, 47.11433 ], [ 28.7167423, 47.1143256 ], [ 28.7167422, 47.1143211 ], [ 28.7167354, 47.1143167 ], [ 28.7167287, 47.1143123 ], [ 28.7167286, 47.1143078 ], [ 28.7167218, 47.1143034 ], [ 28.7167151, 47.114299 ], [ 28.716715, 47.1142945 ], [ 28.7167082, 47.1142901 ], [ 28.7167015, 47.1142857 ], [ 28.7167014, 47.1142813 ], [ 28.7166946, 47.1142769 ], [ 28.7166945, 47.1142724 ], [ 28.7166877, 47.114268 ], [ 28.716681, 47.1142636 ], [ 28.7166809, 47.1142591 ], [ 28.7166741, 47.1142547 ], [ 28.7166674, 47.1142503 ], [ 28.7166673, 47.1142458 ], [ 28.7166605, 47.1142414 ], [ 28.7166538, 47.114237 ], [ 28.7166536, 47.1142325 ], [ 28.7166407, 47.1142216 ], [ 28.7167674, 47.1143505 ], [ 28.716763, 47.1143523 ], [ 28.7167697, 47.1143567 ], [ 28.7167763, 47.1143566 ], [ 28.7167829, 47.1143565 ], [ 28.7167896, 47.1143609 ], [ 28.7168094, 47.1143606 ], [ 28.7168161, 47.114365 ], [ 28.7168228, 47.1143694 ], [ 28.7168296, 47.1143738 ], [ 28.7168297, 47.1143783 ], [ 28.7168432, 47.1143871 ], [ 28.7168436, 47.1144006 ], [ 28.7168773, 47.1144226 ], [ 28.7168774, 47.1144271 ], [ 28.7168909, 47.1144359 ], [ 28.7168913, 47.1144494 ], [ 28.716898, 47.1144538 ], [ 28.7169048, 47.1144582 ], [ 28.7169115, 47.1144626 ], [ 28.7169182, 47.114467 ], [ 28.716925, 47.1144714 ], [ 28.7169251, 47.1144759 ], [ 28.7169386, 47.1144847 ], [ 28.7169456, 47.1144981 ], [ 28.7169591, 47.1145069 ], [ 28.7169592, 47.1145114 ], [ 28.7169727, 47.1145202 ], [ 28.7169728, 47.1145247 ], [ 28.7169863, 47.1145334 ], [ 28.7169864, 47.1145379 ], [ 28.7170268, 47.1145643 ], [ 28.7170397, 47.1145551 ], [ 28.7170666, 47.1145727 ], [ 28.7170737, 47.1145861 ], [ 28.7170871, 47.1145949 ], [ 28.7170873, 47.1145994 ], [ 28.7171007, 47.1146082 ], [ 28.7171009, 47.1146127 ], [ 28.7171416, 47.1146481 ], [ 28.7171486, 47.1146615 ], [ 28.7171621, 47.1146703 ], [ 28.7171622, 47.1146748 ], [ 28.7171689, 47.1146792 ], [ 28.7171757, 47.1146836 ], [ 28.7171758, 47.1146881 ], [ 28.7171893, 47.1146969 ], [ 28.7171894, 47.1147014 ], [ 28.7172029, 47.1147102 ], [ 28.717203, 47.1147147 ], [ 28.7172232, 47.1147279 ], [ 28.7172234, 47.1147324 ], [ 28.7172235, 47.1147369 ], [ 28.717237, 47.1147457 ], [ 28.7172436, 47.1147456 ], [ 28.7172439, 47.1147546 ], [ 28.7172641, 47.1147678 ], [ 28.7172642, 47.1147723 ], [ 28.7172709, 47.1147766 ], [ 28.7172777, 47.114781 ], [ 28.7172844, 47.1147854 ], [ 28.7172911, 47.1147898 ], [ 28.7172979, 47.1147942 ], [ 28.717298, 47.1147987 ], [ 28.7173046, 47.1147986 ], [ 28.7173047, 47.1148031 ], [ 28.7173113, 47.114803 ], [ 28.7173181, 47.1148074 ], [ 28.7173378, 47.1148071 ], [ 28.717486, 47.1147014 ], [ 28.7174856, 47.1146879 ], [ 28.7174985, 47.1146787 ], [ 28.7174917, 47.1146743 ], [ 28.7174916, 47.1146699 ], [ 28.7174849, 47.1146655 ], [ 28.7174847, 47.114661 ], [ 28.717478, 47.1146566 ], [ 28.7174778, 47.1146521 ], [ 28.7174713, 47.1146522 ], [ 28.7174711, 47.1146477 ], [ 28.717471, 47.1146432 ], [ 28.7174644, 47.1146433 ], [ 28.7174632, 47.114637 ], [ 28.717477, 47.1146521 ], [ 28.7174875, 47.1146635 ], [ 28.7173547, 47.1147205 ], [ 28.7173384, 47.1147036 ], [ 28.7172529, 47.1146176 ], [ 28.7170788, 47.1144424 ], [ 28.7169813, 47.1144875 ], [ 28.7169926, 47.1144986 ], [ 28.7173008, 47.1148008 ], [ 28.7173121, 47.1148119 ], [ 28.7171916, 47.1148692 ], [ 28.7171037, 47.1147826 ], [ 28.7168675, 47.1145419 ], [ 28.7168565, 47.1145307 ], [ 28.7167169, 47.1145946 ], [ 28.7167368, 47.1146148 ], [ 28.7169675, 47.1148488 ], [ 28.7169786, 47.11486 ], [ 28.7170626, 47.1148214 ], [ 28.7170141, 47.1147722 ], [ 28.716823, 47.114578 ], [ 28.7167953, 47.1145907 ], [ 28.7169973, 47.1147961 ], [ 28.7168133, 47.1148805 ], [ 28.7165678, 47.1146294 ], [ 28.7171289, 47.1143749 ], [ 28.7171398, 47.1143861 ], [ 28.7172768, 47.1145269 ], [ 28.7173507, 47.1146028 ], [ 28.7171166, 47.114709 ], [ 28.7171056, 47.1146978 ], [ 28.7168073, 47.1143934 ], [ 28.7167376, 47.1143223 ], [ 28.7164753, 47.1144421 ], [ 28.7164863, 47.1144533 ], [ 28.7168907, 47.1148651 ], [ 28.7169017, 47.1148763 ], [ 28.7173738, 47.1146602 ], [ 28.7172829, 47.1145679 ], [ 28.7169378, 47.1142216 ], [ 28.7169267, 47.1142104 ], [ 28.7168642, 47.1142395 ], [ 28.7169654, 47.1143397 ], [ 28.7170794, 47.1144423 ], [ 28.7173075, 47.1146477 ], [ 28.7175946, 47.1144991 ], [ 28.7175836, 47.1144879 ], [ 28.717054, 47.113952 ], [ 28.717043, 47.1139408 ], [ 28.7167386, 47.1140809 ], [ 28.7170044, 47.1143488 ], [ 28.7170357, 47.1143775 ], [ 28.7170796, 47.1144177 ], [ 28.7172871, 47.1143121 ], [ 28.7172763, 47.1143008 ], [ 28.7171286, 47.1141462 ], [ 28.7170741, 47.1140891 ], [ 28.7169989, 47.1141226 ], [ 28.7170101, 47.1141337 ], [ 28.7172455, 47.1143662 ], [ 28.7172567, 47.1143773 ], [ 28.7170209, 47.1144885 ], [ 28.7168917, 47.1143619 ], [ 28.7168176, 47.1142945 ], [ 28.7171099, 47.1141446 ], [ 28.717121, 47.1141558 ], [ 28.7171947, 47.11423 ], [ 28.7172136, 47.114249 ], [ 28.7173804, 47.1141718 ], [ 28.7171696, 47.1139726 ], [ 28.7172162, 47.1139496 ], [ 28.717421, 47.1141397 ], [ 28.7174551, 47.1141224 ], [ 28.7172335, 47.1139052 ], [ 28.7172816, 47.1138824 ], [ 28.7174743, 47.1140594 ], [ 28.7175256, 47.1140333 ], [ 28.7173282, 47.1138484 ], [ 28.7168733, 47.114072 ], [ 28.7168845, 47.1140831 ], [ 28.7170456, 47.1142413 ], [ 28.7170568, 47.1142524 ], [ 28.7172356, 47.1141676 ], [ 28.7170753, 47.1140101 ], [ 28.7170286, 47.1139637 ], [ 28.7170137, 47.1139489 ], [ 28.7167533, 47.1140712 ], [ 28.7163035, 47.1143126 ], [ 28.7162742, 47.1142871 ], [ 28.7163142, 47.1142654 ], [ 28.716553, 47.1141323 ], [ 28.7171294, 47.1138111 ], [ 28.7170882, 47.1137767 ], [ 28.717073, 47.1137852 ], [ 28.7159374, 47.1144238 ], [ 28.7159221, 47.1144324 ], [ 28.7158743, 47.1143927 ], [ 28.7170458, 47.1137399 ], [ 28.7170095, 47.1137094 ], [ 28.7158533, 47.1143537 ], [ 28.7158232, 47.1143705 ], [ 28.7158079, 47.1143791 ], [ 28.7157996, 47.1143722 ], [ 28.7169474, 47.1137315 ], [ 28.7170005, 47.1137019 ], [ 28.7169662, 47.1136733 ], [ 28.7158789, 47.1142792 ], [ 28.7157983, 47.1143241 ], [ 28.7157629, 47.1142945 ], [ 28.7159865, 47.11417 ], [ 28.7168828, 47.1136745 ], [ 28.7168355, 47.1136347 ], [ 28.7158683, 47.1141693 ], [ 28.715823, 47.1141311 ], [ 28.7166321, 47.1136784 ], [ 28.716588, 47.1136417 ], [ 28.7157381, 47.1141166 ], [ 28.7156922, 47.1140783 ], [ 28.716544, 47.1136048 ], [ 28.716495, 47.1135637 ], [ 28.7164798, 47.1135723 ], [ 28.7157053, 47.1140088 ], [ 28.71569, 47.1140174 ], [ 28.7156433, 47.1139787 ], [ 28.7161051, 47.1137185 ], [ 28.7164249, 47.11354 ], [ 28.7163776, 47.1135005 ], [ 28.7162861, 47.1135522 ], [ 28.7160717, 47.1136802 ], [ 28.7160518, 47.1136647 ], [ 28.7162593, 47.1135428 ], [ 28.7162559, 47.1135455 ], [ 28.7162625, 47.1135454 ], [ 28.7162623, 47.1135409 ], [ 28.7162688, 47.1135363 ], [ 28.7162753, 47.1135362 ], [ 28.7162819, 47.1135361 ], [ 28.7162885, 47.113536 ], [ 28.7162951, 47.1135359 ], [ 28.7163017, 47.1135358 ], [ 28.7163083, 47.1135357 ], [ 28.7163149, 47.1135356 ], [ 28.7163215, 47.1135355 ], [ 28.7163279, 47.1135309 ], [ 28.7163477, 47.1135306 ], [ 28.7163481, 47.1135441 ], [ 28.7163223, 47.1135625 ], [ 28.7163157, 47.1135626 ], [ 28.7162835, 47.1135856 ], [ 28.7162769, 47.1135857 ], [ 28.716193, 47.113641 ], [ 28.7161864, 47.1136411 ], [ 28.7161542, 47.113664 ], [ 28.7161476, 47.1136641 ], [ 28.7161219, 47.1136825 ], [ 28.7161153, 47.1136826 ], [ 28.7160895, 47.113701 ], [ 28.7160896, 47.1137055 ], [ 28.7160831, 47.1137056 ], [ 28.7160835, 47.1137191 ], [ 28.7160901, 47.113719 ], [ 28.7160967, 47.1137189 ], [ 28.7161033, 47.1137188 ], [ 28.7161098, 47.1137187 ], [ 28.7161163, 47.1137141 ], [ 28.7161229, 47.113714 ], [ 28.7161422, 47.1137002 ], [ 28.7161488, 47.1137001 ], [ 28.7162005, 47.1136678 ], [ 28.7162071, 47.1136677 ], [ 28.7162328, 47.1136494 ], [ 28.7162394, 47.1136493 ], [ 28.7162588, 47.1136355 ], [ 28.7162653, 47.1136354 ], [ 28.7162911, 47.113617 ], [ 28.7162977, 47.1136169 ], [ 28.7163235, 47.1135985 ], [ 28.7163301, 47.1135984 ], [ 28.7163882, 47.1135615 ], [ 28.7164078, 47.1135567 ], [ 28.7164077, 47.1135522 ], [ 28.716434, 47.1135519 ], [ 28.7164345, 47.1135653 ], [ 28.7164279, 47.1135654 ], [ 28.716428, 47.1135699 ], [ 28.7164214, 47.11357 ], [ 28.7163957, 47.1135884 ], [ 28.7163891, 47.1135885 ], [ 28.7163633, 47.1136069 ], [ 28.7163567, 47.113607 ], [ 28.7162986, 47.1136439 ], [ 28.716292, 47.113644 ], [ 28.7162727, 47.1136578 ], [ 28.7162661, 47.1136579 ], [ 28.7162403, 47.1136762 ], [ 28.7162337, 47.1136763 ], [ 28.7162144, 47.1136901 ], [ 28.7162078, 47.1136902 ], [ 28.7161885, 47.113704 ], [ 28.7161819, 47.1137041 ], [ 28.7161237, 47.113741 ], [ 28.7161172, 47.1137411 ], [ 28.7160655, 47.1137733 ], [ 28.7160589, 47.1137734 ], [ 28.7160331, 47.1137918 ], [ 28.7160265, 47.1137919 ], [ 28.7159943, 47.1138149 ], [ 28.7159944, 47.1138194 ], [ 28.7159816, 47.1138286 ], [ 28.7159886, 47.113842 ], [ 28.7159952, 47.1138419 ], [ 28.7160018, 47.1138418 ], [ 28.7160149, 47.1138416 ], [ 28.7160343, 47.1138278 ], [ 28.7160408, 47.1138277 ], [ 28.7160666, 47.1138093 ], [ 28.7160732, 47.1138092 ], [ 28.716099, 47.1137908 ], [ 28.7161056, 47.1137907 ], [ 28.7161313, 47.1137724 ], [ 28.7161379, 47.1137723 ], [ 28.7161637, 47.1137539 ], [ 28.7161703, 47.1137538 ], [ 28.7161961, 47.1137354 ], [ 28.7162027, 47.1137353 ], [ 28.7162284, 47.1137169 ], [ 28.716235, 47.1137168 ], [ 28.7162867, 47.1136845 ], [ 28.7162933, 47.1136844 ], [ 28.7163126, 47.1136707 ], [ 28.7163192, 47.1136706 ], [ 28.716345, 47.1136522 ], [ 28.7163516, 47.1136521 ], [ 28.7163773, 47.1136337 ], [ 28.7163839, 47.1136336 ], [ 28.7164033, 47.1136198 ], [ 28.7164098, 47.1136197 ], [ 28.7164615, 47.1135874 ], [ 28.7164681, 47.1135873 ], [ 28.716481, 47.1135781 ], [ 28.7165074, 47.1135777 ], [ 28.7165078, 47.1135912 ], [ 28.7165013, 47.1135958 ], [ 28.7164948, 47.1135959 ], [ 28.7164431, 47.1136282 ], [ 28.7164365, 47.1136283 ], [ 28.7164172, 47.1136421 ], [ 28.7164106, 47.1136422 ], [ 28.7163848, 47.1136606 ], [ 28.7163782, 47.1136607 ], [ 28.7163589, 47.1136745 ], [ 28.7163523, 47.1136746 ], [ 28.7163265, 47.1136929 ], [ 28.7163199, 47.113693 ], [ 28.7163006, 47.1137068 ], [ 28.716294, 47.1137069 ], [ 28.7162682, 47.1137253 ], [ 28.7162617, 47.1137254 ], [ 28.7162359, 47.1137438 ], [ 28.7162293, 47.1137439 ], [ 28.7162035, 47.1137623 ], [ 28.7161969, 47.1137624 ], [ 28.7161388, 47.1137992 ], [ 28.7161322, 47.1137993 ], [ 28.7161129, 47.1138131 ], [ 28.7161063, 47.1138132 ], [ 28.7160805, 47.1138316 ], [ 28.7160739, 47.1138317 ], [ 28.7160482, 47.1138501 ], [ 28.7160416, 47.1138502 ], [ 28.7160158, 47.1138686 ], [ 28.7160092, 47.1138687 ], [ 28.7159511, 47.1139055 ], [ 28.7159445, 47.1139056 ], [ 28.7158928, 47.1139379 ], [ 28.7158862, 47.113938 ], [ 28.7158345, 47.1139703 ], [ 28.7158279, 47.1139704 ], [ 28.7158022, 47.1139888 ], [ 28.7157956, 47.1139889 ], [ 28.7157762, 47.1140027 ], [ 28.7157697, 47.1140028 ], [ 28.7157439, 47.1140211 ], [ 28.7157373, 47.1140212 ], [ 28.7157115, 47.1140396 ], [ 28.7157049, 47.1140397 ], [ 28.7156792, 47.1140581 ], [ 28.7156726, 47.1140582 ], [ 28.7156339, 47.1140858 ], [ 28.7156349, 47.1141173 ], [ 28.7156686, 47.1141392 ], [ 28.7156818, 47.1141391 ], [ 28.7158366, 47.1142402 ], [ 28.7158369, 47.1142492 ], [ 28.7158436, 47.1142536 ], [ 28.7158773, 47.1142756 ], [ 28.7158839, 47.1142755 ], [ 28.7158905, 47.1142754 ], [ 28.7158971, 47.1142753 ], [ 28.7158976, 47.1142933 ], [ 28.7158912, 47.1142979 ], [ 28.7158846, 47.114298 ], [ 28.7158848, 47.1143025 ], [ 28.7158782, 47.1143026 ], [ 28.7158783, 47.1143071 ], [ 28.7158717, 47.1143072 ], [ 28.7158719, 47.1143117 ], [ 28.7158653, 47.1143118 ], [ 28.7158266, 47.1143394 ], [ 28.71582, 47.1143395 ], [ 28.7157941, 47.1143533 ], [ 28.7157945, 47.1143668 ], [ 28.7158011, 47.1143667 ], [ 28.7158077, 47.1143666 ], [ 28.7158143, 47.1143665 ], [ 28.7158209, 47.1143664 ], [ 28.715821, 47.1143709 ], [ 28.7158278, 47.1143753 ], [ 28.7158286, 47.1144023 ], [ 28.7158421, 47.1144111 ], [ 28.7158882, 47.1144104 ], [ 28.7158947, 47.1144058 ], [ 28.7159076, 47.1143966 ], [ 28.7159471, 47.114396 ], [ 28.716018, 47.1143455 ], [ 28.7160245, 47.1143454 ], [ 28.7160568, 47.1143224 ], [ 28.7160633, 47.1143223 ], [ 28.7160891, 47.1143039 ], [ 28.7160957, 47.1143038 ], [ 28.716115, 47.11429 ], [ 28.7161216, 47.1142899 ], [ 28.716141, 47.1142762 ], [ 28.7161475, 47.1142761 ], [ 28.7161669, 47.1142623 ], [ 28.7161735, 47.1142622 ], [ 28.7161928, 47.1142484 ], [ 28.7161994, 47.1142483 ], [ 28.7162575, 47.1142114 ], [ 28.7162641, 47.1142113 ], [ 28.7162834, 47.1141975 ], [ 28.71629, 47.1141974 ], [ 28.7163158, 47.114179 ], [ 28.7163224, 47.1141789 ], [ 28.7163741, 47.1141467 ], [ 28.7163807, 47.1141466 ], [ 28.7164, 47.1141328 ], [ 28.7164066, 47.1141327 ], [ 28.7164323, 47.1141143 ], [ 28.7164389, 47.1141142 ], [ 28.7164583, 47.1141004 ], [ 28.7164648, 47.1141003 ], [ 28.716523, 47.1140635 ], [ 28.7165296, 47.1140634 ], [ 28.7165813, 47.1140311 ], [ 28.7165878, 47.114031 ], [ 28.7166072, 47.1140172 ], [ 28.7166138, 47.1140171 ], [ 28.7166395, 47.1139987 ], [ 28.7166461, 47.1139986 ], [ 28.7166655, 47.1139848 ], [ 28.716672, 47.1139847 ], [ 28.7166978, 47.1139663 ], [ 28.7167044, 47.1139662 ], [ 28.7167237, 47.1139525 ], [ 28.7167303, 47.1139524 ], [ 28.7167885, 47.1139155 ], [ 28.716795, 47.1139154 ], [ 28.7168467, 47.1138831 ], [ 28.7168533, 47.113883 ], [ 28.7168726, 47.1138692 ], [ 28.7168792, 47.1138691 ], [ 28.716905, 47.1138508 ], [ 28.7169116, 47.1138507 ], [ 28.7169309, 47.1138369 ], [ 28.7169375, 47.1138368 ], [ 28.7169697, 47.1138138 ], [ 28.7169763, 47.1138137 ], [ 28.7170021, 47.1137953 ], [ 28.7170087, 47.1137952 ], [ 28.7170085, 47.1137907 ], [ 28.7170151, 47.1137906 ], [ 28.717028, 47.1137814 ], [ 28.7170346, 47.1137813 ], [ 28.7170344, 47.1137768 ], [ 28.717041, 47.1137767 ], [ 28.7170409, 47.1137722 ], [ 28.7170475, 47.1137721 ], [ 28.7170473, 47.1137676 ], [ 28.7170737, 47.1137672 ], [ 28.7170738, 47.1137717 ], [ 28.717074, 47.1137762 ], [ 28.7170741, 47.1137807 ], [ 28.7170743, 47.1137852 ], [ 28.717081, 47.1137896 ], [ 28.7171008, 47.1137893 ], [ 28.7171075, 47.1137937 ], [ 28.7171142, 47.1137981 ], [ 28.7171412, 47.1138157 ], [ 28.717142, 47.1138427 ], [ 28.7171034, 47.1138703 ], [ 28.717117, 47.1138836 ], [ 28.7171171, 47.1138881 ], [ 28.7171173, 47.1138926 ], [ 28.7171108, 47.1138972 ], [ 28.7171044, 47.1139018 ], [ 28.7170528, 47.1139385 ], [ 28.717053, 47.113943 ], [ 28.7170531, 47.1139475 ], [ 28.7170533, 47.113952 ], [ 28.7170534, 47.1139565 ], [ 28.7170669, 47.1139653 ], [ 28.717067, 47.1139698 ], [ 28.7170738, 47.1139742 ], [ 28.7170805, 47.1139786 ], [ 28.7170806, 47.1139831 ], [ 28.7170874, 47.1139875 ], [ 28.7170941, 47.1139919 ], [ 28.7170942, 47.1139964 ], [ 28.7171008, 47.1139963 ], [ 28.717101, 47.1140008 ], [ 28.7171077, 47.1140052 ], [ 28.7171078, 47.1140097 ], [ 28.7171144, 47.1140096 ], [ 28.7171146, 47.1140141 ], [ 28.7171213, 47.1140185 ], [ 28.7171215, 47.114023 ], [ 28.717128, 47.1140229 ], [ 28.7171282, 47.1140274 ], [ 28.7171349, 47.1140318 ], [ 28.7171351, 47.1140363 ], [ 28.7171418, 47.1140407 ], [ 28.7171485, 47.1140451 ], [ 28.7171487, 47.1140496 ], [ 28.7171554, 47.114054 ], [ 28.7171621, 47.1140584 ], [ 28.7171623, 47.1140629 ], [ 28.717169, 47.1140673 ], [ 28.7171692, 47.1140718 ], [ 28.7171759, 47.1140762 ], [ 28.7171826, 47.1140806 ], [ 28.7171828, 47.1140851 ], [ 28.7171895, 47.1140895 ], [ 28.7171897, 47.114094 ], [ 28.7171964, 47.1140984 ], [ 28.7172031, 47.1141028 ], [ 28.7172033, 47.1141072 ], [ 28.71721, 47.1141116 ], [ 28.7172167, 47.114116 ], [ 28.7172169, 47.1141205 ], [ 28.7172236, 47.1141249 ], [ 28.7172237, 47.1141294 ], [ 28.7172508, 47.1141515 ], [ 28.7172578, 47.1141649 ], [ 28.7172713, 47.1141737 ], [ 28.7172715, 47.1141782 ], [ 28.7172849, 47.114187 ], [ 28.7172851, 47.1141915 ], [ 28.7172985, 47.1142003 ], [ 28.7172987, 47.1142048 ], [ 28.7173054, 47.1142092 ], [ 28.7173121, 47.1142136 ], [ 28.7173192, 47.114227 ], [ 28.7173326, 47.1142358 ], [ 28.7173328, 47.1142403 ], [ 28.7173735, 47.1142757 ], [ 28.7173805, 47.1142891 ], [ 28.7173939, 47.1142979 ], [ 28.7173941, 47.1143024 ], [ 28.7174348, 47.1143377 ], [ 28.7174418, 47.1143511 ], [ 28.7174553, 47.1143599 ], [ 28.7174554, 47.1143644 ], [ 28.7174689, 47.1143732 ], [ 28.717469, 47.1143777 ], [ 28.7174825, 47.1143865 ], [ 28.7174826, 47.114391 ], [ 28.7174961, 47.1143998 ], [ 28.7174962, 47.1144043 ], [ 28.717503, 47.1144087 ], [ 28.7175097, 47.1144131 ], [ 28.7175098, 47.1144176 ], [ 28.7175166, 47.114422 ], [ 28.7175167, 47.1144265 ], [ 28.7175574, 47.1144619 ], [ 28.7175644, 47.1144753 ], [ 28.7175779, 47.1144841 ], [ 28.7175785, 47.1145021 ], [ 28.7175455, 47.1145026 ], [ 28.7175069, 47.1145301 ], [ 28.7174805, 47.1145305 ], [ 28.7174802, 47.1145215 ], [ 28.7174668, 47.1145127 ], [ 28.7174666, 47.1145082 ], [ 28.7174532, 47.1144995 ], [ 28.717453, 47.114495 ], [ 28.7174396, 47.1144862 ], [ 28.7174394, 47.1144817 ], [ 28.7174125, 47.1144641 ], [ 28.7174123, 47.1144596 ], [ 28.7173921, 47.1144464 ], [ 28.717392, 47.1144419 ], [ 28.7173785, 47.1144331 ], [ 28.7173784, 47.1144286 ], [ 28.7173377, 47.1143932 ], [ 28.7173374, 47.1143842 ], [ 28.7173438, 47.1143796 ], [ 28.7173766, 47.1143746 ], [ 28.7173895, 47.1143654 ], [ 28.7173894, 47.1143609 ], [ 28.7173827, 47.1143565 ], [ 28.7173822, 47.114343 ], [ 28.717362, 47.1143298 ], [ 28.7173611, 47.1143029 ], [ 28.7173408, 47.1142852 ], [ 28.7173338, 47.1142718 ], [ 28.7173203, 47.114263 ], [ 28.7173202, 47.1142585 ], [ 28.7172795, 47.1142231 ], [ 28.7172793, 47.1142186 ], [ 28.7172726, 47.1142142 ], [ 28.7172725, 47.1142097 ], [ 28.717259, 47.1142009 ], [ 28.7172589, 47.1141964 ], [ 28.7172454, 47.1141876 ], [ 28.7172452, 47.1141831 ], [ 28.7172318, 47.1141743 ], [ 28.7172316, 47.1141698 ], [ 28.7172249, 47.1141654 ], [ 28.7172182, 47.114161 ], [ 28.7172112, 47.1141476 ], [ 28.7171977, 47.1141388 ], [ 28.7171907, 47.1141254 ], [ 28.7171772, 47.1141166 ], [ 28.7171771, 47.1141121 ], [ 28.7171636, 47.1141033 ], [ 28.7171634, 47.1140988 ], [ 28.7171567, 47.1140944 ], [ 28.7171566, 47.11409 ], [ 28.7171498, 47.1140856 ], [ 28.7171431, 47.1140812 ], [ 28.717143, 47.1140767 ], [ 28.7171295, 47.1140679 ], [ 28.7171293, 47.1140634 ], [ 28.7171226, 47.114059 ], [ 28.7171225, 47.1140545 ], [ 28.7171157, 47.1140501 ], [ 28.7171023, 47.1140413 ], [ 28.7171021, 47.1140368 ], [ 28.7170685, 47.1140148 ], [ 28.7170683, 47.1140103 ], [ 28.7170682, 47.1140058 ], [ 28.717068, 47.1140013 ], [ 28.7170613, 47.1139969 ], [ 28.7170546, 47.1139925 ], [ 28.7170544, 47.113988 ], [ 28.7170477, 47.1139836 ], [ 28.7170342, 47.1139748 ], [ 28.7170341, 47.1139703 ], [ 28.7170273, 47.1139659 ], [ 28.7170272, 47.1139614 ], [ 28.7170269, 47.1139524 ], [ 28.7170334, 47.1139478 ], [ 28.7170398, 47.1139432 ], [ 28.7170462, 47.1139386 ], [ 28.7170978, 47.1139019 ], [ 28.7171044, 47.1139018 ], [ 28.7171108, 47.1138972 ], [ 28.7171173, 47.1138926 ], [ 28.7171171, 47.1138881 ], [ 28.717117, 47.1138836 ], [ 28.7170969, 47.1138749 ], [ 28.7170442, 47.1138757 ], [ 28.7170378, 47.1138803 ], [ 28.7170312, 47.1138804 ], [ 28.7169795, 47.1139126 ], [ 28.716966, 47.1139038 ], [ 28.7169594, 47.1139039 ], [ 28.7169529, 47.113904 ], [ 28.7169464, 47.1139086 ], [ 28.7169466, 47.1139131 ], [ 28.7169468, 47.1139221 ], [ 28.7169536, 47.1139265 ], [ 28.7169471, 47.1139311 ], [ 28.7169407, 47.1139357 ], [ 28.7169343, 47.1139403 ], [ 28.7169281, 47.1139539 ], [ 28.716883, 47.1139861 ], [ 28.7168827, 47.1139771 ], [ 28.7168891, 47.1139725 ], [ 28.7168956, 47.1139679 ], [ 28.716902, 47.1139633 ], [ 28.7169085, 47.1139587 ], [ 28.7169149, 47.1139541 ], [ 28.7169214, 47.1139495 ], [ 28.7169278, 47.1139449 ], [ 28.7169343, 47.1139403 ], [ 28.7169407, 47.1139357 ], [ 28.7169471, 47.1139311 ], [ 28.7169536, 47.1139265 ], [ 28.7169468, 47.1139221 ], [ 28.7169401, 47.1139177 ], [ 28.7169334, 47.1139133 ], [ 28.7168997, 47.1138913 ], [ 28.7168931, 47.1138914 ], [ 28.7168865, 47.1138915 ], [ 28.71688, 47.1138916 ], [ 28.7168735, 47.1138962 ], [ 28.7168671, 47.1139008 ], [ 28.7168606, 47.1139054 ], [ 28.7168542, 47.11391 ], [ 28.7168476, 47.1139101 ], [ 28.7168412, 47.1139147 ], [ 28.7168347, 47.1139193 ], [ 28.7168283, 47.1139239 ], [ 28.7168217, 47.113924 ], [ 28.7168152, 47.1139286 ], [ 28.7168088, 47.1139332 ], [ 28.7168024, 47.1139378 ], [ 28.7167959, 47.1139424 ], [ 28.7167893, 47.1139425 ], [ 28.7167829, 47.1139471 ], [ 28.7167764, 47.1139517 ], [ 28.71677, 47.1139563 ], [ 28.7167634, 47.1139564 ], [ 28.716757, 47.113961 ], [ 28.7167505, 47.1139656 ], [ 28.7167441, 47.1139702 ], [ 28.7167376, 47.1139747 ], [ 28.716731, 47.1139748 ], [ 28.7167246, 47.1139794 ], [ 28.7167182, 47.113984 ], [ 28.7167117, 47.1139886 ], [ 28.7167051, 47.1139887 ], [ 28.7166987, 47.1139933 ], [ 28.7166922, 47.1139979 ], [ 28.7166858, 47.1140025 ], [ 28.7166794, 47.1140071 ], [ 28.7166728, 47.1140072 ], [ 28.7166663, 47.1140118 ], [ 28.7166599, 47.1140164 ], [ 28.7166534, 47.114021 ], [ 28.716647, 47.1140256 ], [ 28.7166404, 47.1140257 ], [ 28.716634, 47.1140303 ], [ 28.7166275, 47.1140349 ], [ 28.7166211, 47.1140395 ], [ 28.7166145, 47.1140396 ], [ 28.716608, 47.1140442 ], [ 28.7166016, 47.1140488 ], [ 28.7165952, 47.1140534 ], [ 28.7165887, 47.114058 ], [ 28.7165821, 47.1140581 ], [ 28.7165628, 47.1140719 ], [ 28.7165562, 47.114072 ], [ 28.7165498, 47.1140766 ], [ 28.7165433, 47.1140811 ], [ 28.7165369, 47.1140857 ], [ 28.7165304, 47.1140903 ], [ 28.7165238, 47.1140904 ], [ 28.7165045, 47.1141042 ], [ 28.7164979, 47.1141043 ], [ 28.7164722, 47.1141227 ], [ 28.7164656, 47.1141228 ], [ 28.7164462, 47.1141366 ], [ 28.7164397, 47.1141367 ], [ 28.7163815, 47.1141736 ], [ 28.7163749, 47.1141737 ], [ 28.7163232, 47.1142059 ], [ 28.7163167, 47.114206 ], [ 28.7162973, 47.1142198 ], [ 28.7162907, 47.1142199 ], [ 28.716265, 47.1142383 ], [ 28.7162584, 47.1142384 ], [ 28.716239, 47.1142522 ], [ 28.7162325, 47.1142523 ], [ 28.7162067, 47.1142707 ], [ 28.7162001, 47.1142708 ], [ 28.7161808, 47.1142846 ], [ 28.7161742, 47.1142847 ], [ 28.7161549, 47.1142984 ], [ 28.7161483, 47.1142985 ], [ 28.7161289, 47.1143123 ], [ 28.7161223, 47.1143124 ], [ 28.7160966, 47.1143308 ], [ 28.71609, 47.1143309 ], [ 28.7160642, 47.1143493 ], [ 28.7160576, 47.1143494 ], [ 28.7160512, 47.114354 ], [ 28.7160447, 47.1143586 ], [ 28.7160383, 47.1143632 ], [ 28.7160319, 47.1143678 ], [ 28.7160254, 47.1143724 ], [ 28.716019, 47.114377 ], [ 28.7160125, 47.1143816 ], [ 28.7160061, 47.1143862 ], [ 28.715961, 47.1144183 ], [ 28.7159544, 47.1144184 ], [ 28.7159545, 47.1144229 ], [ 28.7159479, 47.114423 ], [ 28.7159481, 47.1144275 ], [ 28.7159415, 47.1144276 ], [ 28.7159416, 47.1144321 ], [ 28.7159351, 47.1144322 ], [ 28.7159352, 47.1144367 ], [ 28.7159286, 47.1144368 ], [ 28.7159288, 47.1144413 ], [ 28.7159156, 47.1144415 ], [ 28.7159162, 47.1144595 ], [ 28.7159623, 47.1144588 ], [ 28.7159757, 47.1144676 ], [ 28.7159955, 47.1144673 ], [ 28.7160019, 47.1144627 ], [ 28.7160217, 47.1144624 ], [ 28.7160604, 47.1144348 ], [ 28.716067, 47.1144347 ], [ 28.7161056, 47.1144072 ], [ 28.7161122, 47.1144071 ], [ 28.7161443, 47.1143796 ], [ 28.716164, 47.1143793 ], [ 28.7161705, 47.1143747 ], [ 28.716184, 47.1143835 ], [ 28.7161842, 47.1143925 ], [ 28.7161777, 47.1143926 ], [ 28.7161519, 47.114411 ], [ 28.7161453, 47.1144111 ], [ 28.7161066, 47.1144386 ], [ 28.7161, 47.1144387 ], [ 28.7160614, 47.1144663 ], [ 28.7160548, 47.1144664 ], [ 28.716029, 47.1144848 ], [ 28.7160093, 47.1144851 ], [ 28.715977, 47.1145081 ], [ 28.7159705, 47.1145082 ], [ 28.7158867, 47.1145679 ], [ 28.7158735, 47.1145681 ], [ 28.7158606, 47.1145773 ], [ 28.715854, 47.1145774 ], [ 28.7155834, 47.1147704 ], [ 28.7155307, 47.1147712 ], [ 28.7155178, 47.1147804 ], [ 28.7155112, 47.1147805 ], [ 28.715479, 47.1148035 ], [ 28.7154724, 47.1148036 ], [ 28.7154402, 47.1148266 ], [ 28.7154336, 47.1148267 ], [ 28.7154079, 47.1148451 ], [ 28.7154013, 47.1148452 ], [ 28.7153691, 47.1148681 ], [ 28.7153625, 47.1148682 ], [ 28.7153303, 47.1148912 ], [ 28.7153237, 47.1148913 ], [ 28.7152915, 47.1149143 ], [ 28.7152849, 47.1149144 ], [ 28.7152526, 47.1149374 ], [ 28.7152461, 47.1149375 ], [ 28.7152138, 47.1149605 ], [ 28.7152073, 47.1149606 ], [ 28.715175, 47.1149835 ], [ 28.7151684, 47.1149836 ], [ 28.7150974, 47.1150297 ], [ 28.7150843, 47.1150299 ], [ 28.7150263, 47.1150713 ], [ 28.7150197, 47.1150714 ], [ 28.7149875, 47.1150943 ], [ 28.7149809, 47.1150944 ], [ 28.7149486, 47.1151174 ], [ 28.7149421, 47.1151175 ], [ 28.7149098, 47.1151405 ], [ 28.7149033, 47.1151406 ], [ 28.714871, 47.1151636 ], [ 28.7148645, 47.1151637 ], [ 28.7147549, 47.1152418 ], [ 28.7147555, 47.1152598 ], [ 28.7147757, 47.115273 ], [ 28.7147758, 47.1152775 ], [ 28.714796, 47.1152907 ], [ 28.7147962, 47.1152952 ], [ 28.7148231, 47.1153128 ], [ 28.7148232, 47.1153173 ], [ 28.7148773, 47.115357 ], [ 28.7148774, 47.1153614 ], [ 28.7148976, 47.1153746 ], [ 28.7148977, 47.1153791 ], [ 28.7149247, 47.1153967 ], [ 28.7149248, 47.1154012 ], [ 28.7149517, 47.1154188 ], [ 28.7149519, 47.1154233 ], [ 28.7149924, 47.1154542 ], [ 28.7149926, 47.1154587 ], [ 28.715006, 47.1154675 ], [ 28.7150062, 47.115472 ], [ 28.7150331, 47.1154896 ], [ 28.7150333, 47.1154941 ], [ 28.7150805, 47.1155294 ], [ 28.7150807, 47.1155339 ], [ 28.7151009, 47.1155471 ], [ 28.715101, 47.1155516 ], [ 28.7151279, 47.1155692 ], [ 28.7151281, 47.1155737 ], [ 28.7151483, 47.1155869 ], [ 28.7151484, 47.1155914 ], [ 28.7152092, 47.1156354 ], [ 28.7152093, 47.1156399 ], [ 28.7152633, 47.1156796 ], [ 28.7152635, 47.1156841 ], [ 28.7152837, 47.1156973 ], [ 28.7152838, 47.1157018 ], [ 28.7153107, 47.1157194 ], [ 28.7153109, 47.1157239 ], [ 28.7153311, 47.1157371 ], [ 28.7153312, 47.1157416 ], [ 28.7153649, 47.1157636 ], [ 28.715365, 47.1157681 ], [ 28.715392, 47.1157857 ], [ 28.7153921, 47.1157902 ], [ 28.7154594, 47.1158342 ], [ 28.7154726, 47.115834 ], [ 28.7154791, 47.1158294 ], [ 28.7154789, 47.1158249 ], [ 28.7154854, 47.1158203 ], [ 28.7154852, 47.1158158 ], [ 28.7154851, 47.1158113 ], [ 28.7155246, 47.1158107 ], [ 28.7155448, 47.1158239 ], [ 28.7155711, 47.1158235 ], [ 28.7155698, 47.115783 ], [ 28.7155827, 47.1157738 ], [ 28.715576, 47.1157694 ], [ 28.7155757, 47.1157604 ], [ 28.7155218, 47.1157253 ], [ 28.7155217, 47.1157208 ], [ 28.715515, 47.1157164 ], [ 28.7155082, 47.115712 ], [ 28.7155015, 47.1157076 ], [ 28.7154948, 47.1157032 ], [ 28.715488, 47.1156988 ], [ 28.7154879, 47.1156943 ], [ 28.7154812, 47.1156899 ], [ 28.7154744, 47.1156855 ], [ 28.7154677, 47.1156811 ], [ 28.715461, 47.1156767 ], [ 28.7154608, 47.1156722 ], [ 28.7154203, 47.1156413 ], [ 28.7154201, 47.1156368 ], [ 28.7154067, 47.115628 ], [ 28.7154065, 47.1156235 ], [ 28.7153931, 47.1156147 ], [ 28.7153929, 47.1156102 ], [ 28.7153389, 47.1155705 ], [ 28.7153386, 47.1155615 ], [ 28.7153452, 47.1155614 ], [ 28.7153517, 47.1155568 ], [ 28.7153501, 47.1155074 ], [ 28.7153632, 47.1155072 ], [ 28.7153631, 47.1155027 ], [ 28.7153629, 47.1154982 ], [ 28.7153625, 47.1154847 ], [ 28.7153356, 47.1154671 ], [ 28.7153351, 47.1154536 ], [ 28.7152948, 47.1154272 ], [ 28.7152982, 47.1154257 ], [ 28.7151717, 47.1153209 ], [ 28.7151574, 47.1153289 ], [ 28.7154505, 47.115572 ], [ 28.715595, 47.1156931 ], [ 28.7155409, 47.1157232 ], [ 28.7149928, 47.1152635 ], [ 28.7149265, 47.1152087 ], [ 28.7149039, 47.1152214 ], [ 28.7149468, 47.1152567 ], [ 28.7150129, 47.1153105 ], [ 28.7155589, 47.1157556 ], [ 28.7155308, 47.1157717 ], [ 28.7148842, 47.1152327 ], [ 28.7148246, 47.115266 ], [ 28.7154355, 47.1157722 ], [ 28.7155319, 47.115852 ], [ 28.7154697, 47.115887 ], [ 28.7147538, 47.1152918 ], [ 28.7147226, 47.1153093 ], [ 28.7151183, 47.1156382 ], [ 28.7150842, 47.1156574 ], [ 28.7146923, 47.1153401 ], [ 28.7146768, 47.1153491 ], [ 28.7147699, 47.1154262 ], [ 28.7147489, 47.1154381 ], [ 28.7147361, 47.1154278 ], [ 28.7146668, 47.1153721 ], [ 28.7146737, 47.1153825 ], [ 28.7147007, 47.1154001 ], [ 28.7147008, 47.1154046 ], [ 28.7147345, 47.1154266 ], [ 28.7147411, 47.1154265 ], [ 28.7147412, 47.115431 ], [ 28.7147414, 47.1154355 ], [ 28.7147548, 47.1154443 ], [ 28.7147554, 47.1154623 ], [ 28.7148025, 47.1154931 ], [ 28.7148027, 47.1154976 ], [ 28.7148296, 47.1155151 ], [ 28.7148298, 47.1155196 ], [ 28.7149577, 47.1156032 ], [ 28.7149578, 47.1156077 ], [ 28.7150453, 47.1156649 ], [ 28.7150783, 47.1156644 ], [ 28.7150917, 47.1156732 ], [ 28.7150919, 47.1156777 ], [ 28.7150985, 47.1156776 ], [ 28.7150988, 47.1156866 ], [ 28.7151317, 47.1156861 ], [ 28.7151452, 47.1156949 ], [ 28.7151453, 47.1156994 ], [ 28.7151924, 47.1157302 ], [ 28.7151926, 47.1157347 ], [ 28.7152397, 47.1157655 ], [ 28.7152399, 47.11577 ], [ 28.7152735, 47.115792 ], [ 28.7152742, 47.1158144 ], [ 28.715301, 47.1158275 ], [ 28.7153015, 47.115841 ], [ 28.7153082, 47.1158454 ], [ 28.7153085, 47.1158544 ], [ 28.7153489, 47.1158808 ], [ 28.7153499, 47.1159123 ], [ 28.7152468, 47.1159858 ], [ 28.715227, 47.1159861 ], [ 28.7152077, 47.1159999 ], [ 28.7151748, 47.1160004 ], [ 28.714801, 47.116267 ], [ 28.7147945, 47.1162671 ], [ 28.7147751, 47.1162809 ], [ 28.7147685, 47.116281 ], [ 28.7146461, 47.1163683 ], [ 28.7146066, 47.1163689 ], [ 28.7145678, 47.116392 ], [ 28.7145612, 47.1163921 ], [ 28.7145419, 47.1164058 ], [ 28.7145353, 47.1164059 ], [ 28.7145159, 47.1164197 ], [ 28.7145093, 47.1164198 ], [ 28.71449, 47.1164336 ], [ 28.7144834, 47.1164337 ], [ 28.7144641, 47.1164475 ], [ 28.7144575, 47.1164476 ], [ 28.7144382, 47.1164614 ], [ 28.7144316, 47.1164615 ], [ 28.7144123, 47.1164753 ], [ 28.7144057, 47.1164754 ], [ 28.7143863, 47.1164892 ], [ 28.7143797, 47.1164893 ], [ 28.7141607, 47.1166455 ], [ 28.7141611, 47.116659 ], [ 28.7141282, 47.1166595 ], [ 28.7141088, 47.1166733 ], [ 28.7141094, 47.1166913 ], [ 28.7141028, 47.1166914 ], [ 28.7140835, 47.1167052 ], [ 28.7140044, 47.1167064 ], [ 28.7139915, 47.1167155 ], [ 28.713985, 47.1167156 ], [ 28.7139204, 47.1167571 ], [ 28.7139138, 47.1167572 ], [ 28.713888, 47.1167756 ], [ 28.7138814, 47.1167757 ], [ 28.7138492, 47.1167987 ], [ 28.7138426, 47.1167988 ], [ 28.7138168, 47.1168171 ], [ 28.7138102, 47.1168172 ], [ 28.7137845, 47.1168356 ], [ 28.7137779, 47.1168357 ], [ 28.7137457, 47.1168587 ], [ 28.7137391, 47.1168588 ], [ 28.7137133, 47.1168772 ], [ 28.7137067, 47.1168773 ], [ 28.7136745, 47.1169003 ], [ 28.7136679, 47.1169004 ], [ 28.7136421, 47.1169187 ], [ 28.7136355, 47.1169188 ], [ 28.7136098, 47.1169372 ], [ 28.7136032, 47.1169373 ], [ 28.7135774, 47.1169557 ], [ 28.7135708, 47.1169558 ], [ 28.713545, 47.1169742 ], [ 28.7135385, 47.1169743 ], [ 28.7135127, 47.1169927 ], [ 28.7135061, 47.1169928 ], [ 28.7134803, 47.1170112 ], [ 28.7134737, 47.1170113 ], [ 28.713448, 47.1170296 ], [ 28.7134414, 47.1170297 ], [ 28.7134156, 47.1170481 ], [ 28.713409, 47.1170482 ], [ 28.7133832, 47.1170666 ], [ 28.7133766, 47.1170667 ], [ 28.7133509, 47.1170851 ], [ 28.7133443, 47.1170852 ], [ 28.7133185, 47.1171036 ], [ 28.7133119, 47.1171037 ], [ 28.7132861, 47.1171221 ], [ 28.7132795, 47.1171221 ], [ 28.7132538, 47.1171405 ], [ 28.7132472, 47.1171406 ], [ 28.7132214, 47.117159 ], [ 28.7132148, 47.1171591 ], [ 28.713189, 47.1171775 ], [ 28.7131825, 47.1171776 ], [ 28.7131567, 47.117196 ], [ 28.7131501, 47.1171961 ], [ 28.713092, 47.1172329 ], [ 28.7130854, 47.117233 ], [ 28.713066, 47.1172468 ], [ 28.7130594, 47.1172469 ], [ 28.7130337, 47.1172653 ], [ 28.7130271, 47.1172654 ], [ 28.7130013, 47.1172838 ], [ 28.7129947, 47.1172839 ], [ 28.7129689, 47.1173023 ], [ 28.7129624, 47.1173024 ], [ 28.7129366, 47.1173208 ], [ 28.71293, 47.1173209 ], [ 28.7129042, 47.1173392 ], [ 28.7128976, 47.1173393 ], [ 28.7128719, 47.1173577 ], [ 28.7128653, 47.1173578 ], [ 28.7128395, 47.1173762 ], [ 28.7128329, 47.1173763 ], [ 28.7128071, 47.1173947 ], [ 28.7128005, 47.1173948 ], [ 28.7127619, 47.1174224 ], [ 28.7127553, 47.1174225 ], [ 28.7127166, 47.11745 ], [ 28.71271, 47.1174501 ], [ 28.7126649, 47.1174823 ], [ 28.7126583, 47.1174824 ], [ 28.7126132, 47.1175146 ], [ 28.7126066, 47.1175147 ], [ 28.7125615, 47.1175468 ], [ 28.7125549, 47.1175469 ], [ 28.7125098, 47.1175791 ], [ 28.7125033, 47.1175792 ], [ 28.7124193, 47.1176345 ], [ 28.7124128, 47.1176346 ], [ 28.7123802, 47.1176485 ], [ 28.7123671, 47.1176487 ], [ 28.7123476, 47.117658 ], [ 28.7123344, 47.1176582 ], [ 28.7123149, 47.1176675 ], [ 28.7123018, 47.1176677 ], [ 28.7122953, 47.1176723 ], [ 28.7122757, 47.1176771 ], [ 28.7122564, 47.1176909 ], [ 28.7122498, 47.117691 ], [ 28.7122111, 47.1177186 ], [ 28.7122045, 47.1177187 ], [ 28.7121594, 47.1177508 ], [ 28.7121528, 47.1177509 ], [ 28.7121142, 47.1177785 ], [ 28.7121076, 47.1177786 ], [ 28.7121008, 47.1177742 ], [ 28.7121007, 47.1177697 ], [ 28.712094, 47.1177653 ], [ 28.7120872, 47.1177609 ], [ 28.7120871, 47.1177564 ], [ 28.712013, 47.117708 ], [ 28.7120129, 47.1177035 ], [ 28.7119656, 47.1176682 ], [ 28.7119655, 47.1176637 ], [ 28.7119182, 47.1176284 ], [ 28.7119181, 47.117624 ], [ 28.7118911, 47.1176064 ], [ 28.711891, 47.1176019 ], [ 28.7118708, 47.1175887 ], [ 28.7118706, 47.1175842 ], [ 28.7118099, 47.1175401 ], [ 28.7118518, 47.1174555 ], [ 28.7121475, 47.117671 ], [ 28.7121208, 47.1176881 ], [ 28.7119189, 47.1175337 ], [ 28.7118827, 47.1175557 ], [ 28.7121143, 47.1177495 ], [ 28.7120594, 47.1177801 ], [ 28.7117312, 47.1175054 ], [ 28.7116815, 47.1175331 ], [ 28.7119681, 47.1177729 ], [ 28.7119165, 47.1178016 ], [ 28.7116322, 47.1175608 ], [ 28.7115814, 47.1175887 ], [ 28.7119196, 47.1178764 ], [ 28.7118679, 47.1179047 ], [ 28.7118554, 47.1178943 ], [ 28.7118341, 47.1178765 ], [ 28.711529, 47.1176211 ], [ 28.7117967, 47.1178535 ], [ 28.7117936, 47.1178553 ], [ 28.7118004, 47.1178597 ], [ 28.711807, 47.1178596 ], [ 28.7118339, 47.1178772 ], [ 28.711834, 47.1178817 ], [ 28.7118408, 47.1178861 ], [ 28.7118475, 47.1178905 ], [ 28.7118542, 47.1178949 ], [ 28.711861, 47.1178993 ], [ 28.7118677, 47.1179037 ], [ 28.7118744, 47.1179081 ], [ 28.7119081, 47.1179301 ], [ 28.7119084, 47.1179391 ], [ 28.7118762, 47.117962 ], [ 28.7118696, 47.1179621 ], [ 28.711863, 47.1179622 ], [ 28.7118564, 47.1179623 ], [ 28.7118498, 47.1179624 ], [ 28.7118432, 47.1179625 ], [ 28.7118366, 47.1179626 ], [ 28.71183, 47.1179627 ], [ 28.7118235, 47.1179628 ], [ 28.7118169, 47.1179629 ], [ 28.7118103, 47.117963 ], [ 28.7117246, 47.1179643 ], [ 28.7117179, 47.1179599 ], [ 28.711698, 47.1179557 ], [ 28.7116916, 47.1179603 ], [ 28.7116851, 47.1179649 ], [ 28.7116787, 47.1179695 ], [ 28.7116722, 47.1179741 ], [ 28.7116658, 47.1179787 ], [ 28.7116593, 47.1179833 ], [ 28.7116595, 47.1179878 ], [ 28.7116598, 47.1179968 ], [ 28.7116469, 47.118006 ], [ 28.711647, 47.1180105 ], [ 28.7116341, 47.1180196 ], [ 28.7116343, 47.1180241 ], [ 28.7116149, 47.1180379 ], [ 28.7116151, 47.1180424 ], [ 28.7116022, 47.1180516 ], [ 28.7116023, 47.1180561 ], [ 28.711583, 47.1180699 ], [ 28.7115833, 47.1180789 ], [ 28.7115511, 47.1181019 ], [ 28.7115512, 47.1181064 ], [ 28.7115383, 47.1181156 ], [ 28.7115385, 47.1181201 ], [ 28.7115191, 47.1181339 ], [ 28.7115193, 47.1181383 ], [ 28.7115001, 47.1181566 ], [ 28.7115002, 47.1181611 ], [ 28.7114745, 47.1181795 ], [ 28.7114746, 47.118184 ], [ 28.7114553, 47.1181978 ], [ 28.7114554, 47.1182023 ], [ 28.7114425, 47.1182115 ], [ 28.7114427, 47.118216 ], [ 28.7114234, 47.1182298 ], [ 28.7114235, 47.1182343 ], [ 28.7113914, 47.1182617 ], [ 28.7113917, 47.1182707 ], [ 28.7114052, 47.1182795 ], [ 28.7114055, 47.1182885 ], [ 28.711399, 47.1182931 ], [ 28.7113926, 47.1182977 ], [ 28.7113927, 47.1183022 ], [ 28.7113798, 47.1183114 ], [ 28.71138, 47.1183159 ], [ 28.7113735, 47.1183205 ], [ 28.7113671, 47.1183251 ], [ 28.7113606, 47.1183297 ], [ 28.7113542, 47.1183343 ], [ 28.7113478, 47.1183389 ], [ 28.7113478, 47.1183389 ], [ 28.7113479, 47.1183434 ], [ 28.711348, 47.1183479 ], [ 28.7113352, 47.1183571 ], [ 28.7113353, 47.1183616 ], [ 28.7113289, 47.1183662 ], [ 28.711329, 47.1183707 ], [ 28.7112969, 47.1183981 ], [ 28.7112971, 47.1184026 ], [ 28.7112972, 47.1184071 ], [ 28.7112972, 47.1184071 ], [ 28.7112971, 47.1184026 ], [ 28.7112969, 47.1183981 ], [ 28.7112968, 47.1183936 ], [ 28.7113161, 47.1183799 ], [ 28.711316, 47.1183754 ], [ 28.7113224, 47.1183708 ], [ 28.7113289, 47.1183662 ], [ 28.7113353, 47.1183616 ], [ 28.7113352, 47.1183571 ], [ 28.711335, 47.1183526 ], [ 28.7113479, 47.1183434 ], [ 28.7113478, 47.1183389 ], [ 28.7113542, 47.1183343 ], [ 28.7113606, 47.1183297 ], [ 28.7113671, 47.1183251 ], [ 28.7113735, 47.1183205 ], [ 28.71138, 47.1183159 ], [ 28.7113798, 47.1183114 ], [ 28.7113797, 47.1183069 ], [ 28.7113861, 47.1183023 ], [ 28.7113926, 47.1182977 ], [ 28.711399, 47.1182931 ], [ 28.7114055, 47.1182885 ], [ 28.7114121, 47.1182884 ], [ 28.7114186, 47.1182883 ], [ 28.7114254, 47.1182927 ], [ 28.7114318, 47.1182881 ], [ 28.7114384, 47.118288 ], [ 28.7114383, 47.1182835 ], [ 28.7114381, 47.118279 ], [ 28.7114447, 47.1182789 ], [ 28.7114446, 47.1182744 ], [ 28.7114511, 47.1182743 ], [ 28.711451, 47.1182699 ], [ 28.7114509, 47.1182654 ], [ 28.7114574, 47.1182653 ], [ 28.7114573, 47.1182608 ], [ 28.7114639, 47.1182607 ], [ 28.7114637, 47.1182562 ], [ 28.7114702, 47.1182516 ], [ 28.71147, 47.1182471 ], [ 28.7114766, 47.118247 ], [ 28.7114765, 47.1182425 ], [ 28.7114829, 47.1182379 ], [ 28.7114828, 47.1182334 ], [ 28.7114894, 47.1182333 ], [ 28.7114892, 47.1182288 ], [ 28.7114957, 47.1182242 ], [ 28.7115021, 47.1182196 ], [ 28.711502, 47.1182151 ], [ 28.7115084, 47.1182105 ], [ 28.7115149, 47.1182059 ], [ 28.7115213, 47.1182013 ], [ 28.7115519, 47.1182014 ], [ 28.7113483, 47.1184024 ], [ 28.7113305, 47.1183942 ], [ 28.7113584, 47.1183658 ], [ 28.7115277, 47.118193 ], [ 28.7117208, 47.1179998 ], [ 28.7117078, 47.1179938 ], [ 28.711543, 47.1181585 ], [ 28.711376, 47.1183267 ], [ 28.7113379, 47.1183091 ], [ 28.711349, 47.1182979 ], [ 28.7116608, 47.1179837 ], [ 28.7116751, 47.1179692 ], [ 28.7115971, 47.117935 ], [ 28.7111467, 47.118414 ], [ 28.7110685, 47.1183785 ], [ 28.7114935, 47.117942 ], [ 28.7114612, 47.117927 ], [ 28.7110209, 47.1183699 ], [ 28.7109493, 47.1183366 ], [ 28.7114511, 47.1178343 ], [ 28.7113849, 47.1178041 ], [ 28.7109006, 47.118298 ], [ 28.7108982, 47.1182961 ], [ 28.7108984, 47.1183051 ], [ 28.7108856, 47.1183143 ], [ 28.7108857, 47.1183188 ], [ 28.710873, 47.1183325 ], [ 28.7108734, 47.118346 ], [ 28.7108932, 47.1183457 ], [ 28.710906, 47.1183365 ], [ 28.7109059, 47.118332 ], [ 28.7109188, 47.1183228 ], [ 28.7109185, 47.1183138 ], [ 28.7109251, 47.1183137 ], [ 28.7109249, 47.1183092 ], [ 28.7109506, 47.1182863 ], [ 28.7109504, 47.1182818 ], [ 28.7109696, 47.1182635 ], [ 28.7109758, 47.11825 ], [ 28.7109887, 47.1182408 ], [ 28.7109885, 47.1182363 ], [ 28.7110014, 47.1182271 ], [ 28.7110013, 47.1182226 ], [ 28.7110142, 47.1182134 ], [ 28.711014, 47.1182089 ], [ 28.7110269, 47.1181997 ], [ 28.7110268, 47.1181952 ], [ 28.7110396, 47.118186 ], [ 28.7110395, 47.1181815 ], [ 28.7110524, 47.1181723 ], [ 28.7110522, 47.1181678 ], [ 28.7110716, 47.118154 ], [ 28.7110714, 47.1181495 ], [ 28.7110843, 47.1181403 ], [ 28.7110842, 47.1181359 ], [ 28.7110971, 47.1181267 ], [ 28.7110969, 47.1181222 ], [ 28.7111163, 47.1181084 ], [ 28.7111161, 47.1181039 ], [ 28.711129, 47.1180947 ], [ 28.7111289, 47.1180902 ], [ 28.7111482, 47.1180764 ], [ 28.711148, 47.1180719 ], [ 28.7111609, 47.1180627 ], [ 28.7111608, 47.1180582 ], [ 28.7111801, 47.1180444 ], [ 28.71118, 47.1180399 ], [ 28.7111993, 47.1180261 ], [ 28.7111992, 47.1180216 ], [ 28.711212, 47.1180125 ], [ 28.7112119, 47.118008 ], [ 28.7112312, 47.1179942 ], [ 28.7112311, 47.1179897 ], [ 28.7112696, 47.1179576 ], [ 28.7112695, 47.1179531 ], [ 28.7112824, 47.1179439 ], [ 28.7112822, 47.1179394 ], [ 28.7113015, 47.1179256 ], [ 28.7113014, 47.1179211 ], [ 28.7113335, 47.1178937 ], [ 28.7113333, 47.1178892 ], [ 28.7113654, 47.1178617 ], [ 28.7113653, 47.1178572 ], [ 28.7113717, 47.1178526 ], [ 28.7113782, 47.117848 ], [ 28.7113846, 47.1178434 ], [ 28.711391, 47.1178388 ], [ 28.7113975, 47.1178342 ], [ 28.7114039, 47.1178296 ], [ 28.7114104, 47.117825 ], [ 28.7114168, 47.1178204 ], [ 28.7114233, 47.1178158 ], [ 28.7114426, 47.117802 ], [ 28.7114492, 47.1178019 ], [ 28.7115704, 47.1178811 ], [ 28.7115903, 47.1178853 ], [ 28.7116037, 47.1178941 ], [ 28.7116236, 47.1178983 ], [ 28.7116371, 47.1179071 ], [ 28.711657, 47.1179113 ], [ 28.7116705, 47.1179201 ], [ 28.7117037, 47.1179286 ], [ 28.7117172, 47.1179374 ], [ 28.7117371, 47.1179416 ], [ 28.7117506, 47.1179504 ], [ 28.7117571, 47.1179503 ], [ 28.7117772, 47.117959 ], [ 28.7118036, 47.1179586 ], [ 28.7118103, 47.117963 ], [ 28.7118169, 47.1179629 ], [ 28.7118235, 47.1179628 ], [ 28.71183, 47.1179627 ], [ 28.7118366, 47.1179626 ], [ 28.7118432, 47.1179625 ], [ 28.7118498, 47.1179624 ], [ 28.7118564, 47.1179623 ], [ 28.711863, 47.1179622 ], [ 28.7118696, 47.1179621 ], [ 28.7118762, 47.117962 ], [ 28.7118828, 47.1179619 ], [ 28.7121856, 47.1177459 ], [ 28.712212, 47.1177455 ], [ 28.7122184, 47.1177409 ], [ 28.712225, 47.1177408 ], [ 28.7122701, 47.1177087 ], [ 28.7122767, 47.1177086 ], [ 28.712296, 47.1176948 ], [ 28.7123026, 47.1176947 ], [ 28.7123221, 47.1176854 ], [ 28.7123353, 47.1176852 ], [ 28.7123548, 47.1176759 ], [ 28.7123679, 47.1176757 ], [ 28.7123874, 47.1176664 ], [ 28.7124006, 47.1176662 ], [ 28.7124201, 47.1176569 ], [ 28.7125057, 47.1176557 ], [ 28.7125124, 47.1176601 ], [ 28.7125323, 47.1176643 ], [ 28.7126333, 47.1177302 ], [ 28.7126399, 47.1177301 ], [ 28.7127071, 47.1177696 ], [ 28.7127137, 47.1177695 ], [ 28.7127406, 47.1177871 ], [ 28.7127472, 47.117787 ], [ 28.7127741, 47.1178046 ], [ 28.7127807, 47.1178045 ], [ 28.7128144, 47.1178265 ], [ 28.712821, 47.1178264 ], [ 28.7128479, 47.117844 ], [ 28.7128545, 47.1178439 ], [ 28.7128814, 47.1178615 ], [ 28.712888, 47.1178614 ], [ 28.7129217, 47.1178834 ], [ 28.7129283, 47.1178833 ], [ 28.7129552, 47.1179009 ], [ 28.7129618, 47.1179008 ], [ 28.7130222, 47.1179359 ], [ 28.7130288, 47.1179358 ], [ 28.713049, 47.117949 ], [ 28.7130556, 47.1179489 ], [ 28.7130825, 47.1179665 ], [ 28.7130891, 47.1179664 ], [ 28.7131093, 47.1179796 ], [ 28.7131159, 47.1179795 ], [ 28.7131361, 47.1179927 ], [ 28.7131427, 47.1179926 ], [ 28.7131629, 47.1180058 ], [ 28.7131695, 47.1180057 ], [ 28.7134455, 47.118186 ], [ 28.7134457, 47.1181905 ], [ 28.7135063, 47.1182301 ], [ 28.7135064, 47.1182346 ], [ 28.7135334, 47.1182522 ], [ 28.7135335, 47.1182567 ], [ 28.7135604, 47.1182743 ], [ 28.7135606, 47.1182788 ], [ 28.7135875, 47.1182964 ], [ 28.7135876, 47.1183009 ], [ 28.7137425, 47.1184021 ], [ 28.7137428, 47.1184111 ], [ 28.7137495, 47.1184155 ], [ 28.7137563, 47.1184199 ], [ 28.713763, 47.1184243 ], [ 28.7137765, 47.118433 ], [ 28.7137766, 47.1184375 ], [ 28.7137767, 47.118442 ], [ 28.7137769, 47.1184465 ], [ 28.7137904, 47.1184553 ], [ 28.7137906, 47.1184643 ], [ 28.7138176, 47.1184819 ], [ 28.7138177, 47.1184864 ], [ 28.7138245, 47.1184908 ], [ 28.713818, 47.1184954 ], [ 28.7138182, 47.1184999 ], [ 28.7138117, 47.1185045 ], [ 28.7138053, 47.1185091 ], [ 28.7137988, 47.1185137 ], [ 28.7137924, 47.1185183 ], [ 28.7137859, 47.1185229 ], [ 28.7137666, 47.1185367 ], [ 28.7137667, 47.1185412 ], [ 28.7137669, 47.1185457 ], [ 28.7137604, 47.1185503 ], [ 28.7137606, 47.1185548 ], [ 28.7137541, 47.1185594 ], [ 28.7137477, 47.118564 ], [ 28.7137413, 47.1185686 ], [ 28.7137414, 47.1185731 ], [ 28.713735, 47.1185777 ], [ 28.7137285, 47.1185822 ], [ 28.7137221, 47.1185868 ], [ 28.7137156, 47.1185914 ], [ 28.7137158, 47.1185959 ], [ 28.7137093, 47.1186005 ], [ 28.7137029, 47.1186051 ], [ 28.7136964, 47.1186097 ], [ 28.7136966, 47.1186142 ], [ 28.7136901, 47.1186188 ], [ 28.7136837, 47.1186234 ], [ 28.7136773, 47.118628 ], [ 28.7136774, 47.1186325 ], [ 28.713671, 47.1186371 ], [ 28.7136645, 47.1186417 ], [ 28.7136581, 47.1186463 ], [ 28.7136582, 47.1186508 ], [ 28.7136326, 47.1186737 ], [ 28.7136264, 47.1186873 ], [ 28.7136072, 47.1187055 ], [ 28.713608, 47.118728 ], [ 28.7136015, 47.1187326 ], [ 28.7136017, 47.1187371 ], [ 28.7136018, 47.1187416 ], [ 28.7135889, 47.1187508 ], [ 28.7135891, 47.1187553 ], [ 28.7135633, 47.1187737 ], [ 28.7135634, 47.1187782 ], [ 28.7135441, 47.118792 ], [ 28.7135442, 47.1187965 ], [ 28.7135185, 47.1188149 ], [ 28.7135186, 47.1188194 ], [ 28.7134993, 47.1188331 ], [ 28.7134994, 47.1188376 ], [ 28.7134801, 47.1188514 ], [ 28.7134802, 47.1188559 ], [ 28.7134545, 47.1188743 ], [ 28.7134546, 47.1188788 ], [ 28.7134096, 47.1189155 ], [ 28.7134098, 47.11892 ], [ 28.7133905, 47.1189338 ], [ 28.7133906, 47.1189383 ], [ 28.7133648, 47.1189566 ], [ 28.713365, 47.1189611 ], [ 28.7133456, 47.1189749 ], [ 28.7133458, 47.1189794 ], [ 28.71332, 47.1189978 ], [ 28.7133201, 47.1190023 ], [ 28.7133008, 47.1190161 ], [ 28.713301, 47.1190206 ], [ 28.7132495, 47.1190619 ], [ 28.7132497, 47.1190664 ], [ 28.7132304, 47.1190801 ], [ 28.7132305, 47.1190846 ], [ 28.7132047, 47.119103 ], [ 28.7132049, 47.1191075 ], [ 28.7131791, 47.1191259 ], [ 28.7131792, 47.1191304 ], [ 28.7131535, 47.1191488 ], [ 28.7131536, 47.1191533 ], [ 28.7131278, 47.1191717 ], [ 28.713128, 47.1191762 ], [ 28.7130958, 47.1191991 ], [ 28.7130959, 47.1192036 ], [ 28.7130766, 47.1192174 ], [ 28.7130767, 47.1192219 ], [ 28.7130509, 47.1192403 ], [ 28.7130511, 47.1192448 ], [ 28.7130318, 47.1192586 ], [ 28.7130319, 47.1192631 ], [ 28.7130255, 47.1192677 ], [ 28.713019, 47.1192723 ], [ 28.7130126, 47.1192769 ], [ 28.7130127, 47.1192814 ], [ 28.7129869, 47.1192998 ], [ 28.7129871, 47.1193043 ], [ 28.7129613, 47.1193226 ], [ 28.7129614, 47.1193271 ], [ 28.7129421, 47.1193409 ], [ 28.7129423, 47.1193454 ], [ 28.7128908, 47.1193867 ], [ 28.712891, 47.1193912 ], [ 28.7128717, 47.119405 ], [ 28.7128718, 47.1194095 ], [ 28.712846, 47.1194278 ], [ 28.7128462, 47.1194323 ], [ 28.7127948, 47.1194736 ], [ 28.7127949, 47.1194781 ], [ 28.7127756, 47.1194919 ], [ 28.7127757, 47.1194964 ], [ 28.7127564, 47.1195102 ], [ 28.7127565, 47.1195147 ], [ 28.7127372, 47.1195285 ], [ 28.7127373, 47.119533 ], [ 28.712718, 47.1195467 ], [ 28.7127182, 47.1195512 ], [ 28.7126924, 47.1195696 ], [ 28.7126928, 47.1195831 ], [ 28.7126994, 47.119583 ], [ 28.712706, 47.1195829 ], [ 28.7127126, 47.1195828 ], [ 28.7127192, 47.1195827 ], [ 28.7127256, 47.1195781 ], [ 28.7127321, 47.1195735 ], [ 28.7127319, 47.119569 ], [ 28.7127384, 47.1195644 ], [ 28.7127448, 47.1195598 ], [ 28.7127512, 47.1195552 ], [ 28.7127511, 47.1195508 ], [ 28.7127575, 47.1195462 ], [ 28.712764, 47.1195416 ], [ 28.7127704, 47.119537 ], [ 28.7127703, 47.1195325 ], [ 28.7127767, 47.1195279 ], [ 28.7127832, 47.1195233 ], [ 28.7127896, 47.1195187 ], [ 28.7127895, 47.1195142 ], [ 28.7127959, 47.1195096 ], [ 28.7128024, 47.119505 ], [ 28.7128088, 47.1195004 ], [ 28.7128087, 47.1194959 ], [ 28.7128151, 47.1194913 ], [ 28.7128216, 47.1194867 ], [ 28.712828, 47.1194821 ], [ 28.7128344, 47.1194775 ], [ 28.7128343, 47.119473 ], [ 28.7128407, 47.1194684 ], [ 28.7128472, 47.1194638 ], [ 28.7128536, 47.1194592 ], [ 28.7128601, 47.1194546 ], [ 28.7128599, 47.1194501 ], [ 28.7128664, 47.1194455 ], [ 28.7128728, 47.1194409 ], [ 28.7128793, 47.1194363 ], [ 28.7128791, 47.1194319 ], [ 28.7128856, 47.1194273 ], [ 28.712892, 47.1194227 ], [ 28.7128984, 47.1194181 ], [ 28.7129049, 47.1194135 ], [ 28.7129047, 47.119409 ], [ 28.7129112, 47.1194044 ], [ 28.7129176, 47.1193998 ], [ 28.7129241, 47.1193952 ], [ 28.7129305, 47.1193906 ], [ 28.7129304, 47.1193861 ], [ 28.7129368, 47.1193815 ], [ 28.7129433, 47.1193769 ], [ 28.7129497, 47.1193723 ], [ 28.7129496, 47.1193678 ], [ 28.712956, 47.1193632 ], [ 28.7129625, 47.1193586 ], [ 28.7129689, 47.119354 ], [ 28.7129753, 47.1193494 ], [ 28.7129752, 47.1193449 ], [ 28.7129816, 47.1193403 ], [ 28.7129881, 47.1193357 ], [ 28.7129945, 47.1193311 ], [ 28.713001, 47.1193265 ], [ 28.7130008, 47.119322 ], [ 28.7130073, 47.1193174 ], [ 28.7130137, 47.1193129 ], [ 28.7130202, 47.1193083 ], [ 28.71302, 47.1193038 ], [ 28.7130265, 47.1192992 ], [ 28.7130329, 47.1192946 ], [ 28.7130394, 47.11929 ], [ 28.7130458, 47.1192854 ], [ 28.7130456, 47.1192809 ], [ 28.7130521, 47.1192763 ], [ 28.7130585, 47.1192717 ], [ 28.713065, 47.1192671 ], [ 28.7130648, 47.1192626 ], [ 28.7130713, 47.119258 ], [ 28.7130777, 47.1192534 ], [ 28.7130842, 47.1192488 ], [ 28.7130906, 47.1192442 ], [ 28.7130971, 47.1192396 ], [ 28.7131035, 47.119235 ], [ 28.7131099, 47.1192304 ], [ 28.7131164, 47.1192258 ], [ 28.713123, 47.1192257 ], [ 28.7131228, 47.1192212 ], [ 28.7131227, 47.1192167 ], [ 28.7131291, 47.1192121 ], [ 28.7131356, 47.1192075 ], [ 28.713142, 47.1192029 ], [ 28.7131485, 47.1191983 ], [ 28.7131549, 47.1191938 ], [ 28.7131548, 47.1191893 ], [ 28.7131546, 47.1191848 ], [ 28.7131611, 47.1191802 ], [ 28.7131675, 47.1191756 ], [ 28.7131674, 47.1191711 ], [ 28.7131738, 47.1191665 ], [ 28.7131803, 47.1191619 ], [ 28.7131867, 47.1191573 ], [ 28.7131931, 47.1191527 ], [ 28.713193, 47.1191482 ], [ 28.7131994, 47.1191436 ], [ 28.7132059, 47.119139 ], [ 28.7132123, 47.1191344 ], [ 28.7132188, 47.1191298 ], [ 28.7132186, 47.1191253 ], [ 28.7132251, 47.1191207 ], [ 28.7132315, 47.1191161 ], [ 28.713238, 47.1191115 ], [ 28.7132378, 47.119107 ], [ 28.7132443, 47.1191024 ], [ 28.7132507, 47.1190978 ], [ 28.7132571, 47.1190932 ], [ 28.7132636, 47.1190886 ], [ 28.7132634, 47.1190841 ], [ 28.7132699, 47.1190795 ], [ 28.7132763, 47.119075 ], [ 28.7132828, 47.1190704 ], [ 28.7132892, 47.1190658 ], [ 28.7132891, 47.1190613 ], [ 28.7132955, 47.1190567 ], [ 28.713302, 47.1190521 ], [ 28.7133084, 47.1190475 ], [ 28.7133083, 47.119043 ], [ 28.7133147, 47.1190384 ], [ 28.7133212, 47.1190338 ], [ 28.7133276, 47.1190292 ], [ 28.713334, 47.1190246 ], [ 28.7133339, 47.1190201 ], [ 28.7133403, 47.1190155 ], [ 28.7133468, 47.1190109 ], [ 28.7133532, 47.1190063 ], [ 28.7133597, 47.1190017 ], [ 28.7133595, 47.1189972 ], [ 28.713366, 47.1189926 ], [ 28.7133724, 47.118988 ], [ 28.7133789, 47.1189834 ], [ 28.7133787, 47.1189789 ], [ 28.7133852, 47.1189743 ], [ 28.7133916, 47.1189697 ], [ 28.7133981, 47.1189651 ], [ 28.7134045, 47.1189605 ], [ 28.7134044, 47.1189561 ], [ 28.7134108, 47.1189515 ], [ 28.7134172, 47.1189469 ], [ 28.7134237, 47.1189423 ], [ 28.7134235, 47.1189378 ], [ 28.71343, 47.1189332 ], [ 28.7134364, 47.1189286 ], [ 28.7134429, 47.118924 ], [ 28.7134493, 47.1189194 ], [ 28.7134492, 47.1189149 ], [ 28.7134556, 47.1189103 ], [ 28.7134621, 47.1189057 ], [ 28.7134685, 47.1189011 ], [ 28.7134684, 47.1188966 ], [ 28.7134748, 47.118892 ], [ 28.7134812, 47.1188874 ], [ 28.7134877, 47.1188828 ], [ 28.7134941, 47.1188782 ], [ 28.713494, 47.1188737 ], [ 28.7135004, 47.1188691 ], [ 28.7135069, 47.1188645 ], [ 28.7135133, 47.1188599 ], [ 28.7135132, 47.1188554 ], [ 28.7135196, 47.1188508 ], [ 28.7135261, 47.1188462 ], [ 28.7135325, 47.1188416 ], [ 28.7135324, 47.1188372 ], [ 28.7135388, 47.1188326 ], [ 28.7135453, 47.118828 ], [ 28.7135517, 47.1188234 ], [ 28.7135516, 47.1188189 ], [ 28.713558, 47.1188143 ], [ 28.7135644, 47.1188097 ], [ 28.7135709, 47.1188051 ], [ 28.7135773, 47.1188005 ], [ 28.7135772, 47.118796 ], [ 28.7135836, 47.1187914 ], [ 28.7135901, 47.1187868 ], [ 28.7135965, 47.1187822 ], [ 28.713603, 47.1187776 ], [ 28.7136028, 47.1187731 ], [ 28.7136093, 47.1187685 ], [ 28.7136157, 47.1187639 ], [ 28.7136221, 47.1187593 ], [ 28.713622, 47.1187548 ], [ 28.7136284, 47.1187502 ], [ 28.7136349, 47.1187456 ], [ 28.7136413, 47.118741 ], [ 28.7136478, 47.1187364 ], [ 28.7136476, 47.1187319 ], [ 28.7136541, 47.1187273 ], [ 28.7136605, 47.1187227 ], [ 28.713667, 47.1187182 ], [ 28.7136734, 47.1187136 ], [ 28.7136733, 47.1187091 ], [ 28.7136799, 47.118709 ], [ 28.7136992, 47.1186952 ], [ 28.7137059, 47.1186996 ], [ 28.7137127, 47.118704 ], [ 28.7137127, 47.118704 ], [ 28.7137059, 47.1186996 ], [ 28.7136992, 47.1186952 ], [ 28.7136926, 47.1186953 ], [ 28.7136733, 47.1187091 ], [ 28.7136734, 47.1187136 ], [ 28.713667, 47.1187182 ], [ 28.7136605, 47.1187227 ], [ 28.7136541, 47.1187273 ], [ 28.7136542, 47.1187318 ], [ 28.7136478, 47.1187364 ], [ 28.7136413, 47.118741 ], [ 28.7136349, 47.1187456 ], [ 28.7136284, 47.1187502 ], [ 28.7136286, 47.1187547 ], [ 28.7136221, 47.1187593 ], [ 28.7136157, 47.1187639 ], [ 28.7136093, 47.1187685 ], [ 28.7136094, 47.118773 ], [ 28.713603, 47.1187776 ], [ 28.7135965, 47.1187822 ], [ 28.7135901, 47.1187868 ], [ 28.7135902, 47.1187913 ], [ 28.7135773, 47.1188005 ], [ 28.7135775, 47.118805 ], [ 28.7135581, 47.1188188 ], [ 28.7135583, 47.1188233 ], [ 28.7135262, 47.1188507 ], [ 28.7135264, 47.1188552 ], [ 28.713507, 47.118869 ], [ 28.7135072, 47.1188735 ], [ 28.7134814, 47.1188919 ], [ 28.7134815, 47.1188964 ], [ 28.7134366, 47.1189331 ], [ 28.7134367, 47.1189376 ], [ 28.7134174, 47.1189514 ], [ 28.7134175, 47.1189559 ], [ 28.7133918, 47.1189742 ], [ 28.7133919, 47.1189787 ], [ 28.7133726, 47.1189925 ], [ 28.7133727, 47.118997 ], [ 28.7133534, 47.1190108 ], [ 28.7133535, 47.1190153 ], [ 28.7133342, 47.1190291 ], [ 28.7133343, 47.1190336 ], [ 28.7133086, 47.119052 ], [ 28.7133087, 47.1190565 ], [ 28.7132894, 47.1190703 ], [ 28.7132895, 47.1190748 ], [ 28.7132445, 47.1191114 ], [ 28.7132447, 47.1191159 ], [ 28.7132318, 47.1191251 ], [ 28.713232, 47.1191296 ], [ 28.7132191, 47.1191388 ], [ 28.7132192, 47.1191433 ], [ 28.7132063, 47.1191525 ], [ 28.7132065, 47.119157 ], [ 28.7132, 47.1191616 ], [ 28.7131936, 47.1191662 ], [ 28.7131871, 47.1191708 ], [ 28.7131807, 47.1191754 ], [ 28.7131742, 47.11918 ], [ 28.7131678, 47.1191846 ], [ 28.7131614, 47.1191892 ], [ 28.7131549, 47.1191938 ], [ 28.7131485, 47.1191983 ], [ 28.7131486, 47.1192028 ], [ 28.7131422, 47.1192074 ], [ 28.7131357, 47.119212 ], [ 28.7131293, 47.1192166 ], [ 28.7131228, 47.1192212 ], [ 28.713123, 47.1192257 ], [ 28.7131164, 47.1192258 ], [ 28.7131099, 47.1192304 ], [ 28.7131035, 47.119235 ], [ 28.7130971, 47.1192396 ], [ 28.7130972, 47.1192441 ], [ 28.7130779, 47.1192579 ], [ 28.713078, 47.1192624 ], [ 28.7130716, 47.119267 ], [ 28.7130651, 47.1192716 ], [ 28.7130587, 47.1192762 ], [ 28.7130522, 47.1192808 ], [ 28.7130524, 47.1192853 ], [ 28.7130331, 47.1192991 ], [ 28.7130332, 47.1193036 ], [ 28.7130074, 47.1193219 ], [ 28.7130076, 47.1193264 ], [ 28.7129947, 47.1193356 ], [ 28.7129948, 47.1193401 ], [ 28.7129755, 47.1193539 ], [ 28.7129756, 47.1193584 ], [ 28.7129563, 47.1193722 ], [ 28.7129564, 47.1193767 ], [ 28.7129371, 47.1193905 ], [ 28.7129373, 47.119395 ], [ 28.7129179, 47.1194088 ], [ 28.7129181, 47.1194133 ], [ 28.7128667, 47.1194545 ], [ 28.7128668, 47.119459 ], [ 28.7128475, 47.1194728 ], [ 28.7128476, 47.1194773 ], [ 28.7127962, 47.1195186 ], [ 28.7127964, 47.1195231 ], [ 28.712777, 47.1195369 ], [ 28.7127772, 47.1195414 ], [ 28.7127321, 47.1195735 ], [ 28.7127189, 47.1195737 ], [ 28.712706, 47.1195829 ], [ 28.7126994, 47.119583 ], [ 28.7126928, 47.1195831 ], [ 28.7126862, 47.1195832 ], [ 28.7126796, 47.1195833 ], [ 28.712673, 47.1195834 ], [ 28.7126665, 47.1195835 ], [ 28.7126599, 47.1195836 ], [ 28.7126534, 47.1195882 ], [ 28.7126467, 47.1195838 ], [ 28.7126335, 47.119584 ], [ 28.7126271, 47.1195886 ], [ 28.7126206, 47.1195932 ], [ 28.7126142, 47.1195978 ], [ 28.7126077, 47.1196024 ], [ 28.7126013, 47.119607 ], [ 28.712582, 47.1196208 ], [ 28.7125754, 47.1196209 ], [ 28.7125689, 47.1196255 ], [ 28.7125623, 47.1196256 ], [ 28.7125556, 47.1196212 ], [ 28.7125424, 47.1196214 ], [ 28.712536, 47.119626 ], [ 28.7125295, 47.1196306 ], [ 28.7125297, 47.1196351 ], [ 28.7125232, 47.1196396 ], [ 28.7125168, 47.1196442 ], [ 28.7125104, 47.1196488 ], [ 28.7125039, 47.1196534 ], [ 28.7125041, 47.1196579 ], [ 28.7124976, 47.1196625 ], [ 28.7124912, 47.1196671 ], [ 28.7124847, 47.1196717 ], [ 28.7124783, 47.1196763 ], [ 28.7124784, 47.1196808 ], [ 28.712427, 47.1197221 ], [ 28.7124272, 47.1197266 ], [ 28.7124078, 47.1197404 ], [ 28.712408, 47.1197449 ], [ 28.7123822, 47.1197632 ], [ 28.7123823, 47.1197677 ], [ 28.7123374, 47.1198044 ], [ 28.7123375, 47.1198089 ], [ 28.7123182, 47.1198227 ], [ 28.7123183, 47.1198272 ], [ 28.7122926, 47.1198456 ], [ 28.7122927, 47.1198501 ], [ 28.7122669, 47.1198685 ], [ 28.7122671, 47.1198729 ], [ 28.7122477, 47.1198867 ], [ 28.7122479, 47.1198912 ], [ 28.7121965, 47.1199325 ], [ 28.7121966, 47.119937 ], [ 28.7121773, 47.1199508 ], [ 28.7121774, 47.1199553 ], [ 28.7121581, 47.1199691 ], [ 28.7121582, 47.1199736 ], [ 28.7121325, 47.1199919 ], [ 28.7121326, 47.1199964 ], [ 28.7121133, 47.1200102 ], [ 28.7121134, 47.1200147 ], [ 28.7120941, 47.1200285 ], [ 28.7120942, 47.120033 ], [ 28.7120684, 47.1200514 ], [ 28.7120686, 47.1200559 ], [ 28.7120493, 47.1200697 ], [ 28.7120494, 47.1200742 ], [ 28.7120301, 47.120088 ], [ 28.7120302, 47.1200925 ], [ 28.7120044, 47.1201108 ], [ 28.7120046, 47.1201153 ], [ 28.7119917, 47.1201245 ], [ 28.7119851, 47.1201246 ], [ 28.7119785, 47.1201247 ], [ 28.7119719, 47.1201248 ], [ 28.7119653, 47.1201249 ], [ 28.7119652, 47.1201204 ], [ 28.711965, 47.1201159 ], [ 28.7119649, 47.1201114 ], [ 28.7119648, 47.1201069 ], [ 28.7119646, 47.1201024 ], [ 28.7119645, 47.1200979 ], [ 28.7119643, 47.1200934 ], [ 28.7119708, 47.1200889 ], [ 28.7119772, 47.1200843 ], [ 28.7119771, 47.1200798 ], [ 28.7119835, 47.1200752 ], [ 28.71199, 47.1200706 ], [ 28.7119964, 47.120066 ], [ 28.7119963, 47.1200615 ], [ 28.7120027, 47.1200569 ], [ 28.7120091, 47.1200523 ], [ 28.7120156, 47.1200477 ], [ 28.7120154, 47.1200432 ], [ 28.7120219, 47.1200386 ], [ 28.7120283, 47.120034 ], [ 28.7120412, 47.1200248 ], [ 28.7120411, 47.1200203 ], [ 28.7120475, 47.1200157 ], [ 28.7120669, 47.1200019 ], [ 28.7120667, 47.1199974 ], [ 28.712086, 47.1199836 ], [ 28.7120859, 47.1199791 ], [ 28.7121117, 47.1199608 ], [ 28.7121115, 47.1199563 ], [ 28.7121309, 47.1199425 ], [ 28.7121307, 47.119938 ], [ 28.7121565, 47.1199196 ], [ 28.7121564, 47.1199151 ], [ 28.7121757, 47.1199013 ], [ 28.7121755, 47.1198968 ], [ 28.7122013, 47.1198784 ], [ 28.7122012, 47.1198739 ], [ 28.712227, 47.1198556 ], [ 28.7122268, 47.1198511 ], [ 28.7122526, 47.1198327 ], [ 28.7122524, 47.1198282 ], [ 28.7122974, 47.1197915 ], [ 28.7122973, 47.119787 ], [ 28.7122971, 47.1197825 ], [ 28.712297, 47.119778 ], [ 28.7122968, 47.1197735 ], [ 28.7122901, 47.1197691 ], [ 28.7122834, 47.1197647 ], [ 28.7122766, 47.1197603 ], [ 28.7122699, 47.1197559 ], [ 28.7122632, 47.1197515 ], [ 28.7122564, 47.1197471 ], [ 28.7122497, 47.1197427 ], [ 28.7121918, 47.1197886 ], [ 28.712192, 47.1197931 ], [ 28.7121598, 47.1198161 ], [ 28.7121599, 47.1198206 ], [ 28.7121277, 47.1198435 ], [ 28.7121278, 47.119848 ], [ 28.7120892, 47.1198756 ], [ 28.7120893, 47.1198801 ], [ 28.7120571, 47.1199031 ], [ 28.7120572, 47.1199076 ], [ 28.712025, 47.1199306 ], [ 28.7120252, 47.1199351 ], [ 28.7119929, 47.119958 ], [ 28.7119931, 47.1199625 ], [ 28.7119866, 47.1199671 ], [ 28.7119802, 47.1199717 ], [ 28.7119738, 47.1199763 ], [ 28.7119673, 47.1199809 ], [ 28.7119609, 47.1199855 ], [ 28.7119544, 47.1199901 ], [ 28.711948, 47.1199947 ], [ 28.7119415, 47.1199993 ], [ 28.7119351, 47.1200039 ], [ 28.7119286, 47.1200085 ], [ 28.7119222, 47.1200131 ], [ 28.7119158, 47.1200177 ], [ 28.7119093, 47.1200223 ], [ 28.7119029, 47.1200269 ], [ 28.7118964, 47.1200315 ], [ 28.71189, 47.1200361 ], [ 28.7118835, 47.1200407 ], [ 28.7118771, 47.1200453 ], [ 28.7118706, 47.1200499 ], [ 28.7118642, 47.1200545 ], [ 28.7118062, 47.1200958 ], [ 28.7118063, 47.1201003 ], [ 28.7118065, 47.1201048 ], [ 28.7118066, 47.1201093 ], [ 28.7118069, 47.1201183 ], [ 28.7118005, 47.1201229 ], [ 28.7118006, 47.1201274 ], [ 28.7117942, 47.120132 ], [ 28.7117684, 47.1201504 ], [ 28.7117685, 47.1201549 ], [ 28.7117363, 47.1201778 ], [ 28.7117365, 47.1201823 ], [ 28.7116722, 47.1202328 ], [ 28.7116723, 47.1202373 ], [ 28.711679, 47.1202417 ], [ 28.7116792, 47.1202462 ], [ 28.7116859, 47.1202506 ], [ 28.7116927, 47.120255 ], [ 28.7116927, 47.120255 ], [ 28.7116859, 47.1202506 ], [ 28.7116858, 47.1202461 ], [ 28.711679, 47.1202417 ], [ 28.7116723, 47.1202373 ], [ 28.7116722, 47.1202328 ], [ 28.711672, 47.1202283 ], [ 28.7116719, 47.1202238 ], [ 28.7116717, 47.1202193 ], [ 28.7116716, 47.1202148 ], [ 28.7116714, 47.1202103 ], [ 28.7116713, 47.1202058 ], [ 28.7116712, 47.1202013 ], [ 28.711671, 47.1201968 ], [ 28.7116709, 47.1201923 ], [ 28.7116707, 47.1201878 ], [ 28.7116706, 47.1201833 ], [ 28.7116704, 47.1201788 ], [ 28.7116703, 47.1201743 ], [ 28.7116702, 47.1201698 ], [ 28.71167, 47.1201653 ], [ 28.7116699, 47.1201608 ], [ 28.7116697, 47.1201563 ], [ 28.7116762, 47.1201517 ], [ 28.7116826, 47.1201472 ], [ 28.7116891, 47.1201426 ], [ 28.7116955, 47.120138 ], [ 28.7117019, 47.1201334 ], [ 28.7117084, 47.1201288 ], [ 28.7117148, 47.1201242 ], [ 28.7117213, 47.1201196 ], [ 28.7117277, 47.120115 ], [ 28.7117342, 47.1201104 ], [ 28.7117406, 47.1201058 ], [ 28.711747, 47.1201012 ], [ 28.7117535, 47.1200966 ], [ 28.7117599, 47.120092 ], [ 28.7117664, 47.1200874 ], [ 28.7117728, 47.1200828 ], [ 28.7117793, 47.1200782 ], [ 28.7117857, 47.1200736 ], [ 28.7117922, 47.120069 ], [ 28.7117986, 47.1200644 ], [ 28.711805, 47.1200598 ], [ 28.7118115, 47.1200552 ], [ 28.7118179, 47.1200506 ], [ 28.7118244, 47.120046 ], [ 28.7118308, 47.1200415 ], [ 28.7118373, 47.1200369 ], [ 28.7118437, 47.1200323 ], [ 28.7118502, 47.1200277 ], [ 28.7118566, 47.1200231 ], [ 28.711863, 47.1200185 ], [ 28.7118695, 47.1200139 ], [ 28.7118759, 47.1200093 ], [ 28.7118824, 47.1200047 ], [ 28.7118888, 47.1200001 ], [ 28.7118953, 47.1199955 ], [ 28.7119017, 47.1199909 ], [ 28.7119082, 47.1199863 ], [ 28.7119146, 47.1199817 ], [ 28.711921, 47.1199771 ], [ 28.7119275, 47.1199725 ], [ 28.7119339, 47.1199679 ], [ 28.7119404, 47.1199633 ], [ 28.7119468, 47.1199587 ], [ 28.7119533, 47.1199541 ], [ 28.7119597, 47.1199495 ], [ 28.7119662, 47.1199449 ], [ 28.7119726, 47.1199403 ], [ 28.711979, 47.1199357 ], [ 28.7119855, 47.1199312 ], [ 28.7119919, 47.1199266 ], [ 28.7119984, 47.119922 ], [ 28.7120048, 47.1199174 ], [ 28.7120113, 47.1199128 ], [ 28.7120177, 47.1199082 ], [ 28.7120242, 47.1199036 ], [ 28.7120306, 47.119899 ], [ 28.712037, 47.1198944 ], [ 28.7120435, 47.1198898 ], [ 28.7120499, 47.1198852 ], [ 28.7120564, 47.1198806 ], [ 28.7120628, 47.119876 ], [ 28.7120693, 47.1198714 ], [ 28.7120757, 47.1198668 ], [ 28.7120822, 47.1198622 ], [ 28.7120886, 47.1198576 ], [ 28.712095, 47.119853 ], [ 28.7121015, 47.1198484 ], [ 28.7121079, 47.1198438 ], [ 28.7121144, 47.1198392 ], [ 28.7121208, 47.1198346 ], [ 28.7122497, 47.1197427 ], [ 28.7122564, 47.1197471 ], [ 28.7122632, 47.1197515 ], [ 28.7122699, 47.1197559 ], [ 28.7122766, 47.1197603 ], [ 28.7122834, 47.1197647 ], [ 28.7122901, 47.1197691 ], [ 28.7122968, 47.1197735 ], [ 28.712297, 47.119778 ], [ 28.7122971, 47.1197825 ], [ 28.7122973, 47.119787 ], [ 28.7122974, 47.1197915 ], [ 28.7122976, 47.119796 ], [ 28.7122911, 47.1198006 ], [ 28.7122913, 47.1198051 ], [ 28.7122463, 47.1198418 ], [ 28.7122464, 47.1198463 ], [ 28.7122271, 47.11986 ], [ 28.7122272, 47.1198645 ], [ 28.7122015, 47.1198829 ], [ 28.7122016, 47.1198874 ], [ 28.7121823, 47.1199012 ], [ 28.7121824, 47.1199057 ], [ 28.7121566, 47.1199241 ], [ 28.7121568, 47.1199286 ], [ 28.7121375, 47.1199424 ], [ 28.7121376, 47.1199469 ], [ 28.7121183, 47.1199607 ], [ 28.7121184, 47.1199652 ], [ 28.7120926, 47.1199835 ], [ 28.7120928, 47.119988 ], [ 28.7120734, 47.1200018 ], [ 28.7120736, 47.1200063 ], [ 28.7120478, 47.1200247 ], [ 28.712048, 47.1200292 ], [ 28.7120286, 47.120043 ], [ 28.7120288, 47.1200475 ], [ 28.7120159, 47.1200567 ], [ 28.712016, 47.1200612 ], [ 28.7119967, 47.120075 ], [ 28.7119968, 47.1200795 ], [ 28.7119839, 47.1200887 ], [ 28.7119841, 47.1200932 ], [ 28.7119649, 47.1201114 ], [ 28.711965, 47.1201159 ], [ 28.7119652, 47.1201204 ], [ 28.7119653, 47.1201249 ], [ 28.7119719, 47.1201248 ], [ 28.7119785, 47.1201247 ], [ 28.7119851, 47.1201246 ], [ 28.7119917, 47.1201245 ], [ 28.7119915, 47.12012 ], [ 28.711998, 47.1201154 ], [ 28.7119978, 47.1201109 ], [ 28.7120043, 47.1201063 ], [ 28.7120107, 47.1201018 ], [ 28.7120106, 47.1200973 ], [ 28.712017, 47.1200927 ], [ 28.7120235, 47.1200881 ], [ 28.7120299, 47.1200835 ], [ 28.7120298, 47.120079 ], [ 28.7120619, 47.1200515 ], [ 28.7120617, 47.120047 ], [ 28.7120875, 47.1200286 ], [ 28.7120873, 47.1200241 ], [ 28.7121067, 47.1200103 ], [ 28.7121065, 47.1200058 ], [ 28.7121259, 47.119992 ], [ 28.7121257, 47.1199875 ], [ 28.7121515, 47.1199692 ], [ 28.7121514, 47.1199647 ], [ 28.7121707, 47.1199509 ], [ 28.7121705, 47.1199464 ], [ 28.7121963, 47.119928 ], [ 28.7121962, 47.1199235 ], [ 28.7122155, 47.1199097 ], [ 28.7122154, 47.1199052 ], [ 28.7122347, 47.1198914 ], [ 28.7122346, 47.1198869 ], [ 28.7122603, 47.1198686 ], [ 28.7122602, 47.1198641 ], [ 28.7122795, 47.1198503 ], [ 28.7122794, 47.1198458 ], [ 28.7123052, 47.1198274 ], [ 28.712305, 47.1198229 ], [ 28.7123243, 47.1198091 ], [ 28.7123242, 47.1198046 ], [ 28.7123435, 47.1197908 ], [ 28.7123434, 47.1197863 ], [ 28.7123948, 47.1197451 ], [ 28.7123946, 47.1197406 ], [ 28.7124396, 47.1197039 ], [ 28.7124395, 47.1196994 ], [ 28.7124652, 47.119681 ], [ 28.7124651, 47.1196765 ], [ 28.7125295, 47.1196306 ], [ 28.7125361, 47.1196305 ], [ 28.7125493, 47.1196303 ], [ 28.712556, 47.1196347 ], [ 28.7125626, 47.1196346 ], [ 28.7125692, 47.1196345 ], [ 28.7125758, 47.1196344 ], [ 28.712589, 47.1196342 ], [ 28.7125954, 47.1196296 ], [ 28.7126022, 47.119634 ], [ 28.7126087, 47.1196339 ], [ 28.7126153, 47.1196338 ], [ 28.7126928, 47.1195831 ], [ 28.7126994, 47.119583 ], [ 28.712706, 47.1195829 ], [ 28.7127126, 47.1195828 ], [ 28.7127192, 47.1195827 ], [ 28.7127256, 47.1195781 ], [ 28.7127321, 47.1195735 ], [ 28.7127319, 47.119569 ], [ 28.7127384, 47.1195644 ], [ 28.7127448, 47.1195598 ], [ 28.7127512, 47.1195552 ], [ 28.7127511, 47.1195508 ], [ 28.7127575, 47.1195462 ], [ 28.712764, 47.1195416 ], [ 28.7127704, 47.119537 ], [ 28.7127703, 47.1195325 ], [ 28.7127767, 47.1195279 ], [ 28.7127832, 47.1195233 ], [ 28.7127896, 47.1195187 ], [ 28.7127895, 47.1195142 ], [ 28.7127959, 47.1195096 ], [ 28.7128024, 47.119505 ], [ 28.7128088, 47.1195004 ], [ 28.7128087, 47.1194959 ], [ 28.7128151, 47.1194913 ], [ 28.7128216, 47.1194867 ], [ 28.712828, 47.1194821 ], [ 28.7128344, 47.1194775 ], [ 28.7128343, 47.119473 ], [ 28.7128407, 47.1194684 ], [ 28.7128472, 47.1194638 ], [ 28.7128536, 47.1194592 ], [ 28.7128601, 47.1194546 ], [ 28.7128599, 47.1194501 ], [ 28.7128664, 47.1194455 ], [ 28.7128728, 47.1194409 ], [ 28.7128793, 47.1194363 ], [ 28.7128791, 47.1194319 ], [ 28.7128856, 47.1194273 ], [ 28.712892, 47.1194227 ], [ 28.7128984, 47.1194181 ], [ 28.7129049, 47.1194135 ], [ 28.7129047, 47.119409 ], [ 28.7129112, 47.1194044 ], [ 28.7129176, 47.1193998 ], [ 28.7129241, 47.1193952 ], [ 28.7129305, 47.1193906 ], [ 28.7129304, 47.1193861 ], [ 28.7129368, 47.1193815 ], [ 28.7129433, 47.1193769 ], [ 28.7129497, 47.1193723 ], [ 28.7129496, 47.1193678 ], [ 28.712956, 47.1193632 ], [ 28.7129625, 47.1193586 ], [ 28.7129689, 47.119354 ], [ 28.7129753, 47.1193494 ], [ 28.7129752, 47.1193449 ], [ 28.7129816, 47.1193403 ], [ 28.7129881, 47.1193357 ], [ 28.7129945, 47.1193311 ], [ 28.713001, 47.1193265 ], [ 28.7130008, 47.119322 ], [ 28.7130073, 47.1193174 ], [ 28.7130137, 47.1193129 ], [ 28.7130202, 47.1193083 ], [ 28.71302, 47.1193038 ], [ 28.7130265, 47.1192992 ], [ 28.7130329, 47.1192946 ], [ 28.7130394, 47.11929 ], [ 28.7130458, 47.1192854 ], [ 28.7130456, 47.1192809 ], [ 28.7130521, 47.1192763 ], [ 28.7130585, 47.1192717 ], [ 28.713065, 47.1192671 ], [ 28.7130648, 47.1192626 ], [ 28.7130713, 47.119258 ], [ 28.7130777, 47.1192534 ], [ 28.7130842, 47.1192488 ], [ 28.7130906, 47.1192442 ], [ 28.7130971, 47.1192396 ], [ 28.7131035, 47.119235 ], [ 28.7131099, 47.1192304 ], [ 28.7131164, 47.1192258 ], [ 28.713123, 47.1192257 ], [ 28.7131228, 47.1192212 ], [ 28.7131227, 47.1192167 ], [ 28.7131291, 47.1192121 ], [ 28.7131356, 47.1192075 ], [ 28.713142, 47.1192029 ], [ 28.7131485, 47.1191983 ], [ 28.7131549, 47.1191938 ], [ 28.7131548, 47.1191893 ], [ 28.7131546, 47.1191848 ], [ 28.7131611, 47.1191802 ], [ 28.7131675, 47.1191756 ], [ 28.7131674, 47.1191711 ], [ 28.7131738, 47.1191665 ], [ 28.7131803, 47.1191619 ], [ 28.7131867, 47.1191573 ], [ 28.7131931, 47.1191527 ], [ 28.713193, 47.1191482 ], [ 28.7131994, 47.1191436 ], [ 28.7132059, 47.119139 ], [ 28.7132123, 47.1191344 ], [ 28.7132188, 47.1191298 ], [ 28.7132186, 47.1191253 ], [ 28.7132251, 47.1191207 ], [ 28.7132315, 47.1191161 ], [ 28.713238, 47.1191115 ], [ 28.7132378, 47.119107 ], [ 28.7132443, 47.1191024 ], [ 28.7132507, 47.1190978 ], [ 28.7132571, 47.1190932 ], [ 28.7132636, 47.1190886 ], [ 28.7132634, 47.1190841 ], [ 28.7132699, 47.1190795 ], [ 28.7132763, 47.119075 ], [ 28.7132828, 47.1190704 ], [ 28.7132892, 47.1190658 ], [ 28.7132891, 47.1190613 ], [ 28.7132955, 47.1190567 ], [ 28.713302, 47.1190521 ], [ 28.7133084, 47.1190475 ], [ 28.7133083, 47.119043 ], [ 28.7133147, 47.1190384 ], [ 28.7133212, 47.1190338 ], [ 28.7133276, 47.1190292 ], [ 28.713334, 47.1190246 ], [ 28.7133339, 47.1190201 ], [ 28.7133403, 47.1190155 ], [ 28.7133468, 47.1190109 ], [ 28.7133532, 47.1190063 ], [ 28.7133597, 47.1190017 ], [ 28.7133595, 47.1189972 ], [ 28.713366, 47.1189926 ], [ 28.7133724, 47.118988 ], [ 28.7133789, 47.1189834 ], [ 28.7133787, 47.1189789 ], [ 28.7133852, 47.1189743 ], [ 28.7133916, 47.1189697 ], [ 28.7133981, 47.1189651 ], [ 28.7134045, 47.1189605 ], [ 28.7134044, 47.1189561 ], [ 28.7134108, 47.1189515 ], [ 28.7134172, 47.1189469 ], [ 28.7134237, 47.1189423 ], [ 28.7134235, 47.1189378 ], [ 28.71343, 47.1189332 ], [ 28.7134364, 47.1189286 ], [ 28.7134429, 47.118924 ], [ 28.7134493, 47.1189194 ], [ 28.7134492, 47.1189149 ], [ 28.7134556, 47.1189103 ], [ 28.7134621, 47.1189057 ], [ 28.7134685, 47.1189011 ], [ 28.7134684, 47.1188966 ], [ 28.7134748, 47.118892 ], [ 28.7134812, 47.1188874 ], [ 28.7134877, 47.1188828 ], [ 28.7134941, 47.1188782 ], [ 28.713494, 47.1188737 ], [ 28.7135004, 47.1188691 ], [ 28.7135069, 47.1188645 ], [ 28.7135133, 47.1188599 ], [ 28.7135132, 47.1188554 ], [ 28.7135196, 47.1188508 ], [ 28.7135261, 47.1188462 ], [ 28.7135325, 47.1188416 ], [ 28.7135324, 47.1188372 ], [ 28.7135388, 47.1188326 ], [ 28.7135453, 47.118828 ], [ 28.7135517, 47.1188234 ], [ 28.7135516, 47.1188189 ], [ 28.713558, 47.1188143 ], [ 28.7135644, 47.1188097 ], [ 28.7135709, 47.1188051 ], [ 28.7135773, 47.1188005 ], [ 28.7135772, 47.118796 ], [ 28.7135836, 47.1187914 ], [ 28.7135901, 47.1187868 ], [ 28.7135965, 47.1187822 ], [ 28.713603, 47.1187776 ], [ 28.7136028, 47.1187731 ], [ 28.7136093, 47.1187685 ], [ 28.7136157, 47.1187639 ], [ 28.7136221, 47.1187593 ], [ 28.713622, 47.1187548 ], [ 28.7136284, 47.1187502 ], [ 28.7136349, 47.1187456 ], [ 28.7136413, 47.118741 ], [ 28.7136478, 47.1187364 ], [ 28.7136476, 47.1187319 ], [ 28.7136541, 47.1187273 ], [ 28.7136605, 47.1187227 ], [ 28.713667, 47.1187182 ], [ 28.7136867, 47.1187179 ], [ 28.7137069, 47.1187311 ], [ 28.7137113, 47.118866 ], [ 28.7135631, 47.1189717 ], [ 28.7135632, 47.1189762 ], [ 28.7135245, 47.1190037 ], [ 28.7135247, 47.1190082 ], [ 28.7135053, 47.119022 ], [ 28.7135056, 47.119031 ], [ 28.7135188, 47.1190308 ], [ 28.713539, 47.119044 ], [ 28.7135397, 47.1190665 ], [ 28.7135205, 47.1190848 ], [ 28.7135207, 47.1190893 ], [ 28.7135398, 47.1190959 ], [ 28.7134638, 47.1191661 ], [ 28.7116243, 47.1208577 ], [ 28.7117265, 47.1209095 ], [ 28.7118523, 47.1207938 ], [ 28.7136117, 47.1191305 ], [ 28.7134917, 47.1190713 ], [ 28.7134801, 47.1190823 ], [ 28.7133693, 47.1191871 ], [ 28.7114656, 47.1209644 ], [ 28.7115392, 47.1210011 ], [ 28.711582, 47.1209612 ], [ 28.7135942, 47.1191237 ], [ 28.7134609, 47.1190557 ], [ 28.7134191, 47.1190939 ], [ 28.7113877, 47.1209812 ], [ 28.7114652, 47.12102 ], [ 28.7114769, 47.1210092 ], [ 28.7121902, 47.1203464 ], [ 28.7123122, 47.1202324 ], [ 28.7122781, 47.1202154 ], [ 28.7122664, 47.1202263 ], [ 28.7114456, 47.1209936 ], [ 28.711434, 47.1210045 ], [ 28.7113515, 47.1209624 ], [ 28.7129501, 47.1195045 ], [ 28.7130192, 47.1194415 ], [ 28.7132521, 47.1192289 ], [ 28.713226, 47.1192155 ], [ 28.7132142, 47.1192263 ], [ 28.7131447, 47.1192897 ], [ 28.7131329, 47.1193005 ], [ 28.7131068, 47.1192877 ], [ 28.7131875, 47.1192112 ], [ 28.7136001, 47.1188198 ], [ 28.7136117, 47.1188088 ], [ 28.7136454, 47.118826 ], [ 28.7129848, 47.1194284 ], [ 28.7129374, 47.1194716 ], [ 28.7113984, 47.1209313 ], [ 28.7114141, 47.120939 ], [ 28.7121843, 47.1202083 ], [ 28.7132209, 47.1192612 ], [ 28.7131268, 47.1192132 ], [ 28.713115, 47.119224 ], [ 28.7130534, 47.1192802 ], [ 28.7130416, 47.119291 ], [ 28.7130107, 47.1192753 ], [ 28.7130403, 47.1192483 ], [ 28.7136022, 47.1187352 ], [ 28.7138101, 47.1185428 ], [ 28.7137841, 47.1185297 ], [ 28.7137724, 47.1185406 ], [ 28.7136049, 47.1186957 ], [ 28.7112599, 47.120902 ], [ 28.7113191, 47.1209314 ], [ 28.712185, 47.1201169 ], [ 28.7121535, 47.1201012 ], [ 28.7120616, 47.1201875 ], [ 28.7120012, 47.1201567 ], [ 28.7123488, 47.1198384 ], [ 28.7130105, 47.1192324 ], [ 28.7138395, 47.1184749 ], [ 28.7137785, 47.1184438 ], [ 28.7137667, 47.1184546 ], [ 28.7130339, 47.1191242 ], [ 28.711173, 47.120875 ], [ 28.7112458, 47.1209111 ], [ 28.7120007, 47.1202006 ], [ 28.7124079, 47.1198262 ], [ 28.7123753, 47.1198096 ], [ 28.7119407, 47.120209 ], [ 28.7118349, 47.1201544 ], [ 28.7129974, 47.1191045 ], [ 28.7137438, 47.1184305 ], [ 28.7137557, 47.1184197 ], [ 28.7137866, 47.1184355 ], [ 28.7129922, 47.119159 ], [ 28.7123203, 47.119771 ], [ 28.7119436, 47.1201175 ], [ 28.7119752, 47.1201335 ], [ 28.711987, 47.1201227 ], [ 28.7123287, 47.1198082 ], [ 28.7138239, 47.1184969 ], [ 28.7136731, 47.1184167 ], [ 28.7136609, 47.1184274 ], [ 28.7134509, 47.1186115 ], [ 28.7126716, 47.1193216 ], [ 28.7127029, 47.1193375 ], [ 28.7130302, 47.1190391 ], [ 28.7130585, 47.119053 ], [ 28.7118883, 47.1201659 ], [ 28.7111239, 47.1208929 ], [ 28.7111124, 47.1209039 ], [ 28.710947, 47.1208193 ], [ 28.7135333, 47.1184625 ], [ 28.713559, 47.1184391 ], [ 28.7135709, 47.1184283 ], [ 28.713652, 47.1184685 ], [ 28.7122414, 47.1197933 ], [ 28.711089, 47.1208755 ], [ 28.7110774, 47.1208864 ], [ 28.7109972, 47.1208454 ], [ 28.7124526, 47.1195183 ], [ 28.7124837, 47.1194899 ], [ 28.7128732, 47.1191348 ], [ 28.7128243, 47.1191098 ], [ 28.7127896, 47.1191415 ], [ 28.7109787, 47.1208402 ], [ 28.7110069, 47.1208541 ], [ 28.7110185, 47.1208432 ], [ 28.7111484, 47.1207214 ], [ 28.7129288, 47.1190975 ], [ 28.7128015, 47.1190324 ], [ 28.7126293, 47.1191894 ], [ 28.7126005, 47.1191747 ], [ 28.7127727, 47.1190177 ], [ 28.7128479, 47.1190552 ], [ 28.7109901, 47.1207879 ], [ 28.7109399, 47.1208348 ], [ 28.7108949, 47.1208653 ], [ 28.7108954, 47.1208833 ], [ 28.7107571, 47.1208854 ], [ 28.7107503, 47.120881 ], [ 28.7107372, 47.1208812 ], [ 28.7107304, 47.1208768 ], [ 28.7107107, 47.1208771 ], [ 28.7107039, 47.1208727 ], [ 28.7106907, 47.1208729 ], [ 28.710684, 47.1208685 ], [ 28.7106642, 47.1208688 ], [ 28.7106575, 47.1208644 ], [ 28.7106509, 47.1208645 ], [ 28.7106443, 47.1208646 ], [ 28.7106377, 47.1208647 ], [ 28.710631, 47.1208603 ], [ 28.7106178, 47.1208605 ], [ 28.7106111, 47.1208561 ], [ 28.7105913, 47.1208564 ], [ 28.7105846, 47.120852 ], [ 28.7105714, 47.1208522 ], [ 28.7105647, 47.1208478 ], [ 28.7105581, 47.1208479 ], [ 28.7105515, 47.120848 ], [ 28.7105449, 47.1208481 ], [ 28.7105382, 47.1208437 ], [ 28.710525, 47.1208439 ], [ 28.7105183, 47.1208395 ], [ 28.7104985, 47.1208398 ], [ 28.7104918, 47.1208354 ], [ 28.7104852, 47.1208355 ], [ 28.7104786, 47.1208356 ], [ 28.710472, 47.1208357 ], [ 28.7104653, 47.1208313 ], [ 28.7104521, 47.1208315 ], [ 28.7104454, 47.1208271 ], [ 28.7104256, 47.1208274 ], [ 28.7104189, 47.120823 ], [ 28.7104057, 47.1208231 ], [ 28.710399, 47.1208188 ], [ 28.7103924, 47.1208188 ], [ 28.7103529, 47.1208194 ], [ 28.7103335, 47.1208332 ], [ 28.7103337, 47.1208377 ], [ 28.7103208, 47.1208469 ], [ 28.7103209, 47.1208514 ], [ 28.7103016, 47.1208652 ], [ 28.7103017, 47.1208697 ], [ 28.7102824, 47.1208835 ], [ 28.7102825, 47.120888 ], [ 28.7102632, 47.1209018 ], [ 28.7102633, 47.1209063 ], [ 28.710244, 47.1209201 ], [ 28.7102442, 47.1209245 ], [ 28.7102184, 47.1209429 ], [ 28.7102185, 47.1209474 ], [ 28.7101992, 47.1209612 ], [ 28.7101993, 47.1209657 ], [ 28.71018, 47.1209795 ], [ 28.7101801, 47.120984 ], [ 28.7101608, 47.1209978 ], [ 28.710161, 47.1210023 ], [ 28.7101352, 47.1210207 ], [ 28.7101353, 47.1210252 ], [ 28.710116, 47.1210389 ], [ 28.7101161, 47.1210434 ], [ 28.7100968, 47.1210572 ], [ 28.7100969, 47.1210617 ], [ 28.7100776, 47.1210755 ], [ 28.7100778, 47.12108 ], [ 28.7100584, 47.1210938 ], [ 28.7100586, 47.1210983 ], [ 28.7100392, 47.1211121 ], [ 28.7100394, 47.1211166 ], [ 28.71002, 47.1211304 ], [ 28.7100202, 47.1211349 ], [ 28.7099944, 47.1211533 ], [ 28.7099946, 47.1211577 ], [ 28.7099752, 47.1211715 ], [ 28.7099754, 47.121176 ], [ 28.709956, 47.1211898 ], [ 28.7099562, 47.1211943 ], [ 28.7099368, 47.1212081 ], [ 28.709937, 47.1212126 ], [ 28.7099176, 47.1212264 ], [ 28.7099178, 47.1212309 ], [ 28.7098985, 47.1212447 ], [ 28.7098986, 47.1212492 ], [ 28.7098793, 47.121263 ], [ 28.7098794, 47.1212675 ], [ 28.7098601, 47.1212812 ], [ 28.7098602, 47.1212857 ], [ 28.7098409, 47.1212995 ], [ 28.709841, 47.121304 ], [ 28.7098217, 47.1213178 ], [ 28.7098218, 47.1213223 ], [ 28.7098025, 47.1213361 ], [ 28.7098027, 47.1213406 ], [ 28.7097833, 47.1213544 ], [ 28.7097835, 47.1213589 ], [ 28.7097641, 47.1213727 ], [ 28.7097643, 47.1213772 ], [ 28.7097449, 47.1213909 ], [ 28.7097451, 47.1213954 ], [ 28.7097258, 47.1214092 ], [ 28.7097259, 47.1214137 ], [ 28.7097066, 47.1214275 ], [ 28.7097067, 47.121432 ], [ 28.7096809, 47.1214504 ], [ 28.7096811, 47.1214549 ], [ 28.7096617, 47.1214687 ], [ 28.7096619, 47.1214732 ], [ 28.7096425, 47.121487 ], [ 28.7096427, 47.1214915 ], [ 28.7096234, 47.1215052 ], [ 28.7096235, 47.1215097 ], [ 28.7095785, 47.1215464 ], [ 28.7095787, 47.1215509 ], [ 28.7095722, 47.1215555 ], [ 28.7095725, 47.1215645 ], [ 28.7095659, 47.1215646 ], [ 28.7095593, 47.1215647 ], [ 28.7095528, 47.1215648 ], [ 28.7095462, 47.1215649 ], [ 28.7095396, 47.121565 ], [ 28.7094276, 47.1215667 ], [ 28.7094208, 47.1215623 ], [ 28.7094011, 47.1215626 ], [ 28.7093943, 47.1215582 ], [ 28.7093877, 47.1215583 ], [ 28.7093812, 47.1215584 ], [ 28.7093744, 47.121554 ], [ 28.7093678, 47.1215541 ], [ 28.7093612, 47.1215542 ], [ 28.7093547, 47.1215543 ], [ 28.7093481, 47.1215544 ], [ 28.7093413, 47.12155 ], [ 28.7093216, 47.1215502 ], [ 28.7093148, 47.1215458 ], [ 28.7093083, 47.1215459 ], [ 28.7093017, 47.121546 ], [ 28.7092951, 47.1215461 ], [ 28.7092883, 47.1215417 ], [ 28.7092818, 47.1215418 ], [ 28.709275, 47.1215374 ], [ 28.7092683, 47.121533 ], [ 28.7092419, 47.1215334 ], [ 28.7092352, 47.121529 ], [ 28.7092285, 47.1215246 ], [ 28.7092087, 47.1215249 ], [ 28.7092023, 47.1215295 ], [ 28.7092024, 47.121534 ], [ 28.709196, 47.1215386 ], [ 28.7091895, 47.1215432 ], [ 28.7091831, 47.1215478 ], [ 28.7091766, 47.1215524 ], [ 28.7091768, 47.1215569 ], [ 28.7091703, 47.1215615 ], [ 28.7091639, 47.1215661 ], [ 28.7091574, 47.1215707 ], [ 28.7091576, 47.1215752 ], [ 28.7091511, 47.1215798 ], [ 28.7091447, 47.1215844 ], [ 28.7091382, 47.121589 ], [ 28.7091384, 47.1215935 ], [ 28.7091319, 47.1215981 ], [ 28.7091255, 47.1216027 ], [ 28.709119, 47.1216073 ], [ 28.7091192, 47.1216118 ], [ 28.7090999, 47.1216255 ], [ 28.7091, 47.12163 ], [ 28.7090807, 47.1216438 ], [ 28.7090808, 47.1216483 ], [ 28.7090679, 47.1216575 ], [ 28.7090681, 47.121662 ], [ 28.7090487, 47.1216758 ], [ 28.7090489, 47.1216803 ], [ 28.7090295, 47.1216941 ], [ 28.7090297, 47.1216986 ], [ 28.7090104, 47.1217124 ], [ 28.7090105, 47.1217169 ], [ 28.7089912, 47.1217307 ], [ 28.7089913, 47.1217352 ], [ 28.708972, 47.1217489 ], [ 28.7089721, 47.1217534 ], [ 28.7089528, 47.1217672 ], [ 28.7089529, 47.1217717 ], [ 28.7089271, 47.1217901 ], [ 28.7089273, 47.1217946 ], [ 28.708908, 47.1218084 ], [ 28.7089081, 47.1218129 ], [ 28.7088888, 47.1218267 ], [ 28.7088889, 47.1218312 ], [ 28.7088696, 47.121845 ], [ 28.7088697, 47.1218495 ], [ 28.7088312, 47.1218815 ], [ 28.7088313, 47.121886 ], [ 28.7088056, 47.1219044 ], [ 28.7088057, 47.1219089 ], [ 28.7087864, 47.1219227 ], [ 28.7087865, 47.1219272 ], [ 28.7087801, 47.1219318 ], [ 28.7087736, 47.1219364 ], [ 28.7087672, 47.121941 ], [ 28.7087607, 47.1219456 ], [ 28.7087609, 47.1219501 ], [ 28.7087544, 47.1219547 ], [ 28.708748, 47.1219593 ], [ 28.7087415, 47.1219639 ], [ 28.7087417, 47.1219683 ], [ 28.7087352, 47.1219729 ], [ 28.7087288, 47.1219775 ], [ 28.7087224, 47.1219821 ], [ 28.7087159, 47.1219867 ], [ 28.7087161, 47.1219912 ], [ 28.7087096, 47.1219958 ], [ 28.7087032, 47.1220004 ], [ 28.7086967, 47.122005 ], [ 28.7086969, 47.1220095 ], [ 28.7086904, 47.1220141 ], [ 28.708684, 47.1220187 ], [ 28.7086775, 47.1220233 ], [ 28.7086777, 47.1220278 ], [ 28.7086712, 47.1220324 ], [ 28.7086648, 47.122037 ], [ 28.7086583, 47.1220416 ], [ 28.7086585, 47.1220461 ], [ 28.708652, 47.1220507 ], [ 28.7086456, 47.1220553 ], [ 28.7086392, 47.1220599 ], [ 28.7086327, 47.1220645 ], [ 28.7086328, 47.122069 ], [ 28.7086264, 47.1220736 ], [ 28.70862, 47.1220782 ], [ 28.7086135, 47.1220827 ], [ 28.7086137, 47.1220872 ], [ 28.7086072, 47.1220918 ], [ 28.7086008, 47.1220964 ], [ 28.7085879, 47.1221056 ], [ 28.708588, 47.1221101 ], [ 28.7085816, 47.1221147 ], [ 28.7085687, 47.1221239 ], [ 28.7085688, 47.1221284 ], [ 28.7085624, 47.122133 ], [ 28.7085559, 47.1221376 ], [ 28.7085495, 47.1221422 ], [ 28.7085431, 47.1221468 ], [ 28.7085432, 47.1221513 ], [ 28.7085368, 47.1221559 ], [ 28.7085303, 47.1221605 ], [ 28.7085239, 47.1221651 ], [ 28.7085174, 47.1221697 ], [ 28.7085176, 47.1221742 ], [ 28.7085111, 47.1221788 ], [ 28.7085047, 47.1221834 ], [ 28.7084982, 47.122188 ], [ 28.7084984, 47.1221925 ], [ 28.7084919, 47.122197 ], [ 28.7084855, 47.1222016 ], [ 28.708479, 47.1222062 ], [ 28.7084792, 47.1222107 ], [ 28.7084727, 47.1222153 ], [ 28.7084663, 47.1222199 ], [ 28.7084598, 47.1222245 ], [ 28.70846, 47.122229 ], [ 28.7084535, 47.1222336 ], [ 28.7084471, 47.1222382 ], [ 28.7084407, 47.1222428 ], [ 28.7084408, 47.1222473 ], [ 28.7084344, 47.1222519 ], [ 28.7084279, 47.1222565 ], [ 28.7084215, 47.1222611 ], [ 28.708415, 47.1222657 ], [ 28.7084152, 47.1222702 ], [ 28.7084087, 47.1222748 ], [ 28.7084023, 47.1222794 ], [ 28.7083958, 47.122284 ], [ 28.708396, 47.1222885 ], [ 28.7083961, 47.122293 ], [ 28.7083963, 47.1222975 ], [ 28.7083897, 47.1222976 ], [ 28.7083831, 47.1222977 ], [ 28.7083765, 47.1222978 ], [ 28.7083699, 47.1222979 ], [ 28.7083633, 47.122298 ], [ 28.7083567, 47.1222981 ], [ 28.7083501, 47.1222982 ], [ 28.7083436, 47.1222982 ], [ 28.708337, 47.1222983 ], [ 28.7083304, 47.1222984 ], [ 28.7083238, 47.1222985 ], [ 28.7083172, 47.1222986 ], [ 28.7083106, 47.1222987 ], [ 28.708304, 47.1222988 ], [ 28.7082974, 47.1222989 ], [ 28.7082908, 47.122299 ], [ 28.7082843, 47.1222991 ], [ 28.7082777, 47.1222992 ], [ 28.7082709, 47.1222948 ], [ 28.7082643, 47.1222949 ], [ 28.7082578, 47.122295 ], [ 28.708251, 47.1222906 ], [ 28.7082444, 47.1222907 ], [ 28.7082378, 47.1222908 ], [ 28.7082311, 47.1222864 ], [ 28.7082245, 47.1222865 ], [ 28.7082179, 47.1222866 ], [ 28.7082113, 47.1222867 ], [ 28.7082046, 47.1222823 ], [ 28.708198, 47.1222824 ], [ 28.7081914, 47.1222825 ], [ 28.7081847, 47.1222781 ], [ 28.7081781, 47.1222782 ], [ 28.7081715, 47.1222783 ], [ 28.7081648, 47.1222739 ], [ 28.7081516, 47.1222741 ], [ 28.7081449, 47.1222697 ], [ 28.7081317, 47.1222699 ], [ 28.708125, 47.1222655 ], [ 28.7081118, 47.1222657 ], [ 28.7081051, 47.1222613 ], [ 28.7080985, 47.1222614 ], [ 28.7080919, 47.1222615 ], [ 28.7080854, 47.1222661 ], [ 28.7080856, 47.1222706 ], [ 28.7080727, 47.1222798 ], [ 28.7080728, 47.1222843 ], [ 28.708073, 47.1222888 ], [ 28.7080731, 47.1222933 ], [ 28.7080538, 47.1223071 ], [ 28.7080539, 47.1223116 ], [ 28.7080346, 47.1223254 ], [ 28.7080347, 47.1223299 ], [ 28.7080154, 47.1223436 ], [ 28.7080155, 47.1223481 ], [ 28.7079962, 47.1223619 ], [ 28.7079964, 47.1223664 ], [ 28.707977, 47.1223802 ], [ 28.7079772, 47.1223847 ], [ 28.7079578, 47.1223985 ], [ 28.707958, 47.122403 ], [ 28.7079386, 47.1224168 ], [ 28.7079388, 47.1224213 ], [ 28.707913, 47.1224397 ], [ 28.7079132, 47.1224442 ], [ 28.7078938, 47.1224579 ], [ 28.707894, 47.1224624 ], [ 28.7078746, 47.1224762 ], [ 28.7078748, 47.1224807 ], [ 28.7078554, 47.1224945 ], [ 28.7078556, 47.122499 ], [ 28.7078298, 47.1225174 ], [ 28.7078299, 47.1225219 ], [ 28.7077914, 47.122554 ], [ 28.7077916, 47.1225585 ], [ 28.7077787, 47.1225676 ], [ 28.7077788, 47.1225721 ], [ 28.7077595, 47.1225859 ], [ 28.7077596, 47.1225904 ], [ 28.7077403, 47.1226042 ], [ 28.7077404, 47.1226087 ], [ 28.7077211, 47.1226225 ], [ 28.7077212, 47.122627 ], [ 28.7077019, 47.1226408 ], [ 28.7077021, 47.1226453 ], [ 28.7076827, 47.1226591 ], [ 28.7076829, 47.1226636 ], [ 28.7076635, 47.1226773 ], [ 28.7076637, 47.1226818 ], [ 28.7076443, 47.1226956 ], [ 28.7076445, 47.1227001 ], [ 28.7076251, 47.1227139 ], [ 28.7076253, 47.1227184 ], [ 28.707606, 47.1227322 ], [ 28.7076061, 47.1227367 ], [ 28.7075803, 47.1227551 ], [ 28.7075805, 47.1227596 ], [ 28.7075611, 47.1227734 ], [ 28.7075613, 47.1227779 ], [ 28.7075419, 47.1227916 ], [ 28.7075421, 47.1227961 ], [ 28.7075227, 47.1228099 ], [ 28.7075229, 47.1228144 ], [ 28.7074908, 47.1228419 ], [ 28.7074917, 47.1228689 ], [ 28.7074852, 47.1228735 ], [ 28.7074854, 47.122878 ], [ 28.707466, 47.1228918 ], [ 28.7074662, 47.1228963 ], [ 28.7074533, 47.1229055 ], [ 28.7074534, 47.1229099 ], [ 28.7074214, 47.1229374 ], [ 28.7074215, 47.1229419 ], [ 28.7074151, 47.1229465 ], [ 28.7074156, 47.1229645 ], [ 28.7074092, 47.1229691 ], [ 28.7074098, 47.1229871 ], [ 28.7074033, 47.1229917 ], [ 28.707404, 47.1230142 ], [ 28.7073776, 47.1230335 ] ] } }
]
}
