{
"type": "FeatureCollection",
"name": "route",
"crs": { "type": "name", "properties": { "name": "urn:ogc:def:crs:OGC:1.3:CRS84" } },
"features": [
{ "type": "Feature", "properties": { "length_m": 7883.4, "walk_minutes_4kmh": 118.3, "n_targets": 67, "reachable_targets": 233, "all_targets": 336, "outside_passable_m": 86.1, "outside_passable_pct": 1.09, "visit_order": "I0102,I0098,I0097,I0126,I0125,I0124,I0120,I0121,I0127,I0128,I0129,I0130,I0131,I0133,I0134,I0137,I0144,I0143,I0142,I0136,I0135,I0141,I0140,I0171,I0170,I0161,I0162,I0160,I0159,I0155,I0096,I0099,I0101,I0106,I0107,I0073,I0072,I0075,I0074,I0069,I0071,I0076,I0042,I0040,I0026,I0025,I0027,I0020,I0016,I0019,I0021,I0023,I0022,I0024,W0021,W0015,I0003,W0022,W0023,I0052,W0029,W0030,W0041,W0037,W0042,I0085,I0084", "skipped": "I0001,I0002,I0004,I0005,I0006,I0007,I0008,I0009,I0010,I0011,I0015,I0017,I0029,I0030,I0031,I0032,I0033,I0034,I0035,I0036,I0037,I0038,I0039,I0041,I0043,I0044,I0045,I0046,I0047,I0050,I0051,I0053,I0054,I0055,I0056,I0057,I0058,I0059,I0060,I0062,I0063,I0064,I0065,I0066,I0067,I0077,I0078,I0079,I0080,I0082,I0083,I0090,I0091,I0092,I0093,I0094,I0095,I0100,I0105,I0108,I0112,I0113,I0114,I0115,I0116,I0122,I0123,I0132,I0139,I0145,I0146,I0147,I0148,I0149,I0150,I0151,I0152,I0156,I0158,I0163,I0164,I0165,I0168,I0169,I0172,I0173,I0174,I0175,I0176,I0177,I0178,I0179,I0180,I0181,I0182,I0183,I0185,I0186,I0187,I0188,I0189,I0190,I0191,I0192,I0193,I0194,I0196,I0199,I0200,I0201,I0202,I0203,I0204,I0205,I0206,I0207,I0208,I0209,I0210,I0211,I0212,I0213,I0214,I0215,I0216,I0217,I0218,I0219,I0220,I0221,I0222,I0223,I0224,I0225,I0226,I0227,I0228,I0229,I0231,I0234,I0235,I0236,I0237,I0238,I0239,I0240,I0242,I0243,I0244,I0245,I0246,I0247,I0248,I0249,I0250,I0251,I0252,I0253,I0254,I0255,I0257,I0258,I0259,I0260,W0073,W0076", "solver": "prize-collecting TSP (orienteering) with hard off-passable budget, OR-Tools GLS", "start": "organiser start point", "passable_rule": "authorised passages + inter-row areas; off-passable <= 1.9 % (hard constraint)", "unreachable": "I0001,I0002,I0004,I0005,I0006,I0007,I0008,I0009,I0010,I0011,I0015,I0017,I0029,I0030,I0031,I0032,I0033,I0034,I0035,I0036,I0037,I0038,I0039,I0041,I0043,I0044,I0045,I0046,I0047,I0050,I0051,I0053,I0054,I0055,I0056,I0057,I0058,I0059,I0060,I0062,I0063,I0064,I0065,I0066,I0067,I0077,I0078,I0079,I0080,I0082,I0083,I0090,I0091,I0092,I0093,I0094,I0095,I0100,I0105,I0108,I0112,I0113,I0114,I0115,I0116,I0122,I0123,I0132,I0139,I0145,I0146,I0147,I0148,I0149,I0150,I0151,I0152,I0156,I0158,I0163,I0164,I0165,I0168,I0169,I0172,I0173,I0174,I0175,I0176,I0177,I0178,I0179,I0180,I0181,I0182,I0183,I0185,I0186,I0187,I0188,I0189,I0190,I0191,I0192,I0193,I0194,I0196,I0199,I0200,I0201,I0202,I0203,I0204,I0205,I0206,I0207,I0208,I0209,I0210,I0211,I0212,I0213,I0214,I0215,I0216,I0217,I0218,I0219,I0220,I0221,I0222,I0223,I0224,I0225,I0226,I0227,I0228,I0229,I0231,I0234,I0235,I0236,I0237,I0238,I0239,I0240,I0242,I0243,I0244,I0245,I0246,I0247,I0248,I0249,I0250,I0251,I0252,I0253,I0254,I0255,I0257,I0258,I0259,I0260,W0073,W0076" }, "geometry": { "type": "LineString", "coordinates": [ [ 28.707377621998358, 47.123033463692671 ], [ 28.707398018958873, 47.123032259694654 ], [ 28.7074044639782, 47.123027664170429 ], [ 28.707424230827339, 47.12302736944865 ], [ 28.707430963710209, 47.123031768491607 ], [ 28.707477086360623, 47.123031080791435 ], [ 28.707483819248239, 47.123035479831216 ], [ 28.707516764000093, 47.123034988603479 ], [ 28.707523496891422, 47.123039387640866 ], [ 28.707530085842208, 47.123039289393787 ], [ 28.707536818735171, 47.123043688430393 ], [ 28.707549996637677, 47.123043491934304 ], [ 28.70758337323182, 47.12305649253927 ], [ 28.707596551137168, 47.123056296037788 ], [ 28.707629927750382, 47.12306929662892 ], [ 28.707643105658576, 47.123069100122038 ], [ 28.707676482290857, 47.123082100699314 ], [ 28.707689660201886, 47.123081904187039 ], [ 28.707723036853238, 47.123094904750474 ], [ 28.707736214767113, 47.123094708232806 ], [ 28.707749680601712, 47.123103506280628 ], [ 28.707776036433209, 47.12310311323759 ], [ 28.70778276935425, 47.12310751225931 ], [ 28.707795947270832, 47.123107315734721 ], [ 28.707802680194021, 47.123111714755254 ], [ 28.707815858111502, 47.12311151822837 ], [ 28.707822591036845, 47.123115917247681 ], [ 28.707835768955228, 47.123115720718488 ], [ 28.707842501882716, 47.123120119736612 ], [ 28.707862268761591, 47.123119824938797 ], [ 28.707869001691755, 47.123124223955315 ], [ 28.707882179611868, 47.123124027420772 ], [ 28.707888912544174, 47.123128426436082 ], [ 28.707902090465193, 47.12312822989923 ], [ 28.707908823399652, 47.123132628913339 ], [ 28.70792200132157, 47.12313243237417 ], [ 28.707928734258182, 47.123136831387086 ], [ 28.707941912180999, 47.123136634845629 ], [ 28.707948645119753, 47.12314103385733 ], [ 28.707961823043476, 47.123140837313564 ], [ 28.70796855598438, 47.123145236324071 ], [ 28.707981733909001, 47.123145039778002 ], [ 28.707988466852061, 47.123149438787308 ], [ 28.708001644777582, 47.123149242238931 ], [ 28.708008377722788, 47.123153641247036 ], [ 28.708021555649214, 47.123153444696349 ], [ 28.708028288596569, 47.123157843703254 ], [ 28.708061377401624, 47.123161849600685 ], [ 28.708068110353278, 47.12316624860518 ], [ 28.708074699317859, 47.123166150326568 ], [ 28.708115097054222, 47.12319254434253 ], [ 28.708200753631157, 47.123191266655411 ], [ 28.70820748659786, 47.123195665651501 ], [ 28.708220664533293, 47.123195469077785 ], [ 28.708227397502142, 47.123199868072675 ], [ 28.708240575438481, 47.123199671496643 ], [ 28.708247308409479, 47.123204070490317 ], [ 28.708260486346713, 47.123203873912004 ], [ 28.708267219319868, 47.123208272904478 ], [ 28.708280397257997, 47.123208076323849 ], [ 28.708287130233305, 47.123212475315128 ], [ 28.708300308172337, 47.123212278732197 ], [ 28.708307041149794, 47.123216677722269 ], [ 28.708320219089728, 47.123216481137035 ], [ 28.708326952069328, 47.123220880125913 ], [ 28.708340130010168, 47.123220683538371 ], [ 28.70834686299192, 47.123225082526034 ], [ 28.708360040933655, 47.123224885936189 ], [ 28.708366773917554, 47.123229284922672 ], [ 28.708379951860195, 47.123229088330518 ], [ 28.708386684846246, 47.123233487315787 ], [ 28.708399862789786, 47.123233290721338 ], [ 28.708406595777987, 47.123237689705405 ], [ 28.708419773722429, 47.123237493108647 ], [ 28.70842650671278, 47.123241892091507 ], [ 28.708446273630734, 47.123241597192354 ], [ 28.708453006623756, 47.123245996173623 ], [ 28.708466184569932, 47.1232457995715 ], [ 28.7084729175651, 47.123250198551567 ], [ 28.708486095512171, 47.123250001947135 ], [ 28.708492828509495, 47.123254400926001 ], [ 28.708506006457466, 47.123254204319281 ], [ 28.708512739456935, 47.123258603296939 ], [ 28.708525917405812, 47.123258406687903 ], [ 28.708532650407431, 47.123262805664368 ], [ 28.708545828357209, 47.123262609053029 ], [ 28.708552561360975, 47.123267008028279 ], [ 28.708565739311656, 47.123266811414645 ], [ 28.70857247231757, 47.123271210388701 ], [ 28.70858565026915, 47.123271013772758 ], [ 28.708592383277214, 47.123275412745613 ], [ 28.708605561229696, 47.123275216127361 ], [ 28.708612294239909, 47.123279615099008 ], [ 28.708632061169929, 47.123279320167605 ], [ 28.708638794182818, 47.12328371913766 ], [ 28.708658561114081, 47.123283424201681 ], [ 28.708678760164073, 47.123296621105816 ], [ 28.70871829403503, 47.123296031216512 ], [ 28.708731760080145, 47.123304829145823 ], [ 28.708777882935287, 47.123304140918876 ], [ 28.708784615963154, 47.123308539880142 ], [ 28.708824149840755, 47.123307949954182 ], [ 28.708830882872846, 47.123312348912684 ], [ 28.708850649812735, 47.123312053943401 ], [ 28.708857382847501, 47.123316452900298 ], [ 28.708877149788638, 47.123316157926432 ], [ 28.708883882826072, 47.123320556881737 ], [ 28.708903649768455, 47.123320261903281 ], [ 28.708910382808558, 47.123324660856966 ], [ 28.708930149752188, 47.123324365873927 ], [ 28.708936882794958, 47.123328764826027 ], [ 28.708956649739839, 47.123328469838391 ], [ 28.708963382785281, 47.123332868788907 ], [ 28.708983149731406, 47.123332573796674 ], [ 28.708989882779516, 47.123336972745577 ], [ 28.709009649726887, 47.123336677748746 ], [ 28.709016382777666, 47.123341076696065 ], [ 28.709036149726291, 47.123340781694644 ], [ 28.709042882779737, 47.123345180640371 ], [ 28.709062649729603, 47.123344885634353 ], [ 28.709069382785728, 47.123349284578481 ], [ 28.709089149736837, 47.123348989567873 ], [ 28.709129548106215, 47.123375383216839 ], [ 28.709169082026225, 47.123374793171216 ], [ 28.709182548164463, 47.123383591046164 ], [ 28.709228671076836, 47.123382902636841 ], [ 28.70923511597713, 47.123378307011329 ], [ 28.709248293950601, 47.123378110318811 ], [ 28.709267628641292, 47.123364323438004 ], [ 28.709267484551614, 47.12335982615825 ], [ 28.709306009807143, 47.123327755107518 ], [ 28.709305865714409, 47.123323257827828 ], [ 28.709318755486219, 47.123314066568028 ], [ 28.709324912181977, 47.12330047637829 ], [ 28.709344246824926, 47.123286689484978 ], [ 28.709344102729176, 47.123282192205359 ], [ 28.709421441194856, 47.123227044600554 ], [ 28.709421008889091, 47.123213552762067 ], [ 28.709478868512932, 47.123167694746101 ], [ 28.709478724406434, 47.123163197466695 ], [ 28.70950450380915, 47.123144814908059 ], [ 28.709504359700606, 47.123140317628696 ], [ 28.709691259824247, 47.123007043910462 ], [ 28.709690539206672, 47.122984557515274 ], [ 28.709703428830775, 47.122975366213559 ], [ 28.709703284706325, 47.122970868934523 ], [ 28.709761143826093, 47.122925010780591 ], [ 28.709760999697032, 47.122920513501654 ], [ 28.709793223680144, 47.122897535225562 ], [ 28.709793079548518, 47.122893037946689 ], [ 28.709812413923508, 47.12287925097683 ], [ 28.709812269790355, 47.122874753697985 ], [ 28.709831604153806, 47.122860966725007 ], [ 28.709831460019132, 47.122856469446198 ], [ 28.709876429353084, 47.122819802551589 ], [ 28.709875708662203, 47.122797316157836 ], [ 28.709895042981444, 47.122783529174541 ], [ 28.70989489884181, 47.122779031895803 ], [ 28.709914233149512, 47.122765244909374 ], [ 28.70991408900835, 47.122760747630679 ], [ 28.709933423304498, 47.122746960641116 ], [ 28.709933279161817, 47.122742463362449 ], [ 28.709952613446422, 47.122728676369739 ], [ 28.709952469302213, 47.122724179091108 ], [ 28.709971803575272, 47.122710392095271 ], [ 28.709971659429538, 47.122705894816676 ], [ 28.70999743844267, 47.122687512150691 ], [ 28.709997294294894, 47.122683014872123 ], [ 28.710003739044883, 47.122678419204767 ], [ 28.710010183793763, 47.122673823537035 ], [ 28.710016628541535, 47.122669227868968 ], [ 28.710023073288195, 47.122664632200546 ], [ 28.710029518033743, 47.122660036531769 ], [ 28.710035962778189, 47.122655440862644 ], [ 28.710042407521517, 47.122650845193171 ], [ 28.710048852263743, 47.122646249523342 ], [ 28.710055297004857, 47.122641653853165 ], [ 28.710061741744855, 47.122637058182619 ], [ 28.710068186483749, 47.122632462511739 ], [ 28.710074631221534, 47.122627866840496 ], [ 28.710081075958207, 47.122623271168905 ], [ 28.710087520693776, 47.122618675496973 ], [ 28.710093965428229, 47.122614079824679 ], [ 28.710093821272689, 47.122609582546282 ], [ 28.710113155467837, 47.122595795527324 ], [ 28.710112867153736, 47.122586800970588 ], [ 28.710157980229642, 47.122554631247546 ], [ 28.710157836069005, 47.122550133969234 ], [ 28.710164280789176, 47.122545538293124 ], [ 28.710170725508238, 47.122540942616645 ], [ 28.710177170226189, 47.122536346939832 ], [ 28.710183614943034, 47.122531751262663 ], [ 28.710190059658768, 47.122527155585132 ], [ 28.710196504373386, 47.12252255990726 ], [ 28.710202949086906, 47.122517964229026 ], [ 28.710209393799303, 47.122513368550436 ], [ 28.710215838510603, 47.122508772871505 ], [ 28.710222283220787, 47.122504177192226 ], [ 28.710228727929866, 47.122499581512585 ], [ 28.710531628004901, 47.1222835841726 ], [ 28.710531483814144, 47.122279086894963 ], [ 28.710531339623415, 47.122274589617341 ], [ 28.710530762860866, 47.122256600506766 ], [ 28.71058876469522, 47.122215239225945 ], [ 28.71059492094647, 47.122201648971235 ], [ 28.710607810226488, 47.122192457570954 ], [ 28.71060766602977, 47.122187960293438 ], [ 28.710620555304313, 47.122178768891786 ], [ 28.710620411106582, 47.122174271614277 ], [ 28.710652634270925, 47.122151293104054 ], [ 28.710652490070633, 47.122146795826602 ], [ 28.710678268580054, 47.122128413012121 ], [ 28.710678124377718, 47.122123915734711 ], [ 28.710710347486931, 47.122100937208749 ], [ 28.710710203282034, 47.122096439931397 ], [ 28.710729537132689, 47.122082652811628 ], [ 28.710729392926261, 47.122078155534311 ], [ 28.71074872676537, 47.122064368411415 ], [ 28.710748582557418, 47.122059871134134 ], [ 28.710767916384984, 47.122046084008083 ], [ 28.710767772175512, 47.122041586730823 ], [ 28.710787105991528, 47.122027799601668 ], [ 28.710786961780524, 47.122023302324429 ], [ 28.710915853621735, 47.121931388049298 ], [ 28.710915709400375, 47.121926890772301 ], [ 28.711160458415179, 47.121747755985588 ], [ 28.71116031417413, 47.12174325870901 ], [ 28.711237648541193, 47.121688109916299 ], [ 28.711237504293944, 47.121683612639849 ], [ 28.711269726897136, 47.121660633961326 ], [ 28.711269582647315, 47.121656136684933 ], [ 28.71130180522017, 47.121633157997657 ], [ 28.711301660967784, 47.121628660721335 ], [ 28.711365961767541, 47.12157820604429 ], [ 28.711365817510028, 47.121573708768068 ], [ 28.711391595497719, 47.121555325797978 ], [ 28.711391451238168, 47.121550828521798 ], [ 28.711417229206031, 47.121532445546123 ], [ 28.711417084944429, 47.121527948269971 ], [ 28.711468496557018, 47.121486685025765 ], [ 28.711468352291327, 47.12148218774972 ], [ 28.711487685724272, 47.121468400505918 ], [ 28.711487541457053, 47.121463903229895 ], [ 28.711538952953923, 47.121422639955107 ], [ 28.711538808682612, 47.121418142679168 ], [ 28.711558142074267, 47.12140435542387 ], [ 28.711557997801432, 47.12139985814796 ], [ 28.711609409182579, 47.121358594842604 ], [ 28.711609264905654, 47.12135409756678 ], [ 28.71162859825602, 47.121340310299964 ], [ 28.711628453977575, 47.121335813024167 ], [ 28.711647787316387, 47.121322025754225 ], [ 28.711647643036414, 47.121317528478443 ], [ 28.711666976363691, 47.121303741205381 ], [ 28.711666832082191, 47.121299243929634 ], [ 28.711686165397921, 47.121285456653439 ], [ 28.711686021114904, 47.121280959377721 ], [ 28.711705354419088, 47.121267172098378 ], [ 28.711705210134539, 47.121262674822702 ], [ 28.711724543427181, 47.121248887540233 ], [ 28.711724399141108, 47.121244390264593 ], [ 28.711743732422207, 47.121230602978983 ], [ 28.711743588134606, 47.121226105703371 ], [ 28.711762921404155, 47.121212318414642 ], [ 28.711762777115037, 47.121207821139045 ], [ 28.711782110373047, 47.121194033847175 ], [ 28.711781966082398, 47.12118953657162 ], [ 28.711801299328858, 47.121175749276603 ], [ 28.711801155036689, 47.121171252001091 ], [ 28.711820488271609, 47.121157464702954 ], [ 28.711820343977909, 47.121152967427463 ], [ 28.711839677201283, 47.121139180126185 ], [ 28.711839532906062, 47.121134682850737 ], [ 28.711865310519613, 47.121116299777484 ], [ 28.711865166222349, 47.121111802502071 ], [ 28.711884499419305, 47.121098015193482 ], [ 28.711884355120517, 47.121093517918091 ], [ 28.711903688305927, 47.121079730606361 ], [ 28.711903544005612, 47.121075233331013 ], [ 28.711922877179475, 47.121061446016157 ], [ 28.711922732877639, 47.121056948740829 ], [ 28.71194206603996, 47.121043161422847 ], [ 28.711941921736596, 47.121038664147548 ], [ 28.71196125488737, 47.121024876826425 ], [ 28.711961110582482, 47.121020379551169 ], [ 28.711999632542987, 47.120988307624287 ], [ 28.711999488235051, 47.120983810349081 ], [ 28.712012376980255, 47.120974618795756 ], [ 28.712012232671313, 47.120970121520571 ], [ 28.712050754565151, 47.120938049577099 ], [ 28.712050610253165, 47.12093355230197 ], [ 28.712063498977496, 47.120924360743082 ], [ 28.712063354664497, 47.120919863467975 ], [ 28.712101876491676, 47.120887791507883 ], [ 28.712101732175629, 47.12088329423284 ], [ 28.712114620879095, 47.120874102668395 ], [ 28.712114476562046, 47.120869605393374 ], [ 28.712152998322555, 47.12083753341669 ], [ 28.712152854002454, 47.120833036141725 ], [ 28.712165742685052, 47.12082384457171 ], [ 28.712165598363942, 47.120819347296774 ], [ 28.712204120057791, 47.120787275303478 ], [ 28.712203975733637, 47.120782778028605 ], [ 28.712216864395362, 47.120773586453033 ], [ 28.712216720070199, 47.120769089178161 ], [ 28.712255241697385, 47.120737017168288 ], [ 28.712255097369177, 47.12073251989348 ], [ 28.71226798601003, 47.120723328312344 ], [ 28.712267841680816, 47.120718831037557 ], [ 28.712306363241339, 47.120686759011079 ], [ 28.712306218909077, 47.120682261736349 ], [ 28.712319107529062, 47.120673070149657 ], [ 28.712318963195791, 47.120668572874962 ], [ 28.712338296115892, 47.120654785492313 ], [ 28.712338151781097, 47.120650288217639 ], [ 28.712357484689655, 47.120636500831857 ], [ 28.712357340353336, 47.120632003557226 ], [ 28.712370228952448, 47.120622811964964 ], [ 28.712370084615124, 47.12061831469034 ], [ 28.712408606042324, 47.120586242630637 ], [ 28.712408461701951, 47.120581745356084 ], [ 28.712421350280195, 47.120572553758265 ], [ 28.712421205938817, 47.120568056483727 ], [ 28.71245972729935, 47.120535984407425 ], [ 28.712459582954921, 47.120531487132951 ], [ 28.712472471512299, 47.120522295529554 ], [ 28.712472327166864, 47.120517798255094 ], [ 28.712510848460735, 47.120485726162194 ], [ 28.712510704112262, 47.120481228887797 ], [ 28.712523592648768, 47.120472037278859 ], [ 28.712523448299279, 47.120467540004483 ], [ 28.712536336830311, 47.120458348394166 ], [ 28.712536192479821, 47.120453851119798 ], [ 28.712549081005374, 47.120444659508102 ], [ 28.712548936653878, 47.120440162233756 ], [ 28.712568269432328, 47.120426374813583 ], [ 28.712568125079304, 47.120421877539272 ], [ 28.712581013591684, 47.120412685924101 ], [ 28.712580869237662, 47.120408188649805 ], [ 28.712593757744564, 47.120398997033227 ], [ 28.712593613389529, 47.120394499758966 ], [ 28.712612946140005, 47.12038071233151 ], [ 28.712612801783454, 47.12037621505727 ], [ 28.712625690277182, 47.12036702343724 ], [ 28.712625545919622, 47.120362526163014 ], [ 28.712638434407875, 47.120353334541591 ], [ 28.712638290049309, 47.120348837267386 ], [ 28.712651178532084, 47.120339645644584 ], [ 28.712651034172509, 47.120335148370401 ], [ 28.712670366886798, 47.12032136093358 ], [ 28.712670222525702, 47.120316863659433 ], [ 28.712683110995304, 47.120307672033142 ], [ 28.712682966633203, 47.120303174759023 ], [ 28.712695855097326, 47.12029398313134 ], [ 28.712695710734227, 47.120289485857228 ], [ 28.71271504342053, 47.120275698413124 ], [ 28.712714899055904, 47.120271201139047 ], [ 28.712727787506854, 47.120262009507904 ], [ 28.712727643141225, 47.120257512233842 ], [ 28.712740531586697, 47.120248320601327 ], [ 28.712740387220055, 47.120243823327272 ], [ 28.712753275660052, 47.120234631693378 ], [ 28.712753131292409, 47.120230134419351 ], [ 28.712772463942525, 47.12021634696589 ], [ 28.712772319573357, 47.120211849691891 ], [ 28.712785208000181, 47.120202658054517 ], [ 28.712785063630015, 47.120198160780532 ], [ 28.712804396260367, 47.120184373321862 ], [ 28.712804251888674, 47.120179876047921 ], [ 28.712842917116312, 47.120152301121138 ], [ 28.712842772741528, 47.12014780384726 ], [ 28.712881437926114, 47.120120228907886 ], [ 28.712881293548246, 47.120115731634073 ], [ 28.712913514502294, 47.120092752508306 ], [ 28.712913370121868, 47.120088255234542 ], [ 28.712952035226991, 47.120060680272083 ], [ 28.712951890843478, 47.120056182998397 ], [ 28.712990555905552, 47.120028608023325 ], [ 28.712990411518948, 47.120024110749689 ], [ 28.713022632370901, 47.120001131594201 ], [ 28.713022487981739, 47.119996634320621 ], [ 28.713061152964357, 47.119969059322486 ], [ 28.713061008572108, 47.11996456204897 ], [ 28.7131317498662, 47.119909510579554 ], [ 28.713131605468305, 47.119905013306152 ], [ 28.713157382046145, 47.119886629951679 ], [ 28.713157237646207, 47.119882132678327 ], [ 28.713176570066377, 47.119868345158814 ], [ 28.713176425664916, 47.119863847885483 ], [ 28.713195758073542, 47.119850060362836 ], [ 28.713195613670553, 47.119845563089548 ], [ 28.713214946067637, 47.119831775563767 ], [ 28.713214801663128, 47.119827278290508 ], [ 28.713234134048665, 47.119813490761601 ], [ 28.713233989642628, 47.119808993488363 ], [ 28.713253322016627, 47.119795205956329 ], [ 28.713253177609072, 47.119790708683126 ], [ 28.713272509971517, 47.119776921147945 ], [ 28.713272365562435, 47.119772423874785 ], [ 28.713285253797483, 47.119763232182926 ], [ 28.713285109387392, 47.119758734909787 ], [ 28.713304441730092, 47.119744947369398 ], [ 28.713304297318473, 47.119740450096273 ], [ 28.713323629649626, 47.119726662552743 ], [ 28.713323485236483, 47.119722165279661 ], [ 28.713349261660412, 47.11970378188343 ], [ 28.713349117245226, 47.119699284610391 ], [ 28.713394225940746, 47.119667113653506 ], [ 28.713394081521955, 47.119662616380531 ], [ 28.71343919015948, 47.119630445406486 ], [ 28.71343904573709, 47.119625948133596 ], [ 28.713477710237157, 47.119598372999334 ], [ 28.713477565811679, 47.119593875726515 ], [ 28.713561194319198, 47.119529632286302 ], [ 28.713561049887037, 47.119525135013625 ], [ 28.713586826134303, 47.119506751565574 ], [ 28.713586681700093, 47.119502254292946 ], [ 28.713612457927532, 47.119483870839318 ], [ 28.713612313491279, 47.119479373566726 ], [ 28.71363808969889, 47.119460990107513 ], [ 28.713637945260597, 47.119456492834971 ], [ 28.713663721448373, 47.119438109370179 ], [ 28.713663577008038, 47.119433612097659 ], [ 28.713689353175987, 47.11941522862729 ], [ 28.713689208733605, 47.119410731354819 ], [ 28.713714984881733, 47.119392347878865 ], [ 28.713714840437298, 47.119387850606437 ], [ 28.713740616565595, 47.119369467124905 ], [ 28.713740472119127, 47.119364969852526 ], [ 28.713766248227593, 47.119346586365396 ], [ 28.713766103779072, 47.119342089093045 ], [ 28.713791879867717, 47.119323705600344 ], [ 28.71379173541715, 47.119319208328044 ], [ 28.713817511485964, 47.119300824829757 ], [ 28.713817367033357, 47.119296327557493 ], [ 28.713843143082343, 47.119277944053628 ], [ 28.713842998627694, 47.119273446781413 ], [ 28.713875218661361, 47.119250467393705 ], [ 28.713875074204147, 47.11924597012154 ], [ 28.713900850209036, 47.119227586605092 ], [ 28.713900705749776, 47.119223089332984 ], [ 28.713926481734838, 47.119204705810951 ], [ 28.713926337273534, 47.119200208538871 ], [ 28.713952113238769, 47.11918182501126 ], [ 28.713951968775419, 47.119177327739223 ], [ 28.713977744720825, 47.119158944206021 ], [ 28.713977600255433, 47.119154446934026 ], [ 28.714003376181012, 47.119136063395253 ], [ 28.714003231713576, 47.119131566123293 ], [ 28.714029007619327, 47.119113182578928 ], [ 28.714028863149846, 47.119108685307026 ], [ 28.714054639035769, 47.119090301757069 ], [ 28.714054494564238, 47.119085804485209 ], [ 28.714151153970572, 47.119016866122955 ], [ 28.714151009491289, 47.119012368851251 ], [ 28.714170341341042, 47.118998581169336 ], [ 28.714170196860231, 47.118994083897675 ], [ 28.714195828159443, 47.118971203045277 ], [ 28.714195683676621, 47.118966705773644 ], [ 28.714195539193835, 47.118962208502019 ], [ 28.714195394711084, 47.118957711230372 ], [ 28.714195250228371, 47.118953213958733 ], [ 28.714195105745688, 47.118948716687079 ], [ 28.714194961263043, 47.118944219415432 ], [ 28.714194816780431, 47.118939722143779 ], [ 28.714194672297857, 47.118935224872118 ], [ 28.714194527815316, 47.118930727600464 ], [ 28.71419438333281, 47.118926230328803 ], [ 28.71419423885034, 47.118921733057121 ], [ 28.714192505063394, 47.118867765796786 ], [ 28.71418577216906, 47.118863367148755 ], [ 28.71418562768763, 47.118858869877023 ], [ 28.714178894794987, 47.118854471228559 ], [ 28.714178750314179, 47.118849973956799 ], [ 28.714172017423241, 47.118845575307908 ], [ 28.714171872943059, 47.11884107803612 ], [ 28.714165140053812, 47.118836679386789 ], [ 28.714164995574258, 47.118832182114986 ], [ 28.714158262686716, 47.118827783465235 ], [ 28.714158118207781, 47.118823286193404 ], [ 28.714116998532901, 47.118774407926267 ], [ 28.714116709582562, 47.11876541338232 ], [ 28.714109976707501, 47.118761014729515 ], [ 28.714109832232975, 47.118756517457506 ], [ 28.714103099359608, 47.118752118804281 ], [ 28.714102954885707, 47.118747621532258 ], [ 28.714096222014042, 47.118743222878585 ], [ 28.714096077540766, 47.118738725606534 ], [ 28.7140893446708, 47.118734326952435 ], [ 28.714089200198149, 47.118729829680369 ], [ 28.714082467329877, 47.118725431025837 ], [ 28.714082322857848, 47.11872093375375 ], [ 28.714075589991278, 47.118716535098763 ], [ 28.714075445519875, 47.118712037826654 ], [ 28.714068712655003, 47.118707639171262 ], [ 28.714068568184231, 47.118703141899118 ], [ 28.714061835321058, 47.118698743243279 ], [ 28.714061690850901, 47.11869424597112 ], [ 28.714054957989426, 47.118689847314855 ], [ 28.714054813519898, 47.118685350042675 ], [ 28.714048080660124, 47.118680951385969 ], [ 28.714047936191218, 47.118676454113768 ], [ 28.714041203333142, 47.118672055456628 ], [ 28.714041058864861, 47.118667558184406 ], [ 28.713999939420034, 47.118618679871005 ], [ 28.713999650491008, 47.118609685326255 ], [ 28.71399291764541, 47.118605286666089 ], [ 28.713992773181531, 47.118600789393689 ], [ 28.713986040337637, 47.118596390733074 ], [ 28.713979307494846, 47.118591992072041 ], [ 28.713972574653177, 47.118587593410602 ], [ 28.713965841812602, 47.118583194748744 ], [ 28.713959108973146, 47.118578796086474 ], [ 28.713952376134799, 47.118574397423785 ], [ 28.713945643297556, 47.118569998760691 ], [ 28.713938910461422, 47.118565600097199 ], [ 28.713932177626404, 47.118561201433252 ], [ 28.713925444792494, 47.118556802768929 ], [ 28.713918711959689, 47.118552404104165 ], [ 28.713911979127996, 47.11854800543901 ], [ 28.713905246297411, 47.118543606773429 ], [ 28.713898513467935, 47.11853920810745 ], [ 28.713891780639571, 47.118534809441044 ], [ 28.713885047812312, 47.11853041077422 ], [ 28.713878314986168, 47.118526012106983 ], [ 28.713871582161129, 47.118521613439341 ], [ 28.713864849337199, 47.118517214771288 ], [ 28.71385811651438, 47.118512816102822 ], [ 28.713851383692671, 47.118508417433929 ], [ 28.713844650872066, 47.118504018764632 ], [ 28.713837918052576, 47.118499620094916 ], [ 28.713831185234191, 47.118495221424787 ], [ 28.713760446508608, 47.1185502733058 ], [ 28.713760590952653, 47.118554770578783 ], [ 28.713741259152719, 47.118568558191832 ], [ 28.713741403595236, 47.118573055464843 ], [ 28.71371562784438, 47.118591438944037 ], [ 28.713715772284854, 47.118595936217091 ], [ 28.713696440458502, 47.118609723822829 ], [ 28.713696584897452, 47.11861422109591 ], [ 28.713658065647547, 47.118646293571089 ], [ 28.713658210083448, 47.118650790844235 ], [ 28.713645322177239, 47.118659982575487 ], [ 28.713645466612135, 47.118664479848654 ], [ 28.713632578700448, 47.118673671578506 ], [ 28.713626423609728, 47.118687261989294 ], [ 28.713607236159312, 47.118705546853676 ], [ 28.713607958319258, 47.118728033219753 ], [ 28.713601514353151, 47.118732629082849 ], [ 28.713601803216335, 47.118741623629269 ], [ 28.71358891527872, 47.118750815354424 ], [ 28.713589059709324, 47.118755312627648 ], [ 28.713531208356439, 47.118801172646897 ], [ 28.713531352782432, 47.118805669920214 ], [ 28.713518464817298, 47.118814861637709 ], [ 28.713518609242293, 47.11881935891104 ], [ 28.713499277284701, 47.118833146484675 ], [ 28.713499421708168, 47.118837643758056 ], [ 28.713480089739047, 47.118851431328558 ], [ 28.713480234160986, 47.118855928601953 ], [ 28.713454458184543, 47.118874312024417 ], [ 28.713454602604436, 47.118878809297854 ], [ 28.713435270608898, 47.118892596861052 ], [ 28.713435415027277, 47.118897094134518 ], [ 28.713409639015612, 47.118915477547212 ], [ 28.713409783431942, 47.118919974820734 ], [ 28.713390451409985, 47.118933762376592 ], [ 28.713390595824787, 47.118938259650143 ], [ 28.713364819777908, 47.118956643053089 ], [ 28.713364964190667, 47.118961140326675 ], [ 28.7133456321423, 47.118974927875215 ], [ 28.713345776553535, 47.118979425148837 ], [ 28.713320000471434, 47.118997808542019 ], [ 28.713320144880626, 47.119002305815691 ], [ 28.713300812805841, 47.119016093356898 ], [ 28.713300957213505, 47.119020590630598 ], [ 28.713249549364665, 47.119061854665588 ], [ 28.71324969376824, 47.11906635193936 ], [ 28.713230361652176, 47.119080139469084 ], [ 28.713230506054231, 47.11908463674289 ], [ 28.713204729881863, 47.119103020110963 ], [ 28.713204874281875, 47.119107517384812 ], [ 28.713179098089675, 47.119125900747299 ], [ 28.713179242487641, 47.119130398021206 ], [ 28.713153466275621, 47.119148781378108 ], [ 28.713153610671537, 47.119153278652036 ], [ 28.713127834439689, 47.119171662003367 ], [ 28.713127978833565, 47.119176159277345 ], [ 28.713095758516193, 47.11919913845864 ], [ 28.713095902907504, 47.119203635732681 ], [ 28.713050938800663, 47.119240303845906 ], [ 28.713051083188411, 47.119244801120011 ], [ 28.713031750956695, 47.119258588617278 ], [ 28.713031895342919, 47.119263085891419 ], [ 28.713012563099664, 47.119276873385552 ], [ 28.71301270748436, 47.119281370659721 ], [ 28.71296129916329, 47.119322634569613 ], [ 28.712961443543897, 47.119327131843868 ], [ 28.712942111259359, 47.119340919326497 ], [ 28.712942255638438, 47.11934541660078 ], [ 28.712890847201656, 47.119386680480105 ], [ 28.712890991576653, 47.119391177754466 ], [ 28.712846027172251, 47.119427845789936 ], [ 28.712846171543678, 47.119432343064389 ], [ 28.712820395071805, 47.119450726348738 ], [ 28.712820539441182, 47.119455223623227 ], [ 28.712794762949486, 47.119473606902019 ], [ 28.71279490731682, 47.119478104176544 ], [ 28.712775574934838, 47.119491891631959 ], [ 28.712775719300648, 47.119496388906512 ], [ 28.71275638690712, 47.119510176358808 ], [ 28.71275653127141, 47.11951467363339 ], [ 28.712737198866343, 47.119528461082552 ], [ 28.712737343229097, 47.119532958357169 ], [ 28.712718010812484, 47.119546745803198 ], [ 28.712718155173722, 47.119551243077851 ], [ 28.712692378600632, 47.119569626334354 ], [ 28.712692811678309, 47.11958311815841 ], [ 28.712699400184622, 47.119583019619441 ], [ 28.712705988690903, 47.119582921080095 ], [ 28.712706133051306, 47.119587418354747 ], [ 28.712706277411748, 47.1195919156294 ], [ 28.712706421772225, 47.119596412904031 ], [ 28.712706710493279, 47.1196054074533 ], [ 28.712680933890514, 47.119623790707436 ], [ 28.712681078249016, 47.11962828798211 ], [ 28.712674634095034, 47.119632883794779 ], [ 28.712668189939944, 47.119637479607093 ], [ 28.712661745783741, 47.119642075419058 ], [ 28.71265530162643, 47.119646671230669 ], [ 28.712655590339381, 47.119655665780094 ], [ 28.712642702019348, 47.119664857402306 ], [ 28.712642846374834, 47.119669354677036 ], [ 28.712642846374834, 47.119669354677036 ], [ 28.712642702019348, 47.119664857402306 ], [ 28.71264241330848, 47.119655862852831 ], [ 28.712648857468007, 47.119651267041917 ], [ 28.71265530162643, 47.119646671230669 ], [ 28.712661745783741, 47.119642075419058 ], [ 28.712661457069895, 47.119633080869633 ], [ 28.712687233683887, 47.119614697619753 ], [ 28.712687089324934, 47.1196102003451 ], [ 28.712693533475143, 47.119605604531756 ], [ 28.712699977624236, 47.119601008718064 ], [ 28.712706421772225, 47.119596412904031 ], [ 28.712725754209526, 47.119582625459799 ], [ 28.712732342715665, 47.11958252691894 ], [ 28.712745231000479, 47.119573335286965 ], [ 28.712745231000479, 47.119573335286965 ], [ 28.712745086636843, 47.119568838012412 ], [ 28.712744942273254, 47.119564340737838 ], [ 28.712744797909689, 47.119559843463257 ], [ 28.712777018594505, 47.119536864377338 ], [ 28.712783607094821, 47.119536765833622 ], [ 28.712796495359804, 47.119527574196063 ], [ 28.712796495359804, 47.119527574196063 ], [ 28.712796350992079, 47.119523076921574 ], [ 28.7127962066244, 47.119518579647092 ], [ 28.71279606225675, 47.119514082372604 ], [ 28.712815394641222, 47.119500294913728 ], [ 28.712815105902916, 47.119491300364807 ], [ 28.712834438274282, 47.119477512902847 ], [ 28.712834293903619, 47.119473015628401 ], [ 28.712860070381172, 47.119454632340904 ], [ 28.712859926008466, 47.119450135066522 ], [ 28.712879258353421, 47.11943634759723 ], [ 28.712879113979191, 47.119431850322869 ], [ 28.71290489042152, 47.119413467025602 ], [ 28.712904746045247, 47.119408969751291 ], [ 28.712930522467747, 47.119390586448439 ], [ 28.712930378089428, 47.119386089174164 ], [ 28.712949710393097, 47.119372301693367 ], [ 28.712949566013251, 47.119367804419134 ], [ 28.713000974386102, 47.11932654051413 ], [ 28.713000830002169, 47.119322043239968 ], [ 28.713045794211322, 47.119285375145587 ], [ 28.713045649823822, 47.119280877871503 ], [ 28.713064982059791, 47.119267090371885 ], [ 28.713064837670764, 47.119262593097822 ], [ 28.713071281746682, 47.119257997263936 ], [ 28.713077725821488, 47.119253401429674 ], [ 28.71308416989519, 47.11924880559507 ], [ 28.713090613967783, 47.119244209760119 ], [ 28.71309705803926, 47.119239613924812 ], [ 28.713103502109632, 47.119235018089164 ], [ 28.713109946178893, 47.119230422253139 ], [ 28.713116390247045, 47.11922582641678 ], [ 28.713122978707794, 47.11922572785403 ], [ 28.713122834314088, 47.119221230580067 ], [ 28.713122689920418, 47.119216733306111 ], [ 28.713129133985834, 47.119212137469056 ], [ 28.713135578050139, 47.119207541631646 ], [ 28.713142022113335, 47.119202945793894 ], [ 28.713148466175419, 47.119198349955781 ], [ 28.713154910236398, 47.119193754117326 ], [ 28.713154621443966, 47.119184759569507 ], [ 28.713167509560513, 47.119175567891581 ], [ 28.713167365163304, 47.119171070617689 ], [ 28.713193141381012, 47.119152687257639 ], [ 28.713192996981761, 47.11914818998379 ], [ 28.713218773179634, 47.119129806618169 ], [ 28.713218628778343, 47.119125309344362 ], [ 28.713237960913538, 47.119111521816492 ], [ 28.71323781651072, 47.119107024542714 ], [ 28.713289224411341, 47.119065760512626 ], [ 28.713289080004433, 47.11906126323894 ], [ 28.713308412098346, 47.119047475699546 ], [ 28.713308267689918, 47.119042978425902 ], [ 28.71335967547483, 47.119001714365233 ], [ 28.713359531062313, 47.118997217091668 ], [ 28.71337886311494, 47.118983429540769 ], [ 28.713378718700895, 47.118978932267233 ], [ 28.713404494753462, 47.11896054886116 ], [ 28.713404350337367, 47.118956051587659 ], [ 28.713423682363587, 47.118942264029442 ], [ 28.713423537945971, 47.11893776675597 ], [ 28.713449313963316, 47.118919383340142 ], [ 28.713449169543662, 47.118914886066712 ], [ 28.713468501543456, 47.11890109850119 ], [ 28.713468357122277, 47.118896601227775 ], [ 28.713494133104401, 47.118878217802184 ], [ 28.713493988681176, 47.118873720528825 ], [ 28.71351332065456, 47.118859932955971 ], [ 28.713513176229814, 47.118855435682647 ], [ 28.713532508191651, 47.118841648106667 ], [ 28.713532363765381, 47.118837150833372 ], [ 28.71355169571568, 47.118823363254265 ], [ 28.713551551287882, 47.118818865980991 ], [ 28.713577327204007, 47.118800482537289 ], [ 28.713577182774159, 47.118795985264079 ], [ 28.713583626749898, 47.118791389402276 ], [ 28.713590070724528, 47.118786793540139 ], [ 28.713596514698047, 47.118782197677639 ], [ 28.71360295867046, 47.118777601814784 ], [ 28.71360281423857, 47.11877310454161 ], [ 28.713609258209353, 47.118768508678414 ], [ 28.713615702179023, 47.118763912814885 ], [ 28.713622146147586, 47.118759316950992 ], [ 28.713622001714178, 47.118754819677839 ], [ 28.71362844568111, 47.118750223813613 ], [ 28.713634889646933, 47.118745627949018 ], [ 28.713641333611648, 47.118741032084088 ], [ 28.713647777575254, 47.118736436218796 ], [ 28.713647633139797, 47.118731938945693 ], [ 28.713654077101776, 47.118727343080067 ], [ 28.713660521062643, 47.118722747214079 ], [ 28.713666965022401, 47.11871815134775 ], [ 28.713673408981048, 47.118713555481058 ], [ 28.713673264543548, 47.118709058208005 ], [ 28.713679852938586, 47.118708959614032 ], [ 28.71369918480455, 47.118695172010803 ], [ 28.713705917637959, 47.118699570688356 ], [ 28.713712650472473, 47.118703969365491 ], [ 28.713712650472473, 47.118703969365491 ], [ 28.713705917637959, 47.118699570688356 ], [ 28.71369918480455, 47.118695172010803 ], [ 28.713692596411278, 47.118695270605876 ], [ 28.713673264543548, 47.118709058208005 ], [ 28.713673408981048, 47.118713555481058 ], [ 28.713666965022401, 47.11871815134775 ], [ 28.713660521062643, 47.118722747214079 ], [ 28.713654077101776, 47.118727343080067 ], [ 28.713654221537748, 47.118731840353156 ], [ 28.713647777575254, 47.118736436218796 ], [ 28.713641333611648, 47.118741032084088 ], [ 28.713634889646933, 47.118745627949018 ], [ 28.71362844568111, 47.118750223813613 ], [ 28.713628590115043, 47.118754721086745 ], [ 28.713622146147586, 47.118759316950992 ], [ 28.713615702179023, 47.118763912814885 ], [ 28.713609258209353, 47.118768508678414 ], [ 28.713609402641758, 47.118773005951581 ], [ 28.71360295867046, 47.118777601814784 ], [ 28.713596514698047, 47.118782197677639 ], [ 28.713590070724528, 47.118786793540139 ], [ 28.713590215155413, 47.118791290813327 ], [ 28.713577327204007, 47.118800482537289 ], [ 28.713577471633887, 47.118804979810513 ], [ 28.713558139696893, 47.118818767393847 ], [ 28.713558284125245, 47.118823264667093 ], [ 28.713526208631272, 47.118850741238987 ], [ 28.713526353057098, 47.118855238512282 ], [ 28.713507021088809, 47.118869026087282 ], [ 28.713507165513107, 47.118873523360605 ], [ 28.71348138953778, 47.118891906789059 ], [ 28.713481533960032, 47.118896404062433 ], [ 28.713436570375514, 47.1189330723222 ], [ 28.713436714794202, 47.118937569595651 ], [ 28.713417382773084, 47.118951357156007 ], [ 28.713417527190249, 47.118955854429487 ], [ 28.713391751144481, 47.118974237838415 ], [ 28.713391895559596, 47.118978735111931 ], [ 28.713372563512067, 47.118992522664975 ], [ 28.713372707925661, 47.118997019938512 ], [ 28.713353375866589, 47.119010807488422 ], [ 28.713353520278655, 47.119015304761994 ], [ 28.713334188208037, 47.119029092308772 ], [ 28.713334332618583, 47.119033589582379 ], [ 28.713308556506814, 47.119051972973203 ], [ 28.713308700915313, 47.119056470246846 ], [ 28.713289368818284, 47.119070257786305 ], [ 28.713289513225263, 47.119074755059991 ], [ 28.713244549359761, 47.119111423246913 ], [ 28.713244693763169, 47.119115920520663 ], [ 28.71323180567428, 47.119125112207016 ], [ 28.713231950076686, 47.119129609480794 ], [ 28.713219061982326, 47.119138801165761 ], [ 28.713219206383719, 47.119143298439553 ], [ 28.713206318283884, 47.119152490123142 ], [ 28.71320646268428, 47.119156987396948 ], [ 28.713200018632175, 47.119161583238224 ], [ 28.713193574578966, 47.119166179079151 ], [ 28.713187130524641, 47.119170774919731 ], [ 28.713180686469212, 47.119175370759955 ], [ 28.713174242412673, 47.119179966599823 ], [ 28.713167798355023, 47.119184562439344 ], [ 28.713161354296268, 47.119189158278502 ], [ 28.713154910236398, 47.119193754117326 ], [ 28.713148466175419, 47.119198349955781 ], [ 28.713148610571171, 47.119202847229694 ], [ 28.713122834314088, 47.119221230580067 ], [ 28.713122978707794, 47.11922572785403 ], [ 28.713116390247045, 47.11922582641678 ], [ 28.713109946178893, 47.119230422253139 ], [ 28.713103502109632, 47.119235018089164 ], [ 28.71309705803926, 47.119239613924812 ], [ 28.713097202430891, 47.119244111198817 ], [ 28.71307787021156, 47.119257898703701 ], [ 28.713078014601663, 47.119262395977735 ], [ 28.713052238291613, 47.119280779312732 ], [ 28.713052382679667, 47.119285276586801 ], [ 28.713033050433925, 47.11929906408438 ], [ 28.713033194820458, 47.119303561358471 ], [ 28.713007418475186, 47.119321944683705 ], [ 28.71300756285968, 47.119326441957853 ], [ 28.712994674679351, 47.11933563361837 ], [ 28.712994819062828, 47.119340130892539 ], [ 28.712975486782458, 47.119353918380725 ], [ 28.712975631164415, 47.119358415654915 ], [ 28.712956298872498, 47.119372203139967 ], [ 28.712956443252931, 47.119376700414193 ], [ 28.712937110949476, 47.119390487896112 ], [ 28.712937255328384, 47.119394985170366 ], [ 28.712917923013382, 47.119408772649152 ], [ 28.712918067390763, 47.119413269923449 ], [ 28.712866658871047, 47.119454533792521 ], [ 28.712866803244346, 47.119459031066896 ], [ 28.712847470888054, 47.119472818534184 ], [ 28.712847615259825, 47.119477315808588 ], [ 28.7127962066244, 47.119518579647092 ], [ 28.712796350992079, 47.119523076921574 ], [ 28.712777018594505, 47.119536864377338 ], [ 28.712777162960663, 47.119541361651869 ], [ 28.712770718825404, 47.119545957469761 ], [ 28.712764274689029, 47.119550553287311 ], [ 28.712757830551546, 47.119555149104507 ], [ 28.712751386412958, 47.119559744921339 ], [ 28.712744942273254, 47.119564340737838 ], [ 28.712732053990521, 47.119573532369756 ], [ 28.712718876980428, 47.119573729451027 ], [ 28.712705988690903, 47.119582921080095 ], [ 28.712699400184622, 47.119583019619441 ], [ 28.712692811678309, 47.11958311815841 ], [ 28.712686367530708, 47.11958771397169 ], [ 28.71266660200979, 47.1195880095852 ], [ 28.712659869146222, 47.119583610847535 ], [ 28.712660302215898, 47.119597102671783 ], [ 28.712608604615497, 47.119629371879064 ], [ 28.712609037672905, 47.119642863703568 ], [ 28.71258970518349, 47.119656651128622 ], [ 28.712589849534474, 47.119661148403488 ], [ 28.712583405368594, 47.11966574421114 ], [ 28.712570228334716, 47.119665941275599 ], [ 28.712557339997279, 47.119675132888418 ], [ 28.712550607131345, 47.119670734144407 ], [ 28.712537430096003, 47.119670931205107 ], [ 28.712524541751634, 47.119680122814316 ], [ 28.71252468609724, 47.119684620089309 ], [ 28.712498909393105, 47.119703003303535 ], [ 28.712499053736671, 47.119707500578571 ], [ 28.712473277012709, 47.119725883787204 ], [ 28.712473421354225, 47.119730381062304 ], [ 28.712454088798044, 47.119744168465111 ], [ 28.71245423313804, 47.119748665740218 ], [ 28.712447788949905, 47.119753261540467 ], [ 28.712448077628956, 47.119762256090702 ], [ 28.712428745054783, 47.119776043489409 ], [ 28.712428312040942, 47.119762551663939 ], [ 28.712447644610428, 47.119748764265346 ], [ 28.712447355931587, 47.119739769715082 ], [ 28.712492320871291, 47.119703101831149 ], [ 28.712492176528318, 47.119698604556099 ], [ 28.712517953232734, 47.11968022134338 ], [ 28.712517808887718, 47.119675724068358 ], [ 28.712543585572305, 47.119657340850054 ], [ 28.712549452350558, 47.119634755944716 ], [ 28.71254271949045, 47.119630357200144 ], [ 28.712529542465028, 47.119630554259814 ], [ 28.712529686810804, 47.119635051534843 ], [ 28.7125039101319, 47.119653434750013 ], [ 28.712504054475634, 47.119657932025071 ], [ 28.712478277776903, 47.119676315234663 ], [ 28.71247842211859, 47.11968081250977 ], [ 28.712427013001278, 47.119722076187337 ], [ 28.712427157338883, 47.119726573462529 ], [ 28.712407824771883, 47.119740360857676 ], [ 28.712407969107961, 47.119744858132904 ], [ 28.712382192334349, 47.119763241321564 ], [ 28.71238233666838, 47.119767738596828 ], [ 28.712363004074966, 47.119781525984664 ], [ 28.712363148407469, 47.119786023259962 ], [ 28.712337371598636, 47.11980440643886 ], [ 28.712337515929097, 47.119808903714194 ], [ 28.712318183309264, 47.119822691094711 ], [ 28.712318327638208, 47.119827188370067 ], [ 28.712266918257164, 47.119868451978171 ], [ 28.712267062582015, 47.119872949253633 ], [ 28.712247729920893, 47.119886736622625 ], [ 28.712247874244216, 47.119891233898116 ], [ 28.712196464747461, 47.119932497475631 ], [ 28.712196609066702, 47.119936994751207 ], [ 28.71217727636429, 47.119950782108702 ], [ 28.712177420682004, 47.119955279384293 ], [ 28.712158087968053, 47.119969066738662 ], [ 28.712158232284239, 47.119973564014288 ], [ 28.712132455314695, 47.119991947148556 ], [ 28.712132599628831, 47.119996444424238 ], [ 28.712113266888469, 47.120010231771275 ], [ 28.712113411201081, 47.120014729046986 ], [ 28.712048968655893, 47.120060686847701 ], [ 28.712049401578355, 47.120074178675125 ], [ 28.712030068788483, 47.12008796600859 ], [ 28.712030213094479, 47.120092463284429 ], [ 28.711991547481674, 47.120120037941909 ], [ 28.71198495890663, 47.120120136441003 ], [ 28.711985103208988, 47.12012463371692 ], [ 28.711965337481981, 47.120124929211983 ], [ 28.71196432737786, 47.120093448280151 ], [ 28.711977215918374, 47.12008425673212 ], [ 28.711977071616882, 47.120079759456146 ], [ 28.711996404417782, 47.120065972131478 ], [ 28.71199626011477, 47.12006147485554 ], [ 28.712015592904123, 47.120047687527737 ], [ 28.712015448599583, 47.120043190251828 ], [ 28.712041225634444, 47.120024807143217 ], [ 28.712041081327857, 47.12002030986735 ], [ 28.71206685834289, 47.120001926753162 ], [ 28.712066714034268, 47.119997429477337 ], [ 28.712086046782332, 47.119983642138031 ], [ 28.712085902472175, 47.119979144862242 ], [ 28.71211167945199, 47.119960761738291 ], [ 28.71211153513979, 47.119956264462523 ], [ 28.712130867861443, 47.119942477115906 ], [ 28.71213072354772, 47.119937979840181 ], [ 28.712156500492309, 47.119919596706467 ], [ 28.712156356176543, 47.119915099430791 ], [ 28.712175688871778, 47.119901312076841 ], [ 28.712175544554491, 47.119896814801194 ], [ 28.712201321463862, 47.119878431657725 ], [ 28.712201177144525, 47.11987393438212 ], [ 28.712226954034069, 47.119855551233059 ], [ 28.712226809712686, 47.119851053957483 ], [ 28.712252586582398, 47.119832670802857 ], [ 28.712252442258972, 47.119828173527331 ], [ 28.712297407407593, 47.119791505717792 ], [ 28.71229683009982, 47.119773516615972 ], [ 28.712277064506075, 47.119773812163167 ], [ 28.712264176091669, 47.119783003743798 ], [ 28.712264320415851, 47.119787501019324 ], [ 28.712238543571651, 47.119805884176422 ], [ 28.712238687893791, 47.119810381451991 ], [ 28.712232243679448, 47.119814977240388 ], [ 28.71222579946399, 47.119819573028444 ], [ 28.712219355247427, 47.119824168816145 ], [ 28.712212911029759, 47.119828764603504 ], [ 28.712206466810979, 47.119833360390494 ], [ 28.712200022591091, 47.119837956177143 ], [ 28.712193578370087, 47.119842551963437 ], [ 28.712187134147978, 47.119847147749375 ], [ 28.712180689924761, 47.119851743534966 ], [ 28.712174245700428, 47.119856339320194 ], [ 28.71216780147499, 47.119860935105088 ], [ 28.712161357248448, 47.119865530889619 ], [ 28.71215491302079, 47.119870126673803 ], [ 28.712148468792027, 47.119874722457631 ], [ 28.712142024562151, 47.119879318241111 ], [ 28.712135580331164, 47.119883914024236 ], [ 28.712129136099076, 47.119888509807012 ], [ 28.712129136099076, 47.119888509807012 ], [ 28.712135580331164, 47.119883914024236 ], [ 28.712142024562151, 47.119879318241111 ], [ 28.71214188024781, 47.119874820965364 ], [ 28.712114948822425, 47.119857225889263 ], [ 28.712113794327792, 47.119821247682559 ], [ 28.712384450842592, 47.11962822454084 ], [ 28.712377862329618, 47.119628323061754 ], [ 28.712345641415617, 47.11965130203793 ], [ 28.712319287351569, 47.119651696110552 ], [ 28.712318854367272, 47.119638204284023 ], [ 28.712331742737799, 47.119629012697587 ], [ 28.712331598408731, 47.119624515422089 ], [ 28.712338186921393, 47.119624416903832 ], [ 28.71233804259181, 47.119619919628356 ], [ 28.712370119158408, 47.119592443378977 ], [ 28.712369974826288, 47.119587946103536 ], [ 28.71238286317595, 47.119578754511551 ], [ 28.712382718842825, 47.119574257236131 ], [ 28.712402051357429, 47.119560469845517 ], [ 28.712401907022784, 47.119555972570133 ], [ 28.712421239525845, 47.119542185176407 ], [ 28.712421095189676, 47.119537687901051 ], [ 28.712427683691313, 47.119537589377785 ], [ 28.712427539354621, 47.119533092102451 ], [ 28.712433983518462, 47.119528496303488 ], [ 28.712433406169964, 47.119510507202122 ], [ 28.712446294490157, 47.119501315603252 ], [ 28.712445428462221, 47.119474331951245 ], [ 28.712490537526119, 47.119442161344566 ], [ 28.71251030299484, 47.119441865762113 ], [ 28.712516747140622, 47.119437269958674 ], [ 28.712516602796931, 47.119432772683453 ], [ 28.712542379366877, 47.119414389466186 ], [ 28.712541946329775, 47.119400897640681 ], [ 28.712561278740907, 47.119387110224125 ], [ 28.712560701352359, 47.119369121123519 ], [ 28.712605810258285, 47.119336950472928 ], [ 28.712625575686854, 47.119336654871084 ], [ 28.712632019810069, 47.119332059061364 ], [ 28.712632885928038, 47.119359042711416 ], [ 28.712646351594202, 47.119367840190634 ], [ 28.712646495948498, 47.119372337465599 ], [ 28.712646640302832, 47.119376834740549 ], [ 28.712646784657196, 47.119381332015507 ], [ 28.712646929011594, 47.119385829290444 ], [ 28.712647073366032, 47.11939032656538 ], [ 28.712647073366032, 47.11939032656538 ], [ 28.712646929011594, 47.119385829290444 ], [ 28.712646784657196, 47.119381332015507 ], [ 28.712646640302832, 47.119376834740549 ], [ 28.712646495948498, 47.119372337465599 ], [ 28.712646351594202, 47.119367840190634 ], [ 28.712646207239942, 47.119363342915669 ], [ 28.712665539610303, 47.119349555481968 ], [ 28.712685305042925, 47.119349259869765 ], [ 28.712710792795107, 47.119321882065847 ], [ 28.712709926638883, 47.119294898416719 ], [ 28.712722814859511, 47.119285706787672 ], [ 28.712721804338219, 47.119254225863656 ], [ 28.712728248443234, 47.119249630048692 ], [ 28.712727671001179, 47.119231640949216 ], [ 28.712734115103007, 47.119227045133947 ], [ 28.712733970742057, 47.119222547859081 ], [ 28.712759747136182, 47.1192041645945 ], [ 28.712759602773197, 47.119199667319677 ], [ 28.712811155504038, 47.119162900773738 ], [ 28.712811011136925, 47.119158403499 ], [ 28.712830343391133, 47.119144616038504 ], [ 28.712830199022491, 47.119140118763802 ], [ 28.712849531265153, 47.119126331300166 ], [ 28.712849386894995, 47.119121834025499 ], [ 28.71286871912611, 47.119108046558729 ], [ 28.712868574754424, 47.119103549284091 ], [ 28.712887906973993, 47.119089761814188 ], [ 28.712887762600786, 47.119085264539585 ], [ 28.712913538875942, 47.119066881241515 ], [ 28.712913394500685, 47.119062383966941 ], [ 28.712958502935862, 47.119030213181851 ], [ 28.712958358557, 47.119025715907348 ], [ 28.713009910983629, 47.118988949274794 ], [ 28.713009766600653, 47.118984452000383 ], [ 28.71317086746328, 47.118869556128807 ], [ 28.713170145483911, 47.118847069758161 ], [ 28.713176589501398, 47.118842473918775 ], [ 28.713176445105113, 47.118837976644649 ], [ 28.713208665173301, 47.118814997442527 ], [ 28.713208520774447, 47.118810500168451 ], [ 28.713240740812303, 47.118787520957603 ], [ 28.713240596410891, 47.118783023683569 ], [ 28.713272816418414, 47.118760044463976 ], [ 28.71327267201443, 47.118755547190005 ], [ 28.71330489199163, 47.118732567961672 ], [ 28.713304747585084, 47.118728070687759 ], [ 28.713336967531948, 47.118705091450678 ], [ 28.713336823122845, 47.118700594176829 ], [ 28.713369043039375, 47.118677614931016 ], [ 28.713368898627703, 47.118673117657202 ], [ 28.713452670274144, 47.118613371577084 ], [ 28.71345252585575, 47.118608874303419 ], [ 28.713471857745979, 47.118595086738054 ], [ 28.713471713326054, 47.118590589464432 ], [ 28.713516676603938, 47.118553921192792 ], [ 28.713516387756993, 47.118544926645669 ], [ 28.713542307981257, 47.118531040484108 ], [ 28.713542163555722, 47.118526543210592 ], [ 28.713561495393126, 47.118512755630583 ], [ 28.713561350966071, 47.118508258357117 ], [ 28.713587126731664, 47.118489874912221 ], [ 28.713586837873496, 47.118480880365347 ], [ 28.713593281811079, 47.118476284503267 ], [ 28.713599870177664, 47.118476185914261 ], [ 28.713670753411407, 47.118425631404193 ], [ 28.713697106851448, 47.118425237028397 ], [ 28.713709994692991, 47.118416045291823 ], [ 28.713709705814864, 47.11840705074539 ], [ 28.713716149732932, 47.118402454876602 ], [ 28.713716005293403, 47.118397957603392 ], [ 28.713715860853906, 47.118393460330189 ], [ 28.713715716414441, 47.118388963056958 ], [ 28.713715571975015, 47.118384465783748 ], [ 28.713714994217661, 47.118366476690831 ], [ 28.713701528636079, 47.118357679334807 ], [ 28.713701384198007, 47.118353182061533 ], [ 28.71367445305053, 47.118335587344468 ], [ 28.713674308614848, 47.118331090071109 ], [ 28.713647377487479, 47.118313495347337 ], [ 28.713647233054193, 47.118308998073907 ], [ 28.713586493659847, 47.118264912647454 ], [ 28.713586349231935, 47.11826041537384 ], [ 28.713559418169321, 47.118242820628346 ], [ 28.713559273743797, 47.118238323354632 ], [ 28.713532342701292, 47.118220728602445 ], [ 28.713532198278163, 47.118216231328674 ], [ 28.713410864404626, 47.118132557587472 ], [ 28.713410719992176, 47.118128060313332 ], [ 28.713409420281728, 47.11808758484591 ], [ 28.71342860758449, 47.118069300014781 ], [ 28.713434762658977, 47.118055709613486 ], [ 28.713460538254676, 47.118037326197978 ], [ 28.71346039383852, 47.118032828923859 ], [ 28.713524832744913, 47.117986870360575 ], [ 28.713524688323595, 47.117982373086583 ], [ 28.71364697749911, 47.117890554445836 ], [ 28.71364683306799, 47.117886057172065 ], [ 28.71365327692989, 47.117881461307149 ], [ 28.713659720790691, 47.117876865441879 ], [ 28.71366616465037, 47.117872269576253 ], [ 28.713672608508947, 47.117867673710293 ], [ 28.713679052366416, 47.117863077843964 ], [ 28.713685496222773, 47.117858481977294 ], [ 28.713691940078022, 47.117853886110254 ], [ 28.713698383932158, 47.117849290242894 ], [ 28.713704827785186, 47.117844694375165 ], [ 28.713711271637106, 47.117840098507074 ], [ 28.713717715487917, 47.117835502638641 ], [ 28.713724159337623, 47.117830906769861 ], [ 28.713730603186214, 47.117826310900725 ], [ 28.713737047033693, 47.117821715031234 ], [ 28.713743490880073, 47.117817119161394 ], [ 28.713749934725332, 47.117812523291192 ], [ 28.713756378569489, 47.117807927420657 ], [ 28.713762822412534, 47.117803331549759 ], [ 28.713769266254474, 47.117798735678512 ], [ 28.713775710095298, 47.117794139806911 ], [ 28.713782153935018, 47.117789543934961 ], [ 28.713788597773629, 47.117784948062649 ], [ 28.713795041611128, 47.117780352189996 ], [ 28.713801485447519, 47.117775756316995 ], [ 28.713807929282805, 47.117771160443638 ], [ 28.713814373116975, 47.117766564569919 ], [ 28.713820816950037, 47.117761968695859 ], [ 28.713827260781994, 47.117757372821444 ], [ 28.713833704612838, 47.117752776946681 ], [ 28.713840148442568, 47.117748181071555 ], [ 28.713846592271199, 47.117743585196088 ], [ 28.713853036098712, 47.117738989320266 ], [ 28.713859479925123, 47.117734393444088 ], [ 28.713865923750422, 47.117729797567563 ], [ 28.713872367574613, 47.117725201690675 ], [ 28.713878811397691, 47.11772060581346 ], [ 28.713885255219662, 47.117716009935883 ], [ 28.713891699040524, 47.117711414057943 ], [ 28.713898142860277, 47.117706818179663 ], [ 28.713904586678922, 47.117702222301027 ], [ 28.713911030496451, 47.117697626422036 ], [ 28.713917474312876, 47.117693030542689 ], [ 28.713923918128192, 47.117688434663009 ], [ 28.713930361942403, 47.117683838782959 ], [ 28.713936805755495, 47.117679242902561 ], [ 28.713943249567485, 47.117674647021815 ], [ 28.71394969337836, 47.11767005114072 ], [ 28.713956137188134, 47.117665455259271 ], [ 28.713962580996796, 47.117660859377466 ], [ 28.713969024804346, 47.117656263495306 ], [ 28.713975468610791, 47.117651667612805 ], [ 28.71398191241612, 47.117647071729941 ], [ 28.713988356220344, 47.117642475846729 ], [ 28.713994800023453, 47.117637879963169 ], [ 28.714001243825464, 47.117633284079254 ], [ 28.714007687626356, 47.117628688194991 ], [ 28.714014131426143, 47.117624092310379 ], [ 28.714020575224822, 47.117619496425405 ], [ 28.714019563996946, 47.117588015513554 ], [ 28.714058226743884, 47.117560440196847 ], [ 28.714051494028368, 47.117556041537675 ], [ 28.714051349564851, 47.117551544264586 ], [ 28.714044616851037, 47.117547145605002 ], [ 28.714037884138325, 47.117542746944991 ], [ 28.714031151426724, 47.117538348284569 ], [ 28.714024418716228, 47.117533949623727 ], [ 28.714024274255113, 47.11752945235056 ], [ 28.714017541546315, 47.117525053689299 ], [ 28.714010808838633, 47.117520655027612 ], [ 28.714010664378726, 47.117516157754416 ], [ 28.713956658306746, 47.117476471172552 ], [ 28.713956513851624, 47.117471973899178 ], [ 28.713949781155691, 47.117467575233718 ], [ 28.713943048460866, 47.117463176567838 ], [ 28.713936315767153, 47.117458777901561 ], [ 28.713929583074549, 47.11745437923485 ], [ 28.713922850383057, 47.117449980567727 ], [ 28.713916117692669, 47.117445581900199 ], [ 28.713915973241118, 47.117441084626712 ], [ 28.713882309808767, 47.11741909128277 ], [ 28.7138821653602, 47.117414594009183 ], [ 28.713875432677654, 47.117410195339133 ], [ 28.713868699996205, 47.117405796668677 ], [ 28.713861967315875, 47.117401397997796 ], [ 28.713855234636647, 47.117396999326509 ], [ 28.71384176928153, 47.117388201982692 ], [ 28.71384162483653, 47.117383704708978 ], [ 28.71383489216122, 47.117379306036426 ], [ 28.713828159487022, 47.117374907363477 ], [ 28.713821426813933, 47.117370508690101 ], [ 28.713814694141956, 47.117366110016299 ], [ 28.713807961471087, 47.117361711342099 ], [ 28.713801228801323, 47.117357312667487 ], [ 28.713800939918507, 47.117348318119816 ], [ 28.713794207251034, 47.11734391944475 ], [ 28.713794062810273, 47.117339422170893 ], [ 28.713794062810273, 47.117339422170893 ], [ 28.713794207251034, 47.11734391944475 ], [ 28.713794496132675, 47.117352913992463 ], [ 28.713801228801323, 47.117357312667487 ], [ 28.713807961471087, 47.117361711342099 ], [ 28.713814694141956, 47.117366110016299 ], [ 28.713814838584597, 47.117370607290098 ], [ 28.71384176928153, 47.117388201982692 ], [ 28.713854945744334, 47.117388004779158 ], [ 28.713854945744334, 47.117388004779158 ], [ 28.713855090190471, 47.117392502052844 ], [ 28.713855234636647, 47.117396999326509 ], [ 28.713855379082862, 47.117401496600181 ], [ 28.713882309808767, 47.11741909128277 ], [ 28.713882454257373, 47.117423588556356 ], [ 28.713889186942215, 47.117427987225952 ], [ 28.713895919628165, 47.117432385895142 ], [ 28.713902652315223, 47.1174367845639 ], [ 28.71390938500339, 47.117441183232266 ], [ 28.713916117692669, 47.117445581900199 ], [ 28.713922850383057, 47.117449980567727 ], [ 28.713922994835229, 47.117454477841193 ], [ 28.713956658306746, 47.117476471172552 ], [ 28.713956802761903, 47.117480968445911 ], [ 28.713997198967867, 47.117507360429769 ], [ 28.713997343426591, 47.117511857703022 ], [ 28.71400407613206, 47.117516256365533 ], [ 28.714010808838633, 47.117520655027612 ], [ 28.714017541546315, 47.117525053689299 ], [ 28.714024274255113, 47.11752945235056 ], [ 28.714024418716228, 47.117533949623727 ], [ 28.714064670531162, 47.117555844309486 ], [ 28.714110788289837, 47.117555153998893 ], [ 28.714117232071878, 47.117550558108647 ], [ 28.714123675852807, 47.11754596221806 ], [ 28.714130119632625, 47.11754136632711 ], [ 28.714136563411337, 47.117536770435798 ], [ 28.714143007188941, 47.117532174544145 ], [ 28.714149450965429, 47.117527578652144 ], [ 28.71415589474082, 47.11752298275978 ], [ 28.714162482987788, 47.117522884139937 ], [ 28.714233364437316, 47.117472329296781 ], [ 28.714239952677772, 47.117472230672554 ], [ 28.714304390236798, 47.117426271683641 ], [ 28.714310978471328, 47.117426173055399 ], [ 28.714349640949962, 47.11739859764301 ], [ 28.714356229180915, 47.117398499012197 ], [ 28.714388447879667, 47.117375519490373 ], [ 28.714395036107636, 47.117375420857371 ], [ 28.71442081104431, 47.117357037232132 ], [ 28.714427399269884, 47.117356938597297 ], [ 28.714498424747678, 47.11731088086708 ], [ 28.714505012967297, 47.117310782227847 ], [ 28.714569594608452, 47.11726932036612 ], [ 28.71457618282269, 47.117269221722871 ], [ 28.714601957645531, 47.117250838057998 ], [ 28.714608545857377, 47.11725073941291 ], [ 28.714640764358016, 47.117227759822072 ], [ 28.714647352566882, 47.117227661174802 ], [ 28.71467957103685, 47.117204681573369 ], [ 28.714686159242728, 47.11720458292389 ], [ 28.71471193399638, 47.117186199234936 ], [ 28.714718522199867, 47.117186100583645 ], [ 28.714789547198009, 47.117140042677704 ], [ 28.714796135395535, 47.117139944022014 ], [ 28.714821910079998, 47.117121560309009 ], [ 28.714828498275125, 47.117121461651479 ], [ 28.714899523091937, 47.117075403679159 ], [ 28.714906111281106, 47.117075305017252 ], [ 28.714925442244223, 47.117061517214992 ], [ 28.714932030431584, 47.1170614185516 ], [ 28.714958961330744, 47.11707901297958 ], [ 28.714959105868342, 47.117083510250914 ], [ 28.714999502253885, 47.117109901880383 ], [ 28.714999646795061, 47.117114399151582 ], [ 28.715046775966119, 47.117145189367008 ], [ 28.715046920511451, 47.117149686638065 ], [ 28.715504894198606, 47.117453287801929 ], [ 28.715505183369622, 47.117462282341414 ], [ 28.715511916190568, 47.117466680913779 ], [ 28.715512928294338, 47.117498161801691 ], [ 28.715519661120521, 47.117502560373502 ], [ 28.715520673230131, 47.117534041261102 ], [ 28.715527406061547, 47.117538439832366 ], [ 28.715528418176991, 47.117569920719639 ], [ 28.715535151013643, 47.117574319290355 ], [ 28.715536018546072, 47.117601302907751 ], [ 28.715542751387368, 47.117605701477935 ], [ 28.715543474334961, 47.117628187825559 ], [ 28.715550207180314, 47.117632586395224 ], [ 28.715550351770524, 47.117637083664732 ], [ 28.715557084617579, 47.117641482233971 ], [ 28.715557229208418, 47.117645979503436 ], [ 28.715563962057171, 47.117650378072241 ], [ 28.715564106648628, 47.117654875341671 ], [ 28.71557083949908, 47.117659273910057 ], [ 28.715570984091165, 47.11766377117948 ], [ 28.715577716943315, 47.117668169747418 ], [ 28.715577861536026, 47.117672667016819 ], [ 28.71558459438987, 47.117677065584324 ], [ 28.71558473898321, 47.117681562853697 ], [ 28.715591471838756, 47.117685961420776 ], [ 28.715591616432715, 47.117690458690134 ], [ 28.715598349289959, 47.117694857256765 ], [ 28.715598493884546, 47.117699354526103 ], [ 28.715605226743488, 47.117703753092307 ], [ 28.715605371338697, 47.117708250361616 ], [ 28.715612104199337, 47.11771264892738 ], [ 28.715612248795171, 47.117717146196675 ], [ 28.715618981657514, 47.117721544762013 ], [ 28.715619126253969, 47.117726042031286 ], [ 28.715625859118006, 47.117730440596183 ], [ 28.715626003715094, 47.117734937865414 ], [ 28.715632736580829, 47.117739336429892 ], [ 28.715632881178532, 47.117743833699116 ], [ 28.715639614045973, 47.117748232263153 ], [ 28.715639758644301, 47.117752729532342 ], [ 28.715646491513439, 47.11775712809596 ], [ 28.715646636112396, 47.117761625365127 ], [ 28.715653368983229, 47.117766023928304 ], [ 28.715653513582808, 47.11777052119745 ], [ 28.715660246455347, 47.117774919760201 ], [ 28.71566039105555, 47.117779417029318 ], [ 28.715667123929776, 47.117783815591629 ], [ 28.715667268530606, 47.117788312860732 ], [ 28.715674001406537, 47.117792711422609 ], [ 28.715694778454083, 47.117823896181804 ], [ 28.715708244220643, 47.117832693301693 ], [ 28.715708388825185, 47.117837190570647 ], [ 28.715715121710716, 47.117841589129945 ], [ 28.715715266315883, 47.117846086398892 ], [ 28.715721999203112, 47.117850484957756 ], [ 28.715742776301909, 47.117881669707295 ], [ 28.715756242091068, 47.117890466821144 ], [ 28.715756386699951, 47.117894964089949 ], [ 28.715763119596787, 47.117899362646249 ], [ 28.715763264206281, 47.117903859915032 ], [ 28.715769997104815, 47.117908258470877 ], [ 28.715790774254863, 47.117939443210751 ], [ 28.715804240066632, 47.117948240318597 ], [ 28.715804384679846, 47.117952737587238 ], [ 28.715811117587979, 47.117957136140518 ], [ 28.71583189478168, 47.117988320872115 ], [ 28.715845360612654, 47.117997117974788 ], [ 28.715845505229574, 47.118001615243308 ], [ 28.71585223814732, 47.118006013794009 ], [ 28.715852382764865, 47.118010511062501 ], [ 28.715859115684307, 47.118014909612768 ], [ 28.715879892929255, 47.118046094334694 ], [ 28.715893358782836, 47.118054891431349 ], [ 28.715893503404093, 47.118059388699706 ], [ 28.715900236333137, 47.118063787247394 ], [ 28.715900525576938, 47.118072781784051 ], [ 28.715927891181959, 47.118103867775247 ], [ 28.715928180430833, 47.118112862311712 ], [ 28.715955546072987, 47.118143948295611 ], [ 28.715955835326923, 47.118152942831884 ], [ 28.715983201006217, 47.118184028808486 ], [ 28.715983490265216, 47.118193023344567 ], [ 28.716010855981651, 47.118224109313879 ], [ 28.716011145245712, 47.118233103849761 ], [ 28.716017878206586, 47.118237502389995 ], [ 28.71602490043513, 47.1182508954656 ], [ 28.716078764180324, 47.118286083768986 ], [ 28.716098673823542, 47.118290284840555 ], [ 28.716105117518257, 47.118285688840061 ], [ 28.716111561211868, 47.118281092839233 ], [ 28.716118004904367, 47.118276496838028 ], [ 28.716136757404083, 47.118244719761854 ], [ 28.716143201090059, 47.1182401237593 ], [ 28.716149644774934, 47.11823552775639 ], [ 28.716149500131202, 47.118231030488779 ], [ 28.716155943814446, 47.118226434485543 ], [ 28.716168397241937, 47.118203750675256 ], [ 28.716174840920292, 47.118199154670982 ], [ 28.716181284597543, 47.118194558666374 ], [ 28.716181139951356, 47.118190061398806 ], [ 28.716180995305198, 47.118185564131231 ], [ 28.716187438980299, 47.118180968126275 ], [ 28.716199892384228, 47.118158284312699 ], [ 28.716200181679486, 47.1181672788478 ], [ 28.716193738007121, 47.118171874853431 ], [ 28.716193882654284, 47.118176372120992 ], [ 28.716187438980299, 47.118180968126275 ], [ 28.716180995305198, 47.118185564131231 ], [ 28.716181139951356, 47.118190061398806 ], [ 28.716181284597543, 47.118194558666374 ], [ 28.716174840920292, 47.118199154670982 ], [ 28.716162387496578, 47.118221838481944 ], [ 28.716155943814446, 47.118226434485543 ], [ 28.716149500131202, 47.118231030488779 ], [ 28.716149644774934, 47.11823552775639 ], [ 28.716143201090059, 47.1182401237593 ], [ 28.71612444859575, 47.11827190083649 ], [ 28.716118004904367, 47.118276496838028 ], [ 28.716111561211868, 47.118281092839233 ], [ 28.716105117518257, 47.118285688840061 ], [ 28.716098673823542, 47.118290284840555 ], [ 28.716092085488519, 47.11829038357299 ], [ 28.716079198094583, 47.118299575572166 ], [ 28.716079342732737, 47.118304072839891 ], [ 28.716113007621328, 47.118326065515674 ], [ 28.716113441544842, 47.118339557318528 ], [ 28.71612690751158, 47.11834835438583 ], [ 28.716127920009267, 47.118379835258757 ], [ 28.716141385988696, 47.118388632324127 ], [ 28.716154562682618, 47.118388434852896 ], [ 28.716173893783587, 47.11837464684092 ], [ 28.716180048187734, 47.118361056301332 ], [ 28.716205678315898, 47.118338175011701 ], [ 28.716224430783658, 47.118306397921891 ], [ 28.716237318153734, 47.118297205906664 ], [ 28.716249771562069, 47.118274522088029 ], [ 28.716262658920154, 47.118265330070052 ], [ 28.716275112310576, 47.118242646248767 ], [ 28.716287999656664, 47.118233454228054 ], [ 28.716294154016285, 47.118219863682619 ], [ 28.716307041353645, 47.118210671659831 ], [ 28.716325793717864, 47.118178894554113 ], [ 28.716338681039971, 47.118169702527915 ], [ 28.716357433371478, 47.118137925417201 ], [ 28.716370320678337, 47.118128733387579 ], [ 28.71638907297713, 47.11809695627192 ], [ 28.716401960268744, 47.118087764238858 ], [ 28.716401815604495, 47.118083266971723 ], [ 28.716408259248116, 47.118078670954674 ], [ 28.716420712534831, 47.118055987118218 ], [ 28.716433599811189, 47.118046795081739 ], [ 28.716452352044566, 47.118015017956132 ], [ 28.71646523930567, 47.118005825916228 ], [ 28.716465094636511, 47.118001328649171 ], [ 28.716471538264884, 47.117996732628704 ], [ 28.716471393595235, 47.117992235361669 ], [ 28.716477837221976, 47.117987639340846 ], [ 28.71649658940899, 47.117955862208298 ], [ 28.716528662824878, 47.117928384826982 ], [ 28.716528228802641, 47.117914893026068 ], [ 28.716534672415243, 47.117910297002197 ], [ 28.716534527740709, 47.11790579973524 ], [ 28.71654741496155, 47.117896607686426 ], [ 28.716566167076316, 47.117864830542942 ], [ 28.716579054281901, 47.117855638490731 ], [ 28.716597806363961, 47.117823861342274 ], [ 28.716610693554298, 47.117814669286631 ], [ 28.716629445603647, 47.117782892133206 ], [ 28.71664233277874, 47.117773700074132 ], [ 28.716661084795373, 47.117741922915734 ], [ 28.716673971955217, 47.117732730853241 ], [ 28.716692723939143, 47.117700953689877 ], [ 28.716705611083732, 47.117691761623959 ], [ 28.716724363034952, 47.117659984455614 ], [ 28.716737250164289, 47.117650792386264 ], [ 28.716737105474007, 47.117646295119584 ], [ 28.716743549036487, 47.117641699084395 ], [ 28.716756002082803, 47.117619015212966 ], [ 28.716768889196892, 47.117609823140199 ], [ 28.716787641082696, 47.117578045961928 ], [ 28.716800528181537, 47.117568853885736 ], [ 28.716812981187314, 47.117546170008367 ], [ 28.71682586827416, 47.117536977929433 ], [ 28.716832022420558, 47.117523387356307 ], [ 28.716844909498672, 47.117514195275298 ], [ 28.716857362473331, 47.117491511393311 ], [ 28.716870249539454, 47.117482319309566 ], [ 28.716870104838815, 47.11747782204305 ], [ 28.71687654836969, 47.117473226000655 ], [ 28.716876403668564, 47.117468728734153 ], [ 28.716882991899457, 47.117468629957919 ], [ 28.716882847197812, 47.117464132691424 ], [ 28.716902611888624, 47.117463836360464 ], [ 28.716903914219664, 47.117504311758317 ], [ 28.716910647159036, 47.117508710246824 ], [ 28.716911225976094, 47.117526699312364 ], [ 28.716931424807939, 47.117539894775177 ], [ 28.716932727164288, 47.117580370171879 ], [ 28.716959658976826, 47.117597964115824 ], [ 28.716959514268073, 47.11759346684962 ], [ 28.716952781313857, 47.117589068364225 ], [ 28.716952057773533, 47.117566582033042 ], [ 28.716945324823385, 47.117562183547143 ], [ 28.716944311872524, 47.117530702683183 ], [ 28.716937578927606, 47.117526304196737 ], [ 28.716936421276291, 47.117490326066111 ], [ 28.716929688337199, 47.117485927579096 ], [ 28.716929109514737, 47.117467938513613 ], [ 28.716922376579117, 47.117463540026108 ], [ 28.716921942464406, 47.117450048226893 ], [ 28.716915209531663, 47.117445649738919 ], [ 28.716914775419035, 47.117432157939625 ], [ 28.716908042489166, 47.117427759451175 ], [ 28.716907463675177, 47.117409770385279 ], [ 28.716900730748776, 47.117405371896353 ], [ 28.716900296640418, 47.117391880096847 ], [ 28.716893563716898, 47.117387481607444 ], [ 28.716893129610625, 47.117373989807838 ], [ 28.716886396689979, 47.117369591317967 ], [ 28.716885962585788, 47.117356099518275 ], [ 28.71687922966802, 47.117351701027914 ], [ 28.716878795565918, 47.117338209228137 ], [ 28.716872062651024, 47.117333810737321 ], [ 28.716871628551001, 47.117320318937431 ], [ 28.716864895638988, 47.117315920446138 ], [ 28.716864461541046, 47.117302428646177 ], [ 28.716857728631915, 47.117298030154409 ], [ 28.716857439234644, 47.117289035621042 ], [ 28.716850706327794, 47.117284637128819 ], [ 28.716850272233916, 47.117271145328679 ], [ 28.71684353932995, 47.117266746835988 ], [ 28.716843105238148, 47.117253255035749 ], [ 28.716836372337063, 47.117248856542588 ], [ 28.716835938247346, 47.117235364742264 ], [ 28.716829205349136, 47.11723096624862 ], [ 28.716828915957347, 47.117221971715026 ], [ 28.716822183061421, 47.117217573220941 ], [ 28.716821748975768, 47.117204081420425 ], [ 28.716815016082727, 47.117199682925865 ], [ 28.716814581999152, 47.117186191125285 ], [ 28.716807849108985, 47.117181792630241 ], [ 28.7168074150275, 47.117168300829555 ], [ 28.716800682140203, 47.117163902334056 ], [ 28.7168003927539, 47.117154907800206 ], [ 28.716793659868902, 47.117150509304246 ], [ 28.716793225791474, 47.117137017503396 ], [ 28.716786492909346, 47.117132619006966 ], [ 28.716786058834003, 47.117119127206017 ], [ 28.716779325954757, 47.117114728709105 ], [ 28.71677903657255, 47.117105734175084 ], [ 28.716738639327442, 47.117079343184805 ], [ 28.716733430598907, 47.116917441565434 ], [ 28.716726697749827, 47.116913043064912 ], [ 28.716725684950887, 47.116881562193761 ], [ 28.716718952107041, 47.116877163692685 ], [ 28.716717360575785, 47.116827693751702 ], [ 28.716683696405624, 47.116805701239066 ], [ 28.716683551724124, 47.11680120397159 ], [ 28.716670086065005, 47.116792406963597 ], [ 28.716669941384712, 47.116787909696072 ], [ 28.716649742906114, 47.116774714180949 ], [ 28.71664959822763, 47.116770216913352 ], [ 28.716636132581957, 47.116761419901152 ], [ 28.716635987904688, 47.116756922633527 ], [ 28.716615789446266, 47.116743727112066 ], [ 28.716615644770798, 47.116739229844377 ], [ 28.716602179138579, 47.116730432827971 ], [ 28.716602034464326, 47.116725935560233 ], [ 28.716581836026073, 47.116712740032462 ], [ 28.716581402008828, 47.116699248229054 ], [ 28.716534272370787, 47.116668458649364 ], [ 28.716533983034385, 47.116659464113489 ], [ 28.716527250234563, 47.116655065600412 ], [ 28.716526816231994, 47.116641573796485 ], [ 28.716520083435054, 47.116637175282939 ], [ 28.716519504767803, 47.116619186210919 ], [ 28.716512771974323, 47.116614787696868 ], [ 28.71651233797602, 47.116601295892757 ], [ 28.716505605185429, 47.116596897378244 ], [ 28.716505026523873, 47.116578908305954 ], [ 28.716498293736738, 47.116574509790965 ], [ 28.716497859742706, 47.116561017986641 ], [ 28.716491126958456, 47.116556619471169 ], [ 28.716490548302591, 47.116538630398622 ], [ 28.716483815521809, 47.116534231882653 ], [ 28.716483381532043, 47.116520740078144 ], [ 28.716476648754135, 47.116516341561706 ], [ 28.716476070103965, 47.116498352488883 ], [ 28.716469337329531, 47.116493953971961 ], [ 28.716468758682272, 47.116475964899017 ], [ 28.716462025911305, 47.116471566381591 ], [ 28.716461591927995, 47.116458074576769 ], [ 28.716454859159903, 47.116453676058889 ], [ 28.716454280518345, 47.116435686985675 ], [ 28.716447547753713, 47.11643128846729 ], [ 28.716447113774677, 47.116417796662276 ], [ 28.716440381012934, 47.116413398143436 ], [ 28.716439802377064, 47.116395409069952 ], [ 28.71643306961878, 47.116391010550601 ], [ 28.716432635644018, 47.116377518745402 ], [ 28.716425902888613, 47.116373120225575 ], [ 28.716425324258442, 47.116355131151835 ], [ 28.716418591506503, 47.116350732631545 ], [ 28.716418157536008, 47.116337240826127 ], [ 28.716411424786948, 47.116332842305354 ], [ 28.716410846162468, 47.116314853231351 ], [ 28.716404113416875, 47.116310454710082 ], [ 28.716403679450654, 47.116296962904478 ], [ 28.716396946707938, 47.116292564382746 ], [ 28.716396368089157, 47.116274575308466 ], [ 28.716389635349902, 47.11627017678623 ], [ 28.716389201387948, 47.116256684980414 ], [ 28.716382468651577, 47.116252286457723 ], [ 28.716382323998253, 47.116247789189096 ], [ 28.716335194878834, 47.116216999518478 ], [ 28.716282490251455, 47.116217789449912 ], [ 28.716276046817086, 47.116222385458542 ], [ 28.716269458737916, 47.116222484197891 ], [ 28.716230798104853, 47.116250060240098 ], [ 28.716224210022116, 47.116250158976897 ], [ 28.716185549345589, 47.116277735004239 ], [ 28.716178961259281, 47.116277833738494 ], [ 28.716140300539287, 47.116305409750993 ], [ 28.716133712449405, 47.116305508482675 ], [ 28.716049802785566, 47.11636075919229 ], [ 28.71604321468854, 47.116360857918856 ], [ 28.716010997315983, 47.116383837893054 ], [ 28.716004409215977, 47.116383936617424 ], [ 28.715965748328774, 47.116411512572668 ], [ 28.715959160225196, 47.116411611294481 ], [ 28.71592049929453, 47.116439187234882 ], [ 28.715913911187375, 47.116439285954151 ], [ 28.715875250213244, 47.116466861879694 ], [ 28.715868662102515, 47.116466960596398 ], [ 28.715830001084921, 47.116494536507098 ], [ 28.715823412970622, 47.116494635221237 ], [ 28.715739502687153, 47.116549885709709 ], [ 28.715732914565713, 47.116549984418732 ], [ 28.715700696945159, 47.116572964308098 ], [ 28.715694108820735, 47.116573063014918 ], [ 28.715655447635925, 47.116600638868384 ], [ 28.715648859507933, 47.116600737572639 ], [ 28.715610198279656, 47.116628313411233 ], [ 28.715603610148086, 47.116628412112959 ], [ 28.715564948876345, 47.116655987936717 ], [ 28.715558360741209, 47.116656086635857 ], [ 28.715519699426, 47.116683662444778 ], [ 28.71551311128729, 47.11668376114136 ], [ 28.715429200384186, 47.11673901140869 ], [ 28.715422612238338, 47.11673911010017 ], [ 28.715396837945701, 47.116757493944505 ], [ 28.715390249797455, 47.116757592634151 ], [ 28.71531922582815, 47.116803650902327 ], [ 28.715312637673939, 47.116803749587582 ], [ 28.715286863312116, 47.116822133407858 ], [ 28.715280275155511, 47.116822232091266 ], [ 28.715248057175334, 47.116845211856877 ], [ 28.715241469015744, 47.116845310538096 ], [ 28.715215694609274, 47.116863694342811 ], [ 28.715209106447293, 47.116863793022191 ], [ 28.715176888411303, 47.116886772768339 ], [ 28.715170300246346, 47.11688687144553 ], [ 28.715138082179674, 47.116909851181063 ], [ 28.715131494011732, 47.116909949856058 ], [ 28.715105719536073, 47.116928333636693 ], [ 28.715099131365744, 47.116928432309869 ], [ 28.715028106916797, 47.116974490402363 ], [ 28.715021518740492, 47.116974589071141 ], [ 28.714995744195651, 47.116992972827724 ], [ 28.714989156016955, 47.116993071494655 ], [ 28.714918131386685, 47.117039129520769 ], [ 28.714911543202021, 47.11703922818333 ], [ 28.714885768587997, 47.117057611915847 ], [ 28.714879180400942, 47.117057710576567 ], [ 28.714846962105497, 47.117080690232484 ], [ 28.714840373915465, 47.117080788891016 ], [ 28.714814599256783, 47.117099172607958 ], [ 28.71480801106436, 47.117099271264657 ], [ 28.714775792713105, 47.117122250901105 ], [ 28.714769204517697, 47.117122349555601 ], [ 28.714736986135769, 47.117145329181433 ], [ 28.71473039793738, 47.117145427833741 ], [ 28.714704623209506, 47.117163811526638 ], [ 28.714698035008723, 47.117163910177098 ], [ 28.714627009898805, 47.117209968027517 ], [ 28.714620421692054, 47.117210066673593 ], [ 28.714594646895002, 47.117228450342424 ], [ 28.714588058685859, 47.117228548986667 ], [ 28.71451703339461, 47.117274606770707 ], [ 28.714510445179506, 47.117274705410566 ], [ 28.714484670313261, 47.117293089055323 ], [ 28.714478082095763, 47.117293187693349 ], [ 28.714471638375837, 47.117297783603298 ], [ 28.714465194654803, 47.1173023795129 ], [ 28.714458750932664, 47.117306975422139 ], [ 28.714452307209413, 47.117311571331022 ], [ 28.71444586348505, 47.117316167239572 ], [ 28.714439419759586, 47.11732076314776 ], [ 28.714432976033006, 47.117325359055592 ], [ 28.714426532305318, 47.11732995496309 ], [ 28.714420088576517, 47.117334550870211 ], [ 28.714413644846612, 47.117339146776999 ], [ 28.714407201115598, 47.117343742683424 ], [ 28.714400757383473, 47.117348338589501 ], [ 28.714394313650239, 47.117352934495237 ], [ 28.714387869915896, 47.117357530400611 ], [ 28.714381426180445, 47.117362126305636 ], [ 28.714374982443882, 47.117366722210299 ], [ 28.714368538706211, 47.117371318114621 ], [ 28.714362094967434, 47.117375914018581 ], [ 28.714355651227542, 47.117380509922199 ], [ 28.714349207486549, 47.11738510582547 ], [ 28.714342763744433, 47.117389701728371 ], [ 28.71433632000122, 47.117394297630938 ], [ 28.714329876256894, 47.117398893533142 ], [ 28.71432343251146, 47.117403489434999 ], [ 28.714316988764917, 47.117408085336507 ], [ 28.714310545017263, 47.11741268123766 ], [ 28.714304101268503, 47.117417277138465 ], [ 28.714297657518628, 47.1174218730389 ], [ 28.714291213767648, 47.117426468939009 ], [ 28.71428477001556, 47.117431064838755 ], [ 28.71427832626236, 47.117435660738145 ], [ 28.714271882508051, 47.117440256637181 ], [ 28.71426543875263, 47.117444852535868 ], [ 28.714258994996101, 47.117449448434215 ], [ 28.714252551238467, 47.117454044332213 ], [ 28.714246107479717, 47.117458640229842 ], [ 28.714239663719862, 47.117463236127122 ], [ 28.714233219958903, 47.117467832024062 ], [ 28.714226776196828, 47.117472427920639 ], [ 28.714220332433644, 47.117477023816861 ], [ 28.714213888669356, 47.117481619712734 ], [ 28.714207444903955, 47.117486215608267 ], [ 28.714201001137447, 47.117490811503423 ], [ 28.714194557369826, 47.117495407398252 ], [ 28.714188113601097, 47.117500003292719 ], [ 28.714181669831259, 47.117504599186837 ], [ 28.714175226060313, 47.117509195080601 ], [ 28.714168782288258, 47.117513790974016 ], [ 28.714162338515088, 47.117518386867069 ], [ 28.71415589474082, 47.11752298275978 ], [ 28.714149450965429, 47.117527578652144 ], [ 28.714143007188941, 47.117532174544145 ], [ 28.714136563411337, 47.117536770435798 ], [ 28.714130119632625, 47.11754136632711 ], [ 28.714123675852807, 47.11754596221806 ], [ 28.714117232071878, 47.117550558108647 ], [ 28.714110788289837, 47.117555153998893 ], [ 28.714104344506687, 47.117559749888791 ], [ 28.714097900722429, 47.117564345778327 ], [ 28.714091456937062, 47.117568941667521 ], [ 28.714085013150584, 47.117573537556368 ], [ 28.714078569363004, 47.117578133444852 ], [ 28.714072125574305, 47.117582729332995 ], [ 28.714065681784504, 47.117587325220768 ], [ 28.714059237993592, 47.1175919211082 ], [ 28.714052794201571, 47.117596516995292 ], [ 28.714046350408442, 47.117601112882014 ], [ 28.714039906614197, 47.11760570876838 ], [ 28.714033462818847, 47.11761030465442 ], [ 28.714027019022392, 47.117614900540083 ], [ 28.714020575224822, 47.117619496425405 ], [ 28.714014131426143, 47.117624092310379 ], [ 28.714007687626356, 47.117628688194991 ], [ 28.714001243825464, 47.117633284079254 ], [ 28.714001388285169, 47.117637781352393 ], [ 28.713917763218813, 47.11770202508928 ], [ 28.713917907671828, 47.117706522362546 ], [ 28.713847170060337, 47.117761574289737 ], [ 28.71384731450771, 47.117766071563132 ], [ 28.713795763826848, 47.117802838557495 ], [ 28.713795908270097, 47.117807335830989 ], [ 28.713737913664598, 47.117848698672852 ], [ 28.7137380581032, 47.117853195946431 ], [ 28.713680063403178, 47.1178945587599 ], [ 28.713680207837136, 47.117899056033586 ], [ 28.713615769170982, 47.117945014681908 ], [ 28.713615913599781, 47.1179495119557 ], [ 28.713557918700715, 47.117990874709207 ], [ 28.713558063124875, 47.117995371983099 ], [ 28.713493624237564, 47.118041330564807 ], [ 28.713493768656562, 47.118045827838827 ], [ 28.713461549168709, 47.118068807116536 ], [ 28.713455394099668, 47.118082397519174 ], [ 28.713442506292466, 47.118091589227134 ], [ 28.713442650707403, 47.118096086501225 ], [ 28.713429762894727, 47.118105278207807 ], [ 28.713429907308665, 47.118109775481926 ], [ 28.713410719992176, 47.118128060313332 ], [ 28.713410864404626, 47.118132557587472 ], [ 28.713411875292728, 47.118164038506336 ], [ 28.713445539013541, 47.118186031982262 ], [ 28.713445683429217, 47.118190529256282 ], [ 28.713506278201876, 47.118230117486732 ], [ 28.713506422622885, 47.11823461476056 ], [ 28.713533353664154, 47.118252209518829 ], [ 28.713533498087561, 47.118256706792579 ], [ 28.713560429148938, 47.11827430154414 ], [ 28.713560573574739, 47.118278798817819 ], [ 28.713587504656218, 47.118296393562694 ], [ 28.713587649084406, 47.118300890836288 ], [ 28.71359438185814, 47.118305289521459 ], [ 28.713601114632983, 47.118309688206217 ], [ 28.713607847408934, 47.11831408689055 ], [ 28.713614580185993, 47.118318485574477 ], [ 28.713621312964165, 47.118322884257985 ], [ 28.713628045743445, 47.118327282941088 ], [ 28.713634778523836, 47.118331681623779 ], [ 28.71364151130533, 47.118336080306044 ], [ 28.713648244087942, 47.118340478987911 ], [ 28.713654976871656, 47.118344877669351 ], [ 28.713661709656478, 47.118349276350379 ], [ 28.713668442442415, 47.118353675030995 ], [ 28.713675175229458, 47.1183580737112 ], [ 28.713681908017609, 47.118362472390984 ], [ 28.713688640806872, 47.118366871070371 ], [ 28.713695373597247, 47.118371269749332 ], [ 28.71370210638873, 47.118375668427888 ], [ 28.713708839181319, 47.118380067106024 ], [ 28.713715571975015, 47.118384465783748 ], [ 28.713742503160908, 47.118402060490496 ], [ 28.713742792044513, 47.118411055036788 ], [ 28.71377645605773, 47.118433048410736 ], [ 28.713776889392243, 47.118446540229833 ], [ 28.713790355008832, 47.1184553375764 ], [ 28.713790643901039, 47.118464332122379 ], [ 28.713817575152241, 47.118481926810404 ], [ 28.713817719600758, 47.118486424083294 ], [ 28.713824452416922, 47.118490822754246 ], [ 28.713831185234191, 47.118495221424787 ], [ 28.713837918052576, 47.118499620094916 ], [ 28.713844650872066, 47.118504018764632 ], [ 28.713844795322974, 47.118508516037444 ], [ 28.713871726614393, 47.118526110712089 ], [ 28.713871871067692, 47.11853060798483 ], [ 28.713898802379216, 47.118548202652768 ], [ 28.71389894683491, 47.118552699925431 ], [ 28.713946221136759, 47.118587987850795 ], [ 28.713946365596652, 47.118592485123315 ], [ 28.713980607660378, 47.118632467523824 ], [ 28.713980896586431, 47.118641462068616 ], [ 28.713987629435707, 47.118645860729437 ], [ 28.713987773899376, 47.118650358001808 ], [ 28.713994506750346, 47.118654756662195 ], [ 28.713994651214641, 47.118659253934545 ], [ 28.714001384067309, 47.118663652594485 ], [ 28.714001528532226, 47.118668149866821 ], [ 28.714008261386596, 47.118672548526341 ], [ 28.714008405852141, 47.118677045798641 ], [ 28.714015138708206, 47.118681444457714 ], [ 28.714015283174369, 47.11868594173 ], [ 28.714022016032136, 47.118690340388653 ], [ 28.714022160498928, 47.118694837660918 ], [ 28.714028893358392, 47.118699236319124 ], [ 28.714029037825807, 47.118703733591367 ], [ 28.714035770686969, 47.118708132249154 ], [ 28.714035915155016, 47.118712629521369 ], [ 28.714042648017877, 47.118717028178715 ], [ 28.714042792486538, 47.118721525450901 ], [ 28.714049525351097, 47.118725924107821 ], [ 28.71404966982039, 47.118730421379986 ], [ 28.714090789399243, 47.118779299672902 ], [ 28.714091078345344, 47.118788294216955 ], [ 28.714097811222391, 47.118792692870819 ], [ 28.714097955696086, 47.118797190142814 ], [ 28.714104688574825, 47.118801588796252 ], [ 28.714104833049142, 47.118806086068233 ], [ 28.714111565929585, 47.118810484721237 ], [ 28.714111710404524, 47.118814981993182 ], [ 28.714118443286665, 47.11881938064576 ], [ 28.714118587762229, 47.118823877917691 ], [ 28.714125320646069, 47.118828276569836 ], [ 28.714125465122265, 47.118832773841731 ], [ 28.714132198007796, 47.118837172493443 ], [ 28.714132342484614, 47.118841669765331 ], [ 28.71417346222696, 47.118890548025561 ], [ 28.71417375118812, 47.118899542569039 ], [ 28.71419423885034, 47.118921733057121 ], [ 28.71419438333281, 47.118926230328803 ], [ 28.714194527815316, 47.118930727600464 ], [ 28.714194672297857, 47.118935224872118 ], [ 28.714194816780431, 47.118939722143779 ], [ 28.714194961263043, 47.118944219415432 ], [ 28.714195105745688, 47.118948716687079 ], [ 28.714195250228371, 47.118953213958733 ], [ 28.714195394711084, 47.118957711230372 ], [ 28.714195539193835, 47.118962208502019 ], [ 28.714195683676621, 47.118966705773644 ], [ 28.714195828159443, 47.118971203045277 ], [ 28.714197850922591, 47.119034164847697 ], [ 28.714146299286654, 47.119070932004803 ], [ 28.714146443765845, 47.119075429276464 ], [ 28.714120667919168, 47.119093812846621 ], [ 28.71412081239631, 47.119098310118332 ], [ 28.714095036529812, 47.119116693682905 ], [ 28.714095181004915, 47.119121190954651 ], [ 28.714069405118583, 47.119139574513639 ], [ 28.714069549591638, 47.119144071785428 ], [ 28.714043773685482, 47.119162455338845 ], [ 28.714043918156491, 47.119166952610676 ], [ 28.714018142230511, 47.119185336158488 ], [ 28.714018286699474, 47.119189833430376 ], [ 28.713986066764434, 47.119212812857292 ], [ 28.713986211230839, 47.119217310129216 ], [ 28.713960435260759, 47.119235693664471 ], [ 28.713960579725114, 47.119240190936445 ], [ 28.71393480373521, 47.119258574466102 ], [ 28.713934948197526, 47.119263071738111 ], [ 28.713909172187787, 47.119281455262204 ], [ 28.71390931664806, 47.119285952534248 ], [ 28.713883540618497, 47.119304336052743 ], [ 28.71388368507672, 47.119308833324851 ], [ 28.713857909027336, 47.119327216837767 ], [ 28.713858053483509, 47.119331714109904 ], [ 28.713832277414291, 47.119350097617236 ], [ 28.713832421868425, 47.119354594889415 ], [ 28.713806645779385, 47.119372978391169 ], [ 28.71380679023147, 47.119377475663384 ], [ 28.71377457009261, 47.119400455032725 ], [ 28.713774714542129, 47.11940495230499 ], [ 28.713710418620366, 47.119455408289767 ], [ 28.713704263464923, 47.119468998703873 ], [ 28.713678487276738, 47.119487382177702 ], [ 28.713678631718604, 47.119491879450145 ], [ 28.713652855510588, 47.119510262918389 ], [ 28.713652999950416, 47.119514760190867 ], [ 28.713620779662833, 47.119537739518307 ], [ 28.713620924100095, 47.119542236790849 ], [ 28.713595147847983, 47.119560620246524 ], [ 28.713595292283198, 47.119565117519095 ], [ 28.713556627868634, 47.119592692692116 ], [ 28.713556772300766, 47.119597189964765 ], [ 28.71351810784315, 47.119624765125188 ], [ 28.713518252272195, 47.119629262397886 ], [ 28.71347314368419, 47.119661433402456 ], [ 28.713473288109636, 47.119665930675232 ], [ 28.713428179463637, 47.119698101662642 ], [ 28.713428323885477, 47.119702598935504 ], [ 28.713383215181484, 47.119734769905747 ], [ 28.713383359599721, 47.119739267178687 ], [ 28.713364027279805, 47.119753054732122 ], [ 28.713364171696522, 47.11975755200509 ], [ 28.713325651437252, 47.119789624375557 ], [ 28.713325795850917, 47.119794121648582 ], [ 28.713312907615659, 47.119803313344967 ], [ 28.713313052028319, 47.119807810618013 ], [ 28.713293719665558, 47.119821598159973 ], [ 28.713293864076697, 47.119826095433055 ], [ 28.713274531702393, 47.119839882971874 ], [ 28.713274676112004, 47.119844380244992 ], [ 28.713255343726154, 47.119858167780684 ], [ 28.713255488134241, 47.119862665053823 ], [ 28.713236155736851, 47.119876452586396 ], [ 28.713236300143414, 47.119880949859549 ], [ 28.713216967734482, 47.119894737388982 ], [ 28.713217112139514, 47.119899234662185 ], [ 28.713197779719039, 47.119913022188491 ], [ 28.71319792412255, 47.119917519461715 ], [ 28.713172147544302, 47.119935902825233 ], [ 28.713172291945774, 47.119940400098514 ], [ 28.713133627042001, 47.119967975133306 ], [ 28.713133771440386, 47.119972472406644 ], [ 28.713095106493558, 47.120000047428839 ], [ 28.713095250888859, 47.120004544702248 ], [ 28.713063030066731, 47.120027523877788 ], [ 28.713063174459467, 47.12003202115126 ], [ 28.713024509433183, 47.120059596150355 ], [ 28.713024653822835, 47.120064093423878 ], [ 28.712985988753498, 47.120091668410389 ], [ 28.712986133140063, 47.120096165683982 ], [ 28.712953912215841, 47.120119144829793 ], [ 28.712954056599845, 47.120123642103422 ], [ 28.712915391451048, 47.120151217066855 ], [ 28.712915535831975, 47.120155714340569 ], [ 28.712844793991643, 47.120210765681243 ], [ 28.71284493836691, 47.120215262955064 ], [ 28.712825605736246, 47.120229050420519 ], [ 28.712825750109996, 47.120233547694376 ], [ 28.712812861682966, 47.12024273933627 ], [ 28.712813006055704, 47.120247236610155 ], [ 28.7128001176232, 47.120256428250663 ], [ 28.712800261994932, 47.120260925524562 ], [ 28.712780929336301, 47.120274712982734 ], [ 28.712781073706509, 47.120279210256662 ], [ 28.712768185260835, 47.120288401893703 ], [ 28.712768329630041, 47.120292899167637 ], [ 28.712755441178885, 47.120302090803307 ], [ 28.712755585547082, 47.12030658807727 ], [ 28.712742697090448, 47.12031577971154 ], [ 28.712742841457647, 47.120320276985531 ], [ 28.712723508762817, 47.120334064434346 ], [ 28.712723653128492, 47.120338561708358 ], [ 28.712710764658688, 47.120347753339146 ], [ 28.712710909023354, 47.120352250613188 ], [ 28.712698020548071, 47.120361442242604 ], [ 28.712698164911732, 47.120365939516653 ], [ 28.712678832188924, 47.120379726958184 ], [ 28.712678976551064, 47.120384224232268 ], [ 28.712666088062608, 47.12039341585821 ], [ 28.712666232423743, 47.120397913132315 ], [ 28.712653343929812, 47.120407104756872 ], [ 28.712653488289941, 47.120411602030991 ], [ 28.712640599790525, 47.120420793654169 ], [ 28.712640744149649, 47.12042529092831 ], [ 28.712621411390653, 47.120439078360469 ], [ 28.712621555748253, 47.120443575634638 ], [ 28.712608667235667, 47.120452767254335 ], [ 28.712608811592261, 47.120457264528532 ], [ 28.7125959230742, 47.120466456146843 ], [ 28.712596067429789, 47.120470953421048 ], [ 28.71257673464282, 47.120484740845932 ], [ 28.712576878996881, 47.120489238120172 ], [ 28.712563990465647, 47.120498429735022 ], [ 28.712564134818706, 47.120502927009269 ], [ 28.712551246281997, 47.120512118622734 ], [ 28.712551390634047, 47.120516615897017 ], [ 28.71251286934314, 47.120548688003367 ], [ 28.712513013692142, 47.120553185277707 ], [ 28.712500125134561, 47.120562376885609 ], [ 28.712500269482561, 47.120566874159962 ], [ 28.712461748124991, 47.120598946249721 ], [ 28.712461892469943, 47.120603443524139 ], [ 28.712449003891496, 47.120612635126491 ], [ 28.712449148235436, 47.120617132400923 ], [ 28.712410626811199, 47.12064920447407 ], [ 28.712410771152101, 47.120653701748573 ], [ 28.712397882552775, 47.12066289334534 ], [ 28.712398026892672, 47.120667390619865 ], [ 28.712359505401771, 47.120699462676399 ], [ 28.712359649738612, 47.120703959950994 ], [ 28.712346761118425, 47.120713151542205 ], [ 28.712346905454261, 47.1207176488168 ], [ 28.712308383896701, 47.12074972085675 ], [ 28.712308528229485, 47.120754218131417 ], [ 28.712295639588426, 47.120763409717064 ], [ 28.712295783920212, 47.120767906991745 ], [ 28.712257262295989, 47.120799979015082 ], [ 28.712257406624719, 47.12080447628982 ], [ 28.712244517962791, 47.120813667869925 ], [ 28.712244662290516, 47.120818165144684 ], [ 28.71220614059963, 47.120850237151409 ], [ 28.712206284924306, 47.120854734426231 ], [ 28.712193396241506, 47.12086392600078 ], [ 28.712193540565181, 47.120868423275617 ], [ 28.712155018807628, 47.120900495265758 ], [ 28.712155163128255, 47.120904992540652 ], [ 28.712142274424586, 47.12091418410963 ], [ 28.712142418744207, 47.120918681384545 ], [ 28.712103896919992, 47.12095075335808 ], [ 28.712104041236561, 47.12095525063306 ], [ 28.712071963730896, 47.120982726813992 ], [ 28.712072108044939, 47.120987224089028 ], [ 28.712052774936708, 47.121001011428412 ], [ 28.712052919249224, 47.121005508703469 ], [ 28.712040030503811, 47.121014700261313 ], [ 28.712040174815321, 47.121019197536405 ], [ 28.712020841687327, 47.121032984870567 ], [ 28.712020985997313, 47.121037482145681 ], [ 28.712001652857779, 47.121051269476723 ], [ 28.712001797166238, 47.121055766751873 ], [ 28.711982464015158, 47.121069554079774 ], [ 28.711982608322096, 47.121074051354952 ], [ 28.711963275159462, 47.121087838679728 ], [ 28.711963419464876, 47.121092335954927 ], [ 28.711944086290703, 47.121106123276576 ], [ 28.711944230594593, 47.121110620551804 ], [ 28.711924897408881, 47.121124407870312 ], [ 28.711925041711236, 47.121128905145575 ], [ 28.711899264112674, 47.121147288232045 ], [ 28.711899408412989, 47.121151785507344 ], [ 28.711880075200856, 47.121165572818533 ], [ 28.711880219499651, 47.121170070093875 ], [ 28.711860886275971, 47.121183857401931 ], [ 28.711861030573242, 47.121188354677301 ], [ 28.711841697338016, 47.121202141982238 ], [ 28.71184184163376, 47.121206639257622 ], [ 28.711822508386991, 47.121220426559411 ], [ 28.71182265268121, 47.121224923834845 ], [ 28.711803319422895, 47.121238711133508 ], [ 28.71180346371559, 47.12124320840897 ], [ 28.711784130445739, 47.121256995704492 ], [ 28.711784274736907, 47.121261492979983 ], [ 28.711764941455499, 47.121275280272371 ], [ 28.711765085745149, 47.121279777547905 ], [ 28.711745752452202, 47.12129356483716 ], [ 28.711745896740318, 47.121298062112707 ], [ 28.711726563435828, 47.121311849398843 ], [ 28.711726707722423, 47.121316346674426 ], [ 28.711707374406387, 47.121330133957422 ], [ 28.711707518691455, 47.12133463123304 ], [ 28.711688185363883, 47.121348418512895 ], [ 28.711688329647423, 47.121352915788535 ], [ 28.711668996308298, 47.12136670306527 ], [ 28.711669140590317, 47.121371200340938 ], [ 28.711643362787207, 47.121389583371702 ], [ 28.71164350706718, 47.121394080647427 ], [ 28.71162417370164, 47.12140786791683 ], [ 28.711624317980089, 47.121412365192576 ], [ 28.711598540141754, 47.121430748213584 ], [ 28.71159868441816, 47.121435245489359 ], [ 28.711572906559997, 47.121453628504774 ], [ 28.711573050834353, 47.12145812578062 ], [ 28.71155371742752, 47.121471913038512 ], [ 28.711553861700356, 47.121476410314379 ], [ 28.711528083806968, 47.121494793320032 ], [ 28.711528228077761, 47.121499290595942 ], [ 28.711502450164538, 47.12151767359601 ], [ 28.711502594433284, 47.121522170871948 ], [ 28.711483260985162, 47.121535958118344 ], [ 28.71148340525238, 47.121540455394324 ], [ 28.711457627303943, 47.121558838384622 ], [ 28.711457771569112, 47.121563335660653 ], [ 28.711438438094572, 47.121577122899708 ], [ 28.71143872662191, 47.121586117451812 ], [ 28.711374281624259, 47.121632074892716 ], [ 28.711374425882781, 47.121636572168882 ], [ 28.711335758827818, 47.121664146616602 ], [ 28.711335903083249, 47.121668643892846 ], [ 28.711303680504336, 47.121691622589651 ], [ 28.711303824757213, 47.121696119865931 ], [ 28.711271602147956, 47.12171909855401 ], [ 28.711271746398268, 47.121723595830339 ], [ 28.711187967477649, 47.121783340378322 ], [ 28.711188111721238, 47.1217878376548 ], [ 28.710743435814138, 47.122104942337693 ], [ 28.71074358002188, 47.122109439614967 ], [ 28.710685578422499, 47.122150800971916 ], [ 28.710685722625598, 47.122155298249282 ], [ 28.710576307989243, 47.12223792245684 ], [ 28.71057645218357, 47.122242419734391 ], [ 28.710570007535448, 47.122247015433004 ], [ 28.710563562886218, 47.122251611131283 ], [ 28.710557118235876, 47.122256206829199 ], [ 28.710550673584422, 47.12226080252676 ], [ 28.710544228931862, 47.122265398223966 ], [ 28.710537784278195, 47.122269993920831 ], [ 28.710531339623415, 47.122274589617341 ], [ 28.71038955693756, 47.122375694851485 ], [ 28.710363201501234, 47.122376088491258 ], [ 28.710247197043664, 47.122458810802691 ], [ 28.710247629546892, 47.122472302637135 ], [ 28.710228295430998, 47.122486089678063 ], [ 28.710228439597255, 47.122490586956239 ], [ 28.710228583763541, 47.122495084234409 ], [ 28.710228727929866, 47.122499581512585 ], [ 28.710229304595497, 47.122517570625227 ], [ 28.710222859884347, 47.122522166304904 ], [ 28.710216415172081, 47.122526761984247 ], [ 28.710209970458703, 47.122531357663227 ], [ 28.710203525744223, 47.122535953341846 ], [ 28.710197081028625, 47.12254054902013 ], [ 28.710190636311925, 47.122545144698051 ], [ 28.710184191594113, 47.122549740375625 ], [ 28.710177746875186, 47.122554336052843 ], [ 28.710171302155153, 47.122558931729706 ], [ 28.710164857434016, 47.122563527406228 ], [ 28.710158412711763, 47.122568123082395 ], [ 28.710151967988402, 47.1225727187582 ], [ 28.710145523263936, 47.122577314433663 ], [ 28.710139078538351, 47.122581910108771 ], [ 28.710132633811664, 47.122586505783524 ], [ 28.710126189083866, 47.122591101457942 ], [ 28.710119744354959, 47.122595697131992 ], [ 28.71011329962494, 47.122600292805686 ], [ 28.710106854893812, 47.122604888479039 ], [ 28.710100410161573, 47.122609484152036 ], [ 28.710093965428229, 47.122614079824679 ], [ 28.710087520693776, 47.122618675496973 ], [ 28.710081075958207, 47.122623271168905 ], [ 28.71006789817686, 47.122623467954853 ], [ 28.710055008700042, 47.122632659296237 ], [ 28.709989119779419, 47.122633643195918 ], [ 28.709982386740915, 47.122629244305166 ], [ 28.709942853389983, 47.122629834624426 ], [ 28.70993612035571, 47.122625435730903 ], [ 28.70991635368134, 47.122625730884231 ], [ 28.709909620649729, 47.122621331989102 ], [ 28.709896442867684, 47.122621528755303 ], [ 28.709889709838226, 47.122617129858966 ], [ 28.709876532057081, 47.122617326622887 ], [ 28.709869799029772, 47.122612927725342 ], [ 28.709856621249525, 47.122613124486946 ], [ 28.709849888224369, 47.122608725588208 ], [ 28.709836710445018, 47.122608922347496 ], [ 28.709829977422011, 47.122604523447549 ], [ 28.709816799643562, 47.122604720204556 ], [ 28.709810066622705, 47.122600321303409 ], [ 28.709790299956335, 47.122600616434873 ], [ 28.70978356693815, 47.122596217532148 ], [ 28.709770389161431, 47.12259641428377 ], [ 28.709729991081836, 47.122570020853935 ], [ 28.709729846957188, 47.122565523574657 ], [ 28.709723113948396, 47.122561124668216 ], [ 28.709729558707995, 47.122556529016066 ], [ 28.709729270458951, 47.122547534457482 ], [ 28.709735715216397, 47.122542938805005 ], [ 28.709735571091407, 47.122538441525712 ], [ 28.709786984977807, 47.122497179014154 ], [ 28.709786840848718, 47.122492681734961 ], [ 28.709806175083116, 47.122478894767085 ], [ 28.709806030952507, 47.122474397487906 ], [ 28.709825365175352, 47.12246061051691 ], [ 28.709825221043218, 47.122456113237767 ], [ 28.70984455525452, 47.122442326263631 ], [ 28.709844411120859, 47.122437828984502 ], [ 28.70987019005165, 47.12241944634745 ], [ 28.709870045915945, 47.122414949068371 ], [ 28.709889380100826, 47.122401162086923 ], [ 28.709889235963598, 47.122396664807873 ], [ 28.70991501485916, 47.122378282161044 ], [ 28.709914870719889, 47.122373784882051 ], [ 28.709934204878351, 47.122359997893277 ], [ 28.709934060737552, 47.122355500614297 ], [ 28.709953394884469, 47.122341713622383 ], [ 28.709953250742146, 47.122337216343446 ], [ 28.709979029587085, 47.122318833682677 ], [ 28.70997888544272, 47.122314336403782 ], [ 28.709998219563218, 47.122300549404549 ], [ 28.709998075417317, 47.122296052125684 ], [ 28.710017409526273, 47.122282265123317 ], [ 28.710017265378852, 47.12227776784448 ], [ 28.710036599476261, 47.122263980838973 ], [ 28.710036455327316, 47.122259483560164 ], [ 28.710055789413179, 47.122245696551545 ], [ 28.710055645262713, 47.122241199272757 ], [ 28.710074979337023, 47.122227412261005 ], [ 28.710074835185029, 47.122222914982245 ], [ 28.710094169247803, 47.122209127967352 ], [ 28.710094025094282, 47.122204630688636 ], [ 28.71011335914551, 47.122190843670609 ], [ 28.710113214990461, 47.122186346391928 ], [ 28.710138993707819, 47.122167963696327 ], [ 28.710138849550727, 47.122163466417689 ], [ 28.710158183575533, 47.122149679392336 ], [ 28.710158039416918, 47.122145182113726 ], [ 28.710177373430181, 47.122131395085241 ], [ 28.710177229270037, 47.122126897806659 ], [ 28.710203007936773, 47.122108515097125 ], [ 28.710202863774587, 47.122104017818586 ], [ 28.710222197761428, 47.122090230782781 ], [ 28.710222053597722, 47.122085733504271 ], [ 28.710241387573017, 47.12207194646534 ], [ 28.710241243407779, 47.122067449186865 ], [ 28.710267022023899, 47.122049066463383 ], [ 28.710266877856618, 47.122044569184943 ], [ 28.710286211805496, 47.12203078213868 ], [ 28.710286067636691, 47.122026284860276 ], [ 28.710305401574022, 47.122012497810886 ], [ 28.710305257403697, 47.12200800053251 ], [ 28.71033103596919, 47.121989617795101 ], [ 28.710330891796819, 47.121985120516761 ], [ 28.710350225707732, 47.121971333460039 ], [ 28.710350081533829, 47.121966836181748 ], [ 28.710369415433199, 47.121953049121899 ], [ 28.710369271257775, 47.12194855184363 ], [ 28.71039504977265, 47.121930169092288 ], [ 28.71039490559518, 47.121925671814054 ], [ 28.710414239468133, 47.121911884746879 ], [ 28.710414095289135, 47.121907387468674 ], [ 28.710433429150541, 47.12189360039838 ], [ 28.710433284970023, 47.121889103120211 ], [ 28.710459063434286, 47.121870720354906 ], [ 28.710458919251717, 47.121866223076793 ], [ 28.710497442726052, 47.121834151640314 ], [ 28.710497298540439, 47.121829654362244 ], [ 28.710510187749481, 47.121820462973339 ], [ 28.710510043562856, 47.121815965695291 ], [ 28.710522932766423, 47.121806774305007 ], [ 28.710522788578793, 47.12180227702698 ], [ 28.710535677776882, 47.121793085635296 ], [ 28.710535533588249, 47.12178858835729 ], [ 28.71054842278086, 47.121779396964222 ], [ 28.710548278591222, 47.121774899686237 ], [ 28.710580357358523, 47.12174742391953 ], [ 28.71057978059007, 47.121729434807754 ], [ 28.710474360128508, 47.121731009489245 ], [ 28.71045502633563, 47.121744796565942 ], [ 28.71045517051726, 47.121749293844161 ], [ 28.710435836712843, 47.121763080917724 ], [ 28.710435980892939, 47.121767578195993 ], [ 28.710416647076979, 47.121781365266429 ], [ 28.710416791255554, 47.121785862544719 ], [ 28.710397457428048, 47.121799649612015 ], [ 28.710397601605099, 47.121804146890341 ], [ 28.710378267766046, 47.121817933954496 ], [ 28.710378411941569, 47.121822431232857 ], [ 28.710359078090971, 47.121836218293886 ], [ 28.710359222264977, 47.121840715572276 ], [ 28.710339888402832, 47.121854502630164 ], [ 28.71034003257531, 47.121858999908582 ], [ 28.710320698701619, 47.121872786963337 ], [ 28.710320842872569, 47.121877284241791 ], [ 28.710301508987335, 47.121891071293412 ], [ 28.710301653156765, 47.121895568571901 ], [ 28.710275874625509, 47.121913951302524 ], [ 28.710276018792886, 47.121918448581042 ], [ 28.710256684881241, 47.121932235625351 ], [ 28.710256829047093, 47.121936732903904 ], [ 28.710231050480612, 47.121955115624765 ], [ 28.710231194644425, 47.121959612903353 ], [ 28.710211860706355, 47.121973399940345 ], [ 28.710212004868634, 47.121977897218954 ], [ 28.710192670919021, 47.121991684252819 ], [ 28.710192815079779, 47.121996181531472 ], [ 28.710167036462682, 47.122014564238405 ], [ 28.710167180621397, 47.122019061517086 ], [ 28.710147846645366, 47.122032848543618 ], [ 28.710147990802557, 47.122037345822342 ], [ 28.71012865681498, 47.122051132845755 ], [ 28.710128800970644, 47.1220556301245 ], [ 28.710109466971513, 47.122069417144772 ], [ 28.710109611125656, 47.122073914423567 ], [ 28.710090277114986, 47.122087701440698 ], [ 28.710090421267598, 47.122092198719507 ], [ 28.710071087245385, 47.122105985733512 ], [ 28.710071231396476, 47.122110483012349 ], [ 28.710045452682579, 47.122128865692808 ], [ 28.710045596831623, 47.122133362971695 ], [ 28.710000484035941, 47.122165532649028 ], [ 28.710000772326858, 47.122174527206951 ], [ 28.7099749935579, 47.122192909872055 ], [ 28.709975137701331, 47.122197407151063 ], [ 28.709955803611404, 47.122211194146232 ], [ 28.709955947753308, 47.122215691425275 ], [ 28.709936613651834, 47.122229478417296 ], [ 28.709936757792217, 47.122233975696368 ], [ 28.709917423679201, 47.122247762685269 ], [ 28.709917567818053, 47.122252259964363 ], [ 28.709898233693494, 47.122266046950138 ], [ 28.709898377830818, 47.122270544229252 ], [ 28.709879043694709, 47.122284331211894 ], [ 28.709879187830513, 47.122288828491051 ], [ 28.709853408964758, 47.12230721112968 ], [ 28.709853553098515, 47.122311708408873 ], [ 28.709834218935988, 47.122325495384196 ], [ 28.709834363068225, 47.122329992663424 ], [ 28.709808584167241, 47.122348375292297 ], [ 28.709808728297432, 47.122352872571582 ], [ 28.709789394108487, 47.122366659539573 ], [ 28.709789538237146, 47.122371156818865 ], [ 28.709763759300937, 47.122389539437975 ], [ 28.709763903427557, 47.122394036717324 ], [ 28.709744569212194, 47.122407823677996 ], [ 28.709744713337287, 47.122412320957359 ], [ 28.70972537911037, 47.122426107914897 ], [ 28.709725523233942, 47.122430605194303 ], [ 28.709706188995483, 47.122444392148715 ], [ 28.709706333117527, 47.122448889428142 ], [ 28.709686998867525, 47.122462676379421 ], [ 28.709687142988042, 47.122467173658883 ], [ 28.70966780872649, 47.122480960607028 ], [ 28.709667952845482, 47.122485457886519 ], [ 28.709648618572395, 47.122499244831531 ], [ 28.709648762689859, 47.122503742111057 ], [ 28.709629428405218, 47.122517529052921 ], [ 28.709629572521163, 47.122522026332483 ], [ 28.709610382339395, 47.122540310550804 ], [ 28.709577437928886, 47.122540802376783 ], [ 28.70957729381724, 47.122536305097107 ], [ 28.70957714970563, 47.122531807817452 ], [ 28.709577005594056, 47.122527310537777 ], [ 28.709576861482514, 47.122522813258094 ], [ 28.709576717371007, 47.122518315978418 ], [ 28.709615241844016, 47.122486244829339 ], [ 28.709615097729458, 47.12248174754972 ], [ 28.7096279872477, 47.122472556257122 ], [ 28.709627843132136, 47.122468058977525 ], [ 28.709647177399621, 47.122454272036023 ], [ 28.709647033282533, 47.122449774756461 ], [ 28.709666367538471, 47.122435987811841 ], [ 28.709666223419863, 47.122431490532293 ], [ 28.709685557664251, 47.122417703584546 ], [ 28.709685413544111, 47.122413206305026 ], [ 28.709704747776957, 47.122399419354146 ], [ 28.7097046036553, 47.122394922074662 ], [ 28.709730382614808, 47.122376539468597 ], [ 28.709730238491105, 47.122372042189156 ], [ 28.709775207496584, 47.122335375335702 ], [ 28.70977506336931, 47.122330878056331 ], [ 28.709800842273765, 47.122312495434912 ], [ 28.709800698144441, 47.122307998155598 ], [ 28.709820032309572, 47.122294211185867 ], [ 28.709819888178728, 47.122289713906582 ], [ 28.709845667047954, 47.1222713312754 ], [ 28.709845522915064, 47.122266833996157 ], [ 28.709896936459089, 47.122225571437816 ], [ 28.709896792322109, 47.122221074158674 ], [ 28.709916126431075, 47.122207287173232 ], [ 28.709915982292568, 47.122202789894104 ], [ 28.709941761086906, 47.122184407241996 ], [ 28.709941616946356, 47.122179909962902 ], [ 28.709948061641651, 47.122175314299 ], [ 28.70995450633583, 47.122170718634749 ], [ 28.709960951028897, 47.12216612297015 ], [ 28.709967395720867, 47.122161527305202 ], [ 28.709967251578266, 47.122157030026152 ], [ 28.709973696268598, 47.122152434360849 ], [ 28.709980140957825, 47.122147838695206 ], [ 28.709986585645936, 47.122143243029207 ], [ 28.709986441501819, 47.122138745750185 ], [ 28.709992886188303, 47.122134150083852 ], [ 28.709999330873679, 47.122129554417164 ], [ 28.710005775557946, 47.122124958750128 ], [ 28.710005631412294, 47.122120461471134 ], [ 28.710012076094934, 47.12211586580375 ], [ 28.710018520776458, 47.122111270136024 ], [ 28.710024965456878, 47.122106674467943 ], [ 28.710024821309705, 47.122102177188971 ], [ 28.710031265988494, 47.122097581520549 ], [ 28.710037710666175, 47.122092985851772 ], [ 28.710044155342739, 47.122088390182647 ], [ 28.710050600018199, 47.122083794513159 ], [ 28.710050455868981, 47.122079297234244 ], [ 28.710056900542813, 47.122074701564429 ], [ 28.710063345215531, 47.122070105894252 ], [ 28.710069789887143, 47.122065510223713 ], [ 28.710069645736404, 47.122061012944826 ], [ 28.710076090406385, 47.122056417273967 ], [ 28.710082535075255, 47.122051821602746 ], [ 28.71008897974302, 47.122047225931176 ], [ 28.710088835590753, 47.122042728652318 ], [ 28.710108169585823, 47.122028941635527 ], [ 28.710108025432028, 47.122024444356704 ], [ 28.710114470094314, 47.122019848683756 ], [ 28.710120914755489, 47.122015253010439 ], [ 28.710127359415555, 47.12201065733678 ], [ 28.710133804074516, 47.122006061662773 ], [ 28.710133659918679, 47.122001564383993 ], [ 28.710140104576002, 47.121996968709631 ], [ 28.710146549232221, 47.121992373034935 ], [ 28.710152993887334, 47.121987777359884 ], [ 28.710152849729969, 47.121983280081125 ], [ 28.710172183687071, 47.121969493053882 ], [ 28.710172039528189, 47.121964995775166 ], [ 28.710191373473751, 47.121951208744782 ], [ 28.710191229313335, 47.121946711466087 ], [ 28.710229753007891, 47.121914640117282 ], [ 28.710229608844426, 47.121910142838651 ], [ 28.710242498119491, 47.121900951479162 ], [ 28.710242353955024, 47.121896454200545 ], [ 28.710255243224605, 47.121887262839657 ], [ 28.710255099059133, 47.121882765561061 ], [ 28.710267988323235, 47.121873574198787 ], [ 28.710267844156757, 47.121869076920227 ], [ 28.710280733415384, 47.121859885556574 ], [ 28.710280589247901, 47.121855388278028 ], [ 28.71029347850105, 47.121846196912983 ], [ 28.710293334332565, 47.121841699634459 ], [ 28.710306223580236, 47.121832508268035 ], [ 28.710306079410742, 47.121828010989525 ], [ 28.710318968652938, 47.121818819621708 ], [ 28.710318824482442, 47.121814322343219 ], [ 28.710357203832146, 47.12177775367455 ], [ 28.710357059658634, 47.121773256396096 ], [ 28.710363504269331, 47.121768660709606 ], [ 28.710369660529917, 47.121755070465916 ], [ 28.710382549743677, 47.121745879091208 ], [ 28.710382405568193, 47.121741381812804 ], [ 28.710382405568193, 47.121741381812804 ], [ 28.710382549743677, 47.121745879091208 ], [ 28.710382838094755, 47.121754873648015 ], [ 28.710363504269331, 47.121768660709606 ], [ 28.710364369314046, 47.121795644380114 ], [ 28.710319401164639, 47.121832311457169 ], [ 28.710319545335274, 47.121836808735644 ], [ 28.71030021146408, 47.121850595786967 ], [ 28.710300355633191, 47.121855093065484 ], [ 28.71028102175045, 47.121868880113674 ], [ 28.710281165918044, 47.121873377392212 ], [ 28.710261832023757, 47.121887164437261 ], [ 28.71026197618982, 47.121891661715829 ], [ 28.710236197646495, 47.121910044437691 ], [ 28.710236341810511, 47.121914541716308 ], [ 28.710217007889806, 47.121928328754045 ], [ 28.710217152052302, 47.12193282603269 ], [ 28.710191373473751, 47.121951208744782 ], [ 28.7101915176342, 47.121955706023478 ], [ 28.710172183687071, 47.121969493053882 ], [ 28.710172327845999, 47.121973990332599 ], [ 28.710165883194215, 47.121978586008716 ], [ 28.710159438541329, 47.12198318168447 ], [ 28.710152993887334, 47.121987777359884 ], [ 28.710146549232221, 47.121992373034935 ], [ 28.710146693389099, 47.121996870313687 ], [ 28.710140248732362, 47.122001465988411 ], [ 28.710133804074516, 47.122006061662773 ], [ 28.710127359415555, 47.12201065733678 ], [ 28.710127503570906, 47.122015154615568 ], [ 28.710108169585823, 47.122028941635527 ], [ 28.710108313739649, 47.122033438914343 ], [ 28.710101869075217, 47.122038034586978 ], [ 28.710095424409669, 47.122042630259259 ], [ 28.71008897974302, 47.122047225931176 ], [ 28.710082535075255, 47.122051821602746 ], [ 28.710082679227039, 47.122056318881604 ], [ 28.710076234557647, 47.122060914552833 ], [ 28.710069789887143, 47.122065510223713 ], [ 28.710063345215531, 47.122070105894252 ], [ 28.710063489365787, 47.122074603173139 ], [ 28.710057044692547, 47.122079198843323 ], [ 28.710050600018199, 47.122083794513159 ], [ 28.710044155342739, 47.122088390182647 ], [ 28.710044299491472, 47.122092887461569 ], [ 28.710037854814384, 47.122097483130716 ], [ 28.710031410136189, 47.122102078799493 ], [ 28.710024965456878, 47.122106674467943 ], [ 28.710018520776458, 47.122111270136024 ], [ 28.710018664923144, 47.122115767414975 ], [ 28.710012220241101, 47.122120363082729 ], [ 28.710005775557946, 47.122124958750128 ], [ 28.709999330873679, 47.122129554417164 ], [ 28.709999475018837, 47.122134051696158 ], [ 28.709993030332942, 47.12213864736286 ], [ 28.709986585645936, 47.122143243029207 ], [ 28.709980140957825, 47.122147838695206 ], [ 28.709980285101459, 47.122152335974235 ], [ 28.70997384041172, 47.122156931639907 ], [ 28.709967395720867, 47.122161527305202 ], [ 28.709960951028897, 47.12216612297015 ], [ 28.709961095171014, 47.122170620249207 ], [ 28.709941761086906, 47.122184407241996 ], [ 28.709941905227492, 47.122188904521074 ], [ 28.709922571131841, 47.122202691510722 ], [ 28.709922715270903, 47.122207188789837 ], [ 28.709903381163709, 47.122220975776351 ], [ 28.709903525301243, 47.122225473055501 ], [ 28.709877746474039, 47.12224385569931 ], [ 28.709877890609526, 47.122248352978502 ], [ 28.709858556475915, 47.122262139957698 ], [ 28.709858700609882, 47.122266637236919 ], [ 28.70983936646472, 47.122280424212981 ], [ 28.70983951059716, 47.122284921492231 ], [ 28.709820176440452, 47.122298708465159 ], [ 28.709820320571371, 47.122303205744444 ], [ 28.709800986403121, 47.122316992714232 ], [ 28.709801130532512, 47.12232148999356 ], [ 28.709775351623897, 47.122339872615065 ], [ 28.709775495751241, 47.122344369894414 ], [ 28.709756161556573, 47.122358156856897 ], [ 28.70975630568239, 47.122362654136282 ], [ 28.709736971476172, 47.122376441095618 ], [ 28.709737115600472, 47.122380938375031 ], [ 28.709711336641234, 47.122399320982602 ], [ 28.709711480763488, 47.122403818262065 ], [ 28.709692146530848, 47.122417605214075 ], [ 28.709692290651578, 47.122422102493573 ], [ 28.709672956407395, 47.12243588944245 ], [ 28.709673100526597, 47.122440386721969 ], [ 28.709653766270872, 47.12245417366772 ], [ 28.709653910388546, 47.122458670947275 ], [ 28.709634576121271, 47.122472457889891 ], [ 28.709634720237421, 47.122476955169468 ], [ 28.709615385958607, 47.122490742108958 ], [ 28.709615530073229, 47.12249523938857 ], [ 28.709576861482514, 47.122522813258094 ], [ 28.709577005594056, 47.122527310537777 ], [ 28.70957714970563, 47.122531807817452 ], [ 28.709458549840562, 47.122533578312009 ], [ 28.709451816857808, 47.122529179389254 ], [ 28.70943205021409, 47.122529474458553 ], [ 28.709425317234, 47.122525075534206 ], [ 28.709412139472391, 47.122525272244388 ], [ 28.709405406494451, 47.122520873318841 ], [ 28.709392228733744, 47.122521070026735 ], [ 28.709385495757957, 47.122516671099973 ], [ 28.709372317998149, 47.122516867805551 ], [ 28.7093655850245, 47.122512468877595 ], [ 28.709352407265595, 47.122512665580878 ], [ 28.709345674294106, 47.122508266651714 ], [ 28.709332496536099, 47.122508463352688 ], [ 28.70932576356676, 47.12250406442233 ], [ 28.70930599693105, 47.122504359469765 ], [ 28.709299263964375, 47.122499960537816 ], [ 28.709286086208099, 47.122500157233411 ], [ 28.709279353243581, 47.122495758300246 ], [ 28.709266175488207, 47.12249595499356 ], [ 28.709259442525831, 47.122491556059195 ], [ 28.709246264771359, 47.1224917527502 ], [ 28.709239531811136, 47.122487353814641 ], [ 28.709226354057559, 47.122487550503337 ], [ 28.709219621099486, 47.12248315156657 ], [ 28.709206443346815, 47.12248334825297 ], [ 28.709199710390891, 47.122478949314996 ], [ 28.709179943763186, 47.122479244340568 ], [ 28.709173210809926, 47.122474845401001 ], [ 28.709160033058993, 47.122475042082023 ], [ 28.709153300107882, 47.12247064314127 ], [ 28.709140122357844, 47.122470839819997 ], [ 28.709133389408887, 47.122466440878028 ], [ 28.709120211659751, 47.122466637554446 ], [ 28.709113478712943, 47.122462238611277 ], [ 28.709100300964707, 47.122462435285392 ], [ 28.709093568020055, 47.122458036341015 ], [ 28.709073801398993, 47.122458331348177 ], [ 28.709067068457006, 47.122453932402209 ], [ 28.7090538907105, 47.122454129070974 ], [ 28.709047157770662, 47.122449730123805 ], [ 28.709033980025058, 47.122449926790253 ], [ 28.709027247087374, 47.122445527841869 ], [ 28.709014069342665, 47.122445724506022 ], [ 28.709007336407129, 47.122441325556444 ], [ 28.708994158663327, 47.122441522218288 ], [ 28.708987425729937, 47.12243712326751 ], [ 28.70897424798703, 47.122437319927045 ], [ 28.708967515055793, 47.122432920975079 ], [ 28.708947748442739, 47.122433215960356 ], [ 28.708941015514167, 47.122428817006778 ], [ 28.708927837773004, 47.122429013660962 ], [ 28.708921104846581, 47.122424614706183 ], [ 28.708907927106306, 47.122424811358051 ], [ 28.708901194182037, 47.122420412402072 ], [ 28.708888016442671, 47.122420609051638 ], [ 28.708881283520544, 47.122416210094464 ], [ 28.708868105782077, 47.122416406741721 ], [ 28.708861372862106, 47.122412007783339 ], [ 28.708848195124542, 47.122412204428294 ], [ 28.708841462206717, 47.122407805468711 ], [ 28.708821695601667, 47.122408100432125 ], [ 28.708814962686514, 47.122403701470944 ], [ 28.70880178495068, 47.122403898110541 ], [ 28.708795052037672, 47.122399499148166 ], [ 28.708781874302744, 47.122399695785447 ], [ 28.708775141391889, 47.122395296821871 ], [ 28.708761963657853, 47.12239549345685 ], [ 28.708755230749148, 47.122391094492059 ], [ 28.708742053016017, 47.12239129112475 ], [ 28.708735320109465, 47.122386892158758 ], [ 28.70872214237723, 47.122387088789132 ], [ 28.708715409472823, 47.12238268982194 ], [ 28.708695642875778, 47.12238298476349 ], [ 28.70868890997404, 47.122378585794706 ], [ 28.708675732243542, 47.122378782419716 ], [ 28.70866899934396, 47.122374383449731 ], [ 28.708655821614361, 47.122374580072446 ], [ 28.708649088716921, 47.122370181101253 ], [ 28.708635910988225, 47.122370377721658 ], [ 28.708629178092934, 47.122365978749258 ], [ 28.70861600036514, 47.122366175367354 ], [ 28.708609267471999, 47.122361776393781 ], [ 28.708589500881608, 47.122362071316893 ], [ 28.708582767991135, 47.122357672341721 ], [ 28.708569590265071, 47.122357868954445 ], [ 28.708562857376752, 47.122353469978059 ], [ 28.708549679651593, 47.122353666588495 ], [ 28.708542946765419, 47.1223492676109 ], [ 28.708529769041156, 47.12234946421902 ], [ 28.708523036157139, 47.122345065240225 ], [ 28.708509858433771, 47.12234526184605 ], [ 28.708503125551903, 47.122340862866068 ], [ 28.708489947829442, 47.122341059469584 ], [ 28.708483214949723, 47.122336660488379 ], [ 28.708463448367329, 47.122336955389649 ], [ 28.708456715490275, 47.122332556406846 ], [ 28.708443537769551, 47.122332753004997 ], [ 28.708436804894646, 47.122328354021008 ], [ 28.708423627174817, 47.122328550616849 ], [ 28.708416894302065, 47.122324151631659 ], [ 28.708403716583138, 47.122324348225206 ], [ 28.708396983712536, 47.122319949238808 ], [ 28.708383805994508, 47.122320145830059 ], [ 28.708377073126055, 47.122315746842453 ], [ 28.70836389540893, 47.122315943431389 ], [ 28.708357162542629, 47.122311544442589 ], [ 28.70833739596824, 47.122311839321981 ], [ 28.708330663104604, 47.122307440331575 ], [ 28.708317485389216, 47.122307636915146 ], [ 28.70831075252773, 47.122303237923553 ], [ 28.708297574813237, 47.122303434504822 ], [ 28.7082908419539, 47.122299035512022 ], [ 28.70827766424031, 47.122299232090988 ], [ 28.708270931383122, 47.122294833096987 ], [ 28.708257753670431, 47.122295029673644 ], [ 28.708251020815396, 47.122290630678435 ], [ 28.708237843103607, 47.122290827252804 ], [ 28.708231110250718, 47.122286428256395 ], [ 28.708211343684336, 47.122286723113902 ], [ 28.708204610834112, 47.122282324115915 ], [ 28.70819143312406, 47.122282520684898 ], [ 28.708184700275989, 47.122278121685689 ], [ 28.708171522566836, 47.122278318252391 ], [ 28.708164789720914, 47.122273919251988 ], [ 28.708151612012664, 47.122274115816367 ], [ 28.708144879168891, 47.122269716814756 ], [ 28.708131701461536, 47.12226991337684 ], [ 28.70812496861992, 47.122265514374028 ], [ 28.708091880368443, 47.12226150848727 ], [ 28.708072689743737, 47.122279792454272 ], [ 28.708073121694518, 47.122293284304448 ], [ 28.708053787070067, 47.122307070985016 ], [ 28.70805393105217, 47.122311568268415 ], [ 28.708034596416176, 47.122325354945865 ], [ 28.708034740396752, 47.122329852229306 ], [ 28.708015405749208, 47.122343638903608 ], [ 28.708015549728263, 47.122348136187078 ], [ 28.707996215069176, 47.122361922858261 ], [ 28.707996359046703, 47.122366420141766 ], [ 28.707977024376067, 47.122380206809801 ], [ 28.70797716835207, 47.122384704093349 ], [ 28.707957833669891, 47.12239849075825 ], [ 28.707957977644366, 47.12240298804182 ], [ 28.707938642950641, 47.122416774703588 ], [ 28.707938786923595, 47.122421271987186 ], [ 28.707893672595755, 47.122453440852404 ], [ 28.707873905964043, 47.122453735652485 ], [ 28.707867461053858, 47.122458331202147 ], [ 28.707868324857351, 47.122485314904516 ], [ 28.707855435027415, 47.122494506002944 ], [ 28.707855578993748, 47.122499003286684 ], [ 28.707823354396893, 47.122521981026658 ], [ 28.707823498360661, 47.122526478310455 ], [ 28.707791417694672, 47.122553953325522 ], [ 28.707791561655903, 47.122558450609375 ], [ 28.707778671795182, 47.12256764169944 ], [ 28.707778815755407, 47.122572138983315 ], [ 28.707759480954447, 47.122585925615809 ], [ 28.707759624913148, 47.122590422899705 ], [ 28.707740290100634, 47.122604209529079 ], [ 28.707740434057818, 47.122608706812997 ], [ 28.707721099233762, 47.122622493439231 ], [ 28.707721243189415, 47.122626990723191 ], [ 28.707701908353812, 47.122640777346284 ], [ 28.707702052307937, 47.122645274630273 ], [ 28.707682717460788, 47.122659061250253 ], [ 28.707682861413392, 47.122663558534256 ], [ 28.707663526554697, 47.122677345151104 ], [ 28.707663670505777, 47.122681842435142 ], [ 28.707644335635539, 47.122695629048856 ], [ 28.707644479585088, 47.12270012633293 ], [ 28.707625144703304, 47.122713912943503 ], [ 28.707625288651329, 47.122718410227606 ], [ 28.707560838968053, 47.122764365573417 ], [ 28.70755425005132, 47.122764463821838 ], [ 28.707534915122935, 47.122778250417625 ], [ 28.707535346945274, 47.122791742270401 ], [ 28.707516012002227, 47.122805528863132 ], [ 28.7075164438202, 47.122819020715973 ], [ 28.707490807811674, 47.122841900119141 ], [ 28.707491671436294, 47.122868883824978 ], [ 28.70738210640652, 47.122947007768595 ], [ 28.707368928526684, 47.122947204245058 ], [ 28.707343148468361, 47.122965586331759 ], [ 28.70732338164127, 47.122965881039256 ], [ 28.707242587326022, 47.122913092417292 ], [ 28.707176697962542, 47.122914074703687 ], [ 28.707137883882694, 47.122937150482755 ], [ 28.707131294943178, 47.122937248707103 ], [ 28.707111959842106, 47.122951035233292 ], [ 28.707105370900784, 47.122951133456176 ], [ 28.706970024901338, 47.123047639043129 ], [ 28.706923902224425, 47.123048326539326 ], [ 28.706917457160507, 47.123052922037047 ], [ 28.706910868205931, 47.123053020248911 ], [ 28.706865608837404, 47.123080691434993 ], [ 28.706859019879222, 47.123080789643907 ], [ 28.706846129731193, 47.123089980631903 ], [ 28.706839540771803, 47.123090078839724 ], [ 28.706820205539668, 47.123103865317958 ], [ 28.706813616578472, 47.123103963524315 ], [ 28.706794281334581, 47.1231177499983 ], [ 28.706787692371584, 47.123117848203186 ], [ 28.706742432883733, 47.123145519341804 ], [ 28.70673584391713, 47.123145617543734 ], [ 28.706722953732136, 47.123154808518237 ], [ 28.706716364764318, 47.123154906719066 ], [ 28.706697029476739, 47.123168693177078 ], [ 28.706690440507113, 47.12316879137645 ], [ 28.706645180925268, 47.123196462477601 ], [ 28.706638591952036, 47.123196560674025 ], [ 28.70662570173792, 47.123205751637855 ], [ 28.706619112763473, 47.123205849833184 ], [ 28.706599777432206, 47.123219636275216 ], [ 28.706593188455958, 47.123219734469068 ], [ 28.706573853112939, 47.123233520906844 ], [ 28.706567264134883, 47.123233619099231 ], [ 28.706522004433722, 47.123261290152918 ], [ 28.706515415452067, 47.123261388342364 ], [ 28.706502525200982, 47.123270579292715 ], [ 28.706495936218111, 47.123270677481059 ], [ 28.706476600831394, 47.123284463902856 ], [ 28.706470011846726, 47.123284562089715 ], [ 28.706463566715009, 47.123289157562589 ], [ 28.706456977729712, 47.123289255748716 ], [ 28.706450532596303, 47.123293851220851 ], [ 28.706404841238438, 47.123308030370104 ], [ 28.706391950956906, 47.123317221308312 ], [ 28.7063853619679, 47.123317319490361 ], [ 28.706378916824885, 47.123321914958588 ], [ 28.706372327835247, 47.123322013139905 ], [ 28.706365882690534, 47.123326608607407 ], [ 28.706320191281421, 47.123340787723428 ], [ 28.706307300977279, 47.123349978652357 ], [ 28.706300711983936, 47.123350076829595 ], [ 28.706294266829616, 47.123354672293154 ], [ 28.70628767783565, 47.123354770469653 ], [ 28.706281232679626, 47.123359365932522 ], [ 28.706274643685035, 47.123359464108262 ], [ 28.706268198527319, 47.12336405957042 ], [ 28.706222507059351, 47.123378238648115 ], [ 28.706209616729215, 47.123387429566328 ], [ 28.706203027730908, 47.123387527737997 ], [ 28.706196582563582, 47.123392123196219 ], [ 28.706189993564657, 47.123392221367148 ], [ 28.706183548395632, 47.123396816824638 ], [ 28.706137856876417, 47.12341099586915 ], [ 28.706124966523667, 47.123420186778063 ], [ 28.706079274968385, 47.123434365799596 ], [ 28.706059939413876, 47.123448152152804 ], [ 28.706053350407569, 47.123448250315967 ], [ 28.7060340148413, 47.123462036664904 ], [ 28.706027425833184, 47.123462134826596 ], [ 28.705982165655474, 47.123489805671952 ], [ 28.705975576643752, 47.123489903830695 ], [ 28.705962686243847, 47.123499094721829 ], [ 28.70595609723091, 47.123499192879471 ], [ 28.705936761620954, 47.12351297921245 ], [ 28.705930172606219, 47.123513077368614 ], [ 28.705910836984508, 47.123526863697336 ], [ 28.705904247967965, 47.123526961852036 ], [ 28.705884912334501, 47.123540748176495 ], [ 28.705878323316156, 47.123540846329725 ], [ 28.705833062993811, 47.123568517117626 ], [ 28.705826473971861, 47.123568615267935 ], [ 28.705813583527153, 47.123577806142727 ], [ 28.70580699450398, 47.123577904291921 ], [ 28.705787658826829, 47.123591690600392 ], [ 28.705781069801862, 47.123591788748115 ], [ 28.705761734112951, 47.123605575052338 ], [ 28.705755145086176, 47.12360567319859 ], [ 28.705735809385516, 47.123619459498535 ], [ 28.705729220356943, 47.123619557643323 ], [ 28.705683959889964, 47.12364722837377 ], [ 28.705677370857785, 47.123647326515631 ], [ 28.705664480368277, 47.123656517374094 ], [ 28.705657891334877, 47.123656615514832 ], [ 28.705638555590525, 47.123670401798805 ], [ 28.705631966555323, 47.123670499938072 ], [ 28.705612630799216, 47.123684286217795 ], [ 28.705606041762209, 47.123684384355592 ], [ 28.705586705994349, 47.123698170631066 ], [ 28.705580116955542, 47.123698268767384 ], [ 28.705534856343938, 47.123725939440384 ], [ 28.705528267301521, 47.123726037573775 ], [ 28.705515376767213, 47.123735228415924 ], [ 28.705508787723588, 47.123735326548207 ], [ 28.705489451912033, 47.12374911280768 ], [ 28.705482862866603, 47.123749210938492 ], [ 28.705437602160995, 47.123776881574017 ], [ 28.705431013111959, 47.123776979701901 ], [ 28.705379163303078, 47.123804748442396 ], [ 28.705359539907505, 47.123809540103494 ], [ 28.705346649323822, 47.123818730927134 ], [ 28.7053400602693, 47.123818829049853 ], [ 28.705288210371862, 47.123846597750109 ], [ 28.705268586952403, 47.123851389395881 ], [ 28.705255696342849, 47.123860580209559 ], [ 28.705249107282853, 47.123860678327112 ], [ 28.705197257296849, 47.123888446987102 ], [ 28.705177633853488, 47.123893238617569 ], [ 28.70516474321807, 47.123902429421264 ], [ 28.705158154152596, 47.123902527533652 ], [ 28.705106304078026, 47.123930296153397 ], [ 28.70508668061078, 47.123935087768537 ], [ 28.705073789949484, 47.12394427856227 ], [ 28.705067200878535, 47.123944376669492 ], [ 28.705015350715406, 47.123972145248985 ], [ 28.704995727224269, 47.123976936848806 ], [ 28.704982836537109, 47.123986127632577 ], [ 28.704976247460674, 47.123986225734619 ], [ 28.70492439720898, 47.124013994273867 ], [ 28.704904773693951, 47.124018785858375 ], [ 28.70489188298092, 47.124027976632163 ], [ 28.704885293899007, 47.124028074729047 ], [ 28.704833443558755, 47.124055843228042 ], [ 28.704813820019833, 47.124060634797239 ], [ 28.704800929280932, 47.124069825561051 ], [ 28.704794340193544, 47.124069923652762 ], [ 28.70478144944903, 47.12407911441445 ], [ 28.70477486036042, 47.124079212505059 ], [ 28.704761969610292, 47.124088403264601 ], [ 28.704755380520474, 47.124088501354109 ], [ 28.704736044385182, 47.124102287489691 ], [ 28.704729455293563, 47.124102385577721 ], [ 28.704716564529974, 47.124111576332304 ], [ 28.704709975437144, 47.124111674419225 ], [ 28.704697084667938, 47.124120865171662 ], [ 28.704690495573889, 47.124120963257482 ], [ 28.704677604799066, 47.124130154007794 ], [ 28.704671015703802, 47.124130252092506 ], [ 28.704651679531484, 47.124144038214233 ], [ 28.704645090434418, 47.124144136297481 ], [ 28.704632199646145, 47.124153327042798 ], [ 28.704625610547865, 47.124153425124945 ], [ 28.704612719753971, 47.124162615868137 ], [ 28.704606130654479, 47.124162713949175 ], [ 28.704586794453547, 47.124176500060216 ], [ 28.704580205352247, 47.12417659813979 ], [ 28.704567314544899, 47.124185788878002 ], [ 28.704560725442391, 47.124185886956468 ], [ 28.704547834629427, 47.124195077692548 ], [ 28.704541245525704, 47.124195175769891 ], [ 28.704521909296165, 47.124208961870281 ], [ 28.704515320190637, 47.124209059946168 ], [ 28.704502429364219, 47.124218250677281 ], [ 28.704495840257479, 47.124218348752059 ], [ 28.70448294942544, 47.124227539481019 ], [ 28.704476360317486, 47.124227637554696 ], [ 28.704457024059344, 47.124241423644413 ], [ 28.704450434949582, 47.124241521716627 ], [ 28.704437544104096, 47.124250712440627 ], [ 28.704430954993121, 47.124250810511725 ], [ 28.704418064142008, 47.124260001233573 ], [ 28.704411475029826, 47.124260099303569 ], [ 28.704392138743074, 47.124273885382621 ], [ 28.704385549629084, 47.124273983451154 ], [ 28.70437265876452, 47.124283174168035 ], [ 28.704366069649321, 47.124283272235445 ], [ 28.70435317877914, 47.124292462950201 ], [ 28.70434658966272, 47.124292561016517 ], [ 28.704327253347362, 47.124306347084904 ], [ 28.704320664229144, 47.124306445149742 ], [ 28.704307773345509, 47.12431563585951 ], [ 28.704301184226072, 47.124315733923254 ], [ 28.704159384200171, 47.124416831629802 ], [ 28.704159815193794, 47.12443032350243 ], [ 28.704153369723755, 47.124434918848699 ], [ 28.704153657051968, 47.124443913430454 ], [ 28.70414721157978, 47.12444850877641 ], [ 28.70414778623455, 47.124466497939892 ], [ 28.704141340759161, 47.124471093285536 ], [ 28.704141915412411, 47.124489082449003 ], [ 28.704135469933835, 47.124493677794348 ], [ 28.704136044585553, 47.124511666957794 ], [ 28.704129599103791, 47.124516262302841 ], [ 28.704130173753985, 47.124534251466265 ], [ 28.704123728269028, 47.124538846810999 ], [ 28.704124302917698, 47.124556835974417 ], [ 28.704117857429551, 47.124561431318838 ], [ 28.704118432076694, 47.124579420482242 ], [ 28.704111986585357, 47.124584015826365 ], [ 28.704112561230975, 47.124602004989747 ], [ 28.704106115736451, 47.12460660033355 ], [ 28.704106546719466, 47.124620092206086 ], [ 28.70410010122227, 47.124624687549577 ], [ 28.704100675864701, 47.124642676712938 ], [ 28.704094230364312, 47.124647272056144 ], [ 28.704094805005216, 47.124665261219491 ], [ 28.704088359501643, 47.124669856562356 ], [ 28.704088934141019, 47.12468784572571 ], [ 28.704082488634249, 47.124692441068277 ], [ 28.704083063272101, 47.124710430231595 ], [ 28.704076617762144, 47.12471502557387 ], [ 28.704077192398469, 47.124733014737174 ], [ 28.704070746885318, 47.124737610079123 ], [ 28.704071321520122, 47.12475559924242 ], [ 28.70406487600378, 47.124760194584084 ], [ 28.704065450637057, 47.12477818374736 ], [ 28.704059005117529, 47.124782779088704 ], [ 28.704059579749277, 47.124800768251951 ], [ 28.704053134226555, 47.124805363592998 ], [ 28.704053565199171, 47.124818855465428 ], [ 28.704047119673781, 47.124823450806154 ], [ 28.704047694302346, 47.124841439969387 ], [ 28.704041248773766, 47.124846035309808 ], [ 28.704041392430469, 47.124850532600632 ], [ 28.7040097393851, 47.124891498460919 ], [ 28.704010026693695, 47.124900493042624 ], [ 28.703972071700264, 47.124950551522154 ], [ 28.70397293360919, 47.12497753526744 ], [ 28.703966488057933, 47.124982130603833 ], [ 28.703967780918976, 47.12502260622162 ], [ 28.703961335361932, 47.125027201557764 ], [ 28.703962628221099, 47.125067677175316 ], [ 28.70395618265826, 47.125072272511225 ], [ 28.703957331864611, 47.125108250837776 ], [ 28.7039508862965, 47.125112846173401 ], [ 28.703952179151617, 47.12515332179057 ], [ 28.703945733577715, 47.125157917125975 ], [ 28.70394702643096, 47.125198392742931 ], [ 28.70394058085127, 47.125202988078065 ], [ 28.703941586402092, 47.125234469113352 ], [ 28.703935140817649, 47.125239064448216 ], [ 28.703935571766962, 47.125252556320454 ], [ 28.703929126179847, 47.125257151655006 ], [ 28.703929700777337, 47.125275140817976 ], [ 28.703923255187032, 47.12527973615223 ], [ 28.703923829782994, 47.125297725315185 ], [ 28.703917384189499, 47.125302320649126 ], [ 28.703917815135277, 47.125315812521343 ], [ 28.70391136953911, 47.125320407854957 ], [ 28.703911944131885, 47.125338397017899 ], [ 28.703905498532531, 47.125342992351214 ], [ 28.703906073123772, 47.125360981514135 ], [ 28.703899627521231, 47.125365576847145 ], [ 28.703900058463464, 47.125379068719333 ], [ 28.703854939203655, 47.125411236040783 ], [ 28.703848349947382, 47.125411334080191 ], [ 28.703841760691081, 47.125411432119229 ], [ 28.703835171434744, 47.125411530157876 ], [ 28.703828582178364, 47.125411628196147 ], [ 28.703821992921956, 47.125411726234042 ], [ 28.703815403665516, 47.125411824271559 ], [ 28.703808814409037, 47.125411922308693 ], [ 28.703802225152526, 47.125412020345451 ], [ 28.703795635895979, 47.125412118381838 ], [ 28.703782457382779, 47.125412314453463 ], [ 28.70377601176331, 47.125416909779688 ], [ 28.703749654734139, 47.125417301916933 ], [ 28.703717426608357, 47.125440278535514 ], [ 28.70371083734803, 47.125440376567063 ], [ 28.703704391718958, 47.125444971889358 ], [ 28.703658697773992, 47.125459149970723 ], [ 28.70365225213812, 47.125463745290155 ], [ 28.70364580650114, 47.125468340609238 ], [ 28.703639217237097, 47.125468438636709 ], [ 28.703632771598418, 47.125473033955075 ], [ 28.70362618233376, 47.125473131981806 ], [ 28.703619736693376, 47.125477727299462 ], [ 28.703613147428094, 47.125477825325447 ], [ 28.703606701786011, 47.125482420642385 ], [ 28.703587077609789, 47.125487212008338 ], [ 28.703580631964311, 47.12549180732384 ], [ 28.703574186317727, 47.125496402639001 ], [ 28.703567597049975, 47.125496500662393 ], [ 28.70356115140169, 47.125501095976823 ], [ 28.703554562133316, 47.125501193999476 ], [ 28.703548116483336, 47.125505789313202 ], [ 28.703541527214337, 47.125505887335109 ], [ 28.703535081562652, 47.125510482648117 ], [ 28.703528492293032, 47.125510580669292 ], [ 28.703522046639645, 47.125515175981583 ], [ 28.703515600985153, 47.125519771293511 ], [ 28.703509011714317, 47.125519869313571 ], [ 28.703502566058127, 47.125524464624796 ], [ 28.703495976786666, 47.125524562644117 ], [ 28.703489531128771, 47.125529157954624 ], [ 28.703482941856688, 47.125529255973198 ], [ 28.703476496197101, 47.125533851282981 ], [ 28.70346990692439, 47.125533949300824 ], [ 28.703463461263105, 47.125538544609903 ], [ 28.703457015600698, 47.125543139918619 ], [ 28.703450426326778, 47.125543237935339 ], [ 28.70344398066268, 47.12554783324336 ], [ 28.703437391388135, 47.125547931259348 ], [ 28.703430945722339, 47.125552526566629 ], [ 28.703424356447165, 47.125552624581879 ], [ 28.70341791077967, 47.125557219888449 ], [ 28.703411321503875, 47.125557317902953 ], [ 28.703404875834682, 47.12556191320882 ], [ 28.70339843016437, 47.125566508514332 ], [ 28.703391840887363, 47.125566606527713 ], [ 28.70338539521536, 47.125571201832514 ], [ 28.703378805937728, 47.125571299845156 ], [ 28.703372360264019, 47.125575895149247 ], [ 28.703365770985766, 47.125575993161156 ], [ 28.703352592429148, 47.125576189183832 ], [ 28.703346146752562, 47.125580784486466 ], [ 28.703326522515759, 47.125585575808465 ], [ 28.703326522515759, 47.125585575808465 ], [ 28.703326378915616, 47.125581078516561 ], [ 28.703326235315501, 47.125576581224649 ], [ 28.703326091715429, 47.125572083932745 ], [ 28.703332537392736, 47.125567488631219 ], [ 28.703338983068939, 47.125562893329338 ], [ 28.703345572345672, 47.125562795318992 ], [ 28.703352018020169, 47.125558200016407 ], [ 28.703397712134162, 47.125544022055529 ], [ 28.703404157801874, 47.12553942675008 ], [ 28.703410603468466, 47.125534831444277 ], [ 28.70341719274149, 47.125534733429852 ], [ 28.703423638406381, 47.125530138123338 ], [ 28.703456297546388, 47.125520653460434 ], [ 28.703462743206195, 47.125516058151767 ], [ 28.703469188864883, 47.125511462842745 ], [ 28.703475778134816, 47.12551136482498 ], [ 28.703482223791802, 47.125506769515241 ], [ 28.70348881306111, 47.125506671496751 ], [ 28.703495258716405, 47.125502076186301 ], [ 28.703501847985091, 47.125501978167051 ], [ 28.703508293638681, 47.125497382855897 ], [ 28.703514739291162, 47.125492787544381 ], [ 28.703521328558633, 47.12549268952403 ], [ 28.703527774209416, 47.125488094211789 ], [ 28.703534363476265, 47.125487996190714 ], [ 28.70354080912535, 47.125483400877748 ], [ 28.703547398391574, 47.125483302855933 ], [ 28.703553844038954, 47.125478707542264 ], [ 28.703560433304553, 47.125478609519689 ], [ 28.703566878950237, 47.125474014205302 ], [ 28.703573468215215, 47.125473916181981 ], [ 28.703579913859198, 47.125469320866891 ], [ 28.703586359502072, 47.125464725551446 ], [ 28.703592948765834, 47.125464627527023 ], [ 28.703599394407014, 47.125460032210867 ], [ 28.703605983670148, 47.125459934185692 ], [ 28.703612429309626, 47.125455338868811 ], [ 28.703619018572137, 47.125455240842903 ], [ 28.703625464209917, 47.125450645525312 ], [ 28.703632053471804, 47.125450547498659 ], [ 28.703638499107885, 47.12544595218035 ], [ 28.70364508836915, 47.125445854152957 ], [ 28.703651534003527, 47.125441258833931 ], [ 28.703657979636798, 47.125436663514549 ], [ 28.703664568896844, 47.125436565486041 ], [ 28.703671014528418, 47.125431970165955 ], [ 28.703677603787842, 47.125431872136723 ], [ 28.703684049417717, 47.125427276815913 ], [ 28.70369063867652, 47.12542717878592 ], [ 28.703697084304689, 47.125422583464406 ], [ 28.703703673562867, 47.125422485433674 ], [ 28.703716852079118, 47.125422289371087 ], [ 28.703729743328601, 47.125413098724799 ], [ 28.703736332585493, 47.125413000692205 ], [ 28.703736332585493, 47.125413000692205 ], [ 28.703729743328601, 47.125413098724799 ], [ 28.703723154071671, 47.125413196757009 ], [ 28.703716708446898, 47.125417792079958 ], [ 28.703710119189342, 47.125417890111436 ], [ 28.703703673562867, 47.125422485433674 ], [ 28.703697084304689, 47.125422583464406 ], [ 28.70369063867652, 47.12542717878592 ], [ 28.703684049417717, 47.125427276815913 ], [ 28.703670870900009, 47.12542747287474 ], [ 28.703664425268958, 47.125432068194819 ], [ 28.703657836009462, 47.125432166223305 ], [ 28.70364508836915, 47.125445854152957 ], [ 28.703638499107885, 47.12544595218035 ], [ 28.703632053471804, 47.125450547498659 ], [ 28.703625464209917, 47.125450645525312 ], [ 28.703619018572137, 47.125455240842903 ], [ 28.703612429309626, 47.125455338868811 ], [ 28.703605983670148, 47.125459934185692 ], [ 28.703599394407014, 47.125460032210867 ], [ 28.703592948765834, 47.125464627527023 ], [ 28.703586359502072, 47.125464725551446 ], [ 28.703579913859198, 47.125469320866891 ], [ 28.703573468215215, 47.125473916181981 ], [ 28.703566878950237, 47.125474014205302 ], [ 28.703560433304553, 47.125478609519689 ], [ 28.703553844038954, 47.125478707542264 ], [ 28.703547398391574, 47.125483302855933 ], [ 28.70354080912535, 47.125483400877748 ], [ 28.703534363476265, 47.125487996190714 ], [ 28.703527774209416, 47.125488094211789 ], [ 28.703521328558633, 47.12549268952403 ], [ 28.703514739291162, 47.125492787544381 ], [ 28.703508293638681, 47.125497382855897 ], [ 28.703501704370584, 47.125497480875502 ], [ 28.703495258716405, 47.125502076186301 ], [ 28.70348881306111, 47.125506671496751 ], [ 28.703482223791802, 47.125506769515241 ], [ 28.703475778134816, 47.12551136482498 ], [ 28.703469188864883, 47.125511462842745 ], [ 28.703462743206195, 47.125516058151767 ], [ 28.703430084070174, 47.125525542816455 ], [ 28.703423638406381, 47.125530138123338 ], [ 28.70341719274149, 47.125534733429852 ], [ 28.703410603468466, 47.125534831444277 ], [ 28.703404157801874, 47.12553942675008 ], [ 28.703358463693569, 47.125553604713474 ], [ 28.703352018020169, 47.125558200016407 ], [ 28.703345572345672, 47.125562795318992 ], [ 28.703338983068939, 47.125562893329338 ], [ 28.703332537392736, 47.125567488631219 ], [ 28.7032998782013, 47.125576973259413 ], [ 28.70328698683759, 47.125586163858515 ], [ 28.703280397557773, 47.125586261865529 ], [ 28.703273951873669, 47.125590857164191 ], [ 28.703267362593227, 47.125590955170452 ], [ 28.703260916907421, 47.125595550468397 ], [ 28.703254327626354, 47.125595648473933 ], [ 28.703247881938843, 47.12560024377116 ], [ 28.703228257685637, 47.125605035076504 ], [ 28.70322181199473, 47.125609630372288 ], [ 28.703215366302715, 47.125614225667739 ], [ 28.703208777019185, 47.125614323670675 ], [ 28.703202331325471, 47.125618918965415 ], [ 28.703195742041324, 47.125619016967597 ], [ 28.703189296345908, 47.125623612261613 ], [ 28.703182707061131, 47.125623710263064 ], [ 28.703176261364018, 47.125628305556369 ], [ 28.703169672078623, 47.125628403557073 ], [ 28.703163226379804, 47.125632998849653 ], [ 28.703156637093784, 47.125633096849626 ], [ 28.70315019139327, 47.125637692141481 ], [ 28.703143745691648, 47.125642287432996 ], [ 28.703137156404413, 47.12564238543186 ], [ 28.703130710701089, 47.125646980722664 ], [ 28.703124121413229, 47.125647078720789 ], [ 28.703104353549438, 47.125647372712876 ], [ 28.703091462134751, 47.125656563290505 ], [ 28.703084872845572, 47.125656661286385 ], [ 28.703078427135974, 47.125661256574311 ], [ 28.703071981425268, 47.125665851861868 ], [ 28.703072125004397, 47.125670349154298 ], [ 28.703065535713449, 47.125670447149091 ], [ 28.703059090000522, 47.125675042435965 ], [ 28.703052500708949, 47.125675140430012 ], [ 28.703046054994328, 47.125679735716162 ], [ 28.70303946570213, 47.125679833709462 ], [ 28.703033019985803, 47.125684428994887 ], [ 28.703026430692983, 47.125684526987456 ], [ 28.703019984974954, 47.125689122272171 ], [ 28.703013395681513, 47.125689220263993 ], [ 28.703006949961786, 47.125693815548004 ], [ 28.703000360667719, 47.125693913539074 ], [ 28.702993914946298, 47.12569850882236 ], [ 28.702987469223764, 47.125703104105291 ], [ 28.702981023500122, 47.125707699387881 ], [ 28.702974577775372, 47.125712294670123 ], [ 28.702974577775372, 47.125712294670123 ], [ 28.702981023500122, 47.125707699387881 ], [ 28.702987469223764, 47.125703104105291 ], [ 28.70299405851901, 47.125703006114954 ], [ 28.703000791387531, 47.125707405416776 ], [ 28.703000934960869, 47.125711902709348 ], [ 28.703007524257153, 47.125711804718215 ], [ 28.703014113553408, 47.125711706726698 ], [ 28.703020702849624, 47.125711608734804 ], [ 28.703027292145812, 47.125711510742526 ], [ 28.703033881441964, 47.12571141274988 ], [ 28.703040470738078, 47.125711314756849 ], [ 28.703047060034155, 47.125711216763435 ], [ 28.703053649330201, 47.125711118769651 ], [ 28.703060238626215, 47.125711020775476 ], [ 28.703066827922189, 47.125710922780932 ], [ 28.703073417218132, 47.125710824786005 ], [ 28.703080006514035, 47.1257107267907 ], [ 28.703086595809911, 47.125710628795019 ], [ 28.70309318510575, 47.125710530798955 ], [ 28.703099774401547, 47.125710432802528 ], [ 28.703106363697319, 47.125710334805689 ], [ 28.703112952993052, 47.125710236808501 ], [ 28.703119542288754, 47.125710138810916 ], [ 28.703126131584416, 47.125710040812962 ], [ 28.703132720880042, 47.125709942814623 ], [ 28.70313931017564, 47.125709844815908 ], [ 28.703145899471195, 47.125709746816824 ], [ 28.703152488766726, 47.125709648817349 ], [ 28.703159078062217, 47.125709550817497 ], [ 28.70316566735767, 47.125709452817269 ], [ 28.70317225665309, 47.125709354816657 ], [ 28.70317225665309, 47.125709354816657 ], [ 28.70316566735767, 47.125709452817269 ], [ 28.703159078062217, 47.125709550817497 ], [ 28.703152488766726, 47.125709648817349 ], [ 28.703145899471195, 47.125709746816824 ], [ 28.70313931017564, 47.125709844815908 ], [ 28.703132720880042, 47.125709942814623 ], [ 28.703126131584416, 47.125710040812962 ], [ 28.703119542288754, 47.125710138810916 ], [ 28.703112952993052, 47.125710236808501 ], [ 28.703106363697319, 47.125710334805689 ], [ 28.703099774401547, 47.125710432802528 ], [ 28.70309318510575, 47.125710530798955 ], [ 28.703086595809911, 47.125710628795019 ], [ 28.703080006514035, 47.1257107267907 ], [ 28.703073417218132, 47.125710824786005 ], [ 28.703066827922189, 47.125710922780932 ], [ 28.703060238626215, 47.125711020775476 ], [ 28.703053649330201, 47.125711118769651 ], [ 28.703047060034155, 47.125711216763435 ], [ 28.703040470738078, 47.125711314756849 ], [ 28.703033881441964, 47.12571141274988 ], [ 28.703027292145812, 47.125711510742526 ], [ 28.703020702849624, 47.125711608734804 ], [ 28.703014113553408, 47.125711706726698 ], [ 28.703007524257153, 47.125711804718215 ], [ 28.703000934960869, 47.125711902709348 ], [ 28.703000791387531, 47.125707405416776 ], [ 28.70299405851901, 47.125703006114954 ], [ 28.702993914946298, 47.12569850882236 ], [ 28.703000360667719, 47.125693913539074 ], [ 28.703006949961786, 47.125693815548004 ], [ 28.703013395681513, 47.125689220263993 ], [ 28.703019984974954, 47.125689122272171 ], [ 28.703026430692983, 47.125684526987456 ], [ 28.703033019985803, 47.125684428994887 ], [ 28.70303946570213, 47.125679833709462 ], [ 28.703046054994328, 47.125679735716162 ], [ 28.703052500708949, 47.125675140430012 ], [ 28.703059090000522, 47.125675042435965 ], [ 28.703065535713449, 47.125670447149091 ], [ 28.703072125004397, 47.125670349154298 ], [ 28.703071981425268, 47.125665851861868 ], [ 28.703078427135974, 47.125661256574311 ], [ 28.703084872845572, 47.125656661286385 ], [ 28.703084872845572, 47.125656661286385 ], [ 28.703091462134751, 47.125656563290505 ], [ 28.703104640713008, 47.125656367297616 ], [ 28.703111086419725, 47.12565177200824 ], [ 28.70311767570821, 47.125651674010861 ], [ 28.703124121413229, 47.125647078720789 ], [ 28.703130710701089, 47.125646980722664 ], [ 28.703137156404413, 47.12564238543186 ], [ 28.703143745691648, 47.125642287432996 ], [ 28.70315019139327, 47.125637692141481 ], [ 28.703156780679883, 47.125637594141885 ], [ 28.703163226379804, 47.125632998849653 ], [ 28.703169672078623, 47.125628403557073 ], [ 28.703176261364018, 47.125628305556369 ], [ 28.703182707061131, 47.125623710263064 ], [ 28.703189296345908, 47.125623612261613 ], [ 28.703195742041324, 47.125619016967597 ], [ 28.703202331325471, 47.125618918965415 ], [ 28.703208777019185, 47.125614323670675 ], [ 28.703215366302715, 47.125614225667739 ], [ 28.70322181199473, 47.125609630372288 ], [ 28.703241436250231, 47.125604839068032 ], [ 28.703247881938843, 47.12560024377116 ], [ 28.703254327626354, 47.125595648473933 ], [ 28.703260916907421, 47.125595550468397 ], [ 28.703267362593227, 47.125590955170452 ], [ 28.703273951873669, 47.125590857164191 ], [ 28.703280397557773, 47.125586261865529 ], [ 28.70328698683759, 47.125586163858515 ], [ 28.703300165397117, 47.12558596784335 ], [ 28.703319646037006, 47.125576679233909 ], [ 28.703326235315501, 47.125576581224649 ], [ 28.703326378915616, 47.125581078516561 ], [ 28.703326522515759, 47.125585575808465 ], [ 28.703352879633844, 47.125585183767527 ], [ 28.703365770985766, 47.125575993161156 ], [ 28.703372360264019, 47.125575895149247 ], [ 28.703378805937728, 47.125571299845156 ], [ 28.70338539521536, 47.125571201832514 ], [ 28.703391840887363, 47.125566606527713 ], [ 28.70339843016437, 47.125566508514332 ], [ 28.703404875834682, 47.12556191320882 ], [ 28.703411465111063, 47.125561815194672 ], [ 28.70341791077967, 47.125557219888449 ], [ 28.703424356447165, 47.125552624581879 ], [ 28.703430945722339, 47.125552526566629 ], [ 28.703437391388135, 47.125547931259348 ], [ 28.70344398066268, 47.12554783324336 ], [ 28.703450426326778, 47.125543237935339 ], [ 28.703457015600698, 47.125543139918619 ], [ 28.703463461263105, 47.125538544609903 ], [ 28.70346990692439, 47.125533949300824 ], [ 28.703476496197101, 47.125533851282981 ], [ 28.703482941856688, 47.125529255973198 ], [ 28.703489531128771, 47.125529157954624 ], [ 28.703495976786666, 47.125524562644117 ], [ 28.703502566058127, 47.125524464624796 ], [ 28.703509011714317, 47.125519869313571 ], [ 28.703515600985153, 47.125519771293511 ], [ 28.703522046639645, 47.125515175981583 ], [ 28.703528635909858, 47.125515077960763 ], [ 28.703535081562652, 47.125510482648117 ], [ 28.703541527214337, 47.125505887335109 ], [ 28.703548116483336, 47.125505789313202 ], [ 28.703554562133316, 47.125501193999476 ], [ 28.70356115140169, 47.125501095976823 ], [ 28.703567597049975, 47.125496500662393 ], [ 28.703574186317727, 47.125496402639001 ], [ 28.703580631964311, 47.12549180732384 ], [ 28.703600256142824, 47.125487015958953 ], [ 28.703606701786011, 47.125482420642385 ], [ 28.703613147428094, 47.125477825325447 ], [ 28.703619736693376, 47.125477727299462 ], [ 28.70362618233376, 47.125473131981806 ], [ 28.703632771598418, 47.125473033955075 ], [ 28.703639217237097, 47.125468438636709 ], [ 28.70364580650114, 47.125468340609238 ], [ 28.70365225213812, 47.125463745290155 ], [ 28.703658841401531, 47.125463647261945 ], [ 28.703665287036813, 47.125459051942144 ], [ 28.703671876299602, 47.125458953913189 ], [ 28.703678321933186, 47.125454358592663 ], [ 28.703684911195349, 47.125454260562975 ], [ 28.703691356827235, 47.125449665241746 ], [ 28.703697946088777, 47.125449567211305 ], [ 28.703704391718958, 47.125444971889358 ], [ 28.703710980979878, 47.125444873858179 ], [ 28.703717426608357, 47.125440278535514 ], [ 28.703724015868655, 47.125440180503588 ], [ 28.703795635895979, 47.125412118381838 ], [ 28.703802225152526, 47.125412020345451 ], [ 28.703808814409037, 47.125411922308693 ], [ 28.703815403665516, 47.125411824271559 ], [ 28.703821992921956, 47.125411726234042 ], [ 28.703828582178364, 47.125411628196147 ], [ 28.703835171434744, 47.125411530157876 ], [ 28.703841760691081, 47.125411432119229 ], [ 28.703848349947382, 47.125411334080191 ], [ 28.703854939203655, 47.125411236040783 ], [ 28.703858673954795, 47.125528165600343 ], [ 28.703852228328284, 47.125532760930874 ], [ 28.703852802905384, 47.125550750093694 ], [ 28.703846357275683, 47.125555345423905 ], [ 28.703846931851256, 47.125573334586718 ], [ 28.703840486218368, 47.125577929916638 ], [ 28.703841060792417, 47.12559591907943 ], [ 28.703834615156339, 47.12560051440903 ], [ 28.703835046085672, 47.125614006281126 ], [ 28.703828600446922, 47.125618601610412 ], [ 28.703829175017777, 47.12563659077319 ], [ 28.703822729375844, 47.125641186102165 ], [ 28.703823303945171, 47.125659175264914 ], [ 28.703816858300041, 47.125663770593604 ], [ 28.703817289225846, 47.125677262465658 ], [ 28.703810843578044, 47.125681857794014 ], [ 28.703811418144181, 47.125699846956756 ], [ 28.703804972493192, 47.125704442284807 ], [ 28.703805116134294, 47.125708939575496 ], [ 28.703811849069151, 47.125713338828767 ], [ 28.703877742004472, 47.125712358433859 ], [ 28.703884187650019, 47.125707763101794 ], [ 28.703890776942771, 47.125707665059856 ], [ 28.703897222586615, 47.125703069727066 ], [ 28.703942916672727, 47.125688891549217 ], [ 28.703955807945718, 47.125679700877569 ], [ 28.703962397234761, 47.125679602831561 ], [ 28.703968842868999, 47.125675007494841 ], [ 28.703975432157417, 47.12567490944808 ], [ 28.703981877789957, 47.125670314110643 ], [ 28.704027571824817, 47.125656135899597 ], [ 28.704040463075199, 47.125646945218648 ], [ 28.704047052359901, 47.125646847167822 ], [ 28.704053497982834, 47.125642251826463 ], [ 28.704099191974034, 47.125628073587315 ], [ 28.704112083205203, 47.1256188828985 ], [ 28.704118672486196, 47.125618784843596 ], [ 28.704125118099526, 47.125614189498307 ], [ 28.70417081204706, 47.125600011231064 ], [ 28.704183703259012, 47.125590820534399 ], [ 28.7041902925363, 47.125590722475415 ], [ 28.704209629344138, 47.125576936426683 ], [ 28.704216218619624, 47.125576838366236 ], [ 28.704235555415707, 47.12556305231324 ], [ 28.704242144689388, 47.125562954251315 ], [ 28.704261481473715, 47.125549168194063 ], [ 28.704268070745595, 47.12554907013066 ], [ 28.704287407518169, 47.125535284069159 ], [ 28.704293996788241, 47.125535186004292 ], [ 28.704313333549059, 47.125521399938521 ], [ 28.704319922817323, 47.125521301872183 ], [ 28.704339259566385, 47.125507515802155 ], [ 28.704345848832851, 47.125507417734362 ], [ 28.704391111560373, 47.125479747512252 ], [ 28.704397700823229, 47.125479649441509 ], [ 28.704410591966862, 47.125470458719988 ], [ 28.704417181228507, 47.125470360648137 ], [ 28.704436517933875, 47.125456574562122 ], [ 28.704443107193718, 47.125456476488814 ], [ 28.704462443887333, 47.125442690398529 ], [ 28.704469033145369, 47.125442592323751 ], [ 28.704488369827221, 47.125428806229223 ], [ 28.704494959083458, 47.125428708152967 ], [ 28.704514295753555, 47.125414922054169 ], [ 28.704520885007984, 47.125414823976449 ], [ 28.704540221666331, 47.125401037873402 ], [ 28.704546810918956, 47.125400939794197 ], [ 28.704566147565547, 47.125387153686887 ], [ 28.70457273681637, 47.125387055606225 ], [ 28.704592073451199, 47.125373269494666 ], [ 28.704598662700224, 47.125373171412534 ], [ 28.704643925181834, 47.125345501093008 ], [ 28.70465051442725, 47.125345403007948 ], [ 28.704663405494735, 47.125336212258716 ], [ 28.704669994738932, 47.125336114172541 ], [ 28.704689331330073, 47.125322328045002 ], [ 28.704695920572469, 47.125322229957355 ], [ 28.704715257151847, 47.125308443825539 ], [ 28.704721846392442, 47.125308345736421 ], [ 28.704741182960067, 47.125294559600356 ], [ 28.704747772198857, 47.125294461509768 ], [ 28.704767108754726, 47.125280675369439 ], [ 28.704773697991715, 47.125280577277394 ], [ 28.704793034535829, 47.125266791132795 ], [ 28.704799623771009, 47.125266693039272 ], [ 28.704818960303367, 47.125252906890417 ], [ 28.704825549536743, 47.125252808795423 ], [ 28.704844886057348, 47.125239022642319 ], [ 28.704851475288923, 47.125238924545847 ], [ 28.704896737524631, 47.125211254128921 ], [ 28.704903326752607, 47.125211156029522 ], [ 28.704916217743936, 47.125201965252622 ], [ 28.704922806970689, 47.125201867152107 ], [ 28.7049421434476, 47.125188080983023 ], [ 28.704948732672552, 47.125187982881044 ], [ 28.704968069137703, 47.12517419670769 ], [ 28.70497465836085, 47.125174098604248 ], [ 28.704993994814249, 47.125160312426644 ], [ 28.705000584035595, 47.125160214321724 ], [ 28.70501992047723, 47.125146428139857 ], [ 28.705026509696779, 47.125146330033473 ], [ 28.705045846126659, 47.12513254384735 ], [ 28.705052435344399, 47.125132445739489 ], [ 28.705071771762526, 47.125118659549102 ], [ 28.705078360978465, 47.125118561439777 ], [ 28.705097697384836, 47.125104775245127 ], [ 28.705104286598967, 47.125104677134338 ], [ 28.705123622993582, 47.125090890935439 ], [ 28.705130212205908, 47.125090792823173 ], [ 28.705175474170399, 47.125063122298862 ], [ 28.705182063379127, 47.125063024183646 ], [ 28.705194954286469, 47.125053833376221 ], [ 28.705201543493974, 47.125053735259911 ], [ 28.705220879844902, 47.125039949045018 ], [ 28.705227469050605, 47.125039850927237 ], [ 28.70524680538977, 47.125026064708102 ], [ 28.705253394593676, 47.125025966588851 ], [ 28.705272730921084, 47.125012180365445 ], [ 28.705279320123182, 47.125012082244723 ], [ 28.705305101875169, 47.124993700607142 ], [ 28.705311691074876, 47.124993602484587 ], [ 28.705337472806747, 47.1249752208399 ], [ 28.705344062004063, 47.124975122715533 ], [ 28.705369843715822, 47.12495674106377 ], [ 28.705376432910743, 47.124956642937548 ], [ 28.705402214602387, 47.1249382612787 ], [ 28.705408803794917, 47.124938163150645 ], [ 28.705434585466449, 47.124919781484714 ], [ 28.705441174656588, 47.124919683354825 ], [ 28.705466956308005, 47.124901301681803 ], [ 28.705473545495746, 47.124901203550095 ], [ 28.705499327127054, 47.124882821869981 ], [ 28.705505916312404, 47.124882723736441 ], [ 28.7055316979236, 47.124864342049236 ], [ 28.705538287106556, 47.124864243913855 ], [ 28.70556406869764, 47.124845862219566 ], [ 28.705570657878205, 47.124845764082352 ], [ 28.705596439449174, 47.124827382380985 ], [ 28.70560302862734, 47.124827284241938 ], [ 28.705628810178201, 47.124808902533466 ], [ 28.705635399353977, 47.1248088043926 ], [ 28.705661180884722, 47.124790422677059 ], [ 28.705667770058106, 47.124790324534338 ], [ 28.705693551568732, 47.124771942811698 ], [ 28.705700140739726, 47.124771844667166 ], [ 28.705725922230243, 47.124753462937434 ], [ 28.705732511398846, 47.124753364791061 ], [ 28.705758292869252, 47.124734983054246 ], [ 28.705764882035453, 47.124734884906047 ], [ 28.705790663485743, 47.124716503162148 ], [ 28.70579725264956, 47.124716405012101 ], [ 28.705823034079739, 47.124698023261118 ], [ 28.705829623241158, 47.124697925109238 ], [ 28.705855404651228, 47.124679543351171 ], [ 28.705861993810252, 47.124679445197451 ], [ 28.705881329854385, 47.124665658874115 ], [ 28.705887919011605, 47.124665560718938 ], [ 28.705913700385889, 47.124647178948102 ], [ 28.705920289540714, 47.124647080791078 ], [ 28.705971996049524, 47.124614814516086 ], [ 28.705991619681434, 47.124610022747575 ], [ 28.706023990140629, 47.124591542791137 ], [ 28.706043613759114, 47.124586751013858 ], [ 28.706075984185997, 47.124568271043053 ], [ 28.70609560779106, 47.12456347925702 ], [ 28.70614745794461, 47.124535710190941 ], [ 28.70616708153101, 47.124530918392871 ], [ 28.706199451880803, 47.124512438387974 ], [ 28.706219075453788, 47.124507646581158 ], [ 28.706251445771265, 47.124489166561901 ], [ 28.706271069330828, 47.124484374746309 ], [ 28.706322919315081, 47.124456605602575 ], [ 28.706342542855989, 47.124451813774947 ], [ 28.706374913096369, 47.124433333721605 ], [ 28.706394536623858, 47.124428541885223 ], [ 28.706426906831926, 47.124410061817521 ], [ 28.706446530345985, 47.124405269972371 ], [ 28.706498380160941, 47.124377500750974 ], [ 28.706518003656353, 47.12437270889378 ], [ 28.706550373787326, 47.124354228792001 ], [ 28.706569997269316, 47.124349436926053 ], [ 28.706602367367971, 47.124330956809914 ], [ 28.706621990836538, 47.124326164935205 ], [ 28.7066738404822, 47.124298395636153 ], [ 28.706693463932108, 47.124293603749415 ], [ 28.70672583395368, 47.124275123599183 ], [ 28.706745457390166, 47.124270331703684 ], [ 28.706777827379419, 47.1242518515391 ], [ 28.706797450802483, 47.124247059634826 ], [ 28.706849300278854, 47.124219290258132 ], [ 28.706868923683267, 47.124214498341836 ], [ 28.706901293595426, 47.124196018143152 ], [ 28.706920916986419, 47.124191226218102 ], [ 28.706953286866256, 47.124172746005051 ], [ 28.706972910243827, 47.124167954071247 ], [ 28.707024759550901, 47.124140184616891 ], [ 28.707031348639319, 47.12414008639675 ], [ 28.70703808163341, 47.124144485460612 ], [ 28.707038225539158, 47.124148982744963 ], [ 28.707038369444938, 47.124153480029307 ], [ 28.7070411036614, 47.124238928431154 ], [ 28.707034658466736, 47.124243523936272 ], [ 28.707034946278682, 47.124252518504818 ], [ 28.707028501081869, 47.124257114009623 ], [ 28.70702893279849, 47.124270605862471 ], [ 28.707022487599009, 47.124275201366942 ], [ 28.707022919314383, 47.124288693219782 ], [ 28.70701647411223, 47.124293288723941 ], [ 28.707016905826354, 47.124306780576795 ], [ 28.707010460621532, 47.124311376080627 ], [ 28.707011036238772, 47.124329365217733 ], [ 28.70700459103076, 47.12433396072128 ], [ 28.707005022742496, 47.124347452574106 ], [ 28.706998577531813, 47.124352048077334 ], [ 28.706999153145869, 47.124370037214419 ], [ 28.706992707931992, 47.124374632717334 ], [ 28.706993139641344, 47.12438812457016 ], [ 28.706986694424796, 47.124392720072748 ], [ 28.706987270035665, 47.124410709209826 ], [ 28.706980824815929, 47.124415304712116 ], [ 28.706981256522884, 47.124428796564921 ], [ 28.706974811300483, 47.124433392066884 ], [ 28.706975243006191, 47.124446883919688 ], [ 28.706968797781116, 47.124451479421339 ], [ 28.706969373387135, 47.124469468558402 ], [ 28.70696292815887, 47.124474064059754 ], [ 28.70696335986219, 47.12448755591253 ], [ 28.706956914631252, 47.124492151413577 ], [ 28.706957490234082, 47.124510140550619 ], [ 28.706951044999958, 47.124514736051339 ], [ 28.706951476700887, 47.124528227904115 ], [ 28.706945031464091, 47.124532823404515 ], [ 28.706945607063734, 47.124550812541543 ], [ 28.706939161823751, 47.124555408041644 ], [ 28.706939593522289, 47.124568899894406 ], [ 28.706933148279635, 47.124573495394195 ], [ 28.706933723876084, 47.124591484531194 ], [ 28.706927278630243, 47.124596080030685 ], [ 28.706927710326386, 47.124609571883425 ], [ 28.706921265077874, 47.124614167382589 ], [ 28.706921840671136, 47.124632156519581 ], [ 28.706915395419436, 47.124636752018425 ], [ 28.706915827113193, 47.124650243871173 ], [ 28.706909381858814, 47.124654839369704 ], [ 28.70690981355132, 47.124668331222445 ], [ 28.706903368294277, 47.124672926720663 ], [ 28.706903943882693, 47.124690915857634 ], [ 28.706897498622464, 47.124695511355554 ], [ 28.706897930312572, 47.124709003208274 ], [ 28.70689148504967, 47.124713598705874 ], [ 28.7068920606349, 47.124731587842824 ], [ 28.706885615368801, 47.124736183340126 ], [ 28.706886047056528, 47.124749675192831 ], [ 28.706879601787765, 47.124754270689799 ], [ 28.706880177369801, 47.124772259826742 ], [ 28.706873732097854, 47.124776855323404 ], [ 28.706874163783187, 47.124790347176102 ], [ 28.706867718508562, 47.124794942672452 ], [ 28.70686829408741, 47.124812931809373 ], [ 28.706861848809595, 47.12481752730541 ], [ 28.706862280492544, 47.124831019158094 ], [ 28.70685583521206, 47.124835614653826 ], [ 28.706856410787719, 47.124853603790726 ], [ 28.706849965504048, 47.124858199286152 ], [ 28.706850397184599, 47.124871691138821 ], [ 28.706843951898254, 47.124876286633921 ], [ 28.706844383577558, 47.124889778486583 ], [ 28.706837938288547, 47.12489437398137 ], [ 28.706838513859356, 47.124912363118256 ], [ 28.706832068567156, 47.124916958612737 ], [ 28.706832500244065, 47.124930450465392 ], [ 28.706826054949193, 47.124935045959546 ], [ 28.706827925545998, 47.12499351065415 ], [ 28.706821480243256, 47.124998106148119 ], [ 28.706821911918716, 47.125011598000661 ], [ 28.706815466613303, 47.125016193494289 ], [ 28.706816042178986, 47.125034182631012 ], [ 28.706809596870382, 47.125038778124342 ], [ 28.706810028543451, 47.125052269976869 ], [ 28.70680358323218, 47.12505686546988 ], [ 28.706804158794675, 47.125074854606581 ], [ 28.70679771348021, 47.125079450099292 ], [ 28.70679843293151, 47.125101936520132 ], [ 28.706791987613336, 47.125106532012552 ], [ 28.706793282623192, 47.125147007569915 ], [ 28.70678683729923, 47.125151603062079 ], [ 28.706786981188863, 47.125156100346224 ], [ 28.706780535863267, 47.125160695838048 ], [ 28.706774090536562, 47.125165291329523 ], [ 28.706767645208753, 47.12516988682065 ], [ 28.706761199879828, 47.125174482311415 ], [ 28.706754754549795, 47.125179077801825 ], [ 28.706748309218654, 47.125183673291886 ], [ 28.7067418638864, 47.125188268781606 ], [ 28.706735418553038, 47.125192864270971 ], [ 28.706716082546297, 47.125206650736928 ], [ 28.706716226430245, 47.125211148021201 ], [ 28.706709781091927, 47.125215743509152 ], [ 28.706710068858889, 47.125224738077712 ], [ 28.706697322059338, 47.125238426336928 ], [ 28.706697609824428, 47.125247420905488 ], [ 28.706684863016378, 47.125261109163354 ], [ 28.706685150779599, 47.12527010373195 ], [ 28.706672403963051, 47.125283791988508 ], [ 28.706672691724403, 47.125292786557118 ], [ 28.706653643424008, 47.125315567581609 ], [ 28.706653931182512, 47.125324562150254 ], [ 28.706647485825293, 47.125329157634873 ], [ 28.706641328223533, 47.125342747687817 ], [ 28.70663488286305, 47.125347343171747 ], [ 28.706628437501461, 47.125351938655328 ], [ 28.706621992138768, 47.125356534138561 ], [ 28.706615546774959, 47.125361129621446 ], [ 28.706609101410042, 47.125365725103961 ], [ 28.706602656044012, 47.125370320586136 ], [ 28.706596210676878, 47.125374916067948 ], [ 28.706589765308628, 47.125379511549433 ], [ 28.706583319939273, 47.125384107030541 ], [ 28.706576874568807, 47.125388702511302 ], [ 28.706570429197232, 47.125393297991721 ], [ 28.706563983824541, 47.125397893471792 ], [ 28.706557538450745, 47.125402488951494 ], [ 28.706551093075845, 47.125407084430854 ], [ 28.706544647699829, 47.125411679909845 ], [ 28.706538202322704, 47.12541627538851 ], [ 28.706531756944472, 47.125420870866805 ], [ 28.706525311565127, 47.125425466344758 ], [ 28.706518866184673, 47.12543006182235 ], [ 28.706512420803111, 47.125434657299607 ], [ 28.706505975420434, 47.125439252776495 ], [ 28.706499530036652, 47.125443848253035 ], [ 28.706493084651761, 47.125448443729226 ], [ 28.706486639265758, 47.125453039205063 ], [ 28.706480193878651, 47.125457634680544 ], [ 28.706473748490428, 47.125462230155684 ], [ 28.706467303101093, 47.125466825630461 ], [ 28.706460857710656, 47.125471421104884 ], [ 28.706454412319101, 47.125476016578958 ], [ 28.706447966926444, 47.125480612052684 ], [ 28.706441521532675, 47.125485207526054 ], [ 28.706435076137794, 47.125489802999084 ], [ 28.706428630741804, 47.125494398471744 ], [ 28.706422185344707, 47.12549899394407 ], [ 28.706415739946497, 47.125503589416027 ], [ 28.706409294547182, 47.12550818488765 ], [ 28.706402849146752, 47.125512780358903 ], [ 28.70639640374521, 47.125517375829808 ], [ 28.706389814484552, 47.125517474015574 ], [ 28.706376923676963, 47.125526664955608 ], [ 28.706370334415091, 47.125526763140272 ], [ 28.706357443601885, 47.125535954078167 ], [ 28.706350854338794, 47.125536052261729 ], [ 28.706299003335655, 47.125563821426418 ], [ 28.706279379384288, 47.125568613251005 ], [ 28.706266488545211, 47.125577804178938 ], [ 28.706259899276638, 47.125577902357335 ], [ 28.706247008431951, 47.125587093283116 ], [ 28.706240419162167, 47.125587191460404 ], [ 28.706188568051175, 47.125614960576215 ], [ 28.706168944070672, 47.125619752382214 ], [ 28.706156053200107, 47.125628943298025 ], [ 28.706149463924845, 47.125629041470148 ], [ 28.706136573048664, 47.125638232383828 ], [ 28.706129983772186, 47.125638330554835 ], [ 28.706117092890388, 47.125647521466398 ], [ 28.706110503612695, 47.125647619636304 ], [ 28.70609761272528, 47.125656810545706 ], [ 28.706091023446373, 47.125656908714504 ], [ 28.706078132553341, 47.125666099621789 ], [ 28.706071543273222, 47.125666197789485 ], [ 28.706058652374569, 47.125675388694617 ], [ 28.706052063093239, 47.125675486861212 ], [ 28.706032726735167, 47.125689273215194 ], [ 28.706026137452028, 47.125689371380311 ], [ 28.706006801082204, 47.125703157730037 ], [ 28.706000211797264, 47.12570325589369 ], [ 28.705954949735602, 47.125730926742534 ], [ 28.705948360447049, 47.125731024903253 ], [ 28.705935469511431, 47.125740215794899 ], [ 28.70592888022167, 47.125740313954509 ], [ 28.705909543808151, 47.125754100288248 ], [ 28.705902954516585, 47.125754198446373 ], [ 28.705883618091306, 47.125767984775855 ], [ 28.705877028797936, 47.125768082932524 ], [ 28.705831766616942, 47.125795753733897 ], [ 28.705825177319962, 47.125795851887638 ], [ 28.705812286347381, 47.125805042765798 ], [ 28.705805697049186, 47.125805140918416 ], [ 28.705786360580216, 47.125818927231911 ], [ 28.70577977128022, 47.125819025383052 ], [ 28.705760434799494, 47.125832811692312 ], [ 28.705753845497693, 47.125832909841996 ], [ 28.705708583197367, 47.125860580595912 ], [ 28.705701993891964, 47.125860678742661 ], [ 28.705689102882406, 47.125869869607321 ], [ 28.705682513575788, 47.125869967752955 ], [ 28.70566317705136, 47.125883754046214 ], [ 28.705656587742943, 47.125883852190391 ], [ 28.705637251206763, 47.125897638479394 ], [ 28.705630661896539, 47.125897736622093 ], [ 28.705585399476877, 47.125925407328538 ], [ 28.705578810163043, 47.125925505468302 ], [ 28.705565919116523, 47.125934696319476 ], [ 28.705559329801478, 47.125934794458132 ], [ 28.705539993221596, 47.125948580731148 ], [ 28.705533403904749, 47.125948678868333 ], [ 28.705488141391072, 47.125976349537304 ], [ 28.705481552070612, 47.12597644767154 ], [ 28.70546866099496, 47.12598563851207 ], [ 28.705462071673296, 47.125985736645205 ], [ 28.705455482351589, 47.125985834777964 ], [ 28.705455626133205, 47.125990332064575 ], [ 28.705449036810915, 47.125990430196964 ], [ 28.705449180592019, 47.125994927483582 ], [ 28.705442735049719, 47.125999522902234 ], [ 28.705436145726242, 47.125999621033912 ], [ 28.705416809090909, 47.126013407286692 ], [ 28.705410219765636, 47.126013505416893 ], [ 28.705364957132627, 47.126041176038413 ], [ 28.705358367803743, 47.126041274165672 ], [ 28.705345476691122, 47.126050464992687 ], [ 28.70533888736102, 47.126050563118852 ], [ 28.705319550681992, 47.126064349355637 ], [ 28.705312961350096, 47.126064447480331 ], [ 28.705293624659308, 47.12607823371286 ], [ 28.705287035325604, 47.126078331836091 ], [ 28.70524177257326, 47.126106002410125 ], [ 28.705235183235949, 47.126106100530407 ], [ 28.705222292086354, 47.126115291343936 ], [ 28.705215702747832, 47.126115389463116 ], [ 28.705196366013354, 47.126129175679672 ], [ 28.705189776673024, 47.126129273797375 ], [ 28.705170439926786, 47.126143060009667 ], [ 28.705163850584654, 47.126143158125892 ], [ 28.705118587712981, 47.126170828652484 ], [ 28.705111998367236, 47.126170926765781 ], [ 28.705099107180679, 47.126180117565816 ], [ 28.705092517833727, 47.126180215677998 ], [ 28.705073181043794, 47.12619400187431 ], [ 28.70506659169504, 47.126194099985028 ], [ 28.705047254893344, 47.126207886177099 ], [ 28.705040665542786, 47.126207984286339 ], [ 28.704995402551777, 47.126235654765452 ], [ 28.704988813197613, 47.126235752871764 ], [ 28.704975921974075, 47.1262449436583 ], [ 28.704969332618699, 47.126245041763504 ], [ 28.704949995773312, 47.126258827939587 ], [ 28.704943406416131, 47.12625892604332 ], [ 28.7048981433311, 47.126286596484952 ], [ 28.70489155397031, 47.126286694585751 ], [ 28.704878662717647, 47.126295885361635 ], [ 28.704872073355645, 47.126295983461326 ], [ 28.70485273646656, 47.126309769621415 ], [ 28.704846147102749, 47.126309867719627 ], [ 28.704826810201912, 47.126323653875467 ], [ 28.704820220836297, 47.126323751972215 ], [ 28.704774957631937, 47.126351422366383 ], [ 28.704768368262712, 47.12635152046019 ], [ 28.704755476973084, 47.126360711222588 ], [ 28.704748887602655, 47.126360809315287 ], [ 28.704729550658115, 47.12637459545514 ], [ 28.704722961285881, 47.126374693546374 ], [ 28.704703624329586, 47.126388479681964 ], [ 28.704697034955547, 47.126388577771735 ], [ 28.704651771631848, 47.126416248118453 ], [ 28.704645182254204, 47.126416346205275 ], [ 28.704632290927606, 47.126425536954166 ], [ 28.704625701548739, 47.126425635039887 ], [ 28.704606364548749, 47.126439421159503 ], [ 28.704599775168088, 47.126439519243753 ], [ 28.704580438156338, 47.126453305359107 ], [ 28.704573848773872, 47.126453403441886 ], [ 28.704528585330834, 47.126481073741118 ], [ 28.704521995944763, 47.126481171820963 ], [ 28.704509104581192, 47.126490362556368 ], [ 28.704502515193912, 47.126490460635097 ], [ 28.704483178138464, 47.126504246734463 ], [ 28.704476588749369, 47.126504344811735 ], [ 28.704457251682168, 47.126518130906838 ], [ 28.704450662291276, 47.12651822898264 ], [ 28.704405398728905, 47.126545899234415 ], [ 28.704398809334403, 47.126545997307261 ], [ 28.70438591793387, 47.126555188029172 ], [ 28.704379328538153, 47.126555286100924 ], [ 28.70435999142725, 47.126569072180047 ], [ 28.704353402029732, 47.126569170250328 ], [ 28.704334064907076, 47.126582956325194 ], [ 28.70432747550776, 47.126583054394018 ], [ 28.704282211826047, 47.126610724598315 ], [ 28.704275622423118, 47.126610822664198 ], [ 28.704262730985615, 47.126620013372602 ], [ 28.704256141581467, 47.126620111437369 ], [ 28.704236804415117, 47.126633897496262 ], [ 28.704230215009172, 47.126633995559558 ], [ 28.704184951233444, 47.126661665726374 ], [ 28.704178361823892, 47.126661763786736 ], [ 28.704165470357253, 47.126670954484496 ], [ 28.704158880946487, 47.126671052543749 ], [ 28.704139543736435, 47.126684838586648 ], [ 28.704132954323867, 47.12668493664443 ], [ 28.70411361710206, 47.126698722683074 ], [ 28.704107027687684, 47.126698820739399 ], [ 28.704061763792623, 47.126726490858744 ], [ 28.704055174374641, 47.126726588912113 ], [ 28.704042282871033, 47.12673577959638 ], [ 28.704035693451836, 47.126735877648656 ], [ 28.70401635618633, 47.126749663671305 ], [ 28.704009766765331, 47.126749761722103 ], [ 28.703990429488069, 47.126763547740516 ], [ 28.703983840065266, 47.126763645789843 ], [ 28.70393857605087, 47.126791315861723 ], [ 28.703931986624461, 47.126791413908116 ], [ 28.703919095083879, 47.126800604578882 ], [ 28.703912505656263, 47.126800702624159 ], [ 28.703893168335298, 47.126814488626579 ], [ 28.703886578905873, 47.126814586670392 ], [ 28.70386724157316, 47.126828372668562 ], [ 28.70386065214193, 47.126828470710905 ], [ 28.703815388008191, 47.126856140735313 ], [ 28.703808798573355, 47.126856238774721 ], [ 28.703795906995804, 47.126865429431994 ], [ 28.703789317559757, 47.126865527470294 ], [ 28.703769980183342, 47.126879313452477 ], [ 28.70376339074549, 47.126879411489298 ], [ 28.703744053357319, 47.126893197467218 ], [ 28.703737463917662, 47.126893295502583 ], [ 28.703692199664584, 47.126920965479513 ], [ 28.703685610221321, 47.126921063511944 ], [ 28.7036727186068, 47.12693025415571 ], [ 28.703666129162325, 47.126930352187038 ], [ 28.703653237542188, 47.126939542828673 ], [ 28.703646648096498, 47.126939640858886 ], [ 28.703633756470744, 47.126948831498382 ], [ 28.703627167023839, 47.126948929527494 ], [ 28.703607829575112, 47.126962715483003 ], [ 28.703601240126407, 47.126962813510637 ], [ 28.703594794307353, 47.126967408828094 ], [ 28.703588348487191, 47.126972004145181 ], [ 28.703581902665924, 47.126976599461912 ], [ 28.703575456843542, 47.126981194778296 ], [ 28.703569011020054, 47.126985790094338 ], [ 28.703562565195455, 47.126990385410011 ], [ 28.70355611936974, 47.126994980725343 ], [ 28.703549673542923, 47.126999576040319 ], [ 28.703543227714992, 47.127004171354955 ], [ 28.703536781885955, 47.127008766669213 ], [ 28.703530336055803, 47.127013361983131 ], [ 28.703523890224549, 47.127017957296715 ], [ 28.70351744439218, 47.12702255260993 ], [ 28.703510998558698, 47.127027147922789 ], [ 28.703504552724109, 47.127031743235293 ], [ 28.703498106888414, 47.127036338547455 ], [ 28.703491661051608, 47.127040933859256 ], [ 28.703485215213686, 47.127045529170715 ], [ 28.703478769374659, 47.127050124481826 ], [ 28.703472323534523, 47.127054719792568 ], [ 28.703465877693276, 47.127059315102962 ], [ 28.70345943185092, 47.127063910413014 ], [ 28.703407865072109, 47.127100672880701 ], [ 28.703408152301424, 47.127109667461731 ], [ 28.703401706448041, 47.127114262768629 ], [ 28.703401993676454, 47.127123257349673 ], [ 28.703395547820918, 47.12712785265623 ], [ 28.70339669673179, 47.127163830980294 ], [ 28.703430362186907, 47.127185827347617 ], [ 28.70343695166374, 47.127185729329462 ], [ 28.703443684758611, 47.127190128601292 ], [ 28.703450274235934, 47.127190030582369 ], [ 28.703457007332432, 47.12719442985339 ], [ 28.703463596810241, 47.127194331833692 ], [ 28.703470329908374, 47.127198731103903 ], [ 28.703476919386663, 47.127198633083431 ], [ 28.703483652486426, 47.127203032352831 ], [ 28.703530209713517, 47.127215838066583 ], [ 28.703536942819802, 47.127220237332764 ], [ 28.70354367592719, 47.12722463659852 ], [ 28.703550409035699, 47.127229035863877 ], [ 28.703557142145307, 47.127233435128808 ], [ 28.70356387525603, 47.127237834393334 ], [ 28.703577341480806, 47.127246632921143 ], [ 28.703578203259266, 47.127273616661093 ], [ 28.70357175740137, 47.127278211977512 ], [ 28.70356531154237, 47.127282807293575 ], [ 28.703565455171194, 47.127287304583575 ], [ 28.703559009310556, 47.127291899899298 ], [ 28.703559152938897, 47.127296397189305 ], [ 28.703552707076632, 47.127300992504686 ], [ 28.703546261213255, 47.127305587819706 ], [ 28.703539815348776, 47.127310183134384 ], [ 28.703533369483175, 47.127314778448707 ], [ 28.703526923616476, 47.127319373762681 ], [ 28.703520477748658, 47.127323969076301 ], [ 28.703514031879742, 47.127328564389572 ], [ 28.703514031879742, 47.127328564389572 ], [ 28.703520477748658, 47.127323969076301 ], [ 28.703526923616476, 47.127319373762681 ], [ 28.703526779990739, 47.127314876472617 ], [ 28.703533225856923, 47.127310281158657 ], [ 28.703539671721991, 47.127305685844341 ], [ 28.703546117585955, 47.127301090529684 ], [ 28.703552563448813, 47.127296495214665 ], [ 28.703559009310556, 47.127291899899298 ], [ 28.703565455171194, 47.127287304583575 ], [ 28.70356531154237, 47.127282807293575 ], [ 28.70357175740137, 47.127278211977512 ], [ 28.703584936376856, 47.127278015924269 ], [ 28.703598402615359, 47.12728681444937 ], [ 28.703591956757677, 47.127291409766904 ], [ 28.703592100388789, 47.127295907056833 ], [ 28.703592244019937, 47.127300404346762 ], [ 28.703585798160102, 47.127304999663977 ], [ 28.703585941790763, 47.127309496953906 ], [ 28.703579495929301, 47.12731409227078 ], [ 28.703579639559472, 47.127318589560723 ], [ 28.703573193696375, 47.127323184877241 ], [ 28.70357333732607, 47.127327682167198 ], [ 28.70356674783217, 47.127327780193411 ], [ 28.703566891461342, 47.127332277483397 ], [ 28.703560445595503, 47.127336872799226 ], [ 28.703560589224193, 47.127341370089191 ], [ 28.703553999728555, 47.1273414681147 ], [ 28.703554143356726, 47.127345965404693 ], [ 28.703554286984925, 47.127350462694665 ], [ 28.703547841115828, 47.127355058009819 ], [ 28.703541395245619, 47.127359653324611 ], [ 28.703541538872813, 47.127364150614618 ], [ 28.703554717869732, 47.127363954564586 ], [ 28.703561450997029, 47.127368353828935 ], [ 28.703548271999075, 47.127368549879762 ], [ 28.703541538872813, 47.127364150614618 ], [ 28.703541395245619, 47.127359653324611 ], [ 28.703547841115828, 47.127355058009819 ], [ 28.703553999728555, 47.1273414681147 ], [ 28.703560589224193, 47.127341370089191 ], [ 28.703560445595503, 47.127336872799226 ], [ 28.703566891461342, 47.127332277483397 ], [ 28.70356674783217, 47.127327780193411 ], [ 28.70357333732607, 47.127327682167198 ], [ 28.703573193696375, 47.127323184877241 ], [ 28.703579639559472, 47.127318589560723 ], [ 28.703579495929301, 47.12731409227078 ], [ 28.703585941790763, 47.127309496953906 ], [ 28.703585798160102, 47.127304999663977 ], [ 28.703592244019937, 47.127300404346762 ], [ 28.703592100388789, 47.127295907056833 ], [ 28.703591956757677, 47.127291409766904 ], [ 28.703598402615359, 47.12728681444937 ], [ 28.703604992104097, 47.127286716421395 ], [ 28.703611581592789, 47.127286618393022 ], [ 28.703618171081452, 47.127286520364287 ], [ 28.703624760570072, 47.127286422335168 ], [ 28.703631350058668, 47.127286324305665 ], [ 28.703637939547228, 47.1272862262758 ], [ 28.703644529035746, 47.127286128245551 ], [ 28.703651118524235, 47.127286030214911 ], [ 28.703657708012688, 47.127285932183902 ], [ 28.703664297501106, 47.127285834152516 ], [ 28.703736781871417, 47.127284755782227 ], [ 28.703743515003264, 47.127289155035868 ], [ 28.703750104491782, 47.127289056999537 ], [ 28.703756837625257, 47.127293456252382 ], [ 28.703803394994406, 47.127306261852993 ], [ 28.703816861275502, 47.127315060351812 ], [ 28.703823450766972, 47.127314962311218 ], [ 28.70389679711246, 47.127340867574887 ], [ 28.703903386606843, 47.127340769529646 ], [ 28.703903242949266, 47.127336272240477 ], [ 28.703903099291729, 47.127331774951301 ], [ 28.703909545126908, 47.127327179616564 ], [ 28.703916134619558, 47.127327081570627 ], [ 28.703922724112171, 47.127326983524313 ], [ 28.703929457264476, 47.12733138276672 ], [ 28.703929600924234, 47.127335880055831 ], [ 28.70392974458403, 47.12734037734495 ], [ 28.703929888243859, 47.127344874634048 ], [ 28.703930031903724, 47.127349371923145 ], [ 28.703936765059503, 47.127353771165069 ], [ 28.703943354555342, 47.127353673117526 ], [ 28.704051085206988, 47.127424060925811 ], [ 28.704051228877464, 47.127428558214568 ], [ 28.704051372547976, 47.127433055503332 ], [ 28.704051516218524, 47.127437552792067 ], [ 28.704051659889103, 47.127442050080809 ], [ 28.704051803559718, 47.127446547369551 ], [ 28.704039055554539, 47.127460235343328 ], [ 28.704039342893864, 47.127469229920834 ], [ 28.704026594880176, 47.127482917893282 ], [ 28.704026882217633, 47.127491912470809 ], [ 28.704014134195454, 47.127505600441928 ], [ 28.704014421531031, 47.127514595019477 ], [ 28.704001673500358, 47.127528282989267 ], [ 28.704001960834063, 47.127537277566837 ], [ 28.703989212794891, 47.127550965535299 ], [ 28.70398950012672, 47.127559960112904 ], [ 28.703976752079054, 47.127573648080038 ], [ 28.703977039409015, 47.127582642657657 ], [ 28.703957989154091, 47.127605423250266 ], [ 28.703958276481206, 47.127614417827914 ], [ 28.703945528412799, 47.127628105791722 ], [ 28.703945815738038, 47.127637100369405 ], [ 28.703933067661136, 47.127650788331863 ], [ 28.703933354984507, 47.127659782909582 ], [ 28.7039206068991, 47.127673470870725 ], [ 28.703920894220602, 47.127682465448444 ], [ 28.703908146126697, 47.127696153408252 ], [ 28.703908433446319, 47.127705147986006 ], [ 28.703895685343923, 47.127718835944478 ], [ 28.703895972661677, 47.127727830522254 ], [ 28.703883224550779, 47.127741518479418 ], [ 28.703883511866657, 47.127750513057208 ], [ 28.703870763747268, 47.127764201013044 ], [ 28.703871051061277, 47.127773195590848 ], [ 28.703852000694777, 47.12779597616656 ], [ 28.70385228800594, 47.127804970744407 ], [ 28.703839539865804, 47.127818658696903 ], [ 28.703839827175099, 47.127827653274778 ], [ 28.703833381274507, 47.127832248606062 ], [ 28.703827222680157, 47.127845838514908 ], [ 28.703820776776308, 47.127850433845509 ], [ 28.703814330871349, 47.127855029175763 ], [ 28.703807884965279, 47.127859624505653 ], [ 28.7038014390581, 47.127864219835203 ], [ 28.703788259939309, 47.127864415915205 ], [ 28.703781814029846, 47.127869011243668 ], [ 28.70378210132991, 47.127878005821742 ], [ 28.703795280452095, 47.127877809742401 ], [ 28.703795424103294, 47.127882307031399 ], [ 28.703795567754522, 47.127886804320383 ], [ 28.703795711405785, 47.127891301609374 ], [ 28.703795855057084, 47.127895798898358 ], [ 28.703796142359781, 47.127904793476318 ], [ 28.703777091915494, 47.127927574040065 ], [ 28.703777379215346, 47.127936568618068 ], [ 28.703764631025237, 47.127950256562571 ], [ 28.70376491832322, 47.127959251140581 ], [ 28.703752170124609, 47.127972939083776 ], [ 28.703752457420723, 47.1279819336618 ], [ 28.703739709213615, 47.127995621603652 ], [ 28.703739996507853, 47.128004616181727 ], [ 28.703727248292253, 47.128018304122243 ], [ 28.703727535584616, 47.128027298700331 ], [ 28.703708485068393, 47.128050079253129 ], [ 28.70370877235791, 47.12805907383126 ], [ 28.703696024121566, 47.128072761768458 ], [ 28.703696311409214, 47.128081756346589 ], [ 28.703683563164379, 47.128095444282458 ], [ 28.703683850450147, 47.128104438860618 ], [ 28.703671102196815, 47.128118126795158 ], [ 28.703671389480714, 47.128127121373353 ], [ 28.703658641218876, 47.128140809306551 ], [ 28.703658928500907, 47.128149803884767 ], [ 28.703646180230574, 47.128163491816643 ], [ 28.70364646751073, 47.128172486394874 ], [ 28.703633719231899, 47.128186174325421 ], [ 28.703634006510182, 47.12819516890368 ], [ 28.703621258222856, 47.128208856832899 ], [ 28.703621545499264, 47.128217851411179 ], [ 28.703602494871461, 47.128240631947079 ], [ 28.703602782145033, 47.128249626525403 ], [ 28.70359003383696, 47.128263314451296 ], [ 28.703590321108653, 47.128272309029626 ], [ 28.703577572792085, 47.12828599695419 ], [ 28.703577860061905, 47.128294991532549 ], [ 28.70356511173684, 47.128308679455778 ], [ 28.703565399004791, 47.128317674034172 ], [ 28.703552650671224, 47.128331361956064 ], [ 28.7035529379373, 47.128340356534473 ], [ 28.703533887237562, 47.128363137059431 ], [ 28.703534174500795, 47.128372131637882 ], [ 28.703521426146491, 47.128385819556449 ], [ 28.703521713407849, 47.128394814134914 ], [ 28.703508965045046, 47.12840850205216 ], [ 28.703509252304531, 47.128417496630654 ], [ 28.70348389918323, 47.128449369750385 ], [ 28.703484186438899, 47.128458364328942 ], [ 28.70347774043239, 47.128462959641091 ], [ 28.703477884059758, 47.128467456930366 ], [ 28.703471438051611, 47.128472052242174 ], [ 28.70346499204236, 47.128476647553633 ], [ 28.703458546031996, 47.128481242864737 ], [ 28.703452100020527, 47.128485838175493 ], [ 28.703477596805062, 47.128458462351809 ], [ 28.703477309550497, 47.128449467773237 ], [ 28.703496360304484, 47.128426687257317 ], [ 28.703496073047077, 47.128417692678774 ], [ 28.703508821415358, 47.128404004762913 ], [ 28.703508534156079, 47.128395010184406 ], [ 28.703527584877772, 47.128372229663491 ], [ 28.703527297615651, 47.128363235085018 ], [ 28.703540045963194, 47.128349547165818 ], [ 28.703539758699197, 47.128340552587375 ], [ 28.703552507038239, 47.12832686466686 ], [ 28.703552219772373, 47.128317870088431 ], [ 28.703571270448563, 47.128295089560545 ], [ 28.703570983179848, 47.128286094982165 ], [ 28.703583731498153, 47.128272407058311 ], [ 28.703583444227565, 47.128263412479946 ], [ 28.703596192537368, 47.12824972455477 ], [ 28.703595905264919, 47.128240729976419 ], [ 28.703614955895596, 47.12821794944157 ], [ 28.703614668620293, 47.128208954863268 ], [ 28.703627416909359, 47.12819526693476 ], [ 28.703627129632181, 47.128186272356466 ], [ 28.70363987791275, 47.128172584426636 ], [ 28.703639590633699, 47.128163589848363 ], [ 28.703658641218876, 47.128140809306551 ], [ 28.703658353936987, 47.128131814728334 ], [ 28.703671102196815, 47.128118126795158 ], [ 28.703670814913046, 47.128109132216949 ], [ 28.703683563164379, 47.128095444282458 ], [ 28.703683275878742, 47.128086449704277 ], [ 28.703702326418409, 47.128063669155488 ], [ 28.703702039129929, 47.128054674577356 ], [ 28.703714787360514, 47.128040986639526 ], [ 28.703714500070166, 47.128031992061395 ], [ 28.703727248292253, 47.128018304122243 ], [ 28.703726961000026, 47.128009309544147 ], [ 28.703739709213615, 47.127995621603652 ], [ 28.703739421919519, 47.127986627025585 ], [ 28.703758472400466, 47.127963846467836 ], [ 28.703758185103528, 47.127954851889804 ], [ 28.703770933296379, 47.127941163945984 ], [ 28.703770645997562, 47.127932169367973 ], [ 28.703777091915494, 47.127927574040065 ], [ 28.703776948265613, 47.127923076751067 ], [ 28.703783394181915, 47.127918481422832 ], [ 28.703783106881229, 47.127909486844821 ], [ 28.703795855057084, 47.127895798898358 ], [ 28.703795711405785, 47.127891301609374 ], [ 28.703795567754522, 47.127886804320383 ], [ 28.703795424103294, 47.127882307031399 ], [ 28.703808315921883, 47.127873116372591 ], [ 28.703807884965279, 47.127859624505653 ], [ 28.703814330871349, 47.127855029175763 ], [ 28.703820776776308, 47.127850433845509 ], [ 28.703820489469997, 47.127841439267577 ], [ 28.703833237620366, 47.127827751317128 ], [ 28.703832950312183, 47.127818756739224 ], [ 28.703845698454053, 47.127805068787417 ], [ 28.703845411144002, 47.127796074209549 ], [ 28.703858159277374, 47.127782386256428 ], [ 28.703857871965443, 47.127773391678566 ], [ 28.703876922321609, 47.127750611101938 ], [ 28.703876635006836, 47.127741616524112 ], [ 28.703889383119471, 47.127727928567666 ], [ 28.703889095802822, 47.127718933989861 ], [ 28.703901843906955, 47.1277052460321 ], [ 28.703901556588438, 47.127696251454317 ], [ 28.7039206068991, 47.127673470870725 ], [ 28.70392031957774, 47.127664476292985 ], [ 28.703933067661136, 47.127650788331863 ], [ 28.703932780337897, 47.127641793754158 ], [ 28.703945528412799, 47.127628105791722 ], [ 28.703945241087688, 47.127619111214031 ], [ 28.70396429135285, 47.127596330623454 ], [ 28.7039640040249, 47.127587336045806 ], [ 28.703976752079054, 47.127573648080038 ], [ 28.703976464749232, 47.127564653502397 ], [ 28.703989212794891, 47.127550965535299 ], [ 28.703988925463197, 47.127541970957687 ], [ 28.704001673500358, 47.127528282989267 ], [ 28.704001386166787, 47.127519288411683 ], [ 28.704014134195454, 47.127505600441928 ], [ 28.704013846860011, 47.127496605864366 ], [ 28.704032897053239, 47.127473825262847 ], [ 28.70403260971495, 47.127464830685327 ], [ 28.704039055554539, 47.127460235343328 ], [ 28.704038911884926, 47.127455738054572 ], [ 28.70404535772288, 47.127451142712246 ], [ 28.704045214052783, 47.127446645423497 ], [ 28.704051659889103, 47.127442050080809 ], [ 28.704051516218524, 47.127437552792067 ], [ 28.704057962053213, 47.127432957449059 ], [ 28.704064551558417, 47.127432859394411 ], [ 28.70407114106359, 47.127432761339385 ], [ 28.704077730568727, 47.127432663283983 ], [ 28.704084320073822, 47.127432565228204 ], [ 28.704090909578888, 47.127432467172049 ], [ 28.704144775045659, 47.127467661017263 ], [ 28.704138329214473, 47.127472256365095 ], [ 28.704138472892545, 47.127476753653617 ], [ 28.704132027059725, 47.127481349001101 ], [ 28.704125581225792, 47.127485944348244 ], [ 28.704126155934269, 47.127503933502346 ], [ 28.704119710097149, 47.127508528849177 ], [ 28.704119997450558, 47.127517523426235 ], [ 28.704107249446626, 47.12753121140743 ], [ 28.704107536798155, 47.127540205984502 ], [ 28.704088486614229, 47.127562986598072 ], [ 28.704088773962916, 47.127571981175187 ], [ 28.704082328114453, 47.127576576520013 ], [ 28.704082759136188, 47.127590068385693 ], [ 28.704076313285057, 47.127594663730193 ], [ 28.704076456958514, 47.12759916101875 ], [ 28.704076600632014, 47.127603658307315 ], [ 28.704083190158237, 47.12760356025133 ], [ 28.704089923359064, 47.127607959483491 ], [ 28.704090067033732, 47.127612456772006 ], [ 28.704090210708443, 47.127616954060528 ], [ 28.704090354383183, 47.127621451349029 ], [ 28.704090498057965, 47.127625948637537 ], [ 28.704090785407622, 47.127634943214552 ], [ 28.704084339551883, 47.127639538559528 ], [ 28.704084483226239, 47.127644035848036 ], [ 28.704078037368866, 47.12764863119267 ], [ 28.704078324716658, 47.1276576257697 ], [ 28.704059274479555, 47.127680406378659 ], [ 28.704053403303611, 47.127702990876102 ], [ 28.704040655239361, 47.127716678850241 ], [ 28.704040942581532, 47.127725673427349 ], [ 28.704028194508787, 47.127739361400167 ], [ 28.704028481849079, 47.127748355977282 ], [ 28.704015733767839, 47.127762043948763 ], [ 28.704016021106266, 47.127771038525907 ], [ 28.704003273016529, 47.12778472649606 ], [ 28.70400356035308, 47.127793721073232 ], [ 28.703984510036694, 47.127816501670267 ], [ 28.703984797370399, 47.127825496247468 ], [ 28.703972049259924, 47.127839184214302 ], [ 28.703972336591754, 47.127848178791524 ], [ 28.703959588472781, 47.12786186675703 ], [ 28.703959875802742, 47.127870861334273 ], [ 28.703947127675267, 47.12788454929845 ], [ 28.703947415003359, 47.127893543875714 ], [ 28.703928364628261, 47.127916324463804 ], [ 28.7039286519535, 47.127925319041083 ], [ 28.703915903805285, 47.127939007001949 ], [ 28.703916191128663, 47.127948001579277 ], [ 28.703903442971946, 47.127961689538786 ], [ 28.703903730293447, 47.127970684116136 ], [ 28.703884679872839, 47.127993464697241 ], [ 28.703884967191499, 47.128002459274626 ], [ 28.703872219014045, 47.128016147230817 ], [ 28.703872506330828, 47.12802514180823 ], [ 28.703859758144876, 47.128038829763085 ], [ 28.703860045459788, 47.128047824340499 ], [ 28.703847297265344, 47.128061512294039 ], [ 28.70384758457838, 47.128070506871495 ], [ 28.70382853409906, 47.128093287443662 ], [ 28.70382882140925, 47.128102282021139 ], [ 28.703816073194062, 47.128115969971333 ], [ 28.703816360502383, 47.128124964548846 ], [ 28.703803612278698, 47.128138652497718 ], [ 28.703803899585143, 47.128147647075266 ], [ 28.703791151352959, 47.128161335022796 ], [ 28.703791438657532, 47.128170329600358 ], [ 28.703772388119493, 47.128193110163565 ], [ 28.703772675421224, 47.128202104741149 ], [ 28.703759927168296, 47.12821579268536 ], [ 28.703760214468158, 47.128224787262972 ], [ 28.703747466206739, 47.128238475205848 ], [ 28.703747753504722, 47.128247469783503 ], [ 28.703735005234805, 47.128261157725042 ], [ 28.703735292530911, 47.128270152302711 ], [ 28.703722544252496, 47.128283840242929 ], [ 28.703722831546735, 47.12829283482062 ], [ 28.703710083259825, 47.128306522759516 ], [ 28.703710370552187, 47.128315517337228 ], [ 28.703691319928996, 47.128338297887495 ], [ 28.70369160721852, 47.128347292465243 ], [ 28.70367885891087, 47.128360980400799 ], [ 28.703679146198517, 47.128369974978561 ], [ 28.703666397882358, 47.128383662912803 ], [ 28.703666685168137, 47.128392657490593 ], [ 28.703653936843487, 47.1284063454235 ], [ 28.703654224127387, 47.128415340001311 ], [ 28.703647778140891, 47.128419935322817 ], [ 28.703647921782373, 47.128424432611723 ], [ 28.70363517344548, 47.128438120542633 ], [ 28.703635460726538, 47.128447115120487 ], [ 28.703616410025553, 47.128469895658803 ], [ 28.703616553664641, 47.128474392947751 ], [ 28.703616697303765, 47.128478890236693 ], [ 28.70362328693966, 47.128478792205783 ], [ 28.703629876575516, 47.128478694174504 ], [ 28.703636466211332, 47.128478596142841 ], [ 28.703636753493019, 47.128487590720624 ], [ 28.703650220050811, 47.12849638923381 ], [ 28.703656809688752, 47.128496291200946 ], [ 28.703663399326651, 47.128496193167706 ], [ 28.703663542969839, 47.128500690456534 ], [ 28.703663686613051, 47.12850518774534 ], [ 28.703663830256303, 47.128509685034139 ], [ 28.703663973899591, 47.128514182322952 ], [ 28.703657527902234, 47.128518777645063 ], [ 28.703657671545034, 47.128523274933883 ], [ 28.703657815187874, 47.128527772222689 ], [ 28.70364506682958, 47.128541460154743 ], [ 28.703645210471443, 47.128545957443556 ], [ 28.703645354113341, 47.128550454732384 ], [ 28.703638908110054, 47.128555050053492 ], [ 28.703639195392913, 47.128564044631148 ], [ 28.703626447021371, 47.128577732561212 ], [ 28.703626734302365, 47.128586727138874 ], [ 28.703607683549382, 47.128609507675904 ], [ 28.70360825810581, 47.128627496831314 ], [ 28.703601812090142, 47.128632092150447 ], [ 28.703588920055473, 47.128641282787648 ], [ 28.703589207330776, 47.128650277365395 ], [ 28.70357645892625, 47.12866396529013 ], [ 28.703576746199673, 47.128672959867906 ], [ 28.703557695395332, 47.128695740396957 ], [ 28.703557982665913, 47.128704734974768 ], [ 28.703551536636681, 47.12870933029118 ], [ 28.703551680271506, 47.128713827580086 ], [ 28.703538931842488, 47.128727515500806 ], [ 28.703539219110233, 47.128736510078653 ], [ 28.703526470672717, 47.128750197998073 ], [ 28.703526614305634, 47.128754695287 ], [ 28.703526757938587, 47.128759192575927 ], [ 28.703526901571571, 47.128763689864854 ], [ 28.703527045204584, 47.128768187153788 ], [ 28.703520599165124, 47.128772782468545 ], [ 28.703520742797657, 47.128777279757472 ], [ 28.703514153124551, 47.128777377782946 ], [ 28.703507707082871, 47.128781973096999 ], [ 28.703507994345888, 47.128790967674917 ], [ 28.703521173695471, 47.128790771624239 ], [ 28.703527907003433, 47.128795170887244 ], [ 28.703528050636699, 47.128799668176136 ], [ 28.703528194269992, 47.128804165465041 ], [ 28.703528768803526, 47.128822154620572 ], [ 28.70352232275782, 47.12882674993547 ], [ 28.703522610023757, 47.128835744513232 ], [ 28.70350986155891, 47.128849432430918 ], [ 28.703510148822975, 47.128858427008701 ], [ 28.703491097925813, 47.128881207527186 ], [ 28.703491385187032, 47.128890202105005 ], [ 28.703472334270792, 47.128912982620491 ], [ 28.703472621529166, 47.128921977198353 ], [ 28.703453570593847, 47.128944757710833 ], [ 28.703454145105042, 47.128962746866627 ], [ 28.703447699036136, 47.128967342177511 ], [ 28.703447842663497, 47.128971839466459 ], [ 28.703447842663497, 47.128971839466459 ], [ 28.703447699036136, 47.128967342177511 ], [ 28.703446980899827, 47.128944855732719 ], [ 28.703459873031335, 47.128935665110703 ], [ 28.703459298518748, 47.128917675954874 ], [ 28.703478349442239, 47.128894895441491 ], [ 28.703478062183173, 47.128885900863608 ], [ 28.703490810664732, 47.128872212949346 ], [ 28.703490523403794, 47.128863218371478 ], [ 28.703509574294991, 47.128840437853114 ], [ 28.703509287031203, 47.128831443275295 ], [ 28.703522035492025, 47.12881775535768 ], [ 28.703527907003433, 47.128795170887244 ], [ 28.703540655451004, 47.128781482967653 ], [ 28.703540368182573, 47.128772488389892 ], [ 28.703533778510124, 47.128772586416488 ], [ 28.703527045204584, 47.128768187153788 ], [ 28.703526901571571, 47.128763689864854 ], [ 28.703526757938587, 47.128759192575927 ], [ 28.703526614305634, 47.128754695287 ], [ 28.703526470672717, 47.128750197998073 ], [ 28.703526183406993, 47.128741203420176 ], [ 28.703545234240643, 47.128718422896171 ], [ 28.703544946972073, 47.128709428318309 ], [ 28.703557695395332, 47.128695740396957 ], [ 28.703557408124887, 47.128686745819124 ], [ 28.70357645892625, 47.12866396529013 ], [ 28.703576171652958, 47.128654970712347 ], [ 28.70358261767359, 47.128650375394606 ], [ 28.703582474036477, 47.128645878105729 ], [ 28.703588920055473, 47.128641282787648 ], [ 28.703595509711512, 47.128641184758088 ], [ 28.703601955728818, 47.128636589439303 ], [ 28.703601955728818, 47.128636589439303 ], [ 28.703601812090142, 47.128632092150447 ], [ 28.7036012375358, 47.128614102994995 ], [ 28.703607683549382, 47.128609507675904 ], [ 28.703607539910362, 47.128605010387048 ], [ 28.703613985922324, 47.128600415067623 ], [ 28.703613698643345, 47.128591420489911 ], [ 28.703632749387477, 47.128568639951936 ], [ 28.703632462105659, 47.12855964537426 ], [ 28.703645210471443, 47.128545957443556 ], [ 28.70364506682958, 47.128541460154743 ], [ 28.703644923187749, 47.128536962865908 ], [ 28.703651369188368, 47.128532367544473 ], [ 28.70365122554605, 47.128527870255652 ], [ 28.703657671545034, 47.128523274933883 ], [ 28.703657527902234, 47.128518777645063 ], [ 28.703663973899591, 47.128514182322952 ], [ 28.703663830256303, 47.128509685034139 ], [ 28.703663686613051, 47.12850518774534 ], [ 28.703663542969839, 47.128500690456534 ], [ 28.703663399326651, 47.128496193167706 ], [ 28.703669845320821, 47.12849159784529 ], [ 28.70366970167715, 47.128487100556477 ], [ 28.70366970167715, 47.128487100556477 ], [ 28.703669845320821, 47.12849159784529 ], [ 28.703663399326651, 47.128496193167706 ], [ 28.703656809688752, 47.128496291200946 ], [ 28.703650220050811, 47.12849638923381 ], [ 28.703649932766769, 47.128487394656105 ], [ 28.703636466211332, 47.128478596142841 ], [ 28.703629876575516, 47.128478694174504 ], [ 28.70362328693966, 47.128478792205783 ], [ 28.70362328693966, 47.128478792205783 ], [ 28.703616697303765, 47.128478890236693 ], [ 28.703616553664641, 47.128474392947751 ], [ 28.703616410025553, 47.128469895658803 ], [ 28.703616266386497, 47.128465398369855 ], [ 28.703622712381151, 47.128460803050061 ], [ 28.703622425102104, 47.128451808472164 ], [ 28.703641475794242, 47.128429027932896 ], [ 28.70364118851235, 47.128420033355034 ], [ 28.703653936843487, 47.1284063454235 ], [ 28.703653649559726, 47.12839735084566 ], [ 28.703666397882358, 47.128383662912803 ], [ 28.703666110596728, 47.128374668334992 ], [ 28.70367885891087, 47.128360980400799 ], [ 28.703678571623357, 47.128351985823016 ], [ 28.703691319928996, 47.128338297887495 ], [ 28.703691032639618, 47.128329303309727 ], [ 28.703710083259825, 47.128306522759516 ], [ 28.703709795967598, 47.128297528181797 ], [ 28.703722544252496, 47.128283840242929 ], [ 28.7037222569584, 47.128274845665231 ], [ 28.703735005234805, 47.128261157725042 ], [ 28.703734717938833, 47.128252163147373 ], [ 28.703747466206739, 47.128238475205848 ], [ 28.703747178908888, 47.1282294806282 ], [ 28.703759927168296, 47.12821579268536 ], [ 28.703759639868583, 47.128206798107726 ], [ 28.703772388119493, 47.128193110163565 ], [ 28.703772100817904, 47.128184115585938 ], [ 28.703784849060316, 47.128170427640455 ], [ 28.703784561756855, 47.128161433062857 ], [ 28.703803612278698, 47.128138652497718 ], [ 28.703803324972387, 47.128129657920169 ], [ 28.703816073194062, 47.128115969971333 ], [ 28.703815785885883, 47.128106975393806 ], [ 28.70382853409906, 47.128093287443662 ], [ 28.703828246789001, 47.128084292866141 ], [ 28.70384099499368, 47.128070604914662 ], [ 28.703840707681753, 47.128061610337177 ], [ 28.703853455877937, 47.128047922384354 ], [ 28.703853168564134, 47.128038927806898 ], [ 28.70386591675182, 47.128025239852747 ], [ 28.703865629436148, 47.128016245275305 ], [ 28.703878377615336, 47.128002557319853 ], [ 28.703878090297792, 47.127993562742418 ], [ 28.703897140721267, 47.127970782162372 ], [ 28.703896853400881, 47.127961787584987 ], [ 28.703903299311246, 47.127957192250108 ], [ 28.703903011989961, 47.12794819767273 ], [ 28.703915760143655, 47.12793450971327 ], [ 28.703915472820487, 47.127925515135921 ], [ 28.703928220965683, 47.127911827175133 ], [ 28.703927933640653, 47.127902832597812 ], [ 28.703946984011274, 47.1278800520098 ], [ 28.703946696683392, 47.127871057432515 ], [ 28.703953142578641, 47.127866462094957 ], [ 28.703952998914232, 47.127861964806314 ], [ 28.703965747034943, 47.127848276841526 ], [ 28.703965459704218, 47.127839282264269 ], [ 28.703984510036694, 47.127816501670267 ], [ 28.703984222703124, 47.12780750709306 ], [ 28.7039969708031, 47.127793819124939 ], [ 28.703996683467654, 47.127784824547739 ], [ 28.704009431559129, 47.127771136578289 ], [ 28.704009144221814, 47.127762142001117 ], [ 28.704021892304791, 47.127748454030339 ], [ 28.704021604965607, 47.127739459453196 ], [ 28.704034353040086, 47.127725771481089 ], [ 28.704034065699027, 47.127716776903959 ], [ 28.704053115959567, 47.12769399629903 ], [ 28.704052828615662, 47.12768500172195 ], [ 28.704065576669404, 47.127671313746504 ], [ 28.70406528932363, 47.127662319169445 ], [ 28.704071735183739, 47.127657723825486 ], [ 28.704071591510385, 47.127653226536971 ], [ 28.704078037368866, 47.12764863119267 ], [ 28.70407775002122, 47.127639636615633 ], [ 28.704090498057965, 47.127625948637537 ], [ 28.704090354383183, 47.127621451349029 ], [ 28.704090210708443, 47.127616954060528 ], [ 28.704090067033732, 47.127612456772006 ], [ 28.704089923359064, 47.127607959483491 ], [ 28.704083333832319, 47.127608057539867 ], [ 28.704076600632014, 47.127603658307315 ], [ 28.704076456958514, 47.12759916101875 ], [ 28.704076313285057, 47.127594663730193 ], [ 28.704075594918276, 47.127572177287334 ], [ 28.704088342939933, 47.127558489309514 ], [ 28.704088055591448, 47.127549494732385 ], [ 28.704094501436202, 47.12754489938726 ], [ 28.704094357761495, 47.127540402098703 ], [ 28.704100803604614, 47.127535806753237 ], [ 28.704100516254258, 47.127526812176129 ], [ 28.704113264258922, 47.127513124195659 ], [ 28.704119135390759, 47.127490539695032 ], [ 28.704125581225792, 47.127485944348244 ], [ 28.704132027059725, 47.127481349001101 ], [ 28.704131883382175, 47.127476851712579 ], [ 28.704138329214473, 47.127472256365095 ], [ 28.704144775045659, 47.127467661017263 ], [ 28.70415136455485, 47.12746756295757 ], [ 28.704157954064012, 47.127467464897499 ], [ 28.704164543573135, 47.127467366837053 ], [ 28.70417113308222, 47.127467268776222 ], [ 28.704177722591279, 47.127467170715008 ], [ 28.704184312100292, 47.127467072653424 ], [ 28.704190901609277, 47.127466974591457 ], [ 28.704197491118229, 47.127466876529112 ], [ 28.704204080627147, 47.127466778466378 ], [ 28.704210670136021, 47.127466680403273 ], [ 28.704217259644871, 47.127466582339792 ], [ 28.704223849153681, 47.127466484275928 ], [ 28.704230438662456, 47.127466386211687 ], [ 28.704237028171196, 47.127466288147069 ], [ 28.704243617679907, 47.127466190082075 ], [ 28.704256796697216, 47.127465993950935 ], [ 28.704283585802262, 47.127479093548651 ], [ 28.704290175312391, 47.127478995480963 ], [ 28.704303641716606, 47.127487793920665 ], [ 28.704310231227748, 47.127487695851798 ], [ 28.704323697637442, 47.127496494289069 ], [ 28.704330287149585, 47.127496396219044 ], [ 28.704343753564761, 47.127505194653864 ], [ 28.704350343077905, 47.127505096582667 ], [ 28.704363809498567, 47.127513895015049 ], [ 28.704370399012713, 47.127513796942679 ], [ 28.704383865438849, 47.127522595372618 ], [ 28.704403777684906, 47.127526798438737 ], [ 28.704457356040283, 47.127552997556954 ], [ 28.70447726830319, 47.127557200610042 ], [ 28.704510790737977, 47.127574699361737 ], [ 28.704530703012988, 47.127578902405361 ], [ 28.704544169481785, 47.127587700815802 ], [ 28.704550759004437, 47.12758760273293 ], [ 28.704725823516295, 47.127701981907911 ], [ 28.704726398431482, 47.127719971055718 ], [ 28.704800320702955, 47.127763864873401 ], [ 28.704800464438289, 47.127768362160133 ], [ 28.704802189265013, 47.127822329600647 ], [ 28.704782851815047, 47.127836115752771 ], [ 28.704783139283535, 47.127845110326199 ], [ 28.704757787193959, 47.127876983717769 ], [ 28.704758074658628, 47.127885978291253 ], [ 28.704751628831673, 47.127890573673263 ], [ 28.704752060027378, 47.127904065533507 ], [ 28.704745614197751, 47.127908660915182 ], [ 28.70474618912376, 47.12792665006215 ], [ 28.704733441187571, 47.127940338111323 ], [ 28.70473473476407, 47.127980813691941 ], [ 28.704728288923835, 47.127985409072735 ], [ 28.704728576384618, 47.127994403646184 ], [ 28.704722130542233, 47.127998999026659 ], [ 28.704715684698733, 47.128003594406756 ], [ 28.704709238854125, 47.12800818978652 ], [ 28.704709238854125, 47.12800818978652 ], [ 28.704715684698733, 47.128003594406756 ], [ 28.704712091474892, 47.127891162236914 ], [ 28.704718537305382, 47.127886566857093 ], [ 28.704717100016719, 47.127841593988585 ], [ 28.704729847934257, 47.12782790594126 ], [ 28.704729560474927, 47.127818911367541 ], [ 28.704800464438289, 47.127768362160133 ], [ 28.704800320702955, 47.127763864873401 ], [ 28.704800033232395, 47.127754870299917 ], [ 28.704793299955266, 47.127750471110623 ], [ 28.704793156220624, 47.127745973823856 ], [ 28.704725823516295, 47.127701981907911 ], [ 28.704706054907668, 47.127702276186092 ], [ 28.704658922091596, 47.127671481812051 ], [ 28.704645743026283, 47.127671677990094 ], [ 28.704477412010256, 47.127561697897704 ], [ 28.704391748251442, 47.127562972889912 ], [ 28.704385015031995, 47.127558573675714 ], [ 28.70437828181365, 47.127554174461103 ], [ 28.704371548596423, 47.127549775246081 ], [ 28.704364815380298, 47.127545376030646 ], [ 28.704358082165289, 47.127540976814785 ], [ 28.704351348951388, 47.127536577598519 ], [ 28.704344615738595, 47.127532178381841 ], [ 28.704337882526918, 47.127527779164751 ], [ 28.704331149316346, 47.127523379947249 ], [ 28.704324416106882, 47.127518980729327 ], [ 28.70431768289853, 47.127514581511001 ], [ 28.70431094969129, 47.127510182292262 ], [ 28.704304216485152, 47.127505783073097 ], [ 28.704297483280133, 47.127501383853527 ], [ 28.704290750076222, 47.127496984633545 ], [ 28.704284016873416, 47.127492585413151 ], [ 28.704277283671725, 47.127488186192338 ], [ 28.70427055047114, 47.127483786971112 ], [ 28.70426381727167, 47.127479387749474 ], [ 28.704257084073305, 47.127474988527418 ], [ 28.704250350876052, 47.127470589304956 ], [ 28.704243617679907, 47.127466190082075 ], [ 28.704209951715836, 47.12744419396148 ], [ 28.704170414678678, 47.127444782333967 ], [ 28.704156948307062, 47.127435983878087 ], [ 28.704110821769419, 47.127436670289889 ], [ 28.704104088588913, 47.127432271058581 ], [ 28.704097499083918, 47.12743236911551 ], [ 28.704090909578888, 47.127432467172049 ], [ 28.704084320073822, 47.127432565228204 ], [ 28.704077730568727, 47.127432663283983 ], [ 28.70407114106359, 47.127432761339385 ], [ 28.704064551558417, 47.127432859394411 ], [ 28.704051085206988, 47.127424060925811 ], [ 28.704044495702824, 47.127424158979672 ], [ 28.704037762529293, 47.127419759744356 ], [ 28.704031029356869, 47.127415360508635 ], [ 28.704024296185558, 47.127410961272496 ], [ 28.704017563015356, 47.127406562035944 ], [ 28.704010829846261, 47.12740216279898 ], [ 28.704004096678286, 47.127397763561596 ], [ 28.703997363511409, 47.127393364323815 ], [ 28.70399063034565, 47.127388965085601 ], [ 28.703983897180994, 47.127384565846988 ], [ 28.703977164017456, 47.127380166607956 ], [ 28.703970430855016, 47.127375767368505 ], [ 28.703963697693695, 47.127371368128642 ], [ 28.703956964533482, 47.127366968888367 ], [ 28.703950231374378, 47.127362569647687 ], [ 28.703943498216386, 47.127358170406595 ], [ 28.703936765059503, 47.127353771165069 ], [ 28.703930031903724, 47.127349371923145 ], [ 28.703929888243859, 47.127344874634048 ], [ 28.70392974458403, 47.12734037734495 ], [ 28.703929600924234, 47.127335880055831 ], [ 28.703929457264476, 47.12733138276672 ], [ 28.703922724112171, 47.127326983524313 ], [ 28.703916134619558, 47.127327081570627 ], [ 28.703909545126908, 47.127327179616564 ], [ 28.703903099291729, 47.127331774951301 ], [ 28.703903242949266, 47.127336272240477 ], [ 28.703903386606843, 47.127340769529646 ], [ 28.70389679711246, 47.127340867574887 ], [ 28.703824312671955, 47.127341946047402 ], [ 28.703810846382741, 47.127333147549606 ], [ 28.703744951443586, 47.127334127931505 ], [ 28.703738218305848, 47.127329728678049 ], [ 28.70373162881226, 47.127329826713762 ], [ 28.703724895676149, 47.127325427459489 ], [ 28.703718162541151, 47.127321028204818 ], [ 28.70371142940726, 47.127316628949728 ], [ 28.703704696274478, 47.127312229694219 ], [ 28.703697963142812, 47.127307830438305 ], [ 28.703691230012247, 47.127303431181979 ], [ 28.703684496882801, 47.127299031925226 ], [ 28.703677763754456, 47.127294632668068 ], [ 28.70367103062723, 47.127290233410498 ], [ 28.703664297501106, 47.127285834152516 ], [ 28.703590233187022, 47.127237442287388 ], [ 28.703590233187022, 47.127237442287388 ], [ 28.703583643704331, 47.127237540314439 ], [ 28.703577054221597, 47.127237638341114 ], [ 28.703570464738831, 47.127237736367412 ], [ 28.70356387525603, 47.127237834393334 ], [ 28.703550696290325, 47.127238030444026 ], [ 28.703537230072076, 47.127229231912999 ], [ 28.703491103698305, 47.12722991807297 ], [ 28.703484370594477, 47.127225518804075 ], [ 28.703471191631277, 47.127225714845586 ], [ 28.703457725429043, 47.127216916304974 ], [ 28.703424778025624, 47.127217406398174 ], [ 28.703364180193926, 47.127177812927222 ], [ 28.703351001241685, 47.127178008954751 ], [ 28.703337535071149, 47.127169210399522 ], [ 28.703245282416109, 47.127170582538774 ], [ 28.703218350117492, 47.127152985401281 ], [ 28.703211760643953, 47.127153083406817 ], [ 28.703205027572594, 47.127148684121011 ], [ 28.703191848626453, 47.127148880130143 ], [ 28.703158470479, 47.127135878273144 ], [ 28.703145291535698, 47.127136074276876 ], [ 28.703098590878202, 47.127118771113153 ], [ 28.703085411938719, 47.127118967109936 ], [ 28.703078678881965, 47.127114567816491 ], [ 28.703072089412686, 47.127114665813927 ], [ 28.703065356357563, 47.127110266519658 ], [ 28.703018799329723, 47.127097460614074 ], [ 28.703006051137223, 47.127111148475969 ], [ 28.703006338298909, 47.12712014305886 ], [ 28.702999892409036, 47.127124738343582 ], [ 28.702981129048236, 47.127156513361577 ], [ 28.702916670034387, 47.12720246617944 ], [ 28.702910080553707, 47.127202564167689 ], [ 28.702903491072991, 47.127202662155568 ], [ 28.70289690159224, 47.127202760143049 ], [ 28.702890455682979, 47.127207355421817 ], [ 28.702890599254545, 47.127211852713451 ], [ 28.702871261518553, 47.12722563854765 ], [ 28.702871405088594, 47.127230135839319 ], [ 28.702858513258011, 47.12723932639372 ], [ 28.70285865682704, 47.127243823685404 ], [ 28.702852210909565, 47.127248418962083 ], [ 28.702845764990979, 47.127253014238406 ], [ 28.702846052127068, 47.127262008821823 ], [ 28.702833160284481, 47.12727119937346 ], [ 28.702833303851538, 47.127275696665187 ], [ 28.702833303851538, 47.127275696665187 ], [ 28.702833160284481, 47.12727119937346 ], [ 28.702832873150474, 47.127262204790007 ], [ 28.70283931907128, 47.127257609514388 ], [ 28.702845764990979, 47.127253014238406 ], [ 28.702852210909565, 47.127248418962083 ], [ 28.702851780204131, 47.127234927086967 ], [ 28.702858226120046, 47.127230331810324 ], [ 28.702864672034853, 47.127225736533319 ], [ 28.702871117948547, 47.12722114125598 ], [ 28.702877563861136, 47.127216545978278 ], [ 28.70288400977261, 47.127211950700222 ], [ 28.702890455682979, 47.127207355421817 ], [ 28.70289690159224, 47.127202760143049 ], [ 28.702903491072991, 47.127202662155568 ], [ 28.702910080553707, 47.127202564167689 ], [ 28.702916670034387, 47.12720246617944 ], [ 28.702916526460676, 47.127197968887849 ], [ 28.702935577024473, 47.127175188463113 ], [ 28.702935289874162, 47.127166193879987 ], [ 28.702941735774612, 47.127161598598782 ], [ 28.702947894521699, 47.127148008734132 ], [ 28.703018799329723, 47.127097460614074 ], [ 28.703097872935409, 47.127096284656972 ], [ 28.703104605991367, 47.127100683949308 ], [ 28.703117784926199, 47.127100487950365 ], [ 28.703164485573541, 47.12711779110645 ], [ 28.703177664512189, 47.127117595100565 ], [ 28.703211042652601, 47.127130596952099 ], [ 28.703224221594102, 47.127130400940814 ], [ 28.703230954664658, 47.127134800225505 ], [ 28.703270491491434, 47.127134212180209 ], [ 28.703317192216421, 47.127151515272899 ], [ 28.703330371162355, 47.127151319249336 ], [ 28.703362600471422, 47.127128342730856 ], [ 28.703362026027918, 47.127110353568426 ], [ 28.703368471884318, 47.12710575826371 ], [ 28.703367753828115, 47.12708327181064 ], [ 28.703374199680805, 47.12707867650564 ], [ 28.703373481622872, 47.127056190052542 ], [ 28.703379927471847, 47.127051594747229 ], [ 28.703379209412176, 47.127029108294089 ], [ 28.703385655257446, 47.127024512988491 ], [ 28.703385080808253, 47.127006523825948 ], [ 28.703391526650329, 47.127001928520059 ], [ 28.703390808587013, 47.126979442066833 ], [ 28.703397254425386, 47.126974846760653 ], [ 28.703396536360334, 47.126952360307413 ], [ 28.703402982194991, 47.126947765000907 ], [ 28.703402264128208, 47.126925278547631 ], [ 28.703408709959152, 47.12692068324084 ], [ 28.703407991890639, 47.126898196787515 ], [ 28.703414437717875, 47.12689360148044 ], [ 28.703413719647617, 47.126871115027058 ], [ 28.703420165471144, 47.126866519719705 ], [ 28.70341944739916, 47.126844033266288 ], [ 28.70342589321897, 47.126839437958623 ], [ 28.703425175145249, 47.126816951505177 ], [ 28.703431620961357, 47.12681235619722 ], [ 28.703431046500917, 47.126794367034428 ], [ 28.703437492313835, 47.126789771726166 ], [ 28.703436774236472, 47.126767285272663 ], [ 28.703443220045674, 47.126762689964089 ], [ 28.703442501966578, 47.126740203510529 ], [ 28.703448947772063, 47.126735608201678 ], [ 28.703448229691233, 47.126713121748089 ], [ 28.703454675493013, 47.126708526438925 ], [ 28.703453957410449, 47.126686039985309 ], [ 28.703460403208517, 47.12668144467586 ], [ 28.70345997235783, 47.126667952803658 ], [ 28.70346641815323, 47.126663357493904 ], [ 28.703465987301296, 47.126649865621708 ], [ 28.703472433094028, 47.126645270311634 ], [ 28.703472002240844, 47.126631778439439 ], [ 28.703478448030904, 47.126627183129045 ], [ 28.703478017176472, 47.12661369125685 ], [ 28.703484462963861, 47.126609095946129 ], [ 28.703484032108182, 47.126595604073941 ], [ 28.703490477892899, 47.126591008762901 ], [ 28.703490047035974, 47.126577516890713 ], [ 28.703496492818019, 47.126572921579353 ], [ 28.703495918340522, 47.126554932416425 ], [ 28.70350236411938, 47.12655033710476 ], [ 28.703501933260057, 47.126536845232557 ], [ 28.703508379036244, 47.126532249920572 ], [ 28.703508091795825, 47.126523255339109 ], [ 28.703553212190769, 47.126491088145549 ], [ 28.703553212190769, 47.126491088145549 ], [ 28.703553068566968, 47.126486590854896 ], [ 28.70355292494321, 47.126482093564235 ], [ 28.70355278131948, 47.12647759627356 ], [ 28.70355263769579, 47.126473098982899 ], [ 28.703552494072131, 47.126468601692224 ], [ 28.703552350448511, 47.126464104401556 ], [ 28.703565241973688, 47.126454913771781 ], [ 28.703565098349063, 47.12645041648112 ], [ 28.70356495472447, 47.126445919190459 ], [ 28.703571400484353, 47.126441323875078 ], [ 28.703571400484353, 47.126441323875078 ], [ 28.70356495472447, 47.126445919190459 ], [ 28.703565098349063, 47.12645041648112 ], [ 28.703565241973688, 47.126454913771781 ], [ 28.703565385598353, 47.126459411062442 ], [ 28.703552494072131, 47.126468601692224 ], [ 28.70355263769579, 47.126473098982899 ], [ 28.70355278131948, 47.12647759627356 ], [ 28.70355292494321, 47.126482093564235 ], [ 28.703553068566968, 47.126486590854896 ], [ 28.703553212190769, 47.126491088145549 ], [ 28.703553355814599, 47.12649558543621 ], [ 28.7035469100467, 47.126500180750647 ], [ 28.703547340916845, 47.126513672622622 ], [ 28.703540895146276, 47.126518267936731 ], [ 28.703541326015166, 47.126531759808707 ], [ 28.703534880241929, 47.126536355122504 ], [ 28.703535311109572, 47.126549846994493 ], [ 28.703528865333666, 47.126554442307963 ], [ 28.703529296200056, 47.126567934179938 ], [ 28.703522850421479, 47.126572529493096 ], [ 28.703523281286628, 47.126586021365078 ], [ 28.703516835505379, 47.126590616677909 ], [ 28.703517409990646, 47.126608605840538 ], [ 28.703510964206203, 47.12661320115307 ], [ 28.703511395068961, 47.126626693025031 ], [ 28.70350494928185, 47.126631288337258 ], [ 28.703505380143351, 47.126644780209212 ], [ 28.703498934353568, 47.126649375521112 ], [ 28.703499365213826, 47.126662867393073 ], [ 28.703492919421375, 47.126667462704653 ], [ 28.703493350280386, 47.126680954576614 ], [ 28.703486904485263, 47.126685549887874 ], [ 28.703487191723735, 47.126694544469196 ], [ 28.703480745926466, 47.126699139780136 ], [ 28.703481751258561, 47.126730620814683 ], [ 28.703475305456543, 47.12673521612534 ], [ 28.703476023549335, 47.126757702578523 ], [ 28.703469577743601, 47.126762297888895 ], [ 28.703470295834663, 47.126784784342036 ], [ 28.703463850025223, 47.126789379652124 ], [ 28.703464568114548, 47.126811866105228 ], [ 28.703458122301392, 47.126816461415004 ], [ 28.703458840388986, 47.126838947868073 ], [ 28.703452394572121, 47.12684354317755 ], [ 28.70345296904074, 47.126861532339973 ], [ 28.703446523220681, 47.126866127649158 ], [ 28.70344724130463, 47.126888614102157 ], [ 28.703440795480862, 47.126893209411044 ], [ 28.703441513563085, 47.126915695864007 ], [ 28.703435067735601, 47.126920291172596 ], [ 28.703435785816087, 47.12694277762553 ], [ 28.703403556649043, 47.126965754163471 ], [ 28.703406572541912, 47.127060197265898 ], [ 28.703413305618195, 47.127064596539853 ], [ 28.70345943185092, 47.127063910413014 ], [ 28.703465877693276, 47.127059315102962 ], [ 28.703472323534523, 47.127054719792568 ], [ 28.703478912995024, 47.12705462177221 ], [ 28.703504696346556, 47.127036240525648 ], [ 28.703511285804662, 47.127036142503442 ], [ 28.703524177472591, 47.127026951877319 ], [ 28.703530766929482, 47.127026853854019 ], [ 28.703543658591794, 47.127017663225764 ], [ 28.70355024804747, 47.127017565201356 ], [ 28.703563139704158, 47.127008374570956 ], [ 28.703569729158627, 47.127008276545439 ], [ 28.703582620809701, 47.126999085912907 ], [ 28.703589210262948, 47.126998987886289 ], [ 28.703602101908402, 47.126989797251625 ], [ 28.70360869136044, 47.126989699223891 ], [ 28.703628028818532, 47.126975913268161 ], [ 28.703634618268765, 47.126975815238964 ], [ 28.703647509900765, 47.126966624599319 ], [ 28.703654099349784, 47.126966526569021 ], [ 28.70366699097616, 47.12695733592723 ], [ 28.703673580423967, 47.12695723789583 ], [ 28.70368647204473, 47.126948047251922 ], [ 28.703693061491322, 47.126947949219407 ], [ 28.703712398912373, 47.1269341632498 ], [ 28.70371898835716, 47.126934065215828 ], [ 28.703731879964469, 47.126924874566924 ], [ 28.703738469408044, 47.126924776531844 ], [ 28.703757806808905, 47.126910990554784 ], [ 28.703764396250683, 47.126910892518225 ], [ 28.703809660457107, 47.126883222513278 ], [ 28.703816249895272, 47.126883124473778 ], [ 28.703829141473449, 47.126873933814231 ], [ 28.703835730910399, 47.126873835773623 ], [ 28.703855068267561, 47.126860049780582 ], [ 28.703861657702713, 47.126859951738517 ], [ 28.703880995048124, 47.126846165741199 ], [ 28.703887584481468, 47.126846067697663 ], [ 28.703932848568556, 47.126818397645252 ], [ 28.703939437998294, 47.12681829959876 ], [ 28.703952329539504, 47.126809108925727 ], [ 28.703958918968024, 47.126809010878141 ], [ 28.703978256269732, 47.12679522486485 ], [ 28.703984845696453, 47.126795126815786 ], [ 28.704004182986409, 47.126781340798239 ], [ 28.70401077241133, 47.126781242747711 ], [ 28.704056036379079, 47.126753572647836 ], [ 28.704062625800393, 47.126753474594366 ], [ 28.704075517304627, 47.12674428390784 ], [ 28.704082106724719, 47.126744185853262 ], [ 28.704101443970977, 47.126730399819728 ], [ 28.704108033389272, 47.126730301763686 ], [ 28.70412737062377, 47.126716515725896 ], [ 28.704133960040263, 47.126716417668376 ], [ 28.704179223888676, 47.12668874752103 ], [ 28.704185813301564, 47.126688649460576 ], [ 28.704198704768825, 47.126679458760556 ], [ 28.70420529418049, 47.126679360698994 ], [ 28.704224631371293, 47.126665574645209 ], [ 28.704231220781157, 47.12666547658219 ], [ 28.704250557960204, 47.126651690524156 ], [ 28.704257147368271, 47.126651592459652 ], [ 28.704302411097352, 47.126623922264841 ], [ 28.704309000501802, 47.126623824197395 ], [ 28.7043218919321, 47.126614633483875 ], [ 28.704328481335335, 47.126614535415342 ], [ 28.704347818470687, 47.126600749341314 ], [ 28.704354407872124, 47.126600651271318 ], [ 28.704399671507186, 47.126572981039018 ], [ 28.704406260905017, 47.126572882966073 ], [ 28.70441915230618, 47.126563692241888 ], [ 28.704425741702792, 47.126563594167827 ], [ 28.704445078794446, 47.126549808077826 ], [ 28.704451668189261, 47.126549710002301 ], [ 28.704471005269152, 47.126535923908051 ], [ 28.704477594662158, 47.126535825831048 ], [ 28.704522858177889, 47.126508155551292 ], [ 28.704529447567289, 47.126508057471355 ], [ 28.704542338931482, 47.126498866733677 ], [ 28.704548928319674, 47.126498768652638 ], [ 28.704568265355871, 47.126484982542394 ], [ 28.704574854742255, 47.126484884459892 ], [ 28.704594191766699, 47.126471098345391 ], [ 28.704600781151274, 47.126471000261404 ], [ 28.704646044547665, 47.126443329934176 ], [ 28.704652633928642, 47.126443231847254 ], [ 28.704665525255866, 47.12643404109609 ], [ 28.704672114635628, 47.126433943008067 ], [ 28.70469145161637, 47.126420156877586 ], [ 28.704698040994327, 47.126420058788085 ], [ 28.704717377963313, 47.126406272653341 ], [ 28.704723967339469, 47.126406174562369 ], [ 28.704769230616524, 47.126378504187684 ], [ 28.704775819989067, 47.126378406093785 ], [ 28.704788711279324, 47.126369215329106 ], [ 28.704795300650659, 47.126369117234105 ], [ 28.70481463757595, 47.126355331083374 ], [ 28.704821226945477, 47.126355232986896 ], [ 28.704840563859005, 47.126341446831923 ], [ 28.704847153226734, 47.126341348733973 ], [ 28.704892416384453, 47.126313678311803 ], [ 28.704899005748576, 47.126313580210912 ], [ 28.704911897001864, 47.126304389432761 ], [ 28.704918486364761, 47.126304291330776 ], [ 28.704937823234605, 47.126290505159801 ], [ 28.704944412595705, 47.126290407056338 ], [ 28.704989675659405, 47.126262736596701 ], [ 28.704996265016899, 47.126262638490296 ], [ 28.705009156241051, 47.126253447701487 ], [ 28.705015745597336, 47.126253349593973 ], [ 28.705035082423478, 47.126239563407026 ], [ 28.705041671777956, 47.126239465298056 ], [ 28.705061008592335, 47.126225679106852 ], [ 28.705067597945011, 47.126225580996397 ], [ 28.705112860889372, 47.126197910489296 ], [ 28.705119450238445, 47.126197812375906 ], [ 28.705132341425628, 47.12618862157359 ], [ 28.705138930773483, 47.126188523459106 ], [ 28.705158267544167, 47.126174737251908 ], [ 28.705164856890217, 47.126174639135954 ], [ 28.705184193649153, 47.126160852924507 ], [ 28.705190782993395, 47.126160754807074 ], [ 28.705236045818427, 47.126133084252501 ], [ 28.70524263515907, 47.126132986132134 ], [ 28.705255526309283, 47.126123795316339 ], [ 28.705262115648711, 47.126123697194856 ], [ 28.705378135790284, 47.126040979782744 ], [ 28.705384725119071, 47.126040881654355 ], [ 28.705391170671358, 47.126036286238858 ], [ 28.705397616222534, 47.126031690823005 ], [ 28.705404061772601, 47.126027095406819 ], [ 28.705410507321563, 47.12602249999027 ], [ 28.705416952869413, 47.126017904573359 ], [ 28.705423398416151, 47.126013309156114 ], [ 28.705429843961788, 47.126008713738507 ], [ 28.705436289506302, 47.126004118320552 ], [ 28.705442735049719, 47.125999522902234 ], [ 28.705449180592019, 47.125994927483582 ], [ 28.705449036810915, 47.125990430196964 ], [ 28.705455626133205, 47.125990332064575 ], [ 28.705455482351589, 47.125985834777964 ], [ 28.705462071673296, 47.125985736645205 ], [ 28.70546866099496, 47.12598563851207 ], [ 28.705521375567066, 47.125984853433295 ], [ 28.705527821100731, 47.125980258010308 ], [ 28.7055344104215, 47.125980159873393 ], [ 28.705553747014072, 47.125966373601237 ], [ 28.705560336333036, 47.125966275462844 ], [ 28.705579672913849, 47.125952489186425 ], [ 28.705586262231005, 47.125952391046567 ], [ 28.705599153278154, 47.125943200193134 ], [ 28.705605742594102, 47.125943102052169 ], [ 28.705625079154732, 47.125929315768275 ], [ 28.705631668468879, 47.12592921762586 ], [ 28.705651005017749, 47.125915431337688 ], [ 28.705657594330091, 47.125915333193802 ], [ 28.705702856703105, 47.125887662459348 ], [ 28.705709446011834, 47.125887564312507 ], [ 28.705722337022021, 47.125878373445587 ], [ 28.705728926329535, 47.125878275297644 ], [ 28.70574826283471, 47.125864488993507 ], [ 28.70575485214043, 47.1258643908441 ], [ 28.705774188633846, 47.1258506045357 ], [ 28.705780777937761, 47.125850506384829 ], [ 28.705826040191447, 47.125822835602925 ], [ 28.705832629491749, 47.125822737449099 ], [ 28.705845520464962, 47.125813546568658 ], [ 28.705852109764052, 47.125813448413737 ], [ 28.705871446213774, 47.125799662089364 ], [ 28.705878035511066, 47.125799563932958 ], [ 28.705897371949032, 47.125785777604328 ], [ 28.705903961244516, 47.125785679446466 ], [ 28.705949223378866, 47.125758008617083 ], [ 28.705955812670744, 47.125757910456279 ], [ 28.705968703606988, 47.12574871956236 ], [ 28.705975292897651, 47.125748621400454 ], [ 28.705994629291922, 47.125734835055852 ], [ 28.706001218580788, 47.125734736892461 ], [ 28.706020554963303, 47.125720950543595 ], [ 28.70602714425036, 47.125720852378748 ], [ 28.706072406265378, 47.125693181501902 ], [ 28.706078995548825, 47.125693083334113 ], [ 28.7060918864481, 47.125683892426707 ], [ 28.706098475730332, 47.12568379425781 ], [ 28.706111366623993, 47.125674603348251 ], [ 28.706117955905015, 47.125674505178267 ], [ 28.706130846793052, 47.125665314266577 ], [ 28.706137436072865, 47.12566521609547 ], [ 28.706150326955285, 47.125656025181655 ], [ 28.706156916233873, 47.12565592700944 ], [ 28.706208767400977, 47.125628157907428 ], [ 28.706228391380787, 47.125623366094615 ], [ 28.70624128223734, 47.125614175170838 ], [ 28.706247871510453, 47.125614076993443 ], [ 28.706260762361385, 47.125604886067521 ], [ 28.706267351633283, 47.125604787889031 ], [ 28.706280242478591, 47.125595596960977 ], [ 28.706286831749281, 47.125595498781387 ], [ 28.706293277169685, 47.125590903316457 ], [ 28.706299722588977, 47.125586307851179 ], [ 28.70630616800716, 47.125581712385554 ], [ 28.706312613424235, 47.12557711691958 ], [ 28.706319058840201, 47.125572521453243 ], [ 28.706325504255055, 47.125567925986566 ], [ 28.706331949668797, 47.125563330519533 ], [ 28.706338395081435, 47.125558735052131 ], [ 28.70634484049296, 47.125554139584395 ], [ 28.706351285903374, 47.125549544116318 ], [ 28.706357731312679, 47.125544948647871 ], [ 28.706364176720875, 47.125540353179076 ], [ 28.706370622127963, 47.125535757709919 ], [ 28.706377067533939, 47.125531162240435 ], [ 28.70638351293881, 47.125526566770567 ], [ 28.706389958342566, 47.125521971300365 ], [ 28.70639640374521, 47.125517375829808 ], [ 28.706402849146752, 47.125512780358903 ], [ 28.706409294547182, 47.12550818488765 ], [ 28.706415739946497, 47.125503589416027 ], [ 28.706422185344707, 47.12549899394407 ], [ 28.706422041484089, 47.125494496659343 ], [ 28.706544503829331, 47.125407182625338 ], [ 28.706544359958869, 47.125402685340838 ], [ 28.706595922927594, 47.125365921499125 ], [ 28.706595779053, 47.125361424214695 ], [ 28.706602224418578, 47.125356828732897 ], [ 28.706601936668466, 47.12534783416406 ], [ 28.706614683518165, 47.125334145915076 ], [ 28.706614395766174, 47.125325151346253 ], [ 28.706627142607374, 47.125311463095933 ], [ 28.706626854853514, 47.125302468527138 ], [ 28.706639601686224, 47.125288780275497 ], [ 28.706639313930491, 47.125279785706724 ], [ 28.706645759282583, 47.125275190222595 ], [ 28.70665821834541, 47.125252507400198 ], [ 28.70666466369261, 47.125247911915054 ], [ 28.706671109038695, 47.125243316429561 ], [ 28.706677554383674, 47.125238720943706 ], [ 28.706683999727542, 47.125234125457496 ], [ 28.706690445070301, 47.125229529970937 ], [ 28.706696890411955, 47.125224934484038 ], [ 28.706703335752493, 47.125220338996776 ], [ 28.706709781091927, 47.125215743509152 ], [ 28.706716226430245, 47.125211148021201 ], [ 28.706722959536503, 47.125215547101384 ], [ 28.706733750976028, 47.12555284340889 ], [ 28.706675742540746, 47.125594202799007 ], [ 28.706675742540746, 47.125594202799007 ], [ 28.706675886423245, 47.125598700083053 ], [ 28.706676030305783, 47.125603197367113 ], [ 28.706681066216362, 47.125760602306478 ], [ 28.706674620809871, 47.125765197792923 ], [ 28.706668175402267, 47.125769793279026 ], [ 28.706661729993556, 47.125774388764775 ], [ 28.706655284583736, 47.125778984250189 ], [ 28.706648839172807, 47.125783579735234 ], [ 28.706642393760767, 47.125788175219917 ], [ 28.706635948347614, 47.125792770704273 ], [ 28.706629502933357, 47.125797366188259 ], [ 28.706623057517984, 47.12580196167189 ], [ 28.706616612101506, 47.12580655715518 ], [ 28.70661016668392, 47.125811152638121 ], [ 28.706603721265221, 47.125815748120701 ], [ 28.706597275845411, 47.125820343602939 ], [ 28.706597275845411, 47.125820343602939 ], [ 28.706603721265221, 47.125815748120701 ], [ 28.706603289632803, 47.125802256268521 ], [ 28.706616180465968, 47.125793065303085 ], [ 28.706615317195823, 47.125766081598769 ], [ 28.706621762607618, 47.125761486115593 ], [ 28.706621330971451, 47.125747994263413 ], [ 28.706627776380582, 47.12574339877991 ], [ 28.706627488622271, 47.125734404211805 ], [ 28.706633934029245, 47.125729808727968 ], [ 28.706633502390485, 47.125716316875803 ], [ 28.706639947794795, 47.12571172139166 ], [ 28.706639516154777, 47.125698229539495 ], [ 28.706645961556415, 47.12569363405504 ], [ 28.706645529915161, 47.12568014220286 ], [ 28.706651975314127, 47.125675546718078 ], [ 28.706651543671615, 47.12566205486592 ], [ 28.706657989067917, 47.125657459380818 ], [ 28.706657557424162, 47.12564396752866 ], [ 28.706664002817792, 47.125639372043246 ], [ 28.70666357117279, 47.125625880191073 ], [ 28.706670016563745, 47.125621284705339 ], [ 28.706669584917488, 47.125607792853167 ], [ 28.706676030305783, 47.125603197367113 ], [ 28.706675886423245, 47.125598700083053 ], [ 28.706746785615444, 47.125548149713367 ], [ 28.706746785615444, 47.125548149713367 ], [ 28.706753374878666, 47.12554805150701 ], [ 28.706759964141863, 47.125547953300277 ], [ 28.706766553405014, 47.125547855093167 ], [ 28.706773142668141, 47.12554775688568 ], [ 28.706779731931228, 47.125547658677803 ], [ 28.706786321194279, 47.125547560469563 ], [ 28.706792910457295, 47.125547462260933 ], [ 28.706799499720283, 47.125547364051933 ], [ 28.706806088983232, 47.125547265842549 ], [ 28.706812678246141, 47.125547167632789 ], [ 28.706819267509019, 47.125547069422645 ], [ 28.706825856771864, 47.125546971212117 ], [ 28.706839035297449, 47.125546774789953 ], [ 28.70684576845677, 47.125551173861993 ], [ 28.706852357720027, 47.125551075649945 ], [ 28.70686553624644, 47.125550879224704 ], [ 28.706872269408425, 47.125555278295145 ], [ 28.706878858672106, 47.125555180081555 ], [ 28.706892037199349, 47.125554983653252 ], [ 28.706898770364013, 47.125559382722102 ], [ 28.706905359628099, 47.125559284506991 ], [ 28.706911948892163, 47.125559186291497 ], [ 28.706918682058969, 47.125563585359146 ], [ 28.706925271323506, 47.125563487142884 ], [ 28.70693200449195, 47.125567886209723 ], [ 28.706932292299911, 47.125576880776656 ], [ 28.706939025470636, 47.125581279843054 ], [ 28.706939169375264, 47.125585777126503 ], [ 28.706939313279921, 47.125590274409937 ], [ 28.706939457184614, 47.125594771693379 ], [ 28.706946046452934, 47.125594673475874 ], [ 28.706952779627066, 47.125599072541391 ], [ 28.70695936889587, 47.125598974323118 ], [ 28.706965958164645, 47.125598876104455 ], [ 28.706972547433384, 47.125598777885408 ], [ 28.706979136702081, 47.125598679665998 ], [ 28.706979136702081, 47.125598679665998 ], [ 28.706985869879396, 47.125603078729526 ], [ 28.706992459148587, 47.125602980509335 ], [ 28.706999048417742, 47.12560288228876 ], [ 28.707005637686862, 47.125602784067809 ], [ 28.707012226955946, 47.125602685846488 ], [ 28.707012370866849, 47.125607183129745 ], [ 28.707018960136448, 47.125607084908019 ], [ 28.707025549406019, 47.125606986685916 ], [ 28.707032138675558, 47.12560688846343 ], [ 28.707038727945058, 47.125606790240575 ], [ 28.707045317214519, 47.125606692017342 ], [ 28.707052050398215, 47.125611091076891 ], [ 28.707058639668169, 47.12561099285287 ], [ 28.707065228938081, 47.12561089462848 ], [ 28.707084996747625, 47.125610599953042 ], [ 28.70709172993503, 47.12561499901021 ], [ 28.707118087016013, 47.125614606102729 ], [ 28.707124820206605, 47.125619005157908 ], [ 28.707131409477288, 47.125618906929702 ], [ 28.707137998747925, 47.125618808701105 ], [ 28.70714458801854, 47.125618710472139 ], [ 28.707151177289113, 47.125618612242796 ], [ 28.707157910482898, 47.125623011295978 ], [ 28.70718426756693, 47.125622618373214 ], [ 28.707191000763899, 47.125627017424414 ], [ 28.707197590035346, 47.125626919192385 ], [ 28.707197590035346, 47.125626919192385 ], [ 28.707191000763899, 47.125627017424414 ], [ 28.707158054406179, 47.12562750857888 ], [ 28.70714458801854, 47.125618710472139 ], [ 28.707137998747925, 47.125618808701105 ], [ 28.707131409477288, 47.125618906929702 ], [ 28.707124820206605, 47.125619005157908 ], [ 28.707098463123547, 47.125619398066945 ], [ 28.70709172993503, 47.12561499901021 ], [ 28.707071962123926, 47.125615293686835 ], [ 28.707065228938081, 47.12561089462848 ], [ 28.707058639668169, 47.12561099285287 ], [ 28.707052050398215, 47.125611091076891 ], [ 28.707045317214519, 47.125606692017342 ], [ 28.707038727945058, 47.125606790240575 ], [ 28.707032138675558, 47.12560688846343 ], [ 28.707025549406019, 47.125606986685916 ], [ 28.707018960136448, 47.125607084908019 ], [ 28.707012370866849, 47.125607183129745 ], [ 28.707012226955946, 47.125602685846488 ], [ 28.707005637686862, 47.125602784067809 ], [ 28.706999048417742, 47.12560288228876 ], [ 28.706992459148587, 47.125602980509335 ], [ 28.706985869879396, 47.125603078729526 ], [ 28.706979136702081, 47.125598679665998 ], [ 28.706972547433384, 47.125598777885408 ], [ 28.706965958164645, 47.125598876104455 ], [ 28.70695936889587, 47.125598974323118 ], [ 28.706952779627066, 47.125599072541391 ], [ 28.706946046452934, 47.125594673475874 ], [ 28.706939457184614, 47.125594771693379 ], [ 28.706939313279921, 47.125590274409937 ], [ 28.706939169375264, 47.125585777126503 ], [ 28.706939025470636, 47.125581279843054 ], [ 28.706938737661492, 47.125572285276135 ], [ 28.70693200449195, 47.125567886209723 ], [ 28.706925271323506, 47.125563487142884 ], [ 28.706918682058969, 47.125563585359146 ], [ 28.706912092794393, 47.125563683575045 ], [ 28.706905359628099, 47.125559284506991 ], [ 28.706898770364013, 47.125559382722102 ], [ 28.706885591835725, 47.125559579151194 ], [ 28.706878858672106, 47.125555180081555 ], [ 28.706872269408425, 47.125555278295145 ], [ 28.706859090880972, 47.125555474721168 ], [ 28.706852357720027, 47.125551075649945 ], [ 28.70684576845677, 47.125551173861993 ], [ 28.706832589930141, 47.12555137028496 ], [ 28.706825856771864, 47.125546971212117 ], [ 28.706819267509019, 47.125547069422645 ], [ 28.70681253435237, 47.125542670349013 ], [ 28.706746641727221, 47.125543652429435 ], [ 28.706746497839035, 47.125539155145503 ], [ 28.706746353950887, 47.125534657861564 ], [ 28.706746210062764, 47.125530160577618 ], [ 28.706746066174688, 47.125525663293679 ], [ 28.706745922286636, 47.125521166009726 ], [ 28.706745778398627, 47.125516668725766 ], [ 28.706745634510646, 47.125512171441812 ], [ 28.706745490622708, 47.125507674157852 ], [ 28.706745346734795, 47.125503176873892 ], [ 28.706745202846921, 47.125498679589931 ], [ 28.706745058959086, 47.125494182305943 ], [ 28.706744915071283, 47.125489685021975 ], [ 28.706744771183512, 47.125485187737993 ], [ 28.706744627295777, 47.125480690454012 ], [ 28.70674448340808, 47.12547619317003 ], [ 28.706744339520416, 47.125471695886034 ], [ 28.706744195632783, 47.125467198602031 ], [ 28.70674405174519, 47.125462701318042 ], [ 28.706743907857629, 47.125458204034032 ], [ 28.706743763970103, 47.125453706750022 ], [ 28.706743620082612, 47.125449209466019 ], [ 28.706743476195157, 47.125444712182002 ], [ 28.706743332307735, 47.125440214897978 ], [ 28.706743188420344, 47.125435717613961 ], [ 28.706743044532992, 47.125431220329929 ], [ 28.706742900645679, 47.125426723045898 ], [ 28.706742756758395, 47.125422225761859 ], [ 28.706742612871146, 47.125417728477821 ], [ 28.706742468983933, 47.125413231193797 ], [ 28.706742325096752, 47.125408733909737 ], [ 28.706742181209609, 47.125404236625684 ], [ 28.706742037322499, 47.125399739341638 ], [ 28.706741893435428, 47.125395242057586 ], [ 28.706741749548385, 47.125390744773519 ], [ 28.706741605661385, 47.125386247489452 ], [ 28.706741461774413, 47.125381750205385 ], [ 28.706741317887474, 47.125377252921311 ], [ 28.70674117400058, 47.125372755637237 ], [ 28.706741030113712, 47.125368258353156 ], [ 28.706740886226882, 47.12536376106906 ], [ 28.706740742340081, 47.125359263784986 ], [ 28.706740598453322, 47.125354766500891 ], [ 28.706740454566599, 47.125350269216796 ], [ 28.706740310679901, 47.125345771932686 ], [ 28.706740166793249, 47.125341274648591 ], [ 28.706740022906622, 47.125336777364481 ], [ 28.706739879020031, 47.125332280080364 ], [ 28.706739735133482, 47.125327782796248 ], [ 28.706739591246961, 47.125323285512131 ], [ 28.70673944736048, 47.125318788228007 ], [ 28.706739303474034, 47.125314290943884 ], [ 28.706739159587617, 47.125309793659746 ], [ 28.706739015701235, 47.125305296375601 ], [ 28.706738871814895, 47.125300799091477 ], [ 28.706738727928581, 47.125296301807339 ], [ 28.706738584042309, 47.125291804523187 ], [ 28.706738440156062, 47.125287307239027 ], [ 28.706738296269862, 47.125282809954875 ], [ 28.706738152383686, 47.125278312670716 ], [ 28.706738008497556, 47.125273815386556 ], [ 28.706737864611451, 47.12526931810239 ], [ 28.706737720725382, 47.125264820818224 ], [ 28.706737576839352, 47.12526032353405 ], [ 28.706737432953357, 47.125255826249877 ], [ 28.706737289067391, 47.125251328965682 ], [ 28.706737145181464, 47.125246831681501 ], [ 28.706737001295572, 47.125242334397313 ], [ 28.706736857409709, 47.125237837113112 ], [ 28.706736713523892, 47.12523333982891 ], [ 28.706736569638103, 47.125228842544715 ], [ 28.706736425752347, 47.125224345260513 ], [ 28.706736281866622, 47.125219847976304 ], [ 28.706736137980943, 47.125215350692088 ], [ 28.70673599409529, 47.125210853407872 ], [ 28.706735850209675, 47.125206356123648 ], [ 28.706735706324096, 47.125201858839425 ], [ 28.706735562438549, 47.125197361555202 ], [ 28.706735418553038, 47.125192864270971 ], [ 28.706732828619785, 47.125111913154115 ], [ 28.706739273943779, 47.125107317664956 ], [ 28.70673826674691, 47.12507583667481 ], [ 28.706744712066158, 47.125071241185402 ], [ 28.706744280409325, 47.125057749332456 ], [ 28.706750725725904, 47.125053153842714 ], [ 28.706750294067813, 47.125039661989767 ], [ 28.706756739381728, 47.125035066499706 ], [ 28.706756163836012, 47.12501707736245 ], [ 28.706762609146733, 47.125012481872076 ], [ 28.706762177486251, 47.124998990019108 ], [ 28.706768622794307, 47.124994394528436 ], [ 28.70676847890703, 47.124989897244113 ], [ 28.70678781482296, 47.124976110769978 ], [ 28.706787239267957, 47.124958121632829 ], [ 28.706793684568968, 47.124953526140786 ], [ 28.706793252901523, 47.124940034287896 ], [ 28.706799698199866, 47.124935438795553 ], [ 28.706799122641669, 47.124917449658369 ], [ 28.706805567936822, 47.124912854165714 ], [ 28.706805136266986, 47.124899362312817 ], [ 28.706811581559467, 47.12489476681985 ], [ 28.706811005998087, 47.124876777682658 ], [ 28.706817451287382, 47.124872182189371 ], [ 28.706817019615155, 47.124858690336474 ], [ 28.70682346490177, 47.124854094842867 ], [ 28.706822889337207, 47.124836105705661 ], [ 28.70682933462064, 47.124831510211756 ], [ 28.706828902946018, 47.12481801835883 ], [ 28.706835348226775, 47.124813422864619 ], [ 28.706834772659025, 47.124795433727378 ], [ 28.706841217936599, 47.124790838232862 ], [ 28.706840786259587, 47.124777346379922 ], [ 28.706847231534486, 47.124772750885079 ], [ 28.706846799856226, 47.124759259032146 ], [ 28.70685324512846, 47.124754663536983 ], [ 28.706852669555854, 47.124736674399742 ], [ 28.706859114824894, 47.124732078904266 ], [ 28.706858683144244, 47.124718587051326 ], [ 28.70686512841062, 47.124713991555531 ], [ 28.706864552834823, 47.124696002418261 ], [ 28.706870998098005, 47.124691406922167 ], [ 28.706870566414963, 47.124677915069213 ], [ 28.706877011675473, 47.124673319572807 ], [ 28.70687643609649, 47.124655330435516 ], [ 28.706882881353813, 47.124650734938804 ], [ 28.706882449668381, 47.124637243085836 ], [ 28.706888894923033, 47.124632647588797 ], [ 28.706888319340862, 47.124614658451499 ], [ 28.706894764592327, 47.124610062954154 ], [ 28.706894332904501, 47.124596571101172 ], [ 28.706900778153294, 47.124591975603515 ], [ 28.70690020256794, 47.124573986466203 ], [ 28.70690664781354, 47.124569390968233 ], [ 28.706906216123329, 47.124555899115244 ], [ 28.706912661366257, 47.124551303616961 ], [ 28.706912229674799, 47.124537811763958 ], [ 28.706918674915062, 47.124533216265355 ], [ 28.706918099324852, 47.124515227128029 ], [ 28.706924544561922, 47.124510631629121 ], [ 28.706924112868073, 47.124497139776118 ], [ 28.706930558102471, 47.124492544276897 ], [ 28.706929982509081, 47.124474555139543 ], [ 28.706936427740285, 47.12446995964001 ], [ 28.706935996044042, 47.124456467786992 ], [ 28.706942441272588, 47.124451872287146 ], [ 28.706941865676004, 47.124433883149784 ], [ 28.706948310901357, 47.124429287649619 ], [ 28.706947879202726, 47.124415795796594 ], [ 28.706954324425407, 47.124411200296116 ], [ 28.706953748825629, 47.124393211158733 ], [ 28.706960194045124, 47.124388615657956 ], [ 28.706959762344098, 47.12437512380491 ], [ 28.706966207560921, 47.124370528303814 ], [ 28.706965631957964, 47.124352539166409 ], [ 28.706972077171592, 47.124347943665008 ], [ 28.706971645468183, 47.124334451811947 ], [ 28.70697809067914, 47.124329856310226 ], [ 28.706977515072996, 47.124311867172807 ], [ 28.706983960280766, 47.124307271670787 ], [ 28.706983528574963, 47.124293779817712 ], [ 28.706989973780061, 47.124289184315373 ], [ 28.706989542073007, 47.124275692462298 ], [ 28.706995987275441, 47.124271096959646 ], [ 28.706995555567143, 47.124257605106571 ], [ 28.707002000766906, 47.124253009603592 ], [ 28.707001712960505, 47.124244015034868 ], [ 28.707008158158118, 47.12423941953157 ], [ 28.70700772644722, 47.124225927678509 ], [ 28.707014171642157, 47.124221332174884 ], [ 28.707013739930009, 47.124207840321823 ], [ 28.707020185122282, 47.124203244817878 ], [ 28.707019897313316, 47.124194250249182 ], [ 28.707026342503443, 47.124189654744903 ], [ 28.707025910788698, 47.124176162891857 ], [ 28.70703235597615, 47.124171567387251 ], [ 28.707031924260157, 47.124158075534218 ], [ 28.707038369444938, 47.124153480029307 ], [ 28.707038225539158, 47.124148982744963 ], [ 28.70703808163341, 47.124144485460612 ], [ 28.707044526816045, 47.124139889955366 ], [ 28.707043519473146, 47.124108408964901 ], [ 28.707062711095915, 47.124090125162972 ], [ 28.70706242328092, 47.124081130594284 ], [ 28.707068868453916, 47.124076535087752 ], [ 28.707068580638023, 47.124067540519079 ], [ 28.707075025808866, 47.12406294501222 ], [ 28.70707473799207, 47.124053950443553 ], [ 28.707081183160764, 47.124049354936368 ], [ 28.707080895343065, 47.124040360367715 ], [ 28.707087340509609, 47.124035764860189 ], [ 28.707087052691012, 47.124026770291529 ], [ 28.707093497855407, 47.124022174783683 ], [ 28.707093210035907, 47.124013180215044 ], [ 28.707099655198149, 47.124008584706857 ], [ 28.707099367377747, 47.123999590138226 ], [ 28.707105812537844, 47.123994994629726 ], [ 28.707105524716543, 47.123986000061095 ], [ 28.707111969874486, 47.123981404552254 ], [ 28.707117839384978, 47.123958819905859 ], [ 28.707130585778621, 47.123945131602227 ], [ 28.707136455277631, 47.12392254695488 ], [ 28.707142900425346, 47.12391795144439 ], [ 28.707142756511939, 47.12391345416011 ], [ 28.707149201658034, 47.123908858649273 ], [ 28.707148913830281, 47.123899864080713 ], [ 28.707161660202186, 47.123886175773784 ], [ 28.707167529682199, 47.123863591124874 ], [ 28.707173974820208, 47.123858995612714 ], [ 28.707180132124645, 47.123845405531696 ], [ 28.707193022393035, 47.123836214505666 ], [ 28.707192878475812, 47.123831717221428 ], [ 28.707205768738724, 47.123822526194012 ], [ 28.707205624820499, 47.123818028909788 ], [ 28.70721851507793, 47.123808837880986 ], [ 28.707218371158703, 47.123804340596791 ], [ 28.707256754056651, 47.123767772933732 ], [ 28.707256610134408, 47.123763275649601 ], [ 28.707275657638512, 47.123740494529336 ], [ 28.707275369791144, 47.123731499961103 ], [ 28.707294417276174, 47.12370871883784 ], [ 28.707294129425964, 47.123699724269635 ], [ 28.707300574533459, 47.123695128750626 ], [ 28.70730043060788, 47.12369063146653 ], [ 28.707319478067991, 47.123667850339274 ], [ 28.707319190213962, 47.123658855771133 ], [ 28.707331936485765, 47.123645167445986 ], [ 28.707330353280053, 47.123595697321115 ], [ 28.707336798372051, 47.12359110180018 ], [ 28.707333344107141, 47.12348316698094 ], [ 28.707339789185546, 47.123478571459927 ], [ 28.707336334928172, 47.123370636638711 ], [ 28.707342779992992, 47.123366041117627 ], [ 28.707339325743142, 47.123258106294472 ], [ 28.707345770794372, 47.123253510773303 ], [ 28.707342316552065, 47.123145575948158 ], [ 28.707348761589703, 47.123140980426918 ], [ 28.707346026985523, 47.12305553202232 ], [ 28.707377621998358, 47.123033463692671 ] ] } }
]
}
