{
"type": "FeatureCollection",
"name": "route_farmer",
"crs": { "type": "name", "properties": { "name": "urn:ogc:def:crs:OGC:1.3:CRS84" } },
"features": [
{ "type": "Feature", "properties": { "role": "farmer", "length_m": 58931.1, "work_m": 37653.0, "turn_m": 13672.7, "transfer_m": 7605.4, "efficiency_pct": 63.9, "lanes_worked": 914, "lanes_total": 914, "blocks": 23, "skip_turns": 652, "turn_radius_m": 0.0, "lane_mode": "all", "speed_kmh": 4.0, "minutes": 884.0, "lane_order": "V10-L08r,V10-L11,V10-L14r,V10-L17,V10-L20r,V10-L23,V10-L29r,V10-L32,V10-L35r,V10-L38,V10-L41r,V10-L44,V10-L47r,V10-L50,V10-L53r,V10-L56,V10-L59r,V10-L62,V10-L65r,V10-L68,V10-L102r,V10-L104,V10-L147r,V10-L146,V10-L145,V10-L142r,V10-L148,V10-L119r,V10-L113,V10-L110r,V10-L73,V10-L71r,V10-L02,V10-L04r,V10-L06,V10-L09r,V10-L12,V10-L15r,V10-L18,V10-L21r,V10-L24,V10-L27r,V10-L30,V10-L33r,V10-L36,V10-L39r,V10-L42,V10-L45r,V10-L48,V10-L103r,V10-L108,V10-L111r,V10-L140,V10-L144r,V10-L141,V10-L139r,V10-L137,V10-L135r,V10-L133,V10-L131r,V10-L128,V10-L126r,V10-L125,V10-L123r,V10-L121,V10-L118r,V10-L116,V10-L114r,V10-L112,V10-L109r,V10-L107,V10-L106r,V10-L105,V10-L101r,V10-L99,V10-L96r,V10-L93,V10-L90r,V10-L87,V10-L84r,V10-L81,V10-L78r,V10-L75,V10-L72r,V10-L26,V10-L03,V10-L05r,V10-L07,V10-L10r,V10-L13,V10-L16r,V10-L19,V10-L22r,V10-L25,V10-L28r,V10-L31,V10-L34r,V10-L37,V10-L40r,V10-L43,V10-L46r,V10-L51,V10-L54r,V10-L57,V10-L60r,V10-L63,V10-L66r,V10-L69,V10-L76r,V10-L79,V10-L82r,V10-L85,V10-L88r,V10-L91,V10-L94r,V10-L97,V10-L115r,V10-L117,V10-L136r,V10-L138,V10-L134r,V10-L132,V10-L130r,V10-L129,V10-L127r,V10-L124,V10-L122r,V10-L120,V10-L100r,V10-L98,V10-L95r,V10-L92,V10-L89r,V10-L86,V10-L83r,V10-L80,V10-L77r,V10-L74,V10-L70r,V10-L67,V10-L64r,V10-L61,V10-L58r,V10-L55,V10-L52r,V10-L49,V10-L143r,V10-L149,V10-L150r,V14-L62,V14-L57r,V14-L01,V12-L07r,V12-L01r,V12-L03,V12-L04r,V12-L02,V12-L06r,V12-L05,V14-L04r,V14-L34,V14-L24r,V14-L32,V14-L41r,V14-L06,V14-L10r,V14-L13,V14-L09r,V14-L08,V14-L05r,V14-L02,V14-L03r,V14-L40,V14-L49r,V14-L50,V14-L59r,V14-L58,V14-L61r,V14-L54,V14-L56r,V14-L53,V14-L48r,V14-L47,V14-L51r,V14-L45,V14-L42r,V14-L19,V14-L16r,V14-L35,V14-L12r,V14-L15,V14-L18r,V14-L36,V14-L44r,V14-L28,V14-L20r,V14-L23,V14-L31r,V14-L39,V14-L38r,V14-L33,V14-L22r,V14-L26,V14-L29r,V14-L25,V14-L17r,V14-L21,V14-L30r,V14-L27,V14-L14r,V14-L07,V14-L55r,V14-L52,V14-L46r,V14-L43,V14-L37r,V14-L60,V13-L02r,V13-L01,V11-L01r,V11-L02,V14-L11,V15-L15,V15-L14r,V15-L12,V15-L13r,V15-L11,V15-L10r,V15-L02,V15-L01r,V15-L03,V15-L04r,V15-L05,V15-L07r,V15-L08,V15-L09r,V15-L06,V17-L21r,V17-L19,V17-L11r,V17-L04,V17-L08r,V17-L15,V17-L16r,V17-L20,V17-L18r,V17-L17,V17-L14r,V17-L13,V17-L12r,V17-L10,V17-L09r,V17-L03,V17-L02r,V17-L05,V17-L06r,V17-L07,V17-L01r,V19-L01r,V19-L02r,V19-L03,V19-L04r,V19-L07,V19-L09r,V19-L10,V19-L05,V19-L06r,V19-L08,V19-L11r,V19-L12,V19-L13r,V19-L15,V19-L16r,V18-L20,V18-L19r,V18-L16,V18-L18r,V18-L17,V18-L08r,V18-L01,V18-L03r,V18-L06,V18-L05r,V18-L04,V18-L02r,V18-L10,V18-L09r,V18-L15,V18-L07r,V19-L17,V19-L14r,V21-L25r,V21-L24,V21-L23r,V21-L22,V21-L21r,V21-L13,V21-L09r,V21-L08,V21-L07r,V21-L11,V21-L20r,V21-L19,V21-L10r,V21-L12,V21-L06r,V21-L04,V21-L05r,V21-L02,V21-L01r,V21-L03,V21-L18r,V21-L16,V21-L15r,V21-L14,V21-L17r,V23-L14,V23-L13r,V23-L16,V23-L24r,V23-L12,V23-L09r,V23-L08,V23-L05r,V23-L10,V23-L11r,V23-L18,V23-L22r,V23-L23,V23-L07r,V23-L06,V23-L02r,V23-L01,V23-L04r,V23-L03,V23-L20r,V23-L15,V23-L17r,V23-L19,V23-L21r,V23-L25,V20-L02r,V20-L01,V20-L05r,V20-L06,V20-L08r,V20-L09,V20-L10r,V20-L11,V20-L12r,V20-L14,V20-L15r,V20-L13,V20-L07r,V20-L04,V20-L03r,V16-L05r,V16-L18,V16-L17r,V16-L15,V16-L25r,V16-L27,V16-L24r,V16-L23,V16-L21r,V16-L20,V16-L19r,V16-L16,V16-L22r,V16-L06,V16-L04r,V16-L03,V16-L01r,V16-L07,V16-L26r,V16-L02,V16-L09r,V16-L10,V16-L11r,V16-L08,V16-L14r,V16-L12,V16-L13r,V24-L02,V24-L03r,V24-L01,V24-L16r,V24-L29,V24-L31r,V24-L32,V24-L30r,V24-L22,V24-L23r,V24-L14,V24-L13r,V24-L07,V24-L05r,V24-L08,V24-L15r,V24-L04,V24-L06r,V24-L17,V24-L33r,V24-L48,V24-L50r,V24-L52,V24-L46r,V24-L47,V24-L45r,V24-L49,V24-L60r,V24-L64,V24-L65r,V24-L62,V24-L58r,V24-L56,V24-L57r,V24-L61,V24-L63r,V24-L59,V24-L51r,V24-L53,V24-L55r,V24-L54,V24-L44r,V24-L43,V24-L42r,V24-L41,V24-L40r,V24-L36,V24-L37r,V24-L38,V24-L39r,V24-L35,V24-L34r,V24-L27,V24-L28r,V24-L26,V24-L24r,V24-L25,V24-L20r,V24-L19,V24-L21r,V24-L18,V24-L12r,V24-L11,V24-L10r,V24-L09,V26-L01r,V26-L02,V26-L03r,V26-L13,V26-L05r,V26-L09,V26-L15r,V26-L29,V26-L28r,V26-L27,V26-L25r,V26-L32,V26-L34r,V26-L33,V26-L30r,V26-L36,V26-L40r,V26-L39,V26-L43r,V26-L42,V26-L41r,V26-L38,V26-L35r,V26-L37,V26-L45r,V26-L57,V26-L59r,V26-L74,V26-L75r,V26-L76,V26-L73r,V26-L72,V26-L58r,V26-L56,V26-L55r,V26-L54,V26-L48r,V26-L49,V26-L46r,V26-L51,V26-L52r,V26-L61,V26-L60r,V26-L53,V26-L70r,V26-L71,V26-L65r,V26-L63,V26-L62r,V26-L64,V26-L67r,V26-L68,V26-L69r,V26-L66,V26-L47r,V26-L50,V26-L21r,V26-L22,V26-L23r,V26-L18,V26-L16r,V26-L07,V26-L10r,V26-L12,V26-L11r,V26-L08,V26-L06r,V26-L04,V26-L20r,V26-L19,V26-L24r,V26-L17,V26-L31r,V26-L44,V26-L26r,V26-L14,V25-L01r,V03-L02r,V03-L01,V04-L01,V04-L02r,V04-L05,V04-L07r,V04-L06,V04-L04r,V04-L03,V04-L08r,V04-L09,V04-L10r,V04-L11,V04-L12r,V04-L13,V04-L52r,V04-L47,V04-L58r,V04-L55,V04-L51r,V04-L50,V04-L59r,V04-L76,V04-L77r,V04-L90,V04-L98r,V04-L99,V04-L100r,V04-L107,V04-L112r,V04-L108,V04-L114r,V04-L113,V04-L118r,V04-L123,V04-L122r,V04-L103,V04-L96r,V04-L92,V04-L91r,V04-L79,V04-L74r,V04-L75,V04-L89r,V04-L95,V04-L102r,V04-L115,V04-L119r,V04-L125,V04-L136r,V04-L140,V04-L144r,V04-L128,V04-L124r,V04-L110,V04-L104r,V04-L84,V04-L48r,V04-L42,V04-L44r,V04-L46,V04-L57r,V04-L62,V04-L64r,V04-L65,V04-L66r,V04-L73,V04-L83r,V04-L85,V04-L86r,V04-L54,V04-L53r,V04-L56,V04-L60r,V04-L61,V04-L63r,V04-L67,V04-L80r,V04-L70,V04-L69r,V04-L129,V04-L143r,V04-L145,V04-L133r,V04-L132,V04-L135r,V04-L130,V04-L134r,V04-L152,V04-L149r,V04-L141,V04-L138r,V04-L116,V04-L101r,V04-L82,V04-L72r,V04-L71,V04-L88r,V04-L93,V04-L109r,V04-L106,V04-L111r,V04-L120,V04-L126r,V04-L121,V04-L117r,V04-L94,V04-L68r,V04-L78,V04-L81r,V04-L97,V04-L105r,V04-L87,V04-L127r,V04-L146,V04-L167r,V04-L169,V04-L165r,V04-L160,V04-L155r,V04-L147,V04-L183r,V04-L177,V04-L174r,V04-L172,V04-L162r,V04-L131,V04-L137r,V04-L150,V04-L154r,V04-L156,V04-L171r,V04-L182,V04-L176r,V04-L179,V04-L173r,V04-L166,V04-L164r,V04-L159,V04-L148r,V04-L139,V04-L142r,V04-L151,V04-L161r,V04-L157,V04-L224r,V04-L222,V04-L230r,V04-L227,V04-L247r,V04-L245,V04-L244r,V04-L243,V04-L239r,V04-L249,V04-L231r,V04-L233,V04-L235r,V04-L274r,V04-L273,V04-L272r,V04-L271,V04-L270r,V04-L269,V04-L268r,V04-L267,V04-L266r,V04-L262,V04-L263r,V04-L265,V04-L264r,V04-L254,V04-L256r,V04-L258,V04-L250r,V04-L252,V04-L255r,V04-L257,V04-L260r,V04-L259,V04-L261r,V04-L253,V04-L213r,V04-L218,V04-L216r,V04-L211,V04-L223r,V04-L237,V04-L238r,V04-L248,V04-L251r,V04-L246,V04-L242r,V04-L241,V04-L240r,V04-L229,V04-L221r,V04-L214,V04-L217r,V04-L228,V04-L232r,V04-L234,V04-L236r,V04-L194,V04-L192r,V04-L185,V04-L178r,V04-L187,V04-L188r,V04-L190,V04-L196r,V04-L198,V04-L200r,V04-L207,V04-L209r,V04-L203,V04-L212r,V04-L210,V04-L215r,V04-L219,V04-L220r,V04-L225,V04-L226r,V04-L208,V04-L206r,V04-L191,V04-L193r,V04-L195,V04-L189r,V04-L197,V04-L205r,V04-L204,V04-L202r,V04-L201,V04-L199r,V04-L186,V04-L184r,V04-L181,V04-L180r,V04-L175,V04-L168r,V04-L170,V04-L163r,V04-L158,V04-L153r,V04-L49,V04-L45r,V04-L43,V04-L41r,V04-L40,V04-L39r,V04-L38,V04-L37r,V04-L36,V04-L35r,V04-L34,V04-L32r,V04-L33,V04-L30r,V04-L31,V04-L28r,V04-L29,V04-L26r,V04-L27,V04-L24r,V04-L25,V04-L22r,V04-L23,V04-L20r,V04-L21,V04-L19r,V04-L18,V04-L14r,V04-L15,V04-L16r,V04-L17,V07-L58,V07-L56,V07-L52,V07-L55r,V07-L54,V07-L53r,V07-L51,V07-L50r,V07-L46,V07-L44r,V07-L47,V07-L48r,V07-L49,V07-L37r,V07-L29,V07-L16r,V07-L20,V07-L21r,V07-L19,V07-L15r,V07-L17,V07-L18r,V07-L06,V07-L07r,V07-L12,V07-L22r,V07-L23,V07-L27r,V07-L26,V07-L25r,V07-L24,V07-L14r,V07-L13,V07-L04r,V07-L01,V07-L02r,V07-L03,V07-L05r,V07-L09,V07-L08r,V07-L11,V07-L10r,V07-L28,V07-L30r,V07-L31,V07-L32r,V07-L33,V07-L34r,V07-L35,V07-L36r,V07-L38,V07-L39r,V07-L40,V07-L41r,V07-L42,V07-L45r,V07-L43,V07-L57r,V06-L01r,V06-L04r,V06-L06,V06-L09r,V06-L08,V06-L07r,V06-L03,V06-L02r,V06-L05,V08-L18r,V08-L16,V08-L13r,V08-L14,V08-L05r,V08-L01r,V08-L02,V08-L03r,V08-L04,V08-L08r,V08-L07,V08-L06r,V08-L11,V09-L01r,V08-L15,V08-L17r,V08-L09,V08-L10r,V08-L12,V09-L02r,V09-L07,V09-L08r,V09-L09,V09-L11r,V09-L12,V09-L16r,V09-L15,V09-L14r,V09-L13,V09-L10r,V09-L04,V09-L03r,V09-L06,V08-L19r,V09-L05,V10-L01,V18-L13r,V18-L12,V18-L11r,V18-L14,V22-L03,V22-L05r,V22-L04,V22-L06r,V22-L02,V22-L01r", "solver": "rural postman as generalised TSP over oriented lanes, NN + OR-Tools GLS" }, "geometry": { "type": "LineString", "coordinates": [ [ 28.707377621998358, 47.123033463692671 ], [ 28.707380595191609, 47.12302592110084 ], [ 28.707380095386295, 47.123010303900145 ], [ 28.707379595581397, 47.122994686699407 ], [ 28.707379095776922, 47.122979069498612 ], [ 28.707378595972862, 47.122963452297768 ], [ 28.707378096169219, 47.12294783509688 ], [ 28.707377596366005, 47.122932217895951 ], [ 28.707377096563203, 47.122916600694971 ], [ 28.707376596760817, 47.122900983493942 ], [ 28.707376096958853, 47.122885366292877 ], [ 28.707375597157313, 47.122869749091755 ], [ 28.707375097356184, 47.122854131890584 ], [ 28.707374597555482, 47.122838514689363 ], [ 28.707396978353056, 47.1228225563462 ], [ 28.707419359137255, 47.122806597998796 ], [ 28.707441739908074, 47.12279063964715 ], [ 28.707464120665513, 47.122774681291254 ], [ 28.707486501409569, 47.122758722931117 ], [ 28.707508882140246, 47.122742764566731 ], [ 28.70753126285755, 47.122726806198109 ], [ 28.707530763013363, 47.122711188997812 ], [ 28.70755314371101, 47.122695230625091 ], [ 28.707575524395281, 47.122679272248085 ], [ 28.707575024538979, 47.122663655048029 ], [ 28.707597405203593, 47.122647696666945 ], [ 28.707619785854831, 47.122631738281619 ], [ 28.70764216649269, 47.122615779892044 ], [ 28.707641666617988, 47.122600162692343 ], [ 28.7076640472362, 47.122584204298668 ], [ 28.707686427841026, 47.122568245900737 ], [ 28.707708808432475, 47.122552287498564 ], [ 28.707708308539384, 47.12253667029924 ], [ 28.707730689111187, 47.122520711892975 ], [ 28.707753069669604, 47.122504753482438 ], [ 28.707752569764388, 47.122489136283335 ], [ 28.707752069859591, 47.122473519084195 ], [ 28.707751569955217, 47.122457901885014 ], [ 28.707773950481446, 47.122441943470662 ], [ 28.707796330994292, 47.122425985052061 ], [ 28.707818711493758, 47.122410026629225 ], [ 28.707841091979848, 47.122394068202141 ], [ 28.707863472452562, 47.122378109770814 ], [ 28.707885852911886, 47.122362151335238 ], [ 28.707908233357838, 47.122346192895421 ], [ 28.70793061379041, 47.122330234451354 ], [ 28.707952994209602, 47.122314276003038 ], [ 28.707975374615415, 47.122298317550488 ], [ 28.707997755007845, 47.122282359093695 ], [ 28.708020135386896, 47.122266400632654 ], [ 28.708043015738465, 47.122266059364755 ], [ 28.708075315074229, 47.122282219467344 ], [ 28.707516619962462, 47.122812093907747 ], [ 28.70747492930165, 47.122850681397679 ], [ 28.707504849442866, 47.122865741477021 ], [ 28.707516584064329, 47.122854880302796 ], [ 28.708114318850949, 47.122290489557095 ], [ 28.708134021633494, 47.122272252827194 ], [ 28.708164904546017, 47.122287797412284 ], [ 28.708153170179948, 47.122298658650678 ], [ 28.70752777988136, 47.122888247210248 ], [ 28.707493889257034, 47.122919615216979 ], [ 28.707524750493835, 47.122935148960529 ], [ 28.707536485126067, 47.122924287784265 ], [ 28.708187511700693, 47.122309029909424 ], [ 28.70819939820516, 47.122298027844828 ], [ 28.708228656198937, 47.122312754511562 ], [ 28.70821692184068, 47.122323615756329 ], [ 28.707541004059863, 47.122964381502157 ], [ 28.707500864682295, 47.123001533098588 ], [ 28.70753025154621, 47.123016324702796 ], [ 28.707541986194698, 47.123005463525878 ], [ 28.708260314219647, 47.122326266799433 ], [ 28.70829188044997, 47.122297049259181 ], [ 28.708348879615865, 47.122325739033208 ], [ 28.70833714527965, 47.122336600290012 ], [ 28.70773202111463, 47.122909595557275 ], [ 28.707720286525923, 47.122920456753057 ], [ 28.707749863370072, 47.122935343918243 ], [ 28.707761751785927, 47.122924340338706 ], [ 28.708375494516453, 47.122344527652196 ], [ 28.708395201437796, 47.122326286981782 ], [ 28.708423178518778, 47.12234036883477 ], [ 28.708411444194756, 47.122351230099 ], [ 28.707690256150631, 47.1230374179937 ], [ 28.707677895784279, 47.123048858351638 ], [ 28.707705395208396, 47.123062699852575 ], [ 28.707717129830669, 47.123051838658128 ], [ 28.708450079202603, 47.122357075199737 ], [ 28.708465060124311, 47.122343208878036 ], [ 28.708494886335643, 47.122358221430062 ], [ 28.708483152022602, 47.122369082701475 ], [ 28.707744240324537, 47.123065264765252 ], [ 28.707732505704978, 47.123076125962427 ], [ 28.707761945247668, 47.123090943968315 ], [ 28.707774581790737, 47.123079247972633 ], [ 28.708519500796399, 47.12237599086076 ], [ 28.708539268035228, 47.122357694300497 ], [ 28.708571657526356, 47.122373997001077 ], [ 28.708559923225781, 47.122384858280164 ], [ 28.707848856030967, 47.123061688304503 ], [ 28.707837121433773, 47.123072549512116 ], [ 28.707876021162189, 47.123092129120955 ], [ 28.707887962514171, 47.123081076539393 ], [ 28.70861299942062, 47.122388945851888 ], [ 28.708629529071196, 47.122373645970342 ], [ 28.708667384368759, 47.122392699737865 ], [ 28.708655650083934, 47.12240356102653 ], [ 28.707920098401523, 47.123096976740612 ], [ 28.707908363811473, 47.123107837955381 ], [ 28.707939221597407, 47.123123369732063 ], [ 28.707951479413389, 47.123112024227403 ], [ 28.708691697964884, 47.122412539575421 ], [ 28.708716096704418, 47.122389956005719 ], [ 28.708744057649014, 47.12240402959813 ], [ 28.708732323377593, 47.122414890894476 ], [ 28.707994375329271, 47.123116672906853 ], [ 28.707982640750334, 47.123127534129061 ], [ 28.708011517917008, 47.123142068958465 ], [ 28.708027312290604, 47.123127450086784 ], [ 28.708767963120721, 47.122425933257226 ], [ 28.708787649988366, 47.122407710983815 ], [ 28.708815387878463, 47.122421672274577 ], [ 28.708803653617988, 47.122432533578049 ], [ 28.708063443970634, 47.123135944053587 ], [ 28.708051709401825, 47.123146805282708 ], [ 28.708081421769695, 47.123161760462828 ], [ 28.708109720458872, 47.123135567866917 ], [ 28.708841495426668, 47.122440178431759 ], [ 28.709177565453469, 47.122129107481364 ], [ 28.709534091261766, 47.122308555366558 ], [ 28.709522357173906, 47.122319416741703 ], [ 28.709350237311916, 47.122480940883484 ], [ 28.709338503149151, 47.122491802240432 ], [ 28.709339642195175, 47.12249237554645 ], [ 28.709631247021569, 47.122222459101401 ], [ 28.709722338096647, 47.122140283449667 ], [ 28.709834758553214, 47.12203622304358 ], [ 28.710404228333449, 47.122322845032478 ], [ 28.710392494422162, 47.122333706494501 ], [ 28.710364651628865, 47.122359991186222 ], [ 28.710352917701453, 47.122370852644337 ], [ 28.710346948579488, 47.122367848332743 ], [ 28.710524790730744, 47.122203228951562 ], [ 28.710554450015465, 47.122173705564016 ], [ 28.710557348246041, 47.122150406121072 ], [ 28.71055684752638, 47.122134788943868 ], [ 28.710579727791245, 47.122134447169998 ], [ 28.71057922706532, 47.122118829992907 ], [ 28.71060210732308, 47.122118488214653 ], [ 28.710618750856401, 47.122111207322646 ], [ 28.710675744888711, 47.122057735213289 ], [ 28.710687478682374, 47.122046873723249 ], [ 28.710652154997963, 47.122029095038663 ], [ 28.710640293128233, 47.122040075076576 ], [ 28.710582878180741, 47.122093446735953 ], [ 28.710571144355505, 47.122104308215583 ], [ 28.710632592073086, 47.122135235335428 ], [ 28.710649391222777, 47.122119685091867 ], [ 28.71082473712044, 47.121950829585323 ], [ 28.710936861823612, 47.121847039517661 ], [ 28.710594004785797, 47.121674476410654 ], [ 28.710582271052647, 47.121685337890966 ], [ 28.710566283322063, 47.121677398757356 ], [ 28.710554549582564, 47.121688260234912 ], [ 28.710447483986528, 47.121634372646668 ], [ 28.710872918818929, 47.121240560951954 ], [ 28.710893853882741, 47.121220917698665 ], [ 28.710945035246009, 47.121173540178475 ], [ 28.710918080620363, 47.12115997356895 ], [ 28.71090634706438, 47.121170835081102 ], [ 28.7107439556031, 47.121328488540989 ], [ 28.710732221975054, 47.121339350035925 ], [ 28.710332882456235, 47.121138355460026 ], [ 28.710381908946584, 47.121092973276738 ], [ 28.710484184609509, 47.120997009069725 ], [ 28.710524419779372, 47.120959764478485 ], [ 28.710503170083811, 47.120949069069255 ], [ 28.710491436487374, 47.120959930539762 ], [ 28.710393790549503, 47.121051544595105 ], [ 28.70987605553676, 47.121530790205597 ], [ 28.709165358650925, 47.121173075111827 ], [ 28.709177092566797, 47.121162213773509 ], [ 28.709241834673648, 47.121101464825728 ], [ 28.709253820029137, 47.121090370708551 ], [ 28.70928976814205, 47.121108464684177 ], [ 28.709278034260958, 47.1211193260337 ], [ 28.708943342743293, 47.121426753992196 ], [ 28.708931608722473, 47.12143761530745 ], [ 28.708961312757392, 47.121452566443203 ], [ 28.708988898372816, 47.121427032456978 ], [ 28.709323152315978, 47.12111457240556 ], [ 28.709338943768469, 47.121099955185493 ], [ 28.709366727570298, 47.12111393973786 ], [ 28.709354993703922, 47.121124801095071 ], [ 28.70904549992871, 47.121417336447543 ], [ 28.709033765930997, 47.121428197772985 ], [ 28.709063533772383, 47.121443180986653 ], [ 28.709075419973878, 47.121432178771215 ], [ 28.70938625626879, 47.121139227100947 ], [ 28.709415715022125, 47.121111958821224 ], [ 28.709445499695352, 47.121126950446744 ], [ 28.709433765842448, 47.121137811811828 ], [ 28.709104556616506, 47.121446620073719 ], [ 28.709092822624704, 47.121457481405095 ], [ 28.709121712608745, 47.121472022730778 ], [ 28.709135147560769, 47.121459586933312 ], [ 28.709462809408457, 47.121152234955289 ], [ 28.70949075123745, 47.12112637075942 ], [ 28.709521615216545, 47.12114190559987 ], [ 28.709509881376153, 47.121152766972564 ], [ 28.709173926144537, 47.121466078109393 ], [ 28.709162192162889, 47.121476939447703 ], [ 28.70919243631479, 47.121492162338306 ], [ 28.709209411464265, 47.121476449601886 ], [ 28.709544950469677, 47.121162414771327 ], [ 28.709556843110381, 47.121151406397438 ], [ 28.709587749126371, 47.121166962361215 ], [ 28.709576015294257, 47.121177823740545 ], [ 28.709244493851948, 47.121487215671507 ], [ 28.709232759880337, 47.121498077016902 ], [ 28.709262333854152, 47.121512962550376 ], [ 28.709294569118402, 47.121483124513496 ], [ 28.709604857846966, 47.121192174487078 ], [ 28.70963434055426, 47.121164883900981 ], [ 28.70966315679626, 47.121179387982821 ], [ 28.709651422977053, 47.12119024936969 ], [ 28.709324595857449, 47.12149805856069 ], [ 28.709312861900049, 47.121508919914085 ], [ 28.709341198237844, 47.121523182472167 ], [ 28.709356185441305, 47.121509309794739 ], [ 28.709682564769661, 47.121205680613507 ], [ 28.709714780082972, 47.121175860541726 ], [ 28.709744739033667, 47.121190939747166 ], [ 28.709733005228827, 47.121201801142192 ], [ 28.709393996387, 47.121516977406998 ], [ 28.709382262439878, 47.121527838767342 ], [ 28.709409737927743, 47.121541668002322 ], [ 28.709426309704309, 47.121526328565295 ], [ 28.709760213594329, 47.121215332738338 ], [ 28.709792080578094, 47.121185835041494 ], [ 28.709825636853726, 47.121202724845091 ], [ 28.709813903063058, 47.121213586248203 ], [ 28.709470314351545, 47.121532652332341 ], [ 28.709458580416818, 47.121543513700317 ], [ 28.709500501279212, 47.121564613669214 ], [ 28.709526571032015, 47.12154048250752 ], [ 28.709861174165702, 47.121226564735998 ], [ 28.709872907949393, 47.121215703328147 ], [ 28.710419639936596, 47.121490885343931 ], [ 28.710142577063987, 47.121747350313328 ], [ 28.709750621974528, 47.122112944620298 ], [ 28.709607876394514, 47.122245074478784 ], [ 28.709692880785678, 47.122287858824919 ], [ 28.709704614831569, 47.122276997432792 ], [ 28.710268441837123, 47.121751985713459 ], [ 28.710280291801251, 47.121741016747919 ], [ 28.710304827176355, 47.121753365788052 ], [ 28.710293093366598, 47.121764227239566 ], [ 28.709730341333398, 47.122289769632154 ], [ 28.709068378968432, 47.122902493857069 ], [ 28.709457110427529, 47.123098149091739 ], [ 28.709468844695767, 47.123087287722335 ], [ 28.709622640773262, 47.122944355011121 ], [ 28.709634374974367, 47.122933493625339 ], [ 28.709670207331627, 47.122951528499826 ], [ 28.709468498345817, 47.123138233278617 ], [ 28.709329792567701, 47.123268358363767 ], [ 28.709220112644264, 47.123369878393802 ], [ 28.709208670774089, 47.123364119537648 ], [ 28.709220405150621, 47.123353258192772 ], [ 28.709276626072377, 47.123300514124523 ], [ 28.709288409085563, 47.123289607729092 ], [ 28.709262217781507, 47.123276425272593 ], [ 28.709250483430068, 47.123287286621569 ], [ 28.70919245973451, 47.123339628814314 ], [ 28.709150179077092, 47.123378763766596 ], [ 28.709119990555944, 47.123363569423056 ], [ 28.709131724950666, 47.12335270808704 ], [ 28.709887891045007, 47.122654927558983 ], [ 28.70989962512931, 47.122644066147018 ], [ 28.709870416955493, 47.122629365310353 ], [ 28.709847562071232, 47.122650520444324 ], [ 28.709105224479465, 47.123339489980218 ], [ 28.709089821270503, 47.123353747156663 ], [ 28.709061144322035, 47.123339313580701 ], [ 28.709072878723713, 47.123328452250576 ], [ 28.709802083472983, 47.122650197207271 ], [ 28.709813817573991, 47.122639335803861 ], [ 28.709785661372955, 47.122625164404539 ], [ 28.709773819676492, 47.122636125395765 ], [ 28.709038809099489, 47.123316561377294 ], [ 28.709026939556729, 47.123327547785948 ], [ 28.70899633750955, 47.123312145241961 ], [ 28.709008071918785, 47.123301283918366 ], [ 28.709744521962872, 47.122619361785425 ], [ 28.709756256069152, 47.122608500387813 ], [ 28.709726842634378, 47.122593696173489 ], [ 28.709696170469776, 47.122622087109896 ], [ 28.708955948185626, 47.123310437345168 ], [ 28.708934676280336, 47.123330126503234 ], [ 28.708904939479698, 47.12331515941694 ], [ 28.70891667390844, 47.123304298102454 ], [ 28.709664365722805, 47.122610724183467 ], [ 28.709676099843779, 47.122599862793862 ], [ 28.709646217800021, 47.122584822686783 ], [ 28.709621827339991, 47.122607399075491 ], [ 28.708880301985062, 47.123295685027877 ], [ 28.70886842400899, 47.12330667919985 ], [ 28.70883835745574, 47.123291546108995 ], [ 28.708850091893172, 47.123280684801173 ], [ 28.709585740488919, 47.122598371370202 ], [ 28.709597474623482, 47.122587509988456 ], [ 28.709567689043229, 47.122572518397803 ], [ 28.709551110951946, 47.122587863446334 ], [ 28.708802471144022, 47.12328316414667 ], [ 28.708785127338995, 47.123299217420161 ], [ 28.70875772369498, 47.123285424592055 ], [ 28.708769458147753, 47.123274563292298 ], [ 28.709514293430729, 47.122580722860597 ], [ 28.70952602757626, 47.122569861486006 ], [ 28.709496591209053, 47.122555045626839 ], [ 28.709484716798571, 47.122566036827912 ], [ 28.708729360486245, 47.123269656989997 ], [ 28.708712787525482, 47.123284996750805 ], [ 28.708682693156188, 47.123269849589967 ], [ 28.708694427621108, 47.123258988297714 ], [ 28.709443101573147, 47.122561506660944 ], [ 28.70945483572925, 47.122550645293487 ], [ 28.709424444397882, 47.122535348748244 ], [ 28.709403560506882, 47.122554679277457 ], [ 28.70866537168823, 47.123244545798187 ], [ 28.708636273757232, 47.123271478500442 ], [ 28.708608333764094, 47.123257415652709 ], [ 28.708620068241697, 47.12324655436791 ], [ 28.709370416877075, 47.122549316108952 ], [ 28.709382151045581, 47.122538454748771 ], [ 28.709352650664204, 47.122523606603693 ], [ 28.709329820005387, 47.122544739061425 ], [ 28.70859387751948, 47.123230196447082 ], [ 28.7085820207095, 47.123241170956739 ], [ 28.708553191591747, 47.123226660561954 ], [ 28.708564926074139, 47.123215799282676 ], [ 28.70928419623149, 47.122542147606609 ], [ 28.709295930416253, 47.122531286255025 ], [ 28.709265895563217, 47.122516169062244 ], [ 28.709252454337264, 47.122528610471761 ], [ 28.708513320018831, 47.123220767601637 ], [ 28.70850105470419, 47.123232120195269 ], [ 28.708470965162615, 47.123216975362688 ], [ 28.708482699659907, 47.12320611409163 ], [ 28.709214194669052, 47.122520737769719 ], [ 28.709225928863678, 47.122509876425156 ], [ 28.709198385342685, 47.122496013142609 ], [ 28.709183419924209, 47.122509865348178 ], [ 28.708451295439502, 47.123190560446659 ], [ 28.708410097550335, 47.123228692536379 ], [ 28.708380022896872, 47.123213555159488 ], [ 28.708391757412212, 47.123202693897518 ], [ 28.709144796763965, 47.122499612562294 ], [ 28.709156530968393, 47.12248875122468 ], [ 28.709128249130018, 47.122474516297594 ], [ 28.709103864097393, 47.122497087394635 ], [ 28.708351764270986, 47.123200066611204 ], [ 28.708339898632971, 47.123211049226768 ], [ 28.708312238702639, 47.123197127214169 ], [ 28.708323973228449, 47.123186265958978 ], [ 28.709070092995603, 47.122484779858659 ], [ 28.70908182721227, 47.122473918528513 ], [ 28.709052941116759, 47.122459379430843 ], [ 28.709031675594254, 47.122479063036607 ], [ 28.708279971732622, 47.12318443021065 ], [ 28.70826769687055, 47.123195791577736 ], [ 28.708237145665553, 47.123180414270983 ], [ 28.708248880203289, 47.123169553023303 ], [ 28.708991207772542, 47.122472313879996 ], [ 28.709002942002826, 47.122461452557744 ], [ 28.708972632904679, 47.122446197190712 ], [ 28.708954517282379, 47.122462965182663 ], [ 28.7082136766129, 47.123163236998586 ], [ 28.708195161571233, 47.123180374125042 ], [ 28.708165789332227, 47.123165590193146 ], [ 28.70817752388151, 47.12315472895262 ], [ 28.708917839820259, 47.12245587869814 ], [ 28.708929574062168, 47.122445017383242 ], [ 28.70890042636173, 47.122430346544974 ], [ 28.708880741977932, 47.122448566566852 ], [ 28.708141668366409, 47.123148074610512 ], [ 28.70801471322401, 47.123265581102082 ], [ 28.707555943756606, 47.123034666073693 ], [ 28.707567678403727, 47.123023804894203 ], [ 28.708300100276386, 47.122329328692963 ], [ 28.708296199759005, 47.122309156702144 ], [ 28.708272819337928, 47.12229388082546 ], [ 28.708249938977175, 47.122294222139409 ], [ 28.708227058616004, 47.12229456344879 ], [ 28.708203678220844, 47.12227928755761 ], [ 28.708180797865523, 47.122279628857669 ], [ 28.708157417490018, 47.122264352956741 ], [ 28.708134537140545, 47.122264694247477 ], [ 28.708111656790656, 47.122265035533644 ], [ 28.708088276441071, 47.122249759618235 ], [ 28.708065396097034, 47.122250100895087 ], [ 28.708042015767099, 47.122234824969929 ], [ 28.708041515782046, 47.122219207772446 ], [ 28.708051311762617, 47.122209788760152 ], [ 28.708816168375296, 47.121496382934751 ], [ 28.708875774160813, 47.121441210439365 ], [ 28.708912575878458, 47.121459734124464 ], [ 28.708900841844216, 47.121470595436669 ], [ 28.708098093270365, 47.122219636588532 ], [ 28.708086358905117, 47.122230497820183 ], [ 28.708115293723345, 47.122245061883824 ], [ 28.708134999111049, 47.122226822727079 ], [ 28.708934540782693, 47.12147844118811 ], [ 28.708954233797588, 47.121460212829604 ], [ 28.708983237555746, 47.12147481147511 ], [ 28.708971503532858, 47.121485672794385 ], [ 28.708175341346529, 47.122231277151215 ], [ 28.708163606994731, 47.122242138390583 ], [ 28.708193306965537, 47.122257087551894 ], [ 28.708206738042136, 47.122244655828148 ], [ 28.709011857212172, 47.121492344855362 ], [ 28.709026832095724, 47.12147848369618 ], [ 28.709054225706875, 47.121492271864845 ], [ 28.709042491694905, 47.121503133191219 ], [ 28.708239216059166, 47.122256318083039 ], [ 28.708227481715191, 47.122267179328809 ], [ 28.708255713505526, 47.122281389466316 ], [ 28.708283213150604, 47.122255935921068 ], [ 28.709082960139966, 47.121509845631316 ], [ 28.709104198937037, 47.121490186389671 ], [ 28.709133665017994, 47.121505017670607 ], [ 28.709121931019695, 47.121515879004939 ], [ 28.708318760731697, 47.122269113613712 ], [ 28.708307026401396, 47.122279974867453 ], [ 28.708338522940796, 47.122295828239025 ], [ 28.70835977775311, 47.122276154846524 ], [ 28.709161659670364, 47.121526695889152 ], [ 28.70918134636544, 47.121508473285544 ], [ 28.709209745752897, 47.121522767628967 ], [ 28.709198011766492, 47.12153362897093 ], [ 28.708394039412148, 47.12228648349523 ], [ 28.708382305093668, 47.122297344756504 ], [ 28.708410748363182, 47.122311661271638 ], [ 28.70843669850354, 47.12228764185511 ], [ 28.709234632267503, 47.121540685954791 ], [ 28.70925433462935, 47.121522448818531 ], [ 28.709283926908075, 47.121537343549726 ], [ 28.709272192933856, 47.121548204899085 ], [ 28.708469169917542, 47.12229931932562 ], [ 28.708457435611823, 47.122310180594404 ], [ 28.708486236636528, 47.122324677147589 ], [ 28.708505938810394, 47.122306440810739 ], [ 28.709303117537988, 47.121559126194384 ], [ 28.709316962254125, 47.121546311064769 ], [ 28.709346491694529, 47.12156117413555 ], [ 28.709334757728129, 47.121572035491191 ], [ 28.708539098719342, 47.122314029458948 ], [ 28.708527364424899, 47.122324890734738 ], [ 28.708555369041026, 47.122338986397637 ], [ 28.708578184476107, 47.122317868390397 ], [ 28.70937971995167, 47.121570439001111 ], [ 28.709391618039639, 47.121559425715382 ], [ 28.709423411268478, 47.121575428183341 ], [ 28.709411677314897, 47.121586289546677 ], [ 28.70861894482821, 47.122324772975439 ], [ 28.708607210547946, 47.122335634259215 ], [ 28.708682933984075, 47.122373748282342 ], [ 28.709569637826611, 47.121552995885494 ], [ 28.710334662618703, 47.120831388873754 ], [ 28.710357886668255, 47.120809891038562 ], [ 28.710386899415084, 47.120824493845973 ], [ 28.710375165821343, 47.120835355304763 ], [ 28.709607925131667, 47.121560895974483 ], [ 28.709596191219294, 47.121571757356236 ], [ 28.709625351470102, 47.121586434485565 ], [ 28.709640363130507, 47.121572539080127 ], [ 28.710411273805732, 47.120844391632716 ], [ 28.71042784003885, 47.12082905672122 ], [ 28.710459327274297, 47.120844904961402 ], [ 28.710447593691129, 47.120855766427418 ], [ 28.709678313922879, 47.121580251262628 ], [ 28.709666580020887, 47.121591112651416 ], [ 28.709697863815109, 47.1216068585803 ], [ 28.709717561268771, 47.121588625782898 ], [ 28.710491895961024, 47.120857171431275 ], [ 28.710506112006762, 47.120844011999644 ], [ 28.710535150965267, 47.120858627932193 ], [ 28.710523417394818, 47.120869489405798 ], [ 28.709755340597681, 47.121594028342734 ], [ 28.709743606708638, 47.121604889739224 ], [ 28.709773280113193, 47.121619825083641 ], [ 28.709808621855345, 47.121587111200661 ], [ 28.710566378009855, 47.120872467653442 ], [ 28.710589332703851, 47.120851219037036 ], [ 28.710649723338875, 47.120881614853317 ], [ 28.710637989787141, 47.120892476338383 ], [ 28.709866259244347, 47.121617944948987 ], [ 28.709854525373078, 47.121628806356583 ], [ 28.70988276667784, 47.121643020841887 ], [ 28.709897768326641, 47.121629134622118 ], [ 28.710679672850564, 47.120894822029101 ], [ 28.710693889172163, 47.120881662284908 ], [ 28.710721899518525, 47.120895760413767 ], [ 28.710710165978668, 47.120906621906059 ], [ 28.709937173747004, 47.121633133335713 ], [ 28.709925439887122, 47.121643994750421 ], [ 28.709958049922253, 47.121660408078796 ], [ 28.709983222423826, 47.121637107202659 ], [ 28.71074096724524, 47.120921885072249 ], [ 28.710752826238878, 47.120910907443978 ], [ 28.710784132616013, 47.120926664491599 ], [ 28.710772399082376, 47.120937525990136 ], [ 28.710014763478817, 47.121649406956315 ], [ 28.710003029631462, 47.121660268378783 ], [ 28.710031569949194, 47.12167463329795 ], [ 28.710062203604402, 47.121646277263892 ], [ 28.710828181276725, 47.120929623730504 ], [ 28.710848678704991, 47.120910649634446 ], [ 28.71087778615842, 47.120925299888327 ], [ 28.710866052644413, 47.120936161396216 ], [ 28.71009739150135, 47.121661538397568 ], [ 28.710085657668458, 47.121672399828292 ], [ 28.710114563529789, 47.121686948697175 ], [ 28.710131139108796, 47.121671605491294 ], [ 28.710898574185972, 47.120949554524231 ], [ 28.710910307696139, 47.120938693013088 ], [ 28.711142096299181, 47.121055355289585 ], [ 28.710509163504781, 47.121641244891947 ], [ 28.709572440582679, 47.122520076182951 ], [ 28.709560706457406, 47.122530937562139 ], [ 28.709594061120001, 47.122547725548579 ], [ 28.709610622384723, 47.122532396046267 ], [ 28.710547564425617, 47.121660270164263 ], [ 28.710560523364276, 47.121648274562148 ], [ 28.710823645850386, 47.121780706915047 ], [ 28.710811912141878, 47.121791568418409 ], [ 28.709949434575048, 47.122602711233803 ], [ 28.709937700509887, 47.122613572650707 ], [ 28.709964341011663, 47.122626981126764 ], [ 28.709989085609891, 47.122604076737169 ], [ 28.710792983778504, 47.121855577466967 ], [ 28.71081693399589, 47.121833407579146 ], [ 28.710757195829498, 47.1218033408609 ], [ 28.710745462102416, 47.121814202357648 ], [ 28.709898052403442, 47.122606137899453 ], [ 28.709886318326937, 47.122616999311226 ], [ 28.709857543928948, 47.122602516786579 ], [ 28.709875392862486, 47.122585995286606 ], [ 28.710717780111604, 47.121800442272729 ], [ 28.710729513841446, 47.121789580778767 ], [ 28.710701434573327, 47.121775448211459 ], [ 28.710689595825702, 47.121786406911177 ], [ 28.709844783430956, 47.122570820100904 ], [ 28.709820391623342, 47.122593397862808 ], [ 28.709790215123761, 47.122578209608122 ], [ 28.709801949211784, 47.122567348205983 ], [ 28.710661070823136, 47.121772221224035 ], [ 28.710672804558641, 47.121761359735743 ], [ 28.71064069896957, 47.12174520064746 ], [ 28.710628753091022, 47.121756258502458 ], [ 28.70976647441438, 47.122565250637585 ], [ 28.709748325536747, 47.122582049731861 ], [ 28.70971595693614, 47.122565758126314 ], [ 28.709727691036829, 47.122554896731607 ], [ 28.710587593812022, 47.12174693400901 ], [ 28.710599327557272, 47.121736072528094 ], [ 28.710568672723742, 47.121720643583039 ], [ 28.710512243028777, 47.121772878322517 ], [ 28.709694124568887, 47.122547150446998 ], [ 28.709672849364349, 47.122566843321394 ], [ 28.709639875597315, 47.12255024708773 ], [ 28.709651609710388, 47.122539385700627 ], [ 28.710485625918611, 47.121759717772917 ], [ 28.71049735968765, 47.121748856302176 ], [ 28.710235362913913, 47.121616989299909 ], [ 28.710111343105549, 47.121731788559387 ], [ 28.709313953202855, 47.122471887512617 ], [ 28.709292690253182, 47.122491568870068 ], [ 28.709263255535618, 47.122476753725799 ], [ 28.709274989710686, 47.122465892376376 ], [ 28.710083887355996, 47.121715377400513 ], [ 28.710095621198469, 47.121704515969924 ], [ 28.710064384552481, 47.121688793969646 ], [ 28.710043121585581, 47.121708476018739 ], [ 28.70923449956096, 47.12245913181372 ], [ 28.709219537686952, 47.122472980761174 ], [ 28.709192120365667, 47.12245918098548 ], [ 28.70920385455166, 47.12244831964319 ], [ 28.710003855879282, 47.121700149409918 ], [ 28.710015589735018, 47.121689287987337 ], [ 28.709985761908694, 47.12167427503659 ], [ 28.709967632692855, 47.12169105630165 ], [ 28.709161971046942, 47.122443106993416 ], [ 28.709143847082824, 47.122459882792654 ], [ 28.709114913184571, 47.122445319654815 ], [ 28.709126647383528, 47.122434458320242 ], [ 28.709930470702886, 47.121683725534226 ], [ 28.70994220457025, 47.121672864118977 ], [ 28.70991214507217, 47.121657734528441 ], [ 28.709890882663373, 47.12167741599179 ], [ 28.709089811739968, 47.122425072345393 ], [ 28.709073224111087, 47.122440426066724 ], [ 28.709040624098005, 47.122424017645322 ], [ 28.709052358307733, 47.122413156318181 ], [ 28.709852057107906, 47.12166703452985 ], [ 28.709863790987882, 47.121656173122446 ], [ 28.709839503214774, 47.121643948536587 ], [ 28.709821426688293, 47.121660680973555 ], [ 28.709016669941331, 47.122404371285761 ], [ 28.708989180674767, 47.122429815655991 ], [ 28.708962300591068, 47.122416286189654 ], [ 28.708974034815309, 47.122405424870337 ], [ 28.709776853022856, 47.121658598287972 ], [ 28.709788586916549, 47.121647736888107 ], [ 28.70975846485813, 47.121632575739724 ], [ 28.709743450521746, 47.121646473650962 ], [ 28.708941809824989, 47.122393858842692 ], [ 28.708925254393812, 47.122409182709376 ], [ 28.708896056168623, 47.122394486428561 ], [ 28.708907790401863, 47.122383625115887 ], [ 28.709706004057043, 47.121636801208339 ], [ 28.709717737960684, 47.121625939815559 ], [ 28.709688213149612, 47.121611079241568 ], [ 28.709668532088585, 47.121629296843508 ], [ 28.708876507161495, 47.122368107776012 ], [ 28.708842729164612, 47.122399372963734 ], [ 28.70881290353967, 47.122384360858881 ], [ 28.708824637787906, 47.12237349955452 ], [ 28.70962929130566, 47.121623158593522 ], [ 28.709641025222219, 47.121612297208408 ], [ 28.709609248167006, 47.121596302985935 ], [ 28.709586407362828, 47.121617445335971 ], [ 28.708786707607398, 47.122363559233975 ], [ 28.708765436691632, 47.122383247725665 ], [ 28.708734447811715, 47.122367650083163 ], [ 28.70874618207257, 47.122356788786654 ], [ 28.709551749876649, 47.121606888959661 ], [ 28.709563483805727, 47.121596027582321 ], [ 28.709533627460331, 47.121581000067806 ], [ 28.709510807860557, 47.121602122753295 ], [ 28.708705845991386, 47.122350105921235 ], [ 28.708687668307444, 47.122366931267152 ], [ 28.70865358062591, 47.122349773861664 ], [ 28.70866531489963, 47.122338912573248 ], [ 28.709464652059992, 47.121594774363174 ], [ 28.709476386004454, 47.121583912994538 ], [ 28.710554342594559, 47.122126468375043 ], [ 28.710521134357705, 47.122157207705136 ], [ 28.710487529002545, 47.122189104780965 ], [ 28.710475795137121, 47.122199966251181 ], [ 28.710531474234024, 47.122227990000702 ], [ 28.710559172564651, 47.12220235096509 ], [ 28.710597727536509, 47.122165725034129 ], [ 28.710609461369422, 47.122154863551771 ], [ 28.710677096246663, 47.122188904645135 ], [ 28.710601094991819, 47.122259255580133 ], [ 28.710557599794075, 47.122299517018746 ], [ 28.710539475126851, 47.122306919662094 ], [ 28.710539975844437, 47.122322536838993 ], [ 28.710562856189998, 47.122322195067454 ], [ 28.710585736535144, 47.122321853291375 ], [ 28.710608616879867, 47.122321511510712 ], [ 28.710630996479821, 47.122305552549321 ], [ 28.7106533760664, 47.122289593583695 ], [ 28.710675755639603, 47.122273634613819 ], [ 28.710698135199419, 47.122257675639716 ], [ 28.710720514745859, 47.122241716661357 ], [ 28.710742894278923, 47.122225757678748 ], [ 28.710765273798607, 47.122209798691905 ], [ 28.710787653304909, 47.12219383970082 ], [ 28.710810032797834, 47.122177880705486 ], [ 28.710832412277373, 47.122161921705903 ], [ 28.710854791743543, 47.122145962702085 ], [ 28.710854290936915, 47.122130345527282 ], [ 28.710853790130713, 47.122114728352415 ], [ 28.710876169570959, 47.122098769344618 ], [ 28.710898548997825, 47.122082810332593 ], [ 28.710920928411312, 47.122066851316319 ], [ 28.710943307811419, 47.122050892295789 ], [ 28.710965687198151, 47.122034933271038 ], [ 28.710988066571499, 47.122018974242025 ], [ 28.711010445931471, 47.122003015208769 ], [ 28.711032825278064, 47.121987056171285 ], [ 28.711055204611277, 47.121971097129538 ], [ 28.711077583931111, 47.12195513808355 ], [ 28.711099963237565, 47.121939179033326 ], [ 28.711122342530643, 47.121923219978854 ], [ 28.711144721810335, 47.121907260920139 ], [ 28.711167101076651, 47.121891301857175 ], [ 28.71118948032959, 47.121875342789984 ], [ 28.711211859569151, 47.121859383718537 ], [ 28.711234238795328, 47.121843424642847 ], [ 28.711256618008136, 47.121827465562909 ], [ 28.711278997207557, 47.121811506478743 ], [ 28.711301376393603, 47.12179554739032 ], [ 28.711323755566262, 47.121779588297649 ], [ 28.711346134725549, 47.121763629200743 ], [ 28.711368513871456, 47.121747670099587 ], [ 28.711390893003983, 47.121731710994183 ], [ 28.711413272123128, 47.121715751884544 ], [ 28.711435651228904, 47.121699792770663 ], [ 28.711458030321293, 47.121683833652533 ], [ 28.711480409400302, 47.121667874530175 ], [ 28.711502788465936, 47.121651915403554 ], [ 28.711525167518193, 47.121635956272698 ], [ 28.711547546557068, 47.121619997137593 ], [ 28.711569925582559, 47.121604037998246 ], [ 28.711592304594678, 47.121588078854643 ], [ 28.711614683593414, 47.121572119706812 ], [ 28.711637062578781, 47.121556160554732 ], [ 28.711659441550761, 47.121540201398425 ], [ 28.711681820509366, 47.121524242237861 ], [ 28.711681319471605, 47.121508625068095 ], [ 28.711680818434264, 47.121493007898273 ], [ 28.711680317397352, 47.121477390728408 ], [ 28.711679816360849, 47.121461773558501 ], [ 28.711679315324776, 47.121446156388544 ], [ 28.711678814289115, 47.121430539218544 ], [ 28.711678313253881, 47.12141492204848 ], [ 28.711677812219062, 47.121399304878373 ], [ 28.711677311184665, 47.121383687708231 ], [ 28.711676810150685, 47.121368070538047 ], [ 28.711676309117131, 47.121352453367798 ], [ 28.711675808083996, 47.121336836197514 ], [ 28.711675307051273, 47.121321219027195 ], [ 28.711674806018976, 47.121305601856811 ], [ 28.711674304987103, 47.121289984686378 ], [ 28.711673803955645, 47.121274367515909 ], [ 28.711673302924609, 47.12125875034539 ], [ 28.711672801893993, 47.121243133174815 ], [ 28.711672300863796, 47.121227516004211 ], [ 28.711671799834015, 47.12121189883355 ], [ 28.711671298804657, 47.12119628166284 ], [ 28.711670797775728, 47.121180664492094 ], [ 28.711670296747211, 47.121165047321284 ], [ 28.711669795719114, 47.121149430150439 ], [ 28.711669294691436, 47.121133812979537 ], [ 28.711668793664177, 47.121118195808599 ], [ 28.711668292637341, 47.121102578637618 ], [ 28.711667791610921, 47.121086961466581 ], [ 28.711667290584924, 47.121071344295487 ], [ 28.711666789559352, 47.121055727124364 ], [ 28.711666288534193, 47.121040109953185 ], [ 28.711665787509457, 47.121024492781963 ], [ 28.711665286485143, 47.121008875610698 ], [ 28.711664785461245, 47.120993258439384 ], [ 28.711668995503043, 47.120988811357684 ], [ 28.711728565987187, 47.120928827607848 ], [ 28.711739659470393, 47.120917657146379 ], [ 28.711661263890488, 47.120881383444818 ], [ 28.711582027465468, 47.120961169451306 ], [ 28.71155087005571, 47.120990255503159 ], [ 28.711453170228435, 47.121088632438337 ], [ 28.710928757244329, 47.120845983022043 ], [ 28.710939850880404, 47.12083481263597 ], [ 28.710990127555743, 47.120787922617552 ], [ 28.710994260599097, 47.120784533651907 ], [ 28.710993759775491, 47.12076891647451 ], [ 28.7109932589523, 47.120753299297064 ], [ 28.710970379284493, 47.12075364114596 ], [ 28.710947499616267, 47.120753982990287 ], [ 28.710924619947622, 47.120754324830052 ], [ 28.710901740278551, 47.120754666665242 ], [ 28.710878860609064, 47.12075500849587 ], [ 28.710855480156525, 47.120739733143303 ], [ 28.710818740766513, 47.120738038496562 ], [ 28.710751801013071, 47.120791241131911 ], [ 28.710719704397174, 47.120788635541629 ], [ 28.710696323974297, 47.120773360156278 ], [ 28.710664978098087, 47.120772599382036 ], [ 28.710620077456319, 47.120809435387955 ], [ 28.710607967003316, 47.120820102374772 ], [ 28.710623706426453, 47.120828427906886 ], [ 28.710923830866495, 47.120564074140979 ], [ 28.711146548722891, 47.12036949149266 ], [ 28.711259428861304, 47.1202700632942 ], [ 28.711270608648977, 47.120275976922116 ], [ 28.711258498446092, 47.120286643975447 ], [ 28.711208818960191, 47.120328756231636 ], [ 28.711196708733087, 47.120339423278637 ], [ 28.711172206776912, 47.120326462782899 ], [ 28.711219191939993, 47.120285076844901 ], [ 28.711270230536098, 47.120239478970447 ], [ 28.71128234072615, 47.12022881191595 ], [ 28.711333627021595, 47.120255940151004 ], [ 28.711277843221755, 47.120305076357056 ], [ 28.711150012364858, 47.12041767354247 ], [ 28.710949808561274, 47.120594017724351 ], [ 28.710935695682448, 47.120586552600003 ], [ 28.710947806017234, 47.12057588557964 ], [ 28.71105563982789, 47.120482233025385 ], [ 28.711006622931727, 47.120456231066669 ], [ 28.710983743391434, 47.120456572916602 ], [ 28.710960863850719, 47.120456914761974 ], [ 28.710937984309581, 47.120457256602776 ], [ 28.710915104768031, 47.120457598439003 ], [ 28.710892726014517, 47.120473557449756 ], [ 28.710870347247617, 47.12048951645626 ], [ 28.710847968467348, 47.120505475458522 ], [ 28.7108255896737, 47.120521434456542 ], [ 28.710803210866668, 47.120537393450313 ], [ 28.710780832046268, 47.120553352439856 ], [ 28.710758453212481, 47.120569311425122 ], [ 28.710736074365318, 47.120585270406181 ], [ 28.710736575110314, 47.120600887586185 ], [ 28.710714196243501, 47.120616846563124 ], [ 28.710691817363308, 47.120632805535813 ], [ 28.710692318096189, 47.120648422716059 ], [ 28.710692818829479, 47.120664039896248 ], [ 28.710693319563198, 47.120679657076394 ], [ 28.71069382029733, 47.120695274256491 ], [ 28.710671441378686, 47.120711233225499 ], [ 28.710649062446667, 47.120727192190245 ], [ 28.710626683501268, 47.120743151150769 ], [ 28.710604304542493, 47.120759110107059 ], [ 28.710581925570331, 47.120775069059079 ], [ 28.710582426273536, 47.120790686239822 ], [ 28.710582926977168, 47.12080630342053 ], [ 28.710583427681208, 47.120821920601173 ], [ 28.710606808094067, 47.12083719600961 ], [ 28.710629687802037, 47.12083685423287 ], [ 28.710652567509587, 47.120836512451568 ], [ 28.710675447216719, 47.120836170665704 ], [ 28.710698326923428, 47.120835828875258 ], [ 28.710721206629717, 47.120835487080249 ], [ 28.710744086335588, 47.120835145280665 ], [ 28.710766966041039, 47.120834803476534 ], [ 28.710789845746071, 47.120834461667819 ], [ 28.710812725450683, 47.120834119854543 ], [ 28.710835605154873, 47.120833778036697 ], [ 28.710857984073904, 47.120817819035892 ], [ 28.710880362979566, 47.120801860030852 ], [ 28.710902741871841, 47.120785901021577 ], [ 28.710925120750748, 47.120769942008046 ], [ 28.710947499616267, 47.120753982990287 ], [ 28.710970379284493, 47.12075364114596 ], [ 28.7109932589523, 47.120753299297064 ], [ 28.711016138619684, 47.120752957443599 ], [ 28.711038517450501, 47.120736998408432 ], [ 28.711060896267945, 47.120721039369037 ], [ 28.711083275072006, 47.120705080325379 ], [ 28.711105653862688, 47.120689121277501 ], [ 28.711128533501213, 47.120688779401931 ], [ 28.711151413139326, 47.1206884375218 ], [ 28.711151914007662, 47.120704054698137 ], [ 28.711148379873276, 47.12072136825838 ], [ 28.7110184948463, 47.120843224464558 ], [ 28.711007401225206, 47.12085439485805 ], [ 28.711273886437226, 47.12097769965402 ], [ 28.711330756825358, 47.120920435347223 ], [ 28.712103969443096, 47.120192923386369 ], [ 28.712115062697926, 47.120181752890133 ], [ 28.712017035245488, 47.12013639530042 ], [ 28.711905663345817, 47.120248542205076 ], [ 28.711768845470846, 47.120375363955858 ], [ 28.711757752103459, 47.120386534419637 ], [ 28.711831011735917, 47.120420431957086 ], [ 28.712073216405937, 47.120176542385799 ], [ 28.712141843061463, 47.120112160001064 ], [ 28.712588087632632, 47.119662802658922 ], [ 28.712656994050121, 47.119694685672904 ], [ 28.712645901008671, 47.119705856219781 ], [ 28.712604848199742, 47.119743315557216 ], [ 28.712529942110741, 47.119818744718629 ], [ 28.712230013028638, 47.119679966734211 ], [ 28.712241106153062, 47.119668796226527 ], [ 28.712282002233746, 47.11963108376122 ], [ 28.712452636406667, 47.119459258254139 ], [ 28.712494799511287, 47.119478767292094 ], [ 28.712483706479077, 47.119489937823509 ], [ 28.712452599074233, 47.119518303661408 ], [ 28.712440441746228, 47.119530545900794 ], [ 28.712471452669742, 47.119544894767351 ], [ 28.712482545715659, 47.11953372423703 ], [ 28.712609650809572, 47.11941123579858 ], [ 28.71262074379916, 47.119400065255348 ], [ 28.712579072865314, 47.119380783984028 ], [ 28.712514689156031, 47.119445617683652 ], [ 28.712320505931579, 47.119638144536133 ], [ 28.712309412830194, 47.119649315051269 ], [ 28.712292896760669, 47.119641672989744 ], [ 28.712789588452321, 47.119141509704221 ], [ 28.71281249580111, 47.119120623750803 ], [ 28.712824743888685, 47.119108289899749 ], [ 28.712788382385401, 47.119091465318135 ], [ 28.712777289493726, 47.119102635876892 ], [ 28.712754396809501, 47.119123527268087 ], [ 28.712743303904144, 47.119134697823675 ], [ 28.712682143373943, 47.119106398592876 ], [ 28.712746264591523, 47.119041828524594 ], [ 28.712760878592409, 47.11902850496886 ], [ 28.712771971472577, 47.119017334411708 ], [ 28.712801651589935, 47.119031067523004 ], [ 28.712789615234609, 47.119043188168568 ], [ 28.712641135579716, 47.119178593270803 ], [ 28.712630042639208, 47.119189763815776 ], [ 28.712981666204062, 47.119352460597085 ], [ 28.713053411785328, 47.119280212508187 ], [ 28.713114960455155, 47.119224005257145 ], [ 28.713130453306761, 47.119208403819712 ], [ 28.713184539172875, 47.119233429218063 ], [ 28.713173446336523, 47.119244599814238 ], [ 28.713163038938056, 47.119252009762661 ], [ 28.713120508770594, 47.1192948379923 ], [ 28.713133626461481, 47.119300907511771 ], [ 28.713144719317654, 47.119289736919313 ], [ 28.713214179494958, 47.119226331543707 ], [ 28.713426885259679, 47.119012133429038 ], [ 28.713537993492036, 47.11906354266219 ], [ 28.713526900764979, 47.119074713291518 ], [ 28.713388208831201, 47.119202857907581 ], [ 28.713377116044221, 47.119214028522897 ], [ 28.713353406553342, 47.11920305825943 ], [ 28.713369275072576, 47.119187078410199 ], [ 28.713480118133742, 47.119082261661831 ], [ 28.713500696023591, 47.119061539282129 ], [ 28.713550863488706, 47.119084751477892 ], [ 28.713539770760093, 47.119095922108443 ], [ 28.713463781218369, 47.119166128169709 ], [ 28.713452688454833, 47.119177298792131 ], [ 28.713343907787976, 47.119126966508631 ], [ 28.71339099495021, 47.119079548906434 ], [ 28.713432836640617, 47.11904136451389 ], [ 28.713443929380887, 47.119030193893444 ], [ 28.713472129618985, 47.119043242014101 ], [ 28.713449045193681, 47.119066488517262 ], [ 28.713419057231164, 47.11909387047718 ], [ 28.713407964472758, 47.119105041095324 ], [ 28.713366802766032, 47.119085995747625 ], [ 28.713412804895189, 47.119039670730359 ], [ 28.713655542479085, 47.118818028831313 ], [ 28.713666635126987, 47.118806858190084 ], [ 28.71362985717548, 47.118789841210166 ], [ 28.713600145711297, 47.118819761544287 ], [ 28.713187468536894, 47.119211194278066 ], [ 28.712920478524548, 47.119480054421366 ], [ 28.712926340767861, 47.119482766870632 ], [ 28.712937433704756, 47.119471596297522 ], [ 28.712984823492611, 47.119428382103244 ], [ 28.712997844839538, 47.119415269589091 ], [ 28.713030316337559, 47.119430294071734 ], [ 28.713019223428709, 47.119441464653534 ], [ 28.712950119273891, 47.119504487665147 ], [ 28.712897854590661, 47.119557118070894 ], [ 28.712862743751231, 47.119540872351934 ], [ 28.712873836713356, 47.119529701784785 ], [ 28.712986382934957, 47.119429068490753 ], [ 28.712998468942036, 47.119416897865008 ], [ 28.712964960936873, 47.119401393775071 ], [ 28.712953868020012, 47.119412564350704 ], [ 28.712842900902817, 47.119513759133199 ], [ 28.712823472349658, 47.119533323591455 ], [ 28.712630464752706, 47.119444018858324 ], [ 28.712641557744519, 47.119432848313124 ], [ 28.712969740476105, 47.119136836702587 ], [ 28.713055268986292, 47.119050708812885 ], [ 28.713029407294943, 47.119038742591947 ], [ 28.713018314465042, 47.119049913173349 ], [ 28.712714705489969, 47.119326727246047 ], [ 28.712703612535122, 47.119337897798061 ], [ 28.712847948527333, 47.119404682214359 ], [ 28.71307977867572, 47.119171228547401 ], [ 28.713573400601334, 47.118720509321975 ], [ 28.7137714472467, 47.118521069438209 ], [ 28.713570133444335, 47.118427921981883 ], [ 28.713559040852555, 47.118439092613734 ], [ 28.713533343936, 47.118462509519695 ], [ 28.713481514526347, 47.118514703432041 ], [ 28.713505562789877, 47.118525830555313 ], [ 28.71351665541053, 47.118514659928444 ], [ 28.713585131842692, 47.118452395354495 ], [ 28.713637089919871, 47.118400071661057 ], [ 28.713672000690057, 47.118416224826433 ], [ 28.71366090812224, 47.118427395467847 ], [ 28.713450900164879, 47.118611514537321 ], [ 28.713431014349549, 47.118631540119416 ], [ 28.713593805357, 47.118706863202796 ], [ 28.713604897995527, 47.118695692567471 ], [ 28.713772372741694, 47.118540557353015 ], [ 28.713783465308744, 47.118529386701006 ], [ 28.713832901688367, 47.118552260689377 ], [ 28.71360661211326, 47.118780142298419 ], [ 28.713153663366082, 47.119193767497563 ], [ 28.7131425705312, 47.119204938090796 ], [ 28.71301316861053, 47.119145063952253 ], [ 28.713033871186965, 47.119124216302339 ], [ 28.713766664517738, 47.118454626062466 ], [ 28.713777757068627, 47.118443455411075 ], [ 28.713712319834809, 47.118413177780432 ], [ 28.713685509770787, 47.118440176565386 ], [ 28.713007627002384, 47.119059152426708 ], [ 28.712962453416793, 47.119104642561908 ], [ 28.712986313442769, 47.119115682617476 ], [ 28.71299740629275, 47.119104512039037 ], [ 28.713743758507249, 47.118430485707322 ], [ 28.71375485105812, 47.118419315058105 ], [ 28.713814696366558, 47.118447005287067 ], [ 28.713738739193495, 47.118523497219179 ], [ 28.713047159098718, 47.11915458708566 ], [ 28.712970178980278, 47.119232106528635 ], [ 28.713029241754668, 47.119259434835733 ], [ 28.713040334624598, 47.119248264253116 ], [ 28.713602214535552, 47.118735213337487 ], [ 28.713613307178022, 47.118724042701345 ], [ 28.713611188746007, 47.118723062510703 ], [ 28.713114509898467, 47.119223227980754 ], [ 28.712567015668913, 47.1197240020512 ], [ 28.712437209455544, 47.119854714452096 ], [ 28.712398514685106, 47.119836810331492 ], [ 28.712409607805494, 47.119825639807807 ], [ 28.713094257418458, 47.119198832302239 ], [ 28.713105350262353, 47.119187661713553 ], [ 28.713008340997444, 47.119142775589602 ], [ 28.712992182763433, 47.11915904703735 ], [ 28.712320262530859, 47.119770975743755 ], [ 28.712272590239518, 47.119818980562258 ], [ 28.712305052426661, 47.119834000917557 ], [ 28.712316145566298, 47.119822830402676 ], [ 28.712978947230674, 47.11921632934753 ], [ 28.712990040102557, 47.119205158769681 ], [ 28.713022621584685, 47.119220234207226 ], [ 28.713010496187739, 47.119232444550342 ], [ 28.712348826944584, 47.119838412245109 ], [ 28.711968180890533, 47.120221710316976 ], [ 28.71194138951379, 47.120209313844157 ], [ 28.711952482806417, 47.120198143363218 ], [ 28.712363475645873, 47.11982047081478 ], [ 28.712374568770393, 47.119809300294399 ], [ 28.712307791480448, 47.119778402258675 ], [ 28.712294816273896, 47.119791467974949 ], [ 28.711958764828058, 47.120108622626169 ], [ 28.711947004497105, 47.12012046480789 ], [ 28.7119759235831, 47.12013384580073 ], [ 28.711987016853151, 47.120122675316594 ], [ 28.712328744119091, 47.119808220320635 ], [ 28.712339837248496, 47.119797049803552 ], [ 28.712426254187331, 47.119837035094477 ], [ 28.712046018626918, 47.120219920642576 ], [ 28.711403736080907, 47.120790148922453 ], [ 28.711271728613152, 47.120923071106411 ], [ 28.711246286237866, 47.120911298758635 ], [ 28.711257379819809, 47.120900128342583 ], [ 28.712000732956, 47.12020061169197 ], [ 28.712011826234281, 47.120189441205454 ], [ 28.711911194510645, 47.120142878484216 ], [ 28.711888334830846, 47.120165897214825 ], [ 28.711123901914135, 47.120892897143484 ], [ 28.711112606470287, 47.120904270779157 ], [ 28.711042373807775, 47.120871773501364 ], [ 28.711053467424964, 47.120860603104546 ], [ 28.711782294692686, 47.120175588000372 ], [ 28.711805588468277, 47.120152132226096 ], [ 28.712201270454628, 47.120335215452577 ], [ 28.712190177187058, 47.120346385957056 ], [ 28.711476874650767, 47.121009153195487 ], [ 28.711465781093334, 47.121020323632294 ], [ 28.711433799724528, 47.121005525756544 ], [ 28.711445628755538, 47.120993614756358 ], [ 28.712266448248567, 47.120226307366686 ], [ 28.712277541475693, 47.120215136855116 ], [ 28.712243671658598, 47.120199465290298 ], [ 28.712228892396254, 47.120214347506078 ], [ 28.711452975339757, 47.120941615259007 ], [ 28.711441881790911, 47.120952785693504 ], [ 28.711413936306606, 47.120939855208938 ], [ 28.711425632782994, 47.120928077674357 ], [ 28.712184335498005, 47.12020827921264 ], [ 28.712195428738895, 47.12019710870883 ], [ 28.712162594169076, 47.120181916113474 ], [ 28.712135914883071, 47.120208781190605 ], [ 28.711372457594024, 47.120926675278362 ], [ 28.71136136403112, 47.120937845705249 ], [ 28.711592961370489, 47.121045006456754 ], [ 28.711738287333464, 47.12089867247424 ], [ 28.711852315418543, 47.120793820637815 ], [ 28.711840808507731, 47.120771882017642 ], [ 28.711840307436628, 47.12075626484711 ], [ 28.711839806365937, 47.120740647676534 ], [ 28.711862184940824, 47.120724688483605 ], [ 28.711884563502334, 47.120708729286441 ], [ 28.711906942050469, 47.120692770085014 ], [ 28.711929320585227, 47.120676810879374 ], [ 28.711951699106606, 47.120660851669477 ], [ 28.711974077614606, 47.120644892455331 ], [ 28.711996456109226, 47.120628933236951 ], [ 28.71201883459047, 47.120612974014314 ], [ 28.712041213058335, 47.12059701478745 ], [ 28.71206359151282, 47.120581055556329 ], [ 28.712085969953929, 47.120565096320973 ], [ 28.712108348381658, 47.120549137081362 ], [ 28.712107847236162, 47.120533519912406 ], [ 28.712107346091091, 47.120517902743394 ], [ 28.712106844946433, 47.120502285574339 ], [ 28.712129223341975, 47.120486326330912 ], [ 28.712128722191473, 47.120470709161943 ], [ 28.712151100567372, 47.120454749914423 ], [ 28.712173478929895, 47.120438790662647 ], [ 28.712195857279035, 47.120422831406621 ], [ 28.712218235614802, 47.120406872146361 ], [ 28.712240613937187, 47.120390912881852 ], [ 28.712262992246202, 47.120374953613087 ], [ 28.712285370541831, 47.120358994340094 ], [ 28.712307748824085, 47.120343035062859 ], [ 28.712330628299885, 47.120342692949094 ], [ 28.712372835870742, 47.120359269272861 ], [ 28.712422469695611, 47.120312711585242 ], [ 28.71243409925842, 47.12030179818575 ], [ 28.712504999746443, 47.120336999993867 ], [ 28.712383659467303, 47.120450867853698 ], [ 28.712359237632036, 47.120473785661609 ], [ 28.712357517499296, 47.120467288169287 ], [ 28.712358018716692, 47.120482905336388 ], [ 28.712335139181111, 47.120483247456406 ], [ 28.712312259645106, 47.120483589571847 ], [ 28.712289881306436, 47.120499548850326 ], [ 28.712290382504605, 47.120515166017903 ], [ 28.712267502954383, 47.120515508124569 ], [ 28.712268004146285, 47.120531125292281 ], [ 28.712245625774585, 47.120547084562425 ], [ 28.712246126960633, 47.120562701730222 ], [ 28.71222324738951, 47.120563043828312 ], [ 28.71220036781796, 47.120563385921855 ], [ 28.712177488245999, 47.120563728010815 ], [ 28.71217698708001, 47.120548110842442 ], [ 28.712194410139951, 47.12053100201539 ], [ 28.71224247730574, 47.120485893430853 ], [ 28.712226490063433, 47.120477954183976 ], [ 28.712145070108818, 47.120554343812096 ], [ 28.712261780265713, 47.120612301879994 ], [ 28.712283096651081, 47.120622887534388 ], [ 28.711089028472252, 47.120875478407193 ], [ 28.712241366375558, 47.119793316315423 ], [ 28.711359526814736, 47.118391274965248 ], [ 28.711551915045895, 47.118201390925869 ], [ 28.711563160528044, 47.11819029176764 ], [ 28.711541042423754, 47.118179849765532 ], [ 28.711527673732519, 47.118193044499961 ], [ 28.711358389874004, 47.118365780787578 ], [ 28.711286592220283, 47.118436643505085 ], [ 28.71126850669695, 47.118428105270077 ], [ 28.711279752285311, 47.118417006138735 ], [ 28.71145780530745, 47.118235322018343 ], [ 28.711704234503973, 47.117992098789749 ], [ 28.711707938398373, 47.117993847405074 ], [ 28.711696692987005, 47.11800494657696 ], [ 28.711543037530273, 47.118158511537189 ], [ 28.711373454543061, 47.118325887349613 ], [ 28.711337714868424, 47.11830901452965 ], [ 28.711348960417787, 47.118297915391793 ], [ 28.711660813523213, 47.117983704171003 ], [ 28.711674068507065, 47.117970621567061 ], [ 28.711637924940259, 47.117953558089148 ], [ 28.711626679522404, 47.117964657254312 ], [ 28.711232675252688, 47.118383857738728 ], [ 28.711172832516407, 47.11844292100713 ], [ 28.710889363239406, 47.118309093179541 ], [ 28.710900608883282, 47.118297994084521 ], [ 28.710934184676304, 47.118263751254929 ], [ 28.710951256551251, 47.118246901817251 ], [ 28.710920314019504, 47.118232293554414 ], [ 28.710909068393256, 47.118243392651252 ], [ 28.710863609046577, 47.118281653142489 ], [ 28.710852363398256, 47.118292752233963 ], [ 28.710913538462755, 47.118321633565728 ], [ 28.710925816262453, 47.118309515759996 ], [ 28.711410512504898, 47.117816962614775 ], [ 28.711421757938041, 47.117805863470409 ], [ 28.711461190803089, 47.117824479998127 ], [ 28.711439923009905, 47.117845471135183 ], [ 28.710960416109362, 47.118325441472216 ], [ 28.710949170472464, 47.118336540572983 ], [ 28.710987325637497, 47.118354553934921 ], [ 28.711011809707397, 47.118330388879841 ], [ 28.711466320631089, 47.117867892146784 ], [ 28.711477566062911, 47.117856792997031 ], [ 28.711547072195351, 47.117889607220775 ], [ 28.711482593538165, 47.117953247137436 ], [ 28.71107949232881, 47.118367274063928 ], [ 28.711068246708439, 47.1183783731761 ], [ 28.711108583337069, 47.118397416346191 ], [ 28.711121976894006, 47.11838419727016 ], [ 28.71155050463539, 47.117930014924575 ], [ 28.711562164436117, 47.117918506782466 ], [ 28.711597636681102, 47.117935253373922 ], [ 28.7115863912585, 47.117946352535213 ], [ 28.711163281626369, 47.118396526050439 ], [ 28.711148660510979, 47.118410956705901 ], [ 28.711033874730191, 47.118356765633784 ], [ 28.711045120353372, 47.118345666524917 ], [ 28.711450006287698, 47.117938300897023 ], [ 28.711475079076941, 47.11793365972111 ], [ 28.711497456608786, 47.117917700605766 ], [ 28.711496955688116, 47.11790208342461 ], [ 28.711519834127255, 47.117901741486172 ], [ 28.711542211632352, 47.117885782362336 ], [ 28.71156458912407, 47.117869823234258 ], [ 28.711586966602411, 47.117853864101939 ], [ 28.711609344067377, 47.11783790496537 ], [ 28.711631721518962, 47.117821945824566 ], [ 28.711654599922149, 47.117821603859646 ], [ 28.711677478324916, 47.117821261890157 ], [ 28.711682985918333, 47.117798100079391 ], [ 28.711594264271195, 47.117723851455935 ], [ 28.711581768431049, 47.117713394020143 ], [ 28.71161628196371, 47.117694177027261 ], [ 28.711834129055259, 47.117876486563617 ], [ 28.711855370084944, 47.117894265297913 ], [ 28.711867866021237, 47.117904722702299 ], [ 28.71203024284598, 47.117814311384222 ], [ 28.711963191389447, 47.11775819847977 ], [ 28.711938623181261, 47.117737631147968 ], [ 28.711926127271362, 47.117727173750694 ], [ 28.712069681355182, 47.117647242570946 ], [ 28.712094898263352, 47.117668345682475 ], [ 28.712107615142564, 47.117678075124331 ], [ 28.712120111075727, 47.11768853250156 ], [ 28.712042992095508, 47.117731472568607 ], [ 28.712030292593113, 47.117720844819431 ], [ 28.711810334938139, 47.117536808508618 ], [ 28.711760717488914, 47.117495285036007 ], [ 28.711636444824677, 47.117564479942587 ], [ 28.711648940639687, 47.117574937372972 ], [ 28.711899980362642, 47.117787624706935 ], [ 28.711912497735554, 47.117798100060568 ], [ 28.711887923171062, 47.117811783159375 ], [ 28.711875427253169, 47.117801325756801 ], [ 28.711624434782351, 47.117588577320006 ], [ 28.711609668740763, 47.117576219989417 ], [ 28.711529508337321, 47.117620853023126 ], [ 28.711542004145208, 47.1176313104652 ], [ 28.711796742044694, 47.117853500114855 ], [ 28.711809237959901, 47.117863957525969 ], [ 28.711841240571427, 47.117846138547378 ], [ 28.711826899553095, 47.117834137036873 ], [ 28.711568230275862, 47.117614039440014 ], [ 28.711555317063681, 47.117603232685944 ], [ 28.711581320644662, 47.117588753982346 ], [ 28.711593816454858, 47.117599211418785 ], [ 28.711852899957446, 47.117819670808977 ], [ 28.711865395875389, 47.117830128213974 ], [ 28.711943340555436, 47.117786728673472 ], [ 28.711930802159916, 47.117776235732855 ], [ 28.711669014371466, 47.117557430470455 ], [ 28.711656518556779, 47.117546973042217 ], [ 28.711681515309184, 47.117533054886501 ], [ 28.711694017090373, 47.117543517303979 ], [ 28.711955572167632, 47.117762439741448 ], [ 28.711968068091664, 47.117772897135261 ], [ 28.711975990085662, 47.11776848616401 ], [ 28.711858113526976, 47.117669839260643 ], [ 28.711698826496363, 47.11754078892497 ], [ 28.7116863306799, 47.117530331499978 ], [ 28.711705766467187, 47.117519509671027 ], [ 28.711718300164154, 47.117529998794133 ], [ 28.711979852787568, 47.117748922945019 ], [ 28.712034004340836, 47.117794240394595 ], [ 28.712059443073475, 47.117780076068819 ], [ 28.712046947130084, 47.117769618685244 ], [ 28.711743742884781, 47.117515836176729 ], [ 28.711731130949584, 47.117505281582162 ], [ 28.71183928759547, 47.117445059863769 ], [ 28.711851783421011, 47.117455517272077 ], [ 28.711876374674727, 47.117473438595944 ], [ 28.711971684381727, 47.117553200372569 ], [ 28.711975737956557, 47.117550943330464 ], [ 28.711963242084234, 47.117540485936452 ], [ 28.711896734060474, 47.117491024654903 ], [ 28.711884238217753, 47.117480567251789 ], [ 28.711863377614968, 47.11749218247882 ], [ 28.711929193302442, 47.11754726164623 ], [ 28.711988336434082, 47.117596761942309 ], [ 28.712000832324733, 47.117607219333252 ], [ 28.711972904951537, 47.11762276936232 ], [ 28.711960406515662, 47.117612309836922 ], [ 28.711901260353756, 47.117562811723744 ], [ 28.71188876375599, 47.11755235370471 ], [ 28.711882704680495, 47.117555727407456 ], [ 28.71189520054094, 47.1175661848104 ], [ 28.711923828898787, 47.117590144610482 ], [ 28.712072650817344, 47.117714688537525 ], [ 28.712140306341457, 47.117677017715479 ], [ 28.712127810407154, 47.117666560340446 ], [ 28.712007373402443, 47.117571863874566 ], [ 28.712728251364826, 47.117115058661675 ], [ 28.712743220503132, 47.117127037201946 ], [ 28.712754587232645, 47.117148920759696 ], [ 28.71277796661607, 47.117164195746966 ], [ 28.712800844723624, 47.117163853556718 ], [ 28.712823722830755, 47.117163511361902 ], [ 28.712846600937471, 47.117163169162524 ], [ 28.712846099635268, 47.117147551990314 ], [ 28.712845598333477, 47.117131934818055 ], [ 28.712845097032112, 47.117116317645767 ], [ 28.712822218945462, 47.117116659844591 ], [ 28.712821717651202, 47.117101042672033 ], [ 28.712798839570819, 47.11710138486611 ], [ 28.712798338283672, 47.117085767693339 ], [ 28.71277546020956, 47.117086109882663 ], [ 28.712748497644785, 47.117103259393765 ], [ 28.712766432620381, 47.117117673896452 ], [ 28.712779262846659, 47.11712794083541 ], [ 28.712797913309991, 47.117117080369766 ], [ 28.712729942808647, 47.117062689310309 ], [ 28.712713900582486, 47.117050056249468 ], [ 28.712701055932868, 47.117039777735613 ], [ 28.712725238454023, 47.11702569586798 ], [ 28.712738068649887, 47.11703596281211 ], [ 28.712754147530418, 47.1170486237246 ], [ 28.712779343282538, 47.117068785770819 ], [ 28.712840692467118, 47.117033061084662 ], [ 28.712827862252531, 47.117022794152291 ], [ 28.712778152868609, 47.116983134387901 ], [ 28.712765273919274, 47.116972828430427 ], [ 28.712793365225728, 47.116956470366496 ], [ 28.712806195417482, 47.116966737303137 ], [ 28.712904929294378, 47.117044804635924 ], [ 28.712990023034415, 47.117112897669976 ], [ 28.713021358899617, 47.117094650181336 ], [ 28.713008528635694, 47.117084383269948 ], [ 28.712946174317299, 47.117035079156906 ], [ 28.712734107872009, 47.11701111785576 ], [ 28.712639938502512, 47.116938142220775 ], [ 28.712584434925798, 47.116893727063328 ], [ 28.712609990481582, 47.1168788456608 ], [ 28.71262282061954, 47.116889112618836 ], [ 28.712805827061249, 47.117035609495524 ], [ 28.712818657274809, 47.117045876430367 ], [ 28.712866305468804, 47.117018130033955 ], [ 28.712767984410416, 47.116939451920452 ], [ 28.712594537089924, 47.116801480180648 ], [ 28.712528705906138, 47.116748800434976 ], [ 28.712580526455334, 47.116718624462791 ], [ 28.712593356548329, 47.116728891424962 ], [ 28.712915196542252, 47.116987931601166 ], [ 28.712928065453056, 47.116998229482569 ], [ 28.712951728383786, 47.116984450089404 ], [ 28.712938898160129, 47.116974183169511 ], [ 28.71261837445455, 47.116714321012218 ], [ 28.712605542359071, 47.116704052451318 ], [ 28.712633030557829, 47.11668804557582 ], [ 28.712645860653247, 47.116698312532122 ], [ 28.713041658822512, 47.117016594832144 ], [ 28.713140085066371, 47.117095356438796 ], [ 28.713163364215021, 47.117081800479085 ], [ 28.713150533927362, 47.117071533583918 ], [ 28.712735349883509, 47.116733065413491 ], [ 28.712722519762607, 47.116722798467599 ], [ 28.712743662408023, 47.11671048669092 ], [ 28.712756552801029, 47.116720801864702 ], [ 28.713195123173328, 47.117072684695785 ], [ 28.713187766880164, 47.117095566945729 ], [ 28.713188268281428, 47.117111184115288 ], [ 28.713188769683114, 47.11712680128479 ], [ 28.713189271085213, 47.117142418454264 ], [ 28.713212650587725, 47.117157693351231 ], [ 28.713236030103616, 47.117172968243203 ], [ 28.713259409632879, 47.117188243130187 ], [ 28.713282789175516, 47.11720351801219 ], [ 28.713306168731531, 47.117218792889211 ], [ 28.713329548300919, 47.117234067761231 ], [ 28.713352927883687, 47.117249342628284 ], [ 28.71337630747983, 47.117264617490335 ], [ 28.71339968708935, 47.117279892347412 ], [ 28.713423066712242, 47.117295167199501 ], [ 28.713446446348506, 47.117310442046602 ], [ 28.713469825998153, 47.117325716888715 ], [ 28.713470327485972, 47.117341334055332 ], [ 28.713468664697292, 47.117338074882049 ], [ 28.713592888031847, 47.117432624616598 ], [ 28.713727222462847, 47.117533811023669 ], [ 28.71372975213637, 47.117532246113555 ], [ 28.713716476576682, 47.117522246422205 ], [ 28.713704421725755, 47.117513166213662 ], [ 28.713559469726569, 47.117403982070918 ], [ 28.713610459750637, 47.117372438585477 ], [ 28.713623735252753, 47.117382438290115 ], [ 28.713878810659349, 47.117574325160845 ], [ 28.713892086262174, 47.117584324832713 ], [ 28.713868241077755, 47.117599076015246 ], [ 28.713854739929719, 47.117588906451076 ], [ 28.713500835974461, 47.117318531763623 ], [ 28.713412055402387, 47.117251657850524 ], [ 28.713426668190639, 47.117242618092213 ], [ 28.713439943625918, 47.117252617819233 ], [ 28.713492112104429, 47.117295423254625 ], [ 28.713899782079356, 47.117602497542229 ], [ 28.714072798772538, 47.11749546503944 ], [ 28.714059523158998, 47.117485465388498 ], [ 28.713711726878152, 47.117212861952119 ], [ 28.713650260537719, 47.117166562648407 ], [ 28.713757044344494, 47.117100503465181 ], [ 28.713770319804524, 47.117110503153803 ], [ 28.714112264782685, 47.117370115146564 ], [ 28.714136415566205, 47.117388306363871 ], [ 28.714113112713207, 47.117402722189752 ], [ 28.714099837115803, 47.117392722543151 ], [ 28.713825192663926, 47.117182443835262 ], [ 28.713811917175505, 47.117172444153475 ], [ 28.713773430052992, 47.117196253300428 ], [ 28.713820175355263, 47.117231463912624 ], [ 28.713929810476035, 47.11731540460039 ], [ 28.713943237708996, 47.117325518523778 ], [ 28.713963852999019, 47.117312765341289 ], [ 28.713950577451957, 47.117302765676591 ], [ 28.713840937971987, 47.11721882538653 ], [ 28.713624124509714, 47.1170555114603 ], [ 28.713627631580259, 47.117053341898334 ], [ 28.713640907004478, 47.117063341602503 ], [ 28.71368651037271, 47.117098261573005 ], [ 28.713699785819177, 47.117108261269969 ], [ 28.713717418817861, 47.1170973530403 ], [ 28.713679902171581, 47.117069093712864 ], [ 28.713668342359302, 47.117061103350451 ], [ 28.713612533589288, 47.117019065424394 ], [ 28.713493996965664, 47.11709239501981 ], [ 28.713507272375185, 47.117102394739604 ], [ 28.713543090654458, 47.117128981521702 ], [ 28.713556462953591, 47.117139054203747 ], [ 28.713577872441483, 47.117125809795354 ], [ 28.713564597013004, 47.117115810084037 ], [ 28.713552315795887, 47.117106410559501 ], [ 28.713539040377047, 47.117096410845065 ], [ 28.713389549478791, 47.117188889138575 ], [ 28.713443320570736, 47.117229392283626 ], [ 28.713771651761391, 47.117457744578765 ], [ 28.713949242193944, 47.117591512448065 ], [ 28.714110118630192, 47.117491990091168 ], [ 28.714096843010658, 47.117481990444638 ], [ 28.713675693901529, 47.117153123409814 ], [ 28.713223972481657, 47.117055895783231 ], [ 28.712706320210913, 47.116643037751395 ], [ 28.712693490117637, 47.116632770801743 ], [ 28.712621598240183, 47.11667463481654 ], [ 28.713076641590018, 47.117038768492968 ], [ 28.71309203476364, 47.117051090608847 ], [ 28.713048994351027, 47.1170507689678 ], [ 28.713049495710901, 47.117066386138632 ], [ 28.713049997071199, 47.117082003309399 ], [ 28.713072875140266, 47.117081661065264 ], [ 28.713096254583014, 47.117096935986936 ], [ 28.713119132657933, 47.117096593733478 ], [ 28.713142010732426, 47.117096251475452 ], [ 28.713164888806507, 47.117095909212878 ], [ 28.713187766880164, 47.117095566945729 ], [ 28.713210644953403, 47.117095224674003 ], [ 28.713233523026219, 47.11709488239773 ], [ 28.713256401098619, 47.117094540116874 ], [ 28.713278777743, 47.117078580662586 ], [ 28.713301154374012, 47.117062621204049 ], [ 28.713300652940564, 47.117047004035278 ], [ 28.713300151507546, 47.117031386866451 ], [ 28.713299650074944, 47.117015769697581 ], [ 28.713299148642772, 47.117000152528668 ], [ 28.713298647211012, 47.116984535359713 ], [ 28.713298145779671, 47.116968918190707 ], [ 28.713297644348756, 47.116953301021645 ], [ 28.713297142918254, 47.116937683852555 ], [ 28.713296641488174, 47.116922066683387 ], [ 28.713296140058517, 47.116906449514197 ], [ 28.713295638629283, 47.116890832344957 ], [ 28.713295137200468, 47.116875215175661 ], [ 28.713294635772073, 47.116859598006329 ], [ 28.713294134344089, 47.116843980836954 ], [ 28.713293632916542, 47.11682836366753 ], [ 28.713293131489404, 47.116812746498042 ], [ 28.713292630062689, 47.116797129328525 ], [ 28.713292128636393, 47.116781512158958 ], [ 28.713291627210523, 47.116765894989328 ], [ 28.713291125785066, 47.116750277819662 ], [ 28.713290624360027, 47.116734660649954 ], [ 28.713290122935419, 47.116719043480188 ], [ 28.713289621511226, 47.116703426310394 ], [ 28.713289120087449, 47.116687809140544 ], [ 28.713288618664098, 47.11667219197065 ], [ 28.713310995125052, 47.116656232511346 ], [ 28.713333371572627, 47.116640273047807 ], [ 28.713355748006823, 47.116624313580019 ], [ 28.713378124427642, 47.116608354107996 ], [ 28.713400500835093, 47.116592394631738 ], [ 28.713422877229164, 47.116576435151224 ], [ 28.713445253609866, 47.116560475666468 ], [ 28.713467629977188, 47.116544516177477 ], [ 28.713490006331135, 47.116528556684237 ], [ 28.713512382671702, 47.116512597186755 ], [ 28.7135347589989, 47.116496637685039 ], [ 28.713530197685998, 47.116470337250384 ], [ 28.713510218319712, 47.116454723770573 ], [ 28.713462637330281, 47.116417540116188 ], [ 28.713483044205965, 47.116405371686291 ], [ 28.713496049700602, 47.116415535241686 ], [ 28.713549928964969, 47.116458066756188 ], [ 28.713563032468908, 47.11646830687576 ], [ 28.713583615839507, 47.116456033183063 ], [ 28.713570610318381, 47.116445869638007 ], [ 28.713484497911452, 47.116377741369256 ], [ 28.71347149242839, 47.116367577812326 ], [ 28.713497894169393, 47.116351834680422 ], [ 28.713580817999667, 47.116416638082107 ], [ 28.713812304211061, 47.116599345782184 ], [ 28.713825430790266, 47.116609603836665 ], [ 28.713848761758971, 47.116595691714856 ], [ 28.713835756153397, 47.116585528201256 ], [ 28.713605605349642, 47.116401989283503 ], [ 28.713592599837856, 47.116391825740756 ], [ 28.713760560899146, 47.116291671470357 ], [ 28.713835606917211, 47.116350318192083 ], [ 28.714108255442977, 47.116565570899951 ], [ 28.714121261094625, 47.11657573438201 ], [ 28.714171751819546, 47.116545626791009 ], [ 28.714155068903938, 47.11653258965837 ], [ 28.713805414794681, 47.116255973115372 ], [ 28.713746176168918, 47.116209679397173 ], [ 28.713768485127513, 47.116196376624785 ], [ 28.713781490623578, 47.11620654014807 ], [ 28.714179246732389, 47.116523693396658 ], [ 28.714192252386912, 47.116533856870682 ], [ 28.714218456650016, 47.116518231249671 ], [ 28.714199927284124, 47.116503751187906 ], [ 28.713784918523807, 47.116173360980945 ], [ 28.713750632515708, 47.116146567155546 ], [ 28.71368465732429, 47.116185907971897 ], [ 28.713697662802037, 47.116196071504966 ], [ 28.714114451900787, 47.11654585329233 ], [ 28.714127457548692, 47.116556016773778 ], [ 28.713960991241773, 47.116655280196021 ], [ 28.713912151909049, 47.116617113763382 ], [ 28.71351858113179, 47.116306480281857 ], [ 28.71332770979102, 47.116157317053094 ], [ 28.713335459117179, 47.116152696197382 ], [ 28.713348464521243, 47.116162859771137 ], [ 28.713402812622032, 47.116207885963114 ], [ 28.71352893312941, 47.116306447182048 ], [ 28.713719700937339, 47.116192693335023 ], [ 28.713706695456302, 47.11618252980449 ], [ 28.713497161263131, 47.116017581044083 ], [ 28.713484155867388, 47.11600741748687 ], [ 28.713440189312532, 47.116033634513265 ], [ 28.713496300450284, 47.116077484667301 ], [ 28.713696433117249, 47.116239548022719 ], [ 28.713709438610561, 47.116249711554154 ], [ 28.713819782986032, 47.116183913502084 ], [ 28.713783837228636, 47.116155822646171 ], [ 28.713738980710428, 47.116121808012331 ], [ 28.713676134485425, 47.116072694815308 ], [ 28.713707598029764, 47.116053933171941 ], [ 28.713720603478944, 47.116064096702985 ], [ 28.713861994248983, 47.116175693927595 ], [ 28.713874999757412, 47.116185857440129 ], [ 28.713854258112139, 47.116198225664512 ], [ 28.713841163431237, 47.116187992462663 ], [ 28.713701497449495, 47.116077755773112 ], [ 28.713688492000486, 47.116067592239915 ], [ 28.713796258862512, 47.116003330976994 ], [ 28.713822710815332, 47.11602400268292 ], [ 28.713843587155672, 47.116040880187278 ], [ 28.713992491320724, 47.116157245483464 ], [ 28.71401276434991, 47.116145156642354 ], [ 28.713999758825814, 47.116134993145607 ], [ 28.713924503241316, 47.116053701103795 ], [ 28.713881369147934, 47.116019992713994 ], [ 28.713829219416777, 47.116051089632734 ], [ 28.71384222488803, 47.116061253149681 ], [ 28.714224543583281, 47.116377964586256 ], [ 28.714286072495351, 47.116426047359148 ], [ 28.713966385394176, 47.116616676635147 ], [ 28.713953379761335, 47.116606513135295 ], [ 28.713352098426871, 47.116129375862975 ], [ 28.713339093030466, 47.11611921228949 ], [ 28.713371803570535, 47.11609970725106 ], [ 28.713384967549217, 47.116109994750069 ], [ 28.714018096281528, 47.116609285375851 ], [ 28.714081519662631, 47.11665884864977 ], [ 28.714108868866688, 47.116642540383005 ], [ 28.714095863200711, 47.11663237689983 ], [ 28.713400686371607, 47.116080478404804 ], [ 28.713387680978276, 47.116070314836698 ], [ 28.713416939726237, 47.11605286803853 ], [ 28.713469035838965, 47.116093580513052 ], [ 28.713822479083987, 47.116377523838104 ], [ 28.7141759749349, 47.116653770152766 ], [ 28.714098879850795, 47.116699741800403 ], [ 28.714085874172447, 47.116689578316333 ], [ 28.714051452362369, 47.116661375077214 ], [ 28.71404308718725, 47.116645276840508 ], [ 28.714020209316821, 47.116645619276014 ], [ 28.713997331445977, 47.116645961706958 ], [ 28.713997833076224, 47.116661578871138 ], [ 28.71399833470689, 47.116677196035276 ], [ 28.713998836337982, 47.116692813199364 ], [ 28.714022215867086, 47.11670808793172 ], [ 28.714045595409566, 47.116723362659094 ], [ 28.714068473313009, 47.116723020218082 ], [ 28.714091351216041, 47.116722677772522 ], [ 28.714114229118639, 47.116722335322372 ], [ 28.714136605348767, 47.116706375704787 ], [ 28.714158981565522, 47.11669041608296 ], [ 28.714181357768894, 47.116674456456884 ], [ 28.714203733958893, 47.116658496826574 ], [ 28.714226110135524, 47.116642537192014 ], [ 28.714248486298775, 47.11662657755322 ], [ 28.714247984595804, 47.116610960390986 ], [ 28.714247482893256, 47.11659534322871 ], [ 28.714246981191124, 47.116579726066384 ], [ 28.714246479489415, 47.116564108904008 ], [ 28.714245977788128, 47.116548491741597 ], [ 28.71424547608726, 47.116532874579129 ], [ 28.714267852199537, 47.116516914936916 ], [ 28.714290228298434, 47.116500955290476 ], [ 28.714312604383959, 47.116484995639787 ], [ 28.714334980456108, 47.116469035984856 ], [ 28.714334478730592, 47.1164534188229 ], [ 28.714333977005495, 47.116437801660901 ], [ 28.714333475280824, 47.116422184498845 ], [ 28.714332973556573, 47.116406567336739 ], [ 28.714332471832737, 47.116390950174598 ], [ 28.714331970109324, 47.116375333012407 ], [ 28.714331468386334, 47.11635971585018 ], [ 28.714330966663763, 47.116344098687883 ], [ 28.714330464941618, 47.116328481525557 ], [ 28.714329963219885, 47.116312864363188 ], [ 28.714329461498579, 47.116297247200762 ], [ 28.714328959777689, 47.116281630038287 ], [ 28.714328458057224, 47.116266012875769 ], [ 28.714327956337176, 47.116250395713202 ], [ 28.71432745461755, 47.116234778550599 ], [ 28.714326952898343, 47.116219161387932 ], [ 28.714326451179559, 47.116203544225222 ], [ 28.714325949461198, 47.116187927062477 ], [ 28.714325447743249, 47.116172309899675 ], [ 28.71432494602573, 47.11615669273683 ], [ 28.714324444308623, 47.116141075573942 ], [ 28.714323942591943, 47.116125458410998 ], [ 28.714346318512842, 47.116109498754888 ], [ 28.714368694420372, 47.116093539094535 ], [ 28.714391070314523, 47.116077579429927 ], [ 28.714413446195298, 47.116061619761069 ], [ 28.714435822062701, 47.116045660087998 ], [ 28.714458197916734, 47.116029700410671 ], [ 28.714480573757388, 47.116013740729095 ], [ 28.714502949584666, 47.115997781043284 ], [ 28.714525325398569, 47.115981821353245 ], [ 28.714547701199095, 47.115965861658943 ], [ 28.714570076986256, 47.115949901960406 ], [ 28.714592452760034, 47.115933942257634 ], [ 28.714614828520439, 47.115917982550606 ], [ 28.714637204267472, 47.115902022839343 ], [ 28.714636702463469, 47.115886405678303 ], [ 28.714636200659896, 47.115870788517213 ], [ 28.714635698856743, 47.115855171356081 ], [ 28.714635197054008, 47.115839554194892 ], [ 28.714634695251696, 47.115823937033674 ], [ 28.7146341934498, 47.1158083198724 ], [ 28.714633691648331, 47.115792702711076 ], [ 28.714633189847277, 47.115777085549716 ], [ 28.714632688046649, 47.1157614683883 ], [ 28.71463218624644, 47.115745851226841 ], [ 28.714631684446651, 47.115730234065332 ], [ 28.714631182647281, 47.11571461690378 ], [ 28.714630680848334, 47.115698999742165 ], [ 28.714630179049806, 47.115683382580521 ], [ 28.7146296772517, 47.11566776541882 ], [ 28.714629175454011, 47.115652148257077 ], [ 28.714628673656748, 47.115636531095291 ], [ 28.714628171859903, 47.115620913933462 ], [ 28.714627670063482, 47.115605296771577 ], [ 28.714627168267477, 47.115589679609656 ], [ 28.714626666471894, 47.115574062447664 ], [ 28.71462616467673, 47.11555844528565 ], [ 28.714625662881989, 47.115542828123573 ], [ 28.714625161087664, 47.115527210961446 ], [ 28.714624659293769, 47.115511593799283 ], [ 28.714624157500289, 47.115495976637071 ], [ 28.714623655707229, 47.115480359474823 ], [ 28.714623153914591, 47.115464742312518 ], [ 28.714622652122372, 47.115449125150157 ], [ 28.714622150330573, 47.115433507987767 ], [ 28.7146216485392, 47.115417890825327 ], [ 28.71462114674824, 47.115402273662824 ], [ 28.714620644957705, 47.115386656500291 ], [ 28.714620143167593, 47.11537103933771 ], [ 28.714619641377901, 47.115355422175064 ], [ 28.714619139588624, 47.11533980501239 ], [ 28.71461863779977, 47.115324187849659 ], [ 28.714618136011342, 47.115308570686892 ], [ 28.71461763422333, 47.115292953524069 ], [ 28.714617132435741, 47.11527733636121 ], [ 28.714639507918729, 47.115261376651254 ], [ 28.714662385188472, 47.115261034099667 ], [ 28.714685262457799, 47.115260691543511 ], [ 28.714708139726703, 47.11526034898278 ], [ 28.714708641540618, 47.115275966144956 ], [ 28.714709143354956, 47.115291583307076 ], [ 28.714732020636809, 47.115291240741399 ], [ 28.714732522458259, 47.115306857903285 ], [ 28.714766348477703, 47.115302218748539 ], [ 28.715457131434803, 47.115876594443598 ], [ 28.715470610980937, 47.115886465886497 ], [ 28.715499592460962, 47.115868024177935 ], [ 28.715451328679588, 47.115832679270348 ], [ 28.714764933190871, 47.115258717389644 ], [ 28.714751453934792, 47.115248845858865 ], [ 28.714698937415992, 47.115282263277024 ], [ 28.714743638096458, 47.115314999814544 ], [ 28.71535187493285, 47.115819199318395 ], [ 28.715365354445066, 47.115829070774247 ], [ 28.715317102345658, 47.115859774810133 ], [ 28.715295909013506, 47.115844254277604 ], [ 28.715241231587864, 47.115797457163751 ], [ 28.715227752106358, 47.115787585692843 ], [ 28.715367456762838, 47.115698688008713 ], [ 28.715516810852353, 47.115808064458314 ], [ 28.715539431593779, 47.115826815627898 ], [ 28.715552911142044, 47.115836687061169 ], [ 28.715589516156985, 47.115813394215188 ], [ 28.715518287297062, 47.115761231383168 ], [ 28.71502183521817, 47.115347402853267 ], [ 28.715008355892543, 47.115337531353781 ], [ 28.715033048966394, 47.11532181850599 ], [ 28.715047950831607, 47.11533273178955 ], [ 28.715518494743595, 47.115725584322227 ], [ 28.715531974261957, 47.115735455758518 ], [ 28.715597577752785, 47.115693710253737 ], [ 28.715582502285301, 47.115682670067528 ], [ 28.715450522369714, 47.115571956214303 ], [ 28.714947123095762, 47.115203296981136 ], [ 28.714865787367668, 47.115255052972124 ], [ 28.714879266646122, 47.115264924489125 ], [ 28.715465000614028, 47.1157556405321 ], [ 28.715478480130418, 47.115765511974679 ], [ 28.715450628781277, 47.115783234573897 ], [ 28.715435529444246, 47.115772176885052 ], [ 28.714837160494451, 47.115276406156084 ], [ 28.714817368063294, 47.115261911202744 ], [ 28.714707075411727, 47.115332092873807 ], [ 28.7147205546812, 47.115341964409502 ], [ 28.714752807871584, 47.115368702118865 ], [ 28.714766287158795, 47.115378573648876 ], [ 28.714736821912414, 47.115397323005368 ], [ 28.714721652898273, 47.115386214002399 ], [ 28.714689398077315, 47.115359475981009 ], [ 28.714674597644301, 47.115348636886679 ], [ 28.714653283151485, 47.115362199724665 ], [ 28.71466676241894, 47.11537207126667 ], [ 28.714736099396482, 47.115427769551559 ], [ 28.714792610902101, 47.115469155577941 ], [ 28.715026363734641, 47.115320413146314 ], [ 28.715012884415152, 47.11531054164724 ], [ 28.71494679857501, 47.115256678256287 ], [ 28.714902277847198, 47.115224073639787 ], [ 28.714925597791318, 47.11520923456041 ], [ 28.714939077068831, 47.115219106070462 ], [ 28.7149928171619, 47.115263503302018 ], [ 28.715007923887793, 47.115274566637986 ], [ 28.715036433951838, 47.115256424917767 ], [ 28.715022954647011, 47.115246553419595 ], [ 28.714977712773479, 47.115209051788277 ], [ 28.714964233491528, 47.115199180282801 ], [ 28.714985432584374, 47.115185690728573 ], [ 28.715184241324, 47.115331287040085 ], [ 28.715298183276115, 47.115425736619649 ], [ 28.715311662677145, 47.115435608083878 ], [ 28.715281001825389, 47.115455118481492 ], [ 28.715229302845493, 47.115417257360953 ], [ 28.715215899056449, 47.115406145548739 ], [ 28.715202419680416, 47.11539627407285 ], [ 28.71520874765644, 47.115392247402092 ], [ 28.715261983806087, 47.115431234288714 ], [ 28.715272082352776, 47.115440610713094 ], [ 28.715344948321277, 47.115493973115235 ], [ 28.715119180324081, 47.115637635349763 ], [ 28.715105700905951, 47.115627763863401 ], [ 28.715081064844593, 47.115607341808946 ], [ 28.71477766506877, 47.115385149070107 ], [ 28.714793780859797, 47.115374894242599 ], [ 28.714807260156054, 47.115384765767665 ], [ 28.714823702231552, 47.115398347350293 ], [ 28.714897150397814, 47.115452136779687 ], [ 28.714886988349157, 47.115458603120516 ], [ 28.714873509019377, 47.115448731605383 ], [ 28.714864365288623, 47.115441176145175 ], [ 28.714850885967451, 47.115431304627243 ], [ 28.714846463849739, 47.115434118518515 ], [ 28.714912776833575, 47.115482682474124 ], [ 28.714927924544611, 47.115498122798996 ], [ 28.714972982458875, 47.115531120622805 ], [ 28.71495035195947, 47.115545520924144 ], [ 28.714936872595771, 47.115535649417055 ], [ 28.714790764491468, 47.115418826101532 ], [ 28.714777285189427, 47.115408954574647 ], [ 28.714732869040134, 47.115437217489834 ], [ 28.714748464961133, 47.115448639122519 ], [ 28.714953747738463, 47.115598976772922 ], [ 28.714980462963108, 47.116363524873087 ], [ 28.715144682970994, 47.116501089835594 ], [ 28.715157279524419, 47.116511529891078 ], [ 28.715132825389716, 47.116525279061499 ], [ 28.715120257031863, 47.116514862370749 ], [ 28.714955141669343, 47.11637801377379 ], [ 28.714941176167443, 47.116366439038678 ], [ 28.715056406270097, 47.116301651729323 ], [ 28.715068974564296, 47.11631206842825 ], [ 28.715484483587787, 47.116660324492614 ], [ 28.715497052050694, 47.116670741141746 ], [ 28.715528380235142, 47.116653126960877 ], [ 28.715505552566103, 47.116634207562342 ], [ 28.715095031970435, 47.116297405172361 ], [ 28.715042315507102, 47.116253713341926 ], [ 28.715102161073819, 47.116220065471886 ], [ 28.715114729357154, 47.116230482166074 ], [ 28.715453904556519, 47.11651437340236 ], [ 28.715466472978378, 47.116524790055642 ], [ 28.71550095302641, 47.116505403711493 ], [ 28.715488279638723, 47.11649490006841 ], [ 28.715150045404076, 47.116213396765353 ], [ 28.715137407559791, 47.116202922424598 ], [ 28.715166165020523, 47.116186753640491 ], [ 28.715178733308125, 47.116197170327652 ], [ 28.715591730890942, 47.116536691657188 ], [ 28.715604299344662, 47.116547108294874 ], [ 28.715637716462645, 47.116528319521692 ], [ 28.715604563981373, 47.116500843002257 ], [ 28.715206430558496, 47.116180193913429 ], [ 28.715193754952782, 47.116169688284316 ], [ 28.715224231223083, 47.116152553069327 ], [ 28.715236799513612, 47.116162969750128 ], [ 28.715632801333445, 47.116484732147086 ], [ 28.715682007293623, 47.1165255136344 ], [ 28.715768715133557, 47.116476761989972 ], [ 28.715756146665193, 47.116466345370412 ], [ 28.715572299761952, 47.116319826808123 ], [ 28.715559354497504, 47.116309097815673 ], [ 28.715592140550715, 47.116290663800669 ], [ 28.715604708945229, 47.116301080439506 ], [ 28.715664806367712, 47.116347073371678 ], [ 28.715800152811088, 47.116459247374365 ], [ 28.715721971345989, 47.116503205105488 ], [ 28.715709402880233, 47.116492788480791 ], [ 28.715279603976946, 47.116144459280299 ], [ 28.715262405600097, 47.116130205163209 ], [ 28.715070640813881, 47.116238024321945 ], [ 28.715083209095482, 47.1162484410196 ], [ 28.715538421138262, 47.116615665881916 ], [ 28.715561362111149, 47.116634679176414 ], [ 28.715470153467578, 47.116685960977371 ], [ 28.715457585006174, 47.11667554432529 ], [ 28.715001100812234, 47.116298635743775 ], [ 28.714988532534313, 47.116288219037145 ], [ 28.714958924145822, 47.116304866144425 ], [ 28.714971611781063, 47.116315381780147 ], [ 28.715428089833534, 47.116692899118434 ], [ 28.716526697643797, 47.117733644906181 ], [ 28.716458034466008, 47.117819865713244 ], [ 28.71644880361108, 47.117831799370421 ], [ 28.716694965357199, 47.117920523278443 ], [ 28.716748042556176, 47.117851904534724 ], [ 28.71675551205325, 47.117841159932198 ], [ 28.716781720652001, 47.117807277101264 ], [ 28.716781176417093, 47.117807080944061 ], [ 28.716771945637301, 47.117819014626356 ], [ 28.716761540863327, 47.117833973184396 ], [ 28.716752310074611, 47.117845906865185 ], [ 28.716748730028613, 47.117844616518042 ], [ 28.716801353079543, 47.117776584695818 ], [ 28.716913830588798, 47.11763438735661 ], [ 28.716923061305742, 47.117622453663344 ], [ 28.717015862466884, 47.117655901666367 ], [ 28.716940014736146, 47.117753959485619 ], [ 28.716917819098494, 47.117783375326717 ], [ 28.716834292259694, 47.117891360287452 ], [ 28.716860144365469, 47.117900678060906 ], [ 28.716869375138955, 47.117888744371726 ], [ 28.716919221939119, 47.117824301540935 ], [ 28.716928452686528, 47.117812367847179 ], [ 28.716886411139562, 47.117797214977621 ], [ 28.716750412911541, 47.117973035404141 ], [ 28.71668241482617, 47.118060948454975 ], [ 28.71660861618658, 47.1181563554806 ], [ 28.716584683916331, 47.118147729642637 ], [ 28.716593914793258, 47.118135795974808 ], [ 28.716669315574759, 47.118041308368397 ], [ 28.716678546414819, 47.118029374694025 ], [ 28.716642536505976, 47.118016395740774 ], [ 28.716584609796207, 47.118091283504427 ], [ 28.716529809047806, 47.118190330515652 ], [ 28.716520457386014, 47.118202420298083 ], [ 28.716510199246787, 47.118198722981283 ], [ 28.716519430149052, 47.118186789319225 ], [ 28.71665159903737, 47.118015923047885 ], [ 28.716660829877192, 47.118003989374891 ], [ 28.716635699431134, 47.117994931669109 ], [ 28.716554729762535, 47.118099609367881 ], [ 28.716417150830114, 47.118301518099784 ], [ 28.716375501677177, 47.11835536157681 ], [ 28.716362065114421, 47.118350518660961 ], [ 28.716371296075465, 47.118338585010392 ], [ 28.71641721983714, 47.118275703068008 ], [ 28.716540931574954, 47.118115769367591 ], [ 28.716592712259398, 47.11813443255496 ], [ 28.716583481382422, 47.118146366222689 ], [ 28.716473317942679, 47.118288262530804 ], [ 28.716313935748357, 47.118494309484021 ], [ 28.716030469586254, 47.118392139851316 ], [ 28.716039700629157, 47.118380206226504 ], [ 28.71622379219535, 47.118142177820573 ], [ 28.716305717920385, 47.118036265295473 ], [ 28.716282751180465, 47.118027987363604 ], [ 28.716273520251221, 47.118039921007217 ], [ 28.716238686297512, 47.118085225913028 ], [ 28.716229455348763, 47.118097159553237 ], [ 28.716229284031886, 47.11809709780524 ], [ 28.716281929450361, 47.118029038471541 ], [ 28.716315482398027, 47.117985663090856 ], [ 28.716480778821033, 47.117771968303458 ], [ 28.716448046320053, 47.117760170485781 ], [ 28.716438815472824, 47.117772104142176 ], [ 28.716172896812257, 47.118115876196008 ], [ 28.716134144847938, 47.118165974018339 ], [ 28.716204174331914, 47.118191214860907 ], [ 28.71621340530206, 47.118179281222631 ], [ 28.716545287079839, 47.117740343368801 ], [ 28.716582176535777, 47.117692652391298 ], [ 28.716902025906055, 47.117807935157614 ], [ 28.716892795153417, 47.117819868849317 ], [ 28.716704432447333, 47.118068883023589 ], [ 28.716665750439848, 47.118118891273177 ], [ 28.71631100006557, 47.117991028962102 ], [ 28.716320230978194, 47.11797909531559 ], [ 28.71665123207022, 47.117551191201635 ], [ 28.716702063850324, 47.117485475013311 ], [ 28.716760799213535, 47.11750664501411 ], [ 28.71675156847925, 47.117518578694764 ], [ 28.716201917534143, 47.118241342125415 ], [ 28.716126860069778, 47.118338374798178 ], [ 28.716157451499345, 47.118349400890835 ], [ 28.716166682506433, 47.118337467256175 ], [ 28.716857547361766, 47.117445976009961 ], [ 28.716866778060002, 47.117434042321086 ], [ 28.71690075124895, 47.117446287241336 ], [ 28.716882597846091, 47.117469756450667 ], [ 28.71615581079924, 47.118401245903314 ], [ 28.716130206040248, 47.118434347085703 ], [ 28.716061075864197, 47.118409430445276 ], [ 28.71607030690307, 47.118397496818069 ], [ 28.716080003160787, 47.118384397971134 ], [ 28.716089234191212, 47.118372464342478 ], [ 28.716267195189392, 47.118436606814385 ], [ 28.716225884050274, 47.118490012933719 ], [ 28.716217138048016, 47.118501176905148 ], [ 28.716207907025019, 47.118513110543788 ], [ 28.716132749505437, 47.118486021567776 ], [ 28.716189047772264, 47.118413240599168 ], [ 28.716873335011865, 47.117538621124375 ], [ 28.716882565721985, 47.117526687434264 ], [ 28.716912740423339, 47.117537563245214 ], [ 28.716903488029903, 47.11754952497688 ], [ 28.716207784451793, 47.118446903607463 ], [ 28.71616085938426, 47.11844164483 ], [ 28.716137980769219, 47.118441987698354 ], [ 28.716138483057307, 47.118457604840124 ], [ 28.716116106716967, 47.118473564846006 ], [ 28.716093228087708, 47.118473907705599 ], [ 28.716070349458029, 47.118474250560617 ], [ 28.716069847189591, 47.118458633418342 ], [ 28.716046466304853, 47.11844335912609 ], [ 28.716045964043946, 47.118427741983524 ], [ 28.71602258317969, 47.11841246768607 ], [ 28.715999202328813, 47.118397193383629 ], [ 28.715998700082551, 47.118381576240552 ], [ 28.715998197836701, 47.118365959097424 ], [ 28.71599769559127, 47.118350341954255 ], [ 28.715997193346269, 47.118334724811056 ], [ 28.715996691101687, 47.118319107667794 ], [ 28.715996188857524, 47.118303490524482 ], [ 28.715995686613784, 47.118287873381142 ], [ 28.715995184370463, 47.118272256237731 ], [ 28.715994682127565, 47.118256639094277 ], [ 28.715994179885087, 47.11824102195078 ], [ 28.715993677643031, 47.118225404807241 ], [ 28.71599317540139, 47.118209787663652 ], [ 28.71599267316018, 47.11819417052002 ], [ 28.715992170919389, 47.118178553376346 ], [ 28.71599166867901, 47.118162936232608 ], [ 28.715991166439057, 47.118147319088841 ], [ 28.715990664199531, 47.118131701945011 ], [ 28.71599016196042, 47.118116084801144 ], [ 28.715989659721732, 47.118100467657229 ], [ 28.715989157483467, 47.118084850513263 ], [ 28.715988655245621, 47.118069233369248 ], [ 28.715988153008194, 47.118053616225197 ], [ 28.715987650771186, 47.118037999081096 ], [ 28.715987148534605, 47.118022381936946 ], [ 28.715986646298443, 47.118006764792746 ], [ 28.715986144062697, 47.117991147648503 ], [ 28.71598564182738, 47.117975530504211 ], [ 28.71598513959248, 47.117959913359876 ], [ 28.715984637357998, 47.117944296215491 ], [ 28.716007013520798, 47.117928336236254 ], [ 28.716029389670222, 47.117912376252761 ], [ 28.716051765806274, 47.117896416265047 ], [ 28.716074141928942, 47.117880456273078 ], [ 28.716096518038242, 47.11786449627688 ], [ 28.716118894134162, 47.117848536276441 ], [ 28.71614127021671, 47.117832576271738 ], [ 28.716163646285874, 47.117816616262822 ], [ 28.71618602234167, 47.117800656249649 ], [ 28.716208398384087, 47.117784696232228 ], [ 28.716230774413123, 47.117768736210564 ], [ 28.716253150428788, 47.117752776184673 ], [ 28.716275526431076, 47.117736816154526 ], [ 28.716297902419992, 47.117720856120137 ], [ 28.716320278395528, 47.11770489608152 ], [ 28.716342654357685, 47.117688936038647 ], [ 28.716365030306473, 47.117672975991546 ], [ 28.716387406241882, 47.117657015940189 ], [ 28.716409782163915, 47.117641055884597 ], [ 28.716432158072571, 47.117625095824756 ], [ 28.716454533967855, 47.117609135760688 ], [ 28.716476909849757, 47.11759317569237 ], [ 28.716499285718285, 47.117577215619804 ], [ 28.716498783340093, 47.117561598478581 ], [ 28.716498280962316, 47.117545981337294 ], [ 28.716497778584962, 47.117530364195979 ], [ 28.716497276208031, 47.117514747054599 ], [ 28.716496773831519, 47.117499129913192 ], [ 28.716496271455433, 47.117483512771734 ], [ 28.71649576907976, 47.117467895630213 ], [ 28.716495266704513, 47.11745227848867 ], [ 28.716494764329685, 47.117436661347057 ], [ 28.716494261955287, 47.117421044205422 ], [ 28.716493759581297, 47.117405427063723 ], [ 28.716493257207738, 47.117389809921967 ], [ 28.716492754834597, 47.11737419278019 ], [ 28.716492252461876, 47.117358575638342 ], [ 28.716491750089574, 47.117342958496472 ], [ 28.716491247717698, 47.117327341354532 ], [ 28.716490745346238, 47.117311724212556 ], [ 28.716490242975201, 47.11729610707053 ], [ 28.716489740604587, 47.117280489928454 ], [ 28.716489238234395, 47.11726487278635 ], [ 28.716488735864619, 47.117249255644175 ], [ 28.716488233495269, 47.117233638501965 ], [ 28.716487731126339, 47.117218021359697 ], [ 28.716487228757831, 47.117202404217387 ], [ 28.716486726389739, 47.117186787075049 ], [ 28.716486224022077, 47.117171169932647 ], [ 28.716485721654831, 47.117155552790202 ], [ 28.716485219288007, 47.117139935647714 ], [ 28.716484716921602, 47.117124318505162 ], [ 28.716484214555617, 47.117108701362575 ], [ 28.716483712190058, 47.117093084219938 ], [ 28.716483209824915, 47.117077467077259 ], [ 28.716482707460194, 47.117061849934537 ], [ 28.7164822050959, 47.117046232791765 ], [ 28.716481702732022, 47.117030615648929 ], [ 28.71648120036857, 47.117014998506058 ], [ 28.71648069800553, 47.116999381363151 ], [ 28.716480195642916, 47.116983764220187 ], [ 28.716479693280728, 47.116968147077174 ], [ 28.716479190918957, 47.116952529934125 ], [ 28.716478688557608, 47.116936912791026 ], [ 28.716478186196682, 47.11692129564787 ], [ 28.716477683836171, 47.116905678504672 ], [ 28.716477181476083, 47.116890061361438 ], [ 28.716476679116415, 47.116874444218141 ], [ 28.716476176757173, 47.116858827074793 ], [ 28.716475674398353, 47.11684320993141 ], [ 28.716475172039949, 47.116827592787978 ], [ 28.716474669681968, 47.116811975644509 ], [ 28.716474167324403, 47.116796358500999 ], [ 28.716473664967268, 47.11678074135741 ], [ 28.716473162610551, 47.116765124213806 ], [ 28.716472660254254, 47.116749507070132 ], [ 28.716472157898377, 47.116733889926415 ], [ 28.716471655542925, 47.116718272782656 ], [ 28.716471153187889, 47.116702655638846 ], [ 28.71647065083328, 47.116687038494995 ], [ 28.716470148479086, 47.116671421351093 ], [ 28.716469646125322, 47.116655804207142 ], [ 28.71646914377197, 47.116640187063147 ], [ 28.716468641419045, 47.116624569919104 ], [ 28.716468139066539, 47.116608952775024 ], [ 28.716467636714455, 47.116593335630895 ], [ 28.716467134362787, 47.11657771848671 ], [ 28.716466632011549, 47.116562101342481 ], [ 28.71646612966072, 47.11654648419821 ], [ 28.71646562731032, 47.116530867053882 ], [ 28.71646512496034, 47.116515249909519 ], [ 28.716464622610779, 47.116499632765098 ], [ 28.716464120261648, 47.116484015620628 ], [ 28.716463617912932, 47.116468398476137 ], [ 28.716463115564636, 47.116452781331567 ], [ 28.716462613216763, 47.116437164186969 ], [ 28.716462110869308, 47.116421547042322 ], [ 28.71646160852228, 47.116405929897624 ], [ 28.716461106175664, 47.116390312752877 ], [ 28.716460603829475, 47.116374695608094 ], [ 28.716460101483705, 47.116359078463255 ], [ 28.716459599138364, 47.116343461318358 ], [ 28.716459096793432, 47.116327844173433 ], [ 28.71645859444893, 47.116312227028466 ], [ 28.716458092104848, 47.116296609883435 ], [ 28.716457589761184, 47.116280992738361 ], [ 28.71645708741794, 47.116265375593237 ], [ 28.716456585075122, 47.116249758448085 ], [ 28.716456082732723, 47.116234141302868 ], [ 28.71645558039074, 47.116218524157617 ], [ 28.716455078049187, 47.116202907012308 ], [ 28.716454575708049, 47.116187289866943 ], [ 28.716454073367331, 47.116171672721542 ], [ 28.716453571027039, 47.116156055576099 ], [ 28.716453068687166, 47.116140438430605 ], [ 28.716452566347712, 47.116124821285062 ], [ 28.716452064008688, 47.116109204139477 ], [ 28.716451561670073, 47.116093586993841 ], [ 28.716451059331888, 47.116077969848156 ], [ 28.716450556994122, 47.116062352702436 ], [ 28.716450054656772, 47.116046735556658 ], [ 28.716449552319848, 47.116031118410831 ], [ 28.716449049983346, 47.116015501264968 ], [ 28.716448547647264, 47.115999884119063 ], [ 28.716448045311594, 47.115984266973079 ], [ 28.716447542976361, 47.115968649827082 ], [ 28.71644704064154, 47.115953032681027 ], [ 28.716446538307139, 47.115937415534923 ], [ 28.71644603597316, 47.115921798388769 ], [ 28.716445533639604, 47.115906181242579 ], [ 28.716445031306471, 47.115890564096333 ], [ 28.716444528973753, 47.115874946950036 ], [ 28.716444026641462, 47.115859329803698 ], [ 28.716443524309593, 47.115843712657309 ], [ 28.716443021978144, 47.115828095510878 ], [ 28.716442519647114, 47.115812478364404 ], [ 28.716464894794157, 47.115796518303341 ], [ 28.716487269927828, 47.115780558238043 ], [ 28.716509645048117, 47.115764598168496 ], [ 28.716532020155043, 47.115748638094715 ], [ 28.716554395248586, 47.115732678016684 ], [ 28.716576770328761, 47.115716717934419 ], [ 28.716599145395559, 47.115700757847911 ], [ 28.716621520448982, 47.115684797757154 ], [ 28.716643895489028, 47.115668837662156 ], [ 28.716666270515702, 47.115652877562908 ], [ 28.716688645529, 47.11563691745944 ], [ 28.716711020528926, 47.115620957351723 ], [ 28.716733395515483, 47.115604997239778 ], [ 28.716755770488653, 47.115589037123556 ], [ 28.716778145448462, 47.11557307700312 ], [ 28.716800520394891, 47.115557116878442 ], [ 28.71682289532794, 47.115541156749515 ], [ 28.716845270247621, 47.115525196616346 ], [ 28.716867645153926, 47.115509236478935 ], [ 28.716890020046858, 47.115493276337276 ], [ 28.716912394926414, 47.115477316191374 ], [ 28.716934769792591, 47.115461356041244 ], [ 28.716957144645402, 47.11544539588688 ], [ 28.716979519484834, 47.115429435728252 ], [ 28.71700189431089, 47.11541347556539 ], [ 28.717024269123577, 47.115397515398286 ], [ 28.717046643922888, 47.115381555226953 ], [ 28.717069018708827, 47.115365595051365 ], [ 28.717091393481386, 47.115349634871542 ], [ 28.717113768240576, 47.115333674687477 ], [ 28.717136142986391, 47.115317714499163 ], [ 28.717135640461535, 47.11530209735696 ], [ 28.717135137937102, 47.115286480214706 ], [ 28.717112260686072, 47.115286823260298 ], [ 28.717111758168752, 47.115271206117818 ], [ 28.717111255651851, 47.115255588975288 ], [ 28.71708837841377, 47.115255932015934 ], [ 28.717087875903974, 47.115240314873169 ], [ 28.717064998672168, 47.115240657909069 ], [ 28.717064496169478, 47.115225040766063 ], [ 28.717036966761686, 47.115229238072892 ], [ 28.717023632346848, 47.115215304266904 ], [ 28.717012260717482, 47.11520426548131 ], [ 28.717030947642222, 47.115195294579927 ], [ 28.717049786672472, 47.115213582188844 ], [ 28.717071309846503, 47.115203985658447 ], [ 28.717088340453635, 47.115220517756775 ], [ 28.717024609983298, 47.1152511124074 ], [ 28.717013238345892, 47.115240073622083 ], [ 28.71694006245086, 47.115169039473933 ], [ 28.716928690848675, 47.115158000679621 ], [ 28.717241816111155, 47.115007680243359 ], [ 28.717278878694618, 47.115043657910547 ], [ 28.717330996245224, 47.115098139311158 ], [ 28.717342367916419, 47.115109178064721 ], [ 28.717672381121474, 47.114950748350196 ], [ 28.717623135891728, 47.114902945064465 ], [ 28.717597948201689, 47.114881040998021 ], [ 28.717581121216668, 47.114864706678851 ], [ 28.717598555165171, 47.114856337104143 ], [ 28.717609926838055, 47.114867375831537 ], [ 28.717696740999529, 47.114942877584276 ], [ 28.717778441864972, 47.115022185895356 ], [ 28.717777036221143, 47.115022860709004 ], [ 28.717765664480122, 47.115011821999389 ], [ 28.717748018342256, 47.114994165007431 ], [ 28.717736646613432, 47.114983126294725 ], [ 28.71772474878216, 47.114988838135737 ], [ 28.717757645224218, 47.115020771210702 ], [ 28.71798052874874, 47.115238545654499 ], [ 28.717991900583247, 47.11524958434115 ], [ 28.717819016203116, 47.115332581594608 ], [ 28.717774076983712, 47.115288958741246 ], [ 28.717614871248848, 47.115136248395864 ], [ 28.717603499516109, 47.115125209670225 ], [ 28.717632403442078, 47.115111333718893 ], [ 28.71764459616972, 47.115123169391325 ], [ 28.717861381159999, 47.115345296070842 ], [ 28.717905647032406, 47.115388265152056 ], [ 28.717696618244986, 47.115488613833755 ], [ 28.717685246418423, 47.115477575118085 ], [ 28.717673785917928, 47.115465903879787 ], [ 28.717662414101007, 47.115454865161674 ], [ 28.71766168970462, 47.115455212922036 ], [ 28.717694606279373, 47.115487165301829 ], [ 28.71771270599065, 47.115505360607223 ], [ 28.71773015211485, 47.115522295664015 ], [ 28.717583850392284, 47.115592530467246 ], [ 28.717572478565994, 47.115581491740549 ], [ 28.717541308172954, 47.115549174980302 ], [ 28.717406511126587, 47.115418325725543 ], [ 28.717353136848129, 47.115443948884462 ], [ 28.717364508599534, 47.115454987634152 ], [ 28.717409167628325, 47.115493154654843 ], [ 28.717436491792423, 47.115519678603086 ], [ 28.71749105496913, 47.115493484671028 ], [ 28.71747968318347, 47.115482445934404 ], [ 28.717355892452474, 47.115364428736576 ], [ 28.717179541180773, 47.115193240602594 ], [ 28.717326897576047, 47.115122499748139 ], [ 28.717338269251744, 47.115133538502008 ], [ 28.717518474705994, 47.115320383860549 ], [ 28.717529846464103, 47.11533142259394 ], [ 28.7173371640711, 47.115423923021403 ], [ 28.717280975342739, 47.115369379550501 ], [ 28.717034338269428, 47.11513927641559 ], [ 28.717022966654515, 47.115128237630763 ], [ 28.717054791409204, 47.115112959714004 ], [ 28.717066812676062, 47.115124629129696 ], [ 28.717434006694479, 47.115482567580273 ], [ 28.717556299565441, 47.115601278664151 ], [ 28.717749319831942, 47.115508615780506 ], [ 28.717737947990248, 47.1154975770703 ], [ 28.717446048084703, 47.115197471884734 ], [ 28.717262310354279, 47.115019113370757 ], [ 28.717625678120847, 47.11484467109414 ], [ 28.717637049796714, 47.114855709818819 ], [ 28.717783526626469, 47.115003945283426 ], [ 28.717794898369419, 47.115014983991259 ], [ 28.718243689651199, 47.114799528907625 ], [ 28.718216794317904, 47.114773421434954 ], [ 28.718131999777736, 47.114714552382054 ], [ 28.718109908099052, 47.114693107749176 ], [ 28.718130767666995, 47.114683093449962 ], [ 28.718142139410595, 47.114694132123859 ], [ 28.718239168505999, 47.114760625747167 ], [ 28.718269082941617, 47.114789663869466 ], [ 28.71829406376585, 47.114777670998265 ], [ 28.718282691972959, 47.114766632340256 ], [ 28.718214170852292, 47.114711886843345 ], [ 28.718202799090108, 47.114700848176895 ], [ 28.718107107274896, 47.114746788090564 ], [ 28.718200358043692, 47.11483730738879 ], [ 28.71824648235987, 47.114885514239752 ], [ 28.718257854171391, 47.114896552900909 ], [ 28.718280354196008, 47.114885751044397 ], [ 28.718252458577517, 47.114858672660766 ], [ 28.718239846435658, 47.114845491115538 ], [ 28.718208872206795, 47.114815424253962 ], [ 28.718155066045377, 47.114841255591081 ], [ 28.71816643782855, 47.114852294261766 ], [ 28.718260135337541, 47.114952096800394 ], [ 28.718271507166431, 47.114963135459853 ], [ 28.718365928126413, 47.114917805637269 ], [ 28.718349153344622, 47.114901522344724 ], [ 28.718324286351841, 47.114875537681542 ], [ 28.718219292473623, 47.114773619641511 ], [ 28.718411244769882, 47.114681466412492 ], [ 28.718422616570372, 47.114692505057796 ], [ 28.718576056972616, 47.114813265164884 ], [ 28.718587428835594, 47.114824303792766 ], [ 28.71863449002986, 47.114801710319092 ], [ 28.718604099355193, 47.114772210208457 ], [ 28.71852217391816, 47.114709539267835 ], [ 28.718509013111159, 47.114696764066181 ], [ 28.718534633400409, 47.11468446409755 ], [ 28.718546005226742, 47.114695502730243 ], [ 28.718622300471427, 47.114753438672466 ], [ 28.718657968493655, 47.114788061475444 ], [ 28.718611211310225, 47.114810509017431 ], [ 28.718599839445414, 47.114799470391922 ], [ 28.718475624200053, 47.11470361969846 ], [ 28.718405061805541, 47.114635124562732 ], [ 28.718363720727073, 47.114654971820656 ], [ 28.718375092512062, 47.114666010470913 ], [ 28.718395164788859, 47.114682049509085 ], [ 28.718407474395882, 47.114693998491184 ], [ 28.718393376067297, 47.114700766892732 ], [ 28.718382004270968, 47.114689728244507 ], [ 28.718028860223502, 47.114407580184441 ], [ 28.718016164698739, 47.114395256394147 ], [ 28.7180356390542, 47.114385907083758 ], [ 28.718047010713338, 47.114396945768725 ], [ 28.718261778616153, 47.114566502574945 ], [ 28.718279530528946, 47.114583734523329 ], [ 28.718332417486867, 47.114558344274542 ], [ 28.718321045734154, 47.114547305619418 ], [ 28.718155130120618, 47.114419549779534 ], [ 28.718135202149146, 47.11440020538172 ], [ 28.718162476934179, 47.114387111173293 ], [ 28.718173848619465, 47.114398149845336 ], [ 28.718211086999354, 47.114427906562916 ], [ 28.71835042511055, 47.114563163549953 ], [ 28.718302273887122, 47.114586280253697 ], [ 28.718290902134445, 47.114575241595631 ], [ 28.718264831571847, 47.114553969474592 ], [ 28.718158054587192, 47.114450319737664 ], [ 28.718012943553653, 47.114519985096528 ], [ 28.718024315237503, 47.114531023783201 ], [ 28.718137793179825, 47.114633934665562 ], [ 28.71819788931877, 47.114692270613887 ], [ 28.71823296009671, 47.114675433726376 ], [ 28.718221588338672, 47.114664395061645 ], [ 28.718041737500947, 47.114520017998224 ], [ 28.717948937504342, 47.114429935318682 ], [ 28.717995338888954, 47.114407658838651 ], [ 28.718006710544621, 47.114418697527626 ], [ 28.718470551211798, 47.114791341968377 ], [ 28.718483587212848, 47.114803996010565 ], [ 28.718458504498177, 47.114816037853899 ], [ 28.718447132663321, 47.114804999212836 ], [ 28.717992420368212, 47.114443019293191 ], [ 28.717981048710133, 47.114431980602859 ], [ 28.717792206392591, 47.114522640136009 ], [ 28.717853031754654, 47.114581684631851 ], [ 28.718295535955285, 47.115044169252442 ], [ 28.718306907811545, 47.115055207907872 ], [ 28.718278386961359, 47.115068900220578 ], [ 28.718266367034836, 47.115057232477575 ], [ 28.717783226428338, 47.114558996759548 ], [ 28.717771491157229, 47.114547605064047 ], [ 28.717739605965967, 47.1145629124496 ], [ 28.717750977603419, 47.114573951163948 ], [ 28.718268881528594, 47.115109844774025 ], [ 28.718280253393793, 47.115120883431857 ], [ 28.718247887565287, 47.11513642161399 ], [ 28.718235733105178, 47.11512462328507 ], [ 28.71771785895551, 47.114588718425743 ], [ 28.71770538079814, 47.114576605578939 ], [ 28.717674595087992, 47.114591385093505 ], [ 28.717685966718406, 47.114602423814354 ], [ 28.718206456086484, 47.115143554437296 ], [ 28.718248986748588, 47.11518483892015 ], [ 28.718141979247303, 47.115236210893265 ], [ 28.718130607385088, 47.115225172221848 ], [ 28.717618357524227, 47.114689002788296 ], [ 28.717605673264938, 47.114676689864325 ], [ 28.717630504521161, 47.114664768988817 ], [ 28.717641876158638, 47.11467580771383 ], [ 28.718096549184345, 47.115146906051834 ], [ 28.718108429063012, 47.115158437883309 ], [ 28.718130424646962, 47.115147878292873 ], [ 28.718119052806443, 47.115136839619872 ], [ 28.717633017513265, 47.114626036757706 ], [ 28.717621645888492, 47.11461499803157 ], [ 28.717645385846176, 47.114603601044188 ], [ 28.717657341062875, 47.114615206272838 ], [ 28.71817692989417, 47.115156710711055 ], [ 28.71818830175085, 47.11516774937806 ], [ 28.718087440669592, 47.115216170529131 ], [ 28.718068710334027, 47.115197988947337 ], [ 28.717590816515802, 47.114701266695697 ], [ 28.717579444883174, 47.114690227965596 ], [ 28.717543114987119, 47.114707669019445 ], [ 28.717589635082639, 47.114752827239798 ], [ 28.718032940768456, 47.115213945220418 ], [ 28.718044312608281, 47.115224983901854 ], [ 28.717940011968437, 47.115275056056994 ], [ 28.717876522983129, 47.115213426906692 ], [ 28.717581536470714, 47.114917501076881 ], [ 28.717570164792654, 47.114906462346838 ], [ 28.71759276358123, 47.114895613280304 ], [ 28.717604767477837, 47.114907265713519 ], [ 28.717983880258153, 47.115290787812533 ], [ 28.717995252104782, 47.115301826498609 ], [ 28.717952766514959, 47.115322222745505 ], [ 28.717851989542687, 47.115224397956148 ], [ 28.717483994973019, 47.114857274434279 ], [ 28.71747262332805, 47.114846235693982 ], [ 28.717417444356858, 47.11487272554578 ], [ 28.717493443299826, 47.114946499583048 ], [ 28.71788452274853, 47.115334920195252 ], [ 28.717899315526395, 47.115349279614875 ], [ 28.717926528250192, 47.115336215509998 ], [ 28.717915156410061, 47.115325176817073 ], [ 28.717527173061423, 47.114931506875564 ], [ 28.717515801391396, 47.114920468140035 ], [ 28.717367445590618, 47.114991689401194 ], [ 28.717382188704896, 47.115006000909943 ], [ 28.717803330427479, 47.115406559124615 ], [ 28.717814702262597, 47.115417597828575 ], [ 28.717791877757573, 47.115428555217711 ], [ 28.717779737177271, 47.115416770283517 ], [ 28.717346508373577, 47.115021940106253 ], [ 28.717314009519498, 47.114990392624321 ], [ 28.717385572644531, 47.114956037367044 ], [ 28.717396944295768, 47.114967076115676 ], [ 28.717886094187243, 47.11543171526349 ], [ 28.717897466044757, 47.115442753958881 ], [ 28.717796558434017, 47.115491196822781 ], [ 28.717782939237456, 47.115477976604424 ], [ 28.71727762483291, 47.114998356514768 ], [ 28.717226715043772, 47.114948936923355 ], [ 28.717140075749739, 47.114990529600576 ], [ 28.717151447358415, 47.115001568374083 ], [ 28.717628624206689, 47.115452756895152 ], [ 28.717639996016256, 47.115463795616726 ], [ 28.717612027303158, 47.11547722251607 ], [ 28.717587081265496, 47.115453007145106 ], [ 28.717107439554304, 47.115000773983127 ], [ 28.717095302552945, 47.114988992204665 ], [ 28.717066343238631, 47.115002894574168 ], [ 28.717077714834964, 47.115013933355158 ], [ 28.71755783948479, 47.115465966527651 ], [ 28.717654891652245, 47.115560175941482 ], [ 28.717621659068755, 47.115576129836477 ], [ 28.71761028723834, 47.11556509111356 ], [ 28.717076154645799, 47.115047963727626 ], [ 28.717036091515741, 47.115053595219088 ], [ 28.717035589024789, 47.115037978075343 ], [ 28.717012209395232, 47.115022703955702 ], [ 28.716988829779051, 47.115007429831081 ], [ 28.71698832730274, 47.114991812686817 ], [ 28.716987824826855, 47.114976195542511 ], [ 28.71698732235139, 47.114960578398154 ], [ 28.717010199464095, 47.114960235379307 ], [ 28.717033076576381, 47.114959892355898 ], [ 28.717055953688249, 47.114959549327914 ], [ 28.717078328297902, 47.114943589151721 ], [ 28.717100702894179, 47.114927628971273 ], [ 28.717123077477083, 47.11491166878659 ], [ 28.717145452046616, 47.114895708597665 ], [ 28.717167826602768, 47.114879748404505 ], [ 28.717190201145552, 47.114863788207096 ], [ 28.71721257567496, 47.114847828005445 ], [ 28.717235452736652, 47.114847484942224 ], [ 28.717258329797914, 47.114847141874442 ], [ 28.717281206858761, 47.114846798802098 ], [ 28.717304083919178, 47.114846455725193 ], [ 28.717326960979179, 47.114846112643711 ], [ 28.717349838038764, 47.114845769557668 ], [ 28.717349335459676, 47.114830152415912 ], [ 28.717371709926795, 47.114814192183871 ], [ 28.717394084380544, 47.114798231947589 ], [ 28.717416458820914, 47.114782271707071 ], [ 28.717438833247915, 47.114766311462311 ], [ 28.71746120766154, 47.11475035121331 ], [ 28.717483582061789, 47.114734390960066 ], [ 28.717505956448672, 47.114718430702581 ], [ 28.717505453826142, 47.114702813561763 ], [ 28.717527828193386, 47.114686853300185 ], [ 28.71752435869448, 47.114656618699691 ], [ 28.717491807501109, 47.114623858381343 ], [ 28.717507347991585, 47.114615517573178 ], [ 28.717505767465333, 47.114614145223825 ], [ 28.717463153436963, 47.114637016783576 ], [ 28.717477005287563, 47.114652060596768 ], [ 28.71733910005214, 47.114726076078711 ], [ 28.717322831086804, 47.114711949921961 ], [ 28.717338371629605, 47.114703609136171 ], [ 28.717252915346496, 47.114617608545828 ], [ 28.717302482606421, 47.114591005221591 ], [ 28.717154324057002, 47.114462360012347 ], [ 28.71713878355396, 47.114470700772955 ], [ 28.717219581873678, 47.114552869277169 ], [ 28.717204041355114, 47.114561210046709 ], [ 28.717351652760833, 47.114689379759156 ], [ 28.717415907888441, 47.114654893231894 ], [ 28.717210373635961, 47.114434611425068 ], [ 28.717336586659208, 47.114366871186157 ], [ 28.717316075382669, 47.114349061350595 ], [ 28.717300534938019, 47.114357402132562 ], [ 28.71747408075705, 47.114532049742955 ], [ 28.717458540285193, 47.114540390546487 ], [ 28.717430308892556, 47.114515877532114 ], [ 28.717669597520192, 47.114387447268783 ], [ 28.717441764141693, 47.114173869264214 ], [ 28.717457304511086, 47.114165528463808 ], [ 28.717238815058131, 47.113975814237435 ], [ 28.717102418545021, 47.114049020411692 ], [ 28.717444788066054, 47.114399537651892 ], [ 28.717192111112205, 47.114535152791525 ], [ 28.717020172072218, 47.114385858445559 ], [ 28.717035712569913, 47.114377517701008 ], [ 28.717004358693877, 47.114348806124049 ], [ 28.717039640838351, 47.114329869823521 ], [ 28.717040701807043, 47.114330791064603 ], [ 28.717025161323555, 47.1143391318097 ], [ 28.717056231828494, 47.114367982864202 ], [ 28.717002074432877, 47.114397049694539 ], [ 28.717063817790898, 47.114450661478429 ], [ 28.7170793583002, 47.114442320727903 ], [ 28.716965354959328, 47.114339681123177 ], [ 28.716980895452551, 47.114331340386066 ], [ 28.716941935095498, 47.11429751095514 ], [ 28.716865848734887, 47.1143383471994 ], [ 28.716891734381278, 47.114361882594146 ], [ 28.716876193865012, 47.114370223319405 ], [ 28.716898097791102, 47.114389242597206 ], [ 28.717194744243962, 47.114230029116598 ], [ 28.717120998855425, 47.114155809799463 ], [ 28.717136539270985, 47.114147469041981 ], [ 28.717080401849255, 47.114098724703929 ], [ 28.717048581941022, 47.114115802876753 ], [ 28.717227229862704, 47.114298021822428 ], [ 28.717211689418473, 47.114306362592401 ], [ 28.717232392622265, 47.114324339141824 ], [ 28.717276257478694, 47.114300796253431 ], [ 28.717128567469718, 47.114146163505389 ], [ 28.717350457278595, 47.114027071666406 ], [ 28.717270429686355, 47.113957583592985 ], [ 28.717254889346709, 47.113965924367918 ], [ 28.717430088672145, 47.114137138212804 ], [ 28.717414548306543, 47.114145479009501 ], [ 28.71740140569441, 47.114134067322837 ], [ 28.717443811451936, 47.114111307374067 ], [ 28.717244807511552, 47.113916322260437 ], [ 28.717282330863071, 47.113896182793731 ], [ 28.71728791408712, 47.113901030727362 ], [ 28.717272373766495, 47.113909371504505 ], [ 28.717472497760827, 47.114098168526041 ], [ 28.717456957413198, 47.114106509328316 ], [ 28.717347980482543, 47.114011884856303 ], [ 28.717445470405284, 47.113959560129906 ], [ 28.717387454793876, 47.11390456804547 ], [ 28.717402995094698, 47.113896227252965 ], [ 28.717372181663041, 47.11386947190276 ], [ 28.717337043864617, 47.11388833105422 ], [ 28.717482423847954, 47.114034630322941 ], [ 28.717444625993014, 47.114054917176368 ], [ 28.717446955655348, 47.114056940015779 ], [ 28.717462495990365, 47.114048599214954 ], [ 28.717303815635958, 47.113903346820223 ], [ 28.717319355949822, 47.113895006038888 ], [ 28.717420238508858, 47.113982602465171 ], [ 28.717312615217562, 47.114040365893253 ], [ 28.717327001501072, 47.114053558561125 ], [ 28.717286984915187, 47.114075036155029 ], [ 28.717380608992283, 47.114156329828852 ], [ 28.717396149366433, 47.114147989036667 ], [ 28.717281298559914, 47.11403575310576 ], [ 28.71729683891537, 47.11402741232714 ], [ 28.717221446148834, 47.113961948594131 ], [ 28.717181144771292, 47.11398357901642 ], [ 28.717368830884162, 47.114160887927433 ], [ 28.717279219545393, 47.114208983799259 ], [ 28.71705980399317, 47.114018464707001 ], [ 28.717075344379118, 47.114010123958032 ], [ 28.717028575330581, 47.113963706449738 ], [ 28.717197530040334, 47.113873025756803 ], [ 28.717000711843305, 47.113702126595129 ], [ 28.716985171533764, 47.113710467333384 ], [ 28.716947397495453, 47.11373151726761 ], [ 28.716931383734199, 47.113740112098419 ], [ 28.716911030823965, 47.113722439365453 ], [ 28.716926571148811, 47.113714098637068 ], [ 28.716964341183356, 47.113693048929001 ], [ 28.716979881491227, 47.11368470819356 ], [ 28.716642644636764, 47.113391878487754 ], [ 28.716350418360566, 47.11354871973171 ], [ 28.716082555000558, 47.11369977842012 ], [ 28.716067014544713, 47.113708119035621 ], [ 28.716048332945075, 47.113691897147568 ], [ 28.71608659408782, 47.113671362257776 ], [ 28.716286067637032, 47.113552219092547 ], [ 28.716301608013083, 47.113543878448134 ], [ 28.716284681944817, 47.113529180993467 ], [ 28.716259255777313, 47.113542827416538 ], [ 28.716153589447401, 47.11360421595262 ], [ 28.716026706451281, 47.113672314596961 ], [ 28.716089552699344, 47.113726886197711 ], [ 28.716105093156965, 47.113718545579154 ], [ 28.716409607281989, 47.113548513728702 ], [ 28.716425728775448, 47.113539861165094 ], [ 28.716446265999799, 47.113557694232462 ], [ 28.716430725642933, 47.113566034896259 ], [ 28.715745415892677, 47.113956418231439 ], [ 28.715516387713006, 47.114079336296264 ], [ 28.715798040586431, 47.114323905532167 ], [ 28.715813581262001, 47.114315564951177 ], [ 28.71587892161601, 47.114279154877828 ], [ 28.715895139418624, 47.114270450861348 ], [ 28.715912281381016, 47.114285335719806 ], [ 28.715896740729921, 47.11429367631392 ], [ 28.715804639173637, 47.114349628788027 ], [ 28.715785661110136, 47.114359814183764 ], [ 28.715807626606871, 47.114378887475176 ], [ 28.71582316729668, 47.114370546892765 ], [ 28.715853282055726, 47.114353736315536 ], [ 28.715869590615675, 47.114344983607793 ], [ 28.715891487010801, 47.114363996859787 ], [ 28.715875946333814, 47.114372337451321 ], [ 28.715846418737236, 47.114390306053693 ], [ 28.715830878045477, 47.114398646639259 ], [ 28.715927171452847, 47.114482260758869 ], [ 28.716114410961058, 47.114381770150786 ], [ 28.716197948967288, 47.114332667727979 ], [ 28.71657556682635, 47.11412999921675 ], [ 28.716568578488872, 47.114123931131324 ], [ 28.71655303798914, 47.114132271812821 ], [ 28.716314172881951, 47.114265378607548 ], [ 28.716274021365148, 47.114286927963491 ], [ 28.716303540374792, 47.11431255989676 ], [ 28.71631908096618, 47.114304219248204 ], [ 28.716737716227168, 47.114079535588964 ], [ 28.717169899349585, 47.113847577163206 ], [ 28.717088494662153, 47.113776892768691 ], [ 28.717072954345216, 47.113785233518868 ], [ 28.715937398243014, 47.114423824781937 ], [ 28.715921857556207, 47.114432165379739 ], [ 28.715900606302789, 47.114413712362065 ], [ 28.715919072557284, 47.114403801630488 ], [ 28.71705622625279, 47.113769890435158 ], [ 28.717071766568004, 47.113761549687261 ], [ 28.716937824602212, 47.11364524608976 ], [ 28.716867405954009, 47.113683040868878 ], [ 28.715986512077713, 47.11416998410423 ], [ 28.715970971471599, 47.114178324708007 ], [ 28.71599325600442, 47.11419767500233 ], [ 28.716009331239196, 47.114189047462602 ], [ 28.716930175948171, 47.113677250110726 ], [ 28.716957089937797, 47.113662804941583 ], [ 28.717046063490741, 47.113740061875248 ], [ 28.717030523177577, 47.11374840261967 ], [ 28.715893204993819, 47.1143821714412 ], [ 28.715877664311886, 47.114390512032998 ], [ 28.715565828535329, 47.114119734650401 ], [ 28.715632067769484, 47.114084184530782 ], [ 28.716497263726929, 47.113596149684454 ], [ 28.716518984188735, 47.113584492081657 ], [ 28.716495335939545, 47.113563957669939 ], [ 28.716479795588747, 47.113572298340308 ], [ 28.715705250504186, 47.114008813019744 ], [ 28.71568970989928, 47.114017153585543 ], [ 28.715821394094142, 47.114131499658598 ], [ 28.715848859936184, 47.114116758853378 ], [ 28.716616830612622, 47.113686936451316 ], [ 28.716633526293752, 47.113677975689093 ], [ 28.716681840601616, 47.113719928034897 ], [ 28.716666300235918, 47.113728268730569 ], [ 28.715883670401809, 47.114160808899356 ], [ 28.715868129781857, 47.114169149489356 ], [ 28.715892154990751, 47.114190011321746 ], [ 28.715908267055944, 47.114181364037016 ], [ 28.71673955420404, 47.113718469512413 ], [ 28.716755094555193, 47.113710128806964 ], [ 28.716711097002108, 47.113671924861499 ], [ 28.716642773727354, 47.113708594785933 ], [ 28.715826132523844, 47.114160347998279 ], [ 28.715802867088165, 47.114172834446158 ], [ 28.715737822137417, 47.11411635370041 ], [ 28.715753362763078, 47.114108013127947 ], [ 28.716521862071602, 47.113678657569238 ], [ 28.716537402446185, 47.113670316892993 ], [ 28.716514923105251, 47.113650797518659 ], [ 28.716498848937697, 47.113659424684862 ], [ 28.715768981589019, 47.114067025552082 ], [ 28.715752931239226, 47.114075639700687 ], [ 28.715730839011986, 47.114056456223487 ], [ 28.715746379621578, 47.114048115652103 ], [ 28.716477615804624, 47.113641665070723 ], [ 28.716494692110821, 47.113632500048702 ], [ 28.71655939482962, 47.113688683037438 ], [ 28.716543854453288, 47.113697023716668 ], [ 28.715827269618362, 47.114098707193349 ], [ 28.715662280887639, 47.11418725573013 ], [ 28.715991779051574, 47.114473368735808 ], [ 28.716007319739006, 47.114465028128556 ], [ 28.716530207203068, 47.114162653664714 ], [ 28.7166783826795, 47.114083126879386 ], [ 28.716643193803904, 47.114052571850756 ], [ 28.716627653336595, 47.114060912542051 ], [ 28.716080017279371, 47.114377912044255 ], [ 28.716064476628571, 47.114386252661028 ], [ 28.716755985260953, 47.114986696647385 ], [ 28.716890548134, 47.114914476508929 ], [ 28.716456362107188, 47.11446693583887 ], [ 28.716500130689528, 47.114443445163076 ], [ 28.71650185729904, 47.114444944399253 ], [ 28.716486316696532, 47.114453285072578 ], [ 28.716890679843988, 47.114865050989209 ], [ 28.716875139183202, 47.114873391715527 ], [ 28.716876943446326, 47.114874958350583 ], [ 28.716923048856817, 47.114850213403429 ], [ 28.716513492574613, 47.114433244601415 ], [ 28.71670476005561, 47.114330590514591 ], [ 28.716847895518811, 47.114454876013646 ], [ 28.716832354968851, 47.114463216733263 ], [ 28.717076220078326, 47.114711212718817 ], [ 28.71678965468114, 47.11486501378652 ], [ 28.716685449172008, 47.114774532098664 ], [ 28.716700989834798, 47.114766191397955 ], [ 28.716660423501594, 47.11472452351515 ], [ 28.716828181572858, 47.114634487197058 ], [ 28.716780858193637, 47.114593396193108 ], [ 28.7167653175932, 47.114601736904092 ], [ 28.716995960518158, 47.114835770348279 ], [ 28.716953561795606, 47.114858525953274 ], [ 28.716951976235574, 47.114857149219652 ], [ 28.716967516879404, 47.114848808483096 ], [ 28.716736808521244, 47.114614800347169 ], [ 28.716804492134564, 47.114578474245533 ], [ 28.716821880574045, 47.114593572674174 ], [ 28.716806339980124, 47.114601913390651 ], [ 28.716986296707933, 47.114784923932731 ], [ 28.716970756085438, 47.11479326467164 ], [ 28.716972317097778, 47.114794620091665 ], [ 28.717014124729861, 47.114772181690952 ], [ 28.716834011310663, 47.114589229648843 ], [ 28.716903920819274, 47.114551708784163 ], [ 28.716883035131236, 47.114533573708108 ], [ 28.716867494564323, 47.114541914432621 ], [ 28.717103708516316, 47.114782599613747 ], [ 28.717057350604527, 47.11480748022813 ], [ 28.717126646717009, 47.114867649489447 ], [ 28.717142187335892, 47.114859308729521 ], [ 28.716838756518534, 47.114555023467595 ], [ 28.716989543482775, 47.114474094994854 ], [ 28.717008123110336, 47.114490227689345 ], [ 28.716992582575887, 47.114498568430477 ], [ 28.717300778454995, 47.114800835611348 ], [ 28.717263652977564, 47.11482076121397 ], [ 28.717124603315025, 47.114700025643621 ], [ 28.717140143886134, 47.11469168488437 ], [ 28.716823634931455, 47.114370759154689 ], [ 28.716839175456286, 47.114362418436443 ], [ 28.716849057096105, 47.11437099872078 ], [ 28.716807304876625, 47.114393407447238 ], [ 28.717105603295135, 47.11469776490771 ], [ 28.71709006271675, 47.114706105662364 ], [ 28.717065333852798, 47.114684633719129 ], [ 28.717282924580754, 47.114567850612687 ], [ 28.716937814351315, 47.114221595140791 ], [ 28.716961120649167, 47.114209086399669 ], [ 28.717155389909369, 47.11437777080021 ], [ 28.717139849430758, 47.114386111560755 ], [ 28.717276811719721, 47.114526859291125 ], [ 28.717261271217779, 47.114535200068268 ], [ 28.717134960185483, 47.114425524744185 ], [ 28.717245478139315, 47.114366208386365 ], [ 28.717010149551363, 47.114133700141693 ], [ 28.717025689978325, 47.114125359399075 ], [ 28.716941706109907, 47.114052435596278 ], [ 28.716884543687453, 47.114083115337145 ], [ 28.717045566578829, 47.114241327721864 ], [ 28.71703002612178, 47.114249668467401 ], [ 28.717411039621911, 47.114580501073682 ], [ 28.717583567776309, 47.114487902555496 ], [ 28.717054029595634, 47.113951965481455 ], [ 28.717069569963435, 47.113943624733416 ], [ 28.71730236395166, 47.114145760542776 ], [ 28.717067067138913, 47.114272047674064 ], [ 28.717456955395257, 47.114661209027297 ], [ 28.716767375074191, 47.114350504540049 ], [ 28.716640674675791, 47.114221649991237 ], [ 28.702771119929245, 47.127908364850143 ], [ 28.702789903086142, 47.127916335572223 ], [ 28.702806695172995, 47.127923461369576 ], [ 28.702795731051975, 47.127935496004312 ], [ 28.702769761100708, 47.127924475536339 ], [ 28.702786117091154, 47.127906518148031 ], [ 28.702751553611325, 47.127891610276265 ], [ 28.702728670784506, 47.127891950517899 ], [ 28.702705787957264, 47.127892290754993 ], [ 28.702682905129603, 47.127892630987482 ], [ 28.702660022301526, 47.127892971215424 ], [ 28.702637139473033, 47.127893311438783 ], [ 28.702614256644118, 47.12789365165758 ], [ 28.702591373814784, 47.127893991871815 ], [ 28.70256898946732, 47.127909949307899 ], [ 28.70254660510647, 47.127925906739726 ], [ 28.70252422073224, 47.127941864167298 ], [ 28.702501836344627, 47.127957821590641 ], [ 28.702479451943628, 47.127973779009722 ], [ 28.702457067529242, 47.127989736424567 ], [ 28.702434683101476, 47.128005693835163 ], [ 28.702412298660327, 47.128021651241518 ], [ 28.702389914205792, 47.128037608643616 ], [ 28.702367031312058, 47.128037948813812 ], [ 28.70234464683703, 47.128053906207285 ], [ 28.702322262348616, 47.128069863596501 ], [ 28.702299877846823, 47.128085820981482 ], [ 28.702276994931339, 47.128086161133957 ], [ 28.702254112015435, 47.128086501281871 ], [ 28.702231229099112, 47.128086841425194 ], [ 28.702208346182378, 47.12808718156397 ], [ 28.702185463265224, 47.128087521698163 ], [ 28.702162580347647, 47.128087861827787 ], [ 28.702139697429658, 47.128088201952842 ], [ 28.702116814511243, 47.128088542073336 ], [ 28.702093931592419, 47.12808888218926 ], [ 28.702071048673172, 47.128089222300609 ], [ 28.70204816575351, 47.128089562407389 ], [ 28.702025282833429, 47.128089902509601 ], [ 28.702002399912931, 47.128090242607243 ], [ 28.701979516992015, 47.128090582700317 ], [ 28.701956634070683, 47.128090922788822 ], [ 28.701933751148928, 47.128091262872751 ], [ 28.701910868226758, 47.128091602952111 ], [ 28.701887985304172, 47.128091943026909 ], [ 28.701865102381163, 47.128092283097132 ], [ 28.701842219457742, 47.128092623162793 ], [ 28.701819336533898, 47.128092963223885 ], [ 28.701795955350285, 47.128077686048222 ], [ 28.701772574180048, 47.128062408867557 ], [ 28.701749193023197, 47.128047131681924 ], [ 28.701725811879733, 47.128031854491311 ], [ 28.701702430749648, 47.128016577295696 ], [ 28.701679049632951, 47.128001300095114 ], [ 28.701655668529636, 47.12798602288953 ], [ 28.701632287439701, 47.127970745678972 ], [ 28.701608906363155, 47.127955468463419 ], [ 28.70158552529999, 47.127940191242892 ], [ 28.701562144250211, 47.127924914017363 ], [ 28.701538763213811, 47.12790963678686 ], [ 28.701515382190799, 47.127894359551377 ], [ 28.701492001181169, 47.127879082310898 ], [ 28.701468620184926, 47.127863805065438 ], [ 28.701445239202059, 47.127848527814997 ], [ 28.701421858232585, 47.127833250559569 ], [ 28.701398477276488, 47.127817973299152 ], [ 28.701375096333773, 47.127802696033754 ], [ 28.701351715404449, 47.127787418763369 ], [ 28.701328334488501, 47.127772141487995 ], [ 28.701304953585939, 47.12775686420764 ], [ 28.701281572696761, 47.127741586922298 ], [ 28.701258191820973, 47.127726309631967 ], [ 28.70123481095856, 47.127711032336656 ], [ 28.701211430109534, 47.127695755036356 ], [ 28.701188049273888, 47.127680477731076 ], [ 28.701164668451629, 47.1276652004208 ], [ 28.701141287642752, 47.127649923105558 ], [ 28.701117906847262, 47.127634645785321 ], [ 28.701094526065152, 47.127619368460103 ], [ 28.701071145296421, 47.127604091129889 ], [ 28.70104776454108, 47.127588813794695 ], [ 28.701024383799123, 47.12757353645452 ], [ 28.701001003070544, 47.127558259109342 ], [ 28.700977622355353, 47.127542981759198 ], [ 28.70097712434524, 47.127527364518876 ], [ 28.700976626335546, 47.12751174727849 ], [ 28.700976128326271, 47.127496130038075 ], [ 28.700975630317412, 47.127480512797604 ], [ 28.700975132308972, 47.127464895557097 ], [ 28.700974634300952, 47.127449278316519 ], [ 28.700951253641797, 47.127434000960001 ], [ 28.700927872996026, 47.127418723598495 ], [ 28.700927375002642, 47.12740310635742 ], [ 28.700926877009671, 47.127387489116288 ], [ 28.700953963957513, 47.127376998000265 ], [ 28.701242087092691, 47.127054163844534 ], [ 28.701252304042455, 47.127042609887695 ], [ 28.701286799207939, 47.127056818468652 ], [ 28.70127627511544, 47.127068719770136 ], [ 28.700969190935304, 47.127407228300093 ], [ 28.700958973855844, 47.127418782232645 ], [ 28.701055598326157, 47.127458581911135 ], [ 28.701066364263315, 47.127446407280217 ], [ 28.70167175178128, 47.126789994992947 ], [ 28.701740865649896, 47.126711835309116 ], [ 28.701773673992228, 47.126725348984067 ], [ 28.70176345721557, 47.126736902985819 ], [ 28.701742346288832, 47.12676265541176 ], [ 28.701732129498389, 47.126774209410812 ], [ 28.701697947294825, 47.12676012984209 ], [ 28.701708698932311, 47.126747971002146 ], [ 28.701778297859178, 47.126671564467522 ], [ 28.701797997848381, 47.126649285999711 ], [ 28.70176754302085, 47.12663674172223 ], [ 28.701757326259287, 47.126648295723392 ], [ 28.701034183595205, 47.12743273383812 ], [ 28.701022891807384, 47.127445503116938 ], [ 28.700991447510884, 47.127432551192001 ], [ 28.701001664585785, 47.127420997256635 ], [ 28.701672957532175, 47.126684597560619 ], [ 28.701683174318955, 47.126673043566733 ], [ 28.701817204468757, 47.126728250284401 ], [ 28.701796714820013, 47.126751421747429 ], [ 28.701100295798661, 47.127515818373077 ], [ 28.701089768692047, 47.127527722919879 ], [ 28.701126647933307, 47.127542913428663 ], [ 28.701136864999075, 47.127531359481551 ], [ 28.701843840121434, 47.126758685913671 ], [ 28.701854056884525, 47.126747131904978 ], [ 28.701888990274739, 47.126761520824225 ], [ 28.701878496674528, 47.126773387913339 ], [ 28.701205061910589, 47.127507335346195 ], [ 28.701194580077722, 47.127519188733075 ], [ 28.701228570790267, 47.127533189421506 ], [ 28.701238787831898, 47.127521635465591 ], [ 28.701909768990948, 47.126787198319292 ], [ 28.701919985744887, 47.126775644304878 ], [ 28.701951361284991, 47.126788567729292 ], [ 28.70194089347045, 47.126800405673265 ], [ 28.701273963214437, 47.127536581357909 ], [ 28.701263516279745, 47.127548395297467 ], [ 28.701294456892555, 47.127561139625499 ], [ 28.701304673924938, 47.127549585663878 ], [ 28.701976366450246, 47.126813351867128 ], [ 28.701986583194451, 47.126801797846944 ], [ 28.703056000747289, 47.127242275919386 ], [ 28.703037198516146, 47.127263539669741 ], [ 28.703019797241392, 47.127282640319557 ], [ 28.702960878745181, 47.127349272024887 ], [ 28.702914892687261, 47.127330331360291 ], [ 28.702925109321782, 47.127318777258715 ], [ 28.702949722250384, 47.127291531658763 ], [ 28.702959938870077, 47.127279977554196 ], [ 28.703047946821265, 47.127316226090066 ], [ 28.70302337567821, 47.127344013949475 ], [ 28.702984739920037, 47.127386415893966 ], [ 28.702907776668535, 47.12747345436059 ], [ 28.702882460281483, 47.127463027100774 ], [ 28.702892676947737, 47.127451473001919 ], [ 28.702920475238749, 47.127415917298819 ], [ 28.702930863810341, 47.127404168768052 ], [ 28.702904667096821, 47.127393378913503 ], [ 28.702894450443971, 47.127404933013352 ], [ 28.702864649156126, 47.127439670668984 ], [ 28.702854432485918, 47.127451224765402 ], [ 28.7028491175138, 47.127449035642435 ], [ 28.702859630794762, 47.127437146108335 ], [ 28.702899299993131, 47.127393594849188 ], [ 28.702920621594544, 47.127369482053332 ], [ 28.70298058366399, 47.127394179105828 ], [ 28.702970367027621, 47.12740573321225 ], [ 28.702907802421127, 47.127474552041676 ], [ 28.702883176335462, 47.12750240184365 ], [ 28.703030556904544, 47.127563104454403 ], [ 28.703040773556928, 47.127551550342709 ], [ 28.703070652296031, 47.127518749568061 ], [ 28.703080868931398, 47.127507195452914 ], [ 28.703078072473922, 47.127506043660958 ], [ 28.703062790727429, 47.127523325967665 ], [ 28.703027283133672, 47.127578774263981 ], [ 28.70301415881033, 47.127593616674922 ], [ 28.703049458959221, 47.127608155929913 ], [ 28.703059675615822, 47.127596601816556 ], [ 28.703071584398224, 47.127582300372822 ], [ 28.703081801045172, 47.127570746257554 ], [ 28.703117483808573, 47.127585443079738 ], [ 28.703106718058653, 47.127597618190563 ], [ 28.703075042235049, 47.127632377361323 ], [ 28.703064492387298, 47.127644308281141 ], [ 28.703067447895233, 47.127645525579233 ], [ 28.703077664554829, 47.127633971464299 ], [ 28.703107910271893, 47.127597645597469 ], [ 28.703118146511859, 47.127586069315313 ], [ 28.703120005153171, 47.127586834841814 ], [ 28.703109788511597, 47.127598388960372 ], [ 28.703079479778875, 47.12763479439603 ], [ 28.703069088063152, 47.127646546483945 ], [ 28.703100720307237, 47.127659574986595 ], [ 28.703110936962151, 47.127648020868776 ], [ 28.703134710204989, 47.127619680313472 ], [ 28.703144926845049, 47.12760812619274 ], [ 28.703176493018191, 47.127621127463826 ], [ 28.703165821199516, 47.12763319635954 ], [ 28.70310767934572, 47.127699299553456 ], [ 28.703097462680578, 47.127710853671012 ], [ 28.703071705427114, 47.127700244935824 ], [ 28.703189817593721, 47.127566670552895 ], [ 28.703205826260785, 47.127549098963534 ], [ 28.703216042872167, 47.127537544836692 ], [ 28.703248653492359, 47.127550976278656 ], [ 28.703238177492871, 47.12756282375981 ], [ 28.703215207778715, 47.127588036656491 ], [ 28.703204991157783, 47.127599590783298 ], [ 28.70319927870219, 47.127597237976111 ], [ 28.703209541159406, 47.127585632013812 ], [ 28.703232510875267, 47.127560419118225 ], [ 28.703265996235391, 47.12752254995344 ], [ 28.703294725131578, 47.127534382604388 ], [ 28.703284508538015, 47.127545936738038 ], [ 28.70323752044931, 47.127597507156032 ], [ 28.703227303831508, 47.127609061284765 ], [ 28.70325859349488, 47.127621948637902 ], [ 28.70329578148592, 47.127579892115982 ], [ 28.703319287934264, 47.127554302910951 ], [ 28.703329516991857, 47.127542734671607 ], [ 28.703327058777905, 47.127541722201812 ], [ 28.70331684219007, 47.127553276338247 ], [ 28.703293347131986, 47.127578850387593 ], [ 28.703283130529876, 47.12759040452115 ], [ 28.703181932335767, 47.127548723713545 ], [ 28.703193305968966, 47.127535861100924 ], [ 28.703251088920098, 47.127472428885646 ], [ 28.703261931245084, 47.127460167096153 ], [ 28.703228805736423, 47.127446523566078 ], [ 28.703218589144733, 47.127458077693987 ], [ 28.70319658534779, 47.127491704871758 ], [ 28.703186368740646, 47.127503258996903 ], [ 28.703157381336545, 47.127491319828756 ], [ 28.703168191350137, 47.12747909461816 ], [ 28.703199861676268, 47.12744433139347 ], [ 28.703210102256065, 47.127432750140358 ], [ 28.703207025377651, 47.127431482852778 ], [ 28.703196808783975, 47.127443036978796 ], [ 28.703165134625422, 47.127477799032818 ], [ 28.703154918013972, 47.127489353155234 ], [ 28.70311935972877, 47.127474707590601 ], [ 28.703156739139878, 47.127432434645797 ], [ 28.703168203563902, 47.127413374999534 ], [ 28.703238790237926, 47.127333547188819 ], [ 28.70322530867568, 47.127327994470598 ], [ 28.703215092105218, 47.127339548598137 ], [ 28.703200017201461, 47.127359658544357 ], [ 28.70318980061958, 47.127371212669722 ], [ 28.703209869272307, 47.127379478446137 ], [ 28.703237277352386, 47.127348482104331 ], [ 28.703340654584061, 47.127182514332965 ], [ 28.703350871097872, 47.127170960194654 ], [ 28.703411596466282, 47.127195971419411 ], [ 28.703321583532073, 47.127297769470601 ], [ 28.703268261427002, 47.127356295108584 ], [ 28.703258044860696, 47.127367849239853 ], [ 28.703288289553928, 47.127380306246877 ], [ 28.703300645021454, 47.127366333177108 ], [ 28.70332286748593, 47.127339207269927 ], [ 28.703333084032717, 47.127327653133072 ], [ 28.703362983143123, 47.127339967786604 ], [ 28.70335253019314, 47.127351789284987 ], [ 28.703339356366431, 47.127368993711755 ], [ 28.703329139813345, 47.127380547849164 ], [ 28.703381177400928, 47.127401980727747 ], [ 28.703404265272688, 47.127375870079319 ], [ 28.703445328161202, 47.127330790022938 ], [ 28.703455544679599, 47.12731923587549 ], [ 28.703480207711209, 47.12732939389322 ], [ 28.703469793606125, 47.127341171503147 ], [ 28.70342872688979, 47.127386249183246 ], [ 28.703418510353082, 47.1273978033284 ], [ 28.703461044818376, 47.127415322079095 ], [ 28.703480454266213, 47.127393371408374 ], [ 28.703511775980591, 47.127358991210642 ], [ 28.703542657519627, 47.127324066344194 ], [ 28.70359913045586, 47.127347325903557 ], [ 28.703588913963706, 47.127358880063426 ], [ 28.703558887440977, 47.127391835918239 ], [ 28.70353991445694, 47.127413293029733 ], [ 28.703580116965878, 47.127429851250675 ], [ 28.703590333473123, 47.127418297091531 ], [ 28.703622666652961, 47.127372830540558 ], [ 28.703634558395191, 47.127359381776181 ], [ 28.703665815110707, 47.127372255470711 ], [ 28.70365559862854, 47.127383809636356 ], [ 28.703626311212787, 47.127417316029856 ], [ 28.703616094713606, 47.127428870192098 ], [ 28.703515785821512, 47.127387555931051 ], [ 28.703533752524585, 47.1273672368578 ], [ 28.703589076890179, 47.12730650771266 ], [ 28.70359954682824, 47.127294666911304 ], [ 28.70356783949051, 47.127281607573991 ], [ 28.7035576230037, 47.12729316173111 ], [ 28.703470269379331, 47.127389047352629 ], [ 28.703460052851213, 47.127400601501371 ], [ 28.703383943909422, 47.127369254338014 ], [ 28.703429170300307, 47.127318106625275 ], [ 28.703494946535798, 47.127245905927474 ], [ 28.703505810370054, 47.127233619675636 ], [ 28.703469333965636, 47.127218596037267 ], [ 28.703459117468938, 47.127230150185831 ], [ 28.703405699009984, 47.127308701361692 ], [ 28.703371949266263, 47.127346869824279 ], [ 28.703285231630996, 47.12731115309829 ], [ 28.703295448180825, 47.127299598964704 ], [ 28.703357876376934, 47.127213682068259 ], [ 28.703368092892756, 47.127202127928442 ], [ 28.703128740143367, 47.127103544219878 ], [ 28.703059558359268, 47.127181783293622 ], [ 28.702975248257676, 47.127274328579063 ], [ 28.702871678964268, 47.127391456198019 ], [ 28.702788868788648, 47.127357348391357 ], [ 28.702799085455794, 47.127345794300652 ], [ 28.702849765778353, 47.127289923112691 ], [ 28.70285998241965, 47.127278369016757 ], [ 28.702892763922065, 47.127291871048563 ], [ 28.702780551884519, 47.127418772468843 ], [ 28.702699486189015, 47.127504962722249 ], [ 28.702599198927874, 47.127618377286446 ], [ 28.702632371893642, 47.127632040565388 ], [ 28.702642588646054, 47.127620486488063 ], [ 28.702682612119748, 47.127576555116782 ], [ 28.702692828850861, 47.127565001035158 ], [ 28.702790870627396, 47.127605382360173 ], [ 28.70277033043504, 47.127628611267298 ], [ 28.70270063460487, 47.127705106288843 ], [ 28.702668720283011, 47.12774119803143 ], [ 28.702709003829238, 47.127757789940063 ], [ 28.7027192205882, 47.127746235856065 ], [ 28.702799615416836, 47.127657992196688 ], [ 28.702809832137422, 47.127646438104897 ], [ 28.702835709529857, 47.127657096414175 ], [ 28.702803489415775, 47.127693534149422 ], [ 28.702784351123764, 47.127714545822897 ], [ 28.702773927377599, 47.127726334016664 ], [ 28.702799648914691, 47.127736928127014 ], [ 28.702809865649922, 47.127725374035187 ], [ 28.702829006411054, 47.127704363092946 ], [ 28.702839223133811, 47.127692808998582 ], [ 28.702858957965002, 47.127700937313229 ], [ 28.70284866197958, 47.127712581050645 ], [ 28.702838565635947, 47.127724430221633 ], [ 28.702828348907179, 47.127735984315947 ], [ 28.702854911069231, 47.127746924640931 ], [ 28.702893261819291, 47.127703553738776 ], [ 28.702945815379721, 47.12764587140105 ], [ 28.702956032066027, 47.127634317296632 ], [ 28.702983654122402, 47.127645694147553 ], [ 28.702972183816257, 47.127658665984548 ], [ 28.702928566124257, 47.127703842308556 ], [ 28.702918349419033, 47.127715396410636 ], [ 28.702923338060415, 47.127717451110108 ], [ 28.702933602502604, 47.127705843020891 ], [ 28.702965384780764, 47.127670965120615 ], [ 28.70297629431375, 47.127658627470645 ], [ 28.702978770357777, 47.127659647292141 ], [ 28.702968553671749, 47.127671201398549 ], [ 28.702934473771197, 47.127706499104477 ], [ 28.702861400646253, 47.12778913759881 ], [ 28.702674531029388, 47.127712170282578 ], [ 28.702684747787437, 47.127700616201579 ], [ 28.702660421250727, 47.127690293919485 ], [ 28.702809341406887, 47.127521880278351 ], [ 28.70282003452412, 47.127526284542213 ], [ 28.702809817828062, 47.127537838634815 ], [ 28.702777099502843, 47.127573746690956 ], [ 28.702766840329655, 47.127585348796678 ], [ 28.702772131897898, 47.127587528279427 ], [ 28.702782348611429, 47.127575974190059 ], [ 28.702815066934406, 47.127540066132447 ], [ 28.702843119296109, 47.127508341613868 ], [ 28.702869958868718, 47.127519396242526 ], [ 28.702859742184881, 47.127530950339448 ], [ 28.702808578144435, 47.127587103779184 ], [ 28.702798361434581, 47.127598657870834 ], [ 28.702829922767371, 47.127611657281022 ], [ 28.702843972075801, 47.127595768885946 ], [ 28.702889909009627, 47.127545342355695 ], [ 28.702900125689528, 47.127533788256166 ], [ 28.702926676221626, 47.127544723811951 ], [ 28.70291643034485, 47.127556310936988 ], [ 28.702871373461626, 47.127607681811149 ], [ 28.702861156761713, 47.127619235908234 ], [ 28.70291416995218, 47.127641070803755 ], [ 28.702952755108129, 47.127597434653012 ], [ 28.702984077616819, 47.127563053498754 ], [ 28.703046436461449, 47.127492531277817 ], [ 28.703084981713204, 47.127508407125987 ], [ 28.703074765078512, 47.127519961241489 ], [ 28.703027042192126, 47.12757864291796 ], [ 28.703016825531709, 47.127590197028496 ], [ 28.702989096921076, 47.127578776288914 ], [ 28.702999879162732, 47.127566582564718 ], [ 28.703052083128519, 47.127509280580675 ], [ 28.703189433015012, 47.127353949519978 ], [ 28.703177371573123, 47.127348981708828 ], [ 28.703167154988265, 47.127360535832238 ], [ 28.703126804225093, 47.12741971068052 ], [ 28.703102429470253, 47.127447276453019 ], [ 28.703366648654391, 47.12755610135028 ], [ 28.703376865231835, 47.127544547209524 ], [ 28.703410166263414, 47.127510060336867 ], [ 28.703420382822785, 47.127498506192374 ], [ 28.703517845291582, 47.127538648121096 ], [ 28.703457668620608, 47.127606703375534 ], [ 28.70344410023403, 47.127621603250546 ], [ 28.703433771196174, 47.127633284581492 ], [ 28.703436607667427, 47.127634452839189 ], [ 28.703446824244086, 47.127622898692344 ], [ 28.703460286425507, 47.127607674012211 ], [ 28.703470502992008, 47.127596119863334 ], [ 28.7033991857204, 47.127566746380822 ], [ 28.703334957515171, 47.127639383319888 ], [ 28.703287965171043, 47.127690952450472 ], [ 28.703277748546949, 47.127702506583624 ], [ 28.703269314959087, 47.127699033029266 ], [ 28.703279599960439, 47.127687401569347 ], [ 28.703326583099479, 47.127635829591263 ], [ 28.703336799700502, 47.127624275453933 ], [ 28.70334885562, 47.127629240940671 ], [ 28.702898505823253, 47.128138544195714 ], [ 28.702886324702092, 47.128151917850538 ], [ 28.702860961998024, 47.128180600328733 ], [ 28.702838369419577, 47.128171295063012 ], [ 28.702848586226935, 47.128159740967611 ], [ 28.70285832986853, 47.128149039679826 ], [ 28.702868546667386, 47.128137485582705 ], [ 28.70288978289372, 47.128146232202482 ], [ 28.702837217788581, 47.128205677629524 ], [ 28.702795154031794, 47.128253151945351 ], [ 28.702774491896303, 47.128276518486544 ], [ 28.702884181802794, 47.12832169667864 ], [ 28.702894398628029, 47.128310142579188 ], [ 28.702934827393999, 47.128264012571016 ], [ 28.702945196505546, 47.128252286223109 ], [ 28.702923028348764, 47.128243155800291 ], [ 28.70291281154223, 47.128254709902166 ], [ 28.702873825097523, 47.128301368544797 ], [ 28.702863597353023, 47.128312934987669 ], [ 28.702835515389864, 47.128301368824275 ], [ 28.702845732221984, 47.128289814729044 ], [ 28.702885128120592, 47.128242671764504 ], [ 28.702907702523078, 47.128217142566797 ], [ 28.702876524975593, 47.128204301411493 ], [ 28.702866308166087, 47.128215855509332 ], [ 28.702803061893654, 47.128288309218632 ], [ 28.702784464168946, 47.128309341136912 ], [ 28.702648671174863, 47.128253411614097 ], [ 28.702658888039025, 47.128241857535045 ], [ 28.702669671084394, 47.128230013473825 ], [ 28.702684827899922, 47.128212872867472 ], [ 28.702599690301035, 47.128177806819885 ], [ 28.70258947343579, 47.128189360893785 ], [ 28.702612287836573, 47.128199042289282 ], [ 28.702601656552591, 47.128211065021723 ], [ 28.702506132814907, 47.12817172107971 ], [ 28.702516349695138, 47.128160167013021 ], [ 28.702542443768149, 47.128131527984301 ], [ 28.702552660632961, 47.128119973914494 ], [ 28.702528335029871, 47.128109954761634 ], [ 28.702491415488197, 47.128151706362068 ], [ 28.702459406731986, 47.128195890746618 ], [ 28.702449189832645, 47.128207444808396 ], [ 28.702447108838552, 47.128206587694351 ], [ 28.702457342454569, 47.128195014728568 ], [ 28.702489356966467, 47.128150832844355 ], [ 28.702506946321986, 47.128130941390481 ], [ 28.702563299180756, 47.128154151819651 ], [ 28.70255308231193, 47.128165705890382 ], [ 28.702507487765182, 47.128215747591192 ], [ 28.702497211240296, 47.128227369094127 ], [ 28.702504672200071, 47.128230442087364 ], [ 28.702514889091518, 47.128218888020783 ], [ 28.702560482053276, 47.128168845828263 ], [ 28.702570698921065, 47.128157291756878 ], [ 28.702646407817586, 47.128188474401988 ], [ 28.702567489513878, 47.128277721680789 ], [ 28.70254511569631, 47.128301630115033 ], [ 28.702488674167366, 47.128365458534354 ], [ 28.702476256560864, 47.128360344026063 ], [ 28.702486473482654, 47.128348789961869 ], [ 28.702497263357316, 47.128336950173818 ], [ 28.702507604516221, 47.128325255600821 ], [ 28.702535461337238, 47.128336729138049 ], [ 28.702525244428426, 47.128348283206478 ], [ 28.702512190798778, 47.128360246325272 ], [ 28.702461107979559, 47.128418014595006 ], [ 28.702501561726592, 47.128434676483288 ], [ 28.702511778656628, 47.128423122416855 ], [ 28.702564756657591, 47.128365557759068 ], [ 28.702574973560957, 47.128354003687214 ], [ 28.702616762604848, 47.128371215515543 ], [ 28.702606190029634, 47.1283831718195 ], [ 28.702577305528003, 47.128414880741005 ], [ 28.702563617301795, 47.128430360438365 ], [ 28.702529244988551, 47.128416203366598 ], [ 28.70253946190909, 47.128404649297792 ], [ 28.702565469225824, 47.128376105041369 ], [ 28.702575686130984, 47.128364550969451 ], [ 28.702563649747866, 47.128359593490181 ], [ 28.702472902701189, 47.128462217086074 ], [ 28.702453764566226, 47.128483230063068 ], [ 28.702443547612319, 47.128494784124527 ], [ 28.702320352996484, 47.128444043235596 ], [ 28.702347227817949, 47.128413651335215 ], [ 28.702375422002056, 47.128382710593868 ], [ 28.702385638950084, 47.128371156538371 ], [ 28.702303945396725, 47.128337508822952 ], [ 28.702287913640795, 47.128355638644685 ], [ 28.702266047276325, 47.128381854387712 ], [ 28.702255830300111, 47.128393408432871 ], [ 28.702289601220311, 47.128407317922708 ], [ 28.702299863260524, 47.128395712907711 ], [ 28.702359826502558, 47.128329442054103 ], [ 28.702370043444116, 47.128317887999984 ], [ 28.702374333608546, 47.128319655020924 ], [ 28.702364058590835, 47.128331274752803 ], [ 28.702338651876232, 47.128359161557356 ], [ 28.702196787766134, 47.128519590933429 ], [ 28.702261330100864, 47.128546174447663 ], [ 28.702271547104228, 47.128534620401929 ], [ 28.702298684417467, 47.128504820612271 ], [ 28.702308901404972, 47.128493266563346 ], [ 28.70234411775289, 47.128507771341468 ], [ 28.702329876593566, 47.128523876202074 ], [ 28.702303155516439, 47.128549101896823 ], [ 28.702292938517314, 47.128560655945286 ], [ 28.702227456384843, 47.128533685381697 ], [ 28.702240637810572, 47.128518778986304 ], [ 28.702314491610053, 47.128430108627498 ], [ 28.702331108284124, 47.128411317350398 ], [ 28.702526174671132, 47.128491660407065 ], [ 28.702515957731531, 47.128503214474783 ], [ 28.702475254257056, 47.128572912309259 ], [ 28.702465037291219, 47.128584466372608 ], [ 28.702569288832787, 47.128627404782911 ], [ 28.702609830085201, 47.128581557747204 ], [ 28.702631012309087, 47.128556527941953 ], [ 28.702646902178529, 47.128538558462445 ], [ 28.702764772449072, 47.128587105837781 ], [ 28.702754555544033, 47.128598659926162 ], [ 28.702736501646005, 47.128618594868627 ], [ 28.702682266848782, 47.128679927736705 ], [ 28.70269420844852, 47.128684846129197 ], [ 28.702704425382777, 47.128673292045981 ], [ 28.702714169777732, 47.12866259435873 ], [ 28.702724386703483, 47.128651040273809 ], [ 28.702699114694706, 47.128640631478852 ], [ 28.702676165409706, 47.128666584271997 ], [ 28.702649241173173, 47.128702323439278 ], [ 28.702639024221437, 47.128713877517733 ], [ 28.702613893913988, 47.128703527072645 ], [ 28.702624563182837, 47.1286914614872 ], [ 28.702647442394412, 47.128665374245372 ], [ 28.702657659335294, 47.128653820166214 ], [ 28.702599238825911, 47.128629758421738 ], [ 28.702544603496559, 47.128691543983827 ], [ 28.702577988087064, 47.128705711610394 ], [ 28.70255975623693, 47.128726329476017 ], [ 28.702503292527993, 47.128703073650165 ], [ 28.702513509507465, 47.128691519583441 ], [ 28.702529949654409, 47.128672684468896 ], [ 28.702557287286393, 47.128641769130766 ], [ 28.702808598351492, 47.128745276734435 ], [ 28.702798381426696, 47.128756830826696 ], [ 28.702781594582319, 47.128784960974755 ], [ 28.702771377644247, 47.1287965150647 ], [ 28.702713600744381, 47.128772718550174 ], [ 28.702738900711967, 47.128744107449144 ], [ 28.702769730340005, 47.128694076171421 ], [ 28.702830464845462, 47.128625392767596 ], [ 28.702799801035496, 47.128612763279875 ], [ 28.70278958413337, 47.12862431737129 ], [ 28.702733666864905, 47.128685699053833 ], [ 28.702723449934751, 47.128697253139585 ], [ 28.702725722737245, 47.12869818923857 ], [ 28.702843094705408, 47.128565455685475 ], [ 28.702870153464609, 47.128518574828043 ], [ 28.70288037032946, 47.128507020729707 ], [ 28.702801541704346, 47.12847455356637 ], [ 28.702781962534953, 47.128496695311092 ], [ 28.702811276840599, 47.128509134350217 ], [ 28.702801059960215, 47.128520688442585 ], [ 28.702612268917189, 47.128442930717881 ], [ 28.702637486187371, 47.1284144130505 ], [ 28.702691354212426, 47.12833825090317 ], [ 28.702701571082983, 47.128326696820373 ], [ 28.702723834929074, 47.128335866698471 ], [ 28.702713215935216, 47.128347875541188 ], [ 28.702654503265116, 47.128416588697114 ], [ 28.702644286367569, 47.128428142775881 ], [ 28.702738919048414, 47.128467119360749 ], [ 28.702786791731398, 47.128412980970403 ], [ 28.702812336335029, 47.128382407780606 ], [ 28.702822553187275, 47.128370853687343 ], [ 28.702841230817231, 47.128378546466571 ], [ 28.702820478781799, 47.128402014652345 ], [ 28.702804506906539, 47.128420235847408 ], [ 28.702794188148701, 47.128431905167709 ], [ 28.70281031171427, 47.128438545998954 ], [ 28.702820528577377, 47.128426991905833 ], [ 28.70283686805287, 47.128409019855788 ], [ 28.702847084904679, 47.128397465760386 ], [ 28.702947325106656, 47.128438751706668 ], [ 28.702922371762337, 47.128466971146608 ], [ 28.702906825187441, 47.128485074477915 ], [ 28.702853419566662, 47.1285454700946 ], [ 28.702936861336639, 47.128579837172389 ], [ 28.702947078198246, 47.128568283068255 ], [ 28.70296238620411, 47.128541359767638 ], [ 28.702972603052981, 47.128529805661309 ], [ 28.702921037136583, 47.128508567272782 ], [ 28.70289634703914, 47.128536488953614 ], [ 28.702865896345436, 47.128574960021972 ], [ 28.702855679464811, 47.1285865141191 ], [ 28.702881779674186, 47.128597263988063 ], [ 28.70291503513625, 47.128559655907239 ], [ 28.702957293211032, 47.128485877773208 ], [ 28.702967510050723, 47.128474323667355 ], [ 28.702928651420919, 47.128458318996728 ], [ 28.702896360740283, 47.128494836103656 ], [ 28.702810998201898, 47.128597503175733 ], [ 28.702800781305058, 47.128609057268122 ], [ 28.702768451430629, 47.128595741563146 ], [ 28.702802256958407, 47.128557511545388 ], [ 28.702882269527379, 47.128436269014024 ], [ 28.703076527241105, 47.128216584492357 ], [ 28.703065652604767, 47.12821210555888 ], [ 28.703055435835253, 47.128223659673075 ], [ 28.703010572971323, 47.128287842684635 ], [ 28.703000356175682, 47.12829939679412 ], [ 28.702987842077857, 47.128294242612967 ], [ 28.703113920423476, 47.128151661040661 ], [ 28.703167727609497, 47.128055898133972 ], [ 28.703177944323276, 47.128044344010164 ], [ 28.703114594642592, 47.128018252157162 ], [ 28.703035627263979, 47.128107556418641 ], [ 28.702959935080141, 47.128195970230678 ], [ 28.702949718290448, 47.128207524335728 ], [ 28.702894147193369, 47.128184636176243 ], [ 28.702918501515892, 47.128157094044894 ], [ 28.702964095519143, 47.128107052153183 ], [ 28.702974312287029, 47.128095498046946 ], [ 28.703006169843427, 47.128108619269689 ], [ 28.702995695634183, 47.128120464523448 ], [ 28.702950101133275, 47.128170506267629 ], [ 28.702939884346158, 47.128182060371827 ], [ 28.702989086542715, 47.128202325338329 ], [ 28.703030183160084, 47.128155849332025 ], [ 28.703062669711155, 47.128119128173068 ], [ 28.703072886459683, 47.128107574058305 ], [ 28.703125480810709, 47.128129236102573 ], [ 28.70304530775589, 47.128219903707631 ], [ 28.702923319723265, 47.128354077361216 ], [ 28.702913102896204, 47.128365631463183 ], [ 28.702886550637356, 47.128354695368884 ], [ 28.702896984623305, 47.128342895690871 ], [ 28.703003810347127, 47.128225607961099 ], [ 28.703014027128319, 47.128214053851359 ], [ 28.703702540776071, 47.128497628631443 ], [ 28.703689864492119, 47.128511964392239 ], [ 28.703678526620415, 47.128531637626516 ], [ 28.70366830992587, 47.128543191793867 ], [ 28.703651449205861, 47.128536247536566 ], [ 28.703674837196367, 47.128509797813017 ], [ 28.703690571595136, 47.128481792496821 ], [ 28.703801815007182, 47.128355985616757 ], [ 28.703886198917626, 47.128390739908774 ], [ 28.70387598229474, 47.128402294093995 ], [ 28.703851972564497, 47.128445026157031 ], [ 28.703808408740361, 47.128494293227959 ], [ 28.703794464355671, 47.128488550110788 ], [ 28.703804681012429, 47.128476995932559 ], [ 28.703906306756402, 47.12829734396913 ], [ 28.703916523353175, 47.128285789781323 ], [ 28.704183104988065, 47.128395583304133 ], [ 28.704132500457987, 47.128452813418868 ], [ 28.704077345087949, 47.128548430271252 ], [ 28.703770203596694, 47.128895781168133 ], [ 28.703729460914726, 47.128879001043032 ], [ 28.703739677658195, 47.128867446870231 ], [ 28.703795870744205, 47.128773291301833 ], [ 28.703806087453501, 47.128761737123341 ], [ 28.703798530828497, 47.128758624877598 ], [ 28.703714967654633, 47.128853127118155 ], [ 28.703685954400854, 47.128902655141353 ], [ 28.703675737639081, 47.128914209309542 ], [ 28.703666719607636, 47.128910495170992 ], [ 28.703711460804062, 47.128859897177172 ], [ 28.703724046677241, 47.128843084349683 ], [ 28.703734263415228, 47.128831530177372 ], [ 28.703655478385233, 47.128799081978663 ], [ 28.703604464259936, 47.128856774013471 ], [ 28.703499604005, 47.129031849146131 ], [ 28.703489387178418, 47.129043403298269 ], [ 28.703636599480568, 47.129104033698695 ], [ 28.703651666993789, 47.129086993876228 ], [ 28.703877852998936, 47.128699136229038 ], [ 28.703892791400701, 47.128682242176687 ], [ 28.703663110557731, 47.128587646309668 ], [ 28.703652893849419, 47.128599200475691 ], [ 28.703416407218132, 47.129009432467001 ], [ 28.703380862131887, 47.129049630101022 ], [ 28.703413676439816, 47.12906314496913 ], [ 28.703423893286644, 47.129051590823529 ], [ 28.703682362058238, 47.128607083854256 ], [ 28.703711733979638, 47.128573866848555 ], [ 28.7037367769315, 47.128584181013217 ], [ 28.703726560239971, 47.128595735185627 ], [ 28.703451472214869, 47.129064820889376 ], [ 28.703453558831796, 47.129084267051844 ], [ 28.70347694093013, 47.129099543874688 ], [ 28.703500323041858, 47.129114820692536 ], [ 28.703523705166962, 47.12913009750541 ], [ 28.703547087305456, 47.129145374313296 ], [ 28.703570469457336, 47.129160651116194 ], [ 28.703593851622593, 47.129175927914105 ], [ 28.703617233801236, 47.12919120470702 ], [ 28.703640615993265, 47.129206481494961 ], [ 28.703663998198678, 47.129221758277914 ], [ 28.703687380417481, 47.12923703505588 ], [ 28.703710762649663, 47.12925231182885 ], [ 28.703734144895236, 47.129267588596861 ], [ 28.703757527154181, 47.129282865359862 ], [ 28.703780410565312, 47.129282524905115 ], [ 28.703803293976026, 47.129282184445785 ], [ 28.703826676260906, 47.129297461194305 ], [ 28.70385005855918, 47.12931273793783 ], [ 28.70387294198202, 47.129312397464425 ], [ 28.703896324299947, 47.129327674198201 ], [ 28.703919706631261, 47.129342950927011 ], [ 28.703943088975954, 47.129358227650826 ], [ 28.703966471334034, 47.129373504369653 ], [ 28.703989853705504, 47.129388781083499 ], [ 28.704013236090354, 47.129404057792357 ], [ 28.704036119550423, 47.129403717285861 ], [ 28.704059003010066, 47.129403376774789 ], [ 28.704081886469297, 47.129403036259141 ], [ 28.704104769928108, 47.129402695738932 ], [ 28.704127154421975, 47.129386738004477 ], [ 28.704126655457877, 47.129371120794758 ], [ 28.704172738779793, 47.129311675351097 ], [ 28.704147554326397, 47.129356408703337 ], [ 28.704134388723258, 47.129371297800866 ], [ 28.704104410978001, 47.129358951529674 ], [ 28.704114627728384, 47.12934739732421 ], [ 28.704164220597004, 47.12926101192204 ], [ 28.704205211876431, 47.129214654355572 ], [ 28.704167653515793, 47.129199186005685 ], [ 28.704157436804532, 47.129210740215655 ], [ 28.704059431199685, 47.12938278301737 ], [ 28.704049214430636, 47.129394337218081 ], [ 28.704012462100273, 47.129379200815997 ], [ 28.704053218513721, 47.129333109163809 ], [ 28.704152632848803, 47.129161068259506 ], [ 28.704224648505779, 47.129079624641797 ], [ 28.704179370389767, 47.129060976881355 ], [ 28.704169153706729, 47.129072531092277 ], [ 28.70402542859842, 47.129325620489688 ], [ 28.70401521183253, 47.129337174687436 ], [ 28.703985449639674, 47.129324917140615 ], [ 28.703997588249173, 47.129311189527286 ], [ 28.704167480820008, 47.129019882223474 ], [ 28.704206038710595, 47.128976276415813 ], [ 28.704168258499365, 47.128960716624292 ], [ 28.704158041832493, 47.12897227083419 ], [ 28.703964639740086, 47.129302257656256 ], [ 28.703945750577002, 47.129323619483444 ], [ 28.703917736130197, 47.129312081719206 ], [ 28.703927952912785, 47.1293005275299 ], [ 28.704151708038058, 47.128918750065971 ], [ 28.704218171928172, 47.128843584709372 ], [ 28.704173005225432, 47.128824982744383 ], [ 28.704162788584789, 47.128836536954623 ], [ 28.703894841280498, 47.12929154807108 ], [ 28.703884624492318, 47.129303102257531 ], [ 28.703762440447058, 47.129252780498938 ], [ 28.703802231707069, 47.129207780567548 ], [ 28.704063403805481, 47.128759213965353 ], [ 28.704076332906567, 47.128744592198061 ], [ 28.704103416448145, 47.128755746642319 ], [ 28.704093199805108, 47.128767300846512 ], [ 28.703839059259909, 47.129204231098747 ], [ 28.703828842475712, 47.129215785280323 ], [ 28.703887493524665, 47.129239940839071 ], [ 28.703900121761592, 47.129225659521964 ], [ 28.704159083492943, 47.128780357800792 ], [ 28.704201672276962, 47.128732193181548 ], [ 28.704162939846995, 47.128716241139401 ], [ 28.704152723224333, 47.128727795348716 ], [ 28.703870794130019, 47.12921285487657 ], [ 28.703858812810655, 47.129226404584202 ], [ 28.703713551347043, 47.129166578181142 ], [ 28.703723768147366, 47.129155024009563 ], [ 28.704039432897854, 47.128607433182154 ], [ 28.704052577777954, 47.128592567355597 ], [ 28.704081820486241, 47.128604611103533 ], [ 28.704071603866517, 47.128616165305793 ], [ 28.703741653830058, 47.129186505252029 ], [ 28.703730842606255, 47.129198731655841 ], [ 28.703759335040967, 47.129210466369187 ], [ 28.7037695518394, 47.12919891219363 ], [ 28.704131509089983, 47.128574355818266 ], [ 28.704141725688817, 47.128562801610869 ], [ 28.704028362559736, 47.128516112438753 ], [ 28.704006810008561, 47.128540486692302 ], [ 28.70368504853468, 47.129096084847276 ], [ 28.703644064674478, 47.129142433425422 ], [ 28.703681620261484, 47.129157900884579 ], [ 28.70369183706719, 47.129146346715757 ], [ 28.70403634025319, 47.128548490566111 ], [ 28.704544903842262, 47.127973337502731 ], [ 28.704661685156609, 47.128021434264554 ], [ 28.704651468772159, 47.128032988516615 ], [ 28.70463244557973, 47.128067336959589 ], [ 28.704622229180359, 47.12807889120915 ], [ 28.704648199946153, 47.12808958732478 ], [ 28.7047304339745, 47.12799658443096 ], [ 28.704744357606685, 47.127971802351588 ], [ 28.70475457395942, 47.127960248091533 ], [ 28.704776345119775, 47.12796921457803 ], [ 28.704763962495267, 47.127983218805035 ], [ 28.704758296371146, 47.127992406769849 ], [ 28.704739394844903, 47.128013783576684 ], [ 28.70473540903436, 47.12801214201459 ], [ 28.704745625396544, 47.128000587755288 ], [ 28.704760751752993, 47.127976059455676 ], [ 28.704770968102931, 47.127964505194193 ], [ 28.704804798196751, 47.127978438160419 ], [ 28.704767829383208, 47.128020248334167 ], [ 28.704722255359098, 47.128090828543378 ], [ 28.704666295370842, 47.128154116627535 ], [ 28.704562892135435, 47.128111529798424 ], [ 28.704573108553863, 47.128099975553972 ], [ 28.704617615252445, 47.128021941810616 ], [ 28.704677099973875, 47.127954667348696 ], [ 28.704216640081565, 47.127765024081221 ], [ 28.704206423647193, 47.127776578294679 ], [ 28.704198605135442, 47.127790441743521 ], [ 28.704188388692405, 47.127801995955437 ], [ 28.704249772431123, 47.12782727741871 ], [ 28.704287643604999, 47.127784447204498 ], [ 28.704359878674857, 47.127660983692358 ], [ 28.704370095054152, 47.127649429465684 ], [ 28.704350602012664, 47.127641401081405 ], [ 28.704315014944871, 47.127681648277161 ], [ 28.704260973316551, 47.12777738510443 ], [ 28.704223532111939, 47.127819729020246 ], [ 28.704166659570344, 47.127796305516114 ], [ 28.704176876017087, 47.127784751306088 ], [ 28.704184695300182, 47.127770888344592 ], [ 28.704194911738259, 47.127759334133017 ], [ 28.704261852865177, 47.127786904473439 ], [ 28.704243640681646, 47.127807501444813 ], [ 28.704073742779279, 47.128108503365048 ], [ 28.704063526249865, 47.128120057566335 ], [ 28.70424711073278, 47.12819566816966 ], [ 28.704320357026425, 47.128112831128028 ], [ 28.704550617511735, 47.127699949538503 ], [ 28.704566881688493, 47.127681555456661 ], [ 28.704590980670847, 47.127691480768284 ], [ 28.704580764332139, 47.127703035014058 ], [ 28.704353038731796, 47.128108349827116 ], [ 28.704342822263602, 47.128119904052546 ], [ 28.704450606142117, 47.128164295329945 ], [ 28.704492842800946, 47.128116528001463 ], [ 28.704654154648722, 47.127828224761174 ], [ 28.704667499605748, 47.127813132181807 ], [ 28.704696195190593, 47.127824950565888 ], [ 28.704685978850172, 47.127836504820827 ], [ 28.704525281846017, 47.128127922302333 ], [ 28.704511103278218, 47.12814395750231 ], [ 28.704454900835664, 47.128120810325747 ], [ 28.704465117279472, 47.128109256090625 ], [ 28.70467891943251, 47.12772872330936 ], [ 28.704689135754478, 47.127717169055089 ], [ 28.70465933589194, 47.127704895841262 ], [ 28.704645915234046, 47.127720074061259 ], [ 28.704428282502331, 47.128104939346223 ], [ 28.704411141910061, 47.128124324389326 ], [ 28.704382262135688, 47.128112430118193 ], [ 28.70439247859386, 47.128100875889352 ], [ 28.704613814585191, 47.127711656191401 ], [ 28.704624030918257, 47.127700101942771 ], [ 28.704543927777681, 47.12766711098287 ], [ 28.704521599878461, 47.127692362859115 ], [ 28.70403662561181, 47.128552615449202 ], [ 28.70402640899184, 47.128564169647511 ], [ 28.703843352177184, 47.128488776435354 ], [ 28.703876389742668, 47.128451413657878 ], [ 28.704045604535317, 47.128150264968987 ], [ 28.704055821074267, 47.128138710769235 ], [ 28.703973029416172, 47.128104612259939 ], [ 28.703960473255417, 47.128118812384272 ], [ 28.703763924693632, 47.12846632599787 ], [ 28.70375026156842, 47.128481777825058 ], [ 28.703718227587657, 47.128468584319158 ], [ 28.703728444257415, 47.128457030147537 ], [ 28.704076815556736, 47.127841428574598 ], [ 28.704177707073416, 47.127727326242145 ], [ 28.704181167883544, 47.127728751613013 ], [ 28.704170951448134, 47.127740305823387 ], [ 28.70378530766747, 47.128423730984153 ], [ 28.703775091016354, 47.12843528516067 ], [ 28.703915065184901, 47.128492934708397 ], [ 28.703940367371594, 47.128464319958304 ], [ 28.704410627805874, 47.127634401702508 ], [ 28.704440298329935, 47.127600845705494 ], [ 28.704460437886578, 47.127609140347857 ], [ 28.704450221534547, 47.127620694582312 ], [ 28.703927286956489, 47.12855725048442 ], [ 28.703917070311697, 47.128568804673279 ], [ 28.703943736721303, 47.128579787409123 ], [ 28.703956835762295, 47.128564973456591 ], [ 28.704483773504268, 47.127629469613005 ], [ 28.704497062011697, 47.127614440895705 ], [ 28.704525520583527, 47.127626161768823 ], [ 28.704515304242605, 47.127637716008913 ], [ 28.704004067959893, 47.128544091072172 ], [ 28.703574508222307, 47.129029884130063 ], [ 28.70302197814754, 47.128802318363753 ], [ 28.703032195031785, 47.128790764252145 ], [ 28.703206154611955, 47.128491304361461 ], [ 28.703216371398124, 47.128479750234099 ], [ 28.70318543239452, 47.1284670075081 ], [ 28.703172027157212, 47.128482167432331 ], [ 28.70296569079774, 47.128840068642909 ], [ 28.702948014228539, 47.12886005873338 ], [ 28.702835403020853, 47.128813677914785 ], [ 28.702845619948089, 47.128802123819284 ], [ 28.702994906303793, 47.12855006482603 ], [ 28.703023867857024, 47.128517312527713 ], [ 28.702930150591921, 47.128478713334303 ], [ 28.702919933743235, 47.128490267436931 ], [ 28.702754528729432, 47.128767541703269 ], [ 28.702744311788656, 47.128779095790861 ], [ 28.702860823535712, 47.128827083267851 ], [ 28.702876097291789, 47.128809810506574 ], [ 28.7030769723589, 47.128469626904312 ], [ 28.703090070932017, 47.128454813822756 ], [ 28.703118371816693, 47.128466470032585 ], [ 28.703108155011517, 47.12847802415147 ], [ 28.702908890514671, 47.128818590599245 ], [ 28.702897154264967, 47.128831862882507 ], [ 28.702925753412913, 47.128843641915331 ], [ 28.70293597032591, 47.128832087812022 ], [ 28.703178944033919, 47.128410545206428 ], [ 28.70326531693069, 47.128312866152925 ], [ 28.70333090965735, 47.128339881574156 ], [ 28.703320692922233, 47.128351435711359 ], [ 28.703063691757286, 47.128799205051124 ], [ 28.702981053347923, 47.128892659415222 ], [ 28.703032889563442, 47.128914008932661 ], [ 28.703043106466026, 47.12890245482005 ], [ 28.703357143556207, 47.128351527088014 ], [ 28.703370341269242, 47.128336601736905 ], [ 28.703399699233039, 47.128348693252995 ], [ 28.703389482511358, 47.128360247396145 ], [ 28.703069015135718, 47.128916151263326 ], [ 28.703031153623886, 47.128958968162912 ], [ 28.7030986294405, 47.12898675899833 ], [ 28.703108846342179, 47.128975204880007 ], [ 28.703396022371532, 47.12847993591015 ], [ 28.703409141661254, 47.128465099266187 ], [ 28.703437491762248, 47.12847677563645 ], [ 28.703427275025078, 47.128488329782932 ], [ 28.703140078016439, 47.128983591940482 ], [ 28.703126325194365, 47.128999144780671 ], [ 28.703068149011159, 47.128975184155273 ], [ 28.703078365917374, 47.128963630039586 ], [ 28.703387192840808, 47.128429239350979 ], [ 28.703423801200351, 47.128387838796222 ], [ 28.703533027165694, 47.128432824960683 ], [ 28.703522810457613, 47.128444379115393 ], [ 28.703178606317191, 47.129038403867433 ], [ 28.703168389419059, 47.129049957991832 ], [ 28.703134493723162, 47.129035997641374 ], [ 28.703173014816503, 47.128992434762878 ], [ 28.703491742521816, 47.128436027847364 ], [ 28.703536061604947, 47.128385907046436 ], [ 28.703585818382702, 47.128406399992983 ], [ 28.703575601691092, 47.128417954152255 ], [ 28.70321119591355, 47.129050527313524 ], [ 28.703200979020316, 47.12906208144075 ], [ 28.703228669263321, 47.129073485974203 ], [ 28.70324448582862, 47.129055599250989 ], [ 28.703610736532099, 47.128419652929146 ], [ 28.703623887459404, 47.128404780397496 ], [ 28.703652557539215, 47.128416588495973 ], [ 28.703642340860338, 47.128428142661015 ], [ 28.703279165187205, 47.129058141693939 ], [ 28.703268948307446, 47.129069695827035 ], [ 28.703296615809087, 47.129081090970104 ], [ 28.703309664635292, 47.129066334216738 ], [ 28.703673278666407, 47.128436924108129 ], [ 28.703683495340137, 47.128425369940409 ], [ 28.703711514030868, 47.128436909732436 ], [ 28.703697598291726, 47.128452647228826 ], [ 28.703382011029817, 47.129000195542105 ], [ 28.703371794183351, 47.129011749684068 ], [ 28.703239567679265, 47.128957290786644 ], [ 28.703621484381763, 47.128525381800387 ], [ 28.704163690277124, 47.127559677741694 ], [ 28.704173906680609, 47.127548123532051 ], [ 28.704145433185758, 47.127536396375447 ], [ 28.704132150662943, 47.127551418192866 ], [ 28.703590938755028, 47.128517396131755 ], [ 28.703565419541526, 47.128546256002203 ], [ 28.703365739383536, 47.128464015200365 ], [ 28.70337595612968, 47.128452461059204 ], [ 28.703895253915789, 47.127523622076176 ], [ 28.703905470371396, 47.127512067889754 ], [ 28.703938847073644, 47.127525814592978 ], [ 28.703917017586356, 47.127550502418551 ], [ 28.703455667291504, 47.128378425196637 ], [ 28.703445450576574, 47.128389979344639 ], [ 28.703471659536305, 47.128400773862168 ], [ 28.703484710736902, 47.128386014166956 ], [ 28.703948258243077, 47.127558695448784 ], [ 28.703964277489742, 47.127540578641735 ], [ 28.703876879363797, 47.127504582393215 ], [ 28.703866662903316, 47.127516136577157 ], [ 28.70334240315265, 47.128443686814975 ], [ 28.703314576305704, 47.128475156219423 ], [ 28.703436782822024, 47.128525488656472 ], [ 28.703446999564008, 47.128513934509158 ], [ 28.704054941047914, 47.127435819890316 ], [ 28.704065157452241, 47.127424265690138 ], [ 28.704275228854616, 47.12751078626404 ], [ 28.704246870359885, 47.127542858316509 ], [ 28.704137327596744, 47.127733550713678 ], [ 28.703982358266671, 47.127908811392942 ], [ 28.703999706618184, 47.127915956506101 ], [ 28.70400992312371, 47.127904402310442 ], [ 28.704221114260701, 47.127518744359868 ], [ 28.70423133064401, 47.12750719014528 ], [ 28.704143507347279, 47.127471019039014 ], [ 28.704128287374306, 47.127488232026742 ], [ 28.703559956817102, 47.128509298400019 ], [ 28.703526550857344, 47.128547077415433 ], [ 28.703503941449259, 47.128537765464614 ], [ 28.703514158178802, 47.128526211311474 ], [ 28.704099758364869, 47.127480792039506 ], [ 28.704127244470808, 47.12744970671352 ], [ 28.704091719025907, 47.127435075075098 ], [ 28.704081502625396, 47.127446629277586 ], [ 28.70347739623778, 47.128524775482553 ], [ 28.703467179500446, 47.128536329632517 ], [ 28.703288675884334, 47.128462810463141 ], [ 28.703306265160379, 47.128442918751659 ], [ 28.703891789179696, 47.127410935298265 ], [ 28.703918465406367, 47.127380766046635 ], [ 28.703881880619193, 47.127365697991905 ], [ 28.703871664185581, 47.127377252176217 ], [ 28.703307394711313, 47.128377666226626 ], [ 28.703297177964036, 47.128389220361804 ], [ 28.703261507925749, 47.12837452908996 ], [ 28.70329000783823, 47.128342298505316 ], [ 28.703832836439943, 47.127382984400782 ], [ 28.703843052883126, 47.127371430219831 ], [ 28.703814954063958, 47.127359857226992 ], [ 28.703801706313392, 47.127374839623585 ], [ 28.703259860815063, 47.128334401449976 ], [ 28.70324498746886, 47.128351221728146 ], [ 28.703217800376823, 47.128340024268937 ], [ 28.703228017132368, 47.12832847014063 ], [ 28.70377464376238, 47.127359086217929 ], [ 28.703784860213879, 47.127347532042016 ], [ 28.703737704907308, 47.127328110250986 ], [ 28.703688149305069, 47.127384154466519 ], [ 28.703157346217314, 47.12832634779695 ], [ 28.703147129446677, 47.128337901919139 ], [ 28.703173401236139, 47.128348722418416 ], [ 28.703198212741388, 47.128320663118799 ], [ 28.703719890427102, 47.12739246670035 ], [ 28.703731584503718, 47.127379241450114 ], [ 28.703671483447405, 47.127354487682396 ], [ 28.703661266969782, 47.127366041848511 ], [ 28.703135468727389, 47.128301830482734 ], [ 28.703122252333625, 47.128316776867827 ], [ 28.70309447293192, 47.128305335407433 ], [ 28.703104689708045, 47.12829378128982 ], [ 28.703630834810166, 47.127358078082125 ], [ 28.70364105129298, 47.127346523918639 ], [ 28.703622299933482, 47.127338800793872 ], [ 28.703571679764966, 47.127396048762051 ], [ 28.703121783472735, 47.128201914506036 ], [ 28.703031190673244, 47.128304365614738 ], [ 28.70233235689906, 47.128016533592884 ], [ 28.702342573788567, 47.128004979541302 ], [ 28.702603243868207, 47.127712304789831 ], [ 28.702613701287408, 47.127700478570674 ], [ 28.702577789537951, 47.127685687252928 ], [ 28.702567572759243, 47.127697241324682 ], [ 28.702243556666748, 47.128052896009223 ], [ 28.702233339746655, 47.128064450052271 ], [ 28.702204927877627, 47.128052747739247 ], [ 28.702254176056929, 47.127997054264078 ], [ 28.702651521486978, 47.127563336716456 ], [ 28.702795488560142, 47.127400524198734 ], [ 28.702764344357615, 47.127387696529127 ], [ 28.702754127675082, 47.127399250616847 ], [ 28.702220895669022, 47.127982912196465 ], [ 28.702205496088911, 47.12800032718026 ], [ 28.702170656473974, 47.127985977368525 ], [ 28.702180873393239, 47.127974423330926 ], [ 28.702889891988278, 47.127200988550797 ], [ 28.702949127290029, 47.127133998522929 ], [ 28.702910497101463, 47.12711808751137 ], [ 28.70290028050098, 47.127129641611589 ], [ 28.702149339692813, 47.127961029290034 ], [ 28.702139122769129, 47.127972583324883 ], [ 28.702106334596429, 47.127959078432561 ], [ 28.702124983259036, 47.1279379891891 ], [ 28.702867765446236, 47.127115845443548 ], [ 28.70287798205128, 47.12710429134615 ], [ 28.702844618319997, 47.127090549449328 ], [ 28.702832278584701, 47.127104504612831 ], [ 28.702092609472537, 47.127924273508214 ], [ 28.702082392543243, 47.12793582753816 ], [ 28.702047426535231, 47.127921425597762 ], [ 28.702059322865907, 47.127907972390879 ], [ 28.702796445906174, 47.127098867879972 ], [ 28.702806941602084, 47.127086998175692 ], [ 28.70277305153671, 47.127073039458125 ], [ 28.702762834914473, 47.127084593546421 ], [ 28.702027247569678, 47.127894374962359 ], [ 28.702009457224616, 47.127914493518311 ], [ 28.701978131954615, 47.127901591107999 ], [ 28.7019883489004, 47.127890037087077 ], [ 28.702743226627323, 47.127061454246714 ], [ 28.702753443249559, 47.127049900160124 ], [ 28.702680058087854, 47.127019674021028 ], [ 28.702654763869187, 47.127048279465861 ], [ 28.701936004159833, 47.127837101691064 ], [ 28.70190576675212, 47.127871296183379 ], [ 28.70193874405842, 47.127884879078891 ], [ 28.701948961009727, 47.127873325061394 ], [ 28.70270371980796, 47.12704468800554 ], [ 28.702713936435746, 47.127033133922353 ], [ 28.702615424617669, 47.126992558448819 ], [ 28.70258352128063, 47.127028638145624 ], [ 28.701885045486765, 47.127795882395347 ], [ 28.701874564717599, 47.127807734750498 ], [ 28.701907224974232, 47.127821187086703 ], [ 28.701917441920624, 47.127809633071983 ], [ 28.702624106703301, 47.127035261313956 ], [ 28.702634323346771, 47.127023707237669 ], [ 28.702531012089494, 47.126981154840678 ], [ 28.702520608299441, 47.126992920536253 ], [ 28.70179319680042, 47.127788172706609 ], [ 28.701782979830789, 47.127799726710592 ], [ 28.701820330349989, 47.127815110946976 ], [ 28.701850345355531, 47.127781168011495 ], [ 28.702550603028357, 47.127014659104404 ], [ 28.702565017427517, 47.126998357782597 ], [ 28.702465955546426, 47.126957555542567 ], [ 28.702455738878342, 47.126969109604275 ], [ 28.701734835458819, 47.127759153116948 ], [ 28.701719936277787, 47.127776002044094 ], [ 28.701751513289771, 47.127789008272458 ], [ 28.701761730264305, 47.127777454271204 ], [ 28.70248493390698, 47.12698149249379 ], [ 28.702495150570964, 47.126969938429546 ], [ 28.702395582959529, 47.126928927779836 ], [ 28.702384816019713, 47.126941104126928 ], [ 28.701662106974073, 47.127729376677323 ], [ 28.701651889986632, 47.127740930669937 ], [ 28.701689376766709, 47.127756371106969 ], [ 28.701699995922613, 47.127744362307958 ], [ 28.702419042515924, 47.126955132663277 ], [ 28.70243317026825, 47.126939155555633 ], [ 28.702329588196829, 47.126896491294666 ], [ 28.702319371510203, 47.12690804534455 ], [ 28.701596692818335, 47.127697898343399 ], [ 28.701586179513065, 47.127709787414481 ], [ 28.701621606512511, 47.12772437948535 ], [ 28.701631823503508, 47.127712825495351 ], [ 28.702352189416601, 47.126927254602144 ], [ 28.702362406099606, 47.126915700549418 ], [ 28.702256369164886, 47.126872025046985 ], [ 28.702235401805989, 47.126895736985055 ], [ 28.701511099476615, 47.127690156694591 ], [ 28.701500600369616, 47.1277020296817 ], [ 28.701535772226823, 47.127716516699834 ], [ 28.701545989235171, 47.127704962717274 ], [ 28.702269879257681, 47.126910374068665 ], [ 28.70228913439415, 47.126888598464021 ], [ 28.702224052863201, 47.126861792012484 ], [ 28.702213836159892, 47.126873346053223 ], [ 28.701459653734531, 47.127701165477852 ], [ 28.701449436707975, 47.127712719452944 ], [ 28.701408395875088, 47.127695815003428 ], [ 28.701436638369923, 47.127663876852132 ], [ 28.702174293859645, 47.126859183792462 ], [ 28.70219014846338, 47.126841253879554 ], [ 28.702046171935248, 47.126781951031909 ], [ 28.702035955207784, 47.126793505057243 ], [ 28.701343502323514, 47.127566100407883 ], [ 28.701321803771403, 47.127590638293668 ], [ 28.70135259987244, 47.127603323065912 ], [ 28.701362816899909, 47.127591769099233 ], [ 28.702060976017925, 47.126829633010338 ], [ 28.702071192746619, 47.126818078982836 ], [ 28.70210234635675, 47.126830910928625 ], [ 28.702079258656532, 47.126857020657582 ], [ 28.701396404876927, 47.127605995155854 ], [ 28.701359687095966, 47.127647517608786 ], [ 28.701394051119095, 47.127661671959387 ], [ 28.701404268148309, 47.127650117989106 ], [ 28.702113728649447, 47.126871650175453 ], [ 28.702123210687123, 47.126854100574505 ], [ 28.702122712353702, 47.126838483341572 ], [ 28.702145594735946, 47.12683814322672 ], [ 28.70216847711777, 47.1268378031073 ], [ 28.702191359499171, 47.12683746298331 ], [ 28.702214241880164, 47.126837122854759 ], [ 28.702237124260733, 47.126836782721625 ], [ 28.702260006640884, 47.126836442583922 ], [ 28.702282889020623, 47.126836102441665 ], [ 28.702305771399935, 47.126835762294824 ], [ 28.702328653778839, 47.126835422143422 ], [ 28.702351536157316, 47.126835081987437 ], [ 28.702374418535381, 47.126834741826904 ], [ 28.702397300913024, 47.126834401661796 ], [ 28.702420183290254, 47.126834061492104 ], [ 28.702442567240382, 47.126818104087484 ], [ 28.70246495117712, 47.126802146678585 ], [ 28.702487335100489, 47.126786189265459 ], [ 28.70251021745597, 47.126785849078061 ], [ 28.702533099811035, 47.126785508886087 ], [ 28.702555982165677, 47.126785168689551 ], [ 28.702578864519907, 47.126784828488425 ], [ 28.702601746873714, 47.126784488282752 ], [ 28.702624629227113, 47.126784148072502 ], [ 28.702647511580082, 47.126783807857684 ], [ 28.702670393932639, 47.126783467638298 ], [ 28.70269327628478, 47.126783127414349 ], [ 28.702716158636498, 47.126782787185817 ], [ 28.702739040987801, 47.126782446952724 ], [ 28.702761923338684, 47.126782106715069 ], [ 28.702784805689156, 47.126781766472824 ], [ 28.702807688039197, 47.126781426226025 ], [ 28.702830570388834, 47.126781085974656 ], [ 28.702853452738047, 47.126780745718719 ], [ 28.702876335086842, 47.126780405458206 ], [ 28.702899217435213, 47.126780065193138 ], [ 28.702921601217223, 47.126764107696836 ], [ 28.702943984985858, 47.126748150196292 ], [ 28.702966368741098, 47.126732192691506 ], [ 28.702988752482966, 47.126716235182485 ], [ 28.70301113621144, 47.126700277669201 ], [ 28.703033519926539, 47.126684320151661 ], [ 28.70305590362825, 47.126668362629893 ], [ 28.703078287316583, 47.126652405103876 ], [ 28.703100670991535, 47.12663644757361 ], [ 28.703123054653098, 47.12662049003908 ], [ 28.703145438301281, 47.126604532500338 ], [ 28.703167821936084, 47.126588574957324 ], [ 28.703190205557501, 47.126572617410076 ], [ 28.703212589165535, 47.126556659858579 ], [ 28.703234972760193, 47.126540702302833 ], [ 28.703257356341457, 47.126524744742852 ], [ 28.703279739909348, 47.126508787178615 ], [ 28.703302123463853, 47.126492829610122 ], [ 28.703324507004975, 47.126476872037387 ], [ 28.703346890532718, 47.126460914460424 ], [ 28.70336927404707, 47.126444956879205 ], [ 28.703391657548046, 47.126428999293736 ], [ 28.703414041035639, 47.126413041704026 ], [ 28.703441153196291, 47.126419824935248 ], [ 28.703465287056499, 47.126411308297406 ], [ 28.703414041035639, 47.126413041704026 ], [ 28.703391158850781, 47.126413382069941 ], [ 28.703390660153929, 47.126397764846097 ], [ 28.703403775769228, 47.126386585033259 ], [ 28.703534342488101, 47.126336722635465 ], [ 28.703392345265957, 47.126321955337303 ], [ 28.703638513507499, 47.126227942516749 ], [ 28.703656077356793, 47.126221744321846 ], [ 28.703684133230748, 47.126258777724054 ], [ 28.70351839096331, 47.126317267193159 ], [ 28.703401633004383, 47.126361858224747 ], [ 28.703383291480108, 47.126368330789163 ], [ 28.703371391543122, 47.12635262291451 ], [ 28.703388955465243, 47.126346424759795 ], [ 28.703534732804329, 47.126291101184187 ], [ 28.703661799996439, 47.12624625990972 ], [ 28.703661483304582, 47.126245841880362 ], [ 28.70364391944808, 47.126252040076153 ], [ 28.703588122597015, 47.126273347057655 ], [ 28.703570558722706, 47.12627954524239 ], [ 28.703542771428957, 47.126242866247388 ], [ 28.703600726025709, 47.126222414410314 ], [ 28.703625912796667, 47.126212514344793 ], [ 28.703643476642451, 47.126206316151858 ], [ 28.70362882163646, 47.126186971690217 ], [ 28.703541170760534, 47.126217903199631 ], [ 28.703378852207383, 47.126279731130701 ], [ 28.703336085260691, 47.126294823218885 ], [ 28.70329171599899, 47.126236255724159 ], [ 28.703309279892764, 47.1262300575819 ], [ 28.703330682366584, 47.126221884674379 ], [ 28.703348246250982, 47.126215686526258 ], [ 28.703324368948387, 47.126184168430797 ], [ 28.703222701590796, 47.126220045928825 ], [ 28.703177805634521, 47.126237166077416 ], [ 28.703160241722593, 47.126243364199702 ], [ 28.703186369458237, 47.126277853006989 ], [ 28.703376640278627, 47.126210708176522 ], [ 28.703565430342969, 47.126138793025895 ], [ 28.703583699832674, 47.126132345818334 ], [ 28.703594920923344, 47.126147157584455 ], [ 28.703577357091007, 47.126153355769823 ], [ 28.703388702021542, 47.126225404731514 ], [ 28.703371138138849, 47.126231602885802 ], [ 28.703386117979527, 47.126251376268151 ], [ 28.703404455865424, 47.126244904973476 ], [ 28.703691002206298, 47.126128484117821 ], [ 28.703832304864115, 47.126078618825979 ], [ 28.703710288648203, 47.125917558688911 ], [ 28.703692724904627, 47.125923756891062 ], [ 28.703675469899032, 47.125930346677087 ], [ 28.703657906147093, 47.125936544874001 ], [ 28.703558989537978, 47.125805974983379 ], [ 28.703687249666508, 47.125760712296767 ], [ 28.703741749086991, 47.125741899854503 ], [ 28.703799667906299, 47.125721460330723 ], [ 28.70365463250814, 47.1255300134371 ], [ 28.70363706888423, 47.125536211629566 ], [ 28.703608600409371, 47.125550005665737 ], [ 28.703350356823261, 47.125641139095904 ], [ 28.703392245222076, 47.125696432400915 ], [ 28.703409808927713, 47.12569023424512 ], [ 28.703479322360398, 47.12566351696487 ], [ 28.703496886044817, 47.125657318795959 ], [ 28.703498424012103, 47.125659348927861 ], [ 28.703378507239371, 47.125701667098014 ], [ 28.70335809061271, 47.125708222180023 ], [ 28.703281450520556, 47.125735268054413 ], [ 28.703276496029975, 47.12572872804293 ], [ 28.703294059760083, 47.125722529904614 ], [ 28.703490305136754, 47.125640168226319 ], [ 28.703507868812231, 47.125633970055816 ], [ 28.703473229920455, 47.125588246326004 ], [ 28.703325590339261, 47.125640347767622 ], [ 28.70311612139454, 47.125718750208499 ], [ 28.703052560640117, 47.125741180286333 ], [ 28.703078570548463, 47.125775514017825 ], [ 28.703096134317665, 47.125769315909437 ], [ 28.703276093793225, 47.125686197936147 ], [ 28.70329478179163, 47.125679603044979 ], [ 28.703308627412696, 47.125697879501907 ], [ 28.703291063692383, 47.125704077642361 ], [ 28.703153459815532, 47.125764194745372 ], [ 28.703135896054903, 47.125770392862464 ], [ 28.702988096093087, 47.125575292853284 ], [ 28.70305478633513, 47.125551758380219 ], [ 28.703080975280148, 47.125540954133321 ], [ 28.70315352733191, 47.125515350979448 ], [ 28.70316698517906, 47.125533115704812 ], [ 28.703149421495411, 47.125539313823211 ], [ 28.702926214859293, 47.125627412582453 ], [ 28.702727018599511, 47.125697706853991 ], [ 28.702778102657586, 47.125765139790069 ], [ 28.70279566645959, 47.125758941727355 ], [ 28.702855552811165, 47.125728840983413 ], [ 28.703288226188437, 47.12557615388274 ], [ 28.703413563331651, 47.125741600900959 ], [ 28.703395999609715, 47.125747799057486 ], [ 28.7030895282373, 47.125860652339199 ], [ 28.703071964437516, 47.125866850446869 ], [ 28.703083592602422, 47.125882199875107 ], [ 28.70310200556969, 47.125875702103137 ], [ 28.703217179008583, 47.125831717337796 ], [ 28.703311856479353, 47.125798306284096 ], [ 28.703347779590469, 47.125845725239223 ], [ 28.703330215826661, 47.12585192338608 ], [ 28.703269145238277, 47.125875246353161 ], [ 28.703121327358478, 47.125927410111366 ], [ 28.703116206616379, 47.125920650636743 ], [ 28.703133770428373, 47.125914452522174 ], [ 28.703218320228572, 47.125882162942261 ], [ 28.703242910145743, 47.125873485342069 ], [ 28.703232974774618, 47.125860370502025 ], [ 28.703215410992211, 47.125866568631494 ], [ 28.703131516073913, 47.125897947854348 ], [ 28.703113348081949, 47.125904359180097 ], [ 28.703103249005029, 47.125891028199831 ], [ 28.703120812808926, 47.125884830087308 ], [ 28.703588423459557, 47.125706248227935 ], [ 28.703646485486615, 47.1256857582515 ], [ 28.703537188324415, 47.125541485223899 ], [ 28.703519624682617, 47.125547683398558 ], [ 28.703313814512324, 47.125629764319577 ], [ 28.703294581915447, 47.125636551406636 ], [ 28.703274552301796, 47.125610111925134 ], [ 28.703292115993467, 47.125603913787486 ], [ 28.703800599199095, 47.125406110180151 ], [ 28.703889644210427, 47.125374685971082 ], [ 28.703793919365424, 47.125248328733647 ], [ 28.703776355850142, 47.125254526946371 ], [ 28.7036047761246, 47.125321108064909 ], [ 28.703429323094891, 47.125383025287285 ], [ 28.703387831555332, 47.125328255567155 ], [ 28.703405395141445, 47.125322057413207 ], [ 28.703472613107628, 47.12529676630426 ], [ 28.703494123944328, 47.125289175148524 ], [ 28.703508090507512, 47.125307611278181 ], [ 28.703490526938477, 47.125313809447675 ], [ 28.703133874191259, 47.125450993903847 ], [ 28.703116310530397, 47.12545719201696 ], [ 28.703129251138392, 47.125474274012362 ], [ 28.703268612894483, 47.125425093946554 ], [ 28.70373918350991, 47.125241854148911 ], [ 28.703756747025537, 47.125235655941879 ], [ 28.703783779612333, 47.125271339202271 ], [ 28.70367759116872, 47.125308813305182 ], [ 28.703067266444968, 47.125540095209573 ], [ 28.702869802630644, 47.125609778539662 ], [ 28.702920786433495, 47.125677078950808 ], [ 28.702938350189601, 47.125670880866693 ], [ 28.70380003762061, 47.125335533527192 ], [ 28.703860368618017, 47.12531424255085 ], [ 28.703845763079286, 47.125294963176458 ], [ 28.703828199555041, 47.125301161397203 ], [ 28.702925994194548, 47.125652478581593 ], [ 28.702873096780941, 47.125671145567182 ], [ 28.70291508567195, 47.125726572319984 ], [ 28.702932649444882, 47.125720374236572 ], [ 28.703786432208283, 47.125389145990653 ], [ 28.703834538698516, 47.125372169104395 ], [ 28.703820886684735, 47.125354148393633 ], [ 28.703803323138192, 47.12536034661079 ], [ 28.702918622611811, 47.125703604450912 ], [ 28.702770585225746, 47.12575584525846 ], [ 28.702968575127173, 47.126017197839033 ], [ 28.702986138988429, 47.126010999746569 ], [ 28.703676539533095, 47.125741800198014 ], [ 28.703694103219288, 47.125735601998883 ], [ 28.703709108536472, 47.125755409003908 ], [ 28.703646792874494, 47.125777400093611 ], [ 28.70306716510655, 47.126000544053454 ], [ 28.70304960125846, 47.126006742158197 ], [ 28.703064194626389, 47.126026005676863 ], [ 28.703082978438935, 47.126019377058114 ], [ 28.703659979348146, 47.12579350600268 ], [ 28.703678491061197, 47.12578697325565 ], [ 28.703692525044634, 47.125805498091765 ], [ 28.703674961335459, 47.125811696290867 ], [ 28.703097537559717, 47.126037145931726 ], [ 28.703070923984225, 47.126046537595066 ], [ 28.703083926327441, 47.12606370090716 ], [ 28.703101490189969, 47.126057502797025 ], [ 28.703689872529729, 47.125829955309179 ], [ 28.70370829113785, 47.125823455416871 ], [ 28.703721657650718, 47.125841099163999 ], [ 28.703704093933439, 47.125847297367635 ], [ 28.703113221149465, 47.126073625857671 ], [ 28.70308137916502, 47.126084862571005 ], [ 28.703096394692928, 47.126104683298138 ], [ 28.703113958567329, 47.126098485185985 ], [ 28.703648381395929, 47.125894526172068 ], [ 28.703666786096417, 47.125888031203786 ], [ 28.703679529082912, 47.125904851899129 ], [ 28.703661965339776, 47.125911050096569 ], [ 28.703201188447007, 47.126088880693828 ], [ 28.703183624586245, 47.126095078819198 ], [ 28.703196482636653, 47.126112051586126 ], [ 28.703214910595161, 47.126105548527846 ], [ 28.703606020488184, 47.125956173891026 ], [ 28.703624461767756, 47.12594966602996 ], [ 28.703638113848474, 47.12596768672784 ], [ 28.703620550079862, 47.125973884919183 ], [ 28.703229599826191, 47.126123488507005 ], [ 28.703154972799009, 47.126149823679114 ], [ 28.703169553177624, 47.126169069933582 ], [ 28.703187117064203, 47.126162871810109 ], [ 28.703660818978175, 47.125983358179425 ], [ 28.703678382745029, 47.125977159981929 ], [ 28.703691577743964, 47.125994577294776 ], [ 28.703666059621362, 47.126003582558681 ], [ 28.70320111321767, 47.126179970793828 ], [ 28.703145223808505, 47.126199693606992 ], [ 28.703159596267401, 47.126218665392436 ], [ 28.703177160171354, 47.126212467270307 ], [ 28.703613193464797, 47.126048673769944 ], [ 28.703630757258683, 47.126042475579467 ], [ 28.703658349433052, 47.126078897062591 ], [ 28.703630196427824, 47.126088832142187 ], [ 28.703316139212482, 47.126208751749644 ], [ 28.70329761575076, 47.126215288518708 ], [ 28.703283207145983, 47.126196269101406 ], [ 28.703300771027742, 47.126190070960583 ], [ 28.703627708765854, 47.126066422042172 ], [ 28.703645272563779, 47.126060223849422 ], [ 28.703801736172753, 47.126266753821227 ], [ 28.703630959398925, 47.126327020145858 ], [ 28.703424667515495, 47.126399301832912 ], [ 28.703390660153929, 47.126397764846097 ], [ 28.703391158850781, 47.126413382069941 ], [ 28.703391657548046, 47.126428999293736 ], [ 28.703392156245734, 47.126444616517489 ], [ 28.703392654943841, 47.126460233741192 ], [ 28.703393153642363, 47.126475850964844 ], [ 28.703416534559622, 47.126491127821623 ], [ 28.70343941677752, 47.126490787450209 ], [ 28.703462298994996, 47.126490447074232 ], [ 28.703485181212063, 47.12649010669368 ], [ 28.703508063428707, 47.126489766308573 ], [ 28.703530945644932, 47.126489425918884 ], [ 28.703553827860745, 47.126489085524632 ], [ 28.703576710076131, 47.126488745125812 ], [ 28.703599592291102, 47.126488404722423 ], [ 28.703622474505661, 47.126488064314458 ], [ 28.703645356719793, 47.126487723901924 ], [ 28.70366823893351, 47.126487383484822 ], [ 28.703691121146811, 47.126487043063158 ], [ 28.703714003359689, 47.126486702636925 ], [ 28.703736885572155, 47.126486362206109 ], [ 28.703759767784202, 47.126486021770745 ], [ 28.703782649995826, 47.126485681330792 ], [ 28.703805532207035, 47.126485340886283 ], [ 28.703828414417828, 47.126485000437199 ], [ 28.703851296628194, 47.126484659983547 ], [ 28.703874178838152, 47.126484319525332 ], [ 28.703897061047684, 47.126483979062549 ], [ 28.7039199432568, 47.126483638595182 ], [ 28.7039428254655, 47.126483298123254 ], [ 28.703965707673785, 47.126482957646758 ], [ 28.703988589881646, 47.126482617165692 ], [ 28.704011472089086, 47.126482276680058 ], [ 28.704034354296112, 47.126481936189855 ], [ 28.70405723650272, 47.126481595695083 ], [ 28.704080118708909, 47.126481255195749 ], [ 28.704103000914682, 47.12648091469184 ], [ 28.704125883120035, 47.126480574183361 ], [ 28.70414876532497, 47.126480233670307 ], [ 28.704171647529485, 47.126479893152691 ], [ 28.704194529733584, 47.126479552630499 ], [ 28.704216912997438, 47.126463594886793 ], [ 28.704239296247909, 47.126447637138838 ], [ 28.704261679484993, 47.126431679386634 ], [ 28.704284062708695, 47.126415721630181 ], [ 28.70430644591902, 47.126399763869493 ], [ 28.704328829115962, 47.126383806104549 ], [ 28.704351212299517, 47.126367848335363 ], [ 28.70437359546969, 47.126351890561928 ], [ 28.704395978626486, 47.126335932784251 ], [ 28.7044183617699, 47.126319975002325 ], [ 28.704440744899927, 47.12630401721615 ], [ 28.704463128016574, 47.12628805942574 ], [ 28.704485511119834, 47.126272101631066 ], [ 28.704507894209716, 47.126256143832165 ], [ 28.704530277286217, 47.126240186029008 ], [ 28.704552660349332, 47.126224228221609 ], [ 28.704575043399064, 47.126208270409975 ], [ 28.704597426435413, 47.126192312594071 ], [ 28.704619809458382, 47.126176354773939 ], [ 28.704642192467968, 47.126160396949558 ], [ 28.704664575464175, 47.126144439120914 ], [ 28.704686958446999, 47.126128481288035 ], [ 28.704709341416436, 47.126112523450914 ], [ 28.704732223456599, 47.126112182823327 ], [ 28.704755105496339, 47.126111842191172 ], [ 28.704777987535664, 47.126111501554441 ], [ 28.704800869574566, 47.126111160913155 ], [ 28.704823751613048, 47.126110820267279 ], [ 28.704846633651119, 47.126110479616855 ], [ 28.704869515688767, 47.126110138961849 ], [ 28.704892397725992, 47.126109798302281 ], [ 28.704915279762808, 47.126109457638137 ], [ 28.704938161799198, 47.126109116969431 ], [ 28.704961043835176, 47.126108776296149 ], [ 28.704983925870732, 47.126108435618299 ], [ 28.705006807905868, 47.12610809493588 ], [ 28.705029689940584, 47.126107754248899 ], [ 28.705052571974882, 47.126107413557349 ], [ 28.705075454008767, 47.126107072861224 ], [ 28.70509833604223, 47.12610673216053 ], [ 28.705121218075277, 47.126106391455274 ], [ 28.705144100107905, 47.126106050745449 ], [ 28.70516698214011, 47.126105710031041 ], [ 28.705189864171903, 47.126105369312079 ], [ 28.705212746203273, 47.126105028588533 ], [ 28.705235628234224, 47.126104687860433 ], [ 28.705258510264756, 47.126104347127757 ], [ 28.705281392294875, 47.126104006390513 ], [ 28.705304274324568, 47.126103665648706 ], [ 28.705327156353846, 47.126103324902324 ], [ 28.705350038382711, 47.126102984151373 ], [ 28.705372920411151, 47.126102643395861 ], [ 28.705395802439167, 47.126102302635758 ], [ 28.705418684466775, 47.126101961871115 ], [ 28.70544156649396, 47.126101621101881 ], [ 28.705441067202432, 47.126086003893839 ], [ 28.705440567911324, 47.126070386685747 ], [ 28.705440068620639, 47.126054769477612 ], [ 28.705466700378896, 47.12605876526402 ], [ 28.705417394936674, 47.126069906152807 ], [ 28.705488347110915, 47.126044810793061 ], [ 28.705800772404388, 47.126698353278883 ], [ 28.705743138879125, 47.126711376561275 ], [ 28.705497816205678, 47.126205662208307 ], [ 28.705516586921192, 47.12620142065402 ], [ 28.705727506683914, 47.12661972826016 ], [ 28.70588307907737, 47.126584573898342 ], [ 28.705856601996654, 47.126529994067717 ], [ 28.705837831194817, 47.126534235678655 ], [ 28.705909058939689, 47.126688815958587 ], [ 28.705719651707913, 47.126731615841251 ], [ 28.705603676701806, 47.126492543195738 ], [ 28.705622447508745, 47.126488301623105 ], [ 28.705662443239021, 47.126567627822496 ], [ 28.705681214067276, 47.126563386240001 ], [ 28.705647087864207, 47.126493037853677 ], [ 28.70559630065922, 47.126504514060699 ], [ 28.705555373779902, 47.126513762144548 ], [ 28.705536602958421, 47.126518003706337 ], [ 28.705434594149981, 47.126307718763741 ], [ 28.70550131409238, 47.126292642338086 ], [ 28.705576587794056, 47.126438548457088 ], [ 28.705843279074418, 47.126378284836917 ], [ 28.705746973738989, 47.126179759357591 ], [ 28.705728203050427, 47.126184000949337 ], [ 28.705771706056936, 47.126273679061406 ], [ 28.705636707165901, 47.126304184509948 ], [ 28.70583167277076, 47.126706089193782 ], [ 28.705850443633217, 47.126701847583185 ], [ 28.705532433840986, 47.126034819039404 ], [ 28.705531097327864, 47.126037789149784 ], [ 28.705530598011247, 47.126022171942303 ], [ 28.705530098695046, 47.126006554734765 ], [ 28.705552980679993, 47.126006213943796 ], [ 28.705575862664521, 47.126005873148273 ], [ 28.705598245312778, 47.125989915141147 ], [ 28.705621127289778, 47.125989574336657 ], [ 28.705644009266354, 47.125989233527612 ], [ 28.705666891242515, 47.125988892713991 ], [ 28.705689773218261, 47.125988551895801 ], [ 28.705712655193583, 47.125988211073043 ], [ 28.705735037792905, 47.12597225303977 ], [ 28.705757420378848, 47.125956295002212 ], [ 28.705779802951415, 47.125940336960426 ], [ 28.705802185510588, 47.125924378914391 ], [ 28.705824568056389, 47.125908420864121 ], [ 28.705846950588803, 47.125892462809595 ], [ 28.705869832521049, 47.125892121955964 ], [ 28.705892714452876, 47.125891781097771 ], [ 28.705915596384283, 47.125891440235002 ], [ 28.705938478315275, 47.125891099367664 ], [ 28.705961360245848, 47.125890758495757 ], [ 28.705984242175994, 47.125890417619281 ], [ 28.706007124105735, 47.12589007673823 ], [ 28.70603000603505, 47.125889735852631 ], [ 28.706052887963942, 47.125889394962442 ], [ 28.706075769892422, 47.125889054067692 ], [ 28.706098651820483, 47.125888713168379 ], [ 28.706121533748124, 47.125888372264491 ], [ 28.706144415675347, 47.125888031356027 ], [ 28.706167297602146, 47.125887690443001 ], [ 28.706190179528527, 47.125887349525414 ], [ 28.706213061454495, 47.12588700860325 ], [ 28.706235943380044, 47.125886667676504 ], [ 28.706258325778208, 47.125870709543236 ], [ 28.706280708162993, 47.12585475140569 ], [ 28.706303090534394, 47.12583879326391 ], [ 28.706325472892413, 47.12582283511788 ], [ 28.706347855237055, 47.125806876967609 ], [ 28.706370237568308, 47.125790918813095 ], [ 28.706392619886181, 47.125774960654319 ], [ 28.706415002190678, 47.125759002491314 ], [ 28.706437384481781, 47.125743044324054 ], [ 28.706459766759512, 47.125727086152551 ], [ 28.706482149023856, 47.125711127976807 ], [ 28.706504531274824, 47.125695169796813 ], [ 28.706526913512409, 47.125679211612585 ], [ 28.706549295736608, 47.125663253424094 ], [ 28.706571677947423, 47.125647295231374 ], [ 28.706594060144862, 47.125631337034392 ], [ 28.706616442328919, 47.125615378833182 ], [ 28.706638824499588, 47.125599420627715 ], [ 28.706661206656882, 47.125583462418007 ], [ 28.706683588800793, 47.125567504204042 ], [ 28.706705970931321, 47.12555154598585 ], [ 28.706728353048462, 47.125535587763409 ], [ 28.706750735152227, 47.125519629536718 ], [ 28.706773616913829, 47.125519288504599 ], [ 28.706795998997098, 47.125503330269268 ], [ 28.706818381066991, 47.12548737202971 ], [ 28.706841262813956, 47.125487030984253 ], [ 28.706864144560498, 47.125486689934213 ], [ 28.706887026306624, 47.125486348879612 ], [ 28.706909908052332, 47.125486007820442 ], [ 28.70692607547662, 47.12550229108971 ], [ 28.706968635956411, 47.125509264822497 ], [ 28.706987921803055, 47.125512240424207 ], [ 28.706981276587566, 47.125532303641002 ], [ 28.706961805808824, 47.125529299506255 ], [ 28.70685513208889, 47.12551271024828 ], [ 28.706835846248868, 47.125509734624117 ], [ 28.706817568283359, 47.125564918875817 ], [ 28.706841762188326, 47.125568651767601 ], [ 28.706916837621183, 47.125579208936614 ], [ 28.706936123490575, 47.125582184546737 ], [ 28.706941704773406, 47.125565333613352 ], [ 28.706922379690045, 47.125562351952887 ], [ 28.706809918231897, 47.125544869117284 ], [ 28.706790632382507, 47.125541893485632 ], [ 28.706746541116118, 47.125675011809911 ], [ 28.706802134021466, 47.125683589280307 ], [ 28.707449907996935, 47.125784275475731 ], [ 28.707423803460919, 47.125806464420009 ], [ 28.707400921583918, 47.125806805583586 ], [ 28.707378039706505, 47.125807146742588 ], [ 28.707355157828665, 47.125807487897028 ], [ 28.707332275950414, 47.125807829046892 ], [ 28.707309893905233, 47.125823787385805 ], [ 28.707287012019449, 47.125824128526716 ], [ 28.707264130133243, 47.125824469663065 ], [ 28.707241248246621, 47.125824810794846 ], [ 28.707218866166727, 47.125840769116358 ], [ 28.70719598427258, 47.125841110239186 ], [ 28.707173102378011, 47.125841451357445 ], [ 28.707150220483019, 47.125841792471128 ], [ 28.707127338587611, 47.125842133580242 ], [ 28.70710395691809, 47.125826857489571 ], [ 28.707080575261958, 47.125811581393897 ], [ 28.707080075495792, 47.125795964198382 ], [ 28.707101804824351, 47.125786208503392 ], [ 28.707191809327309, 47.125800095024324 ], [ 28.707211095290969, 47.125803070586791 ], [ 28.707217811862709, 47.125782791748861 ], [ 28.707049462774865, 47.125756817647456 ], [ 28.706970901227546, 47.125744470484157 ], [ 28.706867561116393, 47.12572852621836 ], [ 28.706868909716935, 47.125724454569777 ], [ 28.706888195636612, 47.125727430187247 ], [ 28.707050684345017, 47.125753182878867 ], [ 28.707069985543082, 47.12575616081967 ], [ 28.70707521322942, 47.12574037738208 ], [ 28.707055927295468, 47.1257374017963 ], [ 28.706893381622042, 47.125711974472274 ], [ 28.706722474986648, 47.125685605224639 ], [ 28.706743482640121, 47.125622180067303 ], [ 28.706762768516253, 47.125625155706508 ], [ 28.707054106949059, 47.125668706616899 ], [ 28.707151535538092, 47.125683738652967 ], [ 28.707146497635751, 47.125698949178577 ], [ 28.707127211713207, 47.125695973604657 ], [ 28.706806528628608, 47.125646369634701 ], [ 28.706787242742536, 47.125643394002985 ], [ 28.706781046950784, 47.125662100055564 ], [ 28.706807913041892, 47.125666245240915 ], [ 28.707400553680273, 47.125757987355534 ], [ 28.70742022456589, 47.125761022271128 ], [ 28.70744565333511, 47.125684246016959 ], [ 28.707426367402608, 47.125681270493565 ], [ 28.706891273885514, 47.125606669848914 ], [ 28.7070161964348, 47.125434774978665 ], [ 28.707138631744932, 47.125455643070815 ], [ 28.707161107443319, 47.125466638672265 ], [ 28.707161607227444, 47.125482255868036 ], [ 28.707184988759362, 47.125497531949556 ], [ 28.707207870506309, 47.125497190830806 ], [ 28.707230752252844, 47.125496849707481 ], [ 28.707253633998956, 47.125496508579594 ], [ 28.707277015563069, 47.12551178464188 ], [ 28.707299897315036, 47.125511443504664 ], [ 28.70732277906658, 47.125511102362879 ], [ 28.707345660817708, 47.125510761216539 ], [ 28.707368542568414, 47.125510420065616 ], [ 28.707391924170992, 47.125525696103892 ], [ 28.707415305786959, 47.125540972137181 ], [ 28.707415805646782, 47.125556589330664 ], [ 28.707416305507017, 47.125572206524097 ], [ 28.70744340189508, 47.125621530880892 ], [ 28.707340571770285, 47.125605567049675 ], [ 28.707321028272478, 47.125602551764153 ], [ 28.707327065163426, 47.125584324853484 ], [ 28.707346351055648, 47.125587300394187 ], [ 28.707442912224813, 47.125599679575764 ], [ 28.707471955494192, 47.125604160508239 ], [ 28.707432302467168, 47.125723883858321 ], [ 28.707413016520952, 47.125720908332859 ], [ 28.707152717437221, 47.125679061499312 ], [ 28.706990454940165, 47.125654026335091 ], [ 28.706995106650421, 47.125639981927399 ], [ 28.707014392545879, 47.125642957523965 ], [ 28.707420113838829, 47.125699807040569 ], [ 28.707439764928424, 47.125702838902036 ], [ 28.707453291006434, 47.125661999994136 ], [ 28.70743400508162, 47.125659024471922 ], [ 28.706902459748278, 47.125592214154153 ], [ 28.707215602022256, 47.125467623966678 ], [ 28.707276010723483, 47.125477020226903 ], [ 28.707363442489036, 47.125491922044105 ], [ 28.707391380167355, 47.125415564866238 ], [ 28.707372196813893, 47.125412295273421 ], [ 28.707294857962978, 47.12540169842319 ], [ 28.70727567462, 47.125398428814059 ], [ 28.707282174714262, 47.125380663316811 ], [ 28.707302938677689, 47.125384202326785 ], [ 28.70737747984461, 47.125395793817219 ], [ 28.707404627615521, 47.125400420857055 ], [ 28.707410356025605, 47.125384764351729 ], [ 28.707391172682204, 47.125381494761939 ], [ 28.707308360460676, 47.12536757120241 ], [ 28.707233434185262, 47.125354800747289 ], [ 28.707251517563169, 47.125305376864695 ], [ 28.707270700871153, 47.125308646478388 ], [ 28.707266390995166, 47.125321562829839 ], [ 28.707293693953201, 47.125326216354779 ], [ 28.707303880719056, 47.125298374697024 ], [ 28.707284697412902, 47.125295105088874 ], [ 28.707266700922588, 47.125292306631849 ], [ 28.707247517620733, 47.125289037017403 ], [ 28.707282982097386, 47.125192108387999 ], [ 28.70739437926354, 47.125211094943666 ], [ 28.707422811494066, 47.125215924436297 ], [ 28.70744199477944, 47.125219194021611 ], [ 28.707425082737508, 47.125265417064121 ], [ 28.707370773415153, 47.125256160613205 ], [ 28.707223215488693, 47.125232132492876 ], [ 28.707191074520104, 47.125226654343535 ], [ 28.707185768135083, 47.125241157265442 ], [ 28.707204951416138, 47.125244426890532 ], [ 28.707425366759477, 47.125278703923719 ], [ 28.707445134482597, 47.125282073115329 ], [ 28.707438811558269, 47.125299354570124 ], [ 28.707419628244114, 47.125296084984704 ], [ 28.707199413652987, 47.125260755100541 ], [ 28.707180230366344, 47.125257485474627 ], [ 28.707155983095067, 47.12532375574046 ], [ 28.707210512236074, 47.125333049752925 ], [ 28.707397510697195, 47.125362130788076 ], [ 28.707469330663105, 47.125374371692885 ], [ 28.707436650081075, 47.125463692242747 ], [ 28.707417466707657, 47.125460422657795 ], [ 28.707185822066897, 47.125423040263598 ], [ 28.707166638722384, 47.125419770636199 ], [ 28.707160171132035, 47.125437447173411 ], [ 28.707179904098393, 47.125440810478771 ], [ 28.707425846856474, 47.125479842877269 ], [ 28.707445030237373, 47.125483112460699 ], [ 28.70745801915848, 47.125447611974643 ], [ 28.707423765245899, 47.125441773792268 ], [ 28.707061776325169, 47.125381418194962 ], [ 28.707043700271868, 47.125374640991723 ], [ 28.707043200524126, 47.125359023794715 ], [ 28.707020318834463, 47.12535936487982 ], [ 28.706997437144377, 47.125359705960356 ], [ 28.706974555453872, 47.125360047036324 ], [ 28.706975055181534, 47.125375664233886 ], [ 28.706952673205318, 47.125391622503173 ], [ 28.70693029121572, 47.12540758076819 ], [ 28.706907909212735, 47.125423539028994 ], [ 28.706885527196373, 47.125439497285548 ], [ 28.706863145166629, 47.125455455537846 ], [ 28.706863644863354, 47.125471072736048 ], [ 28.706864144560498, 47.125486689934213 ], [ 28.706887026306624, 47.125486348879612 ], [ 28.706909908052332, 47.125486007820442 ], [ 28.70693235474404, 47.12548374090121 ], [ 28.707270963613766, 47.125538874646715 ], [ 28.707116316545388, 47.125394494539286 ], [ 28.707060409345196, 47.125385800255394 ], [ 28.708090201603188, 47.12212346733665 ], [ 28.708216684074639, 47.122004802989501 ], [ 28.708217557922936, 47.12199783672034 ], [ 28.70821705789065, 47.121982219523623 ], [ 28.708216557858783, 47.121966602326886 ], [ 28.708238938041344, 47.121950643824782 ], [ 28.708261318210514, 47.121934685318429 ], [ 28.708283698366319, 47.121918726807841 ], [ 28.708283198316057, 47.121903109611459 ], [ 28.708305578452205, 47.121887151096765 ], [ 28.708327958574973, 47.121871192577821 ], [ 28.708350338684365, 47.121855234054635 ], [ 28.708349838615714, 47.121839616858637 ], [ 28.708349338547482, 47.12182399966256 ], [ 28.708348838479672, 47.121808382466462 ], [ 28.708348338412279, 47.1217927652703 ], [ 28.708347838345308, 47.121777148074109 ], [ 28.708347338278756, 47.121761530877848 ], [ 28.708346838212623, 47.121745913681565 ], [ 28.708346338146907, 47.121730296485218 ], [ 28.708345838081613, 47.121714679288843 ], [ 28.708345338016734, 47.121699062092404 ], [ 28.708344837952282, 47.121683444895915 ], [ 28.708344337888242, 47.12166782769939 ], [ 28.708366717909005, 47.121651869173625 ], [ 28.708389097916395, 47.121635910643612 ], [ 28.708411477910403, 47.121619952109349 ], [ 28.708433857891034, 47.121603993570851 ], [ 28.708456237858289, 47.121588035028104 ], [ 28.708478617812162, 47.121572076481122 ], [ 28.708500997752655, 47.121556117929885 ], [ 28.708523377679768, 47.121540159374412 ], [ 28.708545757593505, 47.121524200814676 ], [ 28.708568137493859, 47.121508242250727 ], [ 28.708590517380841, 47.1214922836825 ], [ 28.70861289725444, 47.121476325110052 ], [ 28.708635277114659, 47.121460366533327 ], [ 28.708657656961499, 47.121444407952396 ], [ 28.708680036794963, 47.121428449367201 ], [ 28.708702416615047, 47.121412490777772 ], [ 28.708724796421752, 47.121396532184093 ], [ 28.708747176215081, 47.121380573586173 ], [ 28.70876955599503, 47.12136461498401 ], [ 28.708791935761596, 47.121348656377592 ], [ 28.70881431551479, 47.121332697766945 ], [ 28.7088366952546, 47.121316739152036 ], [ 28.708859074981028, 47.121300780532906 ], [ 28.708881454694087, 47.121284821909512 ], [ 28.708903834393759, 47.121268863281877 ], [ 28.708926214080062, 47.121252904650007 ], [ 28.708948593752979, 47.12123694601388 ], [ 28.708970973412519, 47.121220987373519 ], [ 28.708993353058677, 47.121205028728909 ], [ 28.709015732691462, 47.121189070080057 ], [ 28.709038112310864, 47.121173111426963 ], [ 28.70906049191689, 47.121157152769612 ], [ 28.709082871509537, 47.121141194108041 ], [ 28.709105251088808, 47.121125235442214 ], [ 28.709127630654692, 47.121109276772131 ], [ 28.709150010207207, 47.12109331809782 ], [ 28.709172389746339, 47.121077359419253 ], [ 28.709194769272091, 47.121061400736444 ], [ 28.709217148784468, 47.1210454420494 ], [ 28.709240028598305, 47.12104510054909 ], [ 28.709262408090193, 47.121029141853413 ], [ 28.709284787568699, 47.121013183153494 ], [ 28.709307167033831, 47.120997224449333 ], [ 28.709329546485584, 47.120981265740916 ], [ 28.709351925923954, 47.120965307028271 ], [ 28.709374305348955, 47.12094934831137 ], [ 28.709396684760573, 47.120933389590228 ], [ 28.709419064158812, 47.120917430864843 ], [ 28.709441443543675, 47.120901472135202 ], [ 28.709463822915158, 47.12088551340134 ], [ 28.709486202273258, 47.120869554663223 ], [ 28.709508581617985, 47.120853595920856 ], [ 28.709530960949333, 47.120837637174255 ], [ 28.709553340267302, 47.120821678423411 ], [ 28.709575719571891, 47.120805719668311 ], [ 28.709598098863104, 47.120789760908977 ], [ 28.709620478140941, 47.120773802145408 ], [ 28.709642857405392, 47.120757843377561 ], [ 28.709665236656473, 47.120741884605501 ], [ 28.709687615894172, 47.120725925829191 ], [ 28.709709995118491, 47.120709967048633 ], [ 28.709732374329434, 47.120694008263825 ], [ 28.709754753526997, 47.120678049474783 ], [ 28.709777132711185, 47.120662090681499 ], [ 28.70979951188199, 47.120646131883966 ], [ 28.709821891039422, 47.120630173082191 ], [ 28.709844270183471, 47.120614214276166 ], [ 28.709866649314144, 47.120598255465914 ], [ 28.709889028431444, 47.120582296651385 ], [ 28.709911407535362, 47.120566337832635 ], [ 28.7099337866259, 47.120550379009643 ], [ 28.709956165703055, 47.120534420182402 ], [ 28.709978544766841, 47.120518461350926 ], [ 28.710000923817248, 47.120502502515194 ], [ 28.710023302854271, 47.120486543675213 ], [ 28.710045681877922, 47.120470584830997 ], [ 28.710068060888194, 47.120454625982539 ], [ 28.710090439885082, 47.120438667129839 ], [ 28.710112818868598, 47.120422708272898 ], [ 28.710135197838735, 47.1204067494117 ], [ 28.710157576795492, 47.120390790546267 ], [ 28.710179955738873, 47.120374831676578 ], [ 28.710202334668878, 47.120358872802655 ], [ 28.710224713585504, 47.120342913924496 ], [ 28.710247092488746, 47.120326955042088 ], [ 28.710269471378613, 47.120310996155439 ], [ 28.710291850255107, 47.12029503726454 ], [ 28.710314229118218, 47.1202790783694 ], [ 28.710336607967953, 47.120263119470025 ], [ 28.710358986804312, 47.120247160566393 ], [ 28.710381365627292, 47.120231201658498 ], [ 28.710403744436892, 47.12021524274639 ], [ 28.710426123233116, 47.120199283830026 ], [ 28.710448502015964, 47.120183324909426 ], [ 28.710470880785426, 47.120167365984578 ], [ 28.710493259541519, 47.120151407055495 ], [ 28.710515638284232, 47.120135448122156 ], [ 28.710538017013562, 47.120119489184574 ], [ 28.710560395729519, 47.120103530242751 ], [ 28.710582774432101, 47.120087571296693 ], [ 28.7106051531213, 47.120071612346386 ], [ 28.710627531797119, 47.120055653391823 ], [ 28.710649910459569, 47.120039694433025 ], [ 28.710672289108636, 47.120023735469992 ], [ 28.710694667744324, 47.120007776502703 ], [ 28.710717046366636, 47.119991817531172 ], [ 28.710739424975568, 47.119975858555399 ], [ 28.710761803571124, 47.119959899575399 ], [ 28.710784182153308, 47.119943940591135 ], [ 28.710806560722112, 47.119927981602636 ], [ 28.710828939277533, 47.119912022609888 ], [ 28.710851317819575, 47.119896063612906 ], [ 28.710873696348244, 47.119880104611653 ], [ 28.710896074863534, 47.119864145606186 ], [ 28.710918453365448, 47.119848186596471 ], [ 28.710940831853986, 47.119832227582499 ], [ 28.710963210329144, 47.1198162685643 ], [ 28.710985588790926, 47.119800309541851 ], [ 28.711007967239325, 47.119784350515154 ], [ 28.711030345674352, 47.119768391484214 ], [ 28.711052724096003, 47.119752432449033 ], [ 28.711075102504275, 47.119736473409617 ], [ 28.711097480899163, 47.119720514365945 ], [ 28.711119859280679, 47.11970455531803 ], [ 28.711142237648819, 47.119688596265881 ], [ 28.711164616003575, 47.119672637209483 ], [ 28.711186994344963, 47.119656678148836 ], [ 28.711209372672965, 47.119640719083947 ], [ 28.711231750987594, 47.119624760014823 ], [ 28.711254129288847, 47.119608800941457 ], [ 28.711276507576716, 47.119592841863842 ], [ 28.711298885851214, 47.119576882781978 ], [ 28.711321264112335, 47.119560923695879 ], [ 28.71134364236007, 47.119544964605524 ], [ 28.711366020594436, 47.119529005510934 ], [ 28.711388398815426, 47.119513046412102 ], [ 28.71141077702303, 47.119497087309028 ], [ 28.711433155217264, 47.11948112820172 ], [ 28.711455533398119, 47.119465169090134 ], [ 28.711477911565591, 47.119449209974341 ], [ 28.711500289719694, 47.119433250854293 ], [ 28.711522667860418, 47.119417291729995 ], [ 28.711545045987766, 47.11940133260147 ], [ 28.711567424101734, 47.119385373468681 ], [ 28.711589802202319, 47.119369414331665 ], [ 28.711612180289535, 47.119353455190392 ], [ 28.711634558363372, 47.119337496044878 ], [ 28.711656936423829, 47.119321536895121 ], [ 28.711679314470913, 47.11930557774113 ], [ 28.711701692504619, 47.119289618582897 ], [ 28.711724070524944, 47.119273659420408 ], [ 28.711746448531894, 47.119257700253677 ], [ 28.711768826525468, 47.119241741082703 ], [ 28.711791204505669, 47.119225781907502 ], [ 28.711813582472487, 47.119209822728038 ], [ 28.711835960425926, 47.119193863544346 ], [ 28.711858338365989, 47.119177904356391 ], [ 28.711880716292679, 47.119161945164208 ], [ 28.71190309420599, 47.119145985967776 ], [ 28.711925472105925, 47.119130026767102 ], [ 28.71194784999248, 47.119114067562194 ], [ 28.71197022786566, 47.119098108353036 ], [ 28.711992605725467, 47.119082149139636 ], [ 28.712014983571887, 47.11906618992198 ], [ 28.712037361404935, 47.119050230700104 ], [ 28.71205973922461, 47.119034271473978 ], [ 28.712082117030903, 47.119018312243597 ], [ 28.712104494823823, 47.119002353008973 ], [ 28.712126872603363, 47.118986393770108 ], [ 28.712149250369524, 47.118970434527007 ], [ 28.712171628122309, 47.118954475279658 ], [ 28.712194005861726, 47.118938516028081 ], [ 28.712216383587755, 47.118922556772233 ], [ 28.712238761300416, 47.118906597512165 ], [ 28.71226113899969, 47.118890638247848 ], [ 28.712283516685595, 47.118874678979275 ], [ 28.712305894358121, 47.118858719706466 ], [ 28.712328272017267, 47.118842760429423 ], [ 28.712350649663037, 47.118826801148124 ], [ 28.712373027295435, 47.11881084186259 ], [ 28.712395404914449, 47.118794882572807 ], [ 28.712417782520099, 47.118778923278796 ], [ 28.712440160112362, 47.118762963980522 ], [ 28.712462537691252, 47.118747004678035 ], [ 28.712484915256759, 47.118731045371263 ], [ 28.712507292808898, 47.11871508606027 ], [ 28.712529670347649, 47.118699126745042 ], [ 28.712552047873032, 47.118683167425566 ], [ 28.712574425385036, 47.118667208101847 ], [ 28.712596802883663, 47.118651248773858 ], [ 28.712619180368915, 47.11863528944167 ], [ 28.712641557840794, 47.118619330105204 ], [ 28.712663935299286, 47.118603370764518 ], [ 28.712686312744413, 47.118587411419583 ], [ 28.71270869017615, 47.118571452070405 ], [ 28.712731067594522, 47.118555492716979 ], [ 28.712753444999514, 47.118539533359311 ], [ 28.712775822391126, 47.118523573997408 ], [ 28.712798199769363, 47.118507614631255 ], [ 28.712820577134224, 47.118491655260861 ], [ 28.712842954485712, 47.118475695886204 ], [ 28.712865331823824, 47.118459736507326 ], [ 28.71288770914855, 47.118443777124199 ], [ 28.712910086459907, 47.118427817736837 ], [ 28.712932463757884, 47.118411858345226 ], [ 28.712954841042485, 47.11839589894938 ], [ 28.712977218313711, 47.118379939549285 ], [ 28.712999595571564, 47.118363980144935 ], [ 28.713021972816033, 47.11834802073637 ], [ 28.713044350047131, 47.118332061323549 ], [ 28.713066727264852, 47.11831610190648 ], [ 28.713089104469194, 47.118300142485154 ], [ 28.71311148166016, 47.1182841830596 ], [ 28.713133858837754, 47.118268223629805 ], [ 28.713156236001968, 47.118252264195768 ], [ 28.713178613152806, 47.118236304757495 ], [ 28.713200990290268, 47.118220345314974 ], [ 28.713223367414347, 47.118204385868204 ], [ 28.713245744525061, 47.118188426417191 ], [ 28.713268121622392, 47.118172466961937 ], [ 28.71329049870635, 47.118156507502448 ], [ 28.713312875776928, 47.118140548038703 ], [ 28.713335252834131, 47.118124588570709 ], [ 28.713357629877958, 47.118108629098494 ], [ 28.713380006908409, 47.118092669622023 ], [ 28.713402383925487, 47.118076710141324 ], [ 28.713424760929183, 47.118060750656362 ], [ 28.713447137919506, 47.118044791167172 ], [ 28.713469514896452, 47.118028831673733 ], [ 28.71349189186002, 47.11801287217606 ], [ 28.713514268810219, 47.11799691267413 ], [ 28.713536645747034, 47.117980953167965 ], [ 28.713559022670477, 47.117964993657566 ], [ 28.713581399580541, 47.117949034142903 ], [ 28.713603776477228, 47.117933074624013 ], [ 28.71362615336054, 47.117917115100866 ], [ 28.713648530230479, 47.117901155573492 ], [ 28.713670907087035, 47.117885196041868 ], [ 28.713693283930219, 47.117869236506003 ], [ 28.713715660760027, 47.117853276965896 ], [ 28.713738037576466, 47.117837317421554 ], [ 28.713760414379518, 47.117821357872963 ], [ 28.713782791169198, 47.117805398320115 ], [ 28.713805167945502, 47.117789438763054 ], [ 28.71382754470843, 47.117773479201723 ], [ 28.713849921457985, 47.117757519636164 ], [ 28.713872298194165, 47.117741560066364 ], [ 28.713894674916958, 47.117725600492307 ], [ 28.713917051626382, 47.117709640914022 ], [ 28.713939428322433, 47.117693681331495 ], [ 28.713961805005102, 47.117677721744705 ], [ 28.713984181674402, 47.117661762153695 ], [ 28.714006558330322, 47.117645802558442 ], [ 28.714028934972863, 47.117629842958934 ], [ 28.714028433316543, 47.117614225797659 ], [ 28.714027931660642, 47.117598608636321 ], [ 28.714027430005167, 47.117582991474954 ], [ 28.713997940260072, 47.11757527839449 ], [ 28.713435592194685, 47.117145500375855 ], [ 28.713422316787415, 47.117135500647791 ], [ 28.713447470835369, 47.117119939818799 ], [ 28.713460937434125, 47.117130083558749 ], [ 28.714002973317186, 47.11754508678451 ], [ 28.714016437165451, 47.117555228223182 ], [ 28.714041722306696, 47.117539586177564 ], [ 28.714028446687671, 47.117529586523169 ], [ 28.713486667929093, 47.117115024713904 ], [ 28.713473392520161, 47.117105024991723 ], [ 28.713396764715565, 47.11715242858056 ], [ 28.713432446360741, 47.117179305850357 ], [ 28.7139743524979, 47.117589656914951 ], [ 28.713982676744305, 47.117614910668884 ], [ 28.713983178387249, 47.117630527830549 ], [ 28.714006056680265, 47.117630185397019 ], [ 28.714028934972863, 47.117629842958934 ], [ 28.714051813265041, 47.11762950051628 ], [ 28.7140741898871, 47.117613540908145 ], [ 28.71409656649579, 47.117597581295769 ], [ 28.714118943091094, 47.117581621679172 ], [ 28.714141319673029, 47.117565662058304 ], [ 28.714163696241588, 47.117549702433209 ], [ 28.714186072796767, 47.117533742803872 ], [ 28.714208449338567, 47.117517783170292 ], [ 28.714230825866998, 47.117501823532471 ], [ 28.714253202382054, 47.117485863890401 ], [ 28.714275578883729, 47.117469904244089 ], [ 28.714297955372032, 47.117453944593542 ], [ 28.714320833585592, 47.117453602098124 ], [ 28.714343711798733, 47.117453259598136 ], [ 28.714366088259446, 47.117437299934572 ], [ 28.714388464706779, 47.117421340266766 ], [ 28.714410841140733, 47.117405380594732 ], [ 28.714433217561318, 47.117389420918435 ], [ 28.71445559396852, 47.117373461237918 ], [ 28.714477970362356, 47.117357501553144 ], [ 28.71450034674281, 47.117341541864135 ], [ 28.714522723109891, 47.117325582170878 ], [ 28.714545099463589, 47.117309622473378 ], [ 28.714567475803921, 47.117293662771651 ], [ 28.714589852130867, 47.11727770306566 ], [ 28.714612228444448, 47.117261743355442 ], [ 28.714634604744649, 47.117245783640968 ], [ 28.714656981031471, 47.117229823922273 ], [ 28.714679357304917, 47.117213864199314 ], [ 28.71470173356499, 47.117197904472121 ], [ 28.714724109811687, 47.117181944740693 ], [ 28.714746486045016, 47.117165985005002 ], [ 28.714768862264965, 47.11715002526509 ], [ 28.71479123847153, 47.117134065520929 ], [ 28.714813614664731, 47.117118105772512 ], [ 28.714835990844545, 47.117102146019874 ], [ 28.71485836701099, 47.117086186262981 ], [ 28.714880743164059, 47.117070226501845 ], [ 28.714903119303756, 47.117054266736474 ], [ 28.714925495430077, 47.117038306966862 ], [ 28.714947871543018, 47.117022347193 ], [ 28.714970247642583, 47.117006387414904 ], [ 28.714992623728779, 47.116990427632551 ], [ 28.715014999801593, 47.116974467845978 ], [ 28.715037375861034, 47.116958508055156 ], [ 28.715059751907102, 47.116942548260077 ], [ 28.715082127939791, 47.116926588460764 ], [ 28.715104503959111, 47.116910628657216 ], [ 28.715126879965048, 47.116894668849397 ], [ 28.715149255957613, 47.116878709037358 ], [ 28.715171631936798, 47.116862749221099 ], [ 28.715194509886508, 47.116862406554425 ], [ 28.715217387835796, 47.116862063883175 ], [ 28.715240265784665, 47.116861721207393 ], [ 28.715263143733107, 47.116861378527013 ], [ 28.715286021681127, 47.116861035842071 ], [ 28.715308899628731, 47.116860693152574 ], [ 28.715331777575916, 47.116860350458495 ], [ 28.715354655522678, 47.116860007759847 ], [ 28.71537753346902, 47.116859665056644 ], [ 28.715400411414937, 47.11685932234888 ], [ 28.715423289360441, 47.116858979636532 ], [ 28.715446167305519, 47.116858636919609 ], [ 28.715469045250178, 47.116858294198138 ], [ 28.715491923194413, 47.116857951472106 ], [ 28.715514801138227, 47.116857608741483 ], [ 28.715537679081624, 47.116857266006299 ], [ 28.715560557024595, 47.11685692326656 ], [ 28.715583434967147, 47.116856580522246 ], [ 28.71560631290928, 47.116856237773362 ], [ 28.71562919085099, 47.116855895019917 ], [ 28.715652068792284, 47.116855552261896 ], [ 28.715674946733149, 47.116855209499313 ], [ 28.715697824673605, 47.116854866732162 ], [ 28.715720702613631, 47.116854523960448 ], [ 28.715743580553237, 47.116854181184166 ], [ 28.715766458492418, 47.116853838403301 ], [ 28.715789336431182, 47.116853495617882 ], [ 28.715812214369524, 47.116853152827893 ], [ 28.715835092307454, 47.116852810033329 ], [ 28.715857970244954, 47.11685246723421 ], [ 28.715880848182028, 47.11685212443053 ], [ 28.71590372611869, 47.116851781622266 ], [ 28.715926604054932, 47.116851438809434 ], [ 28.715949481990748, 47.116851095992047 ], [ 28.715972359926145, 47.116850753170091 ], [ 28.715995237861119, 47.116850410343552 ], [ 28.716018115795677, 47.116850067512466 ], [ 28.716040993729813, 47.11684972467679 ], [ 28.716063871663522, 47.116849381836573 ], [ 28.716086749596812, 47.116849038991781 ], [ 28.71610962752969, 47.116848696142419 ], [ 28.716132505462134, 47.116848353288475 ], [ 28.716155383394163, 47.116848010429976 ], [ 28.716178261325769, 47.116847667566915 ], [ 28.71620113925696, 47.116847324699286 ], [ 28.716224017187724, 47.116846981827074 ], [ 28.716246895118068, 47.116846638950314 ], [ 28.716269773047987, 47.116846296068971 ], [ 28.716292650977493, 47.116845953183059 ], [ 28.716315528906573, 47.116845610292593 ], [ 28.716338406835231, 47.116845267397558 ], [ 28.716361284763472, 47.116844924497954 ], [ 28.716384162691291, 47.116844581593782 ], [ 28.716407040618684, 47.11684423868504 ], [ 28.716429918545664, 47.116843895771737 ], [ 28.716452796472218, 47.116843552853858 ], [ 28.716475674398353, 47.11684320993141 ], [ 28.716498552324062, 47.116842867004401 ], [ 28.716521430249355, 47.116842524072815 ], [ 28.716544308174221, 47.116842181136676 ], [ 28.716567186098672, 47.11684183819596 ], [ 28.7165900640227, 47.116841495250696 ], [ 28.716612941946309, 47.116841152300836 ], [ 28.716635819869492, 47.116840809346428 ], [ 28.716658697792258, 47.116840466387444 ], [ 28.716681575714603, 47.116840123423884 ], [ 28.716704453636524, 47.116839780455784 ], [ 28.716727331558022, 47.116839437483101 ], [ 28.716750209479105, 47.116839094505842 ], [ 28.716773087399762, 47.116838751524014 ], [ 28.716795965319999, 47.116838408537632 ], [ 28.71681884323981, 47.116838065546688 ], [ 28.716841721159206, 47.116837722551153 ], [ 28.716864096606091, 47.116821762410801 ], [ 28.716886472039597, 47.116805802266214 ], [ 28.716908847459724, 47.116789842117377 ], [ 28.716931222866481, 47.116773881964299 ], [ 28.716953598259863, 47.116757921806972 ], [ 28.716975973639872, 47.11674196164541 ], [ 28.716998349006495, 47.116726001479613 ], [ 28.717020724359756, 47.11671004130956 ], [ 28.717043099699634, 47.116694081135265 ], [ 28.717065475026139, 47.116678120956742 ], [ 28.717087850339269, 47.116662160773963 ], [ 28.717110225639026, 47.116646200586949 ], [ 28.717132600925403, 47.116630240395693 ], [ 28.717154976198408, 47.11661428020021 ], [ 28.717177351458037, 47.116598320000463 ], [ 28.71719972670429, 47.116582359796482 ], [ 28.717222101937168, 47.116566399588258 ], [ 28.717244477156672, 47.1165504393758 ], [ 28.717266852362801, 47.1165344791591 ], [ 28.717289227555558, 47.11651851893815 ], [ 28.717311602734938, 47.116502558712952 ], [ 28.717333977900939, 47.116486598483526 ], [ 28.717356353053571, 47.116470638249851 ], [ 28.717378728192823, 47.116454678011948 ], [ 28.7174011033187, 47.116438717769782 ], [ 28.717423478431208, 47.116422757523388 ], [ 28.717445853530339, 47.116406797272745 ], [ 28.717468228616092, 47.116390837017875 ], [ 28.717490603688471, 47.116374876758741 ], [ 28.717512978747472, 47.116358916495386 ], [ 28.717535353793103, 47.116342956227783 ], [ 28.717557728825355, 47.11632699595593 ], [ 28.717580103844238, 47.11631103567985 ], [ 28.717602478849745, 47.116295075399513 ], [ 28.717624853841873, 47.116279115114942 ], [ 28.717647228820628, 47.116263154826136 ], [ 28.717669603786007, 47.116247194533081 ], [ 28.717691978738014, 47.116231234235791 ], [ 28.717714353676644, 47.116215273934252 ], [ 28.717736728601899, 47.116199313628471 ], [ 28.717759103513782, 47.116183353318455 ], [ 28.717781478412284, 47.11616739300419 ], [ 28.717803853297418, 47.116151432685676 ], [ 28.717826228169177, 47.116135472362934 ], [ 28.717848603027559, 47.116119512035958 ], [ 28.717870977872568, 47.116103551704711 ], [ 28.717893352704198, 47.116087591369258 ], [ 28.717915727522456, 47.116071631029548 ], [ 28.717938102327341, 47.116055670685604 ], [ 28.717960477118851, 47.116039710337404 ], [ 28.717982851896984, 47.116023749984969 ], [ 28.718005226661742, 47.116007789628291 ], [ 28.718027601413127, 47.115991829267372 ], [ 28.718049976151139, 47.115975868902218 ], [ 28.718072350875776, 47.115959908532815 ], [ 28.718094725587036, 47.11594394815917 ], [ 28.718117100284921, 47.115927987781291 ], [ 28.718139474969433, 47.115912027399162 ], [ 28.718161849640566, 47.115896067012784 ], [ 28.718184224298334, 47.115880106622193 ], [ 28.718206598942722, 47.115864146227352 ], [ 28.718228973573733, 47.115848185828256 ], [ 28.718251348191377, 47.115832225424924 ], [ 28.71827372279564, 47.115816265017351 ], [ 28.718273219929209, 47.115800647885827 ], [ 28.718272717063197, 47.115785030754239 ], [ 28.718272214197611, 47.115769413622623 ], [ 28.71824689002791, 47.11575526053322 ], [ 28.717911082233041, 47.115572962129768 ], [ 28.717852365903479, 47.115540725579656 ], [ 28.717892892417748, 47.11550632697886 ], [ 28.717908297173111, 47.115514784530234 ], [ 28.718291704581215, 47.115727102642104 ], [ 28.718307185301963, 47.115735601774496 ], [ 28.718288775672377, 47.115751227841415 ], [ 28.718273370788829, 47.115742770343225 ], [ 28.717930301855812, 47.115556564280602 ], [ 28.717906929054141, 47.115543732111611 ], [ 28.717950227338104, 47.115506980800888 ], [ 28.71796563210253, 47.115515438344438 ], [ 28.718227250974614, 47.115663479204585 ], [ 28.718320279052548, 47.115714552998469 ], [ 28.718241432681378, 47.115781477648461 ], [ 28.718226027796288, 47.115773020143962 ], [ 28.717806767280525, 47.115543898374611 ], [ 28.717791362532346, 47.115535440809516 ], [ 28.717771636125317, 47.115552184389443 ], [ 28.717787090861474, 47.115560669400686 ], [ 28.718204611937047, 47.115789896391462 ], [ 28.718205090401081, 47.115817294831359 ], [ 28.718182212935389, 47.11581763809356 ], [ 28.718159838302689, 47.115833598483619 ], [ 28.718137463656614, 47.115849558869428 ], [ 28.718115088997166, 47.115865519250988 ], [ 28.718092714324339, 47.115881479628314 ], [ 28.718070339638142, 47.115897440001397 ], [ 28.71804796493857, 47.115913400370253 ], [ 28.718025590225626, 47.115929360734832 ], [ 28.718003215499301, 47.115945321095211 ], [ 28.717980840759601, 47.11596128145132 ], [ 28.717958466006532, 47.115977241803193 ], [ 28.717936091240091, 47.115993202150833 ], [ 28.71791371646027, 47.116009162494237 ], [ 28.717891341667073, 47.116025122833378 ], [ 28.717868464108541, 47.116025466034067 ], [ 28.71784558654959, 47.11602580923018 ], [ 28.717822708990219, 47.116026152421732 ], [ 28.717799831430423, 47.116026495608722 ], [ 28.71777695387021, 47.116026838791136 ], [ 28.717754076309568, 47.116027181968974 ], [ 28.71773119874851, 47.116027525142258 ], [ 28.717708321187033, 47.116027868310972 ], [ 28.717685443625129, 47.116028211475118 ], [ 28.717662566062806, 47.116028554634703 ], [ 28.717639688500057, 47.116028897789711 ], [ 28.717616810936896, 47.116029240940158 ], [ 28.717594436045019, 47.116045201222498 ], [ 28.717572061139769, 47.116061161500596 ], [ 28.717549686221144, 47.116077121774453 ], [ 28.71752731128915, 47.116093082044067 ], [ 28.717504936343776, 47.116109042309439 ], [ 28.717482561385026, 47.11612500257057 ], [ 28.717460186412904, 47.116140962827465 ], [ 28.717437811427409, 47.116156923080105 ], [ 28.717415436428535, 47.116172883328524 ], [ 28.717393061416285, 47.116188843572687 ], [ 28.717370686390666, 47.116204803812622 ], [ 28.717348311351671, 47.116220764048293 ], [ 28.717325936299297, 47.116236724279744 ], [ 28.717303561233553, 47.116252684506939 ], [ 28.71728118615443, 47.1162686447299 ], [ 28.717258811061939, 47.116284604948618 ], [ 28.717236435956067, 47.11630056516308 ], [ 28.71721406083682, 47.116316525373321 ], [ 28.717191685704201, 47.116332485579314 ], [ 28.717169310558209, 47.116348445781064 ], [ 28.717146935398837, 47.11636440597858 ], [ 28.717124560226093, 47.116380366171832 ], [ 28.717102185039977, 47.116396326360864 ], [ 28.717079809840477, 47.116412286545646 ], [ 28.717057434627606, 47.116428246726187 ], [ 28.717035059401365, 47.116444206902479 ], [ 28.717012684161745, 47.116460167074557 ], [ 28.716990308908748, 47.116476127242358 ], [ 28.71696793364238, 47.116492087405931 ], [ 28.716945558362635, 47.116508047565262 ], [ 28.716922680585782, 47.116508390579718 ], [ 28.716899802808513, 47.116508733589598 ], [ 28.716876925030821, 47.116509076594902 ], [ 28.71685404725271, 47.116509419595651 ], [ 28.716831169474172, 47.116509762591832 ], [ 28.716808291695223, 47.116510105583437 ], [ 28.71678541391584, 47.11651044857048 ], [ 28.716762536136041, 47.116510791552955 ], [ 28.716739658355827, 47.11651113453086 ], [ 28.716716780575183, 47.116511477504211 ], [ 28.71669390279412, 47.116511820472972 ], [ 28.716671025012637, 47.116512163437193 ], [ 28.716648147230735, 47.116512506396838 ], [ 28.716625269448407, 47.116512849351899 ], [ 28.716602391665667, 47.116513192302406 ], [ 28.716579513882497, 47.116513535248338 ], [ 28.716556636098911, 47.116513878189714 ], [ 28.716533758314895, 47.116514221126508 ], [ 28.716510880530468, 47.116514564058747 ], [ 28.716488002745614, 47.116514906986417 ], [ 28.71646512496034, 47.116515249909519 ], [ 28.716442247174648, 47.116515592828051 ], [ 28.716419369388536, 47.116515935742008 ], [ 28.716396491601994, 47.116516278651417 ], [ 28.716373613815037, 47.116516621556244 ], [ 28.716350736027664, 47.116516964456515 ], [ 28.716327858239858, 47.116517307352197 ], [ 28.716304980451639, 47.116517650243331 ], [ 28.716282102663001, 47.116517993129889 ], [ 28.716259224873937, 47.116518336011893 ], [ 28.71623634708445, 47.116518678889314 ], [ 28.716213469294548, 47.116519021762173 ], [ 28.716190591504223, 47.116519364630463 ], [ 28.716167713713471, 47.116519707494191 ], [ 28.7161448359223, 47.116520050353344 ], [ 28.71612195813071, 47.116520393207935 ], [ 28.716099080338708, 47.11652073605795 ], [ 28.716076202546272, 47.116521078903418 ], [ 28.716053324753421, 47.116521421744295 ], [ 28.716030446960147, 47.116521764580625 ], [ 28.71600756916645, 47.116522107412372 ], [ 28.715984691372334, 47.116522450239565 ], [ 28.715961813577799, 47.116522793062188 ], [ 28.715938935782845, 47.116523135880229 ], [ 28.715916057987464, 47.116523478693715 ], [ 28.715893180191667, 47.116523821502632 ], [ 28.715870302395448, 47.116524164306981 ], [ 28.715847424598806, 47.116524507106767 ], [ 28.715824546801738, 47.116524849901971 ], [ 28.715801669004257, 47.11652519269262 ], [ 28.71577879120635, 47.116525535478701 ], [ 28.715755913408032, 47.116525878260212 ], [ 28.715733537745265, 47.116541838187487 ], [ 28.71571116206912, 47.116557798110527 ], [ 28.715688786379602, 47.116573758029304 ], [ 28.715666410676707, 47.116589717943846 ], [ 28.715644034960444, 47.11660567785416 ], [ 28.715621659230798, 47.116621637760211 ], [ 28.71559928348778, 47.116637597662027 ], [ 28.715576405639275, 47.11663794040831 ], [ 28.715554029875776, 47.1166539003015 ], [ 28.715531654098896, 47.116669860190456 ], [ 28.715509278308645, 47.116685820075162 ], [ 28.71548690250502, 47.116701779955626 ], [ 28.715464526688017, 47.116717739831849 ], [ 28.715442150857641, 47.11673369970385 ], [ 28.715419775013885, 47.116749659571603 ], [ 28.715397399156757, 47.116765619435107 ], [ 28.715374521250958, 47.116765962141756 ], [ 28.715351643344746, 47.116766304843843 ], [ 28.715328765438112, 47.116766647541368 ], [ 28.715305887531052, 47.116766990234325 ], [ 28.715283009623576, 47.116767332922706 ], [ 28.715260131715681, 47.116767675606532 ], [ 28.715237253807356, 47.116768018285789 ], [ 28.715214877887092, 47.116783978114384 ], [ 28.715192501953457, 47.116799937938723 ], [ 28.715170126006445, 47.116815897758833 ], [ 28.715147750046054, 47.116831857574695 ], [ 28.715125374072294, 47.116847817386308 ], [ 28.715102998085154, 47.116863777193693 ], [ 28.715080622084638, 47.116879736996822 ], [ 28.715058246070747, 47.116895696795723 ], [ 28.715035870043479, 47.116911656590382 ], [ 28.715013494002847, 47.116927616380792 ], [ 28.714991117948827, 47.116943576166967 ], [ 28.714968741881435, 47.11695953594888 ], [ 28.714946365800667, 47.116975495726564 ], [ 28.714923989706531, 47.116991455500006 ], [ 28.714901613599011, 47.117007415269207 ], [ 28.714879237478119, 47.117023375034158 ], [ 28.714856861343847, 47.117039334794875 ], [ 28.714834485196207, 47.117055294551342 ], [ 28.714812109035186, 47.117071254303575 ], [ 28.71478973286079, 47.117087214051566 ], [ 28.714767356673022, 47.117103173795314 ], [ 28.714744980471878, 47.117119133534807 ], [ 28.714722604257354, 47.117135093270065 ], [ 28.714700228029454, 47.117151053001095 ], [ 28.714677851788181, 47.117167012727869 ], [ 28.71465547553354, 47.117182972450408 ], [ 28.714633099265512, 47.117198932168684 ], [ 28.714610722984116, 47.117214891882739 ], [ 28.714588346689339, 47.117230851592552 ], [ 28.714565970381191, 47.117246811298109 ], [ 28.714543594059659, 47.117262770999432 ], [ 28.714521217724759, 47.117278730696519 ], [ 28.714498841376482, 47.117294690389365 ], [ 28.714476465014833, 47.11731065007794 ], [ 28.714454088639801, 47.117326609762301 ], [ 28.714431712251397, 47.117342569442414 ], [ 28.714409335849616, 47.11735852911827 ], [ 28.714386959434464, 47.117374488789899 ], [ 28.714364583005931, 47.117390448457279 ], [ 28.714342206564027, 47.117406408120424 ], [ 28.714319830108742, 47.117422367779326 ], [ 28.714297453640079, 47.117438327433973 ], [ 28.714275077158046, 47.117454287084385 ], [ 28.714252700662637, 47.117470246730562 ], [ 28.714230324153849, 47.117486206372497 ], [ 28.714207947631689, 47.117502166010176 ], [ 28.714185571096152, 47.11751812564362 ], [ 28.71416319454724, 47.117534085272816 ], [ 28.714140817984948, 47.117550044897769 ], [ 28.714118441409287, 47.117566004518487 ], [ 28.714096064820247, 47.117581964134963 ], [ 28.71407368821783, 47.117597923747198 ], [ 28.714051311602034, 47.11761388335519 ], [ 28.714028934972863, 47.117629842958934 ], [ 28.714006056680265, 47.117630185397019 ], [ 28.713983680030619, 47.117646144992136 ], [ 28.713961303367586, 47.117662104583019 ], [ 28.713938926691185, 47.11767806416966 ], [ 28.713916550001404, 47.117694023752051 ], [ 28.713894173298247, 47.117709983330208 ], [ 28.71387179658171, 47.117725942904109 ], [ 28.713849419851805, 47.117741902473782 ], [ 28.71382704310852, 47.117757862039191 ], [ 28.713804666351859, 47.117773821600373 ], [ 28.713782289581822, 47.117789781157313 ], [ 28.713759912798412, 47.117805740710018 ], [ 28.713737536001616, 47.117821700258467 ], [ 28.713715159191452, 47.117837659802667 ], [ 28.713692782367918, 47.117853619342647 ], [ 28.713670405530998, 47.11786957887837 ], [ 28.713648028680701, 47.117885538409851 ], [ 28.713625651817033, 47.117901497937098 ], [ 28.713603274939988, 47.117917457460088 ], [ 28.713580898049567, 47.11793341697885 ], [ 28.713558521145774, 47.117949376493357 ], [ 28.713536144228602, 47.117965336003643 ], [ 28.713513767298046, 47.117981295509665 ], [ 28.713491390354122, 47.117997255011453 ], [ 28.713469013396818, 47.118013214508984 ], [ 28.713446636426145, 47.118029174002281 ], [ 28.713424259442085, 47.118045133491343 ], [ 28.713401882444657, 47.118061092976141 ], [ 28.713379505433849, 47.118077052456727 ], [ 28.713357128409665, 47.118093011933055 ], [ 28.713334751372106, 47.118108971405128 ], [ 28.713312374321173, 47.118124930872966 ], [ 28.713289997256862, 47.118140890336576 ], [ 28.71326762017917, 47.11815684979593 ], [ 28.713245243088103, 47.118172809251043 ], [ 28.713222865983663, 47.118188768701927 ], [ 28.713200488865848, 47.118204728148548 ], [ 28.713178111734653, 47.118220687590934 ], [ 28.713155734590085, 47.118236647029065 ], [ 28.713133357432138, 47.118252606462974 ], [ 28.713110980260815, 47.118268565892635 ], [ 28.713088603076116, 47.118284525318039 ], [ 28.713066225878038, 47.118300484739216 ], [ 28.71304384866659, 47.118316444156136 ], [ 28.713021471441756, 47.118332403568829 ], [ 28.712999094203553, 47.118348362977272 ], [ 28.712976716951975, 47.118364322381467 ], [ 28.712954339687016, 47.118380281781434 ], [ 28.712931962408678, 47.118396241177138 ], [ 28.712909585116972, 47.118412200568613 ], [ 28.712887207811882, 47.11842815995584 ], [ 28.71286483049342, 47.118444119338825 ], [ 28.712842453161581, 47.118460078717561 ], [ 28.71282007581636, 47.118476038092055 ], [ 28.71279769845777, 47.118491997462328 ], [ 28.7127753210858, 47.118507956828338 ], [ 28.712752943700451, 47.118523916190107 ], [ 28.712730566301733, 47.118539875547633 ], [ 28.712708188889629, 47.118555834900917 ], [ 28.712685811464155, 47.118571794249959 ], [ 28.712663434025302, 47.11858775359476 ], [ 28.712641056573073, 47.118603712935304 ], [ 28.712618679107464, 47.11861967227162 ], [ 28.71259630162848, 47.118635631603702 ], [ 28.71257392413612, 47.118651590931528 ], [ 28.712551546630387, 47.118667550255118 ], [ 28.712529169111271, 47.118683509574446 ], [ 28.712506791578782, 47.11869946888956 ], [ 28.712484414032918, 47.11871542820041 ], [ 28.712462036473678, 47.118731387507012 ], [ 28.712439658901058, 47.118747346809393 ], [ 28.712417281315059, 47.118763306107503 ], [ 28.712394903715683, 47.118779265401393 ], [ 28.712372526102932, 47.118795224691034 ], [ 28.712350148476808, 47.118811183976433 ], [ 28.712327770837302, 47.118827143257576 ], [ 28.712305393184426, 47.118843102534491 ], [ 28.712283015518164, 47.118859061807157 ], [ 28.712260637838533, 47.118875021075581 ], [ 28.712238260145522, 47.118890980339771 ], [ 28.712215882439132, 47.118906939599704 ], [ 28.712193504719369, 47.118922898855402 ], [ 28.712171126986227, 47.118938858106851 ], [ 28.712148749239706, 47.118954817354052 ], [ 28.712126371479808, 47.118970776597031 ], [ 28.712103993706542, 47.11898673583574 ], [ 28.712081615919889, 47.119002695070222 ], [ 28.712059238119867, 47.119018654300461 ], [ 28.712036860306458, 47.119034613526473 ], [ 28.712014482479681, 47.119050572748208 ], [ 28.711992104639521, 47.119066531965707 ], [ 28.711969726785988, 47.119082491178972 ], [ 28.711947348919079, 47.119098450387987 ], [ 28.71192497103879, 47.119114409592768 ], [ 28.711902593145126, 47.1191303687933 ], [ 28.711880215238082, 47.11914632798959 ], [ 28.711857837317663, 47.119162287181645 ], [ 28.711835459383867, 47.119178246369444 ], [ 28.711813081436691, 47.119194205553008 ], [ 28.71179070347614, 47.11921016473233 ], [ 28.711768325502216, 47.11922612390741 ], [ 28.71174594751491, 47.119242083078234 ], [ 28.711723569514227, 47.119258042244823 ], [ 28.711701191500172, 47.119274001407163 ], [ 28.71167881347273, 47.119289960565261 ], [ 28.711656435431923, 47.119305919719125 ], [ 28.711634057377729, 47.119321878868739 ], [ 28.711611679310163, 47.119337838014097 ], [ 28.711589301229214, 47.119353797155235 ], [ 28.711566923134896, 47.119369756292123 ], [ 28.711544545027198, 47.119385715424762 ], [ 28.711522166906118, 47.11940167455316 ], [ 28.711499788771665, 47.119417633677315 ], [ 28.711477410623836, 47.119433592797222 ], [ 28.711455032462624, 47.119449551912894 ], [ 28.711432654288039, 47.119465511024302 ], [ 28.711410276100075, 47.119481470131497 ], [ 28.711387897898739, 47.119497429234428 ], [ 28.711365519684016, 47.119513388333125 ], [ 28.71134314145592, 47.119529347427573 ], [ 28.711320763214449, 47.119545306517786 ], [ 28.711298384959601, 47.11956126560375 ], [ 28.711276006691374, 47.119577224685472 ], [ 28.711253628409771, 47.119593183762952 ], [ 28.711231250114789, 47.11960914283619 ], [ 28.711208871806424, 47.119625101905179 ], [ 28.711186493484689, 47.119641060969919 ], [ 28.711164115149575, 47.119657020030431 ], [ 28.711141736801086, 47.119672979086673 ], [ 28.711119358439216, 47.119688938138694 ], [ 28.711096980063967, 47.119704897186466 ], [ 28.711074601675342, 47.119720856230003 ], [ 28.711052223273342, 47.119736815269285 ], [ 28.711029844857965, 47.119752774304324 ], [ 28.711007466429212, 47.119768733335121 ], [ 28.710985087987076, 47.119784692361684 ], [ 28.710962709531561, 47.11980065138399 ], [ 28.710940331062673, 47.119816610402054 ], [ 28.710917952580409, 47.119832569415884 ], [ 28.710895574084763, 47.119848528425464 ], [ 28.710873195575743, 47.119864487430796 ], [ 28.710850817053338, 47.119880446431893 ], [ 28.710828438517563, 47.119896405428747 ], [ 28.710806059968412, 47.119912364421353 ], [ 28.710783681405879, 47.119928323409724 ], [ 28.710761302829965, 47.119944282393831 ], [ 28.71073892424068, 47.119960241373718 ], [ 28.710716545638011, 47.119976200349349 ], [ 28.710694167021973, 47.119992159320738 ], [ 28.710671788392549, 47.120008118287878 ], [ 28.710649409749752, 47.120024077250775 ], [ 28.710627031093573, 47.120040036209431 ], [ 28.710604652424024, 47.120055995163852 ], [ 28.710582273741093, 47.120071954114032 ], [ 28.710559895044781, 47.120087913059947 ], [ 28.710537516335094, 47.120103872001629 ], [ 28.710515137612031, 47.120119830939075 ], [ 28.710492758875588, 47.120135789872272 ], [ 28.710470380125763, 47.120151748801227 ], [ 28.710448001362568, 47.120167707725919 ], [ 28.710425622585994, 47.12018366664639 ], [ 28.710403243796033, 47.120199625562606 ], [ 28.710380864992707, 47.120215584474593 ], [ 28.710358486175995, 47.120231543382324 ], [ 28.71033610734591, 47.120247502285828 ], [ 28.710313728502442, 47.120263461185075 ], [ 28.710291349645605, 47.120279420080074 ], [ 28.710268970775381, 47.12029537897083 ], [ 28.710246591891782, 47.120311337857345 ], [ 28.710224212994802, 47.120327296739617 ], [ 28.710201834084451, 47.120343255617641 ], [ 28.710179455160709, 47.120359214491415 ], [ 28.710157076223602, 47.120375173360962 ], [ 28.710134697273116, 47.120391132226253 ], [ 28.710112318309243, 47.120407091087309 ], [ 28.710089939332001, 47.120423049944129 ], [ 28.710067560341376, 47.120439008796687 ], [ 28.710045181337382, 47.120454967645003 ], [ 28.710022802320001, 47.120470926489084 ], [ 28.710000423289241, 47.120486885328916 ], [ 28.709978044245108, 47.120502844164513 ], [ 28.709955665187593, 47.120518802995853 ], [ 28.709933286116698, 47.120534761822945 ], [ 28.70991090703243, 47.120550720645817 ], [ 28.709888527934787, 47.120566679464424 ], [ 28.709866148823757, 47.12058263827879 ], [ 28.709843769699351, 47.120598597088929 ], [ 28.709821390561576, 47.120614555894804 ], [ 28.709799011410414, 47.120630514696444 ], [ 28.709776632245877, 47.120646473493828 ], [ 28.70975425306796, 47.120662432286991 ], [ 28.70973187387666, 47.120678391075892 ], [ 28.709709494671991, 47.12069434986055 ], [ 28.709687115453935, 47.120710308640973 ], [ 28.709664736222511, 47.12072626741714 ], [ 28.709642356977703, 47.120742226189073 ], [ 28.709619977719516, 47.120758184956756 ], [ 28.709597598447949, 47.120774143720226 ], [ 28.70957521916301, 47.120790102479404 ], [ 28.709552839864685, 47.120806061234354 ], [ 28.70953046055299, 47.120822019985077 ], [ 28.709508081227909, 47.120837978731529 ], [ 28.709485701889452, 47.120853937473761 ], [ 28.709463322537616, 47.120869896211737 ], [ 28.709440943172403, 47.120885854945477 ], [ 28.709418563793815, 47.120901813674955 ], [ 28.709396184401847, 47.120917772400198 ], [ 28.709373804996499, 47.120933731121212 ], [ 28.709351425577768, 47.120949689837971 ], [ 28.709329046145669, 47.120965648550488 ], [ 28.709306666700186, 47.120981607258756 ], [ 28.709284287241321, 47.120997565962782 ], [ 28.709261907769083, 47.121013524662565 ], [ 28.709239528283469, 47.1210294833581 ], [ 28.709217148784468, 47.1210454420494 ], [ 28.709194769272091, 47.121061400736444 ], [ 28.709172389746339, 47.121077359419253 ], [ 28.709150010207207, 47.12109331809782 ], [ 28.709150510496965, 47.121108935289357 ], [ 28.709128130938183, 47.121124893963817 ], [ 28.709105751366025, 47.121140852634035 ], [ 28.709083371780491, 47.12115681129999 ], [ 28.70906099218157, 47.121172769961717 ], [ 28.709038612569273, 47.121188728619195 ], [ 28.7090162329436, 47.121204687272431 ], [ 28.709016733196162, 47.12122030446475 ], [ 28.708994353550839, 47.121236263113886 ], [ 28.70897197389214, 47.121252221758773 ], [ 28.708949594220055, 47.121268180399412 ], [ 28.708927214534597, 47.121284139035801 ], [ 28.708904834835764, 47.121300097667969 ], [ 28.708905335057395, 47.121315714860934 ], [ 28.708882955338904, 47.121331673488974 ], [ 28.708860575607037, 47.121347632112787 ], [ 28.70886107581655, 47.121363249305986 ], [ 28.70883869606504, 47.121379207925671 ], [ 28.708839196268695, 47.121394825118962 ], [ 28.708839696472772, 47.121410442312225 ], [ 28.708817316695342, 47.121426400927945 ], [ 28.708794936904532, 47.121442359539436 ], [ 28.708772557100342, 47.121458318146679 ], [ 28.70875017728277, 47.121474276749687 ], [ 28.708727797451825, 47.121490235348439 ], [ 28.708705417607501, 47.121506193942942 ], [ 28.708683037749797, 47.121522152533217 ], [ 28.708660657878713, 47.121538111119222 ], [ 28.70863827799425, 47.121554069701006 ], [ 28.708615898096408, 47.121570028278533 ], [ 28.708593518185189, 47.121585986851827 ], [ 28.708571138260588, 47.121601945420856 ], [ 28.70854875832261, 47.121617903985658 ], [ 28.708526378371253, 47.121633862546219 ], [ 28.70850399840652, 47.12164982110253 ], [ 28.708481618428401, 47.121665779654592 ], [ 28.708459238436912, 47.121681738202426 ], [ 28.708436858432041, 47.12169769674599 ], [ 28.708414478413783, 47.121713655285326 ], [ 28.708392098382156, 47.121729613820413 ], [ 28.708369718337146, 47.121745572351259 ], [ 28.708347338278756, 47.121761530877848 ], [ 28.70832495820699, 47.121777489400216 ], [ 28.708302578121842, 47.121793447918314 ], [ 28.708280198023314, 47.121809406432192 ], [ 28.708257817911409, 47.12182536494182 ], [ 28.708235437786126, 47.1218413234472 ], [ 28.708213057647463, 47.121857281948323 ], [ 28.708190677495423, 47.121873240445204 ], [ 28.708191177518085, 47.121888857642425 ], [ 28.708191677541166, 47.121904474839596 ], [ 28.708192177564666, 47.121920092036717 ], [ 28.708192677588578, 47.121935709233796 ], [ 28.708193177612916, 47.121951326430825 ], [ 28.708170797416145, 47.121967284924153 ], [ 28.70814841720599, 47.121983243413247 ], [ 28.708148917218207, 47.121998860610503 ], [ 28.708126536988406, 47.12201481909549 ], [ 28.708104156745225, 47.122030777576249 ], [ 28.708104656745316, 47.122046394773726 ], [ 28.708082276482489, 47.122062353250364 ], [ 28.708082776476733, 47.122077970447947 ], [ 28.708060396194249, 47.122093928920471 ], [ 28.708038015898389, 47.12210988738876 ], [ 28.70803851588051, 47.122125504586563 ], [ 28.708016135565003, 47.122141463050745 ], [ 28.70799375523611, 47.122157421510671 ], [ 28.707994255206113, 47.122173038708723 ], [ 28.707971874857574, 47.122188997164557 ], [ 28.707972374821718, 47.122204614362687 ], [ 28.707949994453532, 47.122220572814406 ], [ 28.707927614071966, 47.122236531261883 ], [ 28.707928114023993, 47.122252148460241 ], [ 28.707905733622773, 47.122268106903611 ], [ 28.707906233568949, 47.122283724102068 ], [ 28.707906733515543, 47.122299341300476 ], [ 28.707907233462556, 47.122314958498826 ], [ 28.707907733409989, 47.122330575697148 ], [ 28.707908233357838, 47.122346192895421 ], [ 28.707908733306109, 47.122361810093636 ], [ 28.707909233254796, 47.122377427291809 ], [ 28.707886852796307, 47.122393385731911 ], [ 28.707864472324435, 47.12240934416775 ], [ 28.707842091839183, 47.12242530259936 ], [ 28.707842591769481, 47.122440919797903 ], [ 28.707820211264579, 47.1224568782254 ], [ 28.707797830746301, 47.122472836648662 ], [ 28.707775450214641, 47.122488795067682 ], [ 28.70777595012655, 47.122504412266572 ], [ 28.707753569575239, 47.122520370681499 ], [ 28.707731189010548, 47.122536329092149 ], [ 28.707708808432475, 47.122552287498564 ], [ 28.707709308325988, 47.122567904697846 ], [ 28.707686927728265, 47.122583863100161 ], [ 28.707664547117165, 47.12259982149822 ], [ 28.70764216649269, 47.122615779892044 ], [ 28.707619785854831, 47.122631738281619 ], [ 28.707620285723678, 47.122647355481405 ], [ 28.707597905066169, 47.122663313866866 ], [ 28.707575524395281, 47.122679272248085 ], [ 28.70755314371101, 47.122695230625091 ], [ 28.707553643561464, 47.122710847825232 ], [ 28.70753126285755, 47.122726806198109 ], [ 28.707508882140246, 47.122742764566731 ], [ 28.707486501409569, 47.122758722931117 ], [ 28.707487001241631, 47.122774340131635 ], [ 28.707464620491301, 47.122790298491914 ], [ 28.707465120317512, 47.122805915692531 ], [ 28.707465620144134, 47.122821532893099 ], [ 28.707466119971183, 47.122837150093609 ], [ 28.707466619798648, 47.122852767294091 ], [ 28.707467119626539, 47.122868384494524 ], [ 28.707467619454842, 47.122884001694899 ], [ 28.707468119283565, 47.122899618895232 ], [ 28.707468619112706, 47.122915236095523 ], [ 28.707469118942267, 47.122930853295749 ], [ 28.707469618772244, 47.122946470495947 ], [ 28.707470118602647, 47.122962087696102 ], [ 28.707447737769957, 47.122978046053653 ], [ 28.707425356923885, 47.122994004406955 ], [ 28.707402976064436, 47.123009962756015 ], [ 28.707380595191609, 47.12302592110084 ], [ 28.707377621998358, 47.123033463692671 ] ] } }
]
}
