{
"type": "FeatureCollection",
"name": "row",
"crs": { "type": "name", "properties": { "name": "urn:ogc:def:crs:OGC:1.3:CRS84" } },
"xy_coordinate_resolution": 1e-07,
"features": [
{ "type": "Feature", "properties": { "vineyard_id": "V01", "row_id": "V01-R001", "row_structure": "regular", "length_m": 6.36 }, "geometry": { "type": "LineString", "coordinates": [ [ 28.7025475, 47.1280542 ], [ 28.7025063, 47.128104 ] ] } },
{ "type": "Feature", "properties": { "vineyard_id": "V01", "row_id": "V01-R002", "row_structure": "regular", "length_m": 6.38 }, "geometry": { "type": "LineString", "coordinates": [ [ 28.7025372, 47.1280499 ], [ 28.7025001, 47.1281014 ] ] } },
{ "type": "Feature", "properties": { "vineyard_id": "V01", "row_id": "V01-R003", "row_structure": "regular", "length_m": 5.15 }, "geometry": { "type": "LineString", "coordinates": [ [ 28.702534, 47.1280146 ], [ 28.7025062, 47.1280452 ], [ 28.702499, 47.1280543 ] ] } },
{ "type": "Feature", "properties": { "vineyard_id": "V02", "row_id": "V02-R001", "row_structure": "regular", "length_m": 7.35 }, "geometry": { "type": "LineString", "coordinates": [ [ 28.7027724, 47.1280416 ], [ 28.7027209, 47.1280976 ] ] } },
{ "type": "Feature", "properties": { "vineyard_id": "V02", "row_id": "V02-R002", "row_structure": "regular", "length_m": 6.45 }, "geometry": { "type": "LineString", "coordinates": [ [ 28.702758, 47.1280461 ], [ 28.7027267, 47.1281001 ] ] } },
{ "type": "Feature", "properties": { "vineyard_id": "V02", "row_id": "V02-R003", "row_structure": "unassessable", "length_m": 2.56 }, "geometry": { "type": "LineString", "coordinates": [ [ 28.7026637, 47.1280357 ], [ 28.7026429, 47.1280539 ] ] } },
{ "type": "Feature", "properties": { "vineyard_id": "V02", "row_id": "V02-R004", "row_structure": "unassessable", "length_m": 2.6 }, "geometry": { "type": "LineString", "coordinates": [ [ 28.7027046, 47.1279726 ], [ 28.7026869, 47.1279926 ] ] } },
{ "type": "Feature", "properties": { "vineyard_id": "V02", "row_id": "V02-R005", "row_structure": "unassessable", "length_m": 2.55 }, "geometry": { "type": "LineString", "coordinates": [ [ 28.7026526, 47.128031 ], [ 28.7026348, 47.1280505 ] ] } },
{ "type": "Feature", "properties": { "vineyard_id": "V02", "row_id": "V02-R006", "row_structure": "unassessable", "length_m": 2.95 }, "geometry": { "type": "LineString", "coordinates": [ [ 28.702686, 47.1279477 ], [ 28.7026655, 47.1279703 ] ] } },
{ "type": "Feature", "properties": { "vineyard_id": "V02", "row_id": "V02-R007", "row_structure": "unassessable", "length_m": 2.96 }, "geometry": { "type": "LineString", "coordinates": [ [ 28.7026706, 47.1279412 ], [ 28.7026522, 47.1279646 ] ] } },
{ "type": "Feature", "properties": { "vineyard_id": "V02", "row_id": "V02-R008", "row_structure": "regular", "length_m": 3.95 }, "geometry": { "type": "LineString", "coordinates": [ [ 28.7026703, 47.1279093 ], [ 28.7026431, 47.1279396 ] ] } },
{ "type": "Feature", "properties": { "vineyard_id": "V03", "row_id": "V03-R001", "row_structure": "unassessable", "length_m": 1.95 }, "geometry": { "type": "LineString", "coordinates": [ [ 28.7028365, 47.1279269 ], [ 28.702823, 47.1279418 ] ] } },
{ "type": "Feature", "properties": { "vineyard_id": "V03", "row_id": "V03-R002", "row_structure": "unassessable", "length_m": 1.98 }, "geometry": { "type": "LineString", "coordinates": [ [ 28.7028308, 47.1279244 ], [ 28.7028207, 47.1279408 ] ] } },
{ "type": "Feature", "properties": { "vineyard_id": "V03", "row_id": "V03-R003", "row_structure": "unassessable", "length_m": 1.95 }, "geometry": { "type": "LineString", "coordinates": [ [ 28.7028243, 47.1279216 ], [ 28.7028105, 47.1279365 ] ] } },
{ "type": "Feature", "properties": { "vineyard_id": "V03", "row_id": "V03-R004", "row_structure": "unassessable", "length_m": 2.15 }, "geometry": { "type": "LineString", "coordinates": [ [ 28.7028069, 47.1279121 ], [ 28.7027919, 47.1279286 ] ] } },
{ "type": "Feature", "properties": { "vineyard_id": "V03", "row_id": "V03-R005", "row_structure": "unassessable", "length_m": 2.96 }, "geometry": { "type": "LineString", "coordinates": [ [ 28.7028028, 47.1279104 ], [ 28.7027797, 47.1279318 ] ] } },
{ "type": "Feature", "properties": { "vineyard_id": "V03", "row_id": "V03-R006", "row_structure": "regular", "length_m": 12.15 }, "geometry": { "type": "LineString", "coordinates": [ [ 28.702814, 47.1278495 ], [ 28.7027307, 47.1279429 ] ] } },
{ "type": "Feature", "properties": { "vineyard_id": "V04", "row_id": "V04-R001", "row_structure": "regular", "length_m": 6.3 }, "geometry": { "type": "LineString", "coordinates": [ [ 28.7041893, 47.1293134 ], [ 28.7041608, 47.1293667 ] ] } },
{ "type": "Feature", "properties": { "vineyard_id": "V04", "row_id": "V04-R002", "row_structure": "regular", "length_m": 10.9 }, "geometry": { "type": "LineString", "coordinates": [ [ 28.7041833, 47.1292634 ], [ 28.7041309, 47.1293547 ] ] } },
{ "type": "Feature", "properties": { "vineyard_id": "V04", "row_id": "V04-R003", "row_structure": "regular", "length_m": 21.1 }, "geometry": { "type": "LineString", "coordinates": [ [ 28.7041746, 47.1292126 ], [ 28.7041159, 47.1293128 ], [ 28.7040738, 47.1293895 ] ] } },
{ "type": "Feature", "properties": { "vineyard_id": "V04", "row_id": "V04-R004", "row_structure": "regular", "length_m": 26.35 }, "geometry": { "type": "LineString", "coordinates": [ [ 28.7041682, 47.1291624 ], [ 28.7040714, 47.1293298 ], [ 28.704042, 47.1293833 ] ] } },
{ "type": "Feature", "properties": { "vineyard_id": "V04", "row_id": "V04-R005", "row_structure": "disrupted", "length_m": 30.75 }, "geometry": { "type": "LineString", "coordinates": [ [ 28.7041857, 47.1290742 ], [ 28.7040386, 47.129332 ] ] } },
{ "type": "Feature", "properties": { "vineyard_id": "V04", "row_id": "V04-R006", "row_structure": "regular", "length_m": 37.0 }, "geometry": { "type": "LineString", "coordinates": [ [ 28.7041814, 47.1290208 ], [ 28.7041522, 47.1290709 ], [ 28.7040053, 47.1293312 ] ] } },
{ "type": "Feature", "properties": { "vineyard_id": "V04", "row_id": "V04-R007", "row_structure": "regular", "length_m": 40.1 }, "geometry": { "type": "LineString", "coordinates": [ [ 28.7041747, 47.1289739 ], [ 28.7039791, 47.1293091 ] ] } },
{ "type": "Feature", "properties": { "vineyard_id": "V04", "row_id": "V04-R008", "row_structure": "regular", "length_m": 46.85 }, "geometry": { "type": "LineString", "coordinates": [ [ 28.7041694, 47.1289207 ], [ 28.704063, 47.1291048 ], [ 28.7039402, 47.1293121 ] ] } },
{ "type": "Feature", "properties": { "vineyard_id": "V04", "row_id": "V04-R009", "row_structure": "regular", "length_m": 55.1 }, "geometry": { "type": "LineString", "coordinates": [ [ 28.7041767, 47.1288374 ], [ 28.7041494, 47.1288881 ], [ 28.7040808, 47.129005 ], [ 28.7040329, 47.1290889 ], [ 28.7039088, 47.1292982 ] ] } },
{ "type": "Feature", "properties": { "vineyard_id": "V04", "row_id": "V04-R010", "row_structure": "regular", "length_m": 13.96 }, "geometry": { "type": "LineString", "coordinates": [ [ 28.704782, 47.1280125 ], [ 28.7047618, 47.1280457 ], [ 28.7047089, 47.1281278 ] ] } },
{ "type": "Feature", "properties": { "vineyard_id": "V04", "row_id": "V04-R011", "row_structure": "regular", "length_m": 21.76 }, "geometry": { "type": "LineString", "coordinates": [ [ 28.7048237, 47.1279107 ], [ 28.7047757, 47.1279945 ], [ 28.7047135, 47.1280914 ] ] } },
{ "type": "Feature", "properties": { "vineyard_id": "V04", "row_id": "V04-R012", "row_structure": "regular", "length_m": 61.45 }, "geometry": { "type": "LineString", "coordinates": [ [ 28.7041758, 47.128782 ], [ 28.7040006, 47.129083 ], [ 28.7039303, 47.1291995 ], [ 28.7038744, 47.1292951 ] ] } },
{ "type": "Feature", "properties": { "vineyard_id": "V04", "row_id": "V04-R013", "row_structure": "regular", "length_m": 10.07 }, "geometry": { "type": "LineString", "coordinates": [ [ 28.7047802, 47.1279638 ], [ 28.7047356, 47.1280293 ], [ 28.7047251, 47.1280462 ] ] } },
{ "type": "Feature", "properties": { "vineyard_id": "V04", "row_id": "V04-R014", "row_structure": "regular", "length_m": 3.55 }, "geometry": { "type": "LineString", "coordinates": [ [ 28.7047539, 47.1279714 ], [ 28.7047362, 47.128001 ] ] } },
{ "type": "Feature", "properties": { "vineyard_id": "V04", "row_id": "V04-R015", "row_structure": "disrupted", "length_m": 59.1 }, "geometry": { "type": "LineString", "coordinates": [ [ 28.7041694, 47.1287294 ], [ 28.7040915, 47.1288632 ], [ 28.7040633, 47.1289136 ], [ 28.7038822, 47.1292237 ] ] } },
{ "type": "Feature", "properties": { "vineyard_id": "V04", "row_id": "V04-R016", "row_structure": "disrupted", "length_m": 27.0 }, "geometry": { "type": "LineString", "coordinates": [ [ 28.7047758, 47.1278957 ], [ 28.7046482, 47.1281225 ] ] } },
{ "type": "Feature", "properties": { "vineyard_id": "V04", "row_id": "V04-R017", "row_structure": "disrupted", "length_m": 61.7 }, "geometry": { "type": "LineString", "coordinates": [ [ 28.7041541, 47.1286952 ], [ 28.704086, 47.1288123 ], [ 28.7039674, 47.1290125 ], [ 28.7038541, 47.1292112 ] ] } },
{ "type": "Feature", "properties": { "vineyard_id": "V04", "row_id": "V04-R018", "row_structure": "regular", "length_m": 9.9 }, "geometry": { "type": "LineString", "coordinates": [ [ 28.7046363, 47.128024 ], [ 28.7045889, 47.128107 ] ] } },
{ "type": "Feature", "properties": { "vineyard_id": "V04", "row_id": "V04-R019", "row_structure": "regular", "length_m": 22.18 }, "geometry": { "type": "LineString", "coordinates": [ [ 28.7047051, 47.1278791 ], [ 28.7046836, 47.1279313 ], [ 28.7046627, 47.1280222 ], [ 28.704656, 47.128059 ], [ 28.70465, 47.1280748 ] ] } },
{ "type": "Feature", "properties": { "vineyard_id": "V04", "row_id": "V04-R020", "row_structure": "disrupted", "length_m": 56.0 }, "geometry": { "type": "LineString", "coordinates": [ [ 28.7040788, 47.1287605 ], [ 28.7039128, 47.1290446 ], [ 28.7038359, 47.1291787 ], [ 28.7038056, 47.1292285 ] ] } },
{ "type": "Feature", "properties": { "vineyard_id": "V04", "row_id": "V04-R021", "row_structure": "regular", "length_m": 35.72 }, "geometry": { "type": "LineString", "coordinates": [ [ 28.7047033, 47.1278334 ], [ 28.7046798, 47.1278851 ], [ 28.7046618, 47.1279189 ], [ 28.7046332, 47.1279692 ], [ 28.7046114, 47.128002 ], [ 28.7046014, 47.1280187 ], [ 28.7045369, 47.1281338 ] ] } },
{ "type": "Feature", "properties": { "vineyard_id": "V04", "row_id": "V04-R022", "row_structure": "disrupted", "length_m": 75.25 }, "geometry": { "type": "LineString", "coordinates": [ [ 28.7041502, 47.1285765 ], [ 28.7039268, 47.1289613 ], [ 28.7038578, 47.1290781 ], [ 28.7038302, 47.1291287 ], [ 28.7038107, 47.1291621 ], [ 28.7037836, 47.1292056 ] ] } },
{ "type": "Feature", "properties": { "vineyard_id": "V04", "row_id": "V04-R023", "row_structure": "regular", "length_m": 36.0 }, "geometry": { "type": "LineString", "coordinates": [ [ 28.7046699, 47.1278295 ], [ 28.7045971, 47.1279646 ], [ 28.7045306, 47.1280821 ], [ 28.7045031, 47.1281327 ] ] } },
{ "type": "Feature", "properties": { "vineyard_id": "V04", "row_id": "V04-R024", "row_structure": "regular", "length_m": 76.31 }, "geometry": { "type": "LineString", "coordinates": [ [ 28.7041179, 47.1285678 ], [ 28.703993, 47.1287856 ], [ 28.7038947, 47.1289526 ], [ 28.7038499, 47.1290372 ], [ 28.7037817, 47.1291543 ], [ 28.7037498, 47.1292066 ] ] } },
{ "type": "Feature", "properties": { "vineyard_id": "V04", "row_id": "V04-R025", "row_structure": "regular", "length_m": 48.73 }, "geometry": { "type": "LineString", "coordinates": [ [ 28.7047138, 47.127708 ], [ 28.704694, 47.1277413 ], [ 28.7046698, 47.1277736 ], [ 28.7046592, 47.1277901 ], [ 28.7045251, 47.1280248 ], [ 28.7044772, 47.1281153 ] ] } },
{ "type": "Feature", "properties": { "vineyard_id": "V04", "row_id": "V04-R026", "row_structure": "regular", "length_m": 68.75 }, "geometry": { "type": "LineString", "coordinates": [ [ 28.7040551, 47.1286088 ], [ 28.7040086, 47.128693 ], [ 28.7039389, 47.1288096 ], [ 28.7038349, 47.1289944 ], [ 28.7037222, 47.1291841 ] ] } },
{ "type": "Feature", "properties": { "vineyard_id": "V04", "row_id": "V04-R027", "row_structure": "regular", "length_m": 46.45 }, "geometry": { "type": "LineString", "coordinates": [ [ 28.7046607, 47.1277211 ], [ 28.7045593, 47.1279065 ], [ 28.7044419, 47.1281114 ] ] } },
{ "type": "Feature", "properties": { "vineyard_id": "V04", "row_id": "V04-R028", "row_structure": "regular", "length_m": 12.0 }, "geometry": { "type": "LineString", "coordinates": [ [ 28.704157, 47.1284564 ], [ 28.7040988, 47.1285568 ] ] } },
{ "type": "Feature", "properties": { "vineyard_id": "V04", "row_id": "V04-R029", "row_structure": "disrupted", "length_m": 72.0 }, "geometry": { "type": "LineString", "coordinates": [ [ 28.7040541, 47.1285504 ], [ 28.7039765, 47.1286843 ], [ 28.7038339, 47.1289361 ], [ 28.7037644, 47.1290527 ], [ 28.7037066, 47.1291532 ] ] } },
{ "type": "Feature", "properties": { "vineyard_id": "V04", "row_id": "V04-R030", "row_structure": "regular", "length_m": 51.2 }, "geometry": { "type": "LineString", "coordinates": [ [ 28.7046467, 47.1276769 ], [ 28.7045937, 47.1277787 ], [ 28.7044809, 47.1279804 ], [ 28.7044068, 47.1281075 ] ] } },
{ "type": "Feature", "properties": { "vineyard_id": "V04", "row_id": "V04-R031", "row_structure": "regular", "length_m": 76.45 }, "geometry": { "type": "LineString", "coordinates": [ [ 28.7040241, 47.1285423 ], [ 28.7039456, 47.1286759 ], [ 28.703918, 47.1287265 ], [ 28.7038205, 47.1288937 ], [ 28.7037048, 47.1290947 ], [ 28.7036529, 47.1291817 ] ] } },
{ "type": "Feature", "properties": { "vineyard_id": "V04", "row_id": "V04-R032", "row_structure": "regular", "length_m": 48.86 }, "geometry": { "type": "LineString", "coordinates": [ [ 28.7045984, 47.1277048 ], [ 28.704552, 47.127789 ], [ 28.7045211, 47.1278387 ], [ 28.7044924, 47.127889 ], [ 28.7044721, 47.1279222 ], [ 28.7044244, 47.1280061 ], [ 28.7043785, 47.1280904 ], [ 28.7043663, 47.1281147 ] ] } },
{ "type": "Feature", "properties": { "vineyard_id": "V04", "row_id": "V04-R033", "row_structure": "regular", "length_m": 67.0 }, "geometry": { "type": "LineString", "coordinates": [ [ 28.7039962, 47.1285347 ], [ 28.7039448, 47.1286176 ], [ 28.703915, 47.1286676 ], [ 28.7037705, 47.1289188 ], [ 28.7037021, 47.1290358 ], [ 28.7036693, 47.1290947 ] ] } },
{ "type": "Feature", "properties": { "vineyard_id": "V04", "row_id": "V04-R034", "row_structure": "regular", "length_m": 50.2 }, "geometry": { "type": "LineString", "coordinates": [ [ 28.7045702, 47.1276974 ], [ 28.7045222, 47.1277812 ], [ 28.7043344, 47.1281194 ] ] } },
{ "type": "Feature", "properties": { "vineyard_id": "V04", "row_id": "V04-R035", "row_structure": "disrupted", "length_m": 106.5 }, "geometry": { "type": "LineString", "coordinates": [ [ 28.7045391, 47.1276941 ], [ 28.7044132, 47.1279116 ], [ 28.704302, 47.1281138 ], [ 28.7041604, 47.1283658 ], [ 28.7040327, 47.1285877 ] ] } },
{ "type": "Feature", "properties": { "vineyard_id": "V04", "row_id": "V04-R036", "row_structure": "regular", "length_m": 47.0 }, "geometry": { "type": "LineString", "coordinates": [ [ 28.7038657, 47.1286929 ], [ 28.7038355, 47.1287428 ], [ 28.7036348, 47.1290853 ] ] } },
{ "type": "Feature", "properties": { "vineyard_id": "V04", "row_id": "V04-R037", "row_structure": "disrupted", "length_m": 108.55 }, "geometry": { "type": "LineString", "coordinates": [ [ 28.7045345, 47.1276399 ], [ 28.7044872, 47.1277238 ], [ 28.7044089, 47.1278575 ], [ 28.7042689, 47.1281099 ], [ 28.7041273, 47.128362 ], [ 28.7040975, 47.128412 ], [ 28.7040592, 47.128479 ], [ 28.7040199, 47.1285511 ] ] } },
{ "type": "Feature", "properties": { "vineyard_id": "V04", "row_id": "V04-R038", "row_structure": "regular", "length_m": 37.02 }, "geometry": { "type": "LineString", "coordinates": [ [ 28.7039414, 47.1285682 ], [ 28.7039087, 47.1286175 ], [ 28.7038695, 47.1286649 ], [ 28.7037199, 47.1288649 ] ] } },
{ "type": "Feature", "properties": { "vineyard_id": "V04", "row_id": "V04-R039", "row_structure": "regular", "length_m": 56.29 }, "geometry": { "type": "LineString", "coordinates": [ [ 28.7039095, 47.1285644 ], [ 28.7038798, 47.1286144 ], [ 28.7038563, 47.1286468 ], [ 28.7038056, 47.1287299 ], [ 28.703658, 47.1289803 ], [ 28.70362, 47.1290305 ] ] } },
{ "type": "Feature", "properties": { "vineyard_id": "V04", "row_id": "V04-R040", "row_structure": "regular", "length_m": 7.84 }, "geometry": { "type": "LineString", "coordinates": [ [ 28.7037185, 47.1288389 ], [ 28.7036806, 47.1288867 ], [ 28.7036707, 47.1289014 ] ] } },
{ "type": "Feature", "properties": { "vineyard_id": "V04", "row_id": "V04-R041", "row_structure": "disrupted", "length_m": 112.01 }, "geometry": { "type": "LineString", "coordinates": [ [ 28.7045046, 47.127632 ], [ 28.7044756, 47.1276822 ], [ 28.7044431, 47.1277316 ], [ 28.7043788, 47.1278496 ], [ 28.7040285, 47.128471 ], [ 28.7039749, 47.1285726 ] ] } },
{ "type": "Feature", "properties": { "vineyard_id": "V04", "row_id": "V04-R042", "row_structure": "unassessable", "length_m": 1.77 }, "geometry": { "type": "LineString", "coordinates": [ [ 28.7045632, 47.1276363 ], [ 28.704552, 47.1276502 ] ] } },
{ "type": "Feature", "properties": { "vineyard_id": "V04", "row_id": "V04-R043", "row_structure": "regular", "length_m": 11.27 }, "geometry": { "type": "LineString", "coordinates": [ [ 28.703803, 47.1286832 ], [ 28.7037683, 47.1287318 ], [ 28.7037427, 47.1287757 ] ] } },
{ "type": "Feature", "properties": { "vineyard_id": "V04", "row_id": "V04-R044", "row_structure": "regular", "length_m": 112.01 }, "geometry": { "type": "LineString", "coordinates": [ [ 28.7044691, 47.1276227 ], [ 28.7043913, 47.1277565 ], [ 28.7042966, 47.1279245 ], [ 28.7042522, 47.1280092 ], [ 28.7041786, 47.1281441 ], [ 28.7040187, 47.1284299 ], [ 28.7039887, 47.1284798 ], [ 28.7039416, 47.1285639 ] ] } },
{ "type": "Feature", "properties": { "vineyard_id": "V04", "row_id": "V04-R045", "row_structure": "regular", "length_m": 21.6 }, "geometry": { "type": "LineString", "coordinates": [ [ 28.7036252, 47.1288596 ], [ 28.7035731, 47.1289422 ], [ 28.7035175, 47.1290395 ] ] } },
{ "type": "Feature", "properties": { "vineyard_id": "V04", "row_id": "V04-R046", "row_structure": "disrupted", "length_m": 117.03 }, "geometry": { "type": "LineString", "coordinates": [ [ 28.7044437, 47.1276161 ], [ 28.7044329, 47.1276325 ], [ 28.7044087, 47.1276647 ], [ 28.704219, 47.1280005 ], [ 28.7041451, 47.1281354 ], [ 28.7038854, 47.1285973 ] ] } },
{ "type": "Feature", "properties": { "vineyard_id": "V04", "row_id": "V04-R047", "row_structure": "regular", "length_m": 39.7 }, "geometry": { "type": "LineString", "coordinates": [ [ 28.7040645, 47.1281523 ], [ 28.7040163, 47.1282361 ], [ 28.703878, 47.128486 ] ] } },
{ "type": "Feature", "properties": { "vineyard_id": "V04", "row_id": "V04-R048", "row_structure": "regular", "length_m": 56.76 }, "geometry": { "type": "LineString", "coordinates": [ [ 28.7037395, 47.1285963 ], [ 28.7036156, 47.1288144 ], [ 28.7035834, 47.1288638 ], [ 28.7034639, 47.129071 ] ] } },
{ "type": "Feature", "properties": { "vineyard_id": "V04", "row_id": "V04-R049", "row_structure": "regular", "length_m": 99.51 }, "geometry": { "type": "LineString", "coordinates": [ [ 28.7043986, 47.1276284 ], [ 28.7043794, 47.1276619 ], [ 28.704358, 47.1276948 ], [ 28.7043482, 47.1277115 ], [ 28.7041973, 47.1279804 ], [ 28.7041581, 47.1280472 ], [ 28.703925, 47.1284632 ] ] } },
{ "type": "Feature", "properties": { "vineyard_id": "V04", "row_id": "V04-R050", "row_structure": "regular", "length_m": 66.65 }, "geometry": { "type": "LineString", "coordinates": [ [ 28.7037605, 47.1285087 ], [ 28.7037104, 47.1285919 ], [ 28.7035448, 47.1288762 ], [ 28.7034331, 47.1290652 ] ] } },
{ "type": "Feature", "properties": { "vineyard_id": "V04", "row_id": "V04-R051", "row_structure": "regular", "length_m": 22.0 }, "geometry": { "type": "LineString", "coordinates": [ [ 28.7039291, 47.1283005 ], [ 28.7038783, 47.1283835 ], [ 28.7038214, 47.1284842 ] ] } },
{ "type": "Feature", "properties": { "vineyard_id": "V04", "row_id": "V04-R052", "row_structure": "regular", "length_m": 36.51 }, "geometry": { "type": "LineString", "coordinates": [ [ 28.7042665, 47.1278106 ], [ 28.7042555, 47.127827 ], [ 28.7042306, 47.127859 ], [ 28.7042015, 47.1279092 ], [ 28.7041359, 47.128027 ], [ 28.7041224, 47.128062 ], [ 28.7041144, 47.1280791 ], [ 28.7040938, 47.1281166 ] ] } },
{ "type": "Feature", "properties": { "vineyard_id": "V04", "row_id": "V04-R053", "row_structure": "disrupted", "length_m": 53.75 }, "geometry": { "type": "LineString", "coordinates": [ [ 28.7036705, 47.128601 ], [ 28.7036111, 47.1287011 ], [ 28.7035164, 47.128869 ], [ 28.7034862, 47.1289189 ], [ 28.7034376, 47.1290026 ], [ 28.7034084, 47.1290503 ] ] } },
{ "type": "Feature", "properties": { "vineyard_id": "V04", "row_id": "V04-R054", "row_structure": "disrupted", "length_m": 92.4 }, "geometry": { "type": "LineString", "coordinates": [ [ 28.7042964, 47.1276739 ], [ 28.7038593, 47.1284498 ] ] } },
{ "type": "Feature", "properties": { "vineyard_id": "V04", "row_id": "V04-R055", "row_structure": "regular", "length_m": 25.88 }, "geometry": { "type": "LineString", "coordinates": [ [ 28.7043991, 47.1275678 ], [ 28.7043845, 47.1276025 ], [ 28.704376, 47.1276196 ], [ 28.7043175, 47.1277199 ], [ 28.7043073, 47.1277365 ], [ 28.7042804, 47.127768 ], [ 28.7042703, 47.1277827 ] ] } },
{ "type": "Feature", "properties": { "vineyard_id": "V04", "row_id": "V04-R056", "row_structure": "regular", "length_m": 42.0 }, "geometry": { "type": "LineString", "coordinates": [ [ 28.7039825, 47.1281217 ], [ 28.7037832, 47.1284742 ] ] } },
{ "type": "Feature", "properties": { "vineyard_id": "V04", "row_id": "V04-R057", "row_structure": "disrupted", "length_m": 81.73 }, "geometry": { "type": "LineString", "coordinates": [ [ 28.7043326, 47.1275904 ], [ 28.7042998, 47.1276396 ], [ 28.7041177, 47.1279581 ], [ 28.7041078, 47.1279748 ], [ 28.7040847, 47.1280073 ], [ 28.7040745, 47.1280239 ], [ 28.7040178, 47.1281247 ], [ 28.7039903, 47.1281753 ], [ 28.7039705, 47.1282279 ], [ 28.7039554, 47.1282625 ], [ 28.7039482, 47.1282765 ] ] } },
{ "type": "Feature", "properties": { "vineyard_id": "V04", "row_id": "V04-R058", "row_structure": "disrupted", "length_m": 66.0 }, "geometry": { "type": "LineString", "coordinates": [ [ 28.703713, 47.1284539 ], [ 28.7036647, 47.1285376 ], [ 28.7036376, 47.1285883 ], [ 28.7034729, 47.1288728 ], [ 28.7033965, 47.129007 ] ] } },
{ "type": "Feature", "properties": { "vineyard_id": "V04", "row_id": "V04-R059", "row_structure": "regular", "length_m": 6.11 }, "geometry": { "type": "LineString", "coordinates": [ [ 28.7037127, 47.1284847 ], [ 28.7036884, 47.1285371 ] ] } },
{ "type": "Feature", "properties": { "vineyard_id": "V04", "row_id": "V04-R060", "row_structure": "regular", "length_m": 5.31 }, "geometry": { "type": "LineString", "coordinates": [ [ 28.703709, 47.1284915 ], [ 28.7037004, 47.1285085 ], [ 28.7036878, 47.128537 ] ] } },
{ "type": "Feature", "properties": { "vineyard_id": "V04", "row_id": "V04-R061", "row_structure": "disrupted", "length_m": 75.9 }, "geometry": { "type": "LineString", "coordinates": [ [ 28.7036902, 47.1284386 ], [ 28.7034857, 47.1287897 ], [ 28.7034387, 47.1288738 ], [ 28.7034, 47.1289407 ], [ 28.7033208, 47.1290732 ] ] } },
{ "type": "Feature", "properties": { "vineyard_id": "V04", "row_id": "V04-R062", "row_structure": "regular", "length_m": 107.02 }, "geometry": { "type": "LineString", "coordinates": [ [ 28.704313, 47.1275337 ], [ 28.7042658, 47.1276177 ], [ 28.7042554, 47.1276343 ], [ 28.7042327, 47.1276669 ], [ 28.7042121, 47.1277 ], [ 28.7041643, 47.1277839 ], [ 28.704134, 47.1278337 ], [ 28.7038801, 47.1282876 ], [ 28.7037987, 47.1284301 ] ] } },
{ "type": "Feature", "properties": { "vineyard_id": "V04", "row_id": "V04-R063", "row_structure": "unassessable", "length_m": 2.25 }, "geometry": { "type": "LineString", "coordinates": [ [ 28.7041966, 47.1277711 ], [ 28.7041859, 47.12779 ] ] } },
{ "type": "Feature", "properties": { "vineyard_id": "V04", "row_id": "V04-R064", "row_structure": "regular", "length_m": 87.0 }, "geometry": { "type": "LineString", "coordinates": [ [ 28.704157, 47.1277338 ], [ 28.7041276, 47.1277839 ], [ 28.7040039, 47.1280021 ], [ 28.7039391, 47.12812 ], [ 28.7038446, 47.128288 ], [ 28.7038154, 47.1283381 ], [ 28.7037452, 47.1284643 ] ] } },
{ "type": "Feature", "properties": { "vineyard_id": "V04", "row_id": "V04-R065", "row_structure": "disrupted", "length_m": 75.85 }, "geometry": { "type": "LineString", "coordinates": [ [ 28.7036593, 47.1284298 ], [ 28.7034186, 47.1288486 ], [ 28.7033211, 47.1290157 ], [ 28.7032951, 47.1290653 ] ] } },
{ "type": "Feature", "properties": { "vineyard_id": "V04", "row_id": "V04-R066", "row_structure": "regular", "length_m": 109.67 }, "geometry": { "type": "LineString", "coordinates": [ [ 28.704264, 47.1275445 ], [ 28.7042464, 47.1275784 ], [ 28.7041985, 47.1276623 ], [ 28.7041617, 47.1277104 ], [ 28.7040591, 47.127857 ], [ 28.7040055, 47.1279393 ], [ 28.7039746, 47.1279891 ], [ 28.7039267, 47.1280729 ], [ 28.7038823, 47.1281576 ], [ 28.7038056, 47.1282917 ], [ 28.7037136, 47.128456 ] ] } },
{ "type": "Feature", "properties": { "vineyard_id": "V04", "row_id": "V04-R067", "row_structure": "regular", "length_m": 76.55 }, "geometry": { "type": "LineString", "coordinates": [ [ 28.7036279, 47.1284214 ], [ 28.7035785, 47.1285048 ], [ 28.7035508, 47.1285553 ], [ 28.7034074, 47.1288069 ], [ 28.7033588, 47.1288905 ], [ 28.7033281, 47.1289403 ], [ 28.7032569, 47.1290618 ] ] } },
{ "type": "Feature", "properties": { "vineyard_id": "V04", "row_id": "V04-R068", "row_structure": "disrupted", "length_m": 121.35 }, "geometry": { "type": "LineString", "coordinates": [ [ 28.7042042, 47.1275115 ], [ 28.7041139, 47.1276806 ], [ 28.7040204, 47.1278488 ], [ 28.7036895, 47.1284367 ], [ 28.7036351, 47.1285318 ] ] } },
{ "type": "Feature", "properties": { "vineyard_id": "V04", "row_id": "V04-R069", "row_structure": "regular", "length_m": 76.95 }, "geometry": { "type": "LineString", "coordinates": [ [ 28.7035951, 47.1284126 ], [ 28.7034714, 47.1286307 ], [ 28.7034438, 47.1286813 ], [ 28.7032594, 47.1289992 ], [ 28.703224, 47.1290569 ] ] } },
{ "type": "Feature", "properties": { "vineyard_id": "V04", "row_id": "V04-R070", "row_structure": "regular", "length_m": 47.0 }, "geometry": { "type": "LineString", "coordinates": [ [ 28.7042424, 47.1275153 ], [ 28.7041959, 47.1275994 ], [ 28.7041186, 47.1277334 ], [ 28.7040908, 47.1277839 ], [ 28.704017, 47.1279091 ] ] } },
{ "type": "Feature", "properties": { "vineyard_id": "V04", "row_id": "V04-R071", "row_structure": "regular", "length_m": 115.55 }, "geometry": { "type": "LineString", "coordinates": [ [ 28.7041482, 47.1275527 ], [ 28.7040087, 47.1278053 ], [ 28.7037721, 47.1282252 ], [ 28.7036787, 47.1283934 ], [ 28.7036031, 47.1285235 ] ] } },
{ "type": "Feature", "properties": { "vineyard_id": "V04", "row_id": "V04-R072", "row_structure": "regular", "length_m": 76.15 }, "geometry": { "type": "LineString", "coordinates": [ [ 28.7035603, 47.1284109 ], [ 28.703512, 47.1284947 ], [ 28.7034366, 47.1286291 ], [ 28.7031929, 47.1290485 ] ] } },
{ "type": "Feature", "properties": { "vineyard_id": "V04", "row_id": "V04-R073", "row_structure": "disrupted", "length_m": 122.01 }, "geometry": { "type": "LineString", "coordinates": [ [ 28.7041467, 47.1274902 ], [ 28.7041001, 47.1275744 ], [ 28.7040734, 47.1276252 ], [ 28.7039798, 47.1277934 ], [ 28.7039116, 47.1279104 ], [ 28.7038846, 47.1279612 ], [ 28.703669, 47.128348 ], [ 28.7036313, 47.1284152 ], [ 28.7035718, 47.1285153 ] ] } },
{ "type": "Feature", "properties": { "vineyard_id": "V04", "row_id": "V04-R074", "row_structure": "regular", "length_m": 71.6 }, "geometry": { "type": "LineString", "coordinates": [ [ 28.7035089, 47.1284378 ], [ 28.7034333, 47.1285721 ], [ 28.7033833, 47.1286554 ], [ 28.703315, 47.1287724 ], [ 28.70324, 47.128907 ], [ 28.7031646, 47.1290375 ] ] } },
{ "type": "Feature", "properties": { "vineyard_id": "V04", "row_id": "V04-R075", "row_structure": "regular", "length_m": 125.01 }, "geometry": { "type": "LineString", "coordinates": [ [ 28.7041124, 47.1274812 ], [ 28.7040406, 47.1276166 ], [ 28.7039466, 47.1277847 ], [ 28.7038975, 47.1278682 ], [ 28.7038509, 47.1279524 ], [ 28.7037866, 47.1280704 ], [ 28.7037609, 47.1281215 ], [ 28.7037324, 47.1281719 ], [ 28.703683, 47.1282553 ], [ 28.7036178, 47.1283731 ], [ 28.7035695, 47.1284569 ], [ 28.7035506, 47.1284905 ], [ 28.7035292, 47.128533 ] ] } },
{ "type": "Feature", "properties": { "vineyard_id": "V04", "row_id": "V04-R076", "row_structure": "disrupted", "length_m": 71.01 }, "geometry": { "type": "LineString", "coordinates": [ [ 28.7034937, 47.128395 ], [ 28.7034026, 47.1285639 ], [ 28.7032558, 47.1288145 ], [ 28.7031554, 47.1289906 ] ] } },
{ "type": "Feature", "properties": { "vineyard_id": "V04", "row_id": "V04-R077", "row_structure": "regular", "length_m": 59.8 }, "geometry": { "type": "LineString", "coordinates": [ [ 28.7034126, 47.1284815 ], [ 28.7032975, 47.1286826 ], [ 28.7032476, 47.1287659 ], [ 28.7031797, 47.128883 ], [ 28.7031237, 47.1289821 ] ] } },
{ "type": "Feature", "properties": { "vineyard_id": "V04", "row_id": "V04-R078", "row_structure": "regular", "length_m": 128.91 }, "geometry": { "type": "LineString", "coordinates": [ [ 28.7040999, 47.1274485 ], [ 28.7040789, 47.1274816 ], [ 28.70406, 47.1275152 ], [ 28.7039388, 47.127734 ], [ 28.703844, 47.1279019 ], [ 28.7037241, 47.128121 ], [ 28.703658, 47.1282387 ], [ 28.7035632, 47.1284066 ], [ 28.7035328, 47.1284564 ], [ 28.7034908, 47.1285312 ] ] } },
{ "type": "Feature", "properties": { "vineyard_id": "V04", "row_id": "V04-R079", "row_structure": "regular", "length_m": 129.3 }, "geometry": { "type": "LineString", "coordinates": [ [ 28.7040696, 47.1274368 ], [ 28.7038826, 47.1277733 ], [ 28.7037683, 47.1279746 ], [ 28.7037411, 47.1280253 ], [ 28.7037215, 47.1280587 ], [ 28.7035719, 47.1283279 ], [ 28.7034607, 47.1285233 ] ] } },
{ "type": "Feature", "properties": { "vineyard_id": "V04", "row_id": "V04-R080", "row_structure": "regular", "length_m": 64.8 }, "geometry": { "type": "LineString", "coordinates": [ [ 28.7034053, 47.1284312 ], [ 28.7031914, 47.1287992 ], [ 28.703124, 47.1289164 ], [ 28.7030922, 47.1289736 ] ] } },
{ "type": "Feature", "properties": { "vineyard_id": "V04", "row_id": "V04-R081", "row_structure": "disrupted", "length_m": 129.0 }, "geometry": { "type": "LineString", "coordinates": [ [ 28.7040414, 47.1274294 ], [ 28.7040112, 47.1274793 ], [ 28.7039556, 47.1275804 ], [ 28.7038317, 47.1277985 ], [ 28.7037389, 47.1279669 ], [ 28.7036728, 47.1280845 ], [ 28.7035015, 47.1283865 ], [ 28.7034288, 47.1285121 ] ] } },
{ "type": "Feature", "properties": { "vineyard_id": "V04", "row_id": "V04-R082", "row_structure": "regular", "length_m": 71.65 }, "geometry": { "type": "LineString", "coordinates": [ [ 28.7034093, 47.1283627 ], [ 28.7033803, 47.1284129 ], [ 28.7033001, 47.1285461 ], [ 28.7031373, 47.128831 ], [ 28.7030608, 47.1289618 ] ] } },
{ "type": "Feature", "properties": { "vineyard_id": "V04", "row_id": "V04-R083", "row_structure": "regular", "length_m": 99.05 }, "geometry": { "type": "LineString", "coordinates": [ [ 28.7039332, 47.1275519 ], [ 28.7038489, 47.1277033 ], [ 28.7038219, 47.127754 ], [ 28.7036888, 47.127989 ], [ 28.7036334, 47.1280901 ], [ 28.7034678, 47.1283845 ] ] } },
{ "type": "Feature", "properties": { "vineyard_id": "V04", "row_id": "V04-R084", "row_structure": "regular", "length_m": 67.0 }, "geometry": { "type": "LineString", "coordinates": [ [ 28.7033734, 47.128353 ], [ 28.7033178, 47.1284541 ], [ 28.7032513, 47.1285716 ], [ 28.7031062, 47.1288227 ], [ 28.7030519, 47.1289145 ] ] } },
{ "type": "Feature", "properties": { "vineyard_id": "V04", "row_id": "V04-R085", "row_structure": "disrupted", "length_m": 121.06 }, "geometry": { "type": "LineString", "coordinates": [ [ 28.7039582, 47.12745 ], [ 28.7038599, 47.127617 ], [ 28.703832, 47.1276675 ], [ 28.7038148, 47.1277015 ], [ 28.7035793, 47.1281217 ], [ 28.7035049, 47.1282564 ], [ 28.7033853, 47.1284665 ] ] } },
{ "type": "Feature", "properties": { "vineyard_id": "V04", "row_id": "V04-R086", "row_structure": "regular", "length_m": 66.3 }, "geometry": { "type": "LineString", "coordinates": [ [ 28.7033414, 47.1283444 ], [ 28.7032935, 47.1284283 ], [ 28.703267, 47.1284791 ], [ 28.7031697, 47.1286464 ], [ 28.7030745, 47.1288142 ], [ 28.7030244, 47.1289003 ] ] } },
{ "type": "Feature", "properties": { "vineyard_id": "V04", "row_id": "V04-R087", "row_structure": "disrupted", "length_m": 111.1 }, "geometry": { "type": "LineString", "coordinates": [ [ 28.7038823, 47.1275174 ], [ 28.7038048, 47.1276512 ], [ 28.7037773, 47.1277019 ], [ 28.7035985, 47.1280212 ], [ 28.7034973, 47.1282067 ], [ 28.7034022, 47.1283745 ], [ 28.7033579, 47.1284506 ] ] } },
{ "type": "Feature", "properties": { "vineyard_id": "V04", "row_id": "V04-R088", "row_structure": "regular", "length_m": 54.05 }, "geometry": { "type": "LineString", "coordinates": [ [ 28.7033067, 47.1283448 ], [ 28.7032802, 47.1283957 ], [ 28.703185, 47.1285635 ], [ 28.7030468, 47.1287976 ] ] } },
{ "type": "Feature", "properties": { "vineyard_id": "V04", "row_id": "V04-R089", "row_structure": "regular", "length_m": 123.61 }, "geometry": { "type": "LineString", "coordinates": [ [ 28.7039067, 47.127412 ], [ 28.7038226, 47.1275634 ], [ 28.7037726, 47.1276467 ], [ 28.7037248, 47.1277305 ], [ 28.7036312, 47.1278987 ], [ 28.7035218, 47.1281013 ], [ 28.7034936, 47.1281518 ], [ 28.7033183, 47.1284489 ] ] } },
{ "type": "Feature", "properties": { "vineyard_id": "V04", "row_id": "V04-R090", "row_structure": "regular", "length_m": 48.1 }, "geometry": { "type": "LineString", "coordinates": [ [ 28.7031913, 47.1284844 ], [ 28.7031116, 47.1286177 ], [ 28.7029878, 47.1288359 ], [ 28.7029598, 47.1288873 ] ] } },
{ "type": "Feature", "properties": { "vineyard_id": "V04", "row_id": "V04-R091", "row_structure": "regular", "length_m": 132.02 }, "geometry": { "type": "LineString", "coordinates": [ [ 28.7039175, 47.1273339 ], [ 28.7038582, 47.127434 ], [ 28.7037739, 47.1275853 ], [ 28.7037258, 47.1276691 ], [ 28.7036959, 47.1277191 ], [ 28.703629, 47.1278365 ], [ 28.7035362, 47.1280049 ], [ 28.7035111, 47.1280561 ], [ 28.7034636, 47.1281401 ], [ 28.7034154, 47.1282238 ], [ 28.7033654, 47.1283071 ], [ 28.7033466, 47.1283407 ], [ 28.7033156, 47.1283904 ], [ 28.7032863, 47.1284405 ] ] } },
{ "type": "Feature", "properties": { "vineyard_id": "V04", "row_id": "V04-R092", "row_structure": "regular", "length_m": 50.95 }, "geometry": { "type": "LineString", "coordinates": [ [ 28.7031964, 47.1284123 ], [ 28.7030829, 47.1286139 ], [ 28.7029523, 47.1288394 ] ] } },
{ "type": "Feature", "properties": { "vineyard_id": "V04", "row_id": "V04-R093", "row_structure": "regular", "length_m": 119.75 }, "geometry": { "type": "LineString", "coordinates": [ [ 28.7038575, 47.1273707 ], [ 28.7038093, 47.1274544 ], [ 28.7037828, 47.1275053 ], [ 28.7037081, 47.1276399 ], [ 28.7034967, 47.1280085 ], [ 28.7033567, 47.128261 ], [ 28.7032895, 47.1283759 ] ] } },
{ "type": "Feature", "properties": { "vineyard_id": "V04", "row_id": "V04-R094", "row_structure": "regular", "length_m": 51.7 }, "geometry": { "type": "LineString", "coordinates": [ [ 28.7031701, 47.128398 ], [ 28.7030933, 47.1285321 ], [ 28.7030182, 47.1286666 ], [ 28.7029206, 47.1288309 ] ] } },
{ "type": "Feature", "properties": { "vineyard_id": "V04", "row_id": "V04-R095", "row_structure": "disrupted", "length_m": 41.35 }, "geometry": { "type": "LineString", "coordinates": [ [ 28.7030916, 47.1284707 ], [ 28.7030637, 47.1285212 ], [ 28.7030156, 47.128605 ], [ 28.7029354, 47.1287382 ], [ 28.7028897, 47.1288163 ] ] } },
{ "type": "Feature", "properties": { "vineyard_id": "V04", "row_id": "V04-R096", "row_structure": "regular", "length_m": 114.9 }, "geometry": { "type": "LineString", "coordinates": [ [ 28.7038187, 47.1273764 ], [ 28.7037536, 47.1274943 ], [ 28.7036115, 47.1277461 ], [ 28.7034958, 47.1279471 ], [ 28.70342, 47.1280814 ], [ 28.7033272, 47.1282499 ], [ 28.7032752, 47.1283413 ] ] } },
{ "type": "Feature", "properties": { "vineyard_id": "V04", "row_id": "V04-R097", "row_structure": "regular", "length_m": 41.4 }, "geometry": { "type": "LineString", "coordinates": [ [ 28.7030627, 47.128463 ], [ 28.7029366, 47.1286805 ], [ 28.7029052, 47.12873 ], [ 28.7028592, 47.1288086 ] ] } },
{ "type": "Feature", "properties": { "vineyard_id": "V04", "row_id": "V04-R098", "row_structure": "regular", "length_m": 122.91 }, "geometry": { "type": "LineString", "coordinates": [ [ 28.703808, 47.1273408 ], [ 28.7037968, 47.1273572 ], [ 28.7037478, 47.1274407 ], [ 28.7035292, 47.1278267 ], [ 28.7034794, 47.1279101 ], [ 28.7034605, 47.1279437 ], [ 28.7034155, 47.1280282 ], [ 28.7033126, 47.1282133 ], [ 28.7032551, 47.1283139 ], [ 28.7032246, 47.1283724 ] ] } },
{ "type": "Feature", "properties": { "vineyard_id": "V04", "row_id": "V04-R099", "row_structure": "regular", "length_m": 30.95 }, "geometry": { "type": "LineString", "coordinates": [ [ 28.7029799, 47.1285432 ], [ 28.702932, 47.128627 ], [ 28.7028827, 47.1287105 ], [ 28.7028515, 47.1287601 ], [ 28.7028276, 47.1288015 ] ] } },
{ "type": "Feature", "properties": { "vineyard_id": "V04", "row_id": "V04-R100", "row_structure": "regular", "length_m": 4.9 }, "geometry": { "type": "LineString", "coordinates": [ [ 28.7030975, 47.1283983 ], [ 28.7030642, 47.1284361 ] ] } },
{ "type": "Feature", "properties": { "vineyard_id": "V04", "row_id": "V04-R101", "row_structure": "regular", "length_m": 116.05 }, "geometry": { "type": "LineString", "coordinates": [ [ 28.7037591, 47.1273522 ], [ 28.7035541, 47.1277225 ], [ 28.7034952, 47.1278227 ], [ 28.7033047, 47.1281582 ], [ 28.7032588, 47.1282426 ], [ 28.703214, 47.1283277 ] ] } },
{ "type": "Feature", "properties": { "vineyard_id": "V04", "row_id": "V04-R102", "row_structure": "regular", "length_m": 4.55 }, "geometry": { "type": "LineString", "coordinates": [ [ 28.7028163, 47.1287589 ], [ 28.7027936, 47.1287968 ] ] } },
{ "type": "Feature", "properties": { "vineyard_id": "V04", "row_id": "V04-R103", "row_structure": "disrupted", "length_m": 112.81 }, "geometry": { "type": "LineString", "coordinates": [ [ 28.7037049, 47.1273857 ], [ 28.7034049, 47.1279238 ], [ 28.7033761, 47.1279741 ], [ 28.703345, 47.1280238 ], [ 28.7032323, 47.1282255 ], [ 28.7031707, 47.1283327 ] ] } },
{ "type": "Feature", "properties": { "vineyard_id": "V04", "row_id": "V04-R104", "row_structure": "regular", "length_m": 9.4 }, "geometry": { "type": "LineString", "coordinates": [ [ 28.7029753, 47.1284878 ], [ 28.7029463, 47.1285381 ], [ 28.702931, 47.1285668 ] ] } },
{ "type": "Feature", "properties": { "vineyard_id": "V04", "row_id": "V04-R105", "row_structure": "disrupted", "length_m": 36.4 }, "geometry": { "type": "LineString", "coordinates": [ [ 28.7029425, 47.128479 ], [ 28.7028655, 47.128613 ], [ 28.7027642, 47.1287831 ] ] } },
{ "type": "Feature", "properties": { "vineyard_id": "V04", "row_id": "V04-R106", "row_structure": "disrupted", "length_m": 120.62 }, "geometry": { "type": "LineString", "coordinates": [ [ 28.7036959, 47.127338 ], [ 28.7036098, 47.1274889 ], [ 28.7034419, 47.1277919 ], [ 28.7032805, 47.1280772 ], [ 28.7032408, 47.1281439 ], [ 28.7031842, 47.1282447 ], [ 28.7031751, 47.1282616 ], [ 28.7031594, 47.1282961 ], [ 28.7031481, 47.1283316 ], [ 28.7031419, 47.1283493 ], [ 28.7031393, 47.1283539 ] ] } },
{ "type": "Feature", "properties": { "vineyard_id": "V04", "row_id": "V04-R107", "row_structure": "regular", "length_m": 5.39 }, "geometry": { "type": "LineString", "coordinates": [ [ 28.7029097, 47.1285395 ], [ 28.7028796, 47.1285834 ] ] } },
{ "type": "Feature", "properties": { "vineyard_id": "V04", "row_id": "V04-R108", "row_structure": "regular", "length_m": 8.41 }, "geometry": { "type": "LineString", "coordinates": [ [ 28.7027887, 47.1286995 ], [ 28.7027355, 47.1287659 ] ] } },
{ "type": "Feature", "properties": { "vineyard_id": "V04", "row_id": "V04-R109", "row_structure": "disrupted", "length_m": 95.82 }, "geometry": { "type": "LineString", "coordinates": [ [ 28.703339, 47.1279775 ], [ 28.7032694, 47.1280539 ], [ 28.7032335, 47.1281022 ], [ 28.7030087, 47.128367 ], [ 28.7029735, 47.1284156 ], [ 28.7028819, 47.128525 ], [ 28.7027202, 47.1287287 ] ] } },
{ "type": "Feature", "properties": { "vineyard_id": "V04", "row_id": "V04-R110", "row_structure": "regular", "length_m": 33.86 }, "geometry": { "type": "LineString", "coordinates": [ [ 28.702909, 47.1284845 ], [ 28.7028777, 47.1285341 ], [ 28.7027912, 47.1286849 ], [ 28.702738, 47.1287659 ] ] } },
{ "type": "Feature", "properties": { "vineyard_id": "V04", "row_id": "V04-R111", "row_structure": "regular", "length_m": 112.0 }, "geometry": { "type": "LineString", "coordinates": [ [ 28.7036484, 47.1273598 ], [ 28.703574, 47.1274945 ], [ 28.7034127, 47.1277799 ], [ 28.7032735, 47.1280325 ], [ 28.7031192, 47.1283005 ] ] } },
{ "type": "Feature", "properties": { "vineyard_id": "V04", "row_id": "V04-R112", "row_structure": "regular", "length_m": 4.9 }, "geometry": { "type": "LineString", "coordinates": [ [ 28.7036706, 47.1273872 ], [ 28.7036374, 47.127425 ] ] } },
{ "type": "Feature", "properties": { "vineyard_id": "V04", "row_id": "V04-R113", "row_structure": "regular", "length_m": 28.8 }, "geometry": { "type": "LineString", "coordinates": [ [ 28.70292, 47.1284629 ], [ 28.702893, 47.1284938 ], [ 28.7027955, 47.1286007 ], [ 28.7027174, 47.128682 ] ] } },
{ "type": "Feature", "properties": { "vineyard_id": "V04", "row_id": "V04-R114", "row_structure": "regular", "length_m": 6.23 }, "geometry": { "type": "LineString", "coordinates": [ [ 28.7028632, 47.1285138 ], [ 28.7028386, 47.1285459 ], [ 28.7028263, 47.1285638 ] ] } },
{ "type": "Feature", "properties": { "vineyard_id": "V04", "row_id": "V04-R115", "row_structure": "regular", "length_m": 112.01 }, "geometry": { "type": "LineString", "coordinates": [ [ 28.7036138, 47.1273507 ], [ 28.70354, 47.1274856 ], [ 28.7033321, 47.1278551 ], [ 28.7032776, 47.1279565 ], [ 28.7031651, 47.1281583 ], [ 28.7031157, 47.1282417 ], [ 28.7030848, 47.1282915 ] ] } },
{ "type": "Feature", "properties": { "vineyard_id": "V04", "row_id": "V04-R116", "row_structure": "regular", "length_m": 62.98 }, "geometry": { "type": "LineString", "coordinates": [ [ 28.7030571, 47.1282217 ], [ 28.7029883, 47.1283197 ], [ 28.7028823, 47.1284654 ], [ 28.7028719, 47.1284822 ], [ 28.7028542, 47.128517 ], [ 28.7028225, 47.1285671 ], [ 28.7027754, 47.1286531 ], [ 28.7027221, 47.1287396 ] ] } },
{ "type": "Feature", "properties": { "vineyard_id": "V04", "row_id": "V04-R117", "row_structure": "regular", "length_m": 18.3 }, "geometry": { "type": "LineString", "coordinates": [ [ 28.7029203, 47.1284163 ], [ 28.7028082, 47.1285383 ], [ 28.7027938, 47.1285565 ] ] } },
{ "type": "Feature", "properties": { "vineyard_id": "V04", "row_id": "V04-R118", "row_structure": "regular", "length_m": 19.73 }, "geometry": { "type": "LineString", "coordinates": [ [ 28.7027649, 47.1285999 ], [ 28.7027436, 47.1286333 ], [ 28.7026955, 47.1287188 ], [ 28.7026774, 47.1287535 ], [ 28.7026692, 47.1287648 ] ] } },
{ "type": "Feature", "properties": { "vineyard_id": "V04", "row_id": "V04-R119", "row_structure": "regular", "length_m": 6.8 }, "geometry": { "type": "LineString", "coordinates": [ [ 28.7035013, 47.1275775 ], [ 28.7034632, 47.1276329 ] ] } },
{ "type": "Feature", "properties": { "vineyard_id": "V04", "row_id": "V04-R120", "row_structure": "regular", "length_m": 12.0 }, "geometry": { "type": "LineString", "coordinates": [ [ 28.7031559, 47.1280499 ], [ 28.703097, 47.1281501 ] ] } },
{ "type": "Feature", "properties": { "vineyard_id": "V04", "row_id": "V04-R121", "row_structure": "regular", "length_m": 11.86 }, "geometry": { "type": "LineString", "coordinates": [ [ 28.7036688, 47.1273298 ], [ 28.703649, 47.1273637 ], [ 28.7036047, 47.127427 ] ] } },
{ "type": "Feature", "properties": { "vineyard_id": "V04", "row_id": "V04-R122", "row_structure": "disrupted", "length_m": 42.2 }, "geometry": { "type": "LineString", "coordinates": [ [ 28.7030578, 47.128222 ], [ 28.7029504, 47.128346 ], [ 28.7028586, 47.1284553 ], [ 28.7028463, 47.1284713 ], [ 28.7028237, 47.1285041 ], [ 28.7027811, 47.1285512 ] ] } },
{ "type": "Feature", "properties": { "vineyard_id": "V04", "row_id": "V04-R123", "row_structure": "unassessable", "length_m": 2.55 }, "geometry": { "type": "LineString", "coordinates": [ [ 28.70347, 47.1276088 ], [ 28.7034517, 47.127628 ] ] } },
{ "type": "Feature", "properties": { "vineyard_id": "V04", "row_id": "V04-R124", "row_structure": "regular", "length_m": 96.45 }, "geometry": { "type": "LineString", "coordinates": [ [ 28.7035569, 47.1273893 ], [ 28.7034926, 47.1275074 ], [ 28.7033697, 47.1277258 ], [ 28.7031542, 47.1281126 ], [ 28.7031041, 47.1282002 ] ] } },
{ "type": "Feature", "properties": { "vineyard_id": "V04", "row_id": "V04-R125", "row_structure": "regular", "length_m": 18.95 }, "geometry": { "type": "LineString", "coordinates": [ [ 28.7030391, 47.1282056 ], [ 28.702907, 47.1283503 ] ] } },
{ "type": "Feature", "properties": { "vineyard_id": "V04", "row_id": "V04-R126", "row_structure": "regular", "length_m": 11.65 }, "geometry": { "type": "LineString", "coordinates": [ [ 28.7027049, 47.1286555 ], [ 28.702667, 47.128703 ], [ 28.7026454, 47.1287362 ], [ 28.7026359, 47.1287491 ] ] } },
{ "type": "Feature", "properties": { "vineyard_id": "V04", "row_id": "V04-R127", "row_structure": "regular", "length_m": 8.95 }, "geometry": { "type": "LineString", "coordinates": [ [ 28.7031037, 47.1280953 ], [ 28.7030431, 47.1281644 ] ] } },
{ "type": "Feature", "properties": { "vineyard_id": "V04", "row_id": "V04-R128", "row_structure": "unassessable", "length_m": 2.55 }, "geometry": { "type": "LineString", "coordinates": [ [ 28.7034495, 47.1276001 ], [ 28.7034321, 47.1276197 ] ] } },
{ "type": "Feature", "properties": { "vineyard_id": "V04", "row_id": "V04-R129", "row_structure": "regular", "length_m": 3.2 }, "geometry": { "type": "LineString", "coordinates": [ [ 28.7027447, 47.1285913 ], [ 28.7027226, 47.1286158 ] ] } },
{ "type": "Feature", "properties": { "vineyard_id": "V04", "row_id": "V04-R130", "row_structure": "regular", "length_m": 6.4 }, "geometry": { "type": "LineString", "coordinates": [ [ 28.703615, 47.1273668 ], [ 28.7035693, 47.1274152 ] ] } },
{ "type": "Feature", "properties": { "vineyard_id": "V04", "row_id": "V04-R131", "row_structure": "unassessable", "length_m": 2.95 }, "geometry": { "type": "LineString", "coordinates": [ [ 28.702851, 47.1284119 ], [ 28.7028305, 47.1284344 ] ] } },
{ "type": "Feature", "properties": { "vineyard_id": "V04", "row_id": "V04-R132", "row_structure": "regular", "length_m": 15.95 }, "geometry": { "type": "LineString", "coordinates": [ [ 28.7029951, 47.1282187 ], [ 28.7028869, 47.1283418 ] ] } },
{ "type": "Feature", "properties": { "vineyard_id": "V04", "row_id": "V04-R133", "row_structure": "regular", "length_m": 4.99 }, "geometry": { "type": "LineString", "coordinates": [ [ 28.7026636, 47.1286586 ], [ 28.7026419, 47.1286918 ], [ 28.7026354, 47.1286991 ] ] } },
{ "type": "Feature", "properties": { "vineyard_id": "V04", "row_id": "V04-R134", "row_structure": "regular", "length_m": 3.15 }, "geometry": { "type": "LineString", "coordinates": [ [ 28.7027879, 47.1284825 ], [ 28.7027666, 47.1285068 ] ] } },
{ "type": "Feature", "properties": { "vineyard_id": "V04", "row_id": "V04-R135", "row_structure": "regular", "length_m": 11.95 }, "geometry": { "type": "LineString", "coordinates": [ [ 28.703052, 47.1281115 ], [ 28.7029692, 47.128203 ] ] } },
{ "type": "Feature", "properties": { "vineyard_id": "V04", "row_id": "V04-R136", "row_structure": "unassessable", "length_m": 2.95 }, "geometry": { "type": "LineString", "coordinates": [ [ 28.7028325, 47.128404 ], [ 28.7028125, 47.1284268 ] ] } },
{ "type": "Feature", "properties": { "vineyard_id": "V04", "row_id": "V04-R137", "row_structure": "disrupted", "length_m": 13.45 }, "geometry": { "type": "LineString", "coordinates": [ [ 28.7036049, 47.1273069 ], [ 28.7035772, 47.1273375 ], [ 28.703514, 47.1274108 ] ] } },
{ "type": "Feature", "properties": { "vineyard_id": "V04", "row_id": "V04-R138", "row_structure": "regular", "length_m": 6.56 }, "geometry": { "type": "LineString", "coordinates": [ [ 28.7029231, 47.128256 ], [ 28.7028815, 47.1283077 ] ] } },
{ "type": "Feature", "properties": { "vineyard_id": "V04", "row_id": "V04-R139", "row_structure": "regular", "length_m": 7.35 }, "geometry": { "type": "LineString", "coordinates": [ [ 28.7033562, 47.1276452 ], [ 28.7033049, 47.1277013 ] ] } },
{ "type": "Feature", "properties": { "vineyard_id": "V04", "row_id": "V04-R140", "row_structure": "regular", "length_m": 8.35 }, "geometry": { "type": "LineString", "coordinates": [ [ 28.7026349, 47.128657 ], [ 28.7025783, 47.1287215 ] ] } },
{ "type": "Feature", "properties": { "vineyard_id": "V04", "row_id": "V04-R141", "row_structure": "regular", "length_m": 4.46 }, "geometry": { "type": "LineString", "coordinates": [ [ 28.7028231, 47.1283841 ], [ 28.7027955, 47.1284195 ] ] } },
{ "type": "Feature", "properties": { "vineyard_id": "V04", "row_id": "V04-R142", "row_structure": "regular", "length_m": 13.74 }, "geometry": { "type": "LineString", "coordinates": [ [ 28.703036, 47.1280862 ], [ 28.7030108, 47.1281178 ], [ 28.7029887, 47.1281509 ], [ 28.7029514, 47.1281954 ] ] } },
{ "type": "Feature", "properties": { "vineyard_id": "V04", "row_id": "V04-R143", "row_structure": "regular", "length_m": 5.1 }, "geometry": { "type": "LineString", "coordinates": [ [ 28.7035384, 47.1273671 ], [ 28.7035029, 47.1274061 ] ] } },
{ "type": "Feature", "properties": { "vineyard_id": "V04", "row_id": "V04-R144", "row_structure": "regular", "length_m": 6.55 }, "geometry": { "type": "LineString", "coordinates": [ [ 28.7029067, 47.128249 ], [ 28.7028639, 47.1283002 ] ] } },
{ "type": "Feature", "properties": { "vineyard_id": "V04", "row_id": "V04-R145", "row_structure": "disrupted", "length_m": 7.35 }, "geometry": { "type": "LineString", "coordinates": [ [ 28.7033394, 47.1276381 ], [ 28.703288, 47.1276942 ] ] } },
{ "type": "Feature", "properties": { "vineyard_id": "V04", "row_id": "V04-R146", "row_structure": "regular", "length_m": 13.15 }, "geometry": { "type": "LineString", "coordinates": [ [ 28.7035789, 47.127299 ], [ 28.7034869, 47.1273993 ] ] } },
{ "type": "Feature", "properties": { "vineyard_id": "V04", "row_id": "V04-R147", "row_structure": "regular", "length_m": 5.16 }, "geometry": { "type": "LineString", "coordinates": [ [ 28.7034221, 47.1275122 ], [ 28.703406, 47.1275265 ], [ 28.7033848, 47.1275509 ] ] } },
{ "type": "Feature", "properties": { "vineyard_id": "V04", "row_id": "V04-R148", "row_structure": "regular", "length_m": 9.56 }, "geometry": { "type": "LineString", "coordinates": [ [ 28.7028021, 47.1283741 ], [ 28.7027403, 47.1284491 ] ] } },
{ "type": "Feature", "properties": { "vineyard_id": "V04", "row_id": "V04-R149", "row_structure": "regular", "length_m": 7.15 }, "geometry": { "type": "LineString", "coordinates": [ [ 28.7029826, 47.1281117 ], [ 28.7029327, 47.1281663 ] ] } },
{ "type": "Feature", "properties": { "vineyard_id": "V04", "row_id": "V04-R150", "row_structure": "regular", "length_m": 11.96 }, "geometry": { "type": "LineString", "coordinates": [ [ 28.7033421, 47.1276032 ], [ 28.7033033, 47.1276503 ], [ 28.7032629, 47.1276962 ] ] } },
{ "type": "Feature", "properties": { "vineyard_id": "V04", "row_id": "V04-R151", "row_structure": "regular", "length_m": 7.55 }, "geometry": { "type": "LineString", "coordinates": [ [ 28.70265, 47.1285617 ], [ 28.7026001, 47.1286205 ] ] } },
{ "type": "Feature", "properties": { "vineyard_id": "V04", "row_id": "V04-R152", "row_structure": "regular", "length_m": 11.81 }, "geometry": { "type": "LineString", "coordinates": [ [ 28.7034015, 47.1275034 ], [ 28.7033064, 47.1275875 ] ] } },
{ "type": "Feature", "properties": { "vineyard_id": "V04", "row_id": "V04-R153", "row_structure": "regular", "length_m": 3.0 }, "geometry": { "type": "LineString", "coordinates": [ [ 28.7025498, 47.1286781 ], [ 28.7025295, 47.1287013 ] ] } },
{ "type": "Feature", "properties": { "vineyard_id": "V04", "row_id": "V04-R154", "row_structure": "regular", "length_m": 16.95 }, "geometry": { "type": "LineString", "coordinates": [ [ 28.7028863, 47.128217 ], [ 28.7027682, 47.1283465 ] ] } },
{ "type": "Feature", "properties": { "vineyard_id": "V04", "row_id": "V04-R155", "row_structure": "disrupted", "length_m": 19.51 }, "geometry": { "type": "LineString", "coordinates": [ [ 28.7035694, 47.127251 ], [ 28.703542, 47.1272818 ], [ 28.7034909, 47.1273448 ], [ 28.7034773, 47.1273602 ], [ 28.703437, 47.1274014 ] ] } },
{ "type": "Feature", "properties": { "vineyard_id": "V04", "row_id": "V04-R156", "row_structure": "regular", "length_m": 11.76 }, "geometry": { "type": "LineString", "coordinates": [ [ 28.703392, 47.1274994 ], [ 28.7033047, 47.1275868 ] ] } },
{ "type": "Feature", "properties": { "vineyard_id": "V04", "row_id": "V04-R157", "row_structure": "regular", "length_m": 9.95 }, "geometry": { "type": "LineString", "coordinates": [ [ 28.7029648, 47.128083 ], [ 28.702897, 47.1281596 ] ] } },
{ "type": "Feature", "properties": { "vineyard_id": "V04", "row_id": "V04-R158", "row_structure": "regular", "length_m": 5.9 }, "geometry": { "type": "LineString", "coordinates": [ [ 28.7026302, 47.1285306 ], [ 28.7025914, 47.1285766 ] ] } },
{ "type": "Feature", "properties": { "vineyard_id": "V04", "row_id": "V04-R159", "row_structure": "regular", "length_m": 9.95 }, "geometry": { "type": "LineString", "coordinates": [ [ 28.7028549, 47.128208 ], [ 28.7027877, 47.1282849 ] ] } },
{ "type": "Feature", "properties": { "vineyard_id": "V04", "row_id": "V04-R160", "row_structure": "regular", "length_m": 7.49 }, "geometry": { "type": "LineString", "coordinates": [ [ 28.7025416, 47.1286344 ], [ 28.7025289, 47.1286502 ], [ 28.7025074, 47.1286835 ], [ 28.7024981, 47.1286948 ] ] } },
{ "type": "Feature", "properties": { "vineyard_id": "V04", "row_id": "V04-R161", "row_structure": "regular", "length_m": 4.6 }, "geometry": { "type": "LineString", "coordinates": [ [ 28.702889, 47.1281313 ], [ 28.7028569, 47.1281665 ] ] } },
{ "type": "Feature", "properties": { "vineyard_id": "V04", "row_id": "V04-R162", "row_structure": "regular", "length_m": 6.51 }, "geometry": { "type": "LineString", "coordinates": [ [ 28.7034554, 47.1273319 ], [ 28.7034133, 47.1273829 ] ] } },
{ "type": "Feature", "properties": { "vineyard_id": "V04", "row_id": "V04-R163", "row_structure": "regular", "length_m": 12.2 }, "geometry": { "type": "LineString", "coordinates": [ [ 28.7027482, 47.1283301 ], [ 28.7026668, 47.1284248 ] ] } },
{ "type": "Feature", "properties": { "vineyard_id": "V04", "row_id": "V04-R164", "row_structure": "regular", "length_m": 7.95 }, "geometry": { "type": "LineString", "coordinates": [ [ 28.7033053, 47.1275452 ], [ 28.7032495, 47.1276058 ] ] } },
{ "type": "Feature", "properties": { "vineyard_id": "V04", "row_id": "V04-R165", "row_structure": "regular", "length_m": 6.75 }, "geometry": { "type": "LineString", "coordinates": [ [ 28.7028277, 47.1281986 ], [ 28.7027811, 47.1282503 ] ] } },
{ "type": "Feature", "properties": { "vineyard_id": "V04", "row_id": "V04-R166", "row_structure": "regular", "length_m": 16.99 }, "geometry": { "type": "LineString", "coordinates": [ [ 28.7035207, 47.1272537 ], [ 28.7035048, 47.1272681 ], [ 28.703469, 47.1272953 ], [ 28.703386, 47.1273755 ] ] } },
{ "type": "Feature", "properties": { "vineyard_id": "V04", "row_id": "V04-R167", "row_structure": "regular", "length_m": 10.0 }, "geometry": { "type": "LineString", "coordinates": [ [ 28.7027017, 47.12834 ], [ 28.7026682, 47.1283894 ], [ 28.7026431, 47.1284205 ] ] } },
{ "type": "Feature", "properties": { "vineyard_id": "V04", "row_id": "V04-R168", "row_structure": "unassessable", "length_m": 2.95 }, "geometry": { "type": "LineString", "coordinates": [ [ 28.7028452, 47.1281403 ], [ 28.7028256, 47.1281632 ] ] } },
{ "type": "Feature", "properties": { "vineyard_id": "V04", "row_id": "V04-R169", "row_structure": "unassessable", "length_m": 2.65 }, "geometry": { "type": "LineString", "coordinates": [ [ 28.7025076, 47.1286115 ], [ 28.7024899, 47.1286321 ] ] } },
{ "type": "Feature", "properties": { "vineyard_id": "V04", "row_id": "V04-R170", "row_structure": "regular", "length_m": 7.35 }, "geometry": { "type": "LineString", "coordinates": [ [ 28.7032723, 47.1275376 ], [ 28.7032211, 47.1275937 ] ] } },
{ "type": "Feature", "properties": { "vineyard_id": "V04", "row_id": "V04-R171", "row_structure": "regular", "length_m": 7.46 }, "geometry": { "type": "LineString", "coordinates": [ [ 28.7032644, 47.1275342 ], [ 28.7032272, 47.1275963 ] ] } },
{ "type": "Feature", "properties": { "vineyard_id": "V04", "row_id": "V04-R172", "row_structure": "regular", "length_m": 10.13 }, "geometry": { "type": "LineString", "coordinates": [ [ 28.7034743, 47.127234 ], [ 28.7034615, 47.1272497 ], [ 28.7034385, 47.1272823 ], [ 28.7034181, 47.1273166 ] ] } },
{ "type": "Feature", "properties": { "vineyard_id": "V04", "row_id": "V04-R173", "row_structure": "regular", "length_m": 9.91 }, "geometry": { "type": "LineString", "coordinates": [ [ 28.702684, 47.1283325 ], [ 28.7026273, 47.1284128 ] ] } },
{ "type": "Feature", "properties": { "vineyard_id": "V04", "row_id": "V04-R174", "row_structure": "regular", "length_m": 9.15 }, "geometry": { "type": "LineString", "coordinates": [ [ 28.7031818, 47.1276369 ], [ 28.7031398, 47.1276826 ], [ 28.7031197, 47.1277075 ] ] } },
{ "type": "Feature", "properties": { "vineyard_id": "V04", "row_id": "V04-R175", "row_structure": "regular", "length_m": 12.37 }, "geometry": { "type": "LineString", "coordinates": [ [ 28.7026816, 47.1283315 ], [ 28.7026442, 47.1283792 ], [ 28.7026025, 47.1284287 ] ] } },
{ "type": "Feature", "properties": { "vineyard_id": "V04", "row_id": "V04-R176", "row_structure": "regular", "length_m": 18.62 }, "geometry": { "type": "LineString", "coordinates": [ [ 28.7034494, 47.1272234 ], [ 28.7034371, 47.1272394 ], [ 28.703394, 47.1273058 ], [ 28.7033835, 47.1273226 ], [ 28.7033526, 47.1273773 ] ] } },
{ "type": "Feature", "properties": { "vineyard_id": "V04", "row_id": "V04-R177", "row_structure": "regular", "length_m": 12.92 }, "geometry": { "type": "LineString", "coordinates": [ [ 28.7025327, 47.1285077 ], [ 28.7024942, 47.1285761 ], [ 28.7024661, 47.1286145 ] ] } },
{ "type": "Feature", "properties": { "vineyard_id": "V04", "row_id": "V04-R178", "row_structure": "regular", "length_m": 5.9 }, "geometry": { "type": "LineString", "coordinates": [ [ 28.703222, 47.1275528 ], [ 28.703181, 47.1275979 ] ] } },
{ "type": "Feature", "properties": { "vineyard_id": "V04", "row_id": "V04-R179", "row_structure": "unassessable", "length_m": 2.35 }, "geometry": { "type": "LineString", "coordinates": [ [ 28.7027367, 47.1282298 ], [ 28.7027205, 47.1282479 ] ] } },
{ "type": "Feature", "properties": { "vineyard_id": "V04", "row_id": "V04-R180", "row_structure": "regular", "length_m": 9.36 }, "geometry": { "type": "LineString", "coordinates": [ [ 28.7031556, 47.1276258 ], [ 28.7031166, 47.1276728 ], [ 28.7030938, 47.1276986 ] ] } },
{ "type": "Feature", "properties": { "vineyard_id": "V04", "row_id": "V04-R181", "row_structure": "regular", "length_m": 12.07 }, "geometry": { "type": "LineString", "coordinates": [ [ 28.7032693, 47.1274764 ], [ 28.7032382, 47.1275056 ], [ 28.7031873, 47.1275476 ], [ 28.7031715, 47.1275621 ] ] } },
{ "type": "Feature", "properties": { "vineyard_id": "V04", "row_id": "V04-R182", "row_structure": "regular", "length_m": 3.96 }, "geometry": { "type": "LineString", "coordinates": [ [ 28.70334, 47.1273438 ], [ 28.7033156, 47.1273753 ] ] } },
{ "type": "Feature", "properties": { "vineyard_id": "V04", "row_id": "V04-R183", "row_structure": "regular", "length_m": 5.5 }, "geometry": { "type": "LineString", "coordinates": [ [ 28.7026718, 47.1282707 ], [ 28.7026334, 47.1283126 ] ] } },
{ "type": "Feature", "properties": { "vineyard_id": "V04", "row_id": "V04-R184", "row_structure": "regular", "length_m": 11.55 }, "geometry": { "type": "LineString", "coordinates": [ [ 28.703238, 47.1274637 ], [ 28.7032163, 47.1274969 ], [ 28.7032042, 47.1275129 ], [ 28.7031687, 47.1275561 ] ] } },
{ "type": "Feature", "properties": { "vineyard_id": "V04", "row_id": "V04-R185", "row_structure": "unassessable", "length_m": 1.98 }, "geometry": { "type": "LineString", "coordinates": [ [ 28.7030846, 47.1276698 ], [ 28.703075, 47.1276864 ] ] } },
{ "type": "Feature", "properties": { "vineyard_id": "V04", "row_id": "V04-R186", "row_structure": "regular", "length_m": 24.05 }, "geometry": { "type": "LineString", "coordinates": [ [ 28.7025764, 47.1283673 ], [ 28.7025186, 47.1284699 ], [ 28.702508, 47.1284866 ], [ 28.7024847, 47.1285191 ], [ 28.7024658, 47.1285535 ], [ 28.7024564, 47.1285675 ] ] } },
{ "type": "Feature", "properties": { "vineyard_id": "V04", "row_id": "V04-R187", "row_structure": "unassessable", "length_m": 2.35 }, "geometry": { "type": "LineString", "coordinates": [ [ 28.7026837, 47.1282328 ], [ 28.7026658, 47.1282501 ] ] } },
{ "type": "Feature", "properties": { "vineyard_id": "V04", "row_id": "V04-R188", "row_structure": "regular", "length_m": 5.36 }, "geometry": { "type": "LineString", "coordinates": [ [ 28.7031306, 47.1276025 ], [ 28.7030961, 47.1276445 ] ] } },
{ "type": "Feature", "properties": { "vineyard_id": "V04", "row_id": "V04-R189", "row_structure": "regular", "length_m": 5.5 }, "geometry": { "type": "LineString", "coordinates": [ [ 28.7031199, 47.1275979 ], [ 28.7031105, 47.1276151 ], [ 28.7030967, 47.1276448 ] ] } },
{ "type": "Feature", "properties": { "vineyard_id": "V04", "row_id": "V04-R190", "row_structure": "regular", "length_m": 5.37 }, "geometry": { "type": "LineString", "coordinates": [ [ 28.7031284, 47.1276015 ], [ 28.703086, 47.1276402 ] ] } },
{ "type": "Feature", "properties": { "vineyard_id": "V04", "row_id": "V04-R191", "row_structure": "regular", "length_m": 11.17 }, "geometry": { "type": "LineString", "coordinates": [ [ 28.7025813, 47.1283694 ], [ 28.7025527, 47.1283997 ], [ 28.7024978, 47.1284521 ] ] } },
{ "type": "Feature", "properties": { "vineyard_id": "V04", "row_id": "V04-R192", "row_structure": "regular", "length_m": 10.98 }, "geometry": { "type": "LineString", "coordinates": [ [ 28.7033455, 47.1272762 ], [ 28.7033327, 47.127292 ], [ 28.7033094, 47.1273245 ], [ 28.7032779, 47.1273636 ] ] } },
{ "type": "Feature", "properties": { "vineyard_id": "V04", "row_id": "V04-R193", "row_structure": "unassessable", "length_m": 2.19 }, "geometry": { "type": "LineString", "coordinates": [ [ 28.7026615, 47.1282234 ], [ 28.7026514, 47.1282418 ] ] } },
{ "type": "Feature", "properties": { "vineyard_id": "V04", "row_id": "V04-R194", "row_structure": "unassessable", "length_m": 2.15 }, "geometry": { "type": "LineString", "coordinates": [ [ 28.7026595, 47.1282225 ], [ 28.7026446, 47.128239 ] ] } },
{ "type": "Feature", "properties": { "vineyard_id": "V04", "row_id": "V04-R195", "row_structure": "regular", "length_m": 5.28 }, "geometry": { "type": "LineString", "coordinates": [ [ 28.7032054, 47.1274435 ], [ 28.7031824, 47.1274883 ] ] } },
{ "type": "Feature", "properties": { "vineyard_id": "V04", "row_id": "V04-R196", "row_structure": "regular", "length_m": 5.15 }, "geometry": { "type": "LineString", "coordinates": [ [ 28.70321, 47.1274455 ], [ 28.7031765, 47.1274858 ] ] } },
{ "type": "Feature", "properties": { "vineyard_id": "V04", "row_id": "V04-R197", "row_structure": "regular", "length_m": 5.35 }, "geometry": { "type": "LineString", "coordinates": [ [ 28.7024851, 47.1284642 ], [ 28.7024473, 47.1285048 ] ] } },
{ "type": "Feature", "properties": { "vineyard_id": "V04", "row_id": "V04-R198", "row_structure": "unassessable", "length_m": 2.15 }, "geometry": { "type": "LineString", "coordinates": [ [ 28.7026543, 47.1282203 ], [ 28.7026387, 47.1282365 ] ] } },
{ "type": "Feature", "properties": { "vineyard_id": "V04", "row_id": "V04-R199", "row_structure": "disrupted", "length_m": 20.61 }, "geometry": { "type": "LineString", "coordinates": [ [ 28.7033747, 47.1272182 ], [ 28.7033492, 47.1272498 ], [ 28.7032337, 47.1273766 ] ] } },
{ "type": "Feature", "properties": { "vineyard_id": "V04", "row_id": "V04-R200", "row_structure": "regular", "length_m": 8.95 }, "geometry": { "type": "LineString", "coordinates": [ [ 28.7025613, 47.1283525 ], [ 28.7025315, 47.1283822 ], [ 28.7024971, 47.12842 ] ] } },
{ "type": "Feature", "properties": { "vineyard_id": "V04", "row_id": "V04-R201", "row_structure": "unassessable", "length_m": 2.16 }, "geometry": { "type": "LineString", "coordinates": [ [ 28.7026507, 47.1282188 ], [ 28.7026331, 47.1282341 ] ] } },
{ "type": "Feature", "properties": { "vineyard_id": "V04", "row_id": "V04-R202", "row_structure": "regular", "length_m": 9.36 }, "geometry": { "type": "LineString", "coordinates": [ [ 28.7030914, 47.127588 ], [ 28.7030305, 47.1276611 ] ] } },
{ "type": "Feature", "properties": { "vineyard_id": "V04", "row_id": "V04-R203", "row_structure": "regular", "length_m": 4.65 }, "geometry": { "type": "LineString", "coordinates": [ [ 28.7024033, 47.1285524 ], [ 28.7023707, 47.1285878 ] ] } },
{ "type": "Feature", "properties": { "vineyard_id": "V04", "row_id": "V04-R204", "row_structure": "regular", "length_m": 3.35 }, "geometry": { "type": "LineString", "coordinates": [ [ 28.7024647, 47.1284556 ], [ 28.7024414, 47.1284811 ] ] } },
{ "type": "Feature", "properties": { "vineyard_id": "V04", "row_id": "V04-R205", "row_structure": "regular", "length_m": 8.15 }, "geometry": { "type": "LineString", "coordinates": [ [ 28.7025412, 47.1283524 ], [ 28.7024845, 47.1284147 ] ] } },
{ "type": "Feature", "properties": { "vineyard_id": "V04", "row_id": "V04-R206", "row_structure": "regular", "length_m": 20.81 }, "geometry": { "type": "LineString", "coordinates": [ [ 28.7033603, 47.1271856 ], [ 28.7033479, 47.1272015 ], [ 28.7033036, 47.1272675 ], [ 28.7032526, 47.1273576 ] ] } },
{ "type": "Feature", "properties": { "vineyard_id": "V04", "row_id": "V04-R207", "row_structure": "regular", "length_m": 11.82 }, "geometry": { "type": "LineString", "coordinates": [ [ 28.7025427, 47.128353 ], [ 28.7024763, 47.1284096 ], [ 28.7024472, 47.128437 ] ] } },
{ "type": "Feature", "properties": { "vineyard_id": "V04", "row_id": "V04-R208", "row_structure": "regular", "length_m": 6.75 }, "geometry": { "type": "LineString", "coordinates": [ [ 28.7031874, 47.1274274 ], [ 28.7031404, 47.127479 ] ] } },
{ "type": "Feature", "properties": { "vineyard_id": "V04", "row_id": "V04-R209", "row_structure": "regular", "length_m": 4.38 }, "geometry": { "type": "LineString", "coordinates": [ [ 28.7025804, 47.12828 ], [ 28.7025448, 47.128311 ] ] } },
{ "type": "Feature", "properties": { "vineyard_id": "V04", "row_id": "V04-R210", "row_structure": "regular", "length_m": 7.66 }, "geometry": { "type": "LineString", "coordinates": [ [ 28.703183, 47.1274171 ], [ 28.7031449, 47.1274809 ] ] } },
{ "type": "Feature", "properties": { "vineyard_id": "V04", "row_id": "V04-R211", "row_structure": "regular", "length_m": 4.55 }, "geometry": { "type": "LineString", "coordinates": [ [ 28.7026477, 47.1281773 ], [ 28.7026157, 47.1282119 ] ] } },
{ "type": "Feature", "properties": { "vineyard_id": "V04", "row_id": "V04-R212", "row_structure": "regular", "length_m": 8.37 }, "geometry": { "type": "LineString", "coordinates": [ [ 28.7030969, 47.1275267 ], [ 28.7030698, 47.1275576 ], [ 28.7030435, 47.1275925 ] ] } },
{ "type": "Feature", "properties": { "vineyard_id": "V04", "row_id": "V04-R213", "row_structure": "regular", "length_m": 23.21 }, "geometry": { "type": "LineString", "coordinates": [ [ 28.7033275, 47.1271743 ], [ 28.703316, 47.1271906 ], [ 28.7032763, 47.1272585 ], [ 28.7032287, 47.1273443 ], [ 28.7032135, 47.127368 ] ] } },
{ "type": "Feature", "properties": { "vineyard_id": "V04", "row_id": "V04-R214", "row_structure": "unassessable", "length_m": 2.16 }, "geometry": { "type": "LineString", "coordinates": [ [ 28.7025122, 47.1283401 ], [ 28.7024952, 47.1283557 ] ] } },
{ "type": "Feature", "properties": { "vineyard_id": "V04", "row_id": "V04-R215", "row_structure": "regular", "length_m": 4.38 }, "geometry": { "type": "LineString", "coordinates": [ [ 28.7024817, 47.1283865 ], [ 28.7024457, 47.1284173 ] ] } },
{ "type": "Feature", "properties": { "vineyard_id": "V04", "row_id": "V04-R216", "row_structure": "regular", "length_m": 7.47 }, "geometry": { "type": "LineString", "coordinates": [ [ 28.7029912, 47.1276551 ], [ 28.7029512, 47.1277165 ] ] } },
{ "type": "Feature", "properties": { "vineyard_id": "V04", "row_id": "V04-R217", "row_structure": "regular", "length_m": 10.55 }, "geometry": { "type": "LineString", "coordinates": [ [ 28.7025605, 47.1282716 ], [ 28.7024854, 47.1283515 ] ] } },
{ "type": "Feature", "properties": { "vineyard_id": "V04", "row_id": "V04-R218", "row_structure": "regular", "length_m": 8.35 }, "geometry": { "type": "LineString", "coordinates": [ [ 28.7030878, 47.1275228 ], [ 28.7030273, 47.1275856 ] ] } },
{ "type": "Feature", "properties": { "vineyard_id": "V04", "row_id": "V04-R219", "row_structure": "disrupted", "length_m": 7.62 }, "geometry": { "type": "LineString", "coordinates": [ [ 28.7030751, 47.1275259 ], [ 28.7030343, 47.1275886 ] ] } },
{ "type": "Feature", "properties": { "vineyard_id": "V04", "row_id": "V04-R220", "row_structure": "regular", "length_m": 7.35 }, "geometry": { "type": "LineString", "coordinates": [ [ 28.7029876, 47.1276541 ], [ 28.7029374, 47.1277106 ] ] } },
{ "type": "Feature", "properties": { "vineyard_id": "V04", "row_id": "V04-R221", "row_structure": "regular", "length_m": 7.48 }, "geometry": { "type": "LineString", "coordinates": [ [ 28.7029791, 47.1276505 ], [ 28.7029437, 47.1277133 ] ] } },
{ "type": "Feature", "properties": { "vineyard_id": "V04", "row_id": "V04-R222", "row_structure": "regular", "length_m": 11.7 }, "geometry": { "type": "LineString", "coordinates": [ [ 28.703204, 47.1273322 ], [ 28.7031912, 47.1273479 ], [ 28.7031672, 47.1273801 ], [ 28.7031391, 47.1274275 ] ] } },
{ "type": "Feature", "properties": { "vineyard_id": "V04", "row_id": "V04-R223", "row_structure": "regular", "length_m": 12.85 }, "geometry": { "type": "LineString", "coordinates": [ [ 28.7025578, 47.1282493 ], [ 28.702471, 47.1283486 ] ] } },
{ "type": "Feature", "properties": { "vineyard_id": "V04", "row_id": "V04-R224", "row_structure": "regular", "length_m": 4.21 }, "geometry": { "type": "LineString", "coordinates": [ [ 28.7023489, 47.1285293 ], [ 28.7023166, 47.1285601 ] ] } },
{ "type": "Feature", "properties": { "vineyard_id": "V04", "row_id": "V04-R225", "row_structure": "regular", "length_m": 8.25 }, "geometry": { "type": "LineString", "coordinates": [ [ 28.7030587, 47.1275089 ], [ 28.7030379, 47.1275425 ], [ 28.7030196, 47.1275781 ] ] } },
{ "type": "Feature", "properties": { "vineyard_id": "V04", "row_id": "V04-R226", "row_structure": "regular", "length_m": 8.75 }, "geometry": { "type": "LineString", "coordinates": [ [ 28.702969, 47.1276462 ], [ 28.7029053, 47.1277118 ] ] } },
{ "type": "Feature", "properties": { "vineyard_id": "V04", "row_id": "V04-R227", "row_structure": "regular", "length_m": 8.35 }, "geometry": { "type": "LineString", "coordinates": [ [ 28.7025877, 47.1281772 ], [ 28.7025293, 47.1282409 ] ] } },
{ "type": "Feature", "properties": { "vineyard_id": "V04", "row_id": "V04-R228", "row_structure": "disrupted", "length_m": 17.7 }, "geometry": { "type": "LineString", "coordinates": [ [ 28.7032258, 47.1272874 ], [ 28.7031144, 47.1274097 ], [ 28.7031016, 47.1274223 ] ] } },
{ "type": "Feature", "properties": { "vineyard_id": "V04", "row_id": "V04-R229", "row_structure": "regular", "length_m": 8.36 }, "geometry": { "type": "LineString", "coordinates": [ [ 28.7025728, 47.1281709 ], [ 28.7025576, 47.1281856 ], [ 28.7025308, 47.1282166 ], [ 28.7025123, 47.1282337 ] ] } },
{ "type": "Feature", "properties": { "vineyard_id": "V04", "row_id": "V04-R230", "row_structure": "regular", "length_m": 28.16 }, "geometry": { "type": "LineString", "coordinates": [ [ 28.7032472, 47.1271906 ], [ 28.7032349, 47.1272066 ], [ 28.7031932, 47.1272736 ], [ 28.7031838, 47.1272908 ], [ 28.7031489, 47.1273607 ], [ 28.7031393, 47.1273779 ], [ 28.7031095, 47.1274256 ] ] } },
{ "type": "Feature", "properties": { "vineyard_id": "V04", "row_id": "V04-R231", "row_structure": "regular", "length_m": 5.1 }, "geometry": { "type": "LineString", "coordinates": [ [ 28.7029969, 47.1275653 ], [ 28.7029614, 47.1276043 ] ] } },
{ "type": "Feature", "properties": { "vineyard_id": "V04", "row_id": "V04-R232", "row_structure": "regular", "length_m": 4.57 }, "geometry": { "type": "LineString", "coordinates": [ [ 28.7023236, 47.1285122 ], [ 28.7022878, 47.1285452 ] ] } },
{ "type": "Feature", "properties": { "vineyard_id": "V04", "row_id": "V04-R233", "row_structure": "regular", "length_m": 4.65 }, "geometry": { "type": "LineString", "coordinates": [ [ 28.702395, 47.1283878 ], [ 28.7023626, 47.1284234 ] ] } },
{ "type": "Feature", "properties": { "vineyard_id": "V04", "row_id": "V04-R234", "row_structure": "regular", "length_m": 12.3 }, "geometry": { "type": "LineString", "coordinates": [ [ 28.7029318, 47.1276368 ], [ 28.7028901, 47.1276826 ], [ 28.7028482, 47.1277316 ] ] } },
{ "type": "Feature", "properties": { "vineyard_id": "V04", "row_id": "V04-R235", "row_structure": "disrupted", "length_m": 26.55 }, "geometry": { "type": "LineString", "coordinates": [ [ 28.7030606, 47.1274626 ], [ 28.7030312, 47.1274925 ], [ 28.7028742, 47.1276648 ] ] } },
{ "type": "Feature", "properties": { "vineyard_id": "V04", "row_id": "V04-R236", "row_structure": "regular", "length_m": 9.95 }, "geometry": { "type": "LineString", "coordinates": [ [ 28.7025579, 47.1281349 ], [ 28.7025022, 47.128196 ], [ 28.7024894, 47.1282112 ] ] } },
{ "type": "Feature", "properties": { "vineyard_id": "V04", "row_id": "V04-R237", "row_structure": "regular", "length_m": 9.96 }, "geometry": { "type": "LineString", "coordinates": [ [ 28.7025428, 47.1281285 ], [ 28.7024789, 47.1282068 ] ] } },
{ "type": "Feature", "properties": { "vineyard_id": "V04", "row_id": "V04-R238", "row_structure": "regular", "length_m": 19.7 }, "geometry": { "type": "LineString", "coordinates": [ [ 28.7029938, 47.1275068 ], [ 28.7028595, 47.1276585 ] ] } },
{ "type": "Feature", "properties": { "vineyard_id": "V04", "row_id": "V04-R239", "row_structure": "regular", "length_m": 23.7 }, "geometry": { "type": "LineString", "coordinates": [ [ 28.7023865, 47.1283376 ], [ 28.7023193, 47.1284362 ], [ 28.7022843, 47.1284849 ], [ 28.7022564, 47.1285314 ] ] } },
{ "type": "Feature", "properties": { "vineyard_id": "V04", "row_id": "V04-R240", "row_structure": "regular", "length_m": 3.35 }, "geometry": { "type": "LineString", "coordinates": [ [ 28.7028401, 47.1277059 ], [ 28.7028176, 47.1277318 ] ] } },
{ "type": "Feature", "properties": { "vineyard_id": "V04", "row_id": "V04-R241", "row_structure": "regular", "length_m": 10.02 }, "geometry": { "type": "LineString", "coordinates": [ [ 28.7025328, 47.1281243 ], [ 28.7024763, 47.1282057 ] ] } },
{ "type": "Feature", "properties": { "vineyard_id": "V04", "row_id": "V04-R242", "row_structure": "regular", "length_m": 4.27 }, "geometry": { "type": "LineString", "coordinates": [ [ 28.7023772, 47.1283337 ], [ 28.7023659, 47.1283501 ], [ 28.7023519, 47.128368 ] ] } },
{ "type": "Feature", "properties": { "vineyard_id": "V04", "row_id": "V04-R243", "row_structure": "regular", "length_m": 3.35 }, "geometry": { "type": "LineString", "coordinates": [ [ 28.7028229, 47.1276986 ], [ 28.7027996, 47.1277242 ] ] } },
{ "type": "Feature", "properties": { "vineyard_id": "V04", "row_id": "V04-R244", "row_structure": "disrupted", "length_m": 23.2 }, "geometry": { "type": "LineString", "coordinates": [ [ 28.7023825, 47.1283359 ], [ 28.7022217, 47.1285135 ] ] } },
{ "type": "Feature", "properties": { "vineyard_id": "V04", "row_id": "V04-R245", "row_structure": "disrupted", "length_m": 42.51 }, "geometry": { "type": "LineString", "coordinates": [ [ 28.7032135, 47.1271762 ], [ 28.7031253, 47.127266 ], [ 28.7029125, 47.1274988 ] ] } },
{ "type": "Feature", "properties": { "vineyard_id": "V04", "row_id": "V04-R246", "row_structure": "regular", "length_m": 8.95 }, "geometry": { "type": "LineString", "coordinates": [ [ 28.7027336, 47.1277963 ], [ 28.7026711, 47.1278646 ] ] } },
{ "type": "Feature", "properties": { "vineyard_id": "V04", "row_id": "V04-R247", "row_structure": "regular", "length_m": 8.85 }, "geometry": { "type": "LineString", "coordinates": [ [ 28.7023798, 47.128286 ], [ 28.7023182, 47.1283537 ] ] } },
{ "type": "Feature", "properties": { "vineyard_id": "V04", "row_id": "V04-R248", "row_structure": "regular", "length_m": 9.0 }, "geometry": { "type": "LineString", "coordinates": [ [ 28.702721, 47.1277909 ], [ 28.7026692, 47.1278638 ] ] } },
{ "type": "Feature", "properties": { "vineyard_id": "V04", "row_id": "V04-R249", "row_structure": "disrupted", "length_m": 37.64 }, "geometry": { "type": "LineString", "coordinates": [ [ 28.7031477, 47.1272013 ], [ 28.7031345, 47.1272169 ], [ 28.7030725, 47.1272965 ], [ 28.7029296, 47.1274902 ], [ 28.7029216, 47.1275026 ] ] } },
{ "type": "Feature", "properties": { "vineyard_id": "V04", "row_id": "V04-R250", "row_structure": "regular", "length_m": 10.2 }, "geometry": { "type": "LineString", "coordinates": [ [ 28.7024716, 47.1281407 ], [ 28.702412, 47.1282229 ] ] } },
{ "type": "Feature", "properties": { "vineyard_id": "V04", "row_id": "V04-R251", "row_structure": "regular", "length_m": 13.93 }, "geometry": { "type": "LineString", "coordinates": [ [ 28.7023694, 47.1282816 ], [ 28.7023014, 47.1283799 ], [ 28.7022897, 47.1283945 ] ] } },
{ "type": "Feature", "properties": { "vineyard_id": "V04", "row_id": "V04-R252", "row_structure": "regular", "length_m": 7.24 }, "geometry": { "type": "LineString", "coordinates": [ [ 28.702894, 47.1275439 ], [ 28.7028522, 47.1276024 ] ] } },
{ "type": "Feature", "properties": { "vineyard_id": "V04", "row_id": "V04-R253", "row_structure": "regular", "length_m": 12.23 }, "geometry": { "type": "LineString", "coordinates": [ [ 28.7028112, 47.1276597 ], [ 28.7027648, 47.1277248 ], [ 28.7027422, 47.1277592 ] ] } },
{ "type": "Feature", "properties": { "vineyard_id": "V04", "row_id": "V04-R254", "row_structure": "regular", "length_m": 11.25 }, "geometry": { "type": "LineString", "coordinates": [ [ 28.7024733, 47.1281414 ], [ 28.7023966, 47.128228 ] ] } },
{ "type": "Feature", "properties": { "vineyard_id": "V04", "row_id": "V04-R255", "row_structure": "regular", "length_m": 8.95 }, "geometry": { "type": "LineString", "coordinates": [ [ 28.7028788, 47.1275359 ], [ 28.7028165, 47.1276042 ] ] } },
{ "type": "Feature", "properties": { "vineyard_id": "V04", "row_id": "V04-R256", "row_structure": "regular", "length_m": 6.15 }, "geometry": { "type": "LineString", "coordinates": [ [ 28.7030101, 47.1273352 ], [ 28.7029673, 47.1273822 ] ] } },
{ "type": "Feature", "properties": { "vineyard_id": "V04", "row_id": "V04-R257", "row_structure": "regular", "length_m": 3.1 }, "geometry": { "type": "LineString", "coordinates": [ [ 28.703055, 47.1272679 ], [ 28.7030323, 47.1272911 ] ] } },
{ "type": "Feature", "properties": { "vineyard_id": "V04", "row_id": "V04-R258", "row_structure": "regular", "length_m": 9.61 }, "geometry": { "type": "LineString", "coordinates": [ [ 28.7029549, 47.127396 ], [ 28.70293, 47.1274278 ], [ 28.702892, 47.127471 ] ] } },
{ "type": "Feature", "properties": { "vineyard_id": "V04", "row_id": "V04-R259", "row_structure": "regular", "length_m": 25.35 }, "geometry": { "type": "LineString", "coordinates": [ [ 28.7027897, 47.1276336 ], [ 28.7026126, 47.1278271 ] ] } },
{ "type": "Feature", "properties": { "vineyard_id": "V04", "row_id": "V04-R260", "row_structure": "regular", "length_m": 9.75 }, "geometry": { "type": "LineString", "coordinates": [ [ 28.7028586, 47.1275082 ], [ 28.7027914, 47.127583 ] ] } },
{ "type": "Feature", "properties": { "vineyard_id": "V04", "row_id": "V04-R261", "row_structure": "regular", "length_m": 16.56 }, "geometry": { "type": "LineString", "coordinates": [ [ 28.702265, 47.1283433 ], [ 28.7021561, 47.1284724 ] ] } },
{ "type": "Feature", "properties": { "vineyard_id": "V04", "row_id": "V04-R262", "row_structure": "regular", "length_m": 9.87 }, "geometry": { "type": "LineString", "coordinates": [ [ 28.70285, 47.1275046 ], [ 28.7028172, 47.1275542 ], [ 28.7027988, 47.1275861 ] ] } },
{ "type": "Feature", "properties": { "vineyard_id": "V04", "row_id": "V04-R263", "row_structure": "regular", "length_m": 14.04 }, "geometry": { "type": "LineString", "coordinates": [ [ 28.7022498, 47.1283368 ], [ 28.70219, 47.1284386 ], [ 28.7021788, 47.1284534 ] ] } },
{ "type": "Feature", "properties": { "vineyard_id": "V04", "row_id": "V04-R264", "row_structure": "regular", "length_m": 5.04 }, "geometry": { "type": "LineString", "coordinates": [ [ 28.7029136, 47.1274102 ], [ 28.7028858, 47.1274514 ] ] } },
{ "type": "Feature", "properties": { "vineyard_id": "V04", "row_id": "V04-R265", "row_structure": "regular", "length_m": 19.26 }, "geometry": { "type": "LineString", "coordinates": [ [ 28.7031021, 47.127129 ], [ 28.7030898, 47.127145 ], [ 28.7030471, 47.1272116 ], [ 28.7029968, 47.1272867 ] ] } },
{ "type": "Feature", "properties": { "vineyard_id": "V04", "row_id": "V04-R266", "row_structure": "regular", "length_m": 5.5 }, "geometry": { "type": "LineString", "coordinates": [ [ 28.7022994, 47.1282604 ], [ 28.7022857, 47.1282758 ], [ 28.7022685, 47.128305 ] ] } },
{ "type": "Feature", "properties": { "vineyard_id": "V04", "row_id": "V04-R267", "row_structure": "regular", "length_m": 11.92 }, "geometry": { "type": "LineString", "coordinates": [ [ 28.702758, 47.1276202 ], [ 28.702717, 47.1276664 ], [ 28.7026974, 47.1277004 ], [ 28.7026863, 47.1277153 ] ] } },
{ "type": "Feature", "properties": { "vineyard_id": "V04", "row_id": "V04-R268", "row_structure": "regular", "length_m": 6.32 }, "geometry": { "type": "LineString", "coordinates": [ [ 28.7029194, 47.1273989 ], [ 28.7028693, 47.1274444 ] ] } },
{ "type": "Feature", "properties": { "vineyard_id": "V04", "row_id": "V04-R269", "row_structure": "regular", "length_m": 4.15 }, "geometry": { "type": "LineString", "coordinates": [ [ 28.7029649, 47.1272948 ], [ 28.7029362, 47.1273266 ] ] } },
{ "type": "Feature", "properties": { "vineyard_id": "V04", "row_id": "V04-R270", "row_structure": "regular", "length_m": 5.7 }, "geometry": { "type": "LineString", "coordinates": [ [ 28.7027967, 47.1275291 ], [ 28.7027568, 47.1275726 ] ] } },
{ "type": "Feature", "properties": { "vineyard_id": "V04", "row_id": "V04-R271", "row_structure": "regular", "length_m": 10.55 }, "geometry": { "type": "LineString", "coordinates": [ [ 28.7028985, 47.1273684 ], [ 28.7028254, 47.1274491 ] ] } },
{ "type": "Feature", "properties": { "vineyard_id": "V04", "row_id": "V04-R272", "row_structure": "regular", "length_m": 20.3 }, "geometry": { "type": "LineString", "coordinates": [ [ 28.7030446, 47.1271618 ], [ 28.7029026, 47.1273166 ] ] } },
{ "type": "Feature", "properties": { "vineyard_id": "V04", "row_id": "V04-R273", "row_structure": "regular", "length_m": 10.15 }, "geometry": { "type": "LineString", "coordinates": [ [ 28.7027308, 47.1275536 ], [ 28.7026603, 47.1276312 ] ] } },
{ "type": "Feature", "properties": { "vineyard_id": "V04", "row_id": "V04-R274", "row_structure": "disrupted", "length_m": 44.06 }, "geometry": { "type": "LineString", "coordinates": [ [ 28.7026613, 47.1276766 ], [ 28.7023852, 47.1279832 ], [ 28.7023716, 47.1279986 ], [ 28.702359, 47.128015 ] ] } },
{ "type": "Feature", "properties": { "vineyard_id": "V04", "row_id": "V04-R275", "row_structure": "regular", "length_m": 11.95 }, "geometry": { "type": "LineString", "coordinates": [ [ 28.7028027, 47.1274252 ], [ 28.7027606, 47.1274709 ], [ 28.7027176, 47.1275156 ] ] } },
{ "type": "Feature", "properties": { "vineyard_id": "V04", "row_id": "V04-R276", "row_structure": "regular", "length_m": 7.91 }, "geometry": { "type": "LineString", "coordinates": [ [ 28.7028647, 47.1272931 ], [ 28.7028262, 47.1273403 ], [ 28.7028133, 47.127355 ] ] } },
{ "type": "Feature", "properties": { "vineyard_id": "V04", "row_id": "V04-R277", "row_structure": "regular", "length_m": 47.26 }, "geometry": { "type": "LineString", "coordinates": [ [ 28.7025932, 47.1277049 ], [ 28.7023429, 47.1279801 ], [ 28.7022684, 47.1280677 ] ] } },
{ "type": "Feature", "properties": { "vineyard_id": "V04", "row_id": "V04-R278", "row_structure": "regular", "length_m": 63.25 }, "geometry": { "type": "LineString", "coordinates": [ [ 28.702668, 47.1275672 ], [ 28.7026118, 47.1276281 ], [ 28.7025447, 47.1277056 ], [ 28.7024893, 47.1277668 ], [ 28.7024216, 47.127844 ], [ 28.7023373, 47.1279354 ], [ 28.7023081, 47.1279653 ], [ 28.7022762, 47.1279942 ], [ 28.7022595, 47.1280083 ], [ 28.7022235, 47.1280354 ], [ 28.702215, 47.1280439 ] ] } },
{ "type": "Feature", "properties": { "vineyard_id": "V04", "row_id": "V04-R279", "row_structure": "regular", "length_m": 77.06 }, "geometry": { "type": "LineString", "coordinates": [ [ 28.7027709, 47.1274032 ], [ 28.7027572, 47.1274186 ], [ 28.7027139, 47.1274638 ], [ 28.7026584, 47.127525 ], [ 28.7025769, 47.1276175 ], [ 28.7023695, 47.1278473 ], [ 28.7022705, 47.1279536 ], [ 28.7022324, 47.1279909 ] ] } },
{ "type": "Feature", "properties": { "vineyard_id": "V04", "row_id": "V04-R280", "row_structure": "disrupted", "length_m": 102.03 }, "geometry": { "type": "LineString", "coordinates": [ [ 28.7029115, 47.127207 ], [ 28.702821, 47.1272958 ], [ 28.7026831, 47.1274491 ], [ 28.7024887, 47.1276633 ], [ 28.7024077, 47.127756 ], [ 28.7023521, 47.1278172 ], [ 28.7022676, 47.1279084 ], [ 28.7021933, 47.1279829 ] ] } },
{ "type": "Feature", "properties": { "vineyard_id": "V04", "row_id": "V04-R281", "row_structure": "regular", "length_m": 117.02 }, "geometry": { "type": "LineString", "coordinates": [ [ 28.7029755, 47.1270753 ], [ 28.7029338, 47.1271211 ], [ 28.7028658, 47.1271982 ], [ 28.7028371, 47.1272284 ], [ 28.7027962, 47.1272746 ], [ 28.7027538, 47.1273202 ], [ 28.7026858, 47.1273973 ], [ 28.7025616, 47.1275352 ], [ 28.7024217, 47.1276878 ], [ 28.7022136, 47.1279173 ], [ 28.7021988, 47.1279322 ], [ 28.7021671, 47.1279611 ], [ 28.7021601, 47.1279688 ] ] } },
{ "type": "Feature", "properties": { "vineyard_id": "V04", "row_id": "V04-R282", "row_structure": "regular", "length_m": 113.45 }, "geometry": { "type": "LineString", "coordinates": [ [ 28.7028838, 47.1271195 ], [ 28.7028597, 47.1271517 ], [ 28.7027914, 47.1272286 ], [ 28.7024158, 47.1276413 ], [ 28.7022783, 47.1277948 ], [ 28.702181, 47.1279019 ], [ 28.7021368, 47.1279467 ], [ 28.7020932, 47.1279854 ] ] } },
{ "type": "Feature", "properties": { "vineyard_id": "V04", "row_id": "V04-R283", "row_structure": "regular", "length_m": 109.48 }, "geometry": { "type": "LineString", "coordinates": [ [ 28.7028602, 47.1270936 ], [ 28.7028364, 47.1271259 ], [ 28.7028232, 47.1271415 ], [ 28.7027257, 47.1272484 ], [ 28.7026849, 47.1272947 ], [ 28.7025463, 47.1274477 ], [ 28.7023784, 47.1276307 ], [ 28.7021698, 47.12786 ], [ 28.7021424, 47.1278908 ], [ 28.7021082, 47.127934 ] ] } },
{ "type": "Feature", "properties": { "vineyard_id": "V04", "row_id": "V04-R284", "row_structure": "regular", "length_m": 113.66 }, "geometry": { "type": "LineString", "coordinates": [ [ 28.7028211, 47.1270966 ], [ 28.7027644, 47.1271573 ], [ 28.7027372, 47.1271881 ], [ 28.7024997, 47.1274476 ], [ 28.7024593, 47.127494 ], [ 28.7024178, 47.1275399 ], [ 28.702277, 47.1276921 ], [ 28.7021384, 47.1278451 ], [ 28.7021112, 47.127876 ], [ 28.7020722, 47.127923 ], [ 28.7020329, 47.1279662 ] ] } },
{ "type": "Feature", "properties": { "vineyard_id": "V04", "row_id": "V04-R285", "row_structure": "regular", "length_m": 106.53 }, "geometry": { "type": "LineString", "coordinates": [ [ 28.7027829, 47.1270899 ], [ 28.7027256, 47.1271504 ], [ 28.702488, 47.1274098 ], [ 28.7024198, 47.1274867 ], [ 28.7023215, 47.1275933 ], [ 28.7021419, 47.1277926 ], [ 28.7021158, 47.1278239 ], [ 28.7020883, 47.1278546 ], [ 28.7020743, 47.1278698 ], [ 28.7020382, 47.1279022 ] ] } },
{ "type": "Feature", "properties": { "vineyard_id": "V04", "row_id": "V04-R286", "row_structure": "regular", "length_m": 110.65 }, "geometry": { "type": "LineString", "coordinates": [ [ 28.7027662, 47.1270542 ], [ 28.7025996, 47.1272378 ], [ 28.7025286, 47.1273136 ], [ 28.7024601, 47.1273905 ], [ 28.7020706, 47.1278185 ], [ 28.7020441, 47.1278496 ], [ 28.702011, 47.1278991 ], [ 28.7020068, 47.1279037 ] ] } },
{ "type": "Feature", "properties": { "vineyard_id": "V04", "row_id": "V04-R287", "row_structure": "regular", "length_m": 109.05 }, "geometry": { "type": "LineString", "coordinates": [ [ 28.7027246, 47.1270504 ], [ 28.7025566, 47.1272333 ], [ 28.7023622, 47.1274475 ], [ 28.7023195, 47.1274929 ], [ 28.7022501, 47.1275694 ], [ 28.7022097, 47.1276158 ], [ 28.7021393, 47.1276919 ], [ 28.7020424, 47.1277991 ], [ 28.7020001, 47.1278447 ], [ 28.7019633, 47.1278826 ] ] } },
{ "type": "Feature", "properties": { "vineyard_id": "V04", "row_id": "V04-R288", "row_structure": "regular", "length_m": 115.51 }, "geometry": { "type": "LineString", "coordinates": [ [ 28.7027275, 47.1269859 ], [ 28.7026997, 47.1270165 ], [ 28.7026611, 47.1270637 ], [ 28.702634, 47.1270946 ], [ 28.7025242, 47.1272175 ], [ 28.7023843, 47.12737 ], [ 28.7023415, 47.1274154 ], [ 28.7022457, 47.1275231 ], [ 28.7021333, 47.1276449 ], [ 28.7020083, 47.1277825 ], [ 28.7019654, 47.1278278 ], [ 28.7019247, 47.1278689 ] ] } },
{ "type": "Feature", "properties": { "vineyard_id": "V04", "row_id": "V04-R289", "row_structure": "regular", "length_m": 103.85 }, "geometry": { "type": "LineString", "coordinates": [ [ 28.7026421, 47.1270397 ], [ 28.7025299, 47.1271616 ], [ 28.702391, 47.1273146 ], [ 28.7023199, 47.1273903 ], [ 28.7021833, 47.1275442 ], [ 28.7020434, 47.1276967 ], [ 28.7019468, 47.1278041 ], [ 28.7019186, 47.1278329 ] ] } },
{ "type": "Feature", "properties": { "vineyard_id": "V04", "row_id": "V04-R290", "row_structure": "regular", "length_m": 102.0 }, "geometry": { "type": "LineString", "coordinates": [ [ 28.7026094, 47.1270258 ], [ 28.7022204, 47.127454 ], [ 28.7020804, 47.1276065 ], [ 28.70197, 47.1277291 ], [ 28.7018985, 47.1278048 ] ] } },
{ "type": "Feature", "properties": { "vineyard_id": "V04", "row_id": "V04-R291", "row_structure": "regular", "length_m": 101.01 }, "geometry": { "type": "LineString", "coordinates": [ [ 28.7025671, 47.1270185 ], [ 28.7024979, 47.1270951 ], [ 28.7024305, 47.1271724 ], [ 28.7023892, 47.1272184 ], [ 28.7023613, 47.127249 ], [ 28.7022893, 47.1273244 ], [ 28.7020405, 47.1276002 ], [ 28.7019144, 47.1277373 ], [ 28.7018645, 47.1277903 ] ] } },
{ "type": "Feature", "properties": { "vineyard_id": "V04", "row_id": "V04-R292", "row_structure": "regular", "length_m": 106.86 }, "geometry": { "type": "LineString", "coordinates": [ [ 28.7025503, 47.1269806 ], [ 28.7025246, 47.1270121 ], [ 28.7024289, 47.1271198 ], [ 28.7024011, 47.1271504 ], [ 28.7023575, 47.1271955 ], [ 28.7022174, 47.1273479 ], [ 28.7020799, 47.1275014 ], [ 28.7020094, 47.1275774 ], [ 28.7018423, 47.1277608 ], [ 28.7018066, 47.127797 ] ] } },
{ "type": "Feature", "properties": { "vineyard_id": "V04", "row_id": "V04-R293", "row_structure": "regular", "length_m": 105.08 }, "geometry": { "type": "LineString", "coordinates": [ [ 28.7025088, 47.1269847 ], [ 28.7023676, 47.1271367 ], [ 28.7023237, 47.1271816 ], [ 28.7022677, 47.1272426 ], [ 28.7022539, 47.1272579 ], [ 28.7022148, 47.1273049 ], [ 28.7021603, 47.1273666 ], [ 28.7019375, 47.127611 ], [ 28.701814, 47.1277493 ], [ 28.7017988, 47.1277641 ], [ 28.7017742, 47.1277859 ] ] } },
{ "type": "Feature", "properties": { "vineyard_id": "V04", "row_id": "V04-R294", "row_structure": "regular", "length_m": 106.1 }, "geometry": { "type": "LineString", "coordinates": [ [ 28.7024739, 47.1269736 ], [ 28.70229, 47.1271711 ], [ 28.7021801, 47.1272939 ], [ 28.7020125, 47.1274771 ], [ 28.7018745, 47.1276304 ], [ 28.7017343, 47.1277838 ] ] } },
{ "type": "Feature", "properties": { "vineyard_id": "V04", "row_id": "V04-R295", "row_structure": "regular", "length_m": 104.55 }, "geometry": { "type": "LineString", "coordinates": [ [ 28.7024461, 47.1269566 ], [ 28.7023072, 47.1271095 ], [ 28.7022226, 47.1272007 ], [ 28.7020569, 47.1273847 ], [ 28.7018478, 47.1276138 ], [ 28.7017511, 47.127721 ], [ 28.7017204, 47.1277562 ] ] } },
{ "type": "Feature", "properties": { "vineyard_id": "V04", "row_id": "V04-R296", "row_structure": "regular", "length_m": 104.02 }, "geometry": { "type": "LineString", "coordinates": [ [ 28.7024038, 47.1269455 ], [ 28.7023611, 47.1269909 ], [ 28.7022365, 47.1271287 ], [ 28.7021506, 47.1272194 ], [ 28.7018424, 47.1275548 ], [ 28.7017727, 47.1276311 ], [ 28.701734, 47.1276783 ], [ 28.7017061, 47.1277088 ], [ 28.7016746, 47.1277378 ] ] } },
{ "type": "Feature", "properties": { "vineyard_id": "V04", "row_id": "V04-R297", "row_structure": "regular", "length_m": 105.52 }, "geometry": { "type": "LineString", "coordinates": [ [ 28.7023734, 47.1269331 ], [ 28.7023272, 47.1269771 ], [ 28.7021602, 47.1271605 ], [ 28.7020615, 47.1272669 ], [ 28.7019515, 47.1273897 ], [ 28.7017693, 47.1275878 ], [ 28.7016979, 47.1276635 ], [ 28.7016315, 47.1277359 ] ] } },
{ "type": "Feature", "properties": { "vineyard_id": "V04", "row_id": "V04-R298", "row_structure": "regular", "length_m": 104.2 }, "geometry": { "type": "LineString", "coordinates": [ [ 28.7023399, 47.1269125 ], [ 28.7017541, 47.1275539 ], [ 28.7016969, 47.1276143 ], [ 28.7016113, 47.1277072 ] ] } },
{ "type": "Feature", "properties": { "vineyard_id": "V04", "row_id": "V04-R299", "row_structure": "regular", "length_m": 106.97 }, "geometry": { "type": "LineString", "coordinates": [ [ 28.7023069, 47.1268996 ], [ 28.7021928, 47.1270207 ], [ 28.7020802, 47.1271424 ], [ 28.7019152, 47.1273266 ], [ 28.7016613, 47.1276003 ], [ 28.7016335, 47.1276309 ], [ 28.7015802, 47.127693 ], [ 28.7015672, 47.1277087 ], [ 28.7015625, 47.1277167 ] ] } },
{ "type": "Feature", "properties": { "vineyard_id": "V04", "row_id": "V04-R300", "row_structure": "regular", "length_m": 104.61 }, "geometry": { "type": "LineString", "coordinates": [ [ 28.7022564, 47.1269015 ], [ 28.7022274, 47.1269316 ], [ 28.7021303, 47.1270387 ], [ 28.7020588, 47.1271143 ], [ 28.7018219, 47.1273739 ], [ 28.7017793, 47.1274194 ], [ 28.7015715, 47.127649 ], [ 28.7015279, 47.1277005 ] ] } },
{ "type": "Feature", "properties": { "vineyard_id": "V04", "row_id": "V04-R301", "row_structure": "regular", "length_m": 109.35 }, "geometry": { "type": "LineString", "coordinates": [ [ 28.7022365, 47.1268766 ], [ 28.7021918, 47.1269212 ], [ 28.7020216, 47.1271032 ], [ 28.7017847, 47.1273629 ], [ 28.701742, 47.1274083 ], [ 28.7017011, 47.1274546 ], [ 28.7015615, 47.1276072 ], [ 28.7015343, 47.127638 ], [ 28.7015105, 47.1276703 ], [ 28.7014996, 47.1276868 ], [ 28.7014838, 47.1277146 ] ] } },
{ "type": "Feature", "properties": { "vineyard_id": "V04", "row_id": "V04-R302", "row_structure": "regular", "length_m": 110.87 }, "geometry": { "type": "LineString", "coordinates": [ [ 28.7021953, 47.1268623 ], [ 28.7021548, 47.1269087 ], [ 28.7019877, 47.127092 ], [ 28.7018176, 47.1272741 ], [ 28.7016089, 47.1275034 ], [ 28.7015661, 47.1275487 ], [ 28.7014684, 47.1276556 ], [ 28.7014163, 47.1277061 ] ] } },
{ "type": "Feature", "properties": { "vineyard_id": "V04", "row_id": "V04-R303", "row_structure": "regular", "length_m": 106.11 }, "geometry": { "type": "LineString", "coordinates": [ [ 28.7021624, 47.126851 ], [ 28.7021316, 47.1268803 ], [ 28.7021172, 47.1268954 ], [ 28.701853, 47.1271858 ], [ 28.7017396, 47.1273072 ], [ 28.7016017, 47.1274606 ], [ 28.7014346, 47.1276439 ], [ 28.701421, 47.1276604 ] ] } },
{ "type": "Feature", "properties": { "vineyard_id": "V04", "row_id": "V04-R304", "row_structure": "regular", "length_m": 107.01 }, "geometry": { "type": "LineString", "coordinates": [ [ 28.702101, 47.1268631 ], [ 28.7018494, 47.1271377 ], [ 28.7017811, 47.1272146 ], [ 28.701709, 47.12729 ], [ 28.7015031, 47.1275204 ], [ 28.701351, 47.1276783 ] ] } },
{ "type": "Feature", "properties": { "vineyard_id": "V04", "row_id": "V04-R305", "row_structure": "regular", "length_m": 100.52 }, "geometry": { "type": "LineString", "coordinates": [ [ 28.7020841, 47.1268363 ], [ 28.7020538, 47.1268658 ], [ 28.7018412, 47.1270934 ], [ 28.7017434, 47.1272002 ], [ 28.7016056, 47.1273536 ], [ 28.7015759, 47.1273834 ], [ 28.7015333, 47.1274289 ], [ 28.7014639, 47.1275054 ], [ 28.7013992, 47.1275839 ], [ 28.7013818, 47.127603 ] ] } },
{ "type": "Feature", "properties": { "vineyard_id": "V04", "row_id": "V04-R306", "row_structure": "regular", "length_m": 109.23 }, "geometry": { "type": "LineString", "coordinates": [ [ 28.7020948, 47.1267545 ], [ 28.7020819, 47.1267702 ], [ 28.702058, 47.1268024 ], [ 28.7019912, 47.12688 ], [ 28.7018515, 47.1270326 ], [ 28.7017527, 47.127139 ], [ 28.7016004, 47.1273074 ], [ 28.7015439, 47.1273683 ], [ 28.7015, 47.1274132 ], [ 28.7014301, 47.1274895 ], [ 28.7013898, 47.1275359 ], [ 28.7013619, 47.1275665 ], [ 28.7013376, 47.1275901 ] ] } },
{ "type": "Feature", "properties": { "vineyard_id": "V04", "row_id": "V04-R307", "row_structure": "unassessable", "length_m": 2.61 }, "geometry": { "type": "LineString", "coordinates": [ [ 28.701986, 47.1267539 ], [ 28.7019695, 47.1267681 ], [ 28.7019653, 47.1267727 ] ] } },
{ "type": "Feature", "properties": { "vineyard_id": "V04", "row_id": "V04-R308", "row_structure": "regular", "length_m": 101.31 }, "geometry": { "type": "LineString", "coordinates": [ [ 28.7020171, 47.1267824 ], [ 28.7019959, 47.1268158 ], [ 28.7019843, 47.1268321 ], [ 28.7019569, 47.1268628 ], [ 28.7018879, 47.1269395 ], [ 28.7018451, 47.1269849 ], [ 28.7017481, 47.1270921 ], [ 28.7015803, 47.1272751 ], [ 28.7013723, 47.1275047 ], [ 28.7013206, 47.1275595 ] ] } },
{ "type": "Feature", "properties": { "vineyard_id": "V04", "row_id": "V04-R309", "row_structure": "regular", "length_m": 106.2 }, "geometry": { "type": "LineString", "coordinates": [ [ 28.7019648, 47.1268053 ], [ 28.7014608, 47.1273542 ], [ 28.7013643, 47.1274615 ], [ 28.7012973, 47.127539 ], [ 28.7012777, 47.1275731 ], [ 28.7012667, 47.1275896 ], [ 28.7012415, 47.1276224 ] ] } },
{ "type": "Feature", "properties": { "vineyard_id": "V04", "row_id": "V04-R310", "row_structure": "regular", "length_m": 96.8 }, "geometry": { "type": "LineString", "coordinates": [ [ 28.7019322, 47.1267936 ], [ 28.7018198, 47.1269154 ], [ 28.7017484, 47.126991 ], [ 28.7015389, 47.1272199 ], [ 28.7013301, 47.1274491 ], [ 28.7012571, 47.1275326 ] ] } },
{ "type": "Feature", "properties": { "vineyard_id": "V04", "row_id": "V04-R311", "row_structure": "regular", "length_m": 100.89 }, "geometry": { "type": "LineString", "coordinates": [ [ 28.7019188, 47.126745 ], [ 28.701896, 47.1267776 ], [ 28.7018577, 47.126825 ], [ 28.7018145, 47.1268702 ], [ 28.7016891, 47.1270077 ], [ 28.7014347, 47.1272811 ], [ 28.7012979, 47.1274349 ], [ 28.7012214, 47.1275174 ] ] } },
{ "type": "Feature", "properties": { "vineyard_id": "V04", "row_id": "V04-R312", "row_structure": "regular", "length_m": 106.86 }, "geometry": { "type": "LineString", "coordinates": [ [ 28.7018658, 47.1267649 ], [ 28.7018223, 47.1268099 ], [ 28.7016848, 47.1269635 ], [ 28.7014724, 47.1271912 ], [ 28.701305, 47.1273744 ], [ 28.701195, 47.1274972 ], [ 28.7011216, 47.127581 ] ] } },
{ "type": "Feature", "properties": { "vineyard_id": "V04", "row_id": "V04-R313", "row_structure": "regular", "length_m": 102.0 }, "geometry": { "type": "LineString", "coordinates": [ [ 28.7018333, 47.1267495 ], [ 28.7017624, 47.1268253 ], [ 28.7014823, 47.1271302 ], [ 28.7013693, 47.1272517 ], [ 28.7012322, 47.1274055 ], [ 28.7011626, 47.1274819 ], [ 28.7011222, 47.1275283 ] ] } },
{ "type": "Feature", "properties": { "vineyard_id": "V04", "row_id": "V04-R314", "row_structure": "regular", "length_m": 10.6 }, "geometry": { "type": "LineString", "coordinates": [ [ 28.7017994, 47.1266774 ], [ 28.701757, 47.1267229 ], [ 28.7017271, 47.126759 ] ] } },
{ "type": "Feature", "properties": { "vineyard_id": "V04", "row_id": "V04-R315", "row_structure": "regular", "length_m": 105.48 }, "geometry": { "type": "LineString", "coordinates": [ [ 28.701777, 47.1267399 ], [ 28.7017555, 47.1267731 ], [ 28.7017427, 47.1267889 ], [ 28.7016476, 47.1268969 ], [ 28.7016198, 47.1269274 ], [ 28.7015764, 47.1269726 ], [ 28.7015485, 47.1270031 ], [ 28.7015084, 47.1270496 ], [ 28.7014387, 47.127126 ], [ 28.7014096, 47.127156 ], [ 28.7013685, 47.1272022 ], [ 28.7012962, 47.1272774 ], [ 28.7011313, 47.1274617 ], [ 28.7010826, 47.1275046 ], [ 28.701045, 47.1275459 ] ] } },
{ "type": "Feature", "properties": { "vineyard_id": "V04", "row_id": "V04-R316", "row_structure": "disrupted", "length_m": 87.01 }, "geometry": { "type": "LineString", "coordinates": [ [ 28.7016865, 47.1267931 ], [ 28.7016466, 47.1268397 ], [ 28.7016085, 47.1268871 ], [ 28.7015102, 47.1269937 ], [ 28.7013022, 47.1272233 ], [ 28.701259, 47.1272685 ], [ 28.7011613, 47.1273754 ], [ 28.7010825, 47.1274585 ] ] } },
{ "type": "Feature", "properties": { "vineyard_id": "V04", "row_id": "V04-R317", "row_structure": "regular", "length_m": 103.65 }, "geometry": { "type": "LineString", "coordinates": [ [ 28.7017799, 47.1266548 ], [ 28.7017637, 47.1266691 ], [ 28.7017208, 47.1267144 ], [ 28.70169, 47.1267438 ], [ 28.7016755, 47.1267588 ], [ 28.7016477, 47.1267894 ], [ 28.7015812, 47.1268671 ], [ 28.7014425, 47.1270201 ], [ 28.7012577, 47.1272171 ], [ 28.7012019, 47.1272782 ], [ 28.7011619, 47.1273248 ], [ 28.7011199, 47.1273705 ], [ 28.7010912, 47.1274007 ], [ 28.7010586, 47.1274293 ], [ 28.7010465, 47.1274411 ] ] } },
{ "type": "Feature", "properties": { "vineyard_id": "V04", "row_id": "V04-R318", "row_structure": "disrupted", "length_m": 106.72 }, "geometry": { "type": "LineString", "coordinates": [ [ 28.7017622, 47.1266165 ], [ 28.7015802, 47.1268147 ], [ 28.7015371, 47.12686 ], [ 28.7013409, 47.1270734 ], [ 28.7013022, 47.1271205 ], [ 28.7012753, 47.1271515 ], [ 28.7010952, 47.1273505 ], [ 28.701064, 47.1273797 ], [ 28.7010151, 47.1274299 ] ] } },
{ "type": "Feature", "properties": { "vineyard_id": "V04", "row_id": "V04-R319", "row_structure": "regular", "length_m": 6.6 }, "geometry": { "type": "LineString", "coordinates": [ [ 28.7010486, 47.1274759 ], [ 28.7010024, 47.1275262 ] ] } },
{ "type": "Feature", "properties": { "vineyard_id": "V04", "row_id": "V04-R320", "row_structure": "disrupted", "length_m": 97.03 }, "geometry": { "type": "LineString", "coordinates": [ [ 28.7016677, 47.1266792 ], [ 28.7016529, 47.1266941 ], [ 28.7016216, 47.1267232 ], [ 28.7015507, 47.126799 ], [ 28.7014784, 47.1268743 ], [ 28.7013363, 47.1270259 ], [ 28.7011965, 47.1271784 ], [ 28.7011281, 47.1272554 ], [ 28.7010883, 47.127302 ], [ 28.7010605, 47.1273326 ], [ 28.7009806, 47.1274152 ] ] } },
{ "type": "Feature", "properties": { "vineyard_id": "V04", "row_id": "V04-R321", "row_structure": "disrupted", "length_m": 44.86 }, "geometry": { "type": "LineString", "coordinates": [ [ 28.7012611, 47.1270591 ], [ 28.7011655, 47.1271669 ], [ 28.7010252, 47.1273192 ], [ 28.7009545, 47.1274042 ] ] } },
{ "type": "Feature", "properties": { "vineyard_id": "V04", "row_id": "V04-R322", "row_structure": "regular", "length_m": 44.77 }, "geometry": { "type": "LineString", "coordinates": [ [ 28.701249, 47.1270312 ], [ 28.7011634, 47.127122 ], [ 28.7009699, 47.1273366 ], [ 28.7009571, 47.1273523 ], [ 28.7009409, 47.1273745 ] ] } },
{ "type": "Feature", "properties": { "vineyard_id": "V05", "row_id": "V05-R001", "row_structure": "unassessable", "length_m": 2.35 }, "geometry": { "type": "LineString", "coordinates": [ [ 28.7030896, 47.1277715 ], [ 28.7030726, 47.1277892 ] ] } },
{ "type": "Feature", "properties": { "vineyard_id": "V05", "row_id": "V05-R002", "row_structure": "unassessable", "length_m": 2.35 }, "geometry": { "type": "LineString", "coordinates": [ [ 28.7030738, 47.1277648 ], [ 28.703056, 47.1277822 ] ] } },
{ "type": "Feature", "properties": { "vineyard_id": "V05", "row_id": "V05-R003", "row_structure": "regular", "length_m": 8.96 }, "geometry": { "type": "LineString", "coordinates": [ [ 28.7030417, 47.1277575 ], [ 28.7030144, 47.1277883 ], [ 28.702983, 47.1278275 ] ] } },
{ "type": "Feature", "properties": { "vineyard_id": "V05", "row_id": "V05-R004", "row_structure": "regular", "length_m": 6.45 }, "geometry": { "type": "LineString", "coordinates": [ [ 28.7030352, 47.1277548 ], [ 28.7030036, 47.1278086 ] ] } },
{ "type": "Feature", "properties": { "vineyard_id": "V05", "row_id": "V05-R005", "row_structure": "regular", "length_m": 7.15 }, "geometry": { "type": "LineString", "coordinates": [ [ 28.7029005, 47.1277527 ], [ 28.7028516, 47.1278077 ] ] } },
{ "type": "Feature", "properties": { "vineyard_id": "V06", "row_id": "V06-R001", "row_structure": "unassessable", "length_m": 2.75 }, "geometry": { "type": "LineString", "coordinates": [ [ 28.7055488, 47.1265283 ], [ 28.7055364, 47.126505 ] ] } },
{ "type": "Feature", "properties": { "vineyard_id": "V06", "row_id": "V06-R002", "row_structure": "disrupted", "length_m": 17.71 }, "geometry": { "type": "LineString", "coordinates": [ [ 28.7055425, 47.1264487 ], [ 28.7055226, 47.1264153 ], [ 28.7054882, 47.1263472 ], [ 28.7054621, 47.1262991 ] ] } },
{ "type": "Feature", "properties": { "vineyard_id": "V06", "row_id": "V06-R003", "row_structure": "disrupted", "length_m": 9.9 }, "geometry": { "type": "LineString", "coordinates": [ [ 28.7056424, 47.1265749 ], [ 28.7056, 47.1264906 ] ] } },
{ "type": "Feature", "properties": { "vineyard_id": "V06", "row_id": "V06-R004", "row_structure": "regular", "length_m": 4.61 }, "geometry": { "type": "LineString", "coordinates": [ [ 28.705412, 47.126083 ], [ 28.705403, 47.1260661 ], [ 28.7053894, 47.1260445 ] ] } },
{ "type": "Feature", "properties": { "vineyard_id": "V06", "row_id": "V06-R005", "row_structure": "regular", "length_m": 49.78 }, "geometry": { "type": "LineString", "coordinates": [ [ 28.7057077, 47.1266269 ], [ 28.7056405, 47.1264905 ], [ 28.7056122, 47.12644 ], [ 28.7055786, 47.1263718 ], [ 28.7055264, 47.1262699 ], [ 28.7055099, 47.1262357 ], [ 28.7054994, 47.1262025 ] ] } },
{ "type": "Feature", "properties": { "vineyard_id": "V06", "row_id": "V06-R006", "row_structure": "regular", "length_m": 77.03 }, "geometry": { "type": "LineString", "coordinates": [ [ 28.7057829, 47.1267052 ], [ 28.7057609, 47.1266533 ], [ 28.7056358, 47.1263973 ], [ 28.7055899, 47.1263129 ], [ 28.7055473, 47.1262277 ], [ 28.7055239, 47.1261762 ], [ 28.7054899, 47.1260891 ], [ 28.7054692, 47.1260464 ] ] } },
{ "type": "Feature", "properties": { "vineyard_id": "V06", "row_id": "V06-R007", "row_structure": "unassessable", "length_m": 2.82 }, "geometry": { "type": "LineString", "coordinates": [ [ 28.7054761, 47.1260154 ], [ 28.7054606, 47.1259924 ] ] } },
{ "type": "Feature", "properties": { "vineyard_id": "V06", "row_id": "V06-R008", "row_structure": "regular", "length_m": 81.39 }, "geometry": { "type": "LineString", "coordinates": [ [ 28.7058343, 47.1267253 ], [ 28.7058205, 47.1266905 ], [ 28.7058125, 47.1266734 ], [ 28.7057283, 47.1265029 ], [ 28.705668, 47.1263838 ], [ 28.7055451, 47.1261273 ], [ 28.7055154, 47.1260582 ], [ 28.7055093, 47.1260406 ], [ 28.7055065, 47.1260284 ] ] } },
{ "type": "Feature", "properties": { "vineyard_id": "V06", "row_id": "V06-R009", "row_structure": "regular", "length_m": 78.63 }, "geometry": { "type": "LineString", "coordinates": [ [ 28.7058782, 47.1266983 ], [ 28.705823, 47.1265781 ], [ 28.70578, 47.1264931 ], [ 28.7056884, 47.1263053 ], [ 28.7056796, 47.1262883 ], [ 28.7056579, 47.1262553 ], [ 28.7056407, 47.1262213 ], [ 28.7056333, 47.126204 ], [ 28.7056252, 47.126168 ], [ 28.7056181, 47.1261506 ], [ 28.7055597, 47.1260259 ] ] } },
{ "type": "Feature", "properties": { "vineyard_id": "V06", "row_id": "V06-R010", "row_structure": "disrupted", "length_m": 21.24 }, "geometry": { "type": "LineString", "coordinates": [ [ 28.7059401, 47.1267095 ], [ 28.7059052, 47.1266226 ], [ 28.7058725, 47.1265352 ], [ 28.7058677, 47.1265249 ] ] } },
{ "type": "Feature", "properties": { "vineyard_id": "V06", "row_id": "V06-R011", "row_structure": "regular", "length_m": 37.09 }, "geometry": { "type": "LineString", "coordinates": [ [ 28.7058271, 47.1264611 ], [ 28.7058216, 47.1264434 ], [ 28.7058073, 47.1264087 ], [ 28.705724, 47.126238 ], [ 28.7057055, 47.1261853 ], [ 28.7056937, 47.1261406 ] ] } },
{ "type": "Feature", "properties": { "vineyard_id": "V06", "row_id": "V06-R012", "row_structure": "disrupted", "length_m": 11.5 }, "geometry": { "type": "LineString", "coordinates": [ [ 28.7056684, 47.1261103 ], [ 28.7056249, 47.1260112 ] ] } },
{ "type": "Feature", "properties": { "vineyard_id": "V06", "row_id": "V06-R013", "row_structure": "regular", "length_m": 11.11 }, "geometry": { "type": "LineString", "coordinates": [ [ 28.7057986, 47.1262705 ], [ 28.7057733, 47.1262193 ], [ 28.7057482, 47.1261766 ] ] } },
{ "type": "Feature", "properties": { "vineyard_id": "V07", "row_id": "V07-R001", "row_structure": "regular", "length_m": 3.2 }, "geometry": { "type": "LineString", "coordinates": [ [ 28.7034878, 47.1264614 ], [ 28.7034506, 47.126475 ] ] } },
{ "type": "Feature", "properties": { "vineyard_id": "V07", "row_id": "V07-R002", "row_structure": "regular", "length_m": 4.61 }, "geometry": { "type": "LineString", "coordinates": [ [ 28.7034783, 47.1264222 ], [ 28.7034238, 47.1264404 ] ] } },
{ "type": "Feature", "properties": { "vineyard_id": "V07", "row_id": "V07-R003", "row_structure": "disrupted", "length_m": 18.18 }, "geometry": { "type": "LineString", "coordinates": [ [ 28.7036421, 47.1263355 ], [ 28.7035933, 47.1263497 ], [ 28.7035695, 47.1263575 ], [ 28.7034775, 47.1263926 ], [ 28.7034291, 47.1264101 ] ] } },
{ "type": "Feature", "properties": { "vineyard_id": "V07", "row_id": "V07-R004", "row_structure": "disrupted", "length_m": 19.75 }, "geometry": { "type": "LineString", "coordinates": [ [ 28.7036369, 47.1263126 ], [ 28.7034085, 47.1263979 ] ] } },
{ "type": "Feature", "properties": { "vineyard_id": "V07", "row_id": "V07-R005", "row_structure": "regular", "length_m": 14.5 }, "geometry": { "type": "LineString", "coordinates": [ [ 28.70353, 47.1263259 ], [ 28.7033923, 47.126379 ], [ 28.7033632, 47.1263895 ] ] } },
{ "type": "Feature", "properties": { "vineyard_id": "V07", "row_id": "V07-R006", "row_structure": "regular", "length_m": 5.45 }, "geometry": { "type": "LineString", "coordinates": [ [ 28.7036559, 47.1262612 ], [ 28.7035944, 47.1262865 ] ] } },
{ "type": "Feature", "properties": { "vineyard_id": "V07", "row_id": "V07-R007", "row_structure": "regular", "length_m": 13.25 }, "geometry": { "type": "LineString", "coordinates": [ [ 28.7035444, 47.1262974 ], [ 28.7033912, 47.1263547 ] ] } },
{ "type": "Feature", "properties": { "vineyard_id": "V07", "row_id": "V07-R008", "row_structure": "regular", "length_m": 23.95 }, "geometry": { "type": "LineString", "coordinates": [ [ 28.7036501, 47.1262366 ], [ 28.7033739, 47.1263409 ] ] } },
{ "type": "Feature", "properties": { "vineyard_id": "V07", "row_id": "V07-R009", "row_structure": "regular", "length_m": 25.78 }, "geometry": { "type": "LineString", "coordinates": [ [ 28.703674, 47.1261966 ], [ 28.7036309, 47.1262177 ], [ 28.7035635, 47.1262461 ], [ 28.703495, 47.1262731 ], [ 28.7033824, 47.1263154 ] ] } },
{ "type": "Feature", "properties": { "vineyard_id": "V07", "row_id": "V07-R010", "row_structure": "unassessable", "length_m": 2.8 }, "geometry": { "type": "LineString", "coordinates": [ [ 28.7036244, 47.1262052 ], [ 28.7035923, 47.1262177 ] ] } },
{ "type": "Feature", "properties": { "vineyard_id": "V07", "row_id": "V07-R011", "row_structure": "regular", "length_m": 14.7 }, "geometry": { "type": "LineString", "coordinates": [ [ 28.7035515, 47.126225 ], [ 28.7033827, 47.12629 ] ] } },
{ "type": "Feature", "properties": { "vineyard_id": "V07", "row_id": "V07-R012", "row_structure": "regular", "length_m": 30.89 }, "geometry": { "type": "LineString", "coordinates": [ [ 28.7036998, 47.1261341 ], [ 28.7035869, 47.1261807 ], [ 28.7035443, 47.1262024 ], [ 28.703522, 47.1262121 ], [ 28.7033508, 47.1262768 ] ] } },
{ "type": "Feature", "properties": { "vineyard_id": "V07", "row_id": "V07-R013", "row_structure": "regular", "length_m": 27.03 }, "geometry": { "type": "LineString", "coordinates": [ [ 28.7036989, 47.1261119 ], [ 28.7036766, 47.1261215 ], [ 28.7036335, 47.1261426 ], [ 28.7035652, 47.1261699 ], [ 28.7033929, 47.1262361 ] ] } },
{ "type": "Feature", "properties": { "vineyard_id": "V07", "row_id": "V07-R014", "row_structure": "regular", "length_m": 17.0 }, "geometry": { "type": "LineString", "coordinates": [ [ 28.7035755, 47.1261455 ], [ 28.7033796, 47.1262198 ] ] } },
{ "type": "Feature", "properties": { "vineyard_id": "V07", "row_id": "V07-R015", "row_structure": "regular", "length_m": 6.35 }, "geometry": { "type": "LineString", "coordinates": [ [ 28.7033391, 47.1262267 ], [ 28.7032651, 47.1262534 ] ] } },
{ "type": "Feature", "properties": { "vineyard_id": "V07", "row_id": "V07-R016", "row_structure": "regular", "length_m": 31.25 }, "geometry": { "type": "LineString", "coordinates": [ [ 28.7036418, 47.1260974 ], [ 28.7035502, 47.1261331 ], [ 28.703366, 47.1262032 ], [ 28.7032835, 47.1262361 ] ] } },
{ "type": "Feature", "properties": { "vineyard_id": "V07", "row_id": "V07-R017", "row_structure": "regular", "length_m": 4.5 }, "geometry": { "type": "LineString", "coordinates": [ [ 28.7032389, 47.1262344 ], [ 28.7031872, 47.1262541 ] ] } },
{ "type": "Feature", "properties": { "vineyard_id": "V07", "row_id": "V07-R018", "row_structure": "disrupted", "length_m": 35.91 }, "geometry": { "type": "LineString", "coordinates": [ [ 28.7037176, 47.1260425 ], [ 28.7036486, 47.1260689 ], [ 28.703604, 47.1260882 ], [ 28.7035353, 47.1261149 ], [ 28.7034188, 47.1261571 ], [ 28.7033045, 47.1262001 ] ] } },
{ "type": "Feature", "properties": { "vineyard_id": "V07", "row_id": "V07-R019", "row_structure": "regular", "length_m": 39.98 }, "geometry": { "type": "LineString", "coordinates": [ [ 28.7036244, 47.1260569 ], [ 28.7035784, 47.1260745 ], [ 28.7035083, 47.1260995 ], [ 28.7032319, 47.1262046 ], [ 28.703183, 47.1262186 ], [ 28.7031598, 47.1262263 ] ] } },
{ "type": "Feature", "properties": { "vineyard_id": "V07", "row_id": "V07-R020", "row_structure": "regular", "length_m": 44.31 }, "geometry": { "type": "LineString", "coordinates": [ [ 28.7036771, 47.1260116 ], [ 28.7036093, 47.1260394 ], [ 28.7034474, 47.1260999 ], [ 28.7032177, 47.1261882 ], [ 28.7031695, 47.1262086 ] ] } },
{ "type": "Feature", "properties": { "vineyard_id": "V07", "row_id": "V07-R021", "row_structure": "regular", "length_m": 41.96 }, "geometry": { "type": "LineString", "coordinates": [ [ 28.7036752, 47.1259908 ], [ 28.7036053, 47.1260161 ], [ 28.7034896, 47.1260592 ], [ 28.7034436, 47.1260768 ], [ 28.7033754, 47.1261042 ], [ 28.7032604, 47.1261481 ], [ 28.7031906, 47.1261726 ] ] } },
{ "type": "Feature", "properties": { "vineyard_id": "V07", "row_id": "V07-R022", "row_structure": "regular", "length_m": 41.77 }, "geometry": { "type": "LineString", "coordinates": [ [ 28.7036579, 47.1259743 ], [ 28.703589, 47.1260008 ], [ 28.703542, 47.1260172 ], [ 28.7034725, 47.126043 ], [ 28.7033118, 47.1261049 ], [ 28.7032437, 47.1261324 ], [ 28.7032, 47.1261528 ], [ 28.7031803, 47.126161 ] ] } },
{ "type": "Feature", "properties": { "vineyard_id": "V07", "row_id": "V07-R023", "row_structure": "unassessable", "length_m": 2.1 }, "geometry": { "type": "LineString", "coordinates": [ [ 28.7037065, 47.125935 ], [ 28.7036824, 47.1259443 ] ] } },
{ "type": "Feature", "properties": { "vineyard_id": "V07", "row_id": "V07-R024", "row_structure": "regular", "length_m": 34.6 }, "geometry": { "type": "LineString", "coordinates": [ [ 28.7036159, 47.1259627 ], [ 28.7035243, 47.1259984 ], [ 28.7034563, 47.1260259 ], [ 28.7032191, 47.1261162 ] ] } },
{ "type": "Feature", "properties": { "vineyard_id": "V07", "row_id": "V07-R025", "row_structure": "regular", "length_m": 44.66 }, "geometry": { "type": "LineString", "coordinates": [ [ 28.7037191, 47.1259035 ], [ 28.703672, 47.1259197 ], [ 28.7033498, 47.1260425 ], [ 28.703281, 47.1260692 ], [ 28.7032056, 47.1260997 ] ] } },
{ "type": "Feature", "properties": { "vineyard_id": "V07", "row_id": "V07-R026", "row_structure": "regular", "length_m": 47.26 }, "geometry": { "type": "LineString", "coordinates": [ [ 28.7036601, 47.1259033 ], [ 28.7035445, 47.1259465 ], [ 28.7031999, 47.1260789 ], [ 28.7031537, 47.1260962 ], [ 28.7031146, 47.1261084 ] ] } },
{ "type": "Feature", "properties": { "vineyard_id": "V07", "row_id": "V07-R027", "row_structure": "regular", "length_m": 53.32 }, "geometry": { "type": "LineString", "coordinates": [ [ 28.7037127, 47.1258523 ], [ 28.7036903, 47.1258619 ], [ 28.703647, 47.1258827 ], [ 28.7033017, 47.1260143 ], [ 28.7031871, 47.1260588 ], [ 28.7031027, 47.1260903 ] ] } },
{ "type": "Feature", "properties": { "vineyard_id": "V07", "row_id": "V07-R028", "row_structure": "regular", "length_m": 52.02 }, "geometry": { "type": "LineString", "coordinates": [ [ 28.7036991, 47.1258358 ], [ 28.7036302, 47.1258622 ], [ 28.7035621, 47.1258897 ], [ 28.7034701, 47.1259248 ], [ 28.7033342, 47.1259802 ], [ 28.7031731, 47.1260416 ], [ 28.7031018, 47.1260653 ] ] } },
{ "type": "Feature", "properties": { "vineyard_id": "V07", "row_id": "V07-R029", "row_structure": "regular", "length_m": 51.92 }, "geometry": { "type": "LineString", "coordinates": [ [ 28.7036876, 47.1258217 ], [ 28.7035028, 47.125891 ], [ 28.7034345, 47.1259183 ], [ 28.7032275, 47.1259975 ], [ 28.7031594, 47.1260249 ], [ 28.7031156, 47.1260452 ], [ 28.7030943, 47.1260542 ] ] } },
{ "type": "Feature", "properties": { "vineyard_id": "V07", "row_id": "V07-R030", "row_structure": "regular", "length_m": 51.06 }, "geometry": { "type": "LineString", "coordinates": [ [ 28.7036717, 47.1258023 ], [ 28.7036027, 47.1258286 ], [ 28.7035329, 47.1258541 ], [ 28.7034424, 47.1258911 ], [ 28.7032131, 47.1259798 ], [ 28.7030879, 47.1260308 ] ] } },
{ "type": "Feature", "properties": { "vineyard_id": "V07", "row_id": "V07-R031", "row_structure": "regular", "length_m": 52.02 }, "geometry": { "type": "LineString", "coordinates": [ [ 28.7036598, 47.1257878 ], [ 28.7035423, 47.1258287 ], [ 28.703473, 47.1258547 ], [ 28.7031989, 47.1259626 ], [ 28.7031317, 47.1259911 ], [ 28.7030627, 47.1260175 ] ] } },
{ "type": "Feature", "properties": { "vineyard_id": "V07", "row_id": "V07-R032", "row_structure": "regular", "length_m": 5.22 }, "geometry": { "type": "LineString", "coordinates": [ [ 28.7037517, 47.1257488 ], [ 28.7037029, 47.125763 ], [ 28.703689, 47.1257681 ] ] } },
{ "type": "Feature", "properties": { "vineyard_id": "V07", "row_id": "V07-R033", "row_structure": "regular", "length_m": 66.97 }, "geometry": { "type": "LineString", "coordinates": [ [ 28.7037594, 47.1257269 ], [ 28.7036182, 47.1257757 ], [ 28.7034107, 47.1258543 ], [ 28.7033434, 47.1258828 ], [ 28.7032284, 47.1259267 ], [ 28.7031833, 47.1259453 ], [ 28.7031146, 47.1259722 ], [ 28.7030063, 47.1260243 ], [ 28.702996, 47.1260283 ] ] } },
{ "type": "Feature", "properties": { "vineyard_id": "V07", "row_id": "V07-R034", "row_structure": "regular", "length_m": 60.9 }, "geometry": { "type": "LineString", "coordinates": [ [ 28.7036732, 47.1257323 ], [ 28.7034423, 47.1258191 ], [ 28.7032813, 47.1258806 ], [ 28.7030955, 47.1259489 ], [ 28.7029705, 47.1259972 ] ] } },
{ "type": "Feature", "properties": { "vineyard_id": "V07", "row_id": "V07-R035", "row_structure": "regular", "length_m": 17.01 }, "geometry": { "type": "LineString", "coordinates": [ [ 28.7033282, 47.1258439 ], [ 28.7032613, 47.1258728 ], [ 28.7031351, 47.1259216 ] ] } },
{ "type": "Feature", "properties": { "vineyard_id": "V07", "row_id": "V07-R036", "row_structure": "regular", "length_m": 23.23 }, "geometry": { "type": "LineString", "coordinates": [ [ 28.7032256, 47.1258735 ], [ 28.7030401, 47.1259421 ], [ 28.7030166, 47.1259503 ], [ 28.7029675, 47.1259641 ], [ 28.7029533, 47.1259688 ] ] } },
{ "type": "Feature", "properties": { "vineyard_id": "V07", "row_id": "V07-R037", "row_structure": "disrupted", "length_m": 46.25 }, "geometry": { "type": "LineString", "coordinates": [ [ 28.7036563, 47.1256914 ], [ 28.7031223, 47.1258922 ] ] } },
{ "type": "Feature", "properties": { "vineyard_id": "V07", "row_id": "V07-R038", "row_structure": "disrupted", "length_m": 42.0 }, "geometry": { "type": "LineString", "coordinates": [ [ 28.7035858, 47.1256975 ], [ 28.7035168, 47.1257238 ], [ 28.7034027, 47.125769 ], [ 28.7031036, 47.1258832 ] ] } },
{ "type": "Feature", "properties": { "vineyard_id": "V07", "row_id": "V07-R039", "row_structure": "regular", "length_m": 52.0 }, "geometry": { "type": "LineString", "coordinates": [ [ 28.7036359, 47.1256665 ], [ 28.7032217, 47.1258245 ], [ 28.7031517, 47.1258497 ], [ 28.7030366, 47.1258936 ] ] } },
{ "type": "Feature", "properties": { "vineyard_id": "V07", "row_id": "V07-R040", "row_structure": "disrupted", "length_m": 27.02 }, "geometry": { "type": "LineString", "coordinates": [ [ 28.703394, 47.12574 ], [ 28.703325, 47.1257663 ], [ 28.703253, 47.1257891 ], [ 28.7030791, 47.1258533 ] ] } },
{ "type": "Feature", "properties": { "vineyard_id": "V07", "row_id": "V07-R041", "row_structure": "regular", "length_m": 11.67 }, "geometry": { "type": "LineString", "coordinates": [ [ 28.703488, 47.1256685 ], [ 28.7034179, 47.1256935 ], [ 28.70337, 47.1257089 ], [ 28.7033508, 47.1257159 ] ] } },
{ "type": "Feature", "properties": { "vineyard_id": "V07", "row_id": "V07-R042", "row_structure": "regular", "length_m": 18.06 }, "geometry": { "type": "LineString", "coordinates": [ [ 28.7034994, 47.1256458 ], [ 28.7034778, 47.1256563 ], [ 28.7034554, 47.1256658 ], [ 28.7032961, 47.1257303 ] ] } },
{ "type": "Feature", "properties": { "vineyard_id": "V07", "row_id": "V07-R043", "row_structure": "regular", "length_m": 43.09 }, "geometry": { "type": "LineString", "coordinates": [ [ 28.7036377, 47.1255671 ], [ 28.703616, 47.1255774 ], [ 28.7032341, 47.1257378 ], [ 28.7031564, 47.1257728 ] ] } },
{ "type": "Feature", "properties": { "vineyard_id": "V07", "row_id": "V07-R044", "row_structure": "disrupted", "length_m": 31.35 }, "geometry": { "type": "LineString", "coordinates": [ [ 28.7032891, 47.1256965 ], [ 28.7032668, 47.1257061 ], [ 28.7032234, 47.1257268 ], [ 28.7031103, 47.1257731 ], [ 28.702941, 47.1258484 ] ] } },
{ "type": "Feature", "properties": { "vineyard_id": "V07", "row_id": "V07-R045", "row_structure": "regular", "length_m": 6.19 }, "geometry": { "type": "LineString", "coordinates": [ [ 28.7036778, 47.1255261 ], [ 28.7036558, 47.125536 ], [ 28.7036116, 47.1255586 ] ] } },
{ "type": "Feature", "properties": { "vineyard_id": "V07", "row_id": "V07-R046", "row_structure": "disrupted", "length_m": 48.37 }, "geometry": { "type": "LineString", "coordinates": [ [ 28.7034469, 47.125613 ], [ 28.7033094, 47.1256664 ], [ 28.703032, 47.1257702 ], [ 28.7029826, 47.1257837 ], [ 28.7029585, 47.1257912 ], [ 28.7029117, 47.1258078 ], [ 28.7028835, 47.1258159 ] ] } },
{ "type": "Feature", "properties": { "vineyard_id": "V07", "row_id": "V07-R047", "row_structure": "disrupted", "length_m": 61.33 }, "geometry": { "type": "LineString", "coordinates": [ [ 28.7037605, 47.1254598 ], [ 28.703691, 47.1254855 ], [ 28.7035994, 47.1255212 ], [ 28.7035315, 47.125549 ], [ 28.7034679, 47.1255818 ], [ 28.7032488, 47.1256829 ], [ 28.7031005, 47.1257596 ], [ 28.703088, 47.1257646 ] ] } },
{ "type": "Feature", "properties": { "vineyard_id": "V07", "row_id": "V07-R048", "row_structure": "regular", "length_m": 57.24 }, "geometry": { "type": "LineString", "coordinates": [ [ 28.7037735, 47.1254736 ], [ 28.7037073, 47.1255033 ], [ 28.7036157, 47.1255389 ], [ 28.7035922, 47.1255472 ], [ 28.7035197, 47.1255693 ], [ 28.7031007, 47.1257053 ] ] } },
{ "type": "Feature", "properties": { "vineyard_id": "V07", "row_id": "V07-R049", "row_structure": "regular", "length_m": 45.01 }, "geometry": { "type": "LineString", "coordinates": [ [ 28.7038139, 47.1254166 ], [ 28.7036285, 47.1254852 ], [ 28.7035141, 47.12553 ], [ 28.7033551, 47.1255939 ], [ 28.7032979, 47.1256162 ] ] } },
{ "type": "Feature", "properties": { "vineyard_id": "V07", "row_id": "V07-R050", "row_structure": "disrupted", "length_m": 80.35 }, "geometry": { "type": "LineString", "coordinates": [ [ 28.7037968, 47.1253961 ], [ 28.7035449, 47.1254942 ], [ 28.703386, 47.1255583 ], [ 28.7030876, 47.1256733 ], [ 28.7028778, 47.1257555 ] ] } },
{ "type": "Feature", "properties": { "vineyard_id": "V07", "row_id": "V07-R051", "row_structure": "regular", "length_m": 6.14 }, "geometry": { "type": "LineString", "coordinates": [ [ 28.7028689, 47.1257403 ], [ 28.702847, 47.1257505 ], [ 28.7028037, 47.125773 ] ] } },
{ "type": "Feature", "properties": { "vineyard_id": "V07", "row_id": "V07-R052", "row_structure": "disrupted", "length_m": 77.8 }, "geometry": { "type": "LineString", "coordinates": [ [ 28.7038142, 47.1253679 ], [ 28.7036989, 47.1254115 ], [ 28.7034928, 47.1254918 ], [ 28.7030357, 47.1256711 ], [ 28.7029219, 47.125713 ] ] } },
{ "type": "Feature", "properties": { "vineyard_id": "V07", "row_id": "V07-R053", "row_structure": "regular", "length_m": 90.88 }, "geometry": { "type": "LineString", "coordinates": [ [ 28.7038118, 47.1253442 ], [ 28.7036513, 47.1254064 ], [ 28.7033549, 47.1255238 ], [ 28.7030795, 47.12563 ], [ 28.7030096, 47.1256553 ], [ 28.7028498, 47.1257183 ], [ 28.7028277, 47.1257282 ], [ 28.7027846, 47.1257493 ], [ 28.7027749, 47.1257531 ] ] } },
{ "type": "Feature", "properties": { "vineyard_id": "V07", "row_id": "V07-R054", "row_structure": "regular", "length_m": 79.63 }, "geometry": { "type": "LineString", "coordinates": [ [ 28.7038391, 47.1253088 ], [ 28.7036088, 47.1253963 ], [ 28.7035175, 47.1254323 ], [ 28.7034499, 47.1254604 ], [ 28.7031756, 47.125568 ], [ 28.7031082, 47.1255963 ], [ 28.7030624, 47.1256141 ], [ 28.7029904, 47.1256369 ], [ 28.7029262, 47.1256618 ] ] } },
{ "type": "Feature", "properties": { "vineyard_id": "V07", "row_id": "V07-R055", "row_structure": "regular", "length_m": 86.37 }, "geometry": { "type": "LineString", "coordinates": [ [ 28.7039071, 47.125264 ], [ 28.7038359, 47.1252876 ], [ 28.7037666, 47.1253137 ], [ 28.7036069, 47.1253768 ], [ 28.7034913, 47.1254201 ], [ 28.7033315, 47.1254831 ], [ 28.7029872, 47.1256159 ], [ 28.7029157, 47.1256456 ] ] } },
{ "type": "Feature", "properties": { "vineyard_id": "V07", "row_id": "V07-R056", "row_structure": "regular", "length_m": 20.16 }, "geometry": { "type": "LineString", "coordinates": [ [ 28.7031462, 47.1255302 ], [ 28.7029632, 47.1256016 ], [ 28.7029179, 47.1256228 ] ] } },
{ "type": "Feature", "properties": { "vineyard_id": "V07", "row_id": "V07-R057", "row_structure": "disrupted", "length_m": 71.31 }, "geometry": { "type": "LineString", "coordinates": [ [ 28.7038925, 47.1252383 ], [ 28.7034778, 47.1253957 ], [ 28.7033185, 47.1254593 ], [ 28.7030712, 47.1255502 ] ] } },
{ "type": "Feature", "properties": { "vineyard_id": "V07", "row_id": "V07-R058", "row_structure": "regular", "length_m": 64.58 }, "geometry": { "type": "LineString", "coordinates": [ [ 28.7037915, 47.1252672 ], [ 28.7037686, 47.1252761 ], [ 28.7037446, 47.1252837 ], [ 28.7036955, 47.1252976 ], [ 28.7035287, 47.1253523 ], [ 28.7035054, 47.1253608 ], [ 28.7034137, 47.1253963 ], [ 28.703346, 47.1254242 ], [ 28.7033002, 47.125442 ], [ 28.7032306, 47.1254677 ], [ 28.7031162, 47.1255124 ], [ 28.7030429, 47.1255427 ] ] } },
{ "type": "Feature", "properties": { "vineyard_id": "V07", "row_id": "V07-R059", "row_structure": "regular", "length_m": 46.7 }, "geometry": { "type": "LineString", "coordinates": [ [ 28.703806, 47.1252256 ], [ 28.7036686, 47.125279 ], [ 28.7034641, 47.1253612 ], [ 28.7032734, 47.1254362 ] ] } },
{ "type": "Feature", "properties": { "vineyard_id": "V07", "row_id": "V07-R060", "row_structure": "disrupted", "length_m": 55.65 }, "geometry": { "type": "LineString", "coordinates": [ [ 28.7037346, 47.1252309 ], [ 28.703097, 47.1254785 ] ] } },
{ "type": "Feature", "properties": { "vineyard_id": "V07", "row_id": "V07-R061", "row_structure": "disrupted", "length_m": 31.65 }, "geometry": { "type": "LineString", "coordinates": [ [ 28.7034876, 47.1253049 ], [ 28.7034183, 47.125331 ], [ 28.7032354, 47.1254026 ], [ 28.7031237, 47.1254442 ] ] } },
{ "type": "Feature", "properties": { "vineyard_id": "V07", "row_id": "V07-R062", "row_structure": "regular", "length_m": 6.43 }, "geometry": { "type": "LineString", "coordinates": [ [ 28.703472, 47.1252908 ], [ 28.7034234, 47.1253053 ], [ 28.7033948, 47.1253147 ] ] } },
{ "type": "Feature", "properties": { "vineyard_id": "V08", "row_id": "V08-R001", "row_structure": "unassessable", "length_m": 2.85 }, "geometry": { "type": "LineString", "coordinates": [ [ 28.7072005, 47.1258227 ], [ 28.7071641, 47.1258164 ] ] } },
{ "type": "Feature", "properties": { "vineyard_id": "V08", "row_id": "V08-R002", "row_structure": "regular", "length_m": 7.6 }, "geometry": { "type": "LineString", "coordinates": [ [ 28.7071936, 47.125807 ], [ 28.7070958, 47.1257921 ] ] } },
{ "type": "Feature", "properties": { "vineyard_id": "V08", "row_id": "V08-R003", "row_structure": "disrupted", "length_m": 40.15 }, "geometry": { "type": "LineString", "coordinates": [ [ 28.7072944, 47.1258107 ], [ 28.7067786, 47.1257298 ] ] } },
{ "type": "Feature", "properties": { "vineyard_id": "V08", "row_id": "V08-R004", "row_structure": "regular", "length_m": 31.11 }, "geometry": { "type": "LineString", "coordinates": [ [ 28.7072448, 47.1257954 ], [ 28.7071165, 47.1257747 ], [ 28.7069888, 47.1257522 ], [ 28.7069374, 47.1257441 ], [ 28.7068455, 47.1257319 ] ] } },
{ "type": "Feature", "properties": { "vineyard_id": "V08", "row_id": "V08-R005", "row_structure": "regular", "length_m": 13.25 }, "geometry": { "type": "LineString", "coordinates": [ [ 28.7070567, 47.1257473 ], [ 28.7069798, 47.1257346 ], [ 28.7068864, 47.1257206 ] ] } },
{ "type": "Feature", "properties": { "vineyard_id": "V08", "row_id": "V08-R006", "row_structure": "regular", "length_m": 51.51 }, "geometry": { "type": "LineString", "coordinates": [ [ 28.7074562, 47.1257978 ], [ 28.7073027, 47.1257716 ], [ 28.7071229, 47.1257434 ], [ 28.7069433, 47.1257144 ], [ 28.7068658, 47.1257035 ], [ 28.7067943, 47.1256949 ] ] } },
{ "type": "Feature", "properties": { "vineyard_id": "V08", "row_id": "V08-R007", "row_structure": "regular", "length_m": 51.01 }, "geometry": { "type": "LineString", "coordinates": [ [ 28.7074554, 47.12578 ], [ 28.7073277, 47.1257577 ], [ 28.7070709, 47.1257169 ], [ 28.7069937, 47.1257051 ], [ 28.7068001, 47.1256776 ] ] } },
{ "type": "Feature", "properties": { "vineyard_id": "V08", "row_id": "V08-R008", "row_structure": "regular", "length_m": 52.0 }, "geometry": { "type": "LineString", "coordinates": [ [ 28.7074071, 47.1257505 ], [ 28.7068934, 47.1256695 ], [ 28.7067389, 47.1256462 ] ] } },
{ "type": "Feature", "properties": { "vineyard_id": "V08", "row_id": "V08-R009", "row_structure": "regular", "length_m": 30.11 }, "geometry": { "type": "LineString", "coordinates": [ [ 28.7071339, 47.1256881 ], [ 28.7070822, 47.1256809 ], [ 28.7069021, 47.1256533 ], [ 28.7067451, 47.1256338 ] ] } },
{ "type": "Feature", "properties": { "vineyard_id": "V08", "row_id": "V08-R010", "row_structure": "disrupted", "length_m": 51.14 }, "geometry": { "type": "LineString", "coordinates": [ [ 28.7074125, 47.1257344 ], [ 28.7073356, 47.1257216 ], [ 28.7072089, 47.1256964 ], [ 28.7069558, 47.1256444 ], [ 28.7068786, 47.1256327 ], [ 28.7068268, 47.125626 ], [ 28.7067605, 47.12562 ] ] } },
{ "type": "Feature", "properties": { "vineyard_id": "V08", "row_id": "V08-R011", "row_structure": "regular", "length_m": 32.01 }, "geometry": { "type": "LineString", "coordinates": [ [ 28.7074203, 47.1257109 ], [ 28.7072918, 47.1256908 ], [ 28.7072137, 47.125682 ], [ 28.7071362, 47.1256709 ], [ 28.7070848, 47.1256629 ], [ 28.7070082, 47.1256494 ] ] } },
{ "type": "Feature", "properties": { "vineyard_id": "V08", "row_id": "V08-R012", "row_structure": "regular", "length_m": 42.01 }, "geometry": { "type": "LineString", "coordinates": [ [ 28.7074264, 47.1256926 ], [ 28.7073493, 47.1256806 ], [ 28.7071685, 47.1256553 ], [ 28.7070903, 47.1256465 ], [ 28.7068847, 47.1256144 ] ] } },
{ "type": "Feature", "properties": { "vineyard_id": "V08", "row_id": "V08-R013", "row_structure": "regular", "length_m": 51.73 }, "geometry": { "type": "LineString", "coordinates": [ [ 28.7074334, 47.1256718 ], [ 28.7073558, 47.1256613 ], [ 28.7072777, 47.1256521 ], [ 28.7071745, 47.1256372 ], [ 28.7070966, 47.1256276 ], [ 28.7070457, 47.125618 ], [ 28.70702, 47.1256141 ], [ 28.7069679, 47.1256082 ], [ 28.7067662, 47.1255767 ] ] } },
{ "type": "Feature", "properties": { "vineyard_id": "V08", "row_id": "V08-R014", "row_structure": "disrupted", "length_m": 46.66 }, "geometry": { "type": "LineString", "coordinates": [ [ 28.7074411, 47.1256486 ], [ 28.707363, 47.1256396 ], [ 28.7072856, 47.1256284 ], [ 28.7068354, 47.1255758 ] ] } },
{ "type": "Feature", "properties": { "vineyard_id": "V08", "row_id": "V08-R015", "row_structure": "regular", "length_m": 9.35 }, "geometry": { "type": "LineString", "coordinates": [ [ 28.7069228, 47.1255732 ], [ 28.7068025, 47.125555 ] ] } },
{ "type": "Feature", "properties": { "vineyard_id": "V08", "row_id": "V08-R016", "row_structure": "disrupted", "length_m": 52.0 }, "geometry": { "type": "LineString", "coordinates": [ [ 28.7074462, 47.1256335 ], [ 28.7067777, 47.1255299 ] ] } },
{ "type": "Feature", "properties": { "vineyard_id": "V08", "row_id": "V08-R017", "row_structure": "regular", "length_m": 8.6 }, "geometry": { "type": "LineString", "coordinates": [ [ 28.7074505, 47.1256125 ], [ 28.7073392, 47.1255974 ] ] } },
{ "type": "Feature", "properties": { "vineyard_id": "V08", "row_id": "V08-R018", "row_structure": "disrupted", "length_m": 46.29 }, "geometry": { "type": "LineString", "coordinates": [ [ 28.7074497, 47.1255904 ], [ 28.707372, 47.1255803 ], [ 28.7069278, 47.125534 ], [ 28.7068481, 47.1255218 ] ] } },
{ "type": "Feature", "properties": { "vineyard_id": "V08", "row_id": "V08-R019", "row_structure": "regular", "length_m": 8.9 }, "geometry": { "type": "LineString", "coordinates": [ [ 28.7069679, 47.1255231 ], [ 28.7068542, 47.1255035 ] ] } },
{ "type": "Feature", "properties": { "vineyard_id": "V08", "row_id": "V08-R020", "row_structure": "disrupted", "length_m": 36.9 }, "geometry": { "type": "LineString", "coordinates": [ [ 28.7073988, 47.1255688 ], [ 28.7072707, 47.1255477 ], [ 28.7070651, 47.1255155 ], [ 28.7069257, 47.1254916 ] ] } },
{ "type": "Feature", "properties": { "vineyard_id": "V08", "row_id": "V08-R021", "row_structure": "disrupted", "length_m": 30.0 }, "geometry": { "type": "LineString", "coordinates": [ [ 28.7072774, 47.1255317 ], [ 28.7071237, 47.1255059 ], [ 28.7068928, 47.1254687 ] ] } },
{ "type": "Feature", "properties": { "vineyard_id": "V09", "row_id": "V09-R001", "row_structure": "regular", "length_m": 12.3 }, "geometry": { "type": "LineString", "coordinates": [ [ 28.7071389, 47.1254665 ], [ 28.7069817, 47.1254393 ] ] } },
{ "type": "Feature", "properties": { "vineyard_id": "V09", "row_id": "V09-R002", "row_structure": "regular", "length_m": 5.3 }, "geometry": { "type": "LineString", "coordinates": [ [ 28.7072773, 47.1254853 ], [ 28.7072097, 47.125473 ] ] } },
{ "type": "Feature", "properties": { "vineyard_id": "V09", "row_id": "V09-R003", "row_structure": "disrupted", "length_m": 32.01 }, "geometry": { "type": "LineString", "coordinates": [ [ 28.7074265, 47.12549 ], [ 28.707298, 47.12547 ], [ 28.7072203, 47.1254597 ], [ 28.7070919, 47.1254393 ], [ 28.7070154, 47.1254254 ] ] } },
{ "type": "Feature", "properties": { "vineyard_id": "V09", "row_id": "V09-R004", "row_structure": "regular", "length_m": 19.76 }, "geometry": { "type": "LineString", "coordinates": [ [ 28.7074325, 47.1254721 ], [ 28.7072792, 47.1254451 ], [ 28.7071799, 47.1254289 ] ] } },
{ "type": "Feature", "properties": { "vineyard_id": "V09", "row_id": "V09-R005", "row_structure": "regular", "length_m": 7.0 }, "geometry": { "type": "LineString", "coordinates": [ [ 28.7071152, 47.12541 ], [ 28.7070255, 47.1253952 ] ] } },
{ "type": "Feature", "properties": { "vineyard_id": "V09", "row_id": "V09-R006", "row_structure": "regular", "length_m": 32.76 }, "geometry": { "type": "LineString", "coordinates": [ [ 28.7074242, 47.1254524 ], [ 28.7072188, 47.1254195 ], [ 28.7070049, 47.1253821 ] ] } },
{ "type": "Feature", "properties": { "vineyard_id": "V09", "row_id": "V09-R007", "row_structure": "regular", "length_m": 29.92 }, "geometry": { "type": "LineString", "coordinates": [ [ 28.7074445, 47.1254341 ], [ 28.7072384, 47.1254033 ], [ 28.7071881, 47.1253922 ], [ 28.7071626, 47.1253874 ], [ 28.7071112, 47.1253794 ], [ 28.7070608, 47.1253726 ] ] } },
{ "type": "Feature", "properties": { "vineyard_id": "V09", "row_id": "V09-R008", "row_structure": "regular", "length_m": 6.56 }, "geometry": { "type": "LineString", "coordinates": [ [ 28.707379, 47.1254034 ], [ 28.7072939, 47.125393 ] ] } },
{ "type": "Feature", "properties": { "vineyard_id": "V09", "row_id": "V09-R009", "row_structure": "regular", "length_m": 11.07 }, "geometry": { "type": "LineString", "coordinates": [ [ 28.7074421, 47.1254026 ], [ 28.7073916, 47.125392 ], [ 28.7073148, 47.1253791 ], [ 28.7073016, 47.1253762 ] ] } },
{ "type": "Feature", "properties": { "vineyard_id": "V09", "row_id": "V09-R010", "row_structure": "disrupted", "length_m": 15.15 }, "geometry": { "type": "LineString", "coordinates": [ [ 28.7073969, 47.125376 ], [ 28.7072031, 47.1253431 ] ] } },
{ "type": "Feature", "properties": { "vineyard_id": "V09", "row_id": "V09-R011", "row_structure": "regular", "length_m": 16.4 }, "geometry": { "type": "LineString", "coordinates": [ [ 28.7074052, 47.1253511 ], [ 28.7071942, 47.1253191 ] ] } },
{ "type": "Feature", "properties": { "vineyard_id": "V09", "row_id": "V09-R012", "row_structure": "unassessable", "length_m": 2.0 }, "geometry": { "type": "LineString", "coordinates": [ [ 28.707286, 47.1253034 ], [ 28.7072602, 47.1252995 ] ] } },
{ "type": "Feature", "properties": { "vineyard_id": "V09", "row_id": "V09-R013", "row_structure": "regular", "length_m": 27.0 }, "geometry": { "type": "LineString", "coordinates": [ [ 28.7074832, 47.1253199 ], [ 28.7071367, 47.1252645 ] ] } },
{ "type": "Feature", "properties": { "vineyard_id": "V09", "row_id": "V09-R014", "row_structure": "regular", "length_m": 17.75 }, "geometry": { "type": "LineString", "coordinates": [ [ 28.707426, 47.1252889 ], [ 28.7073494, 47.1252756 ], [ 28.7071987, 47.1252511 ] ] } },
{ "type": "Feature", "properties": { "vineyard_id": "V09", "row_id": "V09-R015", "row_structure": "regular", "length_m": 27.01 }, "geometry": { "type": "LineString", "coordinates": [ [ 28.7074963, 47.1252809 ], [ 28.7073676, 47.1252613 ], [ 28.7072899, 47.1252512 ], [ 28.7072134, 47.1252373 ], [ 28.7071492, 47.1252273 ] ] } },
{ "type": "Feature", "properties": { "vineyard_id": "V09", "row_id": "V09-R016", "row_structure": "regular", "length_m": 16.7 }, "geometry": { "type": "LineString", "coordinates": [ [ 28.7074357, 47.1252598 ], [ 28.7072216, 47.125225 ] ] } },
{ "type": "Feature", "properties": { "vineyard_id": "V09", "row_id": "V09-R017", "row_structure": "unassessable", "length_m": 2.8 }, "geometry": { "type": "LineString", "coordinates": [ [ 28.7074231, 47.1252267 ], [ 28.7073873, 47.1252207 ] ] } },
{ "type": "Feature", "properties": { "vineyard_id": "V09", "row_id": "V09-R018", "row_structure": "regular", "length_m": 3.91 }, "geometry": { "type": "LineString", "coordinates": [ [ 28.7074392, 47.125211 ], [ 28.7073899, 47.1252006 ] ] } },
{ "type": "Feature", "properties": { "vineyard_id": "V10", "row_id": "V10-R001", "row_structure": "regular", "length_m": 35.49 }, "geometry": { "type": "LineString", "coordinates": [ [ 28.7108593, 47.1220682 ], [ 28.7107965, 47.1221261 ], [ 28.710747, 47.1221682 ], [ 28.710712, 47.1221954 ], [ 28.7105562, 47.122311 ] ] } },
{ "type": "Feature", "properties": { "vineyard_id": "V10", "row_id": "V10-R002", "row_structure": "regular", "length_m": 12.75 }, "geometry": { "type": "LineString", "coordinates": [ [ 28.7107641, 47.1221105 ], [ 28.710663, 47.1222022 ] ] } },
{ "type": "Feature", "properties": { "vineyard_id": "V10", "row_id": "V10-R003", "row_structure": "regular", "length_m": 13.2 }, "geometry": { "type": "LineString", "coordinates": [ [ 28.7105013, 47.122351 ], [ 28.7103824, 47.1224378 ] ] } },
{ "type": "Feature", "properties": { "vineyard_id": "V10", "row_id": "V10-R004", "row_structure": "regular", "length_m": 6.29 }, "geometry": { "type": "LineString", "coordinates": [ [ 28.7104832, 47.1223421 ], [ 28.7104722, 47.1223589 ], [ 28.7104542, 47.122395 ] ] } },
{ "type": "Feature", "properties": { "vineyard_id": "V10", "row_id": "V10-R005", "row_structure": "regular", "length_m": 6.15 }, "geometry": { "type": "LineString", "coordinates": [ [ 28.7105896, 47.1222503 ], [ 28.7105415, 47.1222948 ] ] } },
{ "type": "Feature", "properties": { "vineyard_id": "V10", "row_id": "V10-R006", "row_structure": "regular", "length_m": 17.63 }, "geometry": { "type": "LineString", "coordinates": [ [ 28.7104866, 47.1223437 ], [ 28.7104385, 47.1223866 ], [ 28.7104049, 47.1224144 ], [ 28.7103875, 47.122428 ], [ 28.7103491, 47.1224535 ], [ 28.7103361, 47.1224643 ] ] } },
{ "type": "Feature", "properties": { "vineyard_id": "V10", "row_id": "V10-R007", "row_structure": "regular", "length_m": 42.65 }, "geometry": { "type": "LineString", "coordinates": [ [ 28.7108934, 47.1218977 ], [ 28.7108683, 47.1219297 ], [ 28.7108539, 47.1219448 ], [ 28.7107454, 47.1220467 ], [ 28.7106998, 47.1220908 ], [ 28.7106183, 47.1221616 ], [ 28.7105657, 47.1222089 ] ] } },
{ "type": "Feature", "properties": { "vineyard_id": "V10", "row_id": "V10-R008", "row_structure": "regular", "length_m": 8.2 }, "geometry": { "type": "LineString", "coordinates": [ [ 28.7104379, 47.1223084 ], [ 28.7103766, 47.1223692 ] ] } },
{ "type": "Feature", "properties": { "vineyard_id": "V10", "row_id": "V10-R009", "row_structure": "regular", "length_m": 36.66 }, "geometry": { "type": "LineString", "coordinates": [ [ 28.7108137, 47.1219421 ], [ 28.7107982, 47.1219567 ], [ 28.7107543, 47.1220016 ], [ 28.7105697, 47.122177 ], [ 28.7105351, 47.1222115 ] ] } },
{ "type": "Feature", "properties": { "vineyard_id": "V10", "row_id": "V10-R010", "row_structure": "regular", "length_m": 48.67 }, "geometry": { "type": "LineString", "coordinates": [ [ 28.7108938, 47.121835 ], [ 28.7108453, 47.1218777 ], [ 28.7108143, 47.1219068 ], [ 28.71077, 47.1219516 ], [ 28.710742, 47.1219822 ], [ 28.7107081, 47.1220321 ], [ 28.7106584, 47.1220964 ], [ 28.7105739, 47.122213 ] ] } },
{ "type": "Feature", "properties": { "vineyard_id": "V10", "row_id": "V10-R011", "row_structure": "regular", "length_m": 4.95 }, "geometry": { "type": "LineString", "coordinates": [ [ 28.7105466, 47.1221666 ], [ 28.7105085, 47.1222028 ] ] } },
{ "type": "Feature", "properties": { "vineyard_id": "V10", "row_id": "V10-R012", "row_structure": "disrupted", "length_m": 144.61 }, "geometry": { "type": "LineString", "coordinates": [ [ 28.7103804, 47.1223244 ], [ 28.7097774, 47.1228928 ], [ 28.7097272, 47.1229346 ], [ 28.709695, 47.1229631 ], [ 28.7095624, 47.1230753 ], [ 28.7093671, 47.1232453 ], [ 28.7093208, 47.1232891 ], [ 28.709293, 47.1233198 ], [ 28.7092426, 47.1233676 ] ] } },
{ "type": "Feature", "properties": { "vineyard_id": "V10", "row_id": "V10-R013", "row_structure": "regular", "length_m": 7.95 }, "geometry": { "type": "LineString", "coordinates": [ [ 28.7106583, 47.1220457 ], [ 28.7105962, 47.1221033 ] ] } },
{ "type": "Feature", "properties": { "vineyard_id": "V10", "row_id": "V10-R014", "row_structure": "regular", "length_m": 41.04 }, "geometry": { "type": "LineString", "coordinates": [ [ 28.709458, 47.1231297 ], [ 28.7094122, 47.1231737 ], [ 28.709384, 47.1232042 ], [ 28.7091587, 47.1234372 ] ] } },
{ "type": "Feature", "properties": { "vineyard_id": "V10", "row_id": "V10-R015", "row_structure": "regular", "length_m": 103.75 }, "geometry": { "type": "LineString", "coordinates": [ [ 28.7108084, 47.1218599 ], [ 28.7106233, 47.122035 ], [ 28.7105296, 47.122122 ], [ 28.7104215, 47.1222241 ], [ 28.7102645, 47.1223686 ], [ 28.7101249, 47.1224996 ], [ 28.7100012, 47.1226134 ] ] } },
{ "type": "Feature", "properties": { "vineyard_id": "V10", "row_id": "V10-R016", "row_structure": "regular", "length_m": 20.32 }, "geometry": { "type": "LineString", "coordinates": [ [ 28.7096445, 47.1229519 ], [ 28.7095967, 47.122995 ], [ 28.7095295, 47.1230506 ], [ 28.7094804, 47.1230963 ] ] } },
{ "type": "Feature", "properties": { "vineyard_id": "V10", "row_id": "V10-R017", "row_structure": "regular", "length_m": 7.85 }, "geometry": { "type": "LineString", "coordinates": [ [ 28.7092691, 47.1232934 ], [ 28.7092066, 47.1233498 ] ] } },
{ "type": "Feature", "properties": { "vineyard_id": "V10", "row_id": "V10-R018", "row_structure": "regular", "length_m": 112.01 }, "geometry": { "type": "LineString", "coordinates": [ [ 28.7108267, 47.1217956 ], [ 28.7107838, 47.1218411 ], [ 28.7107383, 47.1218852 ], [ 28.7104429, 47.1221613 ], [ 28.7103482, 47.1222478 ], [ 28.7102404, 47.12235 ], [ 28.7101622, 47.1224224 ], [ 28.7100826, 47.1224942 ], [ 28.7099589, 47.1226107 ] ] } },
{ "type": "Feature", "properties": { "vineyard_id": "V10", "row_id": "V10-R019", "row_structure": "disrupted", "length_m": 106.42 }, "geometry": { "type": "LineString", "coordinates": [ [ 28.7099178, 47.122651 ], [ 28.7098866, 47.12268 ], [ 28.7098382, 47.1227227 ], [ 28.7096983, 47.1228535 ], [ 28.7096183, 47.122925 ], [ 28.7094156, 47.1231136 ], [ 28.7093851, 47.123143 ], [ 28.7093064, 47.1232152 ], [ 28.7091793, 47.1233301 ], [ 28.7091467, 47.1233584 ], [ 28.7090963, 47.1234001 ], [ 28.7090777, 47.1234176 ] ] } },
{ "type": "Feature", "properties": { "vineyard_id": "V10", "row_id": "V10-R020", "row_structure": "regular", "length_m": 114.62 }, "geometry": { "type": "LineString", "coordinates": [ [ 28.710798, 47.1217813 ], [ 28.7107542, 47.1218264 ], [ 28.7107081, 47.1218702 ], [ 28.7106785, 47.1219 ], [ 28.7105236, 47.1220456 ], [ 28.7102896, 47.1222632 ], [ 28.7102107, 47.1223353 ], [ 28.7101032, 47.1224376 ], [ 28.7100553, 47.1224806 ], [ 28.709947, 47.1225826 ], [ 28.709909, 47.1226149 ] ] } },
{ "type": "Feature", "properties": { "vineyard_id": "V10", "row_id": "V10-R021", "row_structure": "regular", "length_m": 97.05 }, "geometry": { "type": "LineString", "coordinates": [ [ 28.7098752, 47.1226454 ], [ 28.7096268, 47.1228781 ], [ 28.7095789, 47.122921 ], [ 28.7092324, 47.1232385 ], [ 28.7091158, 47.123348 ] ] } },
{ "type": "Feature", "properties": { "vineyard_id": "V10", "row_id": "V10-R022", "row_structure": "regular", "length_m": 110.41 }, "geometry": { "type": "LineString", "coordinates": [ [ 28.7107318, 47.1218041 ], [ 28.7106879, 47.121849 ], [ 28.7105325, 47.1219944 ], [ 28.7104534, 47.1220663 ], [ 28.7103449, 47.1221683 ], [ 28.7100324, 47.1224581 ], [ 28.7099865, 47.122502 ], [ 28.7098735, 47.1226062 ] ] } },
{ "type": "Feature", "properties": { "vineyard_id": "V10", "row_id": "V10-R023", "row_structure": "regular", "length_m": 96.1 }, "geometry": { "type": "LineString", "coordinates": [ [ 28.7098355, 47.1226413 ], [ 28.709634, 47.1228304 ], [ 28.7095549, 47.1229024 ], [ 28.7092899, 47.1231491 ], [ 28.7092108, 47.1232211 ], [ 28.7090873, 47.1233389 ] ] } },
{ "type": "Feature", "properties": { "vineyard_id": "V10", "row_id": "V10-R024", "row_structure": "regular", "length_m": 108.81 }, "geometry": { "type": "LineString", "coordinates": [ [ 28.7107077, 47.1217921 ], [ 28.7106583, 47.1218344 ], [ 28.7105337, 47.1219505 ], [ 28.7104266, 47.1220531 ], [ 28.7102693, 47.1221975 ], [ 28.7100363, 47.1224155 ], [ 28.7098581, 47.1225807 ] ] } },
{ "type": "Feature", "properties": { "vineyard_id": "V10", "row_id": "V10-R025", "row_structure": "regular", "length_m": 94.7 }, "geometry": { "type": "LineString", "coordinates": [ [ 28.7097918, 47.1226418 ], [ 28.7094147, 47.1229886 ], [ 28.709051, 47.1233276 ] ] } },
{ "type": "Feature", "properties": { "vineyard_id": "V10", "row_id": "V10-R026", "row_structure": "regular", "length_m": 110.41 }, "geometry": { "type": "LineString", "coordinates": [ [ 28.7106792, 47.121778 ], [ 28.7105987, 47.1218493 ], [ 28.7104418, 47.1219938 ], [ 28.7102394, 47.1221826 ], [ 28.7101136, 47.1222982 ], [ 28.7099746, 47.1224294 ], [ 28.7098804, 47.1225161 ], [ 28.7098155, 47.1225774 ] ] } },
{ "type": "Feature", "properties": { "vineyard_id": "V10", "row_id": "V10-R027", "row_structure": "regular", "length_m": 94.96 }, "geometry": { "type": "LineString", "coordinates": [ [ 28.7097653, 47.1226242 ], [ 28.7097172, 47.1226671 ], [ 28.709577, 47.1227977 ], [ 28.7093726, 47.1229855 ], [ 28.7092334, 47.1231166 ], [ 28.7091849, 47.1231593 ], [ 28.709022, 47.1233115 ] ] } },
{ "type": "Feature", "properties": { "vineyard_id": "V10", "row_id": "V10-R028", "row_structure": "regular", "length_m": 111.85 }, "geometry": { "type": "LineString", "coordinates": [ [ 28.7106547, 47.1217658 ], [ 28.7106376, 47.1217796 ], [ 28.7106002, 47.1218055 ], [ 28.7101333, 47.1222412 ], [ 28.7100548, 47.1223135 ], [ 28.7099313, 47.1224302 ], [ 28.7097762, 47.1225734 ] ] } },
{ "type": "Feature", "properties": { "vineyard_id": "V10", "row_id": "V10-R029", "row_structure": "regular", "length_m": 97.91 }, "geometry": { "type": "LineString", "coordinates": [ [ 28.7097349, 47.1226113 ], [ 28.7097025, 47.1226397 ], [ 28.7096249, 47.1227124 ], [ 28.7095452, 47.1227841 ], [ 28.7093582, 47.1229583 ], [ 28.7091071, 47.1231896 ], [ 28.7089986, 47.1232915 ], [ 28.7089705, 47.123321 ] ] } },
{ "type": "Feature", "properties": { "vineyard_id": "V10", "row_id": "V10-R030", "row_structure": "regular", "length_m": 121.66 }, "geometry": { "type": "LineString", "coordinates": [ [ 28.7106728, 47.1216746 ], [ 28.7106446, 47.1217052 ], [ 28.7105992, 47.1217494 ], [ 28.7105745, 47.1217816 ], [ 28.7105606, 47.121797 ], [ 28.7102952, 47.1220434 ], [ 28.7102495, 47.1220875 ], [ 28.7101857, 47.1221448 ], [ 28.7101076, 47.1222173 ], [ 28.7100622, 47.1222615 ], [ 28.7100151, 47.1223049 ], [ 28.709876, 47.1224361 ], [ 28.7097374, 47.1225631 ] ] } },
{ "type": "Feature", "properties": { "vineyard_id": "V10", "row_id": "V10-R031", "row_structure": "regular", "length_m": 96.7 }, "geometry": { "type": "LineString", "coordinates": [ [ 28.709684, 47.1226127 ], [ 28.7092793, 47.1229903 ], [ 28.7091686, 47.1230911 ], [ 28.7089821, 47.1232655 ], [ 28.7089288, 47.1233136 ] ] } },
{ "type": "Feature", "properties": { "vineyard_id": "V10", "row_id": "V10-R032", "row_structure": "regular", "length_m": 112.42 }, "geometry": { "type": "LineString", "coordinates": [ [ 28.710573, 47.1217364 ], [ 28.710542, 47.1217655 ], [ 28.7105274, 47.1217805 ], [ 28.7105, 47.1218114 ], [ 28.710454, 47.1218553 ], [ 28.7100635, 47.1222177 ], [ 28.709956, 47.12232 ], [ 28.7097022, 47.1225545 ] ] } },
{ "type": "Feature", "properties": { "vineyard_id": "V10", "row_id": "V10-R033", "row_structure": "regular", "length_m": 97.35 }, "geometry": { "type": "LineString", "coordinates": [ [ 28.7096517, 47.1226012 ], [ 28.7094967, 47.1227467 ], [ 28.7094015, 47.122833 ], [ 28.7093233, 47.1229054 ], [ 28.7092152, 47.1230075 ], [ 28.7090108, 47.1231952 ], [ 28.7088929, 47.1233074 ] ] } },
{ "type": "Feature", "properties": { "vineyard_id": "V10", "row_id": "V10-R034", "row_structure": "regular", "length_m": 6.7 }, "geometry": { "type": "LineString", "coordinates": [ [ 28.7106366, 47.1216489 ], [ 28.7105848, 47.1216977 ] ] } },
{ "type": "Feature", "properties": { "vineyard_id": "V10", "row_id": "V10-R035", "row_structure": "regular", "length_m": 107.94 }, "geometry": { "type": "LineString", "coordinates": [ [ 28.7104962, 47.1217617 ], [ 28.7104708, 47.1217936 ], [ 28.710364, 47.1218963 ], [ 28.7102706, 47.1219834 ], [ 28.7101915, 47.1220553 ], [ 28.7100686, 47.1221723 ], [ 28.7098983, 47.1223326 ], [ 28.7096642, 47.122549 ] ] } },
{ "type": "Feature", "properties": { "vineyard_id": "V10", "row_id": "V10-R036", "row_structure": "regular", "length_m": 95.55 }, "geometry": { "type": "LineString", "coordinates": [ [ 28.7096107, 47.1225986 ], [ 28.7095016, 47.1227002 ], [ 28.7094538, 47.1227432 ], [ 28.7092986, 47.1228886 ], [ 28.7091885, 47.1229897 ], [ 28.7091402, 47.1230325 ], [ 28.7088646, 47.1232911 ] ] } },
{ "type": "Feature", "properties": { "vineyard_id": "V10", "row_id": "V10-R037", "row_structure": "disrupted", "length_m": 120.81 }, "geometry": { "type": "LineString", "coordinates": [ [ 28.7105654, 47.1216659 ], [ 28.7104693, 47.1217516 ], [ 28.7103153, 47.1218977 ], [ 28.7101744, 47.122028 ], [ 28.7100507, 47.1221446 ], [ 28.7100034, 47.1221878 ], [ 28.709971, 47.1222162 ], [ 28.7098943, 47.1222894 ], [ 28.7097845, 47.1223906 ], [ 28.7096239, 47.1225423 ] ] } },
{ "type": "Feature", "properties": { "vineyard_id": "V10", "row_id": "V10-R038", "row_structure": "regular", "length_m": 97.13 }, "geometry": { "type": "LineString", "coordinates": [ [ 28.7095745, 47.1225895 ], [ 28.7093551, 47.1227921 ], [ 28.7093068, 47.1228349 ], [ 28.7091818, 47.1229508 ], [ 28.7091196, 47.1230089 ], [ 28.7090744, 47.1230532 ], [ 28.708997, 47.1231261 ], [ 28.7089179, 47.123198 ], [ 28.7088559, 47.1232562 ], [ 28.70884, 47.1232706 ], [ 28.7088116, 47.123291 ] ] } },
{ "type": "Feature", "properties": { "vineyard_id": "V10", "row_id": "V10-R039", "row_structure": "regular", "length_m": 121.81 }, "geometry": { "type": "LineString", "coordinates": [ [ 28.7105405, 47.1216535 ], [ 28.7104111, 47.1217672 ], [ 28.7102556, 47.1219125 ], [ 28.7102078, 47.1219556 ], [ 28.7100518, 47.1221006 ], [ 28.7098351, 47.1223045 ], [ 28.7097103, 47.1224205 ], [ 28.7096335, 47.1224937 ], [ 28.7095878, 47.1225355 ] ] } },
{ "type": "Feature", "properties": { "vineyard_id": "V10", "row_id": "V10-R040", "row_structure": "regular", "length_m": 97.21 }, "geometry": { "type": "LineString", "coordinates": [ [ 28.7095409, 47.1225795 ], [ 28.70937, 47.1227394 ], [ 28.7092119, 47.1228834 ], [ 28.7090562, 47.1230286 ], [ 28.7090087, 47.1230718 ], [ 28.7088534, 47.1232172 ], [ 28.7088078, 47.1232613 ], [ 28.7087845, 47.1232853 ] ] } },
{ "type": "Feature", "properties": { "vineyard_id": "V10", "row_id": "V10-R041", "row_structure": "regular", "length_m": 97.55 }, "geometry": { "type": "LineString", "coordinates": [ [ 28.7095037, 47.1225722 ], [ 28.7092528, 47.1228036 ], [ 28.7090984, 47.1229495 ], [ 28.7090188, 47.1230212 ], [ 28.7088624, 47.123166 ], [ 28.7087427, 47.1232796 ] ] } },
{ "type": "Feature", "properties": { "vineyard_id": "V10", "row_id": "V10-R042", "row_structure": "disrupted", "length_m": 181.53 }, "geometry": { "type": "LineString", "coordinates": [ [ 28.7109202, 47.1211745 ], [ 28.7108737, 47.1212181 ], [ 28.7107545, 47.1213369 ], [ 28.7104818, 47.1216243 ], [ 28.7102257, 47.1218977 ], [ 28.7101804, 47.1219419 ], [ 28.7099628, 47.1221454 ], [ 28.7097095, 47.1223756 ], [ 28.7096324, 47.1224486 ], [ 28.7095615, 47.122518 ] ] } },
{ "type": "Feature", "properties": { "vineyard_id": "V10", "row_id": "V10-R043", "row_structure": "regular", "length_m": 3.3 }, "geometry": { "type": "LineString", "coordinates": [ [ 28.710913, 47.1212271 ], [ 28.7108867, 47.1212507 ] ] } },
{ "type": "Feature", "properties": { "vineyard_id": "V10", "row_id": "V10-R044", "row_structure": "disrupted", "length_m": 109.31 }, "geometry": { "type": "LineString", "coordinates": [ [ 28.7094863, 47.1225435 ], [ 28.7092243, 47.1227917 ], [ 28.7091768, 47.1228348 ], [ 28.7089585, 47.123038 ], [ 28.7089108, 47.123081 ], [ 28.7087698, 47.1232113 ], [ 28.7087543, 47.1232258 ], [ 28.7087101, 47.1232707 ], [ 28.7086394, 47.123339 ] ] } },
{ "type": "Feature", "properties": { "vineyard_id": "V10", "row_id": "V10-R045", "row_structure": "regular", "length_m": 81.0 }, "geometry": { "type": "LineString", "coordinates": [ [ 28.7103163, 47.1217647 ], [ 28.7102221, 47.1218514 ], [ 28.7100829, 47.1219825 ], [ 28.7100348, 47.1220254 ], [ 28.7099266, 47.1221274 ], [ 28.7098325, 47.1222142 ], [ 28.7096872, 47.1223534 ] ] } },
{ "type": "Feature", "properties": { "vineyard_id": "V10", "row_id": "V10-R046", "row_structure": "regular", "length_m": 72.96 }, "geometry": { "type": "LineString", "coordinates": [ [ 28.7102839, 47.1217563 ], [ 28.71002, 47.1220036 ], [ 28.709924, 47.1220894 ], [ 28.709847, 47.1221625 ], [ 28.7097379, 47.122264 ], [ 28.7097163, 47.1222861 ] ] } },
{ "type": "Feature", "properties": { "vineyard_id": "V10", "row_id": "V10-R047", "row_structure": "regular", "length_m": 96.71 }, "geometry": { "type": "LineString", "coordinates": [ [ 28.7094321, 47.1225528 ], [ 28.7091987, 47.1227706 ], [ 28.7090729, 47.1228862 ], [ 28.7089646, 47.1229881 ], [ 28.7089161, 47.1230308 ], [ 28.708885, 47.1230599 ], [ 28.7088075, 47.1231326 ], [ 28.7086804, 47.1232553 ] ] } },
{ "type": "Feature", "properties": { "vineyard_id": "V10", "row_id": "V10-R048", "row_structure": "regular", "length_m": 24.92 }, "geometry": { "type": "LineString", "coordinates": [ [ 28.7109169, 47.1211406 ], [ 28.7108893, 47.1211714 ], [ 28.71086, 47.1212013 ], [ 28.7107301, 47.1213249 ] ] } },
{ "type": "Feature", "properties": { "vineyard_id": "V10", "row_id": "V10-R049", "row_structure": "disrupted", "length_m": 100.61 }, "geometry": { "type": "LineString", "coordinates": [ [ 28.7103618, 47.1216426 ], [ 28.7103333, 47.121673 ], [ 28.7102558, 47.1217457 ], [ 28.7098668, 47.1221089 ], [ 28.7098194, 47.1221521 ], [ 28.7097575, 47.1222103 ], [ 28.7097121, 47.1222545 ], [ 28.7096644, 47.1222976 ], [ 28.7095817, 47.1223745 ] ] } },
{ "type": "Feature", "properties": { "vineyard_id": "V10", "row_id": "V10-R050", "row_structure": "regular", "length_m": 97.76 }, "geometry": { "type": "LineString", "coordinates": [ [ 28.7093967, 47.122548 ], [ 28.7092877, 47.1226496 ], [ 28.7092397, 47.1226925 ], [ 28.7091318, 47.1227947 ], [ 28.7090839, 47.1228377 ], [ 28.7089754, 47.1229395 ], [ 28.708927, 47.1229823 ], [ 28.708818, 47.1230839 ], [ 28.7087225, 47.12317 ], [ 28.7086916, 47.1231991 ], [ 28.7086335, 47.1232565 ] ] } },
{ "type": "Feature", "properties": { "vineyard_id": "V10", "row_id": "V10-R051", "row_structure": "regular", "length_m": 98.1 }, "geometry": { "type": "LineString", "coordinates": [ [ 28.7093603, 47.122541 ], [ 28.7092192, 47.1226712 ], [ 28.7091713, 47.1227142 ], [ 28.7088125, 47.1230478 ], [ 28.7085947, 47.1232523 ] ] } },
{ "type": "Feature", "properties": { "vineyard_id": "V10", "row_id": "V10-R052", "row_structure": "regular", "length_m": 12.06 }, "geometry": { "type": "LineString", "coordinates": [ [ 28.7097445, 47.1221482 ], [ 28.7097273, 47.122162 ], [ 28.7096896, 47.1221877 ], [ 28.7096414, 47.1222305 ] ] } },
{ "type": "Feature", "properties": { "vineyard_id": "V10", "row_id": "V10-R053", "row_structure": "regular", "length_m": 95.05 }, "geometry": { "type": "LineString", "coordinates": [ [ 28.7093162, 47.1225347 ], [ 28.70896, 47.1228696 ], [ 28.7089123, 47.1229126 ], [ 28.7086014, 47.1232033 ], [ 28.7085792, 47.1232262 ] ] } },
{ "type": "Feature", "properties": { "vineyard_id": "V10", "row_id": "V10-R054", "row_structure": "regular", "length_m": 22.8 }, "geometry": { "type": "LineString", "coordinates": [ [ 28.709539, 47.1223244 ], [ 28.7093631, 47.1224907 ] ] } },
{ "type": "Feature", "properties": { "vineyard_id": "V10", "row_id": "V10-R055", "row_structure": "regular", "length_m": 157.38 }, "geometry": { "type": "LineString", "coordinates": [ [ 28.7109633, 47.1209695 ], [ 28.710921, 47.1210152 ], [ 28.7108457, 47.1210891 ], [ 28.7107164, 47.1212029 ], [ 28.7106871, 47.1212328 ], [ 28.7106412, 47.1212768 ], [ 28.7106102, 47.1213059 ], [ 28.7105616, 47.1213485 ], [ 28.7105306, 47.1213776 ], [ 28.7104875, 47.121423 ], [ 28.7104565, 47.1214521 ], [ 28.7104045, 47.1214931 ], [ 28.7103425, 47.1215513 ], [ 28.7103277, 47.1215661 ], [ 28.7103007, 47.1215972 ], [ 28.710156, 47.1217479 ], [ 28.710042, 47.1218693 ], [ 28.7099651, 47.1219424 ], [ 28.7098243, 47.1220727 ], [ 28.7098075, 47.1220867 ], [ 28.7097701, 47.1221125 ], [ 28.7097602, 47.122121 ] ] } },
{ "type": "Feature", "properties": { "vineyard_id": "V10", "row_id": "V10-R056", "row_structure": "regular", "length_m": 102.7 }, "geometry": { "type": "LineString", "coordinates": [ [ 28.7101276, 47.1217366 ], [ 28.7097858, 47.1220564 ], [ 28.709533, 47.1222869 ], [ 28.7093259, 47.1224811 ] ] } },
{ "type": "Feature", "properties": { "vineyard_id": "V10", "row_id": "V10-R057", "row_structure": "regular", "length_m": 96.0 }, "geometry": { "type": "LineString", "coordinates": [ [ 28.7092708, 47.1225322 ], [ 28.709039, 47.1227508 ], [ 28.7089129, 47.1228662 ], [ 28.7086328, 47.1231276 ], [ 28.7085707, 47.1231858 ], [ 28.7085258, 47.1232303 ] ] } },
{ "type": "Feature", "properties": { "vineyard_id": "V10", "row_id": "V10-R058", "row_structure": "regular", "length_m": 100.61 }, "geometry": { "type": "LineString", "coordinates": [ [ 28.7109182, 47.1209465 ], [ 28.710875, 47.1209918 ], [ 28.7107989, 47.1210653 ], [ 28.7105973, 47.1212545 ], [ 28.7104706, 47.1213695 ], [ 28.7101425, 47.1216806 ] ] } },
{ "type": "Feature", "properties": { "vineyard_id": "V10", "row_id": "V10-R059", "row_structure": "regular", "length_m": 104.7 }, "geometry": { "type": "LineString", "coordinates": [ [ 28.7101037, 47.1217158 ], [ 28.7097782, 47.1220215 ], [ 28.7096989, 47.1220934 ], [ 28.7095902, 47.1221951 ], [ 28.7094789, 47.1222956 ], [ 28.7092868, 47.122475 ] ] } },
{ "type": "Feature", "properties": { "vineyard_id": "V10", "row_id": "V10-R060", "row_structure": "regular", "length_m": 96.15 }, "geometry": { "type": "LineString", "coordinates": [ [ 28.7092392, 47.1225187 ], [ 28.7091476, 47.1226067 ], [ 28.7090063, 47.1227368 ], [ 28.708882, 47.1228531 ], [ 28.7085878, 47.1231298 ], [ 28.7084945, 47.1232187 ] ] } },
{ "type": "Feature", "properties": { "vineyard_id": "V10", "row_id": "V10-R061", "row_structure": "regular", "length_m": 100.36 }, "geometry": { "type": "LineString", "coordinates": [ [ 28.7108854, 47.1209397 ], [ 28.7108389, 47.1209834 ], [ 28.7107646, 47.1210577 ], [ 28.7106394, 47.1211736 ], [ 28.710532, 47.121276 ], [ 28.710454, 47.1213485 ], [ 28.7104064, 47.1213916 ], [ 28.7101087, 47.1216705 ] ] } },
{ "type": "Feature", "properties": { "vineyard_id": "V10", "row_id": "V10-R062", "row_structure": "regular", "length_m": 105.35 }, "geometry": { "type": "LineString", "coordinates": [ [ 28.7100711, 47.1217058 ], [ 28.7099464, 47.1218218 ], [ 28.7097888, 47.1219661 ], [ 28.7094935, 47.1222422 ], [ 28.7093514, 47.122372 ], [ 28.7092477, 47.1224689 ] ] } },
{ "type": "Feature", "properties": { "vineyard_id": "V10", "row_id": "V10-R063", "row_structure": "regular", "length_m": 94.86 }, "geometry": { "type": "LineString", "coordinates": [ [ 28.7092032, 47.1225119 ], [ 28.7091739, 47.1225419 ], [ 28.7090646, 47.1226434 ], [ 28.7090161, 47.1226861 ], [ 28.7089377, 47.1227584 ], [ 28.7087527, 47.1229335 ], [ 28.7086263, 47.1230488 ], [ 28.7084645, 47.1232004 ] ] } },
{ "type": "Feature", "properties": { "vineyard_id": "V10", "row_id": "V10-R064", "row_structure": "regular", "length_m": 100.31 }, "geometry": { "type": "LineString", "coordinates": [ [ 28.7108507, 47.1209253 ], [ 28.7108068, 47.1209702 ], [ 28.7107293, 47.121043 ], [ 28.7106229, 47.1211459 ], [ 28.7100759, 47.1216564 ] ] } },
{ "type": "Feature", "properties": { "vineyard_id": "V10", "row_id": "V10-R065", "row_structure": "regular", "length_m": 104.56 }, "geometry": { "type": "LineString", "coordinates": [ [ 28.7100305, 47.1216989 ], [ 28.7099519, 47.1217711 ], [ 28.7094242, 47.1222657 ], [ 28.7093753, 47.1223082 ], [ 28.7093284, 47.1223516 ], [ 28.709296, 47.12238 ], [ 28.7092141, 47.1224567 ] ] } },
{ "type": "Feature", "properties": { "vineyard_id": "V10", "row_id": "V10-R066", "row_structure": "regular", "length_m": 98.2 }, "geometry": { "type": "LineString", "coordinates": [ [ 28.7091706, 47.1225002 ], [ 28.7090608, 47.1226014 ], [ 28.7088439, 47.1228053 ], [ 28.7087799, 47.1228625 ], [ 28.7086725, 47.1229649 ], [ 28.7086415, 47.122994 ], [ 28.7085934, 47.1230369 ], [ 28.7084067, 47.1232134 ] ] } },
{ "type": "Feature", "properties": { "vineyard_id": "V10", "row_id": "V10-R067", "row_structure": "regular", "length_m": 101.6 }, "geometry": { "type": "LineString", "coordinates": [ [ 28.7108141, 47.1209193 ], [ 28.7104441, 47.1212696 ], [ 28.7102413, 47.1214582 ], [ 28.7101619, 47.12153 ], [ 28.7100249, 47.1216578 ] ] } },
{ "type": "Feature", "properties": { "vineyard_id": "V10", "row_id": "V10-R068", "row_structure": "regular", "length_m": 104.95 }, "geometry": { "type": "LineString", "coordinates": [ [ 28.7099906, 47.1216903 ], [ 28.7097438, 47.1219237 ], [ 28.7096801, 47.1219811 ], [ 28.709618, 47.1220392 ], [ 28.7095416, 47.1221126 ], [ 28.7094935, 47.1221555 ], [ 28.7093854, 47.1222575 ], [ 28.709175, 47.1224529 ] ] } },
{ "type": "Feature", "properties": { "vineyard_id": "V10", "row_id": "V10-R069", "row_structure": "regular", "length_m": 99.36 }, "geometry": { "type": "LineString", "coordinates": [ [ 28.7091338, 47.1224908 ], [ 28.709039, 47.1225773 ], [ 28.7089144, 47.1226934 ], [ 28.7088657, 47.122736 ], [ 28.708804, 47.1227944 ], [ 28.7087589, 47.1228387 ], [ 28.7086804, 47.122911 ], [ 28.7085254, 47.1230565 ], [ 28.7084172, 47.1231585 ], [ 28.7083614, 47.1232126 ] ] } },
{ "type": "Feature", "properties": { "vineyard_id": "V10", "row_id": "V10-R070", "row_structure": "regular", "length_m": 98.71 }, "geometry": { "type": "LineString", "coordinates": [ [ 28.710759, 47.1209275 ], [ 28.7107125, 47.1209712 ], [ 28.7106383, 47.1210456 ], [ 28.7105291, 47.1211471 ], [ 28.7104378, 47.1212353 ], [ 28.7103757, 47.1212935 ], [ 28.7103273, 47.1213362 ], [ 28.7102036, 47.1214528 ], [ 28.710141, 47.1215107 ], [ 28.7100928, 47.1215535 ], [ 28.7099943, 47.1216459 ] ] } },
{ "type": "Feature", "properties": { "vineyard_id": "V10", "row_id": "V10-R071", "row_structure": "regular", "length_m": 104.95 }, "geometry": { "type": "LineString", "coordinates": [ [ 28.709956, 47.121682 ], [ 28.7098631, 47.1217694 ], [ 28.7098151, 47.1218123 ], [ 28.7095493, 47.1220585 ], [ 28.7093801, 47.1222193 ], [ 28.7092702, 47.1223205 ], [ 28.7091389, 47.1224438 ] ] } },
{ "type": "Feature", "properties": { "vineyard_id": "V10", "row_id": "V10-R072", "row_structure": "regular", "length_m": 97.35 }, "geometry": { "type": "LineString", "coordinates": [ [ 28.7090921, 47.1224879 ], [ 28.7089206, 47.1226476 ], [ 28.7087663, 47.1227934 ], [ 28.7085474, 47.1229962 ], [ 28.7084258, 47.1231139 ], [ 28.7083382, 47.1231967 ] ] } },
{ "type": "Feature", "properties": { "vineyard_id": "V10", "row_id": "V10-R073", "row_structure": "regular", "length_m": 104.75 }, "geometry": { "type": "LineString", "coordinates": [ [ 28.7099179, 47.1216742 ], [ 28.7098721, 47.1217182 ], [ 28.7098247, 47.1217614 ], [ 28.7097174, 47.1218639 ], [ 28.7095914, 47.1219793 ], [ 28.7094368, 47.122125 ], [ 28.7093279, 47.1222267 ], [ 28.7092802, 47.1222698 ], [ 28.7092037, 47.1223431 ], [ 28.7091042, 47.1224355 ] ] } },
{ "type": "Feature", "properties": { "vineyard_id": "V10", "row_id": "V10-R074", "row_structure": "regular", "length_m": 100.41 }, "geometry": { "type": "LineString", "coordinates": [ [ 28.7107258, 47.120911 ], [ 28.7106824, 47.1209563 ], [ 28.7105727, 47.1210576 ], [ 28.7105275, 47.1211018 ], [ 28.710187, 47.1214223 ], [ 28.7100307, 47.1215672 ], [ 28.7099508, 47.1216432 ] ] } },
{ "type": "Feature", "properties": { "vineyard_id": "V10", "row_id": "V10-R075", "row_structure": "regular", "length_m": 98.76 }, "geometry": { "type": "LineString", "coordinates": [ [ 28.7090602, 47.1224765 ], [ 28.7088561, 47.1226645 ], [ 28.7088084, 47.1227075 ], [ 28.7086693, 47.1228387 ], [ 28.7086243, 47.1228831 ], [ 28.7085147, 47.1229845 ], [ 28.7084243, 47.1230731 ], [ 28.7083466, 47.1231458 ], [ 28.7082928, 47.1231942 ] ] } },
{ "type": "Feature", "properties": { "vineyard_id": "V10", "row_id": "V10-R076", "row_structure": "regular", "length_m": 101.81 }, "geometry": { "type": "LineString", "coordinates": [ [ 28.7106976, 47.120897 ], [ 28.710651, 47.1209407 ], [ 28.7105754, 47.1210144 ], [ 28.7104979, 47.1210871 ], [ 28.7104528, 47.1211315 ], [ 28.7103451, 47.1212338 ], [ 28.7101587, 47.1214082 ], [ 28.7100022, 47.1215531 ], [ 28.709954, 47.1215959 ], [ 28.7099092, 47.1216381 ] ] } },
{ "type": "Feature", "properties": { "vineyard_id": "V10", "row_id": "V10-R077", "row_structure": "regular", "length_m": 104.15 }, "geometry": { "type": "LineString", "coordinates": [ [ 28.7098785, 47.1216679 ], [ 28.709692, 47.1218424 ], [ 28.7095663, 47.1219579 ], [ 28.7093337, 47.1221762 ], [ 28.7092549, 47.1222484 ], [ 28.7090683, 47.1224244 ] ] } },
{ "type": "Feature", "properties": { "vineyard_id": "V10", "row_id": "V10-R078", "row_structure": "regular", "length_m": 97.6 }, "geometry": { "type": "LineString", "coordinates": [ [ 28.7090199, 47.1224699 ], [ 28.7088965, 47.1225866 ], [ 28.7087243, 47.1227458 ], [ 28.7085091, 47.1229505 ], [ 28.7082632, 47.12318 ] ] } },
{ "type": "Feature", "properties": { "vineyard_id": "V10", "row_id": "V10-R079", "row_structure": "regular", "length_m": 101.9 }, "geometry": { "type": "LineString", "coordinates": [ [ 28.7106672, 47.1208853 ], [ 28.7106214, 47.1209293 ], [ 28.7104352, 47.1211039 ], [ 28.7103899, 47.1211481 ], [ 28.7102026, 47.1213221 ], [ 28.7100008, 47.1215112 ], [ 28.7098786, 47.1216274 ] ] } },
{ "type": "Feature", "properties": { "vineyard_id": "V10", "row_id": "V10-R080", "row_structure": "regular", "length_m": 104.16 }, "geometry": { "type": "LineString", "coordinates": [ [ 28.7098443, 47.1216599 ], [ 28.7095808, 47.1219073 ], [ 28.7095018, 47.1219793 ], [ 28.7094532, 47.122022 ], [ 28.709266, 47.122196 ], [ 28.7091078, 47.12234 ], [ 28.7090298, 47.1224141 ] ] } },
{ "type": "Feature", "properties": { "vineyard_id": "V10", "row_id": "V10-R081", "row_structure": "regular", "length_m": 97.4 }, "geometry": { "type": "LineString", "coordinates": [ [ 28.7089802, 47.1224635 ], [ 28.7088407, 47.1225945 ], [ 28.7087155, 47.1227103 ], [ 28.7085309, 47.1228857 ], [ 28.7084216, 47.1229872 ], [ 28.7082989, 47.1231043 ], [ 28.7082286, 47.1231739 ] ] } },
{ "type": "Feature", "properties": { "vineyard_id": "V10", "row_id": "V10-R082", "row_structure": "regular", "length_m": 101.05 }, "geometry": { "type": "LineString", "coordinates": [ [ 28.7106268, 47.1208836 ], [ 28.7105632, 47.120941 ], [ 28.7105165, 47.1209846 ], [ 28.710395, 47.1211023 ], [ 28.7100548, 47.1214229 ], [ 28.7098424, 47.1216183 ] ] } },
{ "type": "Feature", "properties": { "vineyard_id": "V10", "row_id": "V10-R083", "row_structure": "regular", "length_m": 105.35 }, "geometry": { "type": "LineString", "coordinates": [ [ 28.709808, 47.1216507 ], [ 28.7097462, 47.1217091 ], [ 28.7096984, 47.1217521 ], [ 28.7096206, 47.1218247 ], [ 28.7095104, 47.1219257 ], [ 28.7092305, 47.1221873 ], [ 28.7091202, 47.1222883 ], [ 28.7089864, 47.1224149 ] ] } },
{ "type": "Feature", "properties": { "vineyard_id": "V10", "row_id": "V10-R084", "row_structure": "regular", "length_m": 97.45 }, "geometry": { "type": "LineString", "coordinates": [ [ 28.7089452, 47.122455 ], [ 28.7088992, 47.1224989 ], [ 28.7088361, 47.1225566 ], [ 28.7083862, 47.1229785 ], [ 28.7082791, 47.1230811 ], [ 28.7082346, 47.1231257 ], [ 28.708193, 47.1231657 ] ] } },
{ "type": "Feature", "properties": { "vineyard_id": "V10", "row_id": "V10-R085", "row_structure": "disrupted", "length_m": 29.93 }, "geometry": { "type": "LineString", "coordinates": [ [ 28.7106217, 47.1208838 ], [ 28.7103762, 47.1210734 ], [ 28.7103614, 47.1210861 ] ] } },
{ "type": "Feature", "properties": { "vineyard_id": "V10", "row_id": "V10-R086", "row_structure": "regular", "length_m": 99.71 }, "geometry": { "type": "LineString", "coordinates": [ [ 28.7105914, 47.1208699 ], [ 28.7105598, 47.1208987 ], [ 28.7104832, 47.1209719 ], [ 28.7102188, 47.1212189 ], [ 28.7100649, 47.121365 ], [ 28.7100205, 47.1214097 ], [ 28.7099428, 47.1214824 ], [ 28.7098949, 47.1215253 ], [ 28.7098197, 47.1215959 ] ] } },
{ "type": "Feature", "properties": { "vineyard_id": "V10", "row_id": "V10-R087", "row_structure": "regular", "length_m": 103.95 }, "geometry": { "type": "LineString", "coordinates": [ [ 28.7097634, 47.1216486 ], [ 28.7094068, 47.1219833 ], [ 28.7093277, 47.1220553 ], [ 28.7091562, 47.1222149 ], [ 28.7090173, 47.1223462 ], [ 28.7089552, 47.1224038 ] ] } },
{ "type": "Feature", "properties": { "vineyard_id": "V10", "row_id": "V10-R088", "row_structure": "regular", "length_m": 97.46 }, "geometry": { "type": "LineString", "coordinates": [ [ 28.7089072, 47.1224473 ], [ 28.7087829, 47.1225636 ], [ 28.7087378, 47.1226079 ], [ 28.7087068, 47.122637 ], [ 28.7084723, 47.1228544 ], [ 28.7083949, 47.1229272 ], [ 28.7082115, 47.1231032 ], [ 28.7081561, 47.1231585 ] ] } },
{ "type": "Feature", "properties": { "vineyard_id": "V10", "row_id": "V10-R089", "row_structure": "regular", "length_m": 101.65 }, "geometry": { "type": "LineString", "coordinates": [ [ 28.710553, 47.1208625 ], [ 28.7105234, 47.1208923 ], [ 28.7103857, 47.1210242 ], [ 28.7102605, 47.12114 ], [ 28.7101373, 47.1212569 ], [ 28.709997, 47.1213874 ], [ 28.7099204, 47.1214607 ], [ 28.7097673, 47.1216033 ] ] } },
{ "type": "Feature", "properties": { "vineyard_id": "V10", "row_id": "V10-R090", "row_structure": "regular", "length_m": 104.95 }, "geometry": { "type": "LineString", "coordinates": [ [ 28.70973, 47.1216365 ], [ 28.7096821, 47.1216795 ], [ 28.7096364, 47.1217235 ], [ 28.7096046, 47.1217522 ], [ 28.7093256, 47.1220142 ], [ 28.7091215, 47.1222022 ], [ 28.7090453, 47.1222756 ], [ 28.7089145, 47.1223992 ] ] } },
{ "type": "Feature", "properties": { "vineyard_id": "V10", "row_id": "V10-R091", "row_structure": "regular", "length_m": 96.76 }, "geometry": { "type": "LineString", "coordinates": [ [ 28.7088688, 47.1224394 ], [ 28.7088218, 47.1224827 ], [ 28.708683, 47.1226141 ], [ 28.7085885, 47.1227007 ], [ 28.7084364, 47.1228476 ], [ 28.708281, 47.122993 ], [ 28.708176, 47.1230966 ], [ 28.7081244, 47.1231461 ] ] } },
{ "type": "Feature", "properties": { "vineyard_id": "V10", "row_id": "V10-R092", "row_structure": "regular", "length_m": 101.2 }, "geometry": { "type": "LineString", "coordinates": [ [ 28.7105104, 47.1208597 ], [ 28.7101113, 47.1212401 ], [ 28.7097996, 47.1215303 ], [ 28.7097287, 47.1215975 ] ] } },
{ "type": "Feature", "properties": { "vineyard_id": "V10", "row_id": "V10-R093", "row_structure": "regular", "length_m": 103.35 }, "geometry": { "type": "LineString", "coordinates": [ [ 28.7096958, 47.1216284 ], [ 28.709648, 47.1216714 ], [ 28.7095401, 47.1217736 ], [ 28.709383, 47.1219181 ], [ 28.7092752, 47.1220204 ], [ 28.7092118, 47.1220779 ], [ 28.7091028, 47.1221795 ], [ 28.7088913, 47.1223788 ] ] } },
{ "type": "Feature", "properties": { "vineyard_id": "V10", "row_id": "V10-R094", "row_structure": "regular", "length_m": 97.85 }, "geometry": { "type": "LineString", "coordinates": [ [ 28.7088296, 47.122431 ], [ 28.7085987, 47.1226501 ], [ 28.7084902, 47.122752 ], [ 28.7083677, 47.1228692 ], [ 28.708259, 47.122971 ], [ 28.7081375, 47.1230886 ], [ 28.7080765, 47.1231457 ] ] } },
{ "type": "Feature", "properties": { "vineyard_id": "V10", "row_id": "V10-R095", "row_structure": "regular", "length_m": 101.9 }, "geometry": { "type": "LineString", "coordinates": [ [ 28.7104803, 47.1208481 ], [ 28.7102162, 47.1210952 ], [ 28.7101568, 47.1211547 ], [ 28.710001, 47.1212999 ], [ 28.7097068, 47.1215766 ], [ 28.7096915, 47.1215901 ] ] } },
{ "type": "Feature", "properties": { "vineyard_id": "V10", "row_id": "V10-R096", "row_structure": "regular", "length_m": 97.71 }, "geometry": { "type": "LineString", "coordinates": [ [ 28.7087949, 47.1224249 ], [ 28.7086558, 47.1225561 ], [ 28.7086077, 47.122599 ], [ 28.7085767, 47.1226281 ], [ 28.7085003, 47.1227014 ], [ 28.7082679, 47.1229198 ], [ 28.7082226, 47.122964 ], [ 28.7081143, 47.123066 ], [ 28.7080702, 47.1231108 ], [ 28.708042, 47.123138 ] ] } },
{ "type": "Feature", "properties": { "vineyard_id": "V10", "row_id": "V10-R097", "row_structure": "regular", "length_m": 105.15 }, "geometry": { "type": "LineString", "coordinates": [ [ 28.7096567, 47.1216201 ], [ 28.7095791, 47.1216929 ], [ 28.7095003, 47.121765 ], [ 28.7091093, 47.1221271 ], [ 28.7088384, 47.1223836 ] ] } },
{ "type": "Feature", "properties": { "vineyard_id": "V10", "row_id": "V10-R098", "row_structure": "regular", "length_m": 101.06 }, "geometry": { "type": "LineString", "coordinates": [ [ 28.7104333, 47.1208453 ], [ 28.7104042, 47.1208754 ], [ 28.7103275, 47.1209486 ], [ 28.7102496, 47.1210212 ], [ 28.7102044, 47.1210654 ], [ 28.7100642, 47.1211961 ], [ 28.7099412, 47.121313 ], [ 28.7098935, 47.1213561 ], [ 28.7097076, 47.1215308 ], [ 28.7096516, 47.1215814 ] ] } },
{ "type": "Feature", "properties": { "vineyard_id": "V10", "row_id": "V10-R099", "row_structure": "regular", "length_m": 97.21 }, "geometry": { "type": "LineString", "coordinates": [ [ 28.7087562, 47.1224168 ], [ 28.7086317, 47.122533 ], [ 28.708462, 47.1226935 ], [ 28.7084168, 47.1227378 ], [ 28.7083067, 47.1228389 ], [ 28.708198, 47.1229407 ], [ 28.7081073, 47.1230292 ], [ 28.7080095, 47.1231274 ] ] } },
{ "type": "Feature", "properties": { "vineyard_id": "V10", "row_id": "V10-R100", "row_structure": "regular", "length_m": 104.75 }, "geometry": { "type": "LineString", "coordinates": [ [ 28.7096169, 47.1216137 ], [ 28.7095235, 47.1217008 ], [ 28.7094288, 47.1217873 ], [ 28.7091178, 47.1220779 ], [ 28.7090393, 47.1221502 ], [ 28.7089304, 47.1222518 ], [ 28.7088017, 47.1223743 ] ] } },
{ "type": "Feature", "properties": { "vineyard_id": "V10", "row_id": "V10-R101", "row_structure": "regular", "length_m": 100.85 }, "geometry": { "type": "LineString", "coordinates": [ [ 28.7103981, 47.1208345 ], [ 28.710368, 47.1208641 ], [ 28.7102593, 47.1209659 ], [ 28.7099815, 47.1212285 ], [ 28.7098435, 47.1213602 ], [ 28.7096193, 47.1215699 ] ] } },
{ "type": "Feature", "properties": { "vineyard_id": "V10", "row_id": "V10-R102", "row_structure": "regular", "length_m": 98.1 }, "geometry": { "type": "LineString", "coordinates": [ [ 28.7087207, 47.1224058 ], [ 28.7086742, 47.1224495 ], [ 28.7086291, 47.1224939 ], [ 28.7083968, 47.1227123 ], [ 28.7083217, 47.1227862 ], [ 28.7082129, 47.122888 ], [ 28.7080595, 47.1230343 ], [ 28.7079654, 47.1231222 ] ] } },
{ "type": "Feature", "properties": { "vineyard_id": "V10", "row_id": "V10-R103", "row_structure": "regular", "length_m": 104.55 }, "geometry": { "type": "LineString", "coordinates": [ [ 28.7095762, 47.1216091 ], [ 28.7093262, 47.1218409 ], [ 28.7092785, 47.121884 ], [ 28.7091701, 47.1219859 ], [ 28.7089666, 47.1221742 ], [ 28.7087614, 47.1223677 ] ] } },
{ "type": "Feature", "properties": { "vineyard_id": "V10", "row_id": "V10-R104", "row_structure": "regular", "length_m": 101.05 }, "geometry": { "type": "LineString", "coordinates": [ [ 28.7103621, 47.1208256 ], [ 28.7103023, 47.1208849 ], [ 28.7101157, 47.1210593 ], [ 28.7098072, 47.1213511 ], [ 28.7097618, 47.1213953 ], [ 28.7095826, 47.1215627 ] ] } },
{ "type": "Feature", "properties": { "vineyard_id": "V10", "row_id": "V10-R105", "row_structure": "regular", "length_m": 96.55 }, "geometry": { "type": "LineString", "coordinates": [ [ 28.7086768, 47.1224019 ], [ 28.7086324, 47.1224466 ], [ 28.7085713, 47.1225052 ], [ 28.7084013, 47.1226656 ], [ 28.7081217, 47.1229273 ], [ 28.7080144, 47.1230297 ], [ 28.7079316, 47.123106 ] ] } },
{ "type": "Feature", "properties": { "vineyard_id": "V10", "row_id": "V10-R106", "row_structure": "regular", "length_m": 105.16 }, "geometry": { "type": "LineString", "coordinates": [ [ 28.709542, 47.1215988 ], [ 28.7094149, 47.1217137 ], [ 28.7092592, 47.1218589 ], [ 28.7091786, 47.1219301 ], [ 28.7091315, 47.1219734 ], [ 28.7088996, 47.1221921 ], [ 28.708854, 47.1222362 ], [ 28.7087208, 47.1223608 ] ] } },
{ "type": "Feature", "properties": { "vineyard_id": "V10", "row_id": "V10-R107", "row_structure": "regular", "length_m": 100.4 }, "geometry": { "type": "LineString", "coordinates": [ [ 28.7103219, 47.1208218 ], [ 28.710124, 47.1210128 ], [ 28.7099381, 47.1211874 ], [ 28.7098464, 47.1212754 ], [ 28.709546, 47.1215535 ] ] } },
{ "type": "Feature", "properties": { "vineyard_id": "V10", "row_id": "V10-R108", "row_structure": "regular", "length_m": 97.7 }, "geometry": { "type": "LineString", "coordinates": [ [ 28.708643, 47.122394 ], [ 28.7083809, 47.1226421 ], [ 28.7083357, 47.1226864 ], [ 28.7081802, 47.1228317 ], [ 28.708073, 47.1229342 ], [ 28.7079485, 47.1230504 ], [ 28.7078869, 47.1231055 ] ] } },
{ "type": "Feature", "properties": { "vineyard_id": "V10", "row_id": "V10-R109", "row_structure": "regular", "length_m": 104.56 }, "geometry": { "type": "LineString", "coordinates": [ [ 28.7095022, 47.1215946 ], [ 28.7093145, 47.1217684 ], [ 28.7091383, 47.1219257 ], [ 28.7089974, 47.122056 ], [ 28.7088733, 47.1221723 ], [ 28.7088131, 47.1222315 ], [ 28.7086853, 47.1223521 ] ] } },
{ "type": "Feature", "properties": { "vineyard_id": "V10", "row_id": "V10-R110", "row_structure": "regular", "length_m": 95.16 }, "geometry": { "type": "LineString", "coordinates": [ [ 28.7085965, 47.1223775 ], [ 28.7085672, 47.1224075 ], [ 28.7083384, 47.1226277 ], [ 28.7082158, 47.1227448 ], [ 28.7079525, 47.1229923 ], [ 28.7078673, 47.1230741 ] ] } },
{ "type": "Feature", "properties": { "vineyard_id": "V10", "row_id": "V10-R111", "row_structure": "regular", "length_m": 45.55 }, "geometry": { "type": "LineString", "coordinates": [ [ 28.7098422, 47.1212138 ], [ 28.7097968, 47.121258 ], [ 28.7096581, 47.1213894 ], [ 28.7094885, 47.1215449 ] ] } },
{ "type": "Feature", "properties": { "vineyard_id": "V10", "row_id": "V10-R112", "row_structure": "regular", "length_m": 103.95 }, "geometry": { "type": "LineString", "coordinates": [ [ 28.7094462, 47.1215824 ], [ 28.7092774, 47.1217433 ], [ 28.7091816, 47.1218292 ], [ 28.7091345, 47.1218726 ], [ 28.7089167, 47.1220759 ], [ 28.7087943, 47.1221932 ], [ 28.7086383, 47.1223377 ] ] } },
{ "type": "Feature", "properties": { "vineyard_id": "V10", "row_id": "V10-R113", "row_structure": "regular", "length_m": 98.06 }, "geometry": { "type": "LineString", "coordinates": [ [ 28.7085426, 47.1223731 ], [ 28.7084492, 47.1224602 ], [ 28.7084054, 47.1225052 ], [ 28.7083748, 47.1225345 ], [ 28.7079423, 47.1229427 ], [ 28.70779, 47.1230902 ] ] } },
{ "type": "Feature", "properties": { "vineyard_id": "V10", "row_id": "V10-R114", "row_structure": "regular", "length_m": 46.0 }, "geometry": { "type": "LineString", "coordinates": [ [ 28.7097973, 47.1212021 ], [ 28.7097648, 47.1212304 ], [ 28.7096099, 47.121376 ], [ 28.7094993, 47.1214769 ], [ 28.709438, 47.1215354 ] ] } },
{ "type": "Feature", "properties": { "vineyard_id": "V10", "row_id": "V10-R115", "row_structure": "regular", "length_m": 103.56 }, "geometry": { "type": "LineString", "coordinates": [ [ 28.7093965, 47.1215755 ], [ 28.7092727, 47.121692 ], [ 28.7091773, 47.1217781 ], [ 28.7090693, 47.1218802 ], [ 28.7090208, 47.1219229 ], [ 28.7088823, 47.1220544 ], [ 28.7087882, 47.1221412 ], [ 28.7085911, 47.1223276 ] ] } },
{ "type": "Feature", "properties": { "vineyard_id": "V10", "row_id": "V10-R116", "row_structure": "regular", "length_m": 44.05 }, "geometry": { "type": "LineString", "coordinates": [ [ 28.70975, 47.1212069 ], [ 28.7095934, 47.1213517 ], [ 28.7094694, 47.1214681 ], [ 28.709406, 47.1215262 ] ] } },
{ "type": "Feature", "properties": { "vineyard_id": "V10", "row_id": "V10-R117", "row_structure": "regular", "length_m": 98.66 }, "geometry": { "type": "LineString", "coordinates": [ [ 28.7085056, 47.1223658 ], [ 28.7084585, 47.1224091 ], [ 28.7083521, 47.1225121 ], [ 28.7082273, 47.1226281 ], [ 28.7081821, 47.1226725 ], [ 28.7078896, 47.12295 ], [ 28.7078431, 47.1229936 ], [ 28.7077641, 47.1230657 ], [ 28.7077418, 47.123084 ] ] } },
{ "type": "Feature", "properties": { "vineyard_id": "V10", "row_id": "V10-R118", "row_structure": "regular", "length_m": 104.96 }, "geometry": { "type": "LineString", "coordinates": [ [ 28.709368, 47.1215613 ], [ 28.7092748, 47.1216485 ], [ 28.7092449, 47.1216782 ], [ 28.7091987, 47.121722 ], [ 28.7091195, 47.1217939 ], [ 28.7090108, 47.1218957 ], [ 28.7089629, 47.1219387 ], [ 28.708855, 47.1220409 ], [ 28.7088073, 47.1220839 ], [ 28.7086995, 47.1221861 ], [ 28.7085515, 47.1223235 ] ] } },
{ "type": "Feature", "properties": { "vineyard_id": "V10", "row_id": "V10-R119", "row_structure": "regular", "length_m": 45.05 }, "geometry": { "type": "LineString", "coordinates": [ [ 28.7097204, 47.1211923 ], [ 28.7093688, 47.1215189 ] ] } },
{ "type": "Feature", "properties": { "vineyard_id": "V10", "row_id": "V10-R120", "row_structure": "regular", "length_m": 96.15 }, "geometry": { "type": "LineString", "coordinates": [ [ 28.7084707, 47.1223596 ], [ 28.7082087, 47.1226078 ], [ 28.707852, 47.1229424 ], [ 28.7077293, 47.1230612 ] ] } },
{ "type": "Feature", "properties": { "vineyard_id": "V10", "row_id": "V10-R121", "row_structure": "regular", "length_m": 103.6 }, "geometry": { "type": "LineString", "coordinates": [ [ 28.7093223, 47.1215625 ], [ 28.7092918, 47.1215919 ], [ 28.7090121, 47.1218535 ], [ 28.7087463, 47.1220998 ], [ 28.7087014, 47.1221443 ], [ 28.7086247, 47.1222174 ], [ 28.7085768, 47.1222604 ], [ 28.7085176, 47.1223156 ] ] } },
{ "type": "Feature", "properties": { "vineyard_id": "V10", "row_id": "V10-R122", "row_structure": "regular", "length_m": 95.75 }, "geometry": { "type": "LineString", "coordinates": [ [ 28.708438, 47.1223478 ], [ 28.7082387, 47.1225381 ], [ 28.7080221, 47.1227421 ], [ 28.7079312, 47.1228304 ], [ 28.7078692, 47.1228886 ], [ 28.7077028, 47.123048 ] ] } },
{ "type": "Feature", "properties": { "vineyard_id": "V10", "row_id": "V10-R123", "row_structure": "regular", "length_m": 43.05 }, "geometry": { "type": "LineString", "coordinates": [ [ 28.7096694, 47.1211959 ], [ 28.7094825, 47.1213701 ], [ 28.7093365, 47.1215095 ] ] } },
{ "type": "Feature", "properties": { "vineyard_id": "V10", "row_id": "V10-R124", "row_structure": "regular", "length_m": 104.35 }, "geometry": { "type": "LineString", "coordinates": [ [ 28.7092925, 47.1215505 ], [ 28.709213, 47.1216223 ], [ 28.7087167, 47.1220879 ], [ 28.7086091, 47.1221902 ], [ 28.7085153, 47.1222772 ], [ 28.7084806, 47.1223083 ] ] } },
{ "type": "Feature", "properties": { "vineyard_id": "V10", "row_id": "V10-R125", "row_structure": "regular", "length_m": 94.45 }, "geometry": { "type": "LineString", "coordinates": [ [ 28.7084008, 47.1223427 ], [ 28.7078289, 47.122882 ], [ 28.7077225, 47.1229849 ], [ 28.707672, 47.1230316 ] ] } },
{ "type": "Feature", "properties": { "vineyard_id": "V10", "row_id": "V10-R126", "row_structure": "regular", "length_m": 104.35 }, "geometry": { "type": "LineString", "coordinates": [ [ 28.7092589, 47.1215383 ], [ 28.7086075, 47.1221494 ], [ 28.7085286, 47.1222214 ], [ 28.7084483, 47.1222968 ] ] } },
{ "type": "Feature", "properties": { "vineyard_id": "V10", "row_id": "V10-R127", "row_structure": "regular", "length_m": 43.6 }, "geometry": { "type": "LineString", "coordinates": [ [ 28.7096455, 47.1211757 ], [ 28.7094269, 47.1213786 ], [ 28.7093495, 47.1214515 ], [ 28.7093071, 47.1214927 ] ] } },
{ "type": "Feature", "properties": { "vineyard_id": "V10", "row_id": "V10-R128", "row_structure": "regular", "length_m": 105.15 }, "geometry": { "type": "LineString", "coordinates": [ [ 28.7092216, 47.1215309 ], [ 28.7091594, 47.121589 ], [ 28.7090068, 47.1217357 ], [ 28.7088211, 47.1219105 ], [ 28.7087733, 47.1219535 ], [ 28.7086176, 47.1220988 ], [ 28.7085381, 47.1221705 ], [ 28.7084052, 47.1222954 ] ] } },
{ "type": "Feature", "properties": { "vineyard_id": "V10", "row_id": "V10-R129", "row_structure": "regular", "length_m": 80.1 }, "geometry": { "type": "LineString", "coordinates": [ [ 28.708363, 47.122335 ], [ 28.7081153, 47.122568 ], [ 28.7077456, 47.1229196 ] ] } },
{ "type": "Feature", "properties": { "vineyard_id": "V10", "row_id": "V10-R130", "row_structure": "regular", "length_m": 43.2 }, "geometry": { "type": "LineString", "coordinates": [ [ 28.7095939, 47.1211834 ], [ 28.70939, 47.1213714 ], [ 28.7092578, 47.1214971 ] ] } },
{ "type": "Feature", "properties": { "vineyard_id": "V10", "row_id": "V10-R131", "row_structure": "regular", "length_m": 104.76 }, "geometry": { "type": "LineString", "coordinates": [ [ 28.7091835, 47.1215231 ], [ 28.709137, 47.1215668 ], [ 28.7090923, 47.1216113 ], [ 28.7088311, 47.1218599 ], [ 28.7087842, 47.1219034 ], [ 28.7087359, 47.1219461 ], [ 28.7085177, 47.1221493 ], [ 28.7084693, 47.122192 ], [ 28.7083705, 47.1222848 ] ] } },
{ "type": "Feature", "properties": { "vineyard_id": "V10", "row_id": "V10-R132", "row_structure": "regular", "length_m": 97.56 }, "geometry": { "type": "LineString", "coordinates": [ [ 28.7083253, 47.1223274 ], [ 28.7082331, 47.1224152 ], [ 28.707938, 47.1226914 ], [ 28.7077065, 47.1229102 ], [ 28.7076322, 47.1229846 ], [ 28.707574, 47.1230397 ] ] } },
{ "type": "Feature", "properties": { "vineyard_id": "V10", "row_id": "V10-R133", "row_structure": "regular", "length_m": 43.8 }, "geometry": { "type": "LineString", "coordinates": [ [ 28.7095625, 47.1211678 ], [ 28.7093912, 47.1213275 ], [ 28.7092226, 47.1214863 ] ] } },
{ "type": "Feature", "properties": { "vineyard_id": "V10", "row_id": "V10-R134", "row_structure": "regular", "length_m": 95.7 }, "geometry": { "type": "LineString", "coordinates": [ [ 28.7082896, 47.1223209 ], [ 28.7081345, 47.1224663 ], [ 28.7080268, 47.1225686 ], [ 28.7079327, 47.1226554 ], [ 28.7078112, 47.1227731 ], [ 28.7077175, 47.12286 ], [ 28.7075499, 47.1230183 ] ] } },
{ "type": "Feature", "properties": { "vineyard_id": "V10", "row_id": "V10-R135", "row_structure": "regular", "length_m": 104.95 }, "geometry": { "type": "LineString", "coordinates": [ [ 28.7091467, 47.1215159 ], [ 28.7089918, 47.1216615 ], [ 28.7088669, 47.1217775 ], [ 28.7087594, 47.1218799 ], [ 28.7086805, 47.121952 ], [ 28.7086344, 47.1219958 ], [ 28.708587, 47.122039 ], [ 28.7083706, 47.1222431 ], [ 28.7083332, 47.1222796 ] ] } },
{ "type": "Feature", "properties": { "vineyard_id": "V10", "row_id": "V10-R136", "row_structure": "regular", "length_m": 44.65 }, "geometry": { "type": "LineString", "coordinates": [ [ 28.7095358, 47.1211523 ], [ 28.7095194, 47.1211664 ], [ 28.7093788, 47.1212969 ], [ 28.7093311, 47.1213399 ], [ 28.7091875, 47.1214761 ] ] } },
{ "type": "Feature", "properties": { "vineyard_id": "V10", "row_id": "V10-R137", "row_structure": "regular", "length_m": 93.7 }, "geometry": { "type": "LineString", "coordinates": [ [ 28.7082472, 47.1223165 ], [ 28.7081718, 47.1223903 ], [ 28.7080628, 47.1224919 ], [ 28.7079864, 47.1225652 ], [ 28.7078778, 47.1226671 ], [ 28.7078329, 47.1227115 ], [ 28.7075251, 47.1230003 ] ] } },
{ "type": "Feature", "properties": { "vineyard_id": "V10", "row_id": "V10-R138", "row_structure": "regular", "length_m": 44.9 }, "geometry": { "type": "LineString", "coordinates": [ [ 28.7094963, 47.1211427 ], [ 28.7094185, 47.1212154 ], [ 28.7093419, 47.1212886 ], [ 28.7091483, 47.1214695 ] ] } },
{ "type": "Feature", "properties": { "vineyard_id": "V10", "row_id": "V10-R139", "row_structure": "regular", "length_m": 104.55 }, "geometry": { "type": "LineString", "coordinates": [ [ 28.7091113, 47.1215073 ], [ 28.7090647, 47.1215509 ], [ 28.7089541, 47.1216517 ], [ 28.7087206, 47.1218695 ], [ 28.7086731, 47.1219127 ], [ 28.7082979, 47.1222665 ] ] } },
{ "type": "Feature", "properties": { "vineyard_id": "V10", "row_id": "V10-R140", "row_structure": "regular", "length_m": 88.35 }, "geometry": { "type": "LineString", "coordinates": [ [ 28.7082042, 47.122314 ], [ 28.7080969, 47.1224165 ], [ 28.7079097, 47.1225906 ], [ 28.7078031, 47.1226934 ], [ 28.7075221, 47.1229582 ] ] } },
{ "type": "Feature", "properties": { "vineyard_id": "V10", "row_id": "V10-R141", "row_structure": "regular", "length_m": 43.05 }, "geometry": { "type": "LineString", "coordinates": [ [ 28.7094502, 47.1211426 ], [ 28.7093427, 47.121245 ], [ 28.7091163, 47.1214558 ] ] } },
{ "type": "Feature", "properties": { "vineyard_id": "V10", "row_id": "V10-R142", "row_structure": "regular", "length_m": 105.35 }, "geometry": { "type": "LineString", "coordinates": [ [ 28.709071, 47.1215006 ], [ 28.7089614, 47.1216019 ], [ 28.7088663, 47.1216882 ], [ 28.7087595, 47.121791 ], [ 28.7086497, 47.1218922 ], [ 28.7085734, 47.1219656 ], [ 28.7084644, 47.1220672 ], [ 28.7082537, 47.1222669 ] ] } },
{ "type": "Feature", "properties": { "vineyard_id": "V10", "row_id": "V10-R143", "row_structure": "regular", "length_m": 84.95 }, "geometry": { "type": "LineString", "coordinates": [ [ 28.7081748, 47.1222994 ], [ 28.7078816, 47.1225766 ], [ 28.7077598, 47.1226942 ], [ 28.7076658, 47.122781 ], [ 28.7075897, 47.1228544 ], [ 28.7075192, 47.122919 ] ] } },
{ "type": "Feature", "properties": { "vineyard_id": "V10", "row_id": "V10-R144", "row_structure": "regular", "length_m": 45.85 }, "geometry": { "type": "LineString", "coordinates": [ [ 28.7094214, 47.1211278 ], [ 28.7092832, 47.1212594 ], [ 28.7091732, 47.1213606 ], [ 28.7091282, 47.121405 ], [ 28.7090679, 47.1214623 ] ] } },
{ "type": "Feature", "properties": { "vineyard_id": "V10", "row_id": "V10-R145", "row_structure": "regular", "length_m": 104.55 }, "geometry": { "type": "LineString", "coordinates": [ [ 28.709033, 47.1214951 ], [ 28.7089381, 47.1215815 ], [ 28.7087362, 47.1217705 ], [ 28.7086264, 47.1218717 ], [ 28.7085028, 47.1219883 ], [ 28.7084241, 47.1220605 ], [ 28.7082202, 47.1222547 ] ] } },
{ "type": "Feature", "properties": { "vineyard_id": "V10", "row_id": "V10-R146", "row_structure": "regular", "length_m": 81.5 }, "geometry": { "type": "LineString", "coordinates": [ [ 28.7081383, 47.122288 ], [ 28.7079697, 47.122449 ], [ 28.7079222, 47.1224922 ], [ 28.7077839, 47.1226238 ], [ 28.7076281, 47.1227689 ], [ 28.7075101, 47.1228828 ] ] } },
{ "type": "Feature", "properties": { "vineyard_id": "V10", "row_id": "V10-R147", "row_structure": "regular", "length_m": 104.35 }, "geometry": { "type": "LineString", "coordinates": [ [ 28.709, 47.1214832 ], [ 28.7087819, 47.1216864 ], [ 28.7087343, 47.1217295 ], [ 28.7083636, 47.1220794 ], [ 28.7083159, 47.1221225 ], [ 28.7081883, 47.122241 ] ] } },
{ "type": "Feature", "properties": { "vineyard_id": "V10", "row_id": "V10-R148", "row_structure": "regular", "length_m": 40.8 }, "geometry": { "type": "LineString", "coordinates": [ [ 28.709374, 47.1211298 ], [ 28.7092184, 47.1212751 ], [ 28.709059, 47.1214273 ] ] } },
{ "type": "Feature", "properties": { "vineyard_id": "V10", "row_id": "V10-R149", "row_structure": "regular", "length_m": 78.0 }, "geometry": { "type": "LineString", "coordinates": [ [ 28.7081017, 47.1222809 ], [ 28.7079792, 47.1223981 ], [ 28.7078238, 47.1225434 ], [ 28.7077481, 47.1226171 ], [ 28.7075012, 47.1228505 ] ] } },
{ "type": "Feature", "properties": { "vineyard_id": "V10", "row_id": "V10-R150", "row_structure": "regular", "length_m": 44.1 }, "geometry": { "type": "LineString", "coordinates": [ [ 28.7093438, 47.121116 ], [ 28.7091726, 47.1212757 ], [ 28.7091417, 47.1213049 ], [ 28.7090972, 47.1213495 ], [ 28.7090032, 47.1214375 ] ] } },
{ "type": "Feature", "properties": { "vineyard_id": "V10", "row_id": "V10-R151", "row_structure": "regular", "length_m": 104.55 }, "geometry": { "type": "LineString", "coordinates": [ [ 28.7089612, 47.1214772 ], [ 28.7089147, 47.1215209 ], [ 28.7088195, 47.1216071 ], [ 28.7086797, 47.121738 ], [ 28.7085535, 47.1218533 ], [ 28.7085225, 47.1218824 ], [ 28.7084316, 47.1219708 ], [ 28.7081469, 47.122236 ] ] } },
{ "type": "Feature", "properties": { "vineyard_id": "V10", "row_id": "V10-R152", "row_structure": "regular", "length_m": 45.6 }, "geometry": { "type": "LineString", "coordinates": [ [ 28.7093154, 47.1211074 ], [ 28.709111, 47.1212952 ], [ 28.7090625, 47.1213378 ], [ 28.7089557, 47.1214361 ] ] } },
{ "type": "Feature", "properties": { "vineyard_id": "V10", "row_id": "V10-R153", "row_structure": "disrupted", "length_m": 73.15 }, "geometry": { "type": "LineString", "coordinates": [ [ 28.7080628, 47.1222727 ], [ 28.7079414, 47.1223905 ], [ 28.7077557, 47.1225652 ], [ 28.7076457, 47.1226664 ], [ 28.7076007, 47.1227108 ], [ 28.7074988, 47.1228065 ] ] } },
{ "type": "Feature", "properties": { "vineyard_id": "V10", "row_id": "V10-R154", "row_structure": "regular", "length_m": 104.55 }, "geometry": { "type": "LineString", "coordinates": [ [ 28.7089216, 47.1214687 ], [ 28.7088001, 47.1215864 ], [ 28.7087381, 47.1216446 ], [ 28.7084872, 47.121876 ], [ 28.708271, 47.1220802 ], [ 28.7081762, 47.1221666 ], [ 28.7081097, 47.1222287 ] ] } },
{ "type": "Feature", "properties": { "vineyard_id": "V10", "row_id": "V10-R155", "row_structure": "regular", "length_m": 43.95 }, "geometry": { "type": "LineString", "coordinates": [ [ 28.7092673, 47.1211108 ], [ 28.7091244, 47.1212401 ], [ 28.7090468, 47.1213128 ], [ 28.7089672, 47.1213845 ], [ 28.7089213, 47.1214279 ] ] } },
{ "type": "Feature", "properties": { "vineyard_id": "V10", "row_id": "V10-R156", "row_structure": "regular", "length_m": 104.95 }, "geometry": { "type": "LineString", "coordinates": [ [ 28.7088881, 47.121461 ], [ 28.7087349, 47.1216074 ], [ 28.708609, 47.1217229 ], [ 28.7085321, 47.1217959 ], [ 28.7083917, 47.1219265 ], [ 28.7082834, 47.1220285 ], [ 28.7080713, 47.122223 ] ] } },
{ "type": "Feature", "properties": { "vineyard_id": "V10", "row_id": "V10-R157", "row_structure": "regular", "length_m": 12.01 }, "geometry": { "type": "LineString", "coordinates": [ [ 28.7092397, 47.1210632 ], [ 28.7092251, 47.1210781 ], [ 28.7091974, 47.1211089 ], [ 28.7091509, 47.1211526 ] ] } },
{ "type": "Feature", "properties": { "vineyard_id": "V10", "row_id": "V10-R158", "row_structure": "regular", "length_m": 99.54 }, "geometry": { "type": "LineString", "coordinates": [ [ 28.7087973, 47.1214837 ], [ 28.708734, 47.1215413 ], [ 28.7086835, 47.121583 ], [ 28.7085739, 47.1216843 ], [ 28.708529, 47.1217288 ], [ 28.7085016, 47.1217597 ], [ 28.7083932, 47.1218616 ], [ 28.7083781, 47.1218764 ], [ 28.7083356, 47.121922 ], [ 28.7083058, 47.1219517 ], [ 28.7082748, 47.1219808 ], [ 28.708226, 47.1220233 ], [ 28.7081893, 47.1220496 ], [ 28.7081729, 47.1220637 ], [ 28.7081097, 47.1221214 ], [ 28.7080611, 47.122164 ], [ 28.7080188, 47.1222036 ] ] } },
{ "type": "Feature", "properties": { "vineyard_id": "V10", "row_id": "V10-R159", "row_structure": "regular", "length_m": 36.16 }, "geometry": { "type": "LineString", "coordinates": [ [ 28.7077257, 47.1224808 ], [ 28.7076766, 47.1225232 ], [ 28.7076456, 47.1225523 ], [ 28.7075244, 47.1226702 ], [ 28.7074811, 47.1227154 ], [ 28.7074489, 47.1227456 ] ] } },
{ "type": "Feature", "properties": { "vineyard_id": "V10", "row_id": "V10-R160", "row_structure": "regular", "length_m": 32.06 }, "geometry": { "type": "LineString", "coordinates": [ [ 28.7091189, 47.12117 ], [ 28.709038, 47.1212411 ], [ 28.7089869, 47.1212825 ], [ 28.7089098, 47.1213555 ], [ 28.7088847, 47.1213875 ], [ 28.7088707, 47.1214028 ] ] } },
{ "type": "Feature", "properties": { "vineyard_id": "V10", "row_id": "V10-R161", "row_structure": "disrupted", "length_m": 37.14 }, "geometry": { "type": "LineString", "coordinates": [ [ 28.7081999, 47.1219931 ], [ 28.7081545, 47.1220373 ], [ 28.7081165, 47.1220852 ], [ 28.7079517, 47.1222704 ], [ 28.707944, 47.1222777 ] ] } },
{ "type": "Feature", "properties": { "vineyard_id": "V10", "row_id": "V10-R162", "row_structure": "disrupted", "length_m": 12.75 }, "geometry": { "type": "LineString", "coordinates": [ [ 28.7083183, 47.1218294 ], [ 28.7082175, 47.1219212 ] ] } },
{ "type": "Feature", "properties": { "vineyard_id": "V10", "row_id": "V10-R163", "row_structure": "regular", "length_m": 3.85 }, "geometry": { "type": "LineString", "coordinates": [ [ 28.708238, 47.1218802 ], [ 28.7082093, 47.1219088 ] ] } },
{ "type": "Feature", "properties": { "vineyard_id": "V11", "row_id": "V11-R001", "row_structure": "regular", "length_m": 6.35 }, "geometry": { "type": "LineString", "coordinates": [ [ 28.7123366, 47.1205899 ], [ 28.7122858, 47.1206353 ] ] } },
{ "type": "Feature", "properties": { "vineyard_id": "V11", "row_id": "V11-R002", "row_structure": "regular", "length_m": 3.6 }, "geometry": { "type": "LineString", "coordinates": [ [ 28.7122605, 47.1206005 ], [ 28.7122343, 47.1206276 ] ] } },
{ "type": "Feature", "properties": { "vineyard_id": "V11", "row_id": "V11-R003", "row_structure": "regular", "length_m": 8.9 }, "geometry": { "type": "LineString", "coordinates": [ [ 28.7123392, 47.1205072 ], [ 28.7122711, 47.1205724 ] ] } },
{ "type": "Feature", "properties": { "vineyard_id": "V11", "row_id": "V11-R004", "row_structure": "regular", "length_m": 9.15 }, "geometry": { "type": "LineString", "coordinates": [ [ 28.7121981, 47.1205885 ], [ 28.7121265, 47.1206547 ] ] } },
{ "type": "Feature", "properties": { "vineyard_id": "V11", "row_id": "V11-R005", "row_structure": "regular", "length_m": 6.8 }, "geometry": { "type": "LineString", "coordinates": [ [ 28.7122621, 47.1204923 ], [ 28.7122076, 47.1205409 ] ] } },
{ "type": "Feature", "properties": { "vineyard_id": "V11", "row_id": "V11-R006", "row_structure": "disrupted", "length_m": 22.35 }, "geometry": { "type": "LineString", "coordinates": [ [ 28.7122737, 47.1204313 ], [ 28.7121823, 47.1205194 ], [ 28.7121021, 47.1205948 ] ] } },
{ "type": "Feature", "properties": { "vineyard_id": "V12", "row_id": "V12-R001", "row_structure": "regular", "length_m": 11.86 }, "geometry": { "type": "LineString", "coordinates": [ [ 28.7108281, 47.1207393 ], [ 28.7107781, 47.1207813 ], [ 28.7107326, 47.1208237 ] ] } },
{ "type": "Feature", "properties": { "vineyard_id": "V12", "row_id": "V12-R002", "row_structure": "disrupted", "length_m": 78.47 }, "geometry": { "type": "LineString", "coordinates": [ [ 28.7113675, 47.1202284 ], [ 28.7112451, 47.1203457 ], [ 28.7112171, 47.1203762 ], [ 28.7112019, 47.1203909 ], [ 28.7111691, 47.1204192 ], [ 28.7111239, 47.1204635 ], [ 28.7110916, 47.1204919 ], [ 28.7109029, 47.1206652 ], [ 28.7108856, 47.1206789 ], [ 28.7108476, 47.1207045 ], [ 28.7107412, 47.1207891 ] ] } },
{ "type": "Feature", "properties": { "vineyard_id": "V12", "row_id": "V12-R003", "row_structure": "regular", "length_m": 38.78 }, "geometry": { "type": "LineString", "coordinates": [ [ 28.7110692, 47.1204858 ], [ 28.7109555, 47.1205851 ], [ 28.7109045, 47.1206265 ], [ 28.7108733, 47.1206555 ], [ 28.7108183, 47.120695 ], [ 28.710748, 47.1207569 ] ] } },
{ "type": "Feature", "properties": { "vineyard_id": "V12", "row_id": "V12-R004", "row_structure": "disrupted", "length_m": 32.01 }, "geometry": { "type": "LineString", "coordinates": [ [ 28.7113927, 47.1201853 ], [ 28.7111851, 47.1203715 ], [ 28.7111354, 47.1204135 ] ] } },
{ "type": "Feature", "properties": { "vineyard_id": "V12", "row_id": "V12-R005", "row_structure": "disrupted", "length_m": 49.32 }, "geometry": { "type": "LineString", "coordinates": [ [ 28.7113309, 47.1202208 ], [ 28.7110923, 47.1204361 ], [ 28.7109356, 47.120573 ] ] } },
{ "type": "Feature", "properties": { "vineyard_id": "V12", "row_id": "V12-R006", "row_structure": "regular", "length_m": 6.81 }, "geometry": { "type": "LineString", "coordinates": [ [ 28.7106791, 47.1207766 ], [ 28.7106221, 47.120824 ] ] } },
{ "type": "Feature", "properties": { "vineyard_id": "V12", "row_id": "V12-R007", "row_structure": "regular", "length_m": 80.95 }, "geometry": { "type": "LineString", "coordinates": [ [ 28.7112853, 47.1202438 ], [ 28.711237, 47.1202865 ], [ 28.7112025, 47.1203139 ], [ 28.7111533, 47.1203562 ], [ 28.7109519, 47.1205232 ], [ 28.7106067, 47.1208057 ] ] } },
{ "type": "Feature", "properties": { "vineyard_id": "V12", "row_id": "V12-R008", "row_structure": "regular", "length_m": 17.0 }, "geometry": { "type": "LineString", "coordinates": [ [ 28.711341, 47.1201596 ], [ 28.7112054, 47.1202814 ] ] } },
{ "type": "Feature", "properties": { "vineyard_id": "V12", "row_id": "V12-R009", "row_structure": "regular", "length_m": 7.86 }, "geometry": { "type": "LineString", "coordinates": [ [ 28.7107842, 47.1205968 ], [ 28.7107689, 47.1206115 ], [ 28.7107264, 47.1206555 ] ] } },
{ "type": "Feature", "properties": { "vineyard_id": "V13", "row_id": "V13-R001", "row_structure": "regular", "length_m": 22.47 }, "geometry": { "type": "LineString", "coordinates": [ [ 28.7125258, 47.1203429 ], [ 28.712448, 47.1204155 ], [ 28.7124039, 47.1204604 ], [ 28.7123801, 47.1204931 ], [ 28.7123637, 47.1205116 ] ] } },
{ "type": "Feature", "properties": { "vineyard_id": "V13", "row_id": "V13-R002", "row_structure": "regular", "length_m": 3.75 }, "geometry": { "type": "LineString", "coordinates": [ [ 28.7123621, 47.1204368 ], [ 28.7123328, 47.120464 ] ] } },
{ "type": "Feature", "properties": { "vineyard_id": "V13", "row_id": "V13-R003", "row_structure": "regular", "length_m": 4.91 }, "geometry": { "type": "LineString", "coordinates": [ [ 28.7123874, 47.1203854 ], [ 28.7123728, 47.1204004 ], [ 28.712353, 47.1204228 ] ] } },
{ "type": "Feature", "properties": { "vineyard_id": "V13", "row_id": "V13-R004", "row_structure": "regular", "length_m": 9.76 }, "geometry": { "type": "LineString", "coordinates": [ [ 28.712468, 47.1203019 ], [ 28.7124181, 47.1203439 ], [ 28.7124, 47.1203572 ], [ 28.712383, 47.1203677 ] ] } },
{ "type": "Feature", "properties": { "vineyard_id": "V13", "row_id": "V13-R005", "row_structure": "regular", "length_m": 9.35 }, "geometry": { "type": "LineString", "coordinates": [ [ 28.7124057, 47.1203011 ], [ 28.7123759, 47.1203307 ], [ 28.7123345, 47.1203697 ] ] } },
{ "type": "Feature", "properties": { "vineyard_id": "V14", "row_id": "V14-R001", "row_structure": "regular", "length_m": 8.61 }, "geometry": { "type": "LineString", "coordinates": [ [ 28.7117563, 47.1209398 ], [ 28.711726, 47.1209693 ], [ 28.7116931, 47.1210041 ] ] } },
{ "type": "Feature", "properties": { "vineyard_id": "V14", "row_id": "V14-R002", "row_structure": "regular", "length_m": 16.95 }, "geometry": { "type": "LineString", "coordinates": [ [ 28.7118848, 47.1207861 ], [ 28.7117894, 47.1208723 ], [ 28.7117509, 47.1209082 ] ] } },
{ "type": "Feature", "properties": { "vineyard_id": "V14", "row_id": "V14-R003", "row_structure": "regular", "length_m": 26.27 }, "geometry": { "type": "LineString", "coordinates": [ [ 28.71184, 47.1207845 ], [ 28.7117933, 47.120828 ], [ 28.711717, 47.1209014 ], [ 28.7116901, 47.1209325 ], [ 28.7116423, 47.1209783 ] ] } },
{ "type": "Feature", "properties": { "vineyard_id": "V14", "row_id": "V14-R004", "row_structure": "regular", "length_m": 4.6 }, "geometry": { "type": "LineString", "coordinates": [ [ 28.7116037, 47.1209686 ], [ 28.7115661, 47.1210011 ] ] } },
{ "type": "Feature", "properties": { "vineyard_id": "V14", "row_id": "V14-R005", "row_structure": "disrupted", "length_m": 92.0 }, "geometry": { "type": "LineString", "coordinates": [ [ 28.7122099, 47.1203529 ], [ 28.7120065, 47.1205412 ], [ 28.7119271, 47.120613 ], [ 28.7117708, 47.1207579 ], [ 28.7116943, 47.1208311 ], [ 28.711492, 47.1210199 ] ] } },
{ "type": "Feature", "properties": { "vineyard_id": "V14", "row_id": "V14-R006", "row_structure": "regular", "length_m": 10.3 }, "geometry": { "type": "LineString", "coordinates": [ [ 28.71355, 47.1190978 ], [ 28.7135027, 47.119141 ], [ 28.7134706, 47.1191729 ] ] } },
{ "type": "Feature", "properties": { "vineyard_id": "V14", "row_id": "V14-R007", "row_structure": "regular", "length_m": 18.3 }, "geometry": { "type": "LineString", "coordinates": [ [ 28.7135443, 47.1190802 ], [ 28.7134009, 47.1192126 ] ] } },
{ "type": "Feature", "properties": { "vineyard_id": "V14", "row_id": "V14-R008", "row_structure": "regular", "length_m": 106.2 }, "geometry": { "type": "LineString", "coordinates": [ [ 28.7122873, 47.1202333 ], [ 28.7122417, 47.1202775 ], [ 28.7121026, 47.1204086 ], [ 28.7118202, 47.120669 ], [ 28.7115895, 47.1208882 ], [ 28.7115427, 47.1209317 ], [ 28.7115103, 47.1209601 ], [ 28.7114622, 47.1210051 ] ] } },
{ "type": "Feature", "properties": { "vineyard_id": "V14", "row_id": "V14-R009", "row_structure": "disrupted", "length_m": 30.45 }, "geometry": { "type": "LineString", "coordinates": [ [ 28.7135324, 47.1190501 ], [ 28.7135009, 47.1190789 ], [ 28.7133773, 47.1191955 ], [ 28.7132941, 47.1192705 ] ] } },
{ "type": "Feature", "properties": { "vineyard_id": "V14", "row_id": "V14-R010", "row_structure": "regular", "length_m": 16.61 }, "geometry": { "type": "LineString", "coordinates": [ [ 28.7131988, 47.1193613 ], [ 28.7131152, 47.1194309 ], [ 28.7130625, 47.1194782 ] ] } },
{ "type": "Feature", "properties": { "vineyard_id": "V14", "row_id": "V14-R011", "row_structure": "regular", "length_m": 107.0 }, "geometry": { "type": "LineString", "coordinates": [ [ 28.71226, 47.1202109 ], [ 28.7122123, 47.1202539 ], [ 28.7121036, 47.1203557 ], [ 28.7120093, 47.1204424 ], [ 28.7116687, 47.1207628 ], [ 28.7115115, 47.1209073 ], [ 28.7114274, 47.1209879 ] ] } },
{ "type": "Feature", "properties": { "vineyard_id": "V14", "row_id": "V14-R012", "row_structure": "regular", "length_m": 14.96 }, "geometry": { "type": "LineString", "coordinates": [ [ 28.7134723, 47.119075 ], [ 28.7133933, 47.119147 ], [ 28.7133567, 47.1191839 ] ] } },
{ "type": "Feature", "properties": { "vineyard_id": "V14", "row_id": "V14-R013", "row_structure": "regular", "length_m": 100.61 }, "geometry": { "type": "LineString", "coordinates": [ [ 28.7122148, 47.120204 ], [ 28.7121408, 47.1202785 ], [ 28.7118278, 47.1205681 ], [ 28.71172, 47.1206704 ], [ 28.7115165, 47.1208586 ], [ 28.7114855, 47.1208877 ], [ 28.7114368, 47.1209369 ] ] } },
{ "type": "Feature", "properties": { "vineyard_id": "V14", "row_id": "V14-R014", "row_structure": "disrupted", "length_m": 34.51 }, "geometry": { "type": "LineString", "coordinates": [ [ 28.7132033, 47.1192512 ], [ 28.7131578, 47.1192954 ], [ 28.7131174, 47.1193422 ], [ 28.7130661, 47.1194058 ], [ 28.7130523, 47.1194213 ], [ 28.712993, 47.1194809 ], [ 28.7129635, 47.1195147 ] ] } },
{ "type": "Feature", "properties": { "vineyard_id": "V14", "row_id": "V14-R015", "row_structure": "regular", "length_m": 5.9 }, "geometry": { "type": "LineString", "coordinates": [ [ 28.7134442, 47.1190438 ], [ 28.7133986, 47.1190868 ] ] } },
{ "type": "Feature", "properties": { "vineyard_id": "V14", "row_id": "V14-R016", "row_structure": "regular", "length_m": 9.4 }, "geometry": { "type": "LineString", "coordinates": [ [ 28.7132261, 47.119229 ], [ 28.7131542, 47.1192979 ] ] } },
{ "type": "Feature", "properties": { "vineyard_id": "V14", "row_id": "V14-R017", "row_structure": "regular", "length_m": 101.43 }, "geometry": { "type": "LineString", "coordinates": [ [ 28.712168, 47.1201969 ], [ 28.7121391, 47.1202271 ], [ 28.7121114, 47.1202578 ], [ 28.7119567, 47.1204035 ], [ 28.7119092, 47.1204467 ], [ 28.7118798, 47.1204766 ], [ 28.7118318, 47.1205195 ], [ 28.7116925, 47.1206506 ], [ 28.7115676, 47.1207665 ], [ 28.7115227, 47.120811 ], [ 28.7114141, 47.1209129 ], [ 28.7113888, 47.1209381 ] ] } },
{ "type": "Feature", "properties": { "vineyard_id": "V14", "row_id": "V14-R018", "row_structure": "regular", "length_m": 66.95 }, "geometry": { "type": "LineString", "coordinates": [ [ 28.7136884, 47.1188314 ], [ 28.7136719, 47.1188455 ], [ 28.7136026, 47.1188999 ], [ 28.7135842, 47.118913 ], [ 28.7135454, 47.1189382 ], [ 28.7135097, 47.1189649 ], [ 28.7134928, 47.1189787 ], [ 28.7134611, 47.1190075 ], [ 28.7133463, 47.1191062 ], [ 28.7131216, 47.1192926 ] ] } },
{ "type": "Feature", "properties": { "vineyard_id": "V14", "row_id": "V14-R019", "row_structure": "regular", "length_m": 31.62 }, "geometry": { "type": "LineString", "coordinates": [ [ 28.7130119, 47.1194343 ], [ 28.7129954, 47.1194484 ], [ 28.7128417, 47.1195721 ], [ 28.7128236, 47.1195854 ], [ 28.7127851, 47.1196107 ], [ 28.7127367, 47.1196478 ] ] } },
{ "type": "Feature", "properties": { "vineyard_id": "V14", "row_id": "V14-R020", "row_structure": "disrupted", "length_m": 26.44 }, "geometry": { "type": "LineString", "coordinates": [ [ 28.7131347, 47.1192802 ], [ 28.7130611, 47.119355 ], [ 28.7130232, 47.119403 ], [ 28.71297, 47.1194658 ], [ 28.7129535, 47.1194832 ] ] } },
{ "type": "Feature", "properties": { "vineyard_id": "V14", "row_id": "V14-R021", "row_structure": "regular", "length_m": 6.06 }, "geometry": { "type": "LineString", "coordinates": [ [ 28.7126664, 47.119713 ], [ 28.7126226, 47.1197585 ] ] } },
{ "type": "Feature", "properties": { "vineyard_id": "V14", "row_id": "V14-R022", "row_structure": "regular", "length_m": 100.5 }, "geometry": { "type": "LineString", "coordinates": [ [ 28.7121248, 47.1202 ], [ 28.7118448, 47.1204614 ], [ 28.7117371, 47.1205637 ], [ 28.7116425, 47.1206502 ], [ 28.7115337, 47.120752 ], [ 28.7114875, 47.1207957 ], [ 28.711347, 47.1209318 ] ] } },
{ "type": "Feature", "properties": { "vineyard_id": "V14", "row_id": "V14-R023", "row_structure": "disrupted", "length_m": 92.12 }, "geometry": { "type": "LineString", "coordinates": [ [ 28.7138534, 47.1185787 ], [ 28.7138064, 47.118622 ], [ 28.7136588, 47.1187714 ], [ 28.7136136, 47.1188157 ], [ 28.7133646, 47.1190706 ], [ 28.7132882, 47.1191439 ], [ 28.7132095, 47.1192161 ], [ 28.7131722, 47.119242 ], [ 28.713155, 47.1192557 ] ] } },
{ "type": "Feature", "properties": { "vineyard_id": "V14", "row_id": "V14-R024", "row_structure": "regular", "length_m": 14.65 }, "geometry": { "type": "LineString", "coordinates": [ [ 28.7129699, 47.1194174 ], [ 28.7129224, 47.1194606 ], [ 28.7128527, 47.1195222 ] ] } },
{ "type": "Feature", "properties": { "vineyard_id": "V14", "row_id": "V14-R025", "row_structure": "disrupted", "length_m": 76.89 }, "geometry": { "type": "LineString", "coordinates": [ [ 28.7137643, 47.1186455 ], [ 28.713607, 47.1187899 ], [ 28.7135635, 47.1188351 ], [ 28.7135174, 47.118879 ], [ 28.7134072, 47.11898 ], [ 28.7133612, 47.1190239 ], [ 28.7132508, 47.1191248 ], [ 28.7132234, 47.1191558 ], [ 28.7132088, 47.1191708 ], [ 28.7131708, 47.1192059 ] ] } },
{ "type": "Feature", "properties": { "vineyard_id": "V14", "row_id": "V14-R026", "row_structure": "disrupted", "length_m": 141.87 }, "geometry": { "type": "LineString", "coordinates": [ [ 28.7124043, 47.1199527 ], [ 28.7123533, 47.1199941 ], [ 28.7123149, 47.1200195 ], [ 28.7122969, 47.1200328 ], [ 28.7120525, 47.120223 ], [ 28.7120363, 47.1202372 ], [ 28.7117408, 47.1205132 ], [ 28.7116931, 47.1205563 ], [ 28.7116155, 47.120629 ], [ 28.711583, 47.1206574 ], [ 28.7115518, 47.1206864 ], [ 28.7114919, 47.1207457 ], [ 28.7114145, 47.1208185 ], [ 28.7113538, 47.1208773 ], [ 28.7113109, 47.1209228 ], [ 28.7112688, 47.1209648 ] ] } },
{ "type": "Feature", "properties": { "vineyard_id": "V14", "row_id": "V14-R027", "row_structure": "regular", "length_m": 8.6 }, "geometry": { "type": "LineString", "coordinates": [ [ 28.713131, 47.1192288 ], [ 28.7130633, 47.1192909 ] ] } },
{ "type": "Feature", "properties": { "vineyard_id": "V14", "row_id": "V14-R028", "row_structure": "disrupted", "length_m": 70.05 }, "geometry": { "type": "LineString", "coordinates": [ [ 28.7131314, 47.1192285 ], [ 28.7130212, 47.1193295 ], [ 28.7129295, 47.1194175 ], [ 28.7125807, 47.1197343 ] ] } },
{ "type": "Feature", "properties": { "vineyard_id": "V14", "row_id": "V14-R029", "row_structure": "regular", "length_m": 10.95 }, "geometry": { "type": "LineString", "coordinates": [ [ 28.7121602, 47.1201179 ], [ 28.7121278, 47.1201464 ], [ 28.7121103, 47.1201599 ], [ 28.7120732, 47.120186 ], [ 28.7120662, 47.1201925 ] ] } },
{ "type": "Feature", "properties": { "vineyard_id": "V14", "row_id": "V14-R030", "row_structure": "regular", "length_m": 99.1 }, "geometry": { "type": "LineString", "coordinates": [ [ 28.7138205, 47.1185619 ], [ 28.7135656, 47.1187912 ], [ 28.7134565, 47.1188928 ], [ 28.7133463, 47.1189938 ], [ 28.713188, 47.1191377 ], [ 28.7131395, 47.1191804 ], [ 28.7130355, 47.1192744 ] ] } },
{ "type": "Feature", "properties": { "vineyard_id": "V14", "row_id": "V14-R031", "row_structure": "disrupted", "length_m": 87.5 }, "geometry": { "type": "LineString", "coordinates": [ [ 28.7131117, 47.1192044 ], [ 28.7130179, 47.1192913 ], [ 28.7127961, 47.1194927 ], [ 28.7127502, 47.1195367 ], [ 28.7125932, 47.1196812 ], [ 28.7124227, 47.1198357 ] ] } },
{ "type": "Feature", "properties": { "vineyard_id": "V14", "row_id": "V14-R032", "row_structure": "regular", "length_m": 137.81 }, "geometry": { "type": "LineString", "coordinates": [ [ 28.712342, 47.1199089 ], [ 28.7121999, 47.1200386 ], [ 28.7117809, 47.1204314 ], [ 28.7115457, 47.1206483 ], [ 28.7113147, 47.1208674 ], [ 28.7112727, 47.1209111 ] ] } },
{ "type": "Feature", "properties": { "vineyard_id": "V14", "row_id": "V14-R033", "row_structure": "regular", "length_m": 24.99 }, "geometry": { "type": "LineString", "coordinates": [ [ 28.7138127, 47.1185247 ], [ 28.713779, 47.1185525 ], [ 28.7136701, 47.1186542 ], [ 28.7136559, 47.1186694 ], [ 28.7136298, 47.118701 ], [ 28.7136223, 47.1187078 ] ] } },
{ "type": "Feature", "properties": { "vineyard_id": "V14", "row_id": "V14-R034", "row_structure": "regular", "length_m": 71.8 }, "geometry": { "type": "LineString", "coordinates": [ [ 28.7135909, 47.1187261 ], [ 28.7134966, 47.1188127 ], [ 28.7132274, 47.1190573 ], [ 28.7130864, 47.1191875 ], [ 28.713024, 47.1192433 ] ] } },
{ "type": "Feature", "properties": { "vineyard_id": "V14", "row_id": "V14-R035", "row_structure": "disrupted", "length_m": 91.4 }, "geometry": { "type": "LineString", "coordinates": [ [ 28.713084, 47.1191902 ], [ 28.7129549, 47.1193041 ], [ 28.712876, 47.1193762 ], [ 28.7126731, 47.1195647 ], [ 28.7123607, 47.1198478 ] ] } },
{ "type": "Feature", "properties": { "vineyard_id": "V14", "row_id": "V14-R036", "row_structure": "regular", "length_m": 101.65 }, "geometry": { "type": "LineString", "coordinates": [ [ 28.7119898, 47.1201918 ], [ 28.7117873, 47.1203806 ], [ 28.71163, 47.120525 ], [ 28.7113977, 47.1207434 ], [ 28.7112015, 47.1209313 ] ] } },
{ "type": "Feature", "properties": { "vineyard_id": "V14", "row_id": "V14-R037", "row_structure": "disrupted", "length_m": 77.12 }, "geometry": { "type": "LineString", "coordinates": [ [ 28.7123832, 47.119827 ], [ 28.7122564, 47.1199421 ], [ 28.7121318, 47.1200582 ], [ 28.7120683, 47.1201157 ], [ 28.7120512, 47.1201295 ], [ 28.7120147, 47.1201558 ], [ 28.7117593, 47.1203628 ], [ 28.7117516, 47.1203701 ] ] } },
{ "type": "Feature", "properties": { "vineyard_id": "V14", "row_id": "V14-R038", "row_structure": "regular", "length_m": 88.2 }, "geometry": { "type": "LineString", "coordinates": [ [ 28.7137556, 47.1185287 ], [ 28.7136308, 47.1186448 ], [ 28.7133147, 47.1189328 ], [ 28.7131893, 47.1190485 ], [ 28.7130604, 47.1191647 ] ] } },
{ "type": "Feature", "properties": { "vineyard_id": "V14", "row_id": "V14-R039", "row_structure": "disrupted", "length_m": 84.7 }, "geometry": { "type": "LineString", "coordinates": [ [ 28.712997, 47.1192222 ], [ 28.7128851, 47.1193224 ], [ 28.7128392, 47.1193663 ], [ 28.7127289, 47.1194673 ], [ 28.7125726, 47.1196122 ], [ 28.7124442, 47.1197264 ], [ 28.7123288, 47.1198327 ] ] } },
{ "type": "Feature", "properties": { "vineyard_id": "V14", "row_id": "V14-R040", "row_structure": "regular", "length_m": 157.07 }, "geometry": { "type": "LineString", "coordinates": [ [ 28.7123517, 47.1198114 ], [ 28.712225, 47.1199265 ], [ 28.7120377, 47.1201005 ], [ 28.7119899, 47.1201435 ], [ 28.7118828, 47.1202461 ], [ 28.7118054, 47.1203189 ], [ 28.711648, 47.1204633 ], [ 28.7113382, 47.1207545 ], [ 28.711262, 47.1208279 ], [ 28.7112181, 47.1208728 ], [ 28.7111895, 47.1209031 ], [ 28.7111762, 47.1209187 ], [ 28.7111516, 47.1209511 ], [ 28.7111439, 47.1209583 ] ] } },
{ "type": "Feature", "properties": { "vineyard_id": "V14", "row_id": "V14-R041", "row_structure": "regular", "length_m": 99.11 }, "geometry": { "type": "LineString", "coordinates": [ [ 28.7137809, 47.1184585 ], [ 28.7137526, 47.118489 ], [ 28.7130577, 47.1191229 ], [ 28.7130007, 47.1191736 ] ] } },
{ "type": "Feature", "properties": { "vineyard_id": "V14", "row_id": "V14-R042", "row_structure": "regular", "length_m": 104.85 }, "geometry": { "type": "LineString", "coordinates": [ [ 28.7119081, 47.1201724 ], [ 28.7118793, 47.1202026 ], [ 28.7118334, 47.1202466 ], [ 28.7116916, 47.1203765 ], [ 28.7114113, 47.1206378 ], [ 28.7112577, 47.120784 ], [ 28.7111542, 47.1208884 ], [ 28.7111417, 47.1209044 ], [ 28.7111185, 47.1209374 ], [ 28.7111126, 47.1209428 ] ] } },
{ "type": "Feature", "properties": { "vineyard_id": "V14", "row_id": "V14-R043", "row_structure": "regular", "length_m": 90.9 }, "geometry": { "type": "LineString", "coordinates": [ [ 28.7130103, 47.119165 ], [ 28.712962, 47.1192077 ], [ 28.7126927, 47.1194522 ], [ 28.7126148, 47.1195247 ], [ 28.7123459, 47.1197695 ], [ 28.712292, 47.1198195 ] ] } },
{ "type": "Feature", "properties": { "vineyard_id": "V14", "row_id": "V14-R044", "row_structure": "regular", "length_m": 44.11 }, "geometry": { "type": "LineString", "coordinates": [ [ 28.7123149, 47.1197981 ], [ 28.7120486, 47.1200442 ], [ 28.7120035, 47.1200885 ], [ 28.7119743, 47.1201196 ] ] } },
{ "type": "Feature", "properties": { "vineyard_id": "V14", "row_id": "V14-R045", "row_structure": "regular", "length_m": 94.62 }, "geometry": { "type": "LineString", "coordinates": [ [ 28.7137677, 47.1184395 ], [ 28.7137359, 47.1184681 ], [ 28.7136835, 47.1185088 ], [ 28.7136517, 47.1185375 ], [ 28.7135576, 47.1186243 ], [ 28.7133677, 47.118797 ], [ 28.7132425, 47.1189128 ], [ 28.7130159, 47.1191184 ] ] } },
{ "type": "Feature", "properties": { "vineyard_id": "V14", "row_id": "V14-R046", "row_structure": "regular", "length_m": 86.55 }, "geometry": { "type": "LineString", "coordinates": [ [ 28.7129886, 47.1191432 ], [ 28.7129092, 47.119215 ], [ 28.71286, 47.1192573 ], [ 28.7128124, 47.1193004 ], [ 28.712304, 47.119766 ] ] } },
{ "type": "Feature", "properties": { "vineyard_id": "V14", "row_id": "V14-R047", "row_structure": "regular", "length_m": 152.32 }, "geometry": { "type": "LineString", "coordinates": [ [ 28.712289, 47.1197803 ], [ 28.7121616, 47.119895 ], [ 28.7120039, 47.1200392 ], [ 28.7117729, 47.1202583 ], [ 28.7116172, 47.1204035 ], [ 28.7113354, 47.1206641 ], [ 28.7112735, 47.1207223 ], [ 28.711228, 47.1207665 ], [ 28.7111081, 47.1208883 ] ] } },
{ "type": "Feature", "properties": { "vineyard_id": "V14", "row_id": "V14-R048", "row_structure": "regular", "length_m": 95.97 }, "geometry": { "type": "LineString", "coordinates": [ [ 28.7137355, 47.1184067 ], [ 28.7136911, 47.1184514 ], [ 28.7136631, 47.1184821 ], [ 28.7136483, 47.118497 ], [ 28.7131437, 47.1189584 ], [ 28.7129855, 47.1191018 ] ] } },
{ "type": "Feature", "properties": { "vineyard_id": "V14", "row_id": "V14-R049", "row_structure": "regular", "length_m": 51.8 }, "geometry": { "type": "LineString", "coordinates": [ [ 28.713036, 47.1190556 ], [ 28.7129094, 47.1191707 ], [ 28.7128281, 47.1192416 ], [ 28.7127965, 47.1192704 ], [ 28.7127194, 47.1193433 ], [ 28.7126269, 47.1194287 ] ] } },
{ "type": "Feature", "properties": { "vineyard_id": "V14", "row_id": "V14-R050", "row_structure": "disrupted", "length_m": 154.12 }, "geometry": { "type": "LineString", "coordinates": [ [ 28.712235, 47.1197868 ], [ 28.7122165, 47.1197999 ], [ 28.7121994, 47.1198136 ], [ 28.7120095, 47.1199863 ], [ 28.7119748, 47.1200137 ], [ 28.7119261, 47.1200562 ], [ 28.7118487, 47.120129 ], [ 28.7118243, 47.1201614 ], [ 28.7118107, 47.1201769 ], [ 28.7117036, 47.1202795 ], [ 28.7116256, 47.120352 ], [ 28.7115773, 47.1203948 ], [ 28.7113433, 47.1206123 ], [ 28.7112047, 47.1207438 ], [ 28.7111591, 47.1207879 ], [ 28.7111149, 47.1208327 ], [ 28.7110839, 47.1208618 ], [ 28.7110496, 47.1208893 ], [ 28.7110333, 47.1209034 ] ] } },
{ "type": "Feature", "properties": { "vineyard_id": "V14", "row_id": "V14-R051", "row_structure": "disrupted", "length_m": 95.99 }, "geometry": { "type": "LineString", "coordinates": [ [ 28.7130055, 47.11904 ], [ 28.7128003, 47.1192273 ], [ 28.7127585, 47.1192734 ], [ 28.7125853, 47.1194546 ], [ 28.7125071, 47.1195271 ], [ 28.7124764, 47.1195563 ], [ 28.7124319, 47.119601 ], [ 28.7123693, 47.1196589 ], [ 28.7123221, 47.1197022 ], [ 28.712273, 47.1197435 ] ] } },
{ "type": "Feature", "properties": { "vineyard_id": "V14", "row_id": "V14-R052", "row_structure": "regular", "length_m": 86.52 }, "geometry": { "type": "LineString", "coordinates": [ [ 28.7136789, 47.1184334 ], [ 28.7136622, 47.1184474 ], [ 28.7136271, 47.1184744 ], [ 28.7135789, 47.1185172 ], [ 28.7133893, 47.11869 ], [ 28.7133087, 47.1187612 ], [ 28.7129904, 47.1190537 ] ] } },
{ "type": "Feature", "properties": { "vineyard_id": "V14", "row_id": "V14-R053", "row_structure": "disrupted", "length_m": 94.74 }, "geometry": { "type": "LineString", "coordinates": [ [ 28.7117767, 47.1201695 ], [ 28.711714, 47.1202274 ], [ 28.7116661, 47.1202703 ], [ 28.7114813, 47.1204455 ], [ 28.7114306, 47.1204871 ], [ 28.7113987, 47.1205158 ], [ 28.7113215, 47.1205887 ], [ 28.7112765, 47.1206331 ], [ 28.7111619, 47.120732 ], [ 28.7111308, 47.120761 ], [ 28.7110709, 47.1208203 ], [ 28.7110554, 47.1208348 ], [ 28.7110325, 47.1208535 ] ] } },
{ "type": "Feature", "properties": { "vineyard_id": "V14", "row_id": "V14-R054", "row_structure": "regular", "length_m": 17.26 }, "geometry": { "type": "LineString", "coordinates": [ [ 28.7125993, 47.1194028 ], [ 28.7125551, 47.1194476 ], [ 28.7124678, 47.1195295 ] ] } },
{ "type": "Feature", "properties": { "vineyard_id": "V14", "row_id": "V14-R055", "row_structure": "regular", "length_m": 39.05 }, "geometry": { "type": "LineString", "coordinates": [ [ 28.712621, 47.1193565 ], [ 28.7125741, 47.1194 ], [ 28.7125448, 47.11943 ], [ 28.7125035, 47.1194763 ], [ 28.7123988, 47.1195802 ], [ 28.7123298, 47.1196461 ] ] } },
{ "type": "Feature", "properties": { "vineyard_id": "V14", "row_id": "V14-R056", "row_structure": "disrupted", "length_m": 28.55 }, "geometry": { "type": "LineString", "coordinates": [ [ 28.7136636, 47.1184026 ], [ 28.7135988, 47.1184594 ], [ 28.7134368, 47.1186076 ] ] } },
{ "type": "Feature", "properties": { "vineyard_id": "V14", "row_id": "V14-R057", "row_structure": "unassessable", "length_m": 0.6 }, "geometry": { "type": "LineString", "coordinates": [ [ 28.7118188, 47.1201036 ], [ 28.7118147, 47.1201082 ] ] } },
{ "type": "Feature", "properties": { "vineyard_id": "V14", "row_id": "V14-R058", "row_structure": "disrupted", "length_m": 62.03 }, "geometry": { "type": "LineString", "coordinates": [ [ 28.712698, 47.1192739 ], [ 28.7126486, 47.1193162 ], [ 28.7123801, 47.119561 ], [ 28.7122176, 47.1197253 ] ] } },
{ "type": "Feature", "properties": { "vineyard_id": "V14", "row_id": "V14-R059", "row_structure": "regular", "length_m": 21.8 }, "geometry": { "type": "LineString", "coordinates": [ [ 28.7111323, 47.1207101 ], [ 28.7109631, 47.1208685 ] ] } },
{ "type": "Feature", "properties": { "vineyard_id": "V14", "row_id": "V14-R060", "row_structure": "regular", "length_m": 15.22 }, "geometry": { "type": "LineString", "coordinates": [ [ 28.7130662, 47.1189177 ], [ 28.712987, 47.1189897 ], [ 28.7129416, 47.1190249 ] ] } },
{ "type": "Feature", "properties": { "vineyard_id": "V14", "row_id": "V14-R061", "row_structure": "disrupted", "length_m": 9.26 }, "geometry": { "type": "LineString", "coordinates": [ [ 28.7135762, 47.1184445 ], [ 28.7134987, 47.1185089 ] ] } },
{ "type": "Feature", "properties": { "vineyard_id": "V14", "row_id": "V14-R062", "row_structure": "regular", "length_m": 36.9 }, "geometry": { "type": "LineString", "coordinates": [ [ 28.7129989, 47.1189782 ], [ 28.7129818, 47.1189919 ], [ 28.7129451, 47.1190181 ], [ 28.7128661, 47.1190901 ], [ 28.7128208, 47.1191344 ], [ 28.7127892, 47.1191632 ], [ 28.7127539, 47.1191901 ], [ 28.7127371, 47.119204 ], [ 28.7126992, 47.1192392 ] ] } },
{ "type": "Feature", "properties": { "vineyard_id": "V14", "row_id": "V14-R063", "row_structure": "regular", "length_m": 9.7 }, "geometry": { "type": "LineString", "coordinates": [ [ 28.7110363, 47.1207781 ], [ 28.7109608, 47.1208485 ] ] } },
{ "type": "Feature", "properties": { "vineyard_id": "V14", "row_id": "V14-R064", "row_structure": "regular", "length_m": 3.95 }, "geometry": { "type": "LineString", "coordinates": [ [ 28.7134368, 47.1185345 ], [ 28.7134054, 47.1185629 ] ] } },
{ "type": "Feature", "properties": { "vineyard_id": "V14", "row_id": "V14-R065", "row_structure": "regular", "length_m": 7.8 }, "geometry": { "type": "LineString", "coordinates": [ [ 28.7135792, 47.1184016 ], [ 28.7135176, 47.1184578 ] ] } },
{ "type": "Feature", "properties": { "vineyard_id": "V14", "row_id": "V14-R066", "row_structure": "regular", "length_m": 5.8 }, "geometry": { "type": "LineString", "coordinates": [ [ 28.7122636, 47.1196184 ], [ 28.7122181, 47.1196603 ] ] } },
{ "type": "Feature", "properties": { "vineyard_id": "V14", "row_id": "V14-R067", "row_structure": "regular", "length_m": 14.61 }, "geometry": { "type": "LineString", "coordinates": [ [ 28.7131601, 47.1187865 ], [ 28.713081, 47.1188585 ], [ 28.7130475, 47.118893 ] ] } },
{ "type": "Feature", "properties": { "vineyard_id": "V14", "row_id": "V14-R068", "row_structure": "regular", "length_m": 3.5 }, "geometry": { "type": "LineString", "coordinates": [ [ 28.7128021, 47.1191119 ], [ 28.7127753, 47.1191376 ] ] } },
{ "type": "Feature", "properties": { "vineyard_id": "V14", "row_id": "V14-R069", "row_structure": "regular", "length_m": 8.75 }, "geometry": { "type": "LineString", "coordinates": [ [ 28.7109748, 47.120777 ], [ 28.7109057, 47.1208401 ] ] } },
{ "type": "Feature", "properties": { "vineyard_id": "V14", "row_id": "V14-R070", "row_structure": "regular", "length_m": 6.93 }, "geometry": { "type": "LineString", "coordinates": [ [ 28.7126545, 47.1192169 ], [ 28.7126066, 47.11927 ] ] } },
{ "type": "Feature", "properties": { "vineyard_id": "V14", "row_id": "V14-R071", "row_structure": "unassessable", "length_m": 1.15 }, "geometry": { "type": "LineString", "coordinates": [ [ 28.7133997, 47.1185246 ], [ 28.7133899, 47.1185325 ] ] } },
{ "type": "Feature", "properties": { "vineyard_id": "V14", "row_id": "V14-R072", "row_structure": "regular", "length_m": 21.77 }, "geometry": { "type": "LineString", "coordinates": [ [ 28.7128093, 47.1190499 ], [ 28.7126266, 47.1192009 ] ] } },
{ "type": "Feature", "properties": { "vineyard_id": "V14", "row_id": "V14-R073", "row_structure": "disrupted", "length_m": 25.25 }, "geometry": { "type": "LineString", "coordinates": [ [ 28.7127804, 47.1190272 ], [ 28.7127659, 47.1190423 ], [ 28.7125848, 47.119211 ] ] } },
{ "type": "Feature", "properties": { "vineyard_id": "V14", "row_id": "V14-R074", "row_structure": "unassessable", "length_m": 2.45 }, "geometry": { "type": "LineString", "coordinates": [ [ 28.7127546, 47.1190219 ], [ 28.7127345, 47.1190392 ] ] } },
{ "type": "Feature", "properties": { "vineyard_id": "V15", "row_id": "V15-R001", "row_structure": "disrupted", "length_m": 51.63 }, "geometry": { "type": "LineString", "coordinates": [ [ 28.7116712, 47.1180902 ], [ 28.711378, 47.1183894 ], [ 28.7113622, 47.1184038 ], [ 28.7113282, 47.1184315 ], [ 28.7112849, 47.1184724 ] ] } },
{ "type": "Feature", "properties": { "vineyard_id": "V15", "row_id": "V15-R002", "row_structure": "regular", "length_m": 26.27 }, "geometry": { "type": "LineString", "coordinates": [ [ 28.7115466, 47.1181957 ], [ 28.711531, 47.1182103 ], [ 28.711498, 47.1182385 ], [ 28.7114248, 47.1183133 ], [ 28.7113467, 47.1183886 ] ] } },
{ "type": "Feature", "properties": { "vineyard_id": "V15", "row_id": "V15-R003", "row_structure": "regular", "length_m": 21.32 }, "geometry": { "type": "LineString", "coordinates": [ [ 28.7117148, 47.11801 ], [ 28.7116443, 47.1180861 ], [ 28.7116139, 47.1181155 ], [ 28.7115975, 47.1181297 ], [ 28.7115608, 47.1181562 ], [ 28.7115511, 47.1181653 ] ] } },
{ "type": "Feature", "properties": { "vineyard_id": "V15", "row_id": "V15-R004", "row_structure": "disrupted", "length_m": 36.21 }, "geometry": { "type": "LineString", "coordinates": [ [ 28.7115158, 47.1181844 ], [ 28.7114303, 47.1182752 ], [ 28.7112605, 47.1184596 ] ] } },
{ "type": "Feature", "properties": { "vineyard_id": "V15", "row_id": "V15-R005", "row_structure": "disrupted", "length_m": 56.7 }, "geometry": { "type": "LineString", "coordinates": [ [ 28.7116831, 47.1179907 ], [ 28.7114155, 47.1182582 ], [ 28.7112638, 47.118413 ] ] } },
{ "type": "Feature", "properties": { "vineyard_id": "V15", "row_id": "V15-R006", "row_structure": "regular", "length_m": 56.3 }, "geometry": { "type": "LineString", "coordinates": [ [ 28.7116511, 47.117969 ], [ 28.7116352, 47.1179834 ], [ 28.711592, 47.1180286 ], [ 28.711565, 47.1180596 ], [ 28.711541, 47.118092 ], [ 28.7115268, 47.1181071 ], [ 28.7113942, 47.1182414 ], [ 28.7113522, 47.1182872 ], [ 28.7113255, 47.1183183 ], [ 28.7112508, 47.1183951 ] ] } },
{ "type": "Feature", "properties": { "vineyard_id": "V15", "row_id": "V15-R007", "row_structure": "regular", "length_m": 60.02 }, "geometry": { "type": "LineString", "coordinates": [ [ 28.711609, 47.1179536 ], [ 28.7115933, 47.1179681 ], [ 28.711564, 47.117998 ], [ 28.7114937, 47.1180742 ], [ 28.7114505, 47.1181194 ], [ 28.7113807, 47.1181958 ], [ 28.7112793, 47.118301 ], [ 28.7112387, 47.1183474 ], [ 28.71118, 47.1184072 ] ] } },
{ "type": "Feature", "properties": { "vineyard_id": "V15", "row_id": "V15-R008", "row_structure": "regular", "length_m": 60.63 }, "geometry": { "type": "LineString", "coordinates": [ [ 28.711573, 47.1179372 ], [ 28.7114892, 47.1180288 ], [ 28.7113128, 47.118208 ], [ 28.711287, 47.1182396 ], [ 28.7112733, 47.1182549 ], [ 28.7112439, 47.1182848 ], [ 28.7111424, 47.1183965 ] ] } },
{ "type": "Feature", "properties": { "vineyard_id": "V15", "row_id": "V15-R009", "row_structure": "regular", "length_m": 67.05 }, "geometry": { "type": "LineString", "coordinates": [ [ 28.7115389, 47.1179216 ], [ 28.7114968, 47.1179673 ], [ 28.7113942, 47.118072 ], [ 28.7113516, 47.1181175 ], [ 28.7113057, 47.1181615 ], [ 28.7112031, 47.1182662 ], [ 28.7111602, 47.1183115 ], [ 28.7111328, 47.1183423 ], [ 28.7111035, 47.1183722 ], [ 28.7110874, 47.1183865 ], [ 28.7110522, 47.1184137 ], [ 28.7110448, 47.1184212 ] ] } },
{ "type": "Feature", "properties": { "vineyard_id": "V15", "row_id": "V15-R010", "row_structure": "regular", "length_m": 55.85 }, "geometry": { "type": "LineString", "coordinates": [ [ 28.7114728, 47.1179456 ], [ 28.7114286, 47.1179903 ], [ 28.7113977, 47.1180195 ], [ 28.711353, 47.118064 ], [ 28.7112066, 47.1182137 ], [ 28.7111319, 47.1182878 ], [ 28.7110605, 47.1183618 ] ] } },
{ "type": "Feature", "properties": { "vineyard_id": "V15", "row_id": "V15-R011", "row_structure": "regular", "length_m": 62.51 }, "geometry": { "type": "LineString", "coordinates": [ [ 28.7114858, 47.1178736 ], [ 28.7114582, 47.1179043 ], [ 28.7114289, 47.1179342 ], [ 28.7112507, 47.1181126 ], [ 28.7111651, 47.1182034 ], [ 28.7111358, 47.1182333 ], [ 28.7110909, 47.1182777 ], [ 28.7110595, 47.1183067 ], [ 28.7110264, 47.1183403 ] ] } },
{ "type": "Feature", "properties": { "vineyard_id": "V15", "row_id": "V15-R012", "row_structure": "regular", "length_m": 70.16 }, "geometry": { "type": "LineString", "coordinates": [ [ 28.7114592, 47.1178511 ], [ 28.7114288, 47.1178806 ], [ 28.7113268, 47.1179855 ], [ 28.7112517, 47.1180594 ], [ 28.7112076, 47.1181042 ], [ 28.7111657, 47.1181501 ], [ 28.7111079, 47.1182102 ], [ 28.7109404, 47.1183735 ] ] } },
{ "type": "Feature", "properties": { "vineyard_id": "V15", "row_id": "V15-R013", "row_structure": "regular", "length_m": 66.58 }, "geometry": { "type": "LineString", "coordinates": [ [ 28.7114317, 47.1178234 ], [ 28.7113149, 47.1179432 ], [ 28.711243, 47.1180187 ], [ 28.7111395, 47.118123 ], [ 28.7110226, 47.1182427 ], [ 28.7109928, 47.1182724 ], [ 28.7109419, 47.1183141 ], [ 28.7109379, 47.1183183 ] ] } },
{ "type": "Feature", "properties": { "vineyard_id": "V15", "row_id": "V15-R014", "row_structure": "regular", "length_m": 72.57 }, "geometry": { "type": "LineString", "coordinates": [ [ 28.7114152, 47.117798 ], [ 28.7113964, 47.1178111 ], [ 28.7113654, 47.1178402 ], [ 28.7112467, 47.1179592 ], [ 28.7111709, 47.1180329 ], [ 28.7110815, 47.1181219 ], [ 28.7109944, 47.118212 ], [ 28.710914, 47.1183052 ], [ 28.710883, 47.1183398 ] ] } },
{ "type": "Feature", "properties": { "vineyard_id": "V15", "row_id": "V15-R015", "row_structure": "regular", "length_m": 6.02 }, "geometry": { "type": "LineString", "coordinates": [ [ 28.7109382, 47.118254 ], [ 28.710901, 47.1182803 ], [ 28.7108849, 47.1182941 ] ] } },
{ "type": "Feature", "properties": { "vineyard_id": "V15", "row_id": "V15-R016", "row_structure": "disrupted", "length_m": 56.04 }, "geometry": { "type": "LineString", "coordinates": [ [ 28.7113968, 47.1177593 ], [ 28.7113487, 47.1178023 ], [ 28.7112719, 47.1178754 ], [ 28.7110227, 47.1181297 ], [ 28.710989, 47.1181576 ], [ 28.7109732, 47.118172 ] ] } },
{ "type": "Feature", "properties": { "vineyard_id": "V15", "row_id": "V15-R017", "row_structure": "disrupted", "length_m": 50.0 }, "geometry": { "type": "LineString", "coordinates": [ [ 28.7112233, 47.1179079 ], [ 28.71119, 47.117936 ], [ 28.7110697, 47.1180543 ], [ 28.7108852, 47.1182298 ], [ 28.7108516, 47.1182577 ], [ 28.7108363, 47.1182719 ] ] } },
{ "type": "Feature", "properties": { "vineyard_id": "V16", "row_id": "V16-R001", "row_structure": "regular", "length_m": 8.71 }, "geometry": { "type": "LineString", "coordinates": [ [ 28.7169389, 47.1178283 ], [ 28.7168812, 47.1178961 ] ] } },
{ "type": "Feature", "properties": { "vineyard_id": "V16", "row_id": "V16-R002", "row_structure": "regular", "length_m": 58.31 }, "geometry": { "type": "LineString", "coordinates": [ [ 28.7169599, 47.1177393 ], [ 28.7169239, 47.1177873 ], [ 28.7168444, 47.1179011 ], [ 28.7166084, 47.1182057 ] ] } },
{ "type": "Feature", "properties": { "vineyard_id": "V16", "row_id": "V16-R003", "row_structure": "regular", "length_m": 45.3 }, "geometry": { "type": "LineString", "coordinates": [ [ 28.7169613, 47.1177042 ], [ 28.7169442, 47.1177387 ], [ 28.7168581, 47.1178501 ], [ 28.7166932, 47.1180679 ] ] } },
{ "type": "Feature", "properties": { "vineyard_id": "V16", "row_id": "V16-R004", "row_structure": "regular", "length_m": 56.4 }, "geometry": { "type": "LineString", "coordinates": [ [ 28.7167409, 47.1179666 ], [ 28.7166423, 47.1180938 ], [ 28.7165794, 47.1181729 ], [ 28.7163923, 47.1184147 ] ] } },
{ "type": "Feature", "properties": { "vineyard_id": "V16", "row_id": "V16-R005", "row_structure": "regular", "length_m": 62.18 }, "geometry": { "type": "LineString", "coordinates": [ [ 28.7168631, 47.1177995 ], [ 28.7168247, 47.1178467 ], [ 28.7167574, 47.1179242 ], [ 28.7166542, 47.1180498 ], [ 28.7165876, 47.1181275 ], [ 28.7164599, 47.1182865 ] ] } },
{ "type": "Feature", "properties": { "vineyard_id": "V16", "row_id": "V16-R006", "row_structure": "disrupted", "length_m": 94.33 }, "geometry": { "type": "LineString", "coordinates": [ [ 28.7169995, 47.117545 ], [ 28.7167736, 47.1178298 ], [ 28.716749, 47.1178616 ], [ 28.7167381, 47.1178781 ], [ 28.7166715, 47.1179965 ], [ 28.716496, 47.1183188 ] ] } },
{ "type": "Feature", "properties": { "vineyard_id": "V16", "row_id": "V16-R007", "row_structure": "disrupted", "length_m": 111.34 }, "geometry": { "type": "LineString", "coordinates": [ [ 28.7169197, 47.1176179 ], [ 28.7169064, 47.1176335 ], [ 28.7168776, 47.1176638 ], [ 28.7168158, 47.1177433 ], [ 28.7167836, 47.1177927 ], [ 28.7166478, 47.1179879 ], [ 28.7165144, 47.118184 ], [ 28.7163665, 47.1183952 ], [ 28.7162855, 47.1185207 ] ] } },
{ "type": "Feature", "properties": { "vineyard_id": "V16", "row_id": "V16-R008", "row_structure": "regular", "length_m": 30.64 }, "geometry": { "type": "LineString", "coordinates": [ [ 28.7165442, 47.118093 ], [ 28.7165332, 47.1181094 ], [ 28.7165137, 47.1181431 ], [ 28.7164795, 47.1181918 ], [ 28.7163826, 47.1183456 ] ] } },
{ "type": "Feature", "properties": { "vineyard_id": "V16", "row_id": "V16-R009", "row_structure": "regular", "length_m": 36.92 }, "geometry": { "type": "LineString", "coordinates": [ [ 28.7164522, 47.1182135 ], [ 28.7163302, 47.118373 ], [ 28.7162986, 47.1184227 ], [ 28.7162308, 47.1185091 ] ] } },
{ "type": "Feature", "properties": { "vineyard_id": "V16", "row_id": "V16-R010", "row_structure": "regular", "length_m": 3.86 }, "geometry": { "type": "LineString", "coordinates": [ [ 28.7162138, 47.1184826 ], [ 28.716187, 47.1185121 ] ] } },
{ "type": "Feature", "properties": { "vineyard_id": "V16", "row_id": "V16-R011", "row_structure": "regular", "length_m": 114.33 }, "geometry": { "type": "LineString", "coordinates": [ [ 28.716923, 47.1175449 ], [ 28.7169032, 47.1175784 ], [ 28.7165076, 47.118087 ], [ 28.7164474, 47.118167 ], [ 28.7163729, 47.1182622 ], [ 28.7162996, 47.1183579 ], [ 28.7162622, 47.1184055 ], [ 28.7162212, 47.1184548 ] ] } },
{ "type": "Feature", "properties": { "vineyard_id": "V16", "row_id": "V16-R012", "row_structure": "regular", "length_m": 117.45 }, "geometry": { "type": "LineString", "coordinates": [ [ 28.7168902, 47.1175417 ], [ 28.7168401, 47.117605 ], [ 28.7167794, 47.1176849 ], [ 28.7167172, 47.1177642 ], [ 28.7165085, 47.1180349 ], [ 28.7162982, 47.118305 ], [ 28.7162477, 47.1183682 ], [ 28.7161658, 47.1184755 ] ] } },
{ "type": "Feature", "properties": { "vineyard_id": "V16", "row_id": "V16-R013", "row_structure": "regular", "length_m": 117.97 }, "geometry": { "type": "LineString", "coordinates": [ [ 28.7168923, 47.1174702 ], [ 28.7168747, 47.1175046 ], [ 28.7168634, 47.1175208 ], [ 28.716653, 47.1177909 ], [ 28.7165901, 47.11787 ], [ 28.7165297, 47.1179499 ], [ 28.716443, 47.1180611 ], [ 28.7162227, 47.118348 ], [ 28.7161973, 47.1183795 ], [ 28.7161685, 47.1184088 ] ] } },
{ "type": "Feature", "properties": { "vineyard_id": "V16", "row_id": "V16-R014", "row_structure": "disrupted", "length_m": 126.82 }, "geometry": { "type": "LineString", "coordinates": [ [ 28.7168791, 47.1174446 ], [ 28.716843, 47.1174926 ], [ 28.7168042, 47.1175397 ], [ 28.7167421, 47.1176191 ], [ 28.7165211, 47.1179056 ], [ 28.7164489, 47.1180017 ], [ 28.7162891, 47.1182086 ], [ 28.7162504, 47.1182557 ], [ 28.7161886, 47.1183352 ], [ 28.7160891, 47.1184499 ] ] } },
{ "type": "Feature", "properties": { "vineyard_id": "V16", "row_id": "V16-R015", "row_structure": "regular", "length_m": 112.72 }, "geometry": { "type": "LineString", "coordinates": [ [ 28.7168423, 47.1174374 ], [ 28.7166826, 47.1176444 ], [ 28.7166475, 47.1176928 ], [ 28.7163787, 47.1180436 ], [ 28.7162276, 47.1182333 ], [ 28.716189, 47.1182804 ], [ 28.7161656, 47.1183127 ], [ 28.7161519, 47.1183352 ] ] } },
{ "type": "Feature", "properties": { "vineyard_id": "V16", "row_id": "V16-R016", "row_structure": "unassessable", "length_m": 2.21 }, "geometry": { "type": "LineString", "coordinates": [ [ 28.7160962, 47.1183873 ], [ 28.7160845, 47.1184055 ] ] } },
{ "type": "Feature", "properties": { "vineyard_id": "V16", "row_id": "V16-R017", "row_structure": "regular", "length_m": 91.15 }, "geometry": { "type": "LineString", "coordinates": [ [ 28.7167315, 47.1175084 ], [ 28.716708, 47.1175406 ], [ 28.7166973, 47.1175571 ], [ 28.7166781, 47.1175909 ], [ 28.7166435, 47.1176395 ], [ 28.716439, 47.1179116 ], [ 28.7163774, 47.1179912 ], [ 28.7162521, 47.1181495 ], [ 28.7161795, 47.1182363 ] ] } },
{ "type": "Feature", "properties": { "vineyard_id": "V16", "row_id": "V16-R018", "row_structure": "disrupted", "length_m": 82.06 }, "geometry": { "type": "LineString", "coordinates": [ [ 28.7165351, 47.1177337 ], [ 28.7164982, 47.1177814 ], [ 28.7164699, 47.1178119 ], [ 28.7164578, 47.1178279 ], [ 28.7164374, 47.1178612 ], [ 28.7163513, 47.1179726 ], [ 28.7162834, 47.1180702 ], [ 28.7160522, 47.1183939 ] ] } },
{ "type": "Feature", "properties": { "vineyard_id": "V16", "row_id": "V16-R019", "row_structure": "disrupted", "length_m": 111.41 }, "geometry": { "type": "LineString", "coordinates": [ [ 28.7167152, 47.1174934 ], [ 28.7166168, 47.1176207 ], [ 28.7165756, 47.1176669 ], [ 28.7163616, 47.1179356 ], [ 28.7160545, 47.1183336 ], [ 28.7160201, 47.1183762 ] ] } },
{ "type": "Feature", "properties": { "vineyard_id": "V16", "row_id": "V16-R020", "row_structure": "regular", "length_m": 73.08 }, "geometry": { "type": "LineString", "coordinates": [ [ 28.7166438, 47.1175455 ], [ 28.7166149, 47.1175757 ], [ 28.7164674, 47.1177668 ], [ 28.7164101, 47.1178478 ], [ 28.7163166, 47.1179769 ], [ 28.7161998, 47.1181286 ] ] } },
{ "type": "Feature", "properties": { "vineyard_id": "V16", "row_id": "V16-R021", "row_structure": "regular", "length_m": 16.8 }, "geometry": { "type": "LineString", "coordinates": [ [ 28.7167803, 47.1173642 ], [ 28.7167426, 47.1174117 ], [ 28.7167116, 47.1174412 ], [ 28.7166971, 47.1174563 ], [ 28.7166657, 47.1174933 ] ] } },
{ "type": "Feature", "properties": { "vineyard_id": "V16", "row_id": "V16-R022", "row_structure": "unassessable", "length_m": 2.15 }, "geometry": { "type": "LineString", "coordinates": [ [ 28.7160317, 47.1183117 ], [ 28.716019, 47.118329 ] ] } },
{ "type": "Feature", "properties": { "vineyard_id": "V16", "row_id": "V16-R023", "row_structure": "regular", "length_m": 9.35 }, "geometry": { "type": "LineString", "coordinates": [ [ 28.716222, 47.1180364 ], [ 28.7161655, 47.1181112 ] ] } },
{ "type": "Feature", "properties": { "vineyard_id": "V16", "row_id": "V16-R024", "row_structure": "regular", "length_m": 69.28 }, "geometry": { "type": "LineString", "coordinates": [ [ 28.7165629, 47.1176196 ], [ 28.7164973, 47.1176976 ], [ 28.7164434, 47.1177596 ], [ 28.7164006, 47.1178052 ], [ 28.7163759, 47.117837 ], [ 28.7163336, 47.1178828 ], [ 28.7162666, 47.1179604 ], [ 28.7161034, 47.118158 ] ] } },
{ "type": "Feature", "properties": { "vineyard_id": "V16", "row_id": "V16-R025", "row_structure": "regular", "length_m": 5.31 }, "geometry": { "type": "LineString", "coordinates": [ [ 28.7160951, 47.1181855 ], [ 28.7160838, 47.1182018 ], [ 28.7160666, 47.1182292 ] ] } },
{ "type": "Feature", "properties": { "vineyard_id": "V17", "row_id": "V17-R001", "row_structure": "unassessable", "length_m": 1.4 }, "geometry": { "type": "LineString", "coordinates": [ [ 28.7116484, 47.1178789 ], [ 28.7116362, 47.1178694 ] ] } },
{ "type": "Feature", "properties": { "vineyard_id": "V17", "row_id": "V17-R002", "row_structure": "unassessable", "length_m": 1.7 }, "geometry": { "type": "LineString", "coordinates": [ [ 28.7116611, 47.1178503 ], [ 28.7116469, 47.1178385 ] ] } },
{ "type": "Feature", "properties": { "vineyard_id": "V17", "row_id": "V17-R003", "row_structure": "unassessable", "length_m": 0.45 }, "geometry": { "type": "LineString", "coordinates": [ [ 28.7116844, 47.1178408 ], [ 28.7116807, 47.1178377 ] ] } },
{ "type": "Feature", "properties": { "vineyard_id": "V17", "row_id": "V17-R004", "row_structure": "regular", "length_m": 11.26 }, "geometry": { "type": "LineString", "coordinates": [ [ 28.7116679, 47.11781 ], [ 28.7116166, 47.1177689 ], [ 28.7115702, 47.1177338 ] ] } },
{ "type": "Feature", "properties": { "vineyard_id": "V17", "row_id": "V17-R005", "row_structure": "regular", "length_m": 31.94 }, "geometry": { "type": "LineString", "coordinates": [ [ 28.7117814, 47.1178652 ], [ 28.7117665, 47.1178503 ], [ 28.7117338, 47.117822 ], [ 28.7116553, 47.1177496 ], [ 28.7115751, 47.1176782 ], [ 28.7115306, 47.1176345 ] ] } },
{ "type": "Feature", "properties": { "vineyard_id": "V17", "row_id": "V17-R006", "row_structure": "regular", "length_m": 3.17 }, "geometry": { "type": "LineString", "coordinates": [ [ 28.7118421, 47.1179051 ], [ 28.7118192, 47.1178813 ] ] } },
{ "type": "Feature", "properties": { "vineyard_id": "V17", "row_id": "V17-R007", "row_structure": "regular", "length_m": 41.22 }, "geometry": { "type": "LineString", "coordinates": [ [ 28.7118943, 47.1179074 ], [ 28.711844, 47.1178657 ], [ 28.7118091, 47.1178388 ], [ 28.711726, 47.1177689 ], [ 28.7116446, 47.1176981 ], [ 28.7116114, 47.1176702 ], [ 28.7115954, 47.1176559 ], [ 28.7115659, 47.1176259 ], [ 28.7115561, 47.1176174 ] ] } },
{ "type": "Feature", "properties": { "vineyard_id": "V17", "row_id": "V17-R008", "row_structure": "regular", "length_m": 32.0 }, "geometry": { "type": "LineString", "coordinates": [ [ 28.7118431, 47.1178285 ], [ 28.7116269, 47.1176471 ], [ 28.7115791, 47.117604 ] ] } },
{ "type": "Feature", "properties": { "vineyard_id": "V17", "row_id": "V17-R009", "row_structure": "regular", "length_m": 32.01 }, "geometry": { "type": "LineString", "coordinates": [ [ 28.7118668, 47.1178153 ], [ 28.7118193, 47.1177722 ], [ 28.7116526, 47.1176328 ], [ 28.7116047, 47.1175897 ] ] } },
{ "type": "Feature", "properties": { "vineyard_id": "V17", "row_id": "V17-R010", "row_structure": "regular", "length_m": 30.95 }, "geometry": { "type": "LineString", "coordinates": [ [ 28.7118922, 47.1177954 ], [ 28.7117762, 47.1176974 ], [ 28.7117078, 47.1176427 ], [ 28.7116342, 47.1175797 ] ] } },
{ "type": "Feature", "properties": { "vineyard_id": "V17", "row_id": "V17-R011", "row_structure": "regular", "length_m": 32.0 }, "geometry": { "type": "LineString", "coordinates": [ [ 28.7119192, 47.1177862 ], [ 28.7117025, 47.117605 ], [ 28.7116546, 47.117562 ] ] } },
{ "type": "Feature", "properties": { "vineyard_id": "V17", "row_id": "V17-R012", "row_structure": "regular", "length_m": 37.04 }, "geometry": { "type": "LineString", "coordinates": [ [ 28.7119819, 47.1178093 ], [ 28.7119665, 47.1177947 ], [ 28.7119384, 47.1177639 ], [ 28.7119051, 47.117736 ], [ 28.7118532, 47.1176952 ], [ 28.711769, 47.117626 ], [ 28.7117207, 47.1175832 ], [ 28.711679, 47.1175484 ] ] } },
{ "type": "Feature", "properties": { "vineyard_id": "V17", "row_id": "V17-R013", "row_structure": "disrupted", "length_m": 43.92 }, "geometry": { "type": "LineString", "coordinates": [ [ 28.7120362, 47.1178221 ], [ 28.7119825, 47.1177823 ], [ 28.71166, 47.1175218 ] ] } },
{ "type": "Feature", "properties": { "vineyard_id": "V17", "row_id": "V17-R014", "row_structure": "regular", "length_m": 32.0 }, "geometry": { "type": "LineString", "coordinates": [ [ 28.7119694, 47.1177582 ], [ 28.7118373, 47.117646 ], [ 28.7117029, 47.1175351 ] ] } },
{ "type": "Feature", "properties": { "vineyard_id": "V17", "row_id": "V17-R015", "row_structure": "regular", "length_m": 37.01 }, "geometry": { "type": "LineString", "coordinates": [ [ 28.7120388, 47.1177777 ], [ 28.7119865, 47.1177371 ], [ 28.7119032, 47.1176674 ], [ 28.7118185, 47.1175984 ], [ 28.7117285, 47.1175209 ] ] } },
{ "type": "Feature", "properties": { "vineyard_id": "V17", "row_id": "V17-R016", "row_structure": "regular", "length_m": 40.4 }, "geometry": { "type": "LineString", "coordinates": [ [ 28.7120888, 47.1177893 ], [ 28.711874, 47.117607 ], [ 28.7118405, 47.1175792 ], [ 28.7118058, 47.1175521 ], [ 28.7117524, 47.1175075 ] ] } },
{ "type": "Feature", "properties": { "vineyard_id": "V17", "row_id": "V17-R017", "row_structure": "regular", "length_m": 27.0 }, "geometry": { "type": "LineString", "coordinates": [ [ 28.7120452, 47.117716 ], [ 28.7118785, 47.1175767 ], [ 28.7118182, 47.1175289 ] ] } },
{ "type": "Feature", "properties": { "vineyard_id": "V17", "row_id": "V17-R018", "row_structure": "regular", "length_m": 43.52 }, "geometry": { "type": "LineString", "coordinates": [ [ 28.7121111, 47.1177635 ], [ 28.7120813, 47.1177337 ], [ 28.7120014, 47.1176621 ], [ 28.7118008, 47.1174951 ], [ 28.7117535, 47.1174576 ] ] } },
{ "type": "Feature", "properties": { "vineyard_id": "V17", "row_id": "V17-R019", "row_structure": "regular", "length_m": 7.71 }, "geometry": { "type": "LineString", "coordinates": [ [ 28.7119693, 47.1176108 ], [ 28.7119365, 47.1175826 ], [ 28.7119087, 47.1175552 ] ] } },
{ "type": "Feature", "properties": { "vineyard_id": "V17", "row_id": "V17-R020", "row_structure": "unassessable", "length_m": 2.8 }, "geometry": { "type": "LineString", "coordinates": [ [ 28.7121045, 47.1176923 ], [ 28.7120804, 47.1176732 ] ] } },
{ "type": "Feature", "properties": { "vineyard_id": "V17", "row_id": "V17-R021", "row_structure": "disrupted", "length_m": 36.35 }, "geometry": { "type": "LineString", "coordinates": [ [ 28.7121207, 47.117674 ], [ 28.7119302, 47.1175246 ], [ 28.7118588, 47.1174715 ], [ 28.7118011, 47.1174305 ] ] } },
{ "type": "Feature", "properties": { "vineyard_id": "V17", "row_id": "V17-R022", "row_structure": "disrupted", "length_m": 36.25 }, "geometry": { "type": "LineString", "coordinates": [ [ 28.7121696, 47.1176955 ], [ 28.7121219, 47.1176524 ], [ 28.7120886, 47.1176245 ], [ 28.7119084, 47.1174927 ], [ 28.7118566, 47.1174495 ] ] } },
{ "type": "Feature", "properties": { "vineyard_id": "V18", "row_id": "V18-R001", "row_structure": "regular", "length_m": 11.3 }, "geometry": { "type": "LineString", "coordinates": [ [ 28.7137804, 47.1175907 ], [ 28.7137278, 47.1175504 ], [ 28.7136795, 47.1175159 ] ] } },
{ "type": "Feature", "properties": { "vineyard_id": "V18", "row_id": "V18-R002", "row_structure": "regular", "length_m": 46.05 }, "geometry": { "type": "LineString", "coordinates": [ [ 28.7137843, 47.1175811 ], [ 28.7136992, 47.1175124 ], [ 28.7136642, 47.1174855 ], [ 28.7136459, 47.1174725 ], [ 28.7135864, 47.1174364 ], [ 28.7133552, 47.1172891 ] ] } },
{ "type": "Feature", "properties": { "vineyard_id": "V18", "row_id": "V18-R003", "row_structure": "disrupted", "length_m": 46.45 }, "geometry": { "type": "LineString", "coordinates": [ [ 28.7138936, 47.1176358 ], [ 28.7137518, 47.1175292 ], [ 28.7134844, 47.117325 ] ] } },
{ "type": "Feature", "properties": { "vineyard_id": "V18", "row_id": "V18-R004", "row_structure": "regular", "length_m": 5.11 }, "geometry": { "type": "LineString", "coordinates": [ [ 28.7134089, 47.1172515 ], [ 28.7133764, 47.1172231 ], [ 28.7133668, 47.1172157 ] ] } },
{ "type": "Feature", "properties": { "vineyard_id": "V18", "row_id": "V18-R005", "row_structure": "disrupted", "length_m": 51.17 }, "geometry": { "type": "LineString", "coordinates": [ [ 28.7138671, 47.117585 ], [ 28.7138172, 47.117543 ], [ 28.7136944, 47.117449 ], [ 28.7136026, 47.1173844 ], [ 28.7135675, 47.1173575 ], [ 28.7135157, 47.1173167 ], [ 28.7134217, 47.1172396 ] ] } },
{ "type": "Feature", "properties": { "vineyard_id": "V18", "row_id": "V18-R006", "row_structure": "regular", "length_m": 52.34 }, "geometry": { "type": "LineString", "coordinates": [ [ 28.7139042, 47.1175757 ], [ 28.7138499, 47.1175364 ], [ 28.713727, 47.1174424 ], [ 28.7137082, 47.1174298 ], [ 28.7136679, 47.1174061 ], [ 28.7134213, 47.1172398 ] ] } },
{ "type": "Feature", "properties": { "vineyard_id": "V18", "row_id": "V18-R007", "row_structure": "regular", "length_m": 62.01 }, "geometry": { "type": "LineString", "coordinates": [ [ 28.7139642, 47.1175994 ], [ 28.7139112, 47.1175594 ], [ 28.7138569, 47.1175201 ], [ 28.71377, 47.1174525 ], [ 28.7136468, 47.1173586 ], [ 28.7135572, 47.1172927 ], [ 28.7135056, 47.1172518 ], [ 28.7134157, 47.117186 ] ] } },
{ "type": "Feature", "properties": { "vineyard_id": "V18", "row_id": "V18-R008", "row_structure": "regular", "length_m": 74.76 }, "geometry": { "type": "LineString", "coordinates": [ [ 28.7140119, 47.1176138 ], [ 28.7139826, 47.1175834 ], [ 28.7139659, 47.1175694 ], [ 28.7138093, 47.1174478 ], [ 28.7137561, 47.1174079 ], [ 28.7136657, 47.1173424 ], [ 28.7135428, 47.1172484 ], [ 28.7134555, 47.117181 ], [ 28.7134057, 47.117139 ], [ 28.7133645, 47.1171074 ] ] } },
{ "type": "Feature", "properties": { "vineyard_id": "V18", "row_id": "V18-R009", "row_structure": "regular", "length_m": 64.65 }, "geometry": { "type": "LineString", "coordinates": [ [ 28.7140129, 47.1175698 ], [ 28.7138724, 47.1174625 ], [ 28.7137833, 47.1173961 ], [ 28.7134861, 47.1171672 ], [ 28.7134441, 47.1171367 ] ] } },
{ "type": "Feature", "properties": { "vineyard_id": "V18", "row_id": "V18-R010", "row_structure": "regular", "length_m": 62.41 }, "geometry": { "type": "LineString", "coordinates": [ [ 28.7140168, 47.1175403 ], [ 28.7136839, 47.1172849 ], [ 28.7136293, 47.1172458 ], [ 28.7135787, 47.1172043 ], [ 28.7134708, 47.1171205 ] ] } },
{ "type": "Feature", "properties": { "vineyard_id": "V18", "row_id": "V18-R011", "row_structure": "disrupted", "length_m": 64.61 }, "geometry": { "type": "LineString", "coordinates": [ [ 28.7140599, 47.1175412 ], [ 28.7139572, 47.117459 ], [ 28.7137997, 47.1173379 ], [ 28.7137479, 47.1172971 ], [ 28.7136944, 47.1172574 ], [ 28.7135373, 47.117136 ], [ 28.7134948, 47.1171065 ] ] } },
{ "type": "Feature", "properties": { "vineyard_id": "V18", "row_id": "V18-R012", "row_structure": "regular", "length_m": 5.95 }, "geometry": { "type": "LineString", "coordinates": [ [ 28.7135542, 47.1171258 ], [ 28.7135015, 47.1170861 ] ] } },
{ "type": "Feature", "properties": { "vineyard_id": "V18", "row_id": "V18-R013", "row_structure": "regular", "length_m": 57.68 }, "geometry": { "type": "LineString", "coordinates": [ [ 28.7140489, 47.1174954 ], [ 28.7139451, 47.117414 ], [ 28.7138953, 47.117372 ], [ 28.7135618, 47.117097 ] ] } },
{ "type": "Feature", "properties": { "vineyard_id": "V18", "row_id": "V18-R014", "row_structure": "regular", "length_m": 54.27 }, "geometry": { "type": "LineString", "coordinates": [ [ 28.7140883, 47.1174907 ], [ 28.7140167, 47.1174379 ], [ 28.713894, 47.1173438 ], [ 28.7138086, 47.1172753 ], [ 28.7137587, 47.1172333 ], [ 28.7137038, 47.1171944 ], [ 28.7136144, 47.1171253 ] ] } },
{ "type": "Feature", "properties": { "vineyard_id": "V18", "row_id": "V18-R015", "row_structure": "regular", "length_m": 57.05 }, "geometry": { "type": "LineString", "coordinates": [ [ 28.7141346, 47.1174957 ], [ 28.7140458, 47.1174292 ], [ 28.7139946, 47.1173881 ], [ 28.7139458, 47.1173455 ], [ 28.7137881, 47.1172245 ], [ 28.7137338, 47.1171852 ], [ 28.7136964, 47.1171598 ], [ 28.7136386, 47.1171226 ], [ 28.7136298, 47.1171159 ] ] } },
{ "type": "Feature", "properties": { "vineyard_id": "V18", "row_id": "V18-R016", "row_structure": "regular", "length_m": 7.02 }, "geometry": { "type": "LineString", "coordinates": [ [ 28.7136106, 47.1170914 ], [ 28.7135941, 47.1170774 ], [ 28.7135629, 47.1170481 ], [ 28.7135541, 47.1170414 ] ] } },
{ "type": "Feature", "properties": { "vineyard_id": "V18", "row_id": "V18-R017", "row_structure": "regular", "length_m": 13.1 }, "geometry": { "type": "LineString", "coordinates": [ [ 28.7139414, 47.117312 ], [ 28.7138537, 47.1172448 ], [ 28.7138249, 47.117225 ] ] } },
{ "type": "Feature", "properties": { "vineyard_id": "V18", "row_id": "V18-R018", "row_structure": "regular", "length_m": 5.82 }, "geometry": { "type": "LineString", "coordinates": [ [ 28.7136808, 47.1171054 ], [ 28.7136247, 47.1170696 ] ] } },
{ "type": "Feature", "properties": { "vineyard_id": "V18", "row_id": "V18-R019", "row_structure": "regular", "length_m": 61.68 }, "geometry": { "type": "LineString", "coordinates": [ [ 28.7141275, 47.1174356 ], [ 28.7140782, 47.1173932 ], [ 28.7140437, 47.117366 ], [ 28.7139962, 47.1173226 ], [ 28.7138734, 47.1172286 ], [ 28.7135983, 47.1170145 ] ] } },
{ "type": "Feature", "properties": { "vineyard_id": "V18", "row_id": "V18-R020", "row_structure": "disrupted", "length_m": 52.01 }, "geometry": { "type": "LineString", "coordinates": [ [ 28.7141142, 47.1173876 ], [ 28.7139725, 47.117281 ], [ 28.7137971, 47.1171467 ], [ 28.7137428, 47.1171074 ], [ 28.7136506, 47.117043 ] ] } },
{ "type": "Feature", "properties": { "vineyard_id": "V18", "row_id": "V18-R021", "row_structure": "unassessable", "length_m": 1.6 }, "geometry": { "type": "LineString", "coordinates": [ [ 28.7136607, 47.1170188 ], [ 28.7136462, 47.1170083 ] ] } },
{ "type": "Feature", "properties": { "vineyard_id": "V18", "row_id": "V18-R022", "row_structure": "disrupted", "length_m": 39.4 }, "geometry": { "type": "LineString", "coordinates": [ [ 28.7141245, 47.1173663 ], [ 28.7139143, 47.1172049 ], [ 28.7137781, 47.1171022 ] ] } },
{ "type": "Feature", "properties": { "vineyard_id": "V19", "row_id": "V19-R001", "row_structure": "regular", "length_m": 11.53 }, "geometry": { "type": "LineString", "coordinates": [ [ 28.7127367, 47.1171344 ], [ 28.7126456, 47.1170691 ], [ 28.7126307, 47.1170601 ] ] } },
{ "type": "Feature", "properties": { "vineyard_id": "V19", "row_id": "V19-R002", "row_structure": "unassessable", "length_m": 2.7 }, "geometry": { "type": "LineString", "coordinates": [ [ 28.7127565, 47.117127 ], [ 28.7127345, 47.1171079 ] ] } },
{ "type": "Feature", "properties": { "vineyard_id": "V19", "row_id": "V19-R003", "row_structure": "regular", "length_m": 27.02 }, "geometry": { "type": "LineString", "coordinates": [ [ 28.712824, 47.1171468 ], [ 28.7127718, 47.1171063 ], [ 28.7126802, 47.1170414 ], [ 28.7125848, 47.1169668 ] ] } },
{ "type": "Feature", "properties": { "vineyard_id": "V19", "row_id": "V19-R004", "row_structure": "unassessable", "length_m": 2.45 }, "geometry": { "type": "LineString", "coordinates": [ [ 28.7127425, 47.1170589 ], [ 28.7127214, 47.1170422 ] ] } },
{ "type": "Feature", "properties": { "vineyard_id": "V19", "row_id": "V19-R005", "row_structure": "regular", "length_m": 31.8 }, "geometry": { "type": "LineString", "coordinates": [ [ 28.7129191, 47.117147 ], [ 28.7128662, 47.1171069 ], [ 28.7128085, 47.1170695 ], [ 28.7126395, 47.1169551 ], [ 28.7126243, 47.1169438 ] ] } },
{ "type": "Feature", "properties": { "vineyard_id": "V19", "row_id": "V19-R006", "row_structure": "regular", "length_m": 22.0 }, "geometry": { "type": "LineString", "coordinates": [ [ 28.7127971, 47.1170442 ], [ 28.7126061, 47.1168953 ] ] } },
{ "type": "Feature", "properties": { "vineyard_id": "V19", "row_id": "V19-R007", "row_structure": "regular", "length_m": 8.6 }, "geometry": { "type": "LineString", "coordinates": [ [ 28.7129512, 47.1171319 ], [ 28.7129328, 47.117119 ], [ 28.712869, 47.1170787 ] ] } },
{ "type": "Feature", "properties": { "vineyard_id": "V19", "row_id": "V19-R008", "row_structure": "regular", "length_m": 27.01 }, "geometry": { "type": "LineString", "coordinates": [ [ 28.7128192, 47.1170314 ], [ 28.712681, 47.1169226 ], [ 28.7126331, 47.1168796 ], [ 28.7125903, 47.1168454 ] ] } },
{ "type": "Feature", "properties": { "vineyard_id": "V19", "row_id": "V19-R009", "row_structure": "regular", "length_m": 12.05 }, "geometry": { "type": "LineString", "coordinates": [ [ 28.7128897, 47.1170571 ], [ 28.7127859, 47.1169751 ] ] } },
{ "type": "Feature", "properties": { "vineyard_id": "V19", "row_id": "V19-R010", "row_structure": "regular", "length_m": 20.87 }, "geometry": { "type": "LineString", "coordinates": [ [ 28.7127628, 47.116946 ], [ 28.7126207, 47.1168395 ], [ 28.7125719, 47.1168112 ] ] } },
{ "type": "Feature", "properties": { "vineyard_id": "V19", "row_id": "V19-R011", "row_structure": "regular", "length_m": 50.25 }, "geometry": { "type": "LineString", "coordinates": [ [ 28.7129971, 47.1170946 ], [ 28.7126871, 47.1168494 ], [ 28.7126186, 47.1167946 ], [ 28.7125672, 47.1167506 ] ] } },
{ "type": "Feature", "properties": { "vineyard_id": "V19", "row_id": "V19-R012", "row_structure": "regular", "length_m": 52.07 }, "geometry": { "type": "LineString", "coordinates": [ [ 28.7130324, 47.1170846 ], [ 28.7130138, 47.1170718 ], [ 28.7129735, 47.1170479 ], [ 28.7128828, 47.1169825 ], [ 28.7128477, 47.1169557 ], [ 28.7126269, 47.1167768 ], [ 28.7125778, 47.1167344 ] ] } },
{ "type": "Feature", "properties": { "vineyard_id": "V19", "row_id": "V19-R013", "row_structure": "regular", "length_m": 38.39 }, "geometry": { "type": "LineString", "coordinates": [ [ 28.7129253, 47.1169856 ], [ 28.7129086, 47.1169717 ], [ 28.7128632, 47.1169271 ], [ 28.7127773, 47.1168589 ], [ 28.712741, 47.1168327 ], [ 28.7126879, 47.1167927 ], [ 28.7126537, 47.1167653 ], [ 28.7126014, 47.1167207 ] ] } },
{ "type": "Feature", "properties": { "vineyard_id": "V19", "row_id": "V19-R014", "row_structure": "regular", "length_m": 47.03 }, "geometry": { "type": "LineString", "coordinates": [ [ 28.7130269, 47.1170287 ], [ 28.7129736, 47.1169888 ], [ 28.7129394, 47.1169614 ], [ 28.7129232, 47.1169472 ], [ 28.7128927, 47.1169176 ], [ 28.7128585, 47.1168902 ], [ 28.7128045, 47.1168508 ], [ 28.712685, 47.1167548 ], [ 28.7126238, 47.1167076 ] ] } },
{ "type": "Feature", "properties": { "vineyard_id": "V19", "row_id": "V19-R015", "row_structure": "unassessable", "length_m": 2.4 }, "geometry": { "type": "LineString", "coordinates": [ [ 28.7130871, 47.1170575 ], [ 28.7130664, 47.1170412 ] ] } },
{ "type": "Feature", "properties": { "vineyard_id": "V19", "row_id": "V19-R016", "row_structure": "regular", "length_m": 61.37 }, "geometry": { "type": "LineString", "coordinates": [ [ 28.7131393, 47.1170815 ], [ 28.7130544, 47.1170127 ], [ 28.7129204, 47.1169015 ], [ 28.7126666, 47.1166946 ], [ 28.7126357, 47.1166653 ], [ 28.7126245, 47.1166558 ] ] } },
{ "type": "Feature", "properties": { "vineyard_id": "V19", "row_id": "V19-R017", "row_structure": "disrupted", "length_m": 52.03 }, "geometry": { "type": "LineString", "coordinates": [ [ 28.7131804, 47.1170854 ], [ 28.7131509, 47.1170552 ], [ 28.7130825, 47.1170005 ], [ 28.7130156, 47.1169448 ], [ 28.7128963, 47.1168487 ], [ 28.7128631, 47.1168208 ], [ 28.7127432, 47.116725 ] ] } },
{ "type": "Feature", "properties": { "vineyard_id": "V19", "row_id": "V19-R018", "row_structure": "regular", "length_m": 61.01 }, "geometry": { "type": "LineString", "coordinates": [ [ 28.7132127, 47.117066 ], [ 28.7131779, 47.1170389 ], [ 28.7130078, 47.1169015 ], [ 28.7127509, 47.1166963 ], [ 28.712717, 47.1166688 ], [ 28.7126937, 47.1166468 ] ] } },
{ "type": "Feature", "properties": { "vineyard_id": "V19", "row_id": "V19-R019", "row_structure": "regular", "length_m": 66.4 }, "geometry": { "type": "LineString", "coordinates": [ [ 28.7132633, 47.1170684 ], [ 28.71316, 47.1169867 ], [ 28.7130406, 47.1168907 ], [ 28.7129026, 47.1167818 ], [ 28.7126941, 47.1166147 ] ] } },
{ "type": "Feature", "properties": { "vineyard_id": "V20", "row_id": "V20-R001", "row_structure": "regular", "length_m": 56.78 }, "geometry": { "type": "LineString", "coordinates": [ [ 28.7153678, 47.1167458 ], [ 28.7152896, 47.1166732 ], [ 28.7152733, 47.116659 ], [ 28.7149885, 47.1164229 ], [ 28.714902, 47.1163462 ] ] } },
{ "type": "Feature", "properties": { "vineyard_id": "V20", "row_id": "V20-R002", "row_structure": "regular", "length_m": 20.3 }, "geometry": { "type": "LineString", "coordinates": [ [ 28.7151304, 47.1165126 ], [ 28.7150984, 47.1164839 ], [ 28.7149614, 47.116371 ] ] } },
{ "type": "Feature", "properties": { "vineyard_id": "V20", "row_id": "V20-R003", "row_structure": "regular", "length_m": 55.1 }, "geometry": { "type": "LineString", "coordinates": [ [ 28.7154132, 47.1167048 ], [ 28.7153458, 47.1166494 ], [ 28.7152798, 47.1165933 ], [ 28.7150944, 47.1164411 ], [ 28.7150121, 47.1163709 ], [ 28.7149525, 47.1163216 ] ] } },
{ "type": "Feature", "properties": { "vineyard_id": "V20", "row_id": "V20-R004", "row_structure": "regular", "length_m": 55.11 }, "geometry": { "type": "LineString", "coordinates": [ [ 28.7154459, 47.1166874 ], [ 28.7153608, 47.1166187 ], [ 28.7151086, 47.1164108 ], [ 28.7150264, 47.1163405 ], [ 28.7149927, 47.1163128 ], [ 28.7149825, 47.1163057 ] ] } },
{ "type": "Feature", "properties": { "vineyard_id": "V20", "row_id": "V20-R005", "row_structure": "regular", "length_m": 55.31 }, "geometry": { "type": "LineString", "coordinates": [ [ 28.7154726, 47.1166705 ], [ 28.7153909, 47.1165999 ], [ 28.7151531, 47.1164072 ], [ 28.7150881, 47.1163505 ], [ 28.7150103, 47.1162859 ] ] } },
{ "type": "Feature", "properties": { "vineyard_id": "V20", "row_id": "V20-R006", "row_structure": "regular", "length_m": 50.85 }, "geometry": { "type": "LineString", "coordinates": [ [ 28.7155055, 47.1166559 ], [ 28.7153065, 47.116488 ], [ 28.7151061, 47.116321 ], [ 28.715083, 47.1163007 ] ] } },
{ "type": "Feature", "properties": { "vineyard_id": "V20", "row_id": "V20-R007", "row_structure": "regular", "length_m": 58.41 }, "geometry": { "type": "LineString", "coordinates": [ [ 28.7155215, 47.1166286 ], [ 28.7154204, 47.1165457 ], [ 28.7153514, 47.1164912 ], [ 28.7151153, 47.1162976 ], [ 28.7150823, 47.1162695 ], [ 28.7150323, 47.116223 ] ] } },
{ "type": "Feature", "properties": { "vineyard_id": "V20", "row_id": "V20-R008", "row_structure": "regular", "length_m": 56.86 }, "geometry": { "type": "LineString", "coordinates": [ [ 28.7155806, 47.1166279 ], [ 28.7154751, 47.1165473 ], [ 28.7153219, 47.1164237 ], [ 28.7152352, 47.1163559 ], [ 28.7151845, 47.1163145 ], [ 28.7151353, 47.1162722 ], [ 28.7150945, 47.1162386 ] ] } },
{ "type": "Feature", "properties": { "vineyard_id": "V20", "row_id": "V20-R009", "row_structure": "regular", "length_m": 41.4 }, "geometry": { "type": "LineString", "coordinates": [ [ 28.7154703, 47.1165085 ], [ 28.715125, 47.1162201 ] ] } },
{ "type": "Feature", "properties": { "vineyard_id": "V20", "row_id": "V20-R010", "row_structure": "regular", "length_m": 51.7 }, "geometry": { "type": "LineString", "coordinates": [ [ 28.715595, 47.1165623 ], [ 28.7154954, 47.1164785 ], [ 28.7152409, 47.1162719 ], [ 28.7152071, 47.1162443 ], [ 28.7151603, 47.1162041 ] ] } },
{ "type": "Feature", "properties": { "vineyard_id": "V20", "row_id": "V20-R011", "row_structure": "regular", "length_m": 49.76 }, "geometry": { "type": "LineString", "coordinates": [ [ 28.7156091, 47.1165303 ], [ 28.7154571, 47.116406 ], [ 28.715354, 47.1163241 ], [ 28.7152365, 47.116227 ], [ 28.7151904, 47.1161859 ] ] } },
{ "type": "Feature", "properties": { "vineyard_id": "V20", "row_id": "V20-R012", "row_structure": "regular", "length_m": 47.31 }, "geometry": { "type": "LineString", "coordinates": [ [ 28.7156222, 47.1164942 ], [ 28.7154838, 47.1163855 ], [ 28.7153482, 47.1162753 ], [ 28.7152962, 47.1162346 ], [ 28.7152191, 47.1161696 ] ] } },
{ "type": "Feature", "properties": { "vineyard_id": "V20", "row_id": "V20-R013", "row_structure": "disrupted", "length_m": 51.71 }, "geometry": { "type": "LineString", "coordinates": [ [ 28.7156897, 47.1165073 ], [ 28.7154148, 47.116289 ], [ 28.7152967, 47.1161922 ], [ 28.715251, 47.1161514 ] ] } },
{ "type": "Feature", "properties": { "vineyard_id": "V20", "row_id": "V20-R014", "row_structure": "disrupted", "length_m": 51.21 }, "geometry": { "type": "LineString", "coordinates": [ [ 28.7157369, 47.1164805 ], [ 28.7156863, 47.116439 ], [ 28.7156343, 47.1163984 ], [ 28.7156012, 47.1163704 ], [ 28.7154797, 47.1162755 ], [ 28.7153944, 47.1162069 ], [ 28.7153023, 47.1161282 ] ] } },
{ "type": "Feature", "properties": { "vineyard_id": "V20", "row_id": "V20-R015", "row_structure": "regular", "length_m": 22.05 }, "geometry": { "type": "LineString", "coordinates": [ [ 28.7157787, 47.1164568 ], [ 28.715727, 47.1164159 ], [ 28.7156877, 47.1163914 ], [ 28.7156691, 47.1163786 ], [ 28.7155817, 47.1163112 ] ] } },
{ "type": "Feature", "properties": { "vineyard_id": "V20", "row_id": "V20-R016", "row_structure": "regular", "length_m": 7.35 }, "geometry": { "type": "LineString", "coordinates": [ [ 28.7156855, 47.1163382 ], [ 28.7156215, 47.1162886 ] ] } },
{ "type": "Feature", "properties": { "vineyard_id": "V20", "row_id": "V20-R017", "row_structure": "unassessable", "length_m": 2.05 }, "geometry": { "type": "LineString", "coordinates": [ [ 28.715835, 47.1164201 ], [ 28.7158177, 47.1164059 ] ] } },
{ "type": "Feature", "properties": { "vineyard_id": "V21", "row_id": "V21-R001", "row_structure": "unassessable", "length_m": 2.91 }, "geometry": { "type": "LineString", "coordinates": [ [ 28.7135233, 47.116478 ], [ 28.7134965, 47.1164593 ] ] } },
{ "type": "Feature", "properties": { "vineyard_id": "V21", "row_id": "V21-R002", "row_structure": "regular", "length_m": 9.45 }, "geometry": { "type": "LineString", "coordinates": [ [ 28.7135645, 47.116484 ], [ 28.7134827, 47.1164198 ] ] } },
{ "type": "Feature", "properties": { "vineyard_id": "V21", "row_id": "V21-R003", "row_structure": "regular", "length_m": 15.02 }, "geometry": { "type": "LineString", "coordinates": [ [ 28.7135592, 47.1164561 ], [ 28.7135248, 47.1164289 ], [ 28.7134779, 47.1163852 ], [ 28.7134353, 47.1163509 ] ] } },
{ "type": "Feature", "properties": { "vineyard_id": "V21", "row_id": "V21-R004", "row_structure": "disrupted", "length_m": 35.5 }, "geometry": { "type": "LineString", "coordinates": [ [ 28.7138038, 47.1166079 ], [ 28.7137169, 47.1165403 ], [ 28.7135935, 47.1164466 ], [ 28.7134945, 47.1163683 ] ] } },
{ "type": "Feature", "properties": { "vineyard_id": "V21", "row_id": "V21-R005", "row_structure": "disrupted", "length_m": 27.45 }, "geometry": { "type": "LineString", "coordinates": [ [ 28.7138266, 47.1165945 ], [ 28.7135913, 47.1164069 ] ] } },
{ "type": "Feature", "properties": { "vineyard_id": "V21", "row_id": "V21-R006", "row_structure": "disrupted", "length_m": 46.27 }, "geometry": { "type": "LineString", "coordinates": [ [ 28.7139001, 47.1166278 ], [ 28.7138519, 47.1165849 ], [ 28.7137667, 47.1165162 ], [ 28.7135924, 47.1163812 ], [ 28.7135554, 47.1163555 ], [ 28.7135011, 47.1163132 ] ] } },
{ "type": "Feature", "properties": { "vineyard_id": "V21", "row_id": "V21-R007", "row_structure": "regular", "length_m": 7.05 }, "geometry": { "type": "LineString", "coordinates": [ [ 28.7133966, 47.116215 ], [ 28.7133361, 47.1161668 ] ] } },
{ "type": "Feature", "properties": { "vineyard_id": "V21", "row_id": "V21-R008", "row_structure": "regular", "length_m": 72.79 }, "geometry": { "type": "LineString", "coordinates": [ [ 28.7139322, 47.1166225 ], [ 28.7138832, 47.1165801 ], [ 28.7137983, 47.1165113 ], [ 28.7137453, 47.1164712 ], [ 28.7136944, 47.1164299 ], [ 28.7136232, 47.1163768 ], [ 28.7135714, 47.1163359 ], [ 28.7135406, 47.1163066 ], [ 28.7135244, 47.1162923 ], [ 28.7134911, 47.1162644 ], [ 28.7134397, 47.1162234 ], [ 28.7133171, 47.1161203 ] ] } },
{ "type": "Feature", "properties": { "vineyard_id": "V21", "row_id": "V21-R009", "row_structure": "regular", "length_m": 5.21 }, "geometry": { "type": "LineString", "coordinates": [ [ 28.714074, 47.1167 ], [ 28.7140327, 47.1166625 ] ] } },
{ "type": "Feature", "properties": { "vineyard_id": "V21", "row_id": "V21-R010", "row_structure": "regular", "length_m": 74.03 }, "geometry": { "type": "LineString", "coordinates": [ [ 28.7140038, 47.1166213 ], [ 28.7138846, 47.1165251 ], [ 28.7138017, 47.1164551 ], [ 28.7137504, 47.116414 ], [ 28.7136972, 47.1163741 ], [ 28.7136603, 47.1163483 ], [ 28.7134017, 47.1161441 ], [ 28.7133637, 47.116119 ] ] } },
{ "type": "Feature", "properties": { "vineyard_id": "V21", "row_id": "V21-R011", "row_structure": "regular", "length_m": 4.7 }, "geometry": { "type": "LineString", "coordinates": [ [ 28.7141018, 47.1166842 ], [ 28.7140621, 47.1166517 ] ] } },
{ "type": "Feature", "properties": { "vineyard_id": "V21", "row_id": "V21-R012", "row_structure": "regular", "length_m": 82.04 }, "geometry": { "type": "LineString", "coordinates": [ [ 28.7140866, 47.1166414 ], [ 28.7140319, 47.1166023 ], [ 28.7139974, 47.1165751 ], [ 28.7139484, 47.1165327 ], [ 28.7138972, 47.1164916 ], [ 28.7138622, 47.1164646 ], [ 28.7138082, 47.1164251 ], [ 28.7137197, 47.1163584 ], [ 28.7136503, 47.1163043 ], [ 28.7134784, 47.1161678 ], [ 28.713462, 47.1161538 ], [ 28.7134306, 47.1161247 ], [ 28.71338, 47.1160832 ] ] } },
{ "type": "Feature", "properties": { "vineyard_id": "V21", "row_id": "V21-R013", "row_structure": "regular", "length_m": 85.91 }, "geometry": { "type": "LineString", "coordinates": [ [ 28.714151, 47.1166551 ], [ 28.7138925, 47.1164509 ], [ 28.7137186, 47.1163157 ], [ 28.713598, 47.1162203 ], [ 28.7135815, 47.1162063 ], [ 28.7135511, 47.1161766 ], [ 28.7134999, 47.1161355 ], [ 28.7134653, 47.1161084 ], [ 28.7134086, 47.1160723 ] ] } },
{ "type": "Feature", "properties": { "vineyard_id": "V21", "row_id": "V21-R014", "row_structure": "regular", "length_m": 42.02 }, "geometry": { "type": "LineString", "coordinates": [ [ 28.7138363, 47.1163729 ], [ 28.7137846, 47.116332 ], [ 28.7137542, 47.1163024 ], [ 28.713738, 47.1162881 ], [ 28.7135673, 47.116151 ], [ 28.7134811, 47.116083 ] ] } },
{ "type": "Feature", "properties": { "vineyard_id": "V21", "row_id": "V21-R015", "row_structure": "disrupted", "length_m": 76.43 }, "geometry": { "type": "LineString", "coordinates": [ [ 28.714096, 47.1165764 ], [ 28.7139226, 47.1164408 ], [ 28.7139065, 47.1164266 ], [ 28.7138766, 47.1163967 ], [ 28.7136384, 47.1161804 ], [ 28.713589, 47.1161382 ], [ 28.713557, 47.1161095 ], [ 28.7135226, 47.1160823 ], [ 28.7135044, 47.1160692 ], [ 28.7134638, 47.1160421 ] ] } },
{ "type": "Feature", "properties": { "vineyard_id": "V21", "row_id": "V21-R016", "row_structure": "unassessable", "length_m": 1.65 }, "geometry": { "type": "LineString", "coordinates": [ [ 28.7141767, 47.1166138 ], [ 28.7141615, 47.1166031 ] ] } },
{ "type": "Feature", "properties": { "vineyard_id": "V21", "row_id": "V21-R017", "row_structure": "regular", "length_m": 52.03 }, "geometry": { "type": "LineString", "coordinates": [ [ 28.7141224, 47.1165608 ], [ 28.7140693, 47.1165208 ], [ 28.7138974, 47.1163844 ], [ 28.7137244, 47.1162486 ], [ 28.7136944, 47.1162188 ], [ 28.7136782, 47.1162045 ] ] } },
{ "type": "Feature", "properties": { "vineyard_id": "V21", "row_id": "V21-R018", "row_structure": "regular", "length_m": 39.14 }, "geometry": { "type": "LineString", "coordinates": [ [ 28.7138027, 47.1162738 ], [ 28.7135439, 47.1160697 ], [ 28.7134896, 47.1160304 ], [ 28.713458, 47.1160121 ] ] } },
{ "type": "Feature", "properties": { "vineyard_id": "V21", "row_id": "V21-R019", "row_structure": "regular", "length_m": 76.63 }, "geometry": { "type": "LineString", "coordinates": [ [ 28.7141429, 47.1165433 ], [ 28.7140403, 47.1164611 ], [ 28.7138846, 47.116339 ], [ 28.7138386, 47.1162948 ], [ 28.7136143, 47.1160941 ], [ 28.713598, 47.11608 ], [ 28.713507, 47.1160082 ] ] } },
{ "type": "Feature", "properties": { "vineyard_id": "V21", "row_id": "V21-R020", "row_structure": "regular", "length_m": 47.01 }, "geometry": { "type": "LineString", "coordinates": [ [ 28.7141692, 47.1165332 ], [ 28.7140825, 47.1164654 ], [ 28.713997, 47.1163969 ], [ 28.7139487, 47.1163541 ], [ 28.7139146, 47.1163266 ], [ 28.7138625, 47.116286 ], [ 28.7138088, 47.1162464 ], [ 28.7137657, 47.1162123 ] ] } },
{ "type": "Feature", "properties": { "vineyard_id": "V21", "row_id": "V21-R021", "row_structure": "regular", "length_m": 64.57 }, "geometry": { "type": "LineString", "coordinates": [ [ 28.7141939, 47.1165186 ], [ 28.7141074, 47.1164507 ], [ 28.713971, 47.1163409 ], [ 28.7137128, 47.1161365 ], [ 28.7136452, 47.1160747 ] ] } },
{ "type": "Feature", "properties": { "vineyard_id": "V21", "row_id": "V21-R022", "row_structure": "disrupted", "length_m": 61.15 }, "geometry": { "type": "LineString", "coordinates": [ [ 28.7142146, 47.1164986 ], [ 28.7140085, 47.1163348 ], [ 28.713941, 47.1162795 ], [ 28.7136897, 47.1160811 ] ] } },
{ "type": "Feature", "properties": { "vineyard_id": "V21", "row_id": "V21-R023", "row_structure": "regular", "length_m": 63.81 }, "geometry": { "type": "LineString", "coordinates": [ [ 28.7142372, 47.1164793 ], [ 28.7142081, 47.1164489 ], [ 28.7141923, 47.1164345 ], [ 28.7141249, 47.1163791 ], [ 28.7140731, 47.1163383 ], [ 28.7139739, 47.1162779 ], [ 28.7137717, 47.1161594 ], [ 28.7136437, 47.1160756 ] ] } },
{ "type": "Feature", "properties": { "vineyard_id": "V21", "row_id": "V21-R024", "row_structure": "regular", "length_m": 22.0 }, "geometry": { "type": "LineString", "coordinates": [ [ 28.7138509, 47.1161858 ], [ 28.7137649, 47.1161177 ], [ 28.7136594, 47.1160372 ] ] } },
{ "type": "Feature", "properties": { "vineyard_id": "V21", "row_id": "V21-R025", "row_structure": "disrupted", "length_m": 35.85 }, "geometry": { "type": "LineString", "coordinates": [ [ 28.7140412, 47.1162977 ], [ 28.7137317, 47.116054 ] ] } },
{ "type": "Feature", "properties": { "vineyard_id": "V21", "row_id": "V21-R026", "row_structure": "regular", "length_m": 14.12 }, "geometry": { "type": "LineString", "coordinates": [ [ 28.7137443, 47.1160358 ], [ 28.7137113, 47.1160077 ], [ 28.7136768, 47.1159805 ], [ 28.7136387, 47.1159555 ], [ 28.7136195, 47.1159418 ] ] } },
{ "type": "Feature", "properties": { "vineyard_id": "V21", "row_id": "V21-R027", "row_structure": "disrupted", "length_m": 55.42 }, "geometry": { "type": "LineString", "coordinates": [ [ 28.7143016, 47.1164455 ], [ 28.7141777, 47.1163521 ], [ 28.7140922, 47.1162837 ], [ 28.7139243, 47.1161448 ], [ 28.713832, 47.1160638 ] ] } },
{ "type": "Feature", "properties": { "vineyard_id": "V21", "row_id": "V21-R028", "row_structure": "regular", "length_m": 62.01 }, "geometry": { "type": "LineString", "coordinates": [ [ 28.7142368, 47.1163743 ], [ 28.7141013, 47.116264 ], [ 28.7140524, 47.1162215 ], [ 28.7137632, 47.1159878 ], [ 28.7137114, 47.115947 ] ] } },
{ "type": "Feature", "properties": { "vineyard_id": "V21", "row_id": "V21-R029", "row_structure": "regular", "length_m": 3.05 }, "geometry": { "type": "LineString", "coordinates": [ [ 28.7138528, 47.116039 ], [ 28.7138272, 47.1160178 ] ] } },
{ "type": "Feature", "properties": { "vineyard_id": "V21", "row_id": "V21-R030", "row_structure": "unassessable", "length_m": 1.35 }, "geometry": { "type": "LineString", "coordinates": [ [ 28.7138448, 47.116011 ], [ 28.7138335, 47.1160016 ] ] } },
{ "type": "Feature", "properties": { "vineyard_id": "V21", "row_id": "V21-R031", "row_structure": "regular", "length_m": 17.37 }, "geometry": { "type": "LineString", "coordinates": [ [ 28.7139947, 47.1161413 ], [ 28.7139651, 47.1161112 ], [ 28.7138608, 47.1160146 ] ] } },
{ "type": "Feature", "properties": { "vineyard_id": "V21", "row_id": "V21-R032", "row_structure": "regular", "length_m": 43.64 }, "geometry": { "type": "LineString", "coordinates": [ [ 28.7142608, 47.1163679 ], [ 28.7140582, 47.1161782 ], [ 28.714016, 47.1161317 ], [ 28.7139441, 47.1160552 ], [ 28.7139351, 47.1160445 ] ] } },
{ "type": "Feature", "properties": { "vineyard_id": "V22", "row_id": "V22-R001", "row_structure": "disrupted", "length_m": 44.97 }, "geometry": { "type": "LineString", "coordinates": [ [ 28.7181958, 47.1158017 ], [ 28.7178469, 47.1156097 ], [ 28.7178266, 47.1155982 ], [ 28.7177395, 47.1155437 ] ] } },
{ "type": "Feature", "properties": { "vineyard_id": "V22", "row_id": "V22-R002", "row_structure": "regular", "length_m": 43.56 }, "geometry": { "type": "LineString", "coordinates": [ [ 28.7182391, 47.1157979 ], [ 28.7181984, 47.115775 ], [ 28.718159, 47.115751 ], [ 28.7180953, 47.115719 ], [ 28.7179517, 47.1156398 ], [ 28.7177936, 47.1155508 ] ] } },
{ "type": "Feature", "properties": { "vineyard_id": "V22", "row_id": "V22-R003", "row_structure": "regular", "length_m": 41.5 }, "geometry": { "type": "LineString", "coordinates": [ [ 28.7182389, 47.1157664 ], [ 28.7180744, 47.1156763 ], [ 28.7178102, 47.1155345 ] ] } },
{ "type": "Feature", "properties": { "vineyard_id": "V22", "row_id": "V22-R004", "row_structure": "regular", "length_m": 34.56 }, "geometry": { "type": "LineString", "coordinates": [ [ 28.7182715, 47.1157587 ], [ 28.7182309, 47.1157357 ], [ 28.7180044, 47.1156122 ], [ 28.7179142, 47.115566 ] ] } },
{ "type": "Feature", "properties": { "vineyard_id": "V22", "row_id": "V22-R005", "row_structure": "regular", "length_m": 38.06 }, "geometry": { "type": "LineString", "coordinates": [ [ 28.7182862, 47.1157361 ], [ 28.7182638, 47.1157264 ], [ 28.7182018, 47.1156929 ], [ 28.7180178, 47.1155907 ], [ 28.717915, 47.1155344 ], [ 28.7178945, 47.1155223 ] ] } },
{ "type": "Feature", "properties": { "vineyard_id": "V22", "row_id": "V22-R006", "row_structure": "disrupted", "length_m": 45.16 }, "geometry": { "type": "LineString", "coordinates": [ [ 28.7183497, 47.1157438 ], [ 28.7182856, 47.1157121 ], [ 28.7182444, 47.1156897 ], [ 28.718183, 47.1156556 ], [ 28.7179805, 47.1155404 ], [ 28.7178862, 47.1154891 ] ] } },
{ "type": "Feature", "properties": { "vineyard_id": "V22", "row_id": "V22-R007", "row_structure": "regular", "length_m": 26.37 }, "geometry": { "type": "LineString", "coordinates": [ [ 28.7182352, 47.1156608 ], [ 28.7181964, 47.1156363 ], [ 28.7180966, 47.1155775 ], [ 28.7180564, 47.1155542 ], [ 28.7179709, 47.1155069 ] ] } },
{ "type": "Feature", "properties": { "vineyard_id": "V22", "row_id": "V22-R008", "row_structure": "unassessable", "length_m": 1.5 }, "geometry": { "type": "LineString", "coordinates": [ [ 28.7182614, 47.1156212 ], [ 28.7182463, 47.1156125 ] ] } },
{ "type": "Feature", "properties": { "vineyard_id": "V23", "row_id": "V23-R001", "row_structure": "regular", "length_m": 23.35 }, "geometry": { "type": "LineString", "coordinates": [ [ 28.714933, 47.1156136 ], [ 28.7148964, 47.1155875 ], [ 28.7147772, 47.1154913 ], [ 28.7147264, 47.1154581 ] ] } },
{ "type": "Feature", "properties": { "vineyard_id": "V23", "row_id": "V23-R002", "row_structure": "regular", "length_m": 8.7 }, "geometry": { "type": "LineString", "coordinates": [ [ 28.7147238, 47.115438 ], [ 28.7146505, 47.1153779 ] ] } },
{ "type": "Feature", "properties": { "vineyard_id": "V23", "row_id": "V23-R003", "row_structure": "disrupted", "length_m": 67.06 }, "geometry": { "type": "LineString", "coordinates": [ [ 28.7153328, 47.1158917 ], [ 28.7152531, 47.11582 ], [ 28.7152381, 47.1158051 ], [ 28.7152098, 47.1157744 ], [ 28.7151763, 47.1157466 ], [ 28.7151232, 47.1157065 ], [ 28.7150367, 47.1156386 ], [ 28.7147715, 47.1154264 ] ] } },
{ "type": "Feature", "properties": { "vineyard_id": "V23", "row_id": "V23-R004", "row_structure": "disrupted", "length_m": 83.5 }, "geometry": { "type": "LineString", "coordinates": [ [ 28.7153882, 47.1158932 ], [ 28.7153545, 47.1158655 ], [ 28.7153164, 47.1158403 ], [ 28.7152981, 47.1158273 ], [ 28.7149605, 47.1155742 ], [ 28.7146415, 47.1153415 ] ] } },
{ "type": "Feature", "properties": { "vineyard_id": "V23", "row_id": "V23-R005", "row_structure": "regular", "length_m": 4.45 }, "geometry": { "type": "LineString", "coordinates": [ [ 28.7147358, 47.1153817 ], [ 28.7146989, 47.1153506 ] ] } },
{ "type": "Feature", "properties": { "vineyard_id": "V23", "row_id": "V23-R006", "row_structure": "disrupted", "length_m": 66.9 }, "geometry": { "type": "LineString", "coordinates": [ [ 28.7152563, 47.1158694 ], [ 28.7151847, 47.1157931 ], [ 28.7151436, 47.1157463 ], [ 28.7150134, 47.1156097 ], [ 28.714929, 47.1155173 ], [ 28.7148994, 47.1154873 ], [ 28.7148007, 47.1153797 ], [ 28.7147824, 47.115362 ] ] } },
{ "type": "Feature", "properties": { "vineyard_id": "V23", "row_id": "V23-R007", "row_structure": "regular", "length_m": 38.56 }, "geometry": { "type": "LineString", "coordinates": [ [ 28.7150861, 47.1156423 ], [ 28.7150547, 47.1156133 ], [ 28.7149727, 47.1155428 ], [ 28.7148532, 47.1154469 ], [ 28.7147621, 47.1153751 ] ] } },
{ "type": "Feature", "properties": { "vineyard_id": "V23", "row_id": "V23-R008", "row_structure": "regular", "length_m": 80.38 }, "geometry": { "type": "LineString", "coordinates": [ [ 28.7153436, 47.1158273 ], [ 28.7152607, 47.1157574 ], [ 28.7149544, 47.11551 ], [ 28.7147529, 47.1153436 ], [ 28.7147353, 47.1153302 ], [ 28.7146591, 47.1152757 ] ] } },
{ "type": "Feature", "properties": { "vineyard_id": "V23", "row_id": "V23-R009", "row_structure": "regular", "length_m": 83.21 }, "geometry": { "type": "LineString", "coordinates": [ [ 28.7154453, 47.1158867 ], [ 28.7152801, 47.1157465 ], [ 28.715232, 47.1157036 ], [ 28.715199, 47.1156756 ], [ 28.7149813, 47.1154949 ], [ 28.7148965, 47.115426 ], [ 28.7147816, 47.1153275 ], [ 28.7147569, 47.1153041 ] ] } },
{ "type": "Feature", "properties": { "vineyard_id": "V23", "row_id": "V23-R010", "row_structure": "regular", "length_m": 87.01 }, "geometry": { "type": "LineString", "coordinates": [ [ 28.7154731, 47.1158711 ], [ 28.7153893, 47.1158016 ], [ 28.7153377, 47.1157607 ], [ 28.7152208, 47.1156633 ], [ 28.7151693, 47.1156223 ], [ 28.7150854, 47.1155529 ], [ 28.7150027, 47.1154829 ], [ 28.7149546, 47.11544 ], [ 28.7147448, 47.1152665 ] ] } },
{ "type": "Feature", "properties": { "vineyard_id": "V23", "row_id": "V23-R011", "row_structure": "regular", "length_m": 83.78 }, "geometry": { "type": "LineString", "coordinates": [ [ 28.7154679, 47.1158268 ], [ 28.7154176, 47.1157851 ], [ 28.7153692, 47.1157424 ], [ 28.7151684, 47.1155756 ], [ 28.7151211, 47.1155323 ], [ 28.715071, 47.1154905 ], [ 28.7150035, 47.1154352 ], [ 28.7149517, 47.1153944 ], [ 28.7148345, 47.1152972 ], [ 28.7148167, 47.1152838 ], [ 28.7147796, 47.1152581 ], [ 28.7147645, 47.1152462 ] ] } },
{ "type": "Feature", "properties": { "vineyard_id": "V23", "row_id": "V23-R012", "row_structure": "regular", "length_m": 3.6 }, "geometry": { "type": "LineString", "coordinates": [ [ 28.7155238, 47.1158426 ], [ 28.7154938, 47.1158175 ] ] } },
{ "type": "Feature", "properties": { "vineyard_id": "V23", "row_id": "V23-R013", "row_structure": "regular", "length_m": 72.02 }, "geometry": { "type": "LineString", "coordinates": [ [ 28.7154554, 47.1157645 ], [ 28.7154378, 47.1157511 ], [ 28.7154012, 47.1157251 ], [ 28.7153669, 47.1156977 ], [ 28.7152837, 47.1156279 ], [ 28.7152359, 47.1155849 ], [ 28.7151536, 47.1155146 ], [ 28.7150688, 47.1154457 ], [ 28.7148505, 47.1152654 ] ] } },
{ "type": "Feature", "properties": { "vineyard_id": "V23", "row_id": "V23-R014", "row_structure": "regular", "length_m": 80.68 }, "geometry": { "type": "LineString", "coordinates": [ [ 28.7155608, 47.1158183 ], [ 28.715477, 47.1157488 ], [ 28.7154313, 47.1157046 ], [ 28.715231, 47.1155375 ], [ 28.7151794, 47.1154966 ], [ 28.7151459, 47.1154688 ], [ 28.715093, 47.1154286 ], [ 28.7150595, 47.1154008 ], [ 28.7150123, 47.1153574 ], [ 28.7148901, 47.1152554 ] ] } },
{ "type": "Feature", "properties": { "vineyard_id": "V23", "row_id": "V23-R015", "row_structure": "regular", "length_m": 60.1 }, "geometry": { "type": "LineString", "coordinates": [ [ 28.7155269, 47.1157598 ], [ 28.7154133, 47.1156605 ], [ 28.7152466, 47.1155212 ], [ 28.715168, 47.1154488 ], [ 28.7151346, 47.115421 ], [ 28.7151167, 47.1154077 ], [ 28.7150787, 47.1153824 ], [ 28.7150267, 47.1153412 ] ] } },
{ "type": "Feature", "properties": { "vineyard_id": "V23", "row_id": "V23-R016", "row_structure": "regular", "length_m": 8.42 }, "geometry": { "type": "LineString", "coordinates": [ [ 28.7150077, 47.1153169 ], [ 28.71499, 47.1153036 ], [ 28.7149525, 47.115278 ], [ 28.7149321, 47.1152615 ] ] } },
{ "type": "Feature", "properties": { "vineyard_id": "V23", "row_id": "V23-R017", "row_structure": "disrupted", "length_m": 72.04 }, "geometry": { "type": "LineString", "coordinates": [ [ 28.7155366, 47.1157189 ], [ 28.715485, 47.1156779 ], [ 28.7154515, 47.1156502 ], [ 28.7154355, 47.1156358 ], [ 28.715405, 47.1156063 ], [ 28.7152878, 47.1155091 ], [ 28.7151843, 47.1154274 ], [ 28.7151109, 47.1153754 ], [ 28.7150933, 47.115362 ], [ 28.7149254, 47.1152233 ] ] } },
{ "type": "Feature", "properties": { "vineyard_id": "V23", "row_id": "V23-R018", "row_structure": "regular", "length_m": 7.01 }, "geometry": { "type": "LineString", "coordinates": [ [ 28.7150056, 47.1152598 ], [ 28.7149439, 47.1152129 ] ] } },
{ "type": "Feature", "properties": { "vineyard_id": "V23", "row_id": "V23-R019", "row_structure": "disrupted", "length_m": 70.92 }, "geometry": { "type": "LineString", "coordinates": [ [ 28.7155656, 47.1157008 ], [ 28.7155179, 47.1156577 ], [ 28.7154883, 47.1156277 ], [ 28.7154724, 47.1156133 ], [ 28.7153897, 47.1155433 ], [ 28.7151929, 47.1153742 ], [ 28.7150326, 47.1152312 ], [ 28.7149968, 47.1151948 ] ] } },
{ "type": "Feature", "properties": { "vineyard_id": "V23", "row_id": "V23-R020", "row_structure": "disrupted", "length_m": 42.32 }, "geometry": { "type": "LineString", "coordinates": [ [ 28.7156069, 47.1156723 ], [ 28.7155494, 47.1156347 ], [ 28.7155147, 47.1156076 ], [ 28.7154957, 47.115595 ], [ 28.7153605, 47.1155078 ], [ 28.7152037, 47.1154095 ] ] } },
{ "type": "Feature", "properties": { "vineyard_id": "V23", "row_id": "V23-R021", "row_structure": "regular", "length_m": 16.48 }, "geometry": { "type": "LineString", "coordinates": [ [ 28.7152847, 47.1154368 ], [ 28.7152535, 47.1154078 ], [ 28.7152087, 47.115363 ], [ 28.7151561, 47.1153174 ] ] } },
{ "type": "Feature", "properties": { "vineyard_id": "V23", "row_id": "V23-R022", "row_structure": "regular", "length_m": 60.51 }, "geometry": { "type": "LineString", "coordinates": [ [ 28.7155687, 47.1156251 ], [ 28.7155013, 47.1155697 ], [ 28.715431, 47.115516 ], [ 28.7153141, 47.1154185 ], [ 28.7152623, 47.1153777 ], [ 28.7151109, 47.115253 ], [ 28.7150554, 47.1152085 ] ] } },
{ "type": "Feature", "properties": { "vineyard_id": "V24", "row_id": "V24-R001", "row_structure": "regular", "length_m": 11.26 }, "geometry": { "type": "LineString", "coordinates": [ [ 28.7170005, 47.1152487 ], [ 28.7169152, 47.1151659 ] ] } },
{ "type": "Feature", "properties": { "vineyard_id": "V24", "row_id": "V24-R002", "row_structure": "regular", "length_m": 19.89 }, "geometry": { "type": "LineString", "coordinates": [ [ 28.7171064, 47.1153052 ], [ 28.7169943, 47.1152047 ], [ 28.7169499, 47.1151617 ] ] } },
{ "type": "Feature", "properties": { "vineyard_id": "V24", "row_id": "V24-R003", "row_structure": "unassessable", "length_m": 2.45 }, "geometry": { "type": "LineString", "coordinates": [ [ 28.7170482, 47.1152274 ], [ 28.7170321, 47.1152083 ] ] } },
{ "type": "Feature", "properties": { "vineyard_id": "V24", "row_id": "V24-R004", "row_structure": "disrupted", "length_m": 74.41 }, "geometry": { "type": "LineString", "coordinates": [ [ 28.7175518, 47.1156385 ], [ 28.717506, 47.1155945 ], [ 28.7174579, 47.1155514 ], [ 28.7172106, 47.1153179 ], [ 28.7170507, 47.1151742 ], [ 28.7169729, 47.1150982 ] ] } },
{ "type": "Feature", "properties": { "vineyard_id": "V24", "row_id": "V24-R005", "row_structure": "regular", "length_m": 49.14 }, "geometry": { "type": "LineString", "coordinates": [ [ 28.7174176, 47.1154926 ], [ 28.7174016, 47.1154782 ], [ 28.7173667, 47.1154508 ], [ 28.7172512, 47.1153304 ], [ 28.7171773, 47.1152558 ], [ 28.7171157, 47.1151973 ], [ 28.7170685, 47.1151539 ], [ 28.7170421, 47.1151329 ] ] } },
{ "type": "Feature", "properties": { "vineyard_id": "V24", "row_id": "V24-R006", "row_structure": "regular", "length_m": 5.91 }, "geometry": { "type": "LineString", "coordinates": [ [ 28.7170097, 47.1150835 ], [ 28.7169712, 47.1150372 ] ] } },
{ "type": "Feature", "properties": { "vineyard_id": "V24", "row_id": "V24-R007", "row_structure": "disrupted", "length_m": 73.91 }, "geometry": { "type": "LineString", "coordinates": [ [ 28.717596, 47.1156252 ], [ 28.7175296, 47.1155474 ], [ 28.7174868, 47.115502 ], [ 28.7174108, 47.1154284 ], [ 28.7173755, 47.1154012 ], [ 28.7173596, 47.1153868 ], [ 28.7173006, 47.1153271 ], [ 28.7172519, 47.1152844 ], [ 28.7170382, 47.1150809 ] ] } },
{ "type": "Feature", "properties": { "vineyard_id": "V24", "row_id": "V24-R008", "row_structure": "disrupted", "length_m": 70.89 }, "geometry": { "type": "LineString", "coordinates": [ [ 28.717583, 47.11558 ], [ 28.717392, 47.1153858 ], [ 28.7173568, 47.1153585 ], [ 28.7173405, 47.1153443 ], [ 28.7172071, 47.1152104 ], [ 28.7171912, 47.1151959 ], [ 28.7171574, 47.115168 ], [ 28.7170856, 47.1150926 ], [ 28.7170539, 47.1150552 ] ] } },
{ "type": "Feature", "properties": { "vineyard_id": "V24", "row_id": "V24-R009", "row_structure": "regular", "length_m": 83.47 }, "geometry": { "type": "LineString", "coordinates": [ [ 28.7176516, 47.1155838 ], [ 28.717554, 47.1154769 ], [ 28.7175253, 47.1154467 ], [ 28.7175099, 47.1154321 ], [ 28.7174762, 47.1154041 ], [ 28.7173197, 47.115259 ], [ 28.717113, 47.1150717 ], [ 28.7170826, 47.1150423 ], [ 28.7170136, 47.1149726 ] ] } },
{ "type": "Feature", "properties": { "vineyard_id": "V24", "row_id": "V24-R010", "row_structure": "regular", "length_m": 62.58 }, "geometry": { "type": "LineString", "coordinates": [ [ 28.7175727, 47.1154621 ], [ 28.7175439, 47.115432 ], [ 28.7175286, 47.1154173 ], [ 28.717466, 47.1153593 ], [ 28.7174177, 47.1153163 ], [ 28.7173719, 47.1152722 ], [ 28.7172003, 47.1151123 ], [ 28.7171563, 47.1150675 ], [ 28.7170911, 47.1150053 ] ] } },
{ "type": "Feature", "properties": { "vineyard_id": "V24", "row_id": "V24-R011", "row_structure": "regular", "length_m": 64.98 }, "geometry": { "type": "LineString", "coordinates": [ [ 28.7176158, 47.1154612 ], [ 28.7174908, 47.115345 ], [ 28.7173635, 47.1152298 ], [ 28.7171808, 47.1150534 ], [ 28.7171138, 47.1149876 ] ] } },
{ "type": "Feature", "properties": { "vineyard_id": "V24", "row_id": "V24-R012", "row_structure": "unassessable", "length_m": 1.05 }, "geometry": { "type": "LineString", "coordinates": [ [ 28.7171303, 47.114976 ], [ 28.7171227, 47.114968 ] ] } },
{ "type": "Feature", "properties": { "vineyard_id": "V24", "row_id": "V24-R013", "row_structure": "regular", "length_m": 72.1 }, "geometry": { "type": "LineString", "coordinates": [ [ 28.7177182, 47.1155197 ], [ 28.7176444, 47.1154452 ], [ 28.7176289, 47.1154306 ], [ 28.7175967, 47.115402 ], [ 28.7175506, 47.1153581 ], [ 28.7174392, 47.1152573 ], [ 28.7173617, 47.1151844 ], [ 28.7173329, 47.1151543 ], [ 28.7173172, 47.1151397 ], [ 28.7172834, 47.1151118 ], [ 28.7172091, 47.1150375 ], [ 28.7171658, 47.1149923 ] ] } },
{ "type": "Feature", "properties": { "vineyard_id": "V24", "row_id": "V24-R014", "row_structure": "disrupted", "length_m": 51.71 }, "geometry": { "type": "LineString", "coordinates": [ [ 28.717726, 47.115513 ], [ 28.7174199, 47.1151982 ], [ 28.7173913, 47.115168 ], [ 28.7173531, 47.1151237 ] ] } },
{ "type": "Feature", "properties": { "vineyard_id": "V24", "row_id": "V24-R015", "row_structure": "regular", "length_m": 12.01 }, "geometry": { "type": "LineString", "coordinates": [ [ 28.7173207, 47.1151059 ], [ 28.7172775, 47.1150608 ], [ 28.717252, 47.1150291 ], [ 28.7172384, 47.1150137 ] ] } },
{ "type": "Feature", "properties": { "vineyard_id": "V24", "row_id": "V24-R016", "row_structure": "regular", "length_m": 71.15 }, "geometry": { "type": "LineString", "coordinates": [ [ 28.7177564, 47.1154925 ], [ 28.7176122, 47.1153419 ], [ 28.717502, 47.1152406 ], [ 28.7174537, 47.1151976 ], [ 28.7174081, 47.1151535 ], [ 28.7172171, 47.1149807 ], [ 28.7172095, 47.1149728 ] ] } },
{ "type": "Feature", "properties": { "vineyard_id": "V24", "row_id": "V24-R017", "row_structure": "regular", "length_m": 76.39 }, "geometry": { "type": "LineString", "coordinates": [ [ 28.7178145, 47.1154747 ], [ 28.717771, 47.1154296 ], [ 28.7177379, 47.1154014 ], [ 28.7176908, 47.1153579 ], [ 28.7176584, 47.1153293 ], [ 28.7176084, 47.1152872 ], [ 28.7175328, 47.1152134 ], [ 28.7174996, 47.1151852 ], [ 28.7174514, 47.1151422 ], [ 28.7174063, 47.1150979 ], [ 28.7173445, 47.1150395 ], [ 28.7173269, 47.1150258 ], [ 28.717289, 47.1149997 ], [ 28.7171999, 47.1149315 ] ] } },
{ "type": "Feature", "properties": { "vineyard_id": "V24", "row_id": "V24-R018", "row_structure": "regular", "length_m": 55.45 }, "geometry": { "type": "LineString", "coordinates": [ [ 28.7177908, 47.1154148 ], [ 28.7177335, 47.1153544 ], [ 28.7176888, 47.1153098 ], [ 28.7176405, 47.1152669 ], [ 28.7176065, 47.1152391 ], [ 28.7175602, 47.1151953 ], [ 28.7175306, 47.1151655 ], [ 28.7174799, 47.1151236 ], [ 28.7174489, 47.1150944 ], [ 28.7174111, 47.1150683 ], [ 28.7173935, 47.1150547 ], [ 28.7173541, 47.1150158 ] ] } },
{ "type": "Feature", "properties": { "vineyard_id": "V24", "row_id": "V24-R019", "row_structure": "regular", "length_m": 67.07 }, "geometry": { "type": "LineString", "coordinates": [ [ 28.717877, 47.1154489 ], [ 28.7178056, 47.1153733 ], [ 28.71779, 47.1153588 ], [ 28.7177234, 47.1153025 ], [ 28.7177076, 47.115288 ], [ 28.717647, 47.1152291 ], [ 28.7176031, 47.1151842 ], [ 28.7174213, 47.1150074 ], [ 28.7173705, 47.1149548 ] ] } },
{ "type": "Feature", "properties": { "vineyard_id": "V24", "row_id": "V24-R020", "row_structure": "regular", "length_m": 64.22 }, "geometry": { "type": "LineString", "coordinates": [ [ 28.7178992, 47.1154288 ], [ 28.7178272, 47.1153535 ], [ 28.7177952, 47.1153247 ], [ 28.7177507, 47.1152801 ], [ 28.7177197, 47.115251 ], [ 28.7176705, 47.1152084 ], [ 28.7175939, 47.1151351 ], [ 28.7175196, 47.1150608 ], [ 28.7174889, 47.1150315 ], [ 28.7174723, 47.1150174 ], [ 28.7174363, 47.1149905 ], [ 28.7174049, 47.1149604 ] ] } },
{ "type": "Feature", "properties": { "vineyard_id": "V24", "row_id": "V24-R021", "row_structure": "disrupted", "length_m": 35.25 }, "geometry": { "type": "LineString", "coordinates": [ [ 28.7178829, 47.1153926 ], [ 28.7176254, 47.1151286 ] ] } },
{ "type": "Feature", "properties": { "vineyard_id": "V24", "row_id": "V24-R022", "row_structure": "regular", "length_m": 56.03 }, "geometry": { "type": "LineString", "coordinates": [ [ 28.717875, 47.1153424 ], [ 28.7177991, 47.1152688 ], [ 28.7177523, 47.1152251 ], [ 28.7177084, 47.1151803 ], [ 28.7176014, 47.1150775 ], [ 28.7175283, 47.1150027 ], [ 28.7174522, 47.1149291 ] ] } },
{ "type": "Feature", "properties": { "vineyard_id": "V24", "row_id": "V24-R023", "row_structure": "regular", "length_m": 62.41 }, "geometry": { "type": "LineString", "coordinates": [ [ 28.717962, 47.1154051 ], [ 28.7177755, 47.1152089 ], [ 28.7177019, 47.1151342 ], [ 28.7176558, 47.1150903 ], [ 28.7175675, 47.1150007 ], [ 28.7175047, 47.1149385 ] ] } },
{ "type": "Feature", "properties": { "vineyard_id": "V24", "row_id": "V24-R024", "row_structure": "regular", "length_m": 62.03 }, "geometry": { "type": "LineString", "coordinates": [ [ 28.717933, 47.1153203 ], [ 28.7178109, 47.1152028 ], [ 28.7177217, 47.1151136 ], [ 28.7176307, 47.1150252 ], [ 28.7174671, 47.1148618 ] ] } },
{ "type": "Feature", "properties": { "vineyard_id": "V24", "row_id": "V24-R025", "row_structure": "disrupted", "length_m": 50.4 }, "geometry": { "type": "LineString", "coordinates": [ [ 28.7178667, 47.1152209 ], [ 28.7176417, 47.1149988 ], [ 28.7175392, 47.1148941 ], [ 28.7175048, 47.1148665 ], [ 28.7174858, 47.1148497 ] ] } },
{ "type": "Feature", "properties": { "vineyard_id": "V24", "row_id": "V24-R026", "row_structure": "disrupted", "length_m": 56.56 }, "geometry": { "type": "LineString", "coordinates": [ [ 28.7179959, 47.1153368 ], [ 28.7179281, 47.1152596 ], [ 28.7178933, 47.1152106 ], [ 28.7178645, 47.1151805 ], [ 28.7177151, 47.1150322 ], [ 28.7175938, 47.114909 ] ] } },
{ "type": "Feature", "properties": { "vineyard_id": "V24", "row_id": "V24-R027", "row_structure": "disrupted", "length_m": 57.05 }, "geometry": { "type": "LineString", "coordinates": [ [ 28.7180047, 47.1152845 ], [ 28.7178869, 47.1151651 ], [ 28.7177055, 47.1149881 ], [ 28.7175791, 47.1148726 ], [ 28.7175719, 47.114865 ] ] } },
{ "type": "Feature", "properties": { "vineyard_id": "V24", "row_id": "V24-R028", "row_structure": "regular", "length_m": 57.16 }, "geometry": { "type": "LineString", "coordinates": [ [ 28.7179945, 47.1152354 ], [ 28.7179054, 47.1151461 ], [ 28.7178449, 47.1150871 ], [ 28.7178287, 47.1150729 ], [ 28.7177943, 47.1150452 ], [ 28.7175492, 47.1148321 ], [ 28.717542, 47.1148246 ] ] } },
{ "type": "Feature", "properties": { "vineyard_id": "V24", "row_id": "V24-R029", "row_structure": "regular", "length_m": 20.46 }, "geometry": { "type": "LineString", "coordinates": [ [ 28.7177727, 47.1150119 ], [ 28.7176542, 47.1148928 ], [ 28.7176198, 47.1148603 ] ] } },
{ "type": "Feature", "properties": { "vineyard_id": "V24", "row_id": "V24-R030", "row_structure": "disrupted", "length_m": 66.56 }, "geometry": { "type": "LineString", "coordinates": [ [ 28.7180532, 47.1152581 ], [ 28.7178626, 47.1150637 ], [ 28.7176844, 47.1148852 ], [ 28.717566, 47.1147602 ] ] } },
{ "type": "Feature", "properties": { "vineyard_id": "V24", "row_id": "V24-R031", "row_structure": "disrupted", "length_m": 71.81 }, "geometry": { "type": "LineString", "coordinates": [ [ 28.718056, 47.1152068 ], [ 28.7175936, 47.1147253 ], [ 28.7175793, 47.1147102 ], [ 28.7175404, 47.1146652 ] ] } },
{ "type": "Feature", "properties": { "vineyard_id": "V24", "row_id": "V24-R032", "row_structure": "disrupted", "length_m": 71.75 }, "geometry": { "type": "LineString", "coordinates": [ [ 28.7181213, 47.1152325 ], [ 28.7179589, 47.1150686 ], [ 28.7177154, 47.1148118 ], [ 28.7176015, 47.1146933 ] ] } },
{ "type": "Feature", "properties": { "vineyard_id": "V24", "row_id": "V24-R033", "row_structure": "disrupted", "length_m": 72.02 }, "geometry": { "type": "LineString", "coordinates": [ [ 28.7181418, 47.1152234 ], [ 28.7181283, 47.1152079 ], [ 28.7181032, 47.1151761 ], [ 28.7178566, 47.1149207 ], [ 28.7178152, 47.1148747 ], [ 28.7176711, 47.1147241 ], [ 28.7176262, 47.1146796 ] ] } },
{ "type": "Feature", "properties": { "vineyard_id": "V24", "row_id": "V24-R034", "row_structure": "disrupted", "length_m": 71.57 }, "geometry": { "type": "LineString", "coordinates": [ [ 28.7181124, 47.115143 ], [ 28.7180958, 47.1151289 ], [ 28.7180217, 47.1150545 ], [ 28.717834, 47.1148588 ], [ 28.7176628, 47.1146773 ], [ 28.7176182, 47.1146327 ], [ 28.7175896, 47.1146073 ] ] } },
{ "type": "Feature", "properties": { "vineyard_id": "V24", "row_id": "V24-R035", "row_structure": "disrupted", "length_m": 77.05 }, "geometry": { "type": "LineString", "coordinates": [ [ 28.7181892, 47.1152023 ], [ 28.7181764, 47.1151865 ], [ 28.7181538, 47.1151536 ], [ 28.7180824, 47.115078 ], [ 28.7179806, 47.1149729 ], [ 28.7178655, 47.1148523 ], [ 28.7177925, 47.1147774 ], [ 28.7177521, 47.1147309 ], [ 28.7176434, 47.1146182 ] ] } },
{ "type": "Feature", "properties": { "vineyard_id": "V24", "row_id": "V24-R036", "row_structure": "regular", "length_m": 74.72 }, "geometry": { "type": "LineString", "coordinates": [ [ 28.7181927, 47.1151529 ], [ 28.718104, 47.1150635 ], [ 28.7177161, 47.1146562 ], [ 28.717671, 47.1146118 ], [ 28.7176479, 47.1145931 ] ] } },
{ "type": "Feature", "properties": { "vineyard_id": "V24", "row_id": "V24-R037", "row_structure": "regular", "length_m": 79.6 }, "geometry": { "type": "LineString", "coordinates": [ [ 28.7182852, 47.1151868 ], [ 28.7182177, 47.115131 ], [ 28.7182024, 47.1151163 ], [ 28.7181436, 47.1150566 ], [ 28.7178833, 47.1147858 ], [ 28.7177545, 47.1146498 ], [ 28.7176984, 47.1145937 ] ] } },
{ "type": "Feature", "properties": { "vineyard_id": "V24", "row_id": "V24-R038", "row_structure": "regular", "length_m": 71.95 }, "geometry": { "type": "LineString", "coordinates": [ [ 28.7182545, 47.1151194 ], [ 28.7181815, 47.1150445 ], [ 28.7181366, 47.1150001 ], [ 28.7179908, 47.1148502 ], [ 28.7179186, 47.1147749 ], [ 28.717819, 47.1146689 ], [ 28.7177323, 47.1145791 ] ] } },
{ "type": "Feature", "properties": { "vineyard_id": "V24", "row_id": "V24-R039", "row_structure": "regular", "length_m": 4.59 }, "geometry": { "type": "LineString", "coordinates": [ [ 28.7183247, 47.1151693 ], [ 28.7183139, 47.1151526 ], [ 28.7183022, 47.1151363 ], [ 28.7182983, 47.1151321 ] ] } },
{ "type": "Feature", "properties": { "vineyard_id": "V24", "row_id": "V24-R040", "row_structure": "regular", "length_m": 80.77 }, "geometry": { "type": "LineString", "coordinates": [ [ 28.7183526, 47.1151697 ], [ 28.7182032, 47.1150214 ], [ 28.71813, 47.1149466 ], [ 28.7179851, 47.1147963 ], [ 28.7178861, 47.11469 ], [ 28.7178134, 47.1146149 ], [ 28.7177608, 47.1145659 ] ] } },
{ "type": "Feature", "properties": { "vineyard_id": "V24", "row_id": "V24-R041", "row_structure": "regular", "length_m": 67.01 }, "geometry": { "type": "LineString", "coordinates": [ [ 28.7182811, 47.1150538 ], [ 28.7182094, 47.1149783 ], [ 28.7180634, 47.1148285 ], [ 28.7180205, 47.1147832 ], [ 28.717979, 47.1147372 ], [ 28.7178788, 47.1146315 ], [ 28.7177969, 47.1145498 ] ] } },
{ "type": "Feature", "properties": { "vineyard_id": "V24", "row_id": "V24-R042", "row_structure": "disrupted", "length_m": 62.0 }, "geometry": { "type": "LineString", "coordinates": [ [ 28.7183092, 47.1150413 ], [ 28.718225, 47.1149499 ], [ 28.7181253, 47.1148439 ], [ 28.718052, 47.1147692 ], [ 28.7178655, 47.1145729 ] ] } },
{ "type": "Feature", "properties": { "vineyard_id": "V24", "row_id": "V24-R043", "row_structure": "regular", "length_m": 13.75 }, "geometry": { "type": "LineString", "coordinates": [ [ 28.7182817, 47.1149456 ], [ 28.7181863, 47.1148403 ] ] } },
{ "type": "Feature", "properties": { "vineyard_id": "V24", "row_id": "V24-R044", "row_structure": "regular", "length_m": 7.4 }, "geometry": { "type": "LineString", "coordinates": [ [ 28.7182601, 47.1148826 ], [ 28.7182068, 47.1148269 ] ] } },
{ "type": "Feature", "properties": { "vineyard_id": "V24", "row_id": "V24-R045", "row_structure": "unassessable", "length_m": 2.35 }, "geometry": { "type": "LineString", "coordinates": [ [ 28.7182627, 47.1148573 ], [ 28.7182456, 47.1148397 ] ] } },
{ "type": "Feature", "properties": { "vineyard_id": "V24", "row_id": "V24-R046", "row_structure": "regular", "length_m": 16.16 }, "geometry": { "type": "LineString", "coordinates": [ [ 28.7182555, 47.1148162 ], [ 28.7181666, 47.1147497 ], [ 28.7181132, 47.1147081 ] ] } },
{ "type": "Feature", "properties": { "vineyard_id": "V24", "row_id": "V24-R047", "row_structure": "regular", "length_m": 10.11 }, "geometry": { "type": "LineString", "coordinates": [ [ 28.7183889, 47.114952 ], [ 28.7183107, 47.1148784 ] ] } },
{ "type": "Feature", "properties": { "vineyard_id": "V24", "row_id": "V24-R048", "row_structure": "regular", "length_m": 19.7 }, "geometry": { "type": "LineString", "coordinates": [ [ 28.7182283, 47.1147699 ], [ 28.7181356, 47.1147056 ], [ 28.7180957, 47.1146816 ], [ 28.7180412, 47.1146471 ] ] } },
{ "type": "Feature", "properties": { "vineyard_id": "V24", "row_id": "V24-R049", "row_structure": "unassessable", "length_m": 1.3 }, "geometry": { "type": "LineString", "coordinates": [ [ 28.7180317, 47.1145935 ], [ 28.7180206, 47.1145846 ] ] } },
{ "type": "Feature", "properties": { "vineyard_id": "V24", "row_id": "V24-R050", "row_structure": "regular", "length_m": 9.22 }, "geometry": { "type": "LineString", "coordinates": [ [ 28.7183611, 47.1148994 ], [ 28.7183323, 47.1148693 ], [ 28.7183167, 47.1148548 ], [ 28.7182899, 47.1148323 ] ] } },
{ "type": "Feature", "properties": { "vineyard_id": "V24", "row_id": "V24-R051", "row_structure": "disrupted", "length_m": 16.6 }, "geometry": { "type": "LineString", "coordinates": [ [ 28.7181491, 47.1146516 ], [ 28.7180635, 47.1145832 ], [ 28.7180095, 47.1145366 ] ] } },
{ "type": "Feature", "properties": { "vineyard_id": "V24", "row_id": "V24-R052", "row_structure": "regular", "length_m": 21.92 }, "geometry": { "type": "LineString", "coordinates": [ [ 28.7183544, 47.114826 ], [ 28.7182626, 47.1147612 ], [ 28.7181676, 47.1146983 ], [ 28.7181508, 47.1146861 ] ] } },
{ "type": "Feature", "properties": { "vineyard_id": "V24", "row_id": "V24-R053", "row_structure": "disrupted", "length_m": 29.1 }, "geometry": { "type": "LineString", "coordinates": [ [ 28.7182084, 47.1146756 ], [ 28.7181571, 47.1146345 ], [ 28.7179753, 47.1144678 ] ] } },
{ "type": "Feature", "properties": { "vineyard_id": "V24", "row_id": "V24-R054", "row_structure": "regular", "length_m": 26.0 }, "geometry": { "type": "LineString", "coordinates": [ [ 28.7184427, 47.1148827 ], [ 28.7183917, 47.1148415 ], [ 28.718309, 47.1147713 ], [ 28.7182243, 47.1147024 ] ] } },
{ "type": "Feature", "properties": { "vineyard_id": "V24", "row_id": "V24-R055", "row_structure": "regular", "length_m": 57.86 }, "geometry": { "type": "LineString", "coordinates": [ [ 28.7184755, 47.1148423 ], [ 28.718441, 47.1148151 ], [ 28.7184054, 47.1147885 ], [ 28.7182855, 47.1146928 ], [ 28.7182321, 47.1146529 ], [ 28.7179769, 47.1144485 ] ] } },
{ "type": "Feature", "properties": { "vineyard_id": "V24", "row_id": "V24-R056", "row_structure": "regular", "length_m": 56.01 }, "geometry": { "type": "LineString", "coordinates": [ [ 28.7184615, 47.1148001 ], [ 28.7184252, 47.114774 ], [ 28.7183393, 47.1147057 ], [ 28.7182547, 47.1146368 ], [ 28.7180493, 47.1144726 ], [ 28.7179816, 47.1144174 ] ] } },
{ "type": "Feature", "properties": { "vineyard_id": "V24", "row_id": "V24-R057", "row_structure": "regular", "length_m": 61.5 }, "geometry": { "type": "LineString", "coordinates": [ [ 28.7185393, 47.1148323 ], [ 28.7183336, 47.1146682 ], [ 28.7182662, 47.1146129 ], [ 28.7181457, 47.1145175 ], [ 28.7180606, 47.1144488 ], [ 28.7180146, 47.1144106 ] ] } },
{ "type": "Feature", "properties": { "vineyard_id": "V24", "row_id": "V24-R058", "row_structure": "regular", "length_m": 41.85 }, "geometry": { "type": "LineString", "coordinates": [ [ 28.7183934, 47.1146866 ], [ 28.7182893, 47.1146054 ], [ 28.7180835, 47.1144414 ], [ 28.7180319, 47.1144022 ] ] } },
{ "type": "Feature", "properties": { "vineyard_id": "V24", "row_id": "V24-R059", "row_structure": "regular", "length_m": 64.82 }, "geometry": { "type": "LineString", "coordinates": [ [ 28.7185682, 47.1148214 ], [ 28.7185136, 47.1147822 ], [ 28.7184794, 47.1147548 ], [ 28.7184633, 47.1147405 ], [ 28.7184333, 47.1147107 ], [ 28.7181904, 47.1144973 ], [ 28.718031, 47.1143685 ] ] } },
{ "type": "Feature", "properties": { "vineyard_id": "V24", "row_id": "V24-R060", "row_structure": "regular", "length_m": 47.02 }, "geometry": { "type": "LineString", "coordinates": [ [ 28.7186375, 47.1148401 ], [ 28.7186195, 47.1148269 ], [ 28.7185814, 47.1148018 ], [ 28.7184939, 47.1147345 ], [ 28.7183736, 47.114639 ], [ 28.7182297, 47.1145217 ] ] } },
{ "type": "Feature", "properties": { "vineyard_id": "V24", "row_id": "V24-R061", "row_structure": "regular", "length_m": 29.07 }, "geometry": { "type": "LineString", "coordinates": [ [ 28.7183922, 47.1146216 ], [ 28.7183048, 47.1145543 ], [ 28.7181849, 47.1144585 ], [ 28.7181673, 47.1144452 ], [ 28.7181382, 47.114426 ] ] } },
{ "type": "Feature", "properties": { "vineyard_id": "V24", "row_id": "V24-R062", "row_structure": "regular", "length_m": 20.45 }, "geometry": { "type": "LineString", "coordinates": [ [ 28.7183316, 47.1145446 ], [ 28.7181557, 47.1144052 ] ] } },
{ "type": "Feature", "properties": { "vineyard_id": "V24", "row_id": "V24-R063", "row_structure": "regular", "length_m": 14.8 }, "geometry": { "type": "LineString", "coordinates": [ [ 28.7186105, 47.1147966 ], [ 28.7184813, 47.1146969 ] ] } },
{ "type": "Feature", "properties": { "vineyard_id": "V24", "row_id": "V24-R064", "row_structure": "regular", "length_m": 10.7 }, "geometry": { "type": "LineString", "coordinates": [ [ 28.718225, 47.1144233 ], [ 28.7181756, 47.1143812 ], [ 28.7181354, 47.114349 ] ] } },
{ "type": "Feature", "properties": { "vineyard_id": "V24", "row_id": "V24-R065", "row_structure": "regular", "length_m": 9.92 }, "geometry": { "type": "LineString", "coordinates": [ [ 28.7186162, 47.1147685 ], [ 28.7185786, 47.1147431 ], [ 28.7185265, 47.1147036 ] ] } },
{ "type": "Feature", "properties": { "vineyard_id": "V24", "row_id": "V24-R066", "row_structure": "regular", "length_m": 10.25 }, "geometry": { "type": "LineString", "coordinates": [ [ 28.7186379, 47.1147476 ], [ 28.7185475, 47.114679 ] ] } },
{ "type": "Feature", "properties": { "vineyard_id": "V25", "row_id": "V25-R001", "row_structure": "regular", "length_m": 26.44 }, "geometry": { "type": "LineString", "coordinates": [ [ 28.7167692, 47.1143768 ], [ 28.7166224, 47.1142273 ], [ 28.7165984, 47.114195 ], [ 28.7165829, 47.1141761 ] ] } },
{ "type": "Feature", "properties": { "vineyard_id": "V25", "row_id": "V25-R002", "row_structure": "regular", "length_m": 17.85 }, "geometry": { "type": "LineString", "coordinates": [ [ 28.7167827, 47.1143467 ], [ 28.7166515, 47.1142134 ] ] } },
{ "type": "Feature", "properties": { "vineyard_id": "V25", "row_id": "V25-R003", "row_structure": "regular", "length_m": 5.66 }, "geometry": { "type": "LineString", "coordinates": [ [ 28.7168266, 47.114292 ], [ 28.7167822, 47.1142511 ] ] } },
{ "type": "Feature", "properties": { "vineyard_id": "V26", "row_id": "V26-R001", "row_structure": "regular", "length_m": 6.15 }, "geometry": { "type": "LineString", "coordinates": [ [ 28.7166862, 47.1147762 ], [ 28.7166419, 47.1147298 ] ] } },
{ "type": "Feature", "properties": { "vineyard_id": "V26", "row_id": "V26-R002", "row_structure": "regular", "length_m": 31.95 }, "geometry": { "type": "LineString", "coordinates": [ [ 28.7169827, 47.1148451 ], [ 28.716866, 47.1147252 ], [ 28.7167477, 47.1146066 ] ] } },
{ "type": "Feature", "properties": { "vineyard_id": "V26", "row_id": "V26-R003", "row_structure": "regular", "length_m": 38.8 }, "geometry": { "type": "LineString", "coordinates": [ [ 28.7170366, 47.1148567 ], [ 28.7167513, 47.114567 ] ] } },
{ "type": "Feature", "properties": { "vineyard_id": "V26", "row_id": "V26-R004", "row_structure": "regular", "length_m": 64.65 }, "geometry": { "type": "LineString", "coordinates": [ [ 28.7168818, 47.1149276 ], [ 28.7166903, 47.1147337 ], [ 28.7165886, 47.1146286 ], [ 28.7165459, 47.1145831 ], [ 28.716409, 47.1144437 ] ] } },
{ "type": "Feature", "properties": { "vineyard_id": "V26", "row_id": "V26-R005", "row_structure": "regular", "length_m": 60.25 }, "geometry": { "type": "LineString", "coordinates": [ [ 28.7169087, 47.1149093 ], [ 28.7166894, 47.1146848 ], [ 28.7165739, 47.1145643 ], [ 28.7164689, 47.114458 ] ] } },
{ "type": "Feature", "properties": { "vineyard_id": "V26", "row_id": "V26-R006", "row_structure": "disrupted", "length_m": 41.51 }, "geometry": { "type": "LineString", "coordinates": [ [ 28.7171583, 47.1148551 ], [ 28.717037, 47.1147373 ], [ 28.7169648, 47.114662 ], [ 28.7168914, 47.1145873 ], [ 28.7168499, 47.1145467 ] ] } },
{ "type": "Feature", "properties": { "vineyard_id": "V26", "row_id": "V26-R007", "row_structure": "regular", "length_m": 25.1 }, "geometry": { "type": "LineString", "coordinates": [ [ 28.7170018, 47.1147811 ], [ 28.7168173, 47.1145936 ] ] } },
{ "type": "Feature", "properties": { "vineyard_id": "V26", "row_id": "V26-R008", "row_structure": "regular", "length_m": 50.03 }, "geometry": { "type": "LineString", "coordinates": [ [ 28.7171343, 47.1148661 ], [ 28.7171184, 47.1148517 ], [ 28.7170842, 47.1148241 ], [ 28.7168635, 47.1146001 ], [ 28.7167596, 47.114496 ] ] } },
{ "type": "Feature", "properties": { "vineyard_id": "V26", "row_id": "V26-R009", "row_structure": "disrupted", "length_m": 60.95 }, "geometry": { "type": "LineString", "coordinates": [ [ 28.7169744, 47.1148792 ], [ 28.7167842, 47.1146846 ], [ 28.7167093, 47.1146106 ], [ 28.7166064, 47.1145061 ], [ 28.716527, 47.1144238 ] ] } },
{ "type": "Feature", "properties": { "vineyard_id": "V26", "row_id": "V26-R010", "row_structure": "regular", "length_m": 61.25 }, "geometry": { "type": "LineString", "coordinates": [ [ 28.7169093, 47.1148598 ], [ 28.7168652, 47.114815 ], [ 28.7168193, 47.114771 ], [ 28.7166432, 47.1145916 ], [ 28.7165717, 47.114516 ], [ 28.7164591, 47.1144024 ] ] } },
{ "type": "Feature", "properties": { "vineyard_id": "V26", "row_id": "V26-R011", "row_structure": "regular", "length_m": 41.53 }, "geometry": { "type": "LineString", "coordinates": [ [ 28.7173169, 47.1147965 ], [ 28.7172837, 47.1147684 ], [ 28.7172518, 47.1147397 ], [ 28.7171772, 47.1146655 ], [ 28.7170456, 47.1145307 ], [ 28.7170304, 47.114516 ], [ 28.7170021, 47.1144911 ] ] } },
{ "type": "Feature", "properties": { "vineyard_id": "V26", "row_id": "V26-R012", "row_structure": "disrupted", "length_m": 41.55 }, "geometry": { "type": "LineString", "coordinates": [ [ 28.7171197, 47.1147785 ], [ 28.7169583, 47.1146141 ], [ 28.7168136, 47.1144686 ] ] } },
{ "type": "Feature", "properties": { "vineyard_id": "V26", "row_id": "V26-R013", "row_structure": "regular", "length_m": 5.65 }, "geometry": { "type": "LineString", "coordinates": [ [ 28.7175136, 47.1146719 ], [ 28.7174699, 47.1146307 ] ] } },
{ "type": "Feature", "properties": { "vineyard_id": "V26", "row_id": "V26-R014", "row_structure": "regular", "length_m": 22.02 }, "geometry": { "type": "LineString", "coordinates": [ [ 28.7173222, 47.1147143 ], [ 28.7171687, 47.1145463 ] ] } },
{ "type": "Feature", "properties": { "vineyard_id": "V26", "row_id": "V26-R015", "row_structure": "disrupted", "length_m": 67.82 }, "geometry": { "type": "LineString", "coordinates": [ [ 28.7173249, 47.1148329 ], [ 28.7173087, 47.1148187 ], [ 28.7172735, 47.1147915 ], [ 28.7171923, 47.1147203 ], [ 28.7170739, 47.1146012 ], [ 28.7168112, 47.1143342 ] ] } },
{ "type": "Feature", "properties": { "vineyard_id": "V26", "row_id": "V26-R016", "row_structure": "regular", "length_m": 41.3 }, "geometry": { "type": "LineString", "coordinates": [ [ 28.7170923, 47.1147071 ], [ 28.7167902, 47.114398 ] ] } },
{ "type": "Feature", "properties": { "vineyard_id": "V26", "row_id": "V26-R017", "row_structure": "disrupted", "length_m": 43.6 }, "geometry": { "type": "LineString", "coordinates": [ [ 28.717129, 47.1147 ], [ 28.7170551, 47.1146255 ], [ 28.7168094, 47.114374 ] ] } },
{ "type": "Feature", "properties": { "vineyard_id": "V26", "row_id": "V26-R018", "row_structure": "disrupted", "length_m": 50.07 }, "geometry": { "type": "LineString", "coordinates": [ [ 28.7173576, 47.114698 ], [ 28.7173097, 47.1146549 ], [ 28.7172738, 47.1146281 ], [ 28.717257, 47.1146141 ], [ 28.7172257, 47.1145851 ], [ 28.7171442, 47.1145142 ], [ 28.7169532, 47.1143422 ] ] } },
{ "type": "Feature", "properties": { "vineyard_id": "V26", "row_id": "V26-R019", "row_structure": "regular", "length_m": 16.05 }, "geometry": { "type": "LineString", "coordinates": [ [ 28.7172788, 47.1145772 ], [ 28.7172332, 47.1145331 ], [ 28.7171597, 47.1144579 ] ] } },
{ "type": "Feature", "properties": { "vineyard_id": "V26", "row_id": "V26-R020", "row_structure": "regular", "length_m": 37.14 }, "geometry": { "type": "LineString", "coordinates": [ [ 28.7174028, 47.114664 ], [ 28.7173609, 47.1146182 ], [ 28.717156, 47.1143755 ] ] } },
{ "type": "Feature", "properties": { "vineyard_id": "V26", "row_id": "V26-R021", "row_structure": "disrupted", "length_m": 42.3 }, "geometry": { "type": "LineString", "coordinates": [ [ 28.7171882, 47.1146453 ], [ 28.7169651, 47.1144441 ], [ 28.7169197, 47.1143999 ], [ 28.7168554, 47.11434 ] ] } },
{ "type": "Feature", "properties": { "vineyard_id": "V26", "row_id": "V26-R022", "row_structure": "regular", "length_m": 22.03 }, "geometry": { "type": "LineString", "coordinates": [ [ 28.7171973, 47.1145663 ], [ 28.7171839, 47.1145508 ], [ 28.7171596, 47.1145186 ], [ 28.7170444, 47.114398 ] ] } },
{ "type": "Feature", "properties": { "vineyard_id": "V26", "row_id": "V26-R023", "row_structure": "regular", "length_m": 56.86 }, "geometry": { "type": "LineString", "coordinates": [ [ 28.7174779, 47.1146966 ], [ 28.717432, 47.1146527 ], [ 28.7171334, 47.114356 ], [ 28.7170481, 47.1142776 ] ] } },
{ "type": "Feature", "properties": { "vineyard_id": "V26", "row_id": "V26-R024", "row_structure": "regular", "length_m": 62.3 }, "geometry": { "type": "LineString", "coordinates": [ [ 28.717388, 47.1146871 ], [ 28.7173448, 47.1146419 ], [ 28.7172998, 47.1145975 ], [ 28.7172538, 47.1145536 ], [ 28.7169268, 47.1142235 ] ] } },
{ "type": "Feature", "properties": { "vineyard_id": "V26", "row_id": "V26-R025", "row_structure": "regular", "length_m": 3.55 }, "geometry": { "type": "LineString", "coordinates": [ [ 28.7158694, 47.114363 ], [ 28.7158346, 47.1143844 ] ] } },
{ "type": "Feature", "properties": { "vineyard_id": "V26", "row_id": "V26-R026", "row_structure": "regular", "length_m": 24.62 }, "geometry": { "type": "LineString", "coordinates": [ [ 28.7171295, 47.1144802 ], [ 28.7170367, 47.1143927 ], [ 28.7169736, 47.1143349 ], [ 28.7169363, 47.1143022 ] ] } },
{ "type": "Feature", "properties": { "vineyard_id": "V26", "row_id": "V26-R027", "row_structure": "regular", "length_m": 9.91 }, "geometry": { "type": "LineString", "coordinates": [ [ 28.7158898, 47.114284 ], [ 28.7158701, 47.1142959 ], [ 28.7158319, 47.114321 ], [ 28.7157921, 47.1143431 ] ] } },
{ "type": "Feature", "properties": { "vineyard_id": "V26", "row_id": "V26-R028", "row_structure": "regular", "length_m": 4.55 }, "geometry": { "type": "LineString", "coordinates": [ [ 28.7170464, 47.1143757 ], [ 28.7170108, 47.1143427 ] ] } },
{ "type": "Feature", "properties": { "vineyard_id": "V26", "row_id": "V26-R029", "row_structure": "regular", "length_m": 3.86 }, "geometry": { "type": "LineString", "coordinates": [ [ 28.7169018, 47.1143604 ], [ 28.7168713, 47.1143327 ] ] } },
{ "type": "Feature", "properties": { "vineyard_id": "V26", "row_id": "V26-R030", "row_structure": "regular", "length_m": 80.92 }, "geometry": { "type": "LineString", "coordinates": [ [ 28.7174677, 47.1146595 ], [ 28.7174138, 47.1145975 ], [ 28.7171901, 47.1143749 ], [ 28.7170865, 47.1142707 ], [ 28.7170436, 47.1142253 ], [ 28.7169405, 47.1141209 ], [ 28.7169099, 47.1140916 ], [ 28.7168708, 47.1140564 ] ] } },
{ "type": "Feature", "properties": { "vineyard_id": "V26", "row_id": "V26-R031", "row_structure": "disrupted", "length_m": 56.95 }, "geometry": { "type": "LineString", "coordinates": [ [ 28.7165646, 47.1141377 ], [ 28.7159828, 47.1144614 ] ] } },
{ "type": "Feature", "properties": { "vineyard_id": "V26", "row_id": "V26-R032", "row_structure": "regular", "length_m": 61.0 }, "geometry": { "type": "LineString", "coordinates": [ [ 28.717294, 47.114566 ], [ 28.7171432, 47.1144184 ], [ 28.717069, 47.114344 ], [ 28.7169957, 47.1142692 ], [ 28.716953, 47.1142238 ], [ 28.716842, 47.1141121 ] ] } },
{ "type": "Feature", "properties": { "vineyard_id": "V26", "row_id": "V26-R033", "row_structure": "regular", "length_m": 71.7 }, "geometry": { "type": "LineString", "coordinates": [ [ 28.7174527, 47.1145963 ], [ 28.717126, 47.1142692 ], [ 28.717009, 47.1141495 ], [ 28.7169205, 47.1140633 ] ] } },
{ "type": "Feature", "properties": { "vineyard_id": "V26", "row_id": "V26-R034", "row_structure": "disrupted", "length_m": 52.03 }, "geometry": { "type": "LineString", "coordinates": [ [ 28.7174987, 47.1145239 ], [ 28.7174542, 47.1144793 ], [ 28.7174199, 47.1144517 ], [ 28.7174038, 47.1144374 ], [ 28.7171023, 47.1141421 ] ] } },
{ "type": "Feature", "properties": { "vineyard_id": "V26", "row_id": "V26-R035", "row_structure": "disrupted", "length_m": 90.85 }, "geometry": { "type": "LineString", "coordinates": [ [ 28.717545, 47.1146503 ], [ 28.7175155, 47.1146205 ], [ 28.7174771, 47.114573 ], [ 28.717289, 47.1143557 ], [ 28.7172753, 47.1143403 ], [ 28.7172459, 47.1143105 ], [ 28.7172098, 47.114262 ], [ 28.7169887, 47.1139947 ], [ 28.7169434, 47.113944 ] ] } },
{ "type": "Feature", "properties": { "vineyard_id": "V26", "row_id": "V26-R036", "row_structure": "regular", "length_m": 55.07 }, "geometry": { "type": "LineString", "coordinates": [ [ 28.7166449, 47.1140711 ], [ 28.7164407, 47.1141849 ], [ 28.7163817, 47.1142209 ], [ 28.7163409, 47.1142436 ], [ 28.7162812, 47.1142791 ], [ 28.7161403, 47.1143605 ], [ 28.7160914, 47.1143914 ] ] } },
{ "type": "Feature", "properties": { "vineyard_id": "V26", "row_id": "V26-R037", "row_structure": "disrupted", "length_m": 46.51 }, "geometry": { "type": "LineString", "coordinates": [ [ 28.7167521, 47.1140874 ], [ 28.7166063, 47.1141647 ], [ 28.7164382, 47.1142518 ], [ 28.7163359, 47.1143085 ], [ 28.7162702, 47.114346 ] ] } },
{ "type": "Feature", "properties": { "vineyard_id": "V26", "row_id": "V26-R038", "row_structure": "regular", "length_m": 32.02 }, "geometry": { "type": "LineString", "coordinates": [ [ 28.7172607, 47.1143623 ], [ 28.7172144, 47.1143186 ], [ 28.7171391, 47.1142447 ], [ 28.7171053, 47.1142169 ], [ 28.7170895, 47.1142025 ], [ 28.7170159, 47.1141278 ] ] } },
{ "type": "Feature", "properties": { "vineyard_id": "V26", "row_id": "V26-R039", "row_structure": "disrupted", "length_m": 98.07 }, "geometry": { "type": "LineString", "coordinates": [ [ 28.7170131, 47.1139152 ], [ 28.7166219, 47.1141287 ], [ 28.7162754, 47.1143227 ], [ 28.7161159, 47.1144169 ], [ 28.7160174, 47.1144775 ] ] } },
{ "type": "Feature", "properties": { "vineyard_id": "V26", "row_id": "V26-R040", "row_structure": "disrupted", "length_m": 47.41 }, "geometry": { "type": "LineString", "coordinates": [ [ 28.7174221, 47.1144132 ], [ 28.7173069, 47.1142926 ], [ 28.7172485, 47.1142326 ], [ 28.7170822, 47.1140553 ] ] } },
{ "type": "Feature", "properties": { "vineyard_id": "V26", "row_id": "V26-R041", "row_structure": "regular", "length_m": 57.32 }, "geometry": { "type": "LineString", "coordinates": [ [ 28.7177081, 47.1144574 ], [ 28.7176555, 47.1143948 ], [ 28.7176413, 47.1143796 ], [ 28.7176115, 47.1143499 ], [ 28.7175771, 47.1143224 ], [ 28.717561, 47.1143081 ], [ 28.717501, 47.1142489 ], [ 28.7172965, 47.1140256 ] ] } },
{ "type": "Feature", "properties": { "vineyard_id": "V26", "row_id": "V26-R042", "row_structure": "regular", "length_m": 72.47 }, "geometry": { "type": "LineString", "coordinates": [ [ 28.7175697, 47.1144976 ], [ 28.7175563, 47.114482 ], [ 28.717527, 47.1144521 ], [ 28.7172321, 47.1141538 ], [ 28.7171171, 47.1140331 ], [ 28.7170876, 47.1140033 ], [ 28.7170358, 47.1139572 ] ] } },
{ "type": "Feature", "properties": { "vineyard_id": "V26", "row_id": "V26-R043", "row_structure": "regular", "length_m": 76.27 }, "geometry": { "type": "LineString", "coordinates": [ [ 28.7176228, 47.1145126 ], [ 28.7175826, 47.114466 ], [ 28.7174793, 47.1143617 ], [ 28.7174341, 47.1143174 ], [ 28.7172879, 47.1141677 ], [ 28.7171388, 47.1140193 ], [ 28.7170604, 47.1139441 ] ] } },
{ "type": "Feature", "properties": { "vineyard_id": "V26", "row_id": "V26-R044", "row_structure": "disrupted", "length_m": 21.1 }, "geometry": { "type": "LineString", "coordinates": [ [ 28.7172924, 47.1142966 ], [ 28.7171405, 47.1141375 ] ] } },
{ "type": "Feature", "properties": { "vineyard_id": "V26", "row_id": "V26-R045", "row_structure": "regular", "length_m": 22.0 }, "geometry": { "type": "LineString", "coordinates": [ [ 28.7170335, 47.1142501 ], [ 28.716989, 47.1142055 ], [ 28.7168682, 47.1140875 ] ] } },
{ "type": "Feature", "properties": { "vineyard_id": "V26", "row_id": "V26-R046", "row_structure": "regular", "length_m": 72.03 }, "geometry": { "type": "LineString", "coordinates": [ [ 28.7176507, 47.1144535 ], [ 28.7175581, 47.1143659 ], [ 28.7174986, 47.1143065 ], [ 28.7174523, 47.1142627 ], [ 28.7173768, 47.114189 ], [ 28.7172986, 47.1141165 ], [ 28.7172228, 47.1140429 ], [ 28.7171437, 47.1139708 ], [ 28.7170988, 47.1139264 ] ] } },
{ "type": "Feature", "properties": { "vineyard_id": "V26", "row_id": "V26-R047", "row_structure": "disrupted", "length_m": 114.86 }, "geometry": { "type": "LineString", "coordinates": [ [ 28.7170908, 47.113796 ], [ 28.7168856, 47.1139089 ], [ 28.7168244, 47.1139431 ], [ 28.7167643, 47.1139782 ], [ 28.7166204, 47.114057 ], [ 28.7164161, 47.1141707 ], [ 28.7163147, 47.1142281 ], [ 28.7160697, 47.1143648 ], [ 28.7159229, 47.1144532 ] ] } },
{ "type": "Feature", "properties": { "vineyard_id": "V26", "row_id": "V26-R048", "row_structure": "regular", "length_m": 57.06 }, "geometry": { "type": "LineString", "coordinates": [ [ 28.7176859, 47.1143828 ], [ 28.7175931, 47.1142954 ], [ 28.7174034, 47.1141223 ], [ 28.7173546, 47.1140797 ], [ 28.7173241, 47.1140503 ], [ 28.7172369, 47.1139711 ] ] } },
{ "type": "Feature", "properties": { "vineyard_id": "V26", "row_id": "V26-R049", "row_structure": "regular", "length_m": 114.15 }, "geometry": { "type": "LineString", "coordinates": [ [ 28.7170649, 47.1137729 ], [ 28.7169454, 47.1138437 ], [ 28.71619, 47.1142647 ], [ 28.7161276, 47.1142979 ], [ 28.7160464, 47.1143438 ], [ 28.7159882, 47.1143805 ], [ 28.7159155, 47.1144343 ] ] } },
{ "type": "Feature", "properties": { "vineyard_id": "V26", "row_id": "V26-R050", "row_structure": "disrupted", "length_m": 112.01 }, "geometry": { "type": "LineString", "coordinates": [ [ 28.7170489, 47.1137595 ], [ 28.7169435, 47.1138136 ], [ 28.716881, 47.1138467 ], [ 28.7166773, 47.1139609 ], [ 28.7165122, 47.1140505 ], [ 28.7161661, 47.1142448 ], [ 28.7158997, 47.1143919 ] ] } },
{ "type": "Feature", "properties": { "vineyard_id": "V26", "row_id": "V26-R051", "row_structure": "regular", "length_m": 3.4 }, "geometry": { "type": "LineString", "coordinates": [ [ 28.7168054, 47.1140823 ], [ 28.7167697, 47.1141008 ] ] } },
{ "type": "Feature", "properties": { "vineyard_id": "V26", "row_id": "V26-R052", "row_structure": "regular", "length_m": 115.76 }, "geometry": { "type": "LineString", "coordinates": [ [ 28.7170194, 47.1137348 ], [ 28.7169177, 47.1137921 ], [ 28.7167978, 47.1138625 ], [ 28.7167565, 47.1138848 ], [ 28.7164502, 47.1140555 ], [ 28.7163474, 47.1141118 ], [ 28.7161845, 47.1142032 ], [ 28.7160001, 47.1143051 ], [ 28.7159416, 47.1143415 ], [ 28.7159052, 47.114368 ], [ 28.7158862, 47.1143806 ], [ 28.7158494, 47.1144025 ] ] } },
{ "type": "Feature", "properties": { "vineyard_id": "V26", "row_id": "V26-R053", "row_structure": "regular", "length_m": 105.45 }, "geometry": { "type": "LineString", "coordinates": [ [ 28.716871, 47.1137529 ], [ 28.7166674, 47.1138673 ], [ 28.7166086, 47.1139034 ], [ 28.7165055, 47.1139595 ], [ 28.7162602, 47.1140958 ], [ 28.7160564, 47.1142099 ], [ 28.7159552, 47.1142676 ], [ 28.7159358, 47.1142798 ], [ 28.7158987, 47.1143057 ], [ 28.7158606, 47.1143307 ], [ 28.7158409, 47.1143426 ], [ 28.7158062, 47.114362 ] ] } },
{ "type": "Feature", "properties": { "vineyard_id": "V26", "row_id": "V26-R054", "row_structure": "regular", "length_m": 106.6 }, "geometry": { "type": "LineString", "coordinates": [ [ 28.7169998, 47.1137185 ], [ 28.7169386, 47.1137526 ], [ 28.716835, 47.1138082 ], [ 28.7165705, 47.1139569 ], [ 28.7162847, 47.1141163 ], [ 28.7162224, 47.1141496 ], [ 28.7159105, 47.1143241 ] ] } },
{ "type": "Feature", "properties": { "vineyard_id": "V26", "row_id": "V26-R055", "row_structure": "regular", "length_m": 42.01 }, "geometry": { "type": "LineString", "coordinates": [ [ 28.7175451, 47.1142307 ], [ 28.7174709, 47.1141563 ], [ 28.7173938, 47.1140833 ], [ 28.7173038, 47.1139945 ], [ 28.7172742, 47.1139647 ], [ 28.717232, 47.113919 ] ] } },
{ "type": "Feature", "properties": { "vineyard_id": "V26", "row_id": "V26-R056", "row_structure": "regular", "length_m": 24.86 }, "geometry": { "type": "LineString", "coordinates": [ [ 28.7173819, 47.1141578 ], [ 28.7172134, 47.1139967 ], [ 28.7171909, 47.1139761 ] ] } },
{ "type": "Feature", "properties": { "vineyard_id": "V26", "row_id": "V26-R057", "row_structure": "disrupted", "length_m": 112.04 }, "geometry": { "type": "LineString", "coordinates": [ [ 28.7169561, 47.1136819 ], [ 28.7167904, 47.1137709 ], [ 28.7162803, 47.1140557 ], [ 28.7162403, 47.1140792 ], [ 28.7161776, 47.1141121 ], [ 28.7160353, 47.1141923 ], [ 28.7159727, 47.1142253 ], [ 28.7158216, 47.1142981 ], [ 28.7158006, 47.114309 ] ] } },
{ "type": "Feature", "properties": { "vineyard_id": "V26", "row_id": "V26-R058", "row_structure": "disrupted", "length_m": 102.01 }, "geometry": { "type": "LineString", "coordinates": [ [ 28.716857, 47.1136702 ], [ 28.7166938, 47.1137613 ], [ 28.7166317, 47.1137947 ], [ 28.7163863, 47.113931 ], [ 28.7162853, 47.1139888 ], [ 28.7162237, 47.1140226 ], [ 28.7161233, 47.1140809 ], [ 28.7159393, 47.1141831 ], [ 28.7158791, 47.1142181 ], [ 28.7158178, 47.1142522 ] ] } },
{ "type": "Feature", "properties": { "vineyard_id": "V26", "row_id": "V26-R059", "row_structure": "regular", "length_m": 81.36 }, "geometry": { "type": "LineString", "coordinates": [ [ 28.716661, 47.1137197 ], [ 28.7165973, 47.1137517 ], [ 28.7164937, 47.1138074 ], [ 28.7160874, 47.1140367 ], [ 28.7160466, 47.1140594 ], [ 28.7159838, 47.1140923 ], [ 28.7158282, 47.1141805 ] ] } },
{ "type": "Feature", "properties": { "vineyard_id": "V26", "row_id": "V26-R060", "row_structure": "regular", "length_m": 82.01 }, "geometry": { "type": "LineString", "coordinates": [ [ 28.7167349, 47.1137103 ], [ 28.7166734, 47.1137442 ], [ 28.7165687, 47.1137989 ], [ 28.7160998, 47.1140612 ], [ 28.7160588, 47.1140839 ], [ 28.7159959, 47.1141167 ], [ 28.7158947, 47.1141743 ] ] } },
{ "type": "Feature", "properties": { "vineyard_id": "V26", "row_id": "V26-R061", "row_structure": "regular", "length_m": 26.47 }, "geometry": { "type": "LineString", "coordinates": [ [ 28.7174859, 47.114095 ], [ 28.7174416, 47.1140503 ], [ 28.7174105, 47.1140212 ], [ 28.7173622, 47.1139783 ], [ 28.71728, 47.1139028 ] ] } },
{ "type": "Feature", "properties": { "vineyard_id": "V26", "row_id": "V26-R062", "row_structure": "regular", "length_m": 31.43 }, "geometry": { "type": "LineString", "coordinates": [ [ 28.7171052, 47.1138862 ], [ 28.7170414, 47.1139183 ], [ 28.7168943, 47.1139945 ], [ 28.7168295, 47.1140256 ], [ 28.7167736, 47.1140557 ] ] } },
{ "type": "Feature", "properties": { "vineyard_id": "V26", "row_id": "V26-R063", "row_structure": "regular", "length_m": 80.36 }, "geometry": { "type": "LineString", "coordinates": [ [ 28.7166343, 47.1136973 ], [ 28.716572, 47.1137305 ], [ 28.7165311, 47.1137533 ], [ 28.716471, 47.1137883 ], [ 28.7162665, 47.1139019 ], [ 28.7162057, 47.1139364 ], [ 28.716123, 47.113981 ], [ 28.7160206, 47.1140377 ], [ 28.7159609, 47.1140731 ], [ 28.7158154, 47.1141556 ] ] } },
{ "type": "Feature", "properties": { "vineyard_id": "V26", "row_id": "V26-R064", "row_structure": "regular", "length_m": 14.51 }, "geometry": { "type": "LineString", "coordinates": [ [ 28.717061, 47.11402 ], [ 28.7169866, 47.1139457 ], [ 28.7169561, 47.1139109 ] ] } },
{ "type": "Feature", "properties": { "vineyard_id": "V26", "row_id": "V26-R065", "row_structure": "regular", "length_m": 90.73 }, "geometry": { "type": "LineString", "coordinates": [ [ 28.7169295, 47.1136724 ], [ 28.7168214, 47.1137243 ], [ 28.7167591, 47.1137575 ], [ 28.7165131, 47.1138933 ], [ 28.7163512, 47.1139855 ], [ 28.7162695, 47.1140311 ], [ 28.7162074, 47.1140645 ], [ 28.7159965, 47.1141826 ] ] } },
{ "type": "Feature", "properties": { "vineyard_id": "V26", "row_id": "V26-R066", "row_structure": "regular", "length_m": 82.02 }, "geometry": { "type": "LineString", "coordinates": [ [ 28.7165161, 47.1136696 ], [ 28.7162497, 47.1138167 ], [ 28.715802, 47.1140683 ], [ 28.71574, 47.1141018 ], [ 28.7156959, 47.1141219 ], [ 28.7156747, 47.1141326 ] ] } },
{ "type": "Feature", "properties": { "vineyard_id": "V26", "row_id": "V26-R067", "row_structure": "regular", "length_m": 75.95 }, "geometry": { "type": "LineString", "coordinates": [ [ 28.7165387, 47.1136885 ], [ 28.7164768, 47.1137221 ], [ 28.7161295, 47.1139154 ], [ 28.7160081, 47.1139846 ], [ 28.7157641, 47.1141212 ] ] } },
{ "type": "Feature", "properties": { "vineyard_id": "V26", "row_id": "V26-R068", "row_structure": "regular", "length_m": 37.07 }, "geometry": { "type": "LineString", "coordinates": [ [ 28.7174585, 47.1141077 ], [ 28.7174124, 47.1140638 ], [ 28.7173381, 47.1139895 ], [ 28.7173045, 47.1139615 ], [ 28.7172888, 47.1139471 ], [ 28.7172592, 47.1139173 ], [ 28.717231, 47.1138869 ], [ 28.7172181, 47.1138711 ], [ 28.7171948, 47.1138384 ], [ 28.7171874, 47.113831 ] ] } },
{ "type": "Feature", "properties": { "vineyard_id": "V26", "row_id": "V26-R069", "row_structure": "regular", "length_m": 20.67 }, "geometry": { "type": "LineString", "coordinates": [ [ 28.7174787, 47.1140439 ], [ 28.7173507, 47.1139293 ], [ 28.7173163, 47.1138947 ] ] } },
{ "type": "Feature", "properties": { "vineyard_id": "V26", "row_id": "V26-R070", "row_structure": "regular", "length_m": 75.97 }, "geometry": { "type": "LineString", "coordinates": [ [ 28.7166105, 47.1136774 ], [ 28.7164892, 47.1137467 ], [ 28.7163453, 47.1138255 ], [ 28.716305, 47.1138487 ], [ 28.7161814, 47.1139161 ], [ 28.7160982, 47.1139603 ], [ 28.7160367, 47.1139943 ], [ 28.7159987, 47.1140194 ], [ 28.715979, 47.1140314 ], [ 28.7158379, 47.1141118 ] ] } },
{ "type": "Feature", "properties": { "vineyard_id": "V26", "row_id": "V26-R071", "row_structure": "regular", "length_m": 20.27 }, "geometry": { "type": "LineString", "coordinates": [ [ 28.7174973, 47.114031 ], [ 28.7174076, 47.1139421 ], [ 28.7173795, 47.1139116 ], [ 28.7173523, 47.113878 ] ] } },
{ "type": "Feature", "properties": { "vineyard_id": "V26", "row_id": "V26-R072", "row_structure": "regular", "length_m": 72.16 }, "geometry": { "type": "LineString", "coordinates": [ [ 28.7164906, 47.1136482 ], [ 28.7164314, 47.1136841 ], [ 28.7161256, 47.1138552 ], [ 28.7160245, 47.1139129 ], [ 28.7157783, 47.1140485 ], [ 28.7157554, 47.1140599 ] ] } },
{ "type": "Feature", "properties": { "vineyard_id": "V26", "row_id": "V26-R073", "row_structure": "regular", "length_m": 85.78 }, "geometry": { "type": "LineString", "coordinates": [ [ 28.7165116, 47.1136039 ], [ 28.7163916, 47.1136743 ], [ 28.7162889, 47.1137307 ], [ 28.7161466, 47.1138108 ], [ 28.7158996, 47.1139457 ], [ 28.7157986, 47.1140036 ], [ 28.7157368, 47.1140373 ], [ 28.7156965, 47.1140605 ], [ 28.7156425, 47.114097 ] ] } },
{ "type": "Feature", "properties": { "vineyard_id": "V26", "row_id": "V26-R074", "row_structure": "regular", "length_m": 8.13 }, "geometry": { "type": "LineString", "coordinates": [ [ 28.7174598, 47.113956 ], [ 28.7174444, 47.1139414 ], [ 28.7174102, 47.1139137 ], [ 28.7173934, 47.1138987 ] ] } },
{ "type": "Feature", "properties": { "vineyard_id": "V26", "row_id": "V26-R075", "row_structure": "regular", "length_m": 86.65 }, "geometry": { "type": "LineString", "coordinates": [ [ 28.7164971, 47.1135826 ], [ 28.7162317, 47.1137305 ], [ 28.7159686, 47.1138804 ], [ 28.7158255, 47.1139599 ], [ 28.7156159, 47.1140784 ] ] } },
{ "type": "Feature", "properties": { "vineyard_id": "V26", "row_id": "V26-R076", "row_structure": "disrupted", "length_m": 76.84 }, "geometry": { "type": "LineString", "coordinates": [ [ 28.7164741, 47.1135633 ], [ 28.7161482, 47.113746 ], [ 28.7160042, 47.1138248 ], [ 28.7158621, 47.1139052 ], [ 28.7158427, 47.1139174 ], [ 28.7158059, 47.1139435 ], [ 28.7156975, 47.1140065 ] ] } },
{ "type": "Feature", "properties": { "vineyard_id": "V26", "row_id": "V26-R077", "row_structure": "regular", "length_m": 68.35 }, "geometry": { "type": "LineString", "coordinates": [ [ 28.7164244, 47.1135566 ], [ 28.7162826, 47.1136372 ], [ 28.7161393, 47.1137165 ], [ 28.7160378, 47.1137739 ], [ 28.7159372, 47.1138321 ], [ 28.7158372, 47.1138907 ], [ 28.7157817, 47.1139297 ], [ 28.7157384, 47.1139547 ] ] } },
{ "type": "Feature", "properties": { "vineyard_id": "V26", "row_id": "V26-R078", "row_structure": "regular", "length_m": 4.32 }, "geometry": { "type": "LineString", "coordinates": [ [ 28.7169775, 47.1136998 ], [ 28.716958, 47.113712 ], [ 28.7169368, 47.1137269 ] ] } },
{ "type": "Feature", "properties": { "vineyard_id": "V26", "row_id": "V26-R079", "row_structure": "regular", "length_m": 28.42 }, "geometry": { "type": "LineString", "coordinates": [ [ 28.7163411, 47.1135368 ], [ 28.7162802, 47.1135712 ], [ 28.7161824, 47.1136317 ], [ 28.7161426, 47.1136553 ], [ 28.7160577, 47.1137038 ] ] } },
{ "type": "Feature", "properties": { "vineyard_id": "V26", "row_id": "V26-R080", "row_structure": "regular", "length_m": 31.91 }, "geometry": { "type": "LineString", "coordinates": [ [ 28.7164245, 47.1135368 ], [ 28.7163787, 47.1135554 ], [ 28.716357, 47.1135657 ], [ 28.7162737, 47.1136099 ], [ 28.7161722, 47.1136672 ], [ 28.7161133, 47.1137034 ], [ 28.7160945, 47.1137139 ] ] } },
{ "type": "Feature", "properties": { "vineyard_id": "V26", "row_id": "V26-R081", "row_structure": "regular", "length_m": 20.66 }, "geometry": { "type": "LineString", "coordinates": [ [ 28.7162799, 47.1135432 ], [ 28.7162202, 47.1135787 ], [ 28.7161813, 47.113603 ], [ 28.7161208, 47.1136378 ], [ 28.7160748, 47.1136655 ] ] } },
{ "type": "Feature", "properties": { "vineyard_id": "V26", "row_id": "V26-R082", "row_structure": "regular", "length_m": 11.1 }, "geometry": { "type": "LineString", "coordinates": [ [ 28.716256, 47.113536 ], [ 28.7161437, 47.1136 ] ] } }
]
}
