level,vineyard_id,row_id,row_length_m,canopy_area_m2,interrow_area_m2,canopy_count,row_count,block_count
row,AUTO-siret3_r005_c004,AUTO-siret3_r005_c004-R01,5.4,,,,,
row,AUTO-siret3_r005_c004,AUTO-siret3_r005_c004-R02,9.85,,,,,
row,AUTO-siret3_r005_c004,AUTO-siret3_r005_c004-R03,15.82,,,,,
row,AUTO-siret3_r005_c004,AUTO-siret3_r005_c004-R04,17.4,,,,,
row,AUTO-siret3_r005_c004,AUTO-siret3_r005_c004-R05,25.25,,,,,
row,AUTO-siret3_r005_c004,AUTO-siret3_r005_c004-R06,29.83,,,,,
row,AUTO-siret3_r005_c004,AUTO-siret3_r005_c004-R07,33.5,,,,,
row,AUTO-siret3_r005_c004,AUTO-siret3_r005_c004-R08,32.33,,,,,
row,AUTO-siret3_r005_c004,AUTO-siret3_r005_c004-R09,28.65,,,,,
row,AUTO-siret3_r005_c004,AUTO-siret3_r005_c004-R10,29.87,,,,,
row,AUTO-siret3_r005_c004,AUTO-siret3_r005_c004-R11,29.05,,,,,
row,AUTO-siret3_r005_c004,AUTO-siret3_r005_c004-R12,27.55,,,,,
row,AUTO-siret3_r005_c004,AUTO-siret3_r005_c004-R13,22.63,,,,,
row,AUTO-siret3_r005_c004,AUTO-siret3_r005_c004-R14,19.75,,,,,
row,AUTO-siret3_r005_c004,AUTO-siret3_r005_c004-R15,14.15,,,,,
row,AUTO-siret3_r005_c004,AUTO-siret3_r005_c004-R16,17.0,,,,,
row,AUTO-siret3_r005_c004,AUTO-siret3_r005_c004-R17,16.6,,,,,
row,AUTO-siret3_r005_c004,AUTO-siret3_r005_c004-R18,15.07,,,,,
row,AUTO-siret3_r005_c004,AUTO-siret3_r005_c004-R19,12.02,,,,,
row,AUTO-siret3_r005_c004,AUTO-siret3_r005_c004-R20,16.6,,,,,
row,AUTO-siret3_r005_c004,AUTO-siret3_r005_c004-R21,13.9,,,,,
row,AUTO-siret3_r005_c004,AUTO-siret3_r005_c004-R22,18.25,,,,,
row,AUTO-siret3_r005_c004,AUTO-siret3_r005_c004-R23,16.55,,,,,
row,AUTO-siret3_r005_c004,AUTO-siret3_r005_c004-R24,6.25,,,,,
block,AUTO-siret3_r005_c004,,473.27,145.19,852.9,301,24,
row,AUTO-siret3_r006_c003,AUTO-siret3_r006_c003-R01,8.95,,,,,
row,AUTO-siret3_r006_c003,AUTO-siret3_r006_c003-R02,15.97,,,,,
row,AUTO-siret3_r006_c003,AUTO-siret3_r006_c003-R03,21.57,,,,,
row,AUTO-siret3_r006_c003,AUTO-siret3_r006_c003-R04,29.3,,,,,
row,AUTO-siret3_r006_c003,AUTO-siret3_r006_c003-R05,37.35,,,,,
row,AUTO-siret3_r006_c003,AUTO-siret3_r006_c003-R06,42.57,,,,,
row,AUTO-siret3_r006_c003,AUTO-siret3_r006_c003-R07,49.37,,,,,
row,AUTO-siret3_r006_c003,AUTO-siret3_r006_c003-R08,54.35,,,,,
row,AUTO-siret3_r006_c003,AUTO-siret3_r006_c003-R09,53.15,,,,,
row,AUTO-siret3_r006_c003,AUTO-siret3_r006_c003-R10,50.48,,,,,
row,AUTO-siret3_r006_c003,AUTO-siret3_r006_c003-R11,48.3,,,,,
row,AUTO-siret3_r006_c003,AUTO-siret3_r006_c003-R12,46.02,,,,,
row,AUTO-siret3_r006_c003,AUTO-siret3_r006_c003-R13,43.72,,,,,
row,AUTO-siret3_r006_c003,AUTO-siret3_r006_c003-R14,41.35,,,,,
row,AUTO-siret3_r006_c003,AUTO-siret3_r006_c003-R15,38.45,,,,,
row,AUTO-siret3_r006_c003,AUTO-siret3_r006_c003-R16,35.7,,,,,
row,AUTO-siret3_r006_c003,AUTO-siret3_r006_c003-R17,32.33,,,,,
row,AUTO-siret3_r006_c003,AUTO-siret3_r006_c003-R18,30.67,,,,,
row,AUTO-siret3_r006_c003,AUTO-siret3_r006_c003-R19,28.67,,,,,
row,AUTO-siret3_r006_c003,AUTO-siret3_r006_c003-R20,27.3,,,,,
row,AUTO-siret3_r006_c003,AUTO-siret3_r006_c003-R21,22.18,,,,,
row,AUTO-siret3_r006_c003,AUTO-siret3_r006_c003-R22,22.12,,,,,
block,AUTO-siret3_r006_c003,,779.89,300.99,1536.28,584,22,
row,AUTO-siret3_r007_c001,AUTO-siret3_r007_c001-R01,34.17,,,,,
row,AUTO-siret3_r007_c001,AUTO-siret3_r007_c001-R02,39.55,,,,,
row,AUTO-siret3_r007_c001,AUTO-siret3_r007_c001-R03,44.5,,,,,
row,AUTO-siret3_r007_c001,AUTO-siret3_r007_c001-R04,28.23,,,,,
row,AUTO-siret3_r007_c001,AUTO-siret3_r007_c001-R05,16.07,,,,,
row,AUTO-siret3_r007_c001,AUTO-siret3_r007_c001-R06,2.98,,,,,
block,AUTO-siret3_r007_c001,,165.5,38.98,562.43,82,6,
row,AUTO-siret3_r007_c002,AUTO-siret3_r007_c002-R01,6.4,,,,,
row,AUTO-siret3_r007_c002,AUTO-siret3_r007_c002-R02,13.38,,,,,
row,AUTO-siret3_r007_c002,AUTO-siret3_r007_c002-R03,19.55,,,,,
row,AUTO-siret3_r007_c002,AUTO-siret3_r007_c002-R04,26.88,,,,,
row,AUTO-siret3_r007_c002,AUTO-siret3_r007_c002-R05,34.17,,,,,
row,AUTO-siret3_r007_c002,AUTO-siret3_r007_c002-R06,43.35,,,,,
row,AUTO-siret3_r007_c002,AUTO-siret3_r007_c002-R07,49.07,,,,,
row,AUTO-siret3_r007_c002,AUTO-siret3_r007_c002-R08,54.82,,,,,
row,AUTO-siret3_r007_c002,AUTO-siret3_r007_c002-R09,55.47,,,,,
row,AUTO-siret3_r007_c002,AUTO-siret3_r007_c002-R10,55.5,,,,,
row,AUTO-siret3_r007_c002,AUTO-siret3_r007_c002-R11,55.38,,,,,
row,AUTO-siret3_r007_c002,AUTO-siret3_r007_c002-R12,55.0,,,,,
row,AUTO-siret3_r007_c002,AUTO-siret3_r007_c002-R13,54.45,,,,,
row,AUTO-siret3_r007_c002,AUTO-siret3_r007_c002-R14,52.12,,,,,
row,AUTO-siret3_r007_c002,AUTO-siret3_r007_c002-R15,47.25,,,,,
row,AUTO-siret3_r007_c002,AUTO-siret3_r007_c002-R16,45.58,,,,,
row,AUTO-siret3_r007_c002,AUTO-siret3_r007_c002-R17,43.85,,,,,
row,AUTO-siret3_r007_c002,AUTO-siret3_r007_c002-R18,41.4,,,,,
row,AUTO-siret3_r007_c002,AUTO-siret3_r007_c002-R19,35.7,,,,,
row,AUTO-siret3_r007_c002,AUTO-siret3_r007_c002-R20,36.12,,,,,
row,AUTO-siret3_r007_c002,AUTO-siret3_r007_c002-R21,11.72,,,,,
block,AUTO-siret3_r007_c002,,837.18,274.53,1765.61,550,21,
row,AUTO-siret3_r007_c003,AUTO-siret3_r007_c003-R01,9.52,,,,,
row,AUTO-siret3_r007_c003,AUTO-siret3_r007_c003-R02,16.88,,,,,
row,AUTO-siret3_r007_c003,AUTO-siret3_r007_c003-R03,24.25,,,,,
row,AUTO-siret3_r007_c003,AUTO-siret3_r007_c003-R04,29.45,,,,,
row,AUTO-siret3_r007_c003,AUTO-siret3_r007_c003-R05,38.55,,,,,
row,AUTO-siret3_r007_c003,AUTO-siret3_r007_c003-R06,45.72,,,,,
row,AUTO-siret3_r007_c003,AUTO-siret3_r007_c003-R07,52.8,,,,,
row,AUTO-siret3_r007_c003,AUTO-siret3_r007_c003-R08,54.85,,,,,
row,AUTO-siret3_r007_c003,AUTO-siret3_r007_c003-R09,55.15,,,,,
row,AUTO-siret3_r007_c003,AUTO-siret3_r007_c003-R10,50.18,,,,,
row,AUTO-siret3_r007_c003,AUTO-siret3_r007_c003-R11,55.37,,,,,
row,AUTO-siret3_r007_c003,AUTO-siret3_r007_c003-R12,55.12,,,,,
row,AUTO-siret3_r007_c003,AUTO-siret3_r007_c003-R13,55.4,,,,,
row,AUTO-siret3_r007_c003,AUTO-siret3_r007_c003-R14,52.55,,,,,
row,AUTO-siret3_r007_c003,AUTO-siret3_r007_c003-R15,55.15,,,,,
row,AUTO-siret3_r007_c003,AUTO-siret3_r007_c003-R16,54.93,,,,,
row,AUTO-siret3_r007_c003,AUTO-siret3_r007_c003-R17,55.5,,,,,
row,AUTO-siret3_r007_c003,AUTO-siret3_r007_c003-R18,54.5,,,,,
row,AUTO-siret3_r007_c003,AUTO-siret3_r007_c003-R19,50.73,,,,,
row,AUTO-siret3_r007_c003,AUTO-siret3_r007_c003-R20,43.52,,,,,
row,AUTO-siret3_r007_c003,AUTO-siret3_r007_c003-R21,35.55,,,,,
row,AUTO-siret3_r007_c003,AUTO-siret3_r007_c003-R22,28.58,,,,,
row,AUTO-siret3_r007_c003,AUTO-siret3_r007_c003-R23,21.4,,,,,
row,AUTO-siret3_r007_c003,AUTO-siret3_r007_c003-R24,14.52,,,,,
block,AUTO-siret3_r007_c003,,1010.18,306.75,1885.82,625,24,
row,AUTO-siret3_r007_c004,AUTO-siret3_r007_c004-R01,20.5,,,,,
row,AUTO-siret3_r007_c004,AUTO-siret3_r007_c004-R02,29.18,,,,,
row,AUTO-siret3_r007_c004,AUTO-siret3_r007_c004-R03,35.95,,,,,
row,AUTO-siret3_r007_c004,AUTO-siret3_r007_c004-R04,43.27,,,,,
row,AUTO-siret3_r007_c004,AUTO-siret3_r007_c004-R05,50.78,,,,,
row,AUTO-siret3_r007_c004,AUTO-siret3_r007_c004-R06,55.43,,,,,
row,AUTO-siret3_r007_c004,AUTO-siret3_r007_c004-R07,55.32,,,,,
row,AUTO-siret3_r007_c004,AUTO-siret3_r007_c004-R08,54.3,,,,,
row,AUTO-siret3_r007_c004,AUTO-siret3_r007_c004-R09,55.45,,,,,
row,AUTO-siret3_r007_c004,AUTO-siret3_r007_c004-R10,55.37,,,,,
row,AUTO-siret3_r007_c004,AUTO-siret3_r007_c004-R11,54.6,,,,,
row,AUTO-siret3_r007_c004,AUTO-siret3_r007_c004-R12,55.4,,,,,
row,AUTO-siret3_r007_c004,AUTO-siret3_r007_c004-R13,55.3,,,,,
row,AUTO-siret3_r007_c004,AUTO-siret3_r007_c004-R14,55.3,,,,,
row,AUTO-siret3_r007_c004,AUTO-siret3_r007_c004-R15,53.8,,,,,
row,AUTO-siret3_r007_c004,AUTO-siret3_r007_c004-R16,46.12,,,,,
row,AUTO-siret3_r007_c004,AUTO-siret3_r007_c004-R17,39.73,,,,,
row,AUTO-siret3_r007_c004,AUTO-siret3_r007_c004-R18,31.35,,,,,
row,AUTO-siret3_r007_c004,AUTO-siret3_r007_c004-R19,24.3,,,,,
row,AUTO-siret3_r007_c004,AUTO-siret3_r007_c004-R20,17.28,,,,,
block,AUTO-siret3_r007_c004,,888.73,285.99,1929.79,599,20,
row,AUTO-siret3_r008_c000,AUTO-siret3_r008_c000-R01,6.3,,,,,
row,AUTO-siret3_r008_c000,AUTO-siret3_r008_c000-R02,14.9,,,,,
row,AUTO-siret3_r008_c000,AUTO-siret3_r008_c000-R03,22.37,,,,,
row,AUTO-siret3_r008_c000,AUTO-siret3_r008_c000-R04,25.45,,,,,
row,AUTO-siret3_r008_c000,AUTO-siret3_r008_c000-R05,30.0,,,,,
row,AUTO-siret3_r008_c000,AUTO-siret3_r008_c000-R06,34.15,,,,,
row,AUTO-siret3_r008_c000,AUTO-siret3_r008_c000-R07,40.87,,,,,
row,AUTO-siret3_r008_c000,AUTO-siret3_r008_c000-R08,38.6,,,,,
row,AUTO-siret3_r008_c000,AUTO-siret3_r008_c000-R09,45.77,,,,,
block,AUTO-siret3_r008_c000,,258.42,103.19,737.92,197,9,
row,AUTO-siret3_r008_c001,AUTO-siret3_r008_c001-R01,4.1,,,,,
row,AUTO-siret3_r008_c001,AUTO-siret3_r008_c001-R02,10.95,,,,,
row,AUTO-siret3_r008_c001,AUTO-siret3_r008_c001-R03,19.45,,,,,
row,AUTO-siret3_r008_c001,AUTO-siret3_r008_c001-R04,19.8,,,,,
row,AUTO-siret3_r008_c001,AUTO-siret3_r008_c001-R05,29.95,,,,,
row,AUTO-siret3_r008_c001,AUTO-siret3_r008_c001-R06,35.4,,,,,
row,AUTO-siret3_r008_c001,AUTO-siret3_r008_c001-R07,46.65,,,,,
row,AUTO-siret3_r008_c001,AUTO-siret3_r008_c001-R08,49.03,,,,,
row,AUTO-siret3_r008_c001,AUTO-siret3_r008_c001-R09,47.67,,,,,
row,AUTO-siret3_r008_c001,AUTO-siret3_r008_c001-R10,45.8,,,,,
row,AUTO-siret3_r008_c001,AUTO-siret3_r008_c001-R11,49.47,,,,,
row,AUTO-siret3_r008_c001,AUTO-siret3_r008_c001-R12,9.53,,,,,
row,AUTO-siret3_r008_c001,AUTO-siret3_r008_c001-R13,15.33,,,,,
row,AUTO-siret3_r008_c001,AUTO-siret3_r008_c001-R14,9.75,,,,,
block,AUTO-siret3_r008_c001,,392.87,124.37,1055.37,248,14,
row,AUTO-siret3_r008_c002,AUTO-siret3_r008_c002-R01,8.47,,,,,
row,AUTO-siret3_r008_c002,AUTO-siret3_r008_c002-R02,15.18,,,,,
row,AUTO-siret3_r008_c002,AUTO-siret3_r008_c002-R03,22.4,,,,,
row,AUTO-siret3_r008_c002,AUTO-siret3_r008_c002-R04,29.62,,,,,
row,AUTO-siret3_r008_c002,AUTO-siret3_r008_c002-R05,36.95,,,,,
row,AUTO-siret3_r008_c002,AUTO-siret3_r008_c002-R06,44.22,,,,,
row,AUTO-siret3_r008_c002,AUTO-siret3_r008_c002-R07,51.47,,,,,
row,AUTO-siret3_r008_c002,AUTO-siret3_r008_c002-R08,55.75,,,,,
row,AUTO-siret3_r008_c002,AUTO-siret3_r008_c002-R09,55.48,,,,,
row,AUTO-siret3_r008_c002,AUTO-siret3_r008_c002-R10,55.4,,,,,
row,AUTO-siret3_r008_c002,AUTO-siret3_r008_c002-R11,55.45,,,,,
row,AUTO-siret3_r008_c002,AUTO-siret3_r008_c002-R12,50.83,,,,,
row,AUTO-siret3_r008_c002,AUTO-siret3_r008_c002-R13,34.9,,,,,
row,AUTO-siret3_r008_c002,AUTO-siret3_r008_c002-R14,55.45,,,,,
row,AUTO-siret3_r008_c002,AUTO-siret3_r008_c002-R15,49.07,,,,,
row,AUTO-siret3_r008_c002,AUTO-siret3_r008_c002-R16,37.1,,,,,
row,AUTO-siret3_r008_c002,AUTO-siret3_r008_c002-R17,28.85,,,,,
block,AUTO-siret3_r008_c002,,686.59,188.72,1768.94,379,17,
row,AUTO-siret3_r008_c003,AUTO-siret3_r008_c003-R01,13.07,,,,,
row,AUTO-siret3_r008_c003,AUTO-siret3_r008_c003-R02,19.1,,,,,
row,AUTO-siret3_r008_c003,AUTO-siret3_r008_c003-R03,27.32,,,,,
row,AUTO-siret3_r008_c003,AUTO-siret3_r008_c003-R04,33.72,,,,,
row,AUTO-siret3_r008_c003,AUTO-siret3_r008_c003-R05,40.92,,,,,
row,AUTO-siret3_r008_c003,AUTO-siret3_r008_c003-R06,48.3,,,,,
row,AUTO-siret3_r008_c003,AUTO-siret3_r008_c003-R07,55.3,,,,,
row,AUTO-siret3_r008_c003,AUTO-siret3_r008_c003-R08,54.8,,,,,
row,AUTO-siret3_r008_c003,AUTO-siret3_r008_c003-R09,54.65,,,,,
row,AUTO-siret3_r008_c003,AUTO-siret3_r008_c003-R10,51.68,,,,,
row,AUTO-siret3_r008_c003,AUTO-siret3_r008_c003-R11,55.43,,,,,
row,AUTO-siret3_r008_c003,AUTO-siret3_r008_c003-R12,55.43,,,,,
row,AUTO-siret3_r008_c003,AUTO-siret3_r008_c003-R13,55.27,,,,,
row,AUTO-siret3_r008_c003,AUTO-siret3_r008_c003-R14,55.3,,,,,
row,AUTO-siret3_r008_c003,AUTO-siret3_r008_c003-R15,55.03,,,,,
row,AUTO-siret3_r008_c003,AUTO-siret3_r008_c003-R16,55.45,,,,,
row,AUTO-siret3_r008_c003,AUTO-siret3_r008_c003-R17,55.47,,,,,
row,AUTO-siret3_r008_c003,AUTO-siret3_r008_c003-R18,54.22,,,,,
row,AUTO-siret3_r008_c003,AUTO-siret3_r008_c003-R19,47.3,,,,,
row,AUTO-siret3_r008_c003,AUTO-siret3_r008_c003-R20,39.05,,,,,
row,AUTO-siret3_r008_c003,AUTO-siret3_r008_c003-R21,32.85,,,,,
row,AUTO-siret3_r008_c003,AUTO-siret3_r008_c003-R22,25.92,,,,,
row,AUTO-siret3_r008_c003,AUTO-siret3_r008_c003-R23,18.13,,,,,
row,AUTO-siret3_r008_c003,AUTO-siret3_r008_c003-R24,11.15,,,,,
block,AUTO-siret3_r008_c003,,1014.87,314.76,1891.06,644,24,
row,AUTO-siret3_r008_c004,AUTO-siret3_r008_c004-R01,9.8,,,,,
row,AUTO-siret3_r008_c004,AUTO-siret3_r008_c004-R02,16.37,,,,,
row,AUTO-siret3_r008_c004,AUTO-siret3_r008_c004-R03,21.18,,,,,
row,AUTO-siret3_r008_c004,AUTO-siret3_r008_c004-R04,29.98,,,,,
row,AUTO-siret3_r008_c004,AUTO-siret3_r008_c004-R05,37.82,,,,,
row,AUTO-siret3_r008_c004,AUTO-siret3_r008_c004-R06,47.3,,,,,
row,AUTO-siret3_r008_c004,AUTO-siret3_r008_c004-R07,53.68,,,,,
row,AUTO-siret3_r008_c004,AUTO-siret3_r008_c004-R08,55.32,,,,,
row,AUTO-siret3_r008_c004,AUTO-siret3_r008_c004-R09,55.4,,,,,
row,AUTO-siret3_r008_c004,AUTO-siret3_r008_c004-R10,55.2,,,,,
row,AUTO-siret3_r008_c004,AUTO-siret3_r008_c004-R11,55.02,,,,,
row,AUTO-siret3_r008_c004,AUTO-siret3_r008_c004-R12,55.3,,,,,
row,AUTO-siret3_r008_c004,AUTO-siret3_r008_c004-R13,55.25,,,,,
row,AUTO-siret3_r008_c004,AUTO-siret3_r008_c004-R14,55.35,,,,,
row,AUTO-siret3_r008_c004,AUTO-siret3_r008_c004-R15,55.27,,,,,
row,AUTO-siret3_r008_c004,AUTO-siret3_r008_c004-R16,55.15,,,,,
row,AUTO-siret3_r008_c004,AUTO-siret3_r008_c004-R17,53.5,,,,,
row,AUTO-siret3_r008_c004,AUTO-siret3_r008_c004-R18,53.58,,,,,
row,AUTO-siret3_r008_c004,AUTO-siret3_r008_c004-R19,51.23,,,,,
row,AUTO-siret3_r008_c004,AUTO-siret3_r008_c004-R20,44.05,,,,,
row,AUTO-siret3_r008_c004,AUTO-siret3_r008_c004-R21,34.75,,,,,
row,AUTO-siret3_r008_c004,AUTO-siret3_r008_c004-R22,28.0,,,,,
row,AUTO-siret3_r008_c004,AUTO-siret3_r008_c004-R23,21.8,,,,,
row,AUTO-siret3_r008_c004,AUTO-siret3_r008_c004-R24,13.0,,,,,
block,AUTO-siret3_r008_c004,,1013.29,338.75,1921.67,692,24,
row,AUTO-siret3_r008_c005,AUTO-siret3_r008_c005-R01,21.32,,,,,
row,AUTO-siret3_r008_c005,AUTO-siret3_r008_c005-R02,23.9,,,,,
row,AUTO-siret3_r008_c005,AUTO-siret3_r008_c005-R03,35.32,,,,,
row,AUTO-siret3_r008_c005,AUTO-siret3_r008_c005-R04,46.62,,,,,
row,AUTO-siret3_r008_c005,AUTO-siret3_r008_c005-R05,55.25,,,,,
row,AUTO-siret3_r008_c005,AUTO-siret3_r008_c005-R06,50.73,,,,,
row,AUTO-siret3_r008_c005,AUTO-siret3_r008_c005-R07,52.58,,,,,
row,AUTO-siret3_r008_c005,AUTO-siret3_r008_c005-R08,54.65,,,,,
row,AUTO-siret3_r008_c005,AUTO-siret3_r008_c005-R09,55.5,,,,,
row,AUTO-siret3_r008_c005,AUTO-siret3_r008_c005-R10,53.92,,,,,
row,AUTO-siret3_r008_c005,AUTO-siret3_r008_c005-R11,55.5,,,,,
row,AUTO-siret3_r008_c005,AUTO-siret3_r008_c005-R12,53.72,,,,,
row,AUTO-siret3_r008_c005,AUTO-siret3_r008_c005-R13,55.6,,,,,
row,AUTO-siret3_r008_c005,AUTO-siret3_r008_c005-R14,46.95,,,,,
row,AUTO-siret3_r008_c005,AUTO-siret3_r008_c005-R15,22.3,,,,,
row,AUTO-siret3_r008_c005,AUTO-siret3_r008_c005-R16,19.25,,,,,
row,AUTO-siret3_r008_c005,AUTO-siret3_r008_c005-R17,9.4,,,,,
block,AUTO-siret3_r008_c005,,712.52,245.81,1767.07,495,17,
row,AUTO-siret3_r009_c000,AUTO-siret3_r009_c000-R01,7.05,,,,,
row,AUTO-siret3_r009_c000,AUTO-siret3_r009_c000-R02,12.17,,,,,
row,AUTO-siret3_r009_c000,AUTO-siret3_r009_c000-R03,18.05,,,,,
row,AUTO-siret3_r009_c000,AUTO-siret3_r009_c000-R04,24.73,,,,,
row,AUTO-siret3_r009_c000,AUTO-siret3_r009_c000-R05,31.88,,,,,
row,AUTO-siret3_r009_c000,AUTO-siret3_r009_c000-R06,38.2,,,,,
row,AUTO-siret3_r009_c000,AUTO-siret3_r009_c000-R07,44.83,,,,,
row,AUTO-siret3_r009_c000,AUTO-siret3_r009_c000-R08,51.12,,,,,
row,AUTO-siret3_r009_c000,AUTO-siret3_r009_c000-R09,57.82,,,,,
row,AUTO-siret3_r009_c000,AUTO-siret3_r009_c000-R10,61.48,,,,,
row,AUTO-siret3_r009_c000,AUTO-siret3_r009_c000-R11,60.6,,,,,
row,AUTO-siret3_r009_c000,AUTO-siret3_r009_c000-R12,47.97,,,,,
row,AUTO-siret3_r009_c000,AUTO-siret3_r009_c000-R13,46.07,,,,,
row,AUTO-siret3_r009_c000,AUTO-siret3_r009_c000-R14,32.5,,,,,
row,AUTO-siret3_r009_c000,AUTO-siret3_r009_c000-R15,27.1,,,,,
row,AUTO-siret3_r009_c000,AUTO-siret3_r009_c000-R16,22.3,,,,,
row,AUTO-siret3_r009_c000,AUTO-siret3_r009_c000-R17,19.95,,,,,
row,AUTO-siret3_r009_c000,AUTO-siret3_r009_c000-R18,12.3,,,,,
block,AUTO-siret3_r009_c000,,616.13,236.02,1359.09,457,18,
row,AUTO-siret3_r009_c001,AUTO-siret3_r009_c001-R01,11.9,,,,,
row,AUTO-siret3_r009_c001,AUTO-siret3_r009_c001-R02,17.65,,,,,
row,AUTO-siret3_r009_c001,AUTO-siret3_r009_c001-R03,24.77,,,,,
row,AUTO-siret3_r009_c001,AUTO-siret3_r009_c001-R04,31.73,,,,,
row,AUTO-siret3_r009_c001,AUTO-siret3_r009_c001-R05,38.3,,,,,
row,AUTO-siret3_r009_c001,AUTO-siret3_r009_c001-R06,43.98,,,,,
row,AUTO-siret3_r009_c001,AUTO-siret3_r009_c001-R07,50.53,,,,,
row,AUTO-siret3_r009_c001,AUTO-siret3_r009_c001-R08,58.05,,,,,
row,AUTO-siret3_r009_c001,AUTO-siret3_r009_c001-R09,60.2,,,,,
row,AUTO-siret3_r009_c001,AUTO-siret3_r009_c001-R10,60.05,,,,,
row,AUTO-siret3_r009_c001,AUTO-siret3_r009_c001-R11,60.65,,,,,
row,AUTO-siret3_r009_c001,AUTO-siret3_r009_c001-R12,60.93,,,,,
row,AUTO-siret3_r009_c001,AUTO-siret3_r009_c001-R13,61.22,,,,,
row,AUTO-siret3_r009_c001,AUTO-siret3_r009_c001-R14,57.27,,,,,
row,AUTO-siret3_r009_c001,AUTO-siret3_r009_c001-R15,50.0,,,,,
row,AUTO-siret3_r009_c001,AUTO-siret3_r009_c001-R16,44.55,,,,,
row,AUTO-siret3_r009_c001,AUTO-siret3_r009_c001-R17,37.65,,,,,
row,AUTO-siret3_r009_c001,AUTO-siret3_r009_c001-R18,30.77,,,,,
row,AUTO-siret3_r009_c001,AUTO-siret3_r009_c001-R19,24.15,,,,,
row,AUTO-siret3_r009_c001,AUTO-siret3_r009_c001-R20,17.48,,,,,
row,AUTO-siret3_r009_c001,AUTO-siret3_r009_c001-R21,10.73,,,,,
block,AUTO-siret3_r009_c001,,852.56,310.81,1965.82,629,21,
row,AUTO-siret3_r009_c002,AUTO-siret3_r009_c002-R01,8.68,,,,,
row,AUTO-siret3_r009_c002,AUTO-siret3_r009_c002-R02,9.18,,,,,
row,AUTO-siret3_r009_c002,AUTO-siret3_r009_c002-R03,21.73,,,,,
row,AUTO-siret3_r009_c002,AUTO-siret3_r009_c002-R04,19.3,,,,,
row,AUTO-siret3_r009_c002,AUTO-siret3_r009_c002-R05,34.4,,,,,
row,AUTO-siret3_r009_c002,AUTO-siret3_r009_c002-R06,39.63,,,,,
row,AUTO-siret3_r009_c002,AUTO-siret3_r009_c002-R07,47.05,,,,,
row,AUTO-siret3_r009_c002,AUTO-siret3_r009_c002-R08,53.25,,,,,
row,AUTO-siret3_r009_c002,AUTO-siret3_r009_c002-R09,60.22,,,,,
row,AUTO-siret3_r009_c002,AUTO-siret3_r009_c002-R10,61.15,,,,,
row,AUTO-siret3_r009_c002,AUTO-siret3_r009_c002-R11,60.62,,,,,
row,AUTO-siret3_r009_c002,AUTO-siret3_r009_c002-R12,60.52,,,,,
row,AUTO-siret3_r009_c002,AUTO-siret3_r009_c002-R13,61.1,,,,,
row,AUTO-siret3_r009_c002,AUTO-siret3_r009_c002-R14,61.17,,,,,
row,AUTO-siret3_r009_c002,AUTO-siret3_r009_c002-R15,55.85,,,,,
row,AUTO-siret3_r009_c002,AUTO-siret3_r009_c002-R16,49.4,,,,,
row,AUTO-siret3_r009_c002,AUTO-siret3_r009_c002-R17,42.18,,,,,
row,AUTO-siret3_r009_c002,AUTO-siret3_r009_c002-R18,36.25,,,,,
row,AUTO-siret3_r009_c002,AUTO-siret3_r009_c002-R19,29.68,,,,,
row,AUTO-siret3_r009_c002,AUTO-siret3_r009_c002-R20,23.57,,,,,
row,AUTO-siret3_r009_c002,AUTO-siret3_r009_c002-R21,17.17,,,,,
row,AUTO-siret3_r009_c002,AUTO-siret3_r009_c002-R22,10.82,,,,,
block,AUTO-siret3_r009_c002,,862.92,293.3,1906.15,607,22,
row,AUTO-siret3_r009_c003,AUTO-siret3_r009_c003-R01,13.65,,,,,
row,AUTO-siret3_r009_c003,AUTO-siret3_r009_c003-R02,22.13,,,,,
row,AUTO-siret3_r009_c003,AUTO-siret3_r009_c003-R03,28.67,,,,,
row,AUTO-siret3_r009_c003,AUTO-siret3_r009_c003-R04,37.1,,,,,
row,AUTO-siret3_r009_c003,AUTO-siret3_r009_c003-R05,43.8,,,,,
row,AUTO-siret3_r009_c003,AUTO-siret3_r009_c003-R06,51.23,,,,,
row,AUTO-siret3_r009_c003,AUTO-siret3_r009_c003-R07,54.43,,,,,
row,AUTO-siret3_r009_c003,AUTO-siret3_r009_c003-R08,55.4,,,,,
row,AUTO-siret3_r009_c003,AUTO-siret3_r009_c003-R09,55.27,,,,,
row,AUTO-siret3_r009_c003,AUTO-siret3_r009_c003-R10,54.8,,,,,
row,AUTO-siret3_r009_c003,AUTO-siret3_r009_c003-R11,55.43,,,,,
row,AUTO-siret3_r009_c003,AUTO-siret3_r009_c003-R12,54.13,,,,,
row,AUTO-siret3_r009_c003,AUTO-siret3_r009_c003-R13,55.35,,,,,
row,AUTO-siret3_r009_c003,AUTO-siret3_r009_c003-R14,55.37,,,,,
row,AUTO-siret3_r009_c003,AUTO-siret3_r009_c003-R15,55.12,,,,,
row,AUTO-siret3_r009_c003,AUTO-siret3_r009_c003-R16,47.03,,,,,
row,AUTO-siret3_r009_c003,AUTO-siret3_r009_c003-R17,54.98,,,,,
row,AUTO-siret3_r009_c003,AUTO-siret3_r009_c003-R18,53.15,,,,,
row,AUTO-siret3_r009_c003,AUTO-siret3_r009_c003-R19,45.4,,,,,
row,AUTO-siret3_r009_c003,AUTO-siret3_r009_c003-R20,36.97,,,,,
row,AUTO-siret3_r009_c003,AUTO-siret3_r009_c003-R21,23.67,,,,,
block,AUTO-siret3_r009_c003,,953.07,320.15,1827.53,637,21,
row,AUTO-siret3_r009_c004,AUTO-siret3_r009_c004-R01,4.93,,,,,
row,AUTO-siret3_r009_c004,AUTO-siret3_r009_c004-R02,12.9,,,,,
row,AUTO-siret3_r009_c004,AUTO-siret3_r009_c004-R03,18.6,,,,,
row,AUTO-siret3_r009_c004,AUTO-siret3_r009_c004-R04,24.4,,,,,
row,AUTO-siret3_r009_c004,AUTO-siret3_r009_c004-R05,34.57,,,,,
row,AUTO-siret3_r009_c004,AUTO-siret3_r009_c004-R06,40.98,,,,,
row,AUTO-siret3_r009_c004,AUTO-siret3_r009_c004-R07,42.0,,,,,
row,AUTO-siret3_r009_c004,AUTO-siret3_r009_c004-R08,39.4,,,,,
row,AUTO-siret3_r009_c004,AUTO-siret3_r009_c004-R09,44.55,,,,,
row,AUTO-siret3_r009_c004,AUTO-siret3_r009_c004-R10,47.25,,,,,
row,AUTO-siret3_r009_c004,AUTO-siret3_r009_c004-R11,53.1,,,,,
row,AUTO-siret3_r009_c004,AUTO-siret3_r009_c004-R12,55.4,,,,,
row,AUTO-siret3_r009_c004,AUTO-siret3_r009_c004-R13,55.32,,,,,
row,AUTO-siret3_r009_c004,AUTO-siret3_r009_c004-R14,55.38,,,,,
row,AUTO-siret3_r009_c004,AUTO-siret3_r009_c004-R15,55.4,,,,,
row,AUTO-siret3_r009_c004,AUTO-siret3_r009_c004-R16,54.45,,,,,
row,AUTO-siret3_r009_c004,AUTO-siret3_r009_c004-R17,55.32,,,,,
row,AUTO-siret3_r009_c004,AUTO-siret3_r009_c004-R18,54.75,,,,,
row,AUTO-siret3_r009_c004,AUTO-siret3_r009_c004-R19,55.27,,,,,
row,AUTO-siret3_r009_c004,AUTO-siret3_r009_c004-R20,46.85,,,,,
row,AUTO-siret3_r009_c004,AUTO-siret3_r009_c004-R21,40.35,,,,,
row,AUTO-siret3_r009_c004,AUTO-siret3_r009_c004-R22,32.7,,,,,
row,AUTO-siret3_r009_c004,AUTO-siret3_r009_c004-R23,23.2,,,,,
row,AUTO-siret3_r009_c004,AUTO-siret3_r009_c004-R24,17.05,,,,,
row,AUTO-siret3_r009_c004,AUTO-siret3_r009_c004-R25,11.7,,,,,
row,AUTO-siret3_r009_c004,AUTO-siret3_r009_c004-R26,4.75,,,,,
block,AUTO-siret3_r009_c004,,980.57,242.49,1818.63,529,26,
row,AUTO-siret3_r009_c006,AUTO-siret3_r009_c006-R01,9.85,,,,,
row,AUTO-siret3_r009_c006,AUTO-siret3_r009_c006-R02,14.78,,,,,
row,AUTO-siret3_r009_c006,AUTO-siret3_r009_c006-R03,22.95,,,,,
row,AUTO-siret3_r009_c006,AUTO-siret3_r009_c006-R04,33.63,,,,,
row,AUTO-siret3_r009_c006,AUTO-siret3_r009_c006-R05,40.28,,,,,
row,AUTO-siret3_r009_c006,AUTO-siret3_r009_c006-R06,45.25,,,,,
row,AUTO-siret3_r009_c006,AUTO-siret3_r009_c006-R07,49.7,,,,,
row,AUTO-siret3_r009_c006,AUTO-siret3_r009_c006-R08,61.05,,,,,
row,AUTO-siret3_r009_c006,AUTO-siret3_r009_c006-R09,68.4,,,,,
row,AUTO-siret3_r009_c006,AUTO-siret3_r009_c006-R10,64.72,,,,,
row,AUTO-siret3_r009_c006,AUTO-siret3_r009_c006-R11,57.2,,,,,
row,AUTO-siret3_r009_c006,AUTO-siret3_r009_c006-R12,43.58,,,,,
row,AUTO-siret3_r009_c006,AUTO-siret3_r009_c006-R13,25.9,,,,,
block,AUTO-siret3_r009_c006,,537.27,162.41,1749.24,318,13,
row,AUTO-siret3_r010_c000,AUTO-siret3_r010_c000-R01,9.65,,,,,
row,AUTO-siret3_r010_c000,AUTO-siret3_r010_c000-R02,16.63,,,,,
row,AUTO-siret3_r010_c000,AUTO-siret3_r010_c000-R03,20.82,,,,,
row,AUTO-siret3_r010_c000,AUTO-siret3_r010_c000-R04,29.6,,,,,
row,AUTO-siret3_r010_c000,AUTO-siret3_r010_c000-R05,36.05,,,,,
row,AUTO-siret3_r010_c000,AUTO-siret3_r010_c000-R06,43.0,,,,,
row,AUTO-siret3_r010_c000,AUTO-siret3_r010_c000-R07,28.37,,,,,
row,AUTO-siret3_r010_c000,AUTO-siret3_r010_c000-R08,31.98,,,,,
block,AUTO-siret3_r010_c000,,216.1,70.32,404.04,137,8,
row,AUTO-siret3_r010_c001,AUTO-siret3_r010_c001-R01,15.57,,,,,
row,AUTO-siret3_r010_c001,AUTO-siret3_r010_c001-R02,23.33,,,,,
row,AUTO-siret3_r010_c001,AUTO-siret3_r010_c001-R03,30.48,,,,,
row,AUTO-siret3_r010_c001,AUTO-siret3_r010_c001-R04,36.67,,,,,
row,AUTO-siret3_r010_c001,AUTO-siret3_r010_c001-R05,43.15,,,,,
row,AUTO-siret3_r010_c001,AUTO-siret3_r010_c001-R06,50.47,,,,,
row,AUTO-siret3_r010_c001,AUTO-siret3_r010_c001-R07,57.07,,,,,
row,AUTO-siret3_r010_c001,AUTO-siret3_r010_c001-R08,61.43,,,,,
row,AUTO-siret3_r010_c001,AUTO-siret3_r010_c001-R09,60.85,,,,,
row,AUTO-siret3_r010_c001,AUTO-siret3_r010_c001-R10,61.4,,,,,
row,AUTO-siret3_r010_c001,AUTO-siret3_r010_c001-R11,61.68,,,,,
row,AUTO-siret3_r010_c001,AUTO-siret3_r010_c001-R12,61.65,,,,,
row,AUTO-siret3_r010_c001,AUTO-siret3_r010_c001-R13,59.0,,,,,
row,AUTO-siret3_r010_c001,AUTO-siret3_r010_c001-R14,52.7,,,,,
row,AUTO-siret3_r010_c001,AUTO-siret3_r010_c001-R15,45.7,,,,,
row,AUTO-siret3_r010_c001,AUTO-siret3_r010_c001-R16,36.62,,,,,
row,AUTO-siret3_r010_c001,AUTO-siret3_r010_c001-R17,31.67,,,,,
row,AUTO-siret3_r010_c001,AUTO-siret3_r010_c001-R18,25.6,,,,,
row,AUTO-siret3_r010_c001,AUTO-siret3_r010_c001-R19,19.05,,,,,
block,AUTO-siret3_r010_c001,,834.1,316.5,1903.88,624,19,
row,AUTO-siret3_r010_c002,AUTO-siret3_r010_c002-R01,5.95,,,,,
row,AUTO-siret3_r010_c002,AUTO-siret3_r010_c002-R02,12.18,,,,,
row,AUTO-siret3_r010_c002,AUTO-siret3_r010_c002-R03,18.38,,,,,
row,AUTO-siret3_r010_c002,AUTO-siret3_r010_c002-R04,25.2,,,,,
row,AUTO-siret3_r010_c002,AUTO-siret3_r010_c002-R05,31.75,,,,,
row,AUTO-siret3_r010_c002,AUTO-siret3_r010_c002-R06,38.53,,,,,
row,AUTO-siret3_r010_c002,AUTO-siret3_r010_c002-R07,44.77,,,,,
row,AUTO-siret3_r010_c002,AUTO-siret3_r010_c002-R08,50.77,,,,,
row,AUTO-siret3_r010_c002,AUTO-siret3_r010_c002-R09,56.28,,,,,
row,AUTO-siret3_r010_c002,AUTO-siret3_r010_c002-R10,59.95,,,,,
row,AUTO-siret3_r010_c002,AUTO-siret3_r010_c002-R11,57.15,,,,,
row,AUTO-siret3_r010_c002,AUTO-siret3_r010_c002-R12,60.78,,,,,
row,AUTO-siret3_r010_c002,AUTO-siret3_r010_c002-R13,61.12,,,,,
row,AUTO-siret3_r010_c002,AUTO-siret3_r010_c002-R14,61.35,,,,,
row,AUTO-siret3_r010_c002,AUTO-siret3_r010_c002-R15,58.17,,,,,
row,AUTO-siret3_r010_c002,AUTO-siret3_r010_c002-R16,51.82,,,,,
row,AUTO-siret3_r010_c002,AUTO-siret3_r010_c002-R17,44.53,,,,,
row,AUTO-siret3_r010_c002,AUTO-siret3_r010_c002-R18,38.4,,,,,
row,AUTO-siret3_r010_c002,AUTO-siret3_r010_c002-R19,31.82,,,,,
row,AUTO-siret3_r010_c002,AUTO-siret3_r010_c002-R20,25.25,,,,,
row,AUTO-siret3_r010_c002,AUTO-siret3_r010_c002-R21,18.1,,,,,
row,AUTO-siret3_r010_c002,AUTO-siret3_r010_c002-R22,11.05,,,,,
row,AUTO-siret3_r010_c002,AUTO-siret3_r010_c002-R23,4.35,,,,,
block,AUTO-siret3_r010_c002,,867.65,241.66,1968.45,503,23,
row,AUTO-siret3_r010_c004,AUTO-siret3_r010_c004-R01,22.83,,,,,
row,AUTO-siret3_r010_c004,AUTO-siret3_r010_c004-R02,31.8,,,,,
row,AUTO-siret3_r010_c004,AUTO-siret3_r010_c004-R03,46.45,,,,,
row,AUTO-siret3_r010_c004,AUTO-siret3_r010_c004-R04,53.8,,,,,
row,AUTO-siret3_r010_c004,AUTO-siret3_r010_c004-R05,59.47,,,,,
row,AUTO-siret3_r010_c004,AUTO-siret3_r010_c004-R06,62.32,,,,,
row,AUTO-siret3_r010_c004,AUTO-siret3_r010_c004-R07,71.1,,,,,
row,AUTO-siret3_r010_c004,AUTO-siret3_r010_c004-R08,64.57,,,,,
row,AUTO-siret3_r010_c004,AUTO-siret3_r010_c004-R09,51.55,,,,,
row,AUTO-siret3_r010_c004,AUTO-siret3_r010_c004-R10,26.75,,,,,
row,AUTO-siret3_r010_c004,AUTO-siret3_r010_c004-R11,26.25,,,,,
block,AUTO-siret3_r010_c004,,516.9,158.85,1561.57,308,11,
row,AUTO-siret3_r010_c006,AUTO-siret3_r010_c006-R01,10.15,,,,,
row,AUTO-siret3_r010_c006,AUTO-siret3_r010_c006-R02,27.28,,,,,
row,AUTO-siret3_r010_c006,AUTO-siret3_r010_c006-R03,53.75,,,,,
row,AUTO-siret3_r010_c006,AUTO-siret3_r010_c006-R04,53.68,,,,,
row,AUTO-siret3_r010_c006,AUTO-siret3_r010_c006-R05,51.05,,,,,
row,AUTO-siret3_r010_c006,AUTO-siret3_r010_c006-R06,53.7,,,,,
row,AUTO-siret3_r010_c006,AUTO-siret3_r010_c006-R07,53.73,,,,,
row,AUTO-siret3_r010_c006,AUTO-siret3_r010_c006-R08,43.12,,,,,
row,AUTO-siret3_r010_c006,AUTO-siret3_r010_c006-R09,35.4,,,,,
row,AUTO-siret3_r010_c006,AUTO-siret3_r010_c006-R10,18.5,,,,,
block,AUTO-siret3_r010_c006,,400.35,131.68,1957.18,257,10,
row,AUTO-siret3_r011_c001,AUTO-siret3_r011_c001-R01,8.42,,,,,
row,AUTO-siret3_r011_c001,AUTO-siret3_r011_c001-R02,13.63,,,,,
row,AUTO-siret3_r011_c001,AUTO-siret3_r011_c001-R03,18.35,,,,,
row,AUTO-siret3_r011_c001,AUTO-siret3_r011_c001-R04,18.68,,,,,
row,AUTO-siret3_r011_c001,AUTO-siret3_r011_c001-R05,25.3,,,,,
row,AUTO-siret3_r011_c001,AUTO-siret3_r011_c001-R06,27.67,,,,,
row,AUTO-siret3_r011_c001,AUTO-siret3_r011_c001-R07,31.37,,,,,
row,AUTO-siret3_r011_c001,AUTO-siret3_r011_c001-R08,27.22,,,,,
row,AUTO-siret3_r011_c001,AUTO-siret3_r011_c001-R09,25.4,,,,,
row,AUTO-siret3_r011_c001,AUTO-siret3_r011_c001-R10,22.97,,,,,
row,AUTO-siret3_r011_c001,AUTO-siret3_r011_c001-R11,18.2,,,,,
row,AUTO-siret3_r011_c001,AUTO-siret3_r011_c001-R12,15.42,,,,,
block,AUTO-siret3_r011_c001,,252.64,93.36,671.17,181,12,
row,AUTO-siret3_r011_c002,AUTO-siret3_r011_c002-R01,9.4,,,,,
row,AUTO-siret3_r011_c002,AUTO-siret3_r011_c002-R02,16.52,,,,,
row,AUTO-siret3_r011_c002,AUTO-siret3_r011_c002-R03,25.15,,,,,
row,AUTO-siret3_r011_c002,AUTO-siret3_r011_c002-R04,35.47,,,,,
row,AUTO-siret3_r011_c002,AUTO-siret3_r011_c002-R05,40.63,,,,,
row,AUTO-siret3_r011_c002,AUTO-siret3_r011_c002-R06,48.97,,,,,
row,AUTO-siret3_r011_c002,AUTO-siret3_r011_c002-R07,64.55,,,,,
row,AUTO-siret3_r011_c002,AUTO-siret3_r011_c002-R08,68.68,,,,,
row,AUTO-siret3_r011_c002,AUTO-siret3_r011_c002-R09,60.67,,,,,
row,AUTO-siret3_r011_c002,AUTO-siret3_r011_c002-R10,57.15,,,,,
row,AUTO-siret3_r011_c002,AUTO-siret3_r011_c002-R11,52.15,,,,,
row,AUTO-siret3_r011_c002,AUTO-siret3_r011_c002-R12,39.62,,,,,
row,AUTO-siret3_r011_c002,AUTO-siret3_r011_c002-R13,33.85,,,,,
row,AUTO-siret3_r011_c002,AUTO-siret3_r011_c002-R14,20.6,,,,,
block,AUTO-siret3_r011_c002,,573.43,155.51,1879.35,314,14,
row,AUTO-siret3_r011_c003,AUTO-siret3_r011_c003-R01,11.9,,,,,
row,AUTO-siret3_r011_c003,AUTO-siret3_r011_c003-R02,24.88,,,,,
row,AUTO-siret3_r011_c003,AUTO-siret3_r011_c003-R03,32.57,,,,,
row,AUTO-siret3_r011_c003,AUTO-siret3_r011_c003-R04,39.85,,,,,
row,AUTO-siret3_r011_c003,AUTO-siret3_r011_c003-R05,45.35,,,,,
row,AUTO-siret3_r011_c003,AUTO-siret3_r011_c003-R06,52.27,,,,,
row,AUTO-siret3_r011_c003,AUTO-siret3_r011_c003-R07,68.38,,,,,
row,AUTO-siret3_r011_c003,AUTO-siret3_r011_c003-R08,65.85,,,,,
row,AUTO-siret3_r011_c003,AUTO-siret3_r011_c003-R09,57.63,,,,,
row,AUTO-siret3_r011_c003,AUTO-siret3_r011_c003-R10,44.02,,,,,
row,AUTO-siret3_r011_c003,AUTO-siret3_r011_c003-R11,33.2,,,,,
row,AUTO-siret3_r011_c003,AUTO-siret3_r011_c003-R12,25.45,,,,,
row,AUTO-siret3_r011_c003,AUTO-siret3_r011_c003-R13,16.08,,,,,
block,AUTO-siret3_r011_c003,,517.43,132.93,1945.44,275,13,
row,AUTO-siret3_r011_c007,AUTO-siret3_r011_c007-R01,22.8,,,,,
row,AUTO-siret3_r011_c007,AUTO-siret3_r011_c007-R02,36.17,,,,,
row,AUTO-siret3_r011_c007,AUTO-siret3_r011_c007-R03,47.57,,,,,
row,AUTO-siret3_r011_c007,AUTO-siret3_r011_c007-R04,45.42,,,,,
row,AUTO-siret3_r011_c007,AUTO-siret3_r011_c007-R05,50.7,,,,,
row,AUTO-siret3_r011_c007,AUTO-siret3_r011_c007-R06,53.4,,,,,
row,AUTO-siret3_r011_c007,AUTO-siret3_r011_c007-R07,50.72,,,,,
row,AUTO-siret3_r011_c007,AUTO-siret3_r011_c007-R08,52.2,,,,,
row,AUTO-siret3_r011_c007,AUTO-siret3_r011_c007-R09,52.77,,,,,
row,AUTO-siret3_r011_c007,AUTO-siret3_r011_c007-R10,53.35,,,,,
row,AUTO-siret3_r011_c007,AUTO-siret3_r011_c007-R11,51.23,,,,,
row,AUTO-siret3_r011_c007,AUTO-siret3_r011_c007-R12,53.63,,,,,
row,AUTO-siret3_r011_c007,AUTO-siret3_r011_c007-R13,45.17,,,,,
row,AUTO-siret3_r011_c007,AUTO-siret3_r011_c007-R14,25.12,,,,,
row,AUTO-siret3_r011_c007,AUTO-siret3_r011_c007-R15,8.22,,,,,
block,AUTO-siret3_r011_c007,,648.5,216.9,1916.52,428,15,
row,AUTO-siret3_r011_c008,AUTO-siret3_r011_c008-R01,7.33,,,,,
row,AUTO-siret3_r011_c008,AUTO-siret3_r011_c008-R02,7.08,,,,,
row,AUTO-siret3_r011_c008,AUTO-siret3_r011_c008-R03,27.13,,,,,
row,AUTO-siret3_r011_c008,AUTO-siret3_r011_c008-R04,47.93,,,,,
row,AUTO-siret3_r011_c008,AUTO-siret3_r011_c008-R05,56.93,,,,,
row,AUTO-siret3_r011_c008,AUTO-siret3_r011_c008-R06,54.77,,,,,
row,AUTO-siret3_r011_c008,AUTO-siret3_r011_c008-R07,48.27,,,,,
row,AUTO-siret3_r011_c008,AUTO-siret3_r011_c008-R08,41.1,,,,,
row,AUTO-siret3_r011_c008,AUTO-siret3_r011_c008-R09,31.42,,,,,
row,AUTO-siret3_r011_c008,AUTO-siret3_r011_c008-R10,24.1,,,,,
row,AUTO-siret3_r011_c008,AUTO-siret3_r011_c008-R11,42.9,,,,,
row,AUTO-siret3_r011_c008,AUTO-siret3_r011_c008-R12,35.17,,,,,
row,AUTO-siret3_r011_c008,AUTO-siret3_r011_c008-R13,25.85,,,,,
row,AUTO-siret3_r011_c008,AUTO-siret3_r011_c008-R14,16.38,,,,,
row,AUTO-siret3_r011_c008,AUTO-siret3_r011_c008-R15,10.55,,,,,
block,AUTO-siret3_r011_c008,,476.9,108.83,1333.35,209,15,
row,AUTO-siret3_r012_c002,AUTO-siret3_r012_c002-R01,9.35,,,,,
row,AUTO-siret3_r012_c002,AUTO-siret3_r012_c002-R02,15.0,,,,,
row,AUTO-siret3_r012_c002,AUTO-siret3_r012_c002-R03,24.7,,,,,
row,AUTO-siret3_r012_c002,AUTO-siret3_r012_c002-R04,30.15,,,,,
row,AUTO-siret3_r012_c002,AUTO-siret3_r012_c002-R05,41.13,,,,,
row,AUTO-siret3_r012_c002,AUTO-siret3_r012_c002-R06,49.65,,,,,
row,AUTO-siret3_r012_c002,AUTO-siret3_r012_c002-R07,62.55,,,,,
row,AUTO-siret3_r012_c002,AUTO-siret3_r012_c002-R08,67.15,,,,,
block,AUTO-siret3_r012_c002,,299.67,126.34,949.18,238,8,
row,AUTO-siret3_r012_c006,AUTO-siret3_r012_c006-R01,17.6,,,,,
row,AUTO-siret3_r012_c006,AUTO-siret3_r012_c006-R02,21.17,,,,,
row,AUTO-siret3_r012_c006,AUTO-siret3_r012_c006-R03,26.7,,,,,
row,AUTO-siret3_r012_c006,AUTO-siret3_r012_c006-R04,30.87,,,,,
row,AUTO-siret3_r012_c006,AUTO-siret3_r012_c006-R05,38.65,,,,,
row,AUTO-siret3_r012_c006,AUTO-siret3_r012_c006-R06,53.98,,,,,
row,AUTO-siret3_r012_c006,AUTO-siret3_r012_c006-R07,58.73,,,,,
row,AUTO-siret3_r012_c006,AUTO-siret3_r012_c006-R08,70.28,,,,,
row,AUTO-siret3_r012_c006,AUTO-siret3_r012_c006-R09,50.37,,,,,
row,AUTO-siret3_r012_c006,AUTO-siret3_r012_c006-R10,50.25,,,,,
row,AUTO-siret3_r012_c006,AUTO-siret3_r012_c006-R11,41.15,,,,,
row,AUTO-siret3_r012_c006,AUTO-siret3_r012_c006-R12,34.65,,,,,
row,AUTO-siret3_r012_c006,AUTO-siret3_r012_c006-R13,25.0,,,,,
row,AUTO-siret3_r012_c006,AUTO-siret3_r012_c006-R14,19.83,,,,,
block,AUTO-siret3_r012_c006,,539.23,143.92,1819.99,290,14,
row,AUTO-siret3_r012_c007,AUTO-siret3_r012_c007-R01,11.88,,,,,
row,AUTO-siret3_r012_c007,AUTO-siret3_r012_c007-R02,21.25,,,,,
row,AUTO-siret3_r012_c007,AUTO-siret3_r012_c007-R03,28.67,,,,,
row,AUTO-siret3_r012_c007,AUTO-siret3_r012_c007-R04,32.35,,,,,
row,AUTO-siret3_r012_c007,AUTO-siret3_r012_c007-R05,55.02,,,,,
row,AUTO-siret3_r012_c007,AUTO-siret3_r012_c007-R06,55.03,,,,,
row,AUTO-siret3_r012_c007,AUTO-siret3_r012_c007-R07,55.02,,,,,
row,AUTO-siret3_r012_c007,AUTO-siret3_r012_c007-R08,54.75,,,,,
row,AUTO-siret3_r012_c007,AUTO-siret3_r012_c007-R09,55.0,,,,,
row,AUTO-siret3_r012_c007,AUTO-siret3_r012_c007-R10,48.42,,,,,
row,AUTO-siret3_r012_c007,AUTO-siret3_r012_c007-R11,41.2,,,,,
row,AUTO-siret3_r012_c007,AUTO-siret3_r012_c007-R12,30.18,,,,,
row,AUTO-siret3_r012_c007,AUTO-siret3_r012_c007-R13,16.52,,,,,
row,AUTO-siret3_r012_c007,AUTO-siret3_r012_c007-R14,12.7,,,,,
block,AUTO-siret3_r012_c007,,518.01,187.99,1833.88,362,14,
row,AUTO-siret3_r012_c008,AUTO-siret3_r012_c008-R01,19.92,,,,,
row,AUTO-siret3_r012_c008,AUTO-siret3_r012_c008-R02,18.38,,,,,
row,AUTO-siret3_r012_c008,AUTO-siret3_r012_c008-R03,44.87,,,,,
row,AUTO-siret3_r012_c008,AUTO-siret3_r012_c008-R04,55.52,,,,,
row,AUTO-siret3_r012_c008,AUTO-siret3_r012_c008-R05,50.07,,,,,
row,AUTO-siret3_r012_c008,AUTO-siret3_r012_c008-R06,51.68,,,,,
row,AUTO-siret3_r012_c008,AUTO-siret3_r012_c008-R07,49.65,,,,,
row,AUTO-siret3_r012_c008,AUTO-siret3_r012_c008-R08,61.8,,,,,
row,AUTO-siret3_r012_c008,AUTO-siret3_r012_c008-R09,55.65,,,,,
row,AUTO-siret3_r012_c008,AUTO-siret3_r012_c008-R10,50.5,,,,,
row,AUTO-siret3_r012_c008,AUTO-siret3_r012_c008-R11,34.6,,,,,
row,AUTO-siret3_r012_c008,AUTO-siret3_r012_c008-R12,27.8,,,,,
row,AUTO-siret3_r012_c008,AUTO-siret3_r012_c008-R13,16.1,,,,,
row,AUTO-siret3_r012_c008,AUTO-siret3_r012_c008-R14,8.9,,,,,
block,AUTO-siret3_r012_c008,,545.45,170.58,1548.21,337,14,
row,AUTO-siret3_r012_c009,AUTO-siret3_r012_c009-R01,20.77,,,,,
row,AUTO-siret3_r012_c009,AUTO-siret3_r012_c009-R02,32.68,,,,,
row,AUTO-siret3_r012_c009,AUTO-siret3_r012_c009-R03,39.07,,,,,
row,AUTO-siret3_r012_c009,AUTO-siret3_r012_c009-R04,44.82,,,,,
row,AUTO-siret3_r012_c009,AUTO-siret3_r012_c009-R05,54.08,,,,,
row,AUTO-siret3_r012_c009,AUTO-siret3_r012_c009-R06,56.98,,,,,
row,AUTO-siret3_r012_c009,AUTO-siret3_r012_c009-R07,47.58,,,,,
row,AUTO-siret3_r012_c009,AUTO-siret3_r012_c009-R08,52.63,,,,,
row,AUTO-siret3_r012_c009,AUTO-siret3_r012_c009-R09,52.78,,,,,
row,AUTO-siret3_r012_c009,AUTO-siret3_r012_c009-R10,31.2,,,,,
row,AUTO-siret3_r012_c009,AUTO-siret3_r012_c009-R11,32.88,,,,,
row,AUTO-siret3_r012_c009,AUTO-siret3_r012_c009-R12,31.47,,,,,
block,AUTO-siret3_r012_c009,,496.93,125.36,1458.75,248,12,
row,AUTO-siret3_r013_c003,AUTO-siret3_r013_c003-R01,51.2,,,,,
row,AUTO-siret3_r013_c003,AUTO-siret3_r013_c003-R02,51.23,,,,,
row,AUTO-siret3_r013_c003,AUTO-siret3_r013_c003-R03,49.1,,,,,
row,AUTO-siret3_r013_c003,AUTO-siret3_r013_c003-R04,41.62,,,,,
row,AUTO-siret3_r013_c003,AUTO-siret3_r013_c003-R05,42.12,,,,,
row,AUTO-siret3_r013_c003,AUTO-siret3_r013_c003-R06,38.28,,,,,
row,AUTO-siret3_r013_c003,AUTO-siret3_r013_c003-R07,36.55,,,,,
row,AUTO-siret3_r013_c003,AUTO-siret3_r013_c003-R08,31.4,,,,,
row,AUTO-siret3_r013_c003,AUTO-siret3_r013_c003-R09,29.7,,,,,
row,AUTO-siret3_r013_c003,AUTO-siret3_r013_c003-R10,21.85,,,,,
row,AUTO-siret3_r013_c003,AUTO-siret3_r013_c003-R11,22.07,,,,,
row,AUTO-siret3_r013_c003,AUTO-siret3_r013_c003-R12,19.73,,,,,
block,AUTO-siret3_r013_c003,,434.85,108.89,1305.97,223,12,
row,AUTO-siret3_r013_c004,AUTO-siret3_r013_c004-R01,15.48,,,,,
row,AUTO-siret3_r013_c004,AUTO-siret3_r013_c004-R02,45.52,,,,,
row,AUTO-siret3_r013_c004,AUTO-siret3_r013_c004-R03,51.72,,,,,
row,AUTO-siret3_r013_c004,AUTO-siret3_r013_c004-R04,55.03,,,,,
row,AUTO-siret3_r013_c004,AUTO-siret3_r013_c004-R05,69.73,,,,,
row,AUTO-siret3_r013_c004,AUTO-siret3_r013_c004-R06,70.05,,,,,
row,AUTO-siret3_r013_c004,AUTO-siret3_r013_c004-R07,64.38,,,,,
row,AUTO-siret3_r013_c004,AUTO-siret3_r013_c004-R08,56.88,,,,,
row,AUTO-siret3_r013_c004,AUTO-siret3_r013_c004-R09,40.93,,,,,
row,AUTO-siret3_r013_c004,AUTO-siret3_r013_c004-R10,37.78,,,,,
row,AUTO-siret3_r013_c004,AUTO-siret3_r013_c004-R11,34.15,,,,,
block,AUTO-siret3_r013_c004,,541.63,163.01,1548.37,332,11,
row,AUTO-siret3_r013_c007,AUTO-siret3_r013_c007-R01,11.85,,,,,
row,AUTO-siret3_r013_c007,AUTO-siret3_r013_c007-R02,27.95,,,,,
row,AUTO-siret3_r013_c007,AUTO-siret3_r013_c007-R03,44.5,,,,,
row,AUTO-siret3_r013_c007,AUTO-siret3_r013_c007-R04,53.1,,,,,
row,AUTO-siret3_r013_c007,AUTO-siret3_r013_c007-R05,53.1,,,,,
row,AUTO-siret3_r013_c007,AUTO-siret3_r013_c007-R06,53.1,,,,,
row,AUTO-siret3_r013_c007,AUTO-siret3_r013_c007-R07,53.03,,,,,
row,AUTO-siret3_r013_c007,AUTO-siret3_r013_c007-R08,28.08,,,,,
block,AUTO-siret3_r013_c007,,324.7,134.63,1952.71,257,8,
row,AUTO-siret3_r013_c008,AUTO-siret3_r013_c008-R01,11.35,,,,,
row,AUTO-siret3_r013_c008,AUTO-siret3_r013_c008-R02,23.17,,,,,
row,AUTO-siret3_r013_c008,AUTO-siret3_r013_c008-R03,28.75,,,,,
row,AUTO-siret3_r013_c008,AUTO-siret3_r013_c008-R04,39.32,,,,,
row,AUTO-siret3_r013_c008,AUTO-siret3_r013_c008-R05,50.4,,,,,
row,AUTO-siret3_r013_c008,AUTO-siret3_r013_c008-R06,56.3,,,,,
row,AUTO-siret3_r013_c008,AUTO-siret3_r013_c008-R07,71.48,,,,,
row,AUTO-siret3_r013_c008,AUTO-siret3_r013_c008-R08,63.0,,,,,
row,AUTO-siret3_r013_c008,AUTO-siret3_r013_c008-R09,54.38,,,,,
row,AUTO-siret3_r013_c008,AUTO-siret3_r013_c008-R10,22.88,,,,,
row,AUTO-siret3_r013_c008,AUTO-siret3_r013_c008-R11,30.65,,,,,
row,AUTO-siret3_r013_c008,AUTO-siret3_r013_c008-R12,16.92,,,,,
row,AUTO-siret3_r013_c008,AUTO-siret3_r013_c008-R13,15.98,,,,,
row,AUTO-siret3_r013_c008,AUTO-siret3_r013_c008-R14,6.28,,,,,
block,AUTO-siret3_r013_c008,,490.85,128.1,1677.76,256,14,
row,AUTO-siret3_r013_c009,AUTO-siret3_r013_c009-R01,51.18,,,,,
row,AUTO-siret3_r013_c009,AUTO-siret3_r013_c009-R02,49.88,,,,,
row,AUTO-siret3_r013_c009,AUTO-siret3_r013_c009-R03,47.65,,,,,
row,AUTO-siret3_r013_c009,AUTO-siret3_r013_c009-R04,48.1,,,,,
row,AUTO-siret3_r013_c009,AUTO-siret3_r013_c009-R05,51.18,,,,,
row,AUTO-siret3_r013_c009,AUTO-siret3_r013_c009-R06,46.43,,,,,
row,AUTO-siret3_r013_c009,AUTO-siret3_r013_c009-R07,47.3,,,,,
row,AUTO-siret3_r013_c009,AUTO-siret3_r013_c009-R08,49.77,,,,,
row,AUTO-siret3_r013_c009,AUTO-siret3_r013_c009-R09,50.28,,,,,
row,AUTO-siret3_r013_c009,AUTO-siret3_r013_c009-R10,43.03,,,,,
row,AUTO-siret3_r013_c009,AUTO-siret3_r013_c009-R11,45.05,,,,,
block,AUTO-siret3_r013_c009,,529.83,97.51,1840.37,210,11,
row,AUTO-siret3_r014_c004,AUTO-siret3_r014_c004-R01,22.03,,,,,
row,AUTO-siret3_r014_c004,AUTO-siret3_r014_c004-R02,34.7,,,,,
row,AUTO-siret3_r014_c004,AUTO-siret3_r014_c004-R03,52.45,,,,,
row,AUTO-siret3_r014_c004,AUTO-siret3_r014_c004-R04,52.55,,,,,
row,AUTO-siret3_r014_c004,AUTO-siret3_r014_c004-R05,52.48,,,,,
block,AUTO-siret3_r014_c004,,214.2,84.48,576.11,164,5,
row,AUTO-siret3_r014_c006,AUTO-siret3_r014_c006-R01,20.38,,,,,
row,AUTO-siret3_r014_c006,AUTO-siret3_r014_c006-R02,32.85,,,,,
row,AUTO-siret3_r014_c006,AUTO-siret3_r014_c006-R03,37.75,,,,,
row,AUTO-siret3_r014_c006,AUTO-siret3_r014_c006-R04,41.85,,,,,
row,AUTO-siret3_r014_c006,AUTO-siret3_r014_c006-R05,54.65,,,,,
row,AUTO-siret3_r014_c006,AUTO-siret3_r014_c006-R06,71.8,,,,,
row,AUTO-siret3_r014_c006,AUTO-siret3_r014_c006-R07,59.85,,,,,
row,AUTO-siret3_r014_c006,AUTO-siret3_r014_c006-R08,52.38,,,,,
row,AUTO-siret3_r014_c006,AUTO-siret3_r014_c006-R09,44.78,,,,,
row,AUTO-siret3_r014_c006,AUTO-siret3_r014_c006-R10,37.73,,,,,
row,AUTO-siret3_r014_c006,AUTO-siret3_r014_c006-R11,25.98,,,,,
row,AUTO-siret3_r014_c006,AUTO-siret3_r014_c006-R12,18.85,,,,,
row,AUTO-siret3_r014_c006,AUTO-siret3_r014_c006-R13,12.35,,,,,
block,AUTO-siret3_r014_c006,,511.18,141.9,1739.7,293,13,
row,AUTO-siret3_r014_c007,AUTO-siret3_r014_c007-R01,42.65,,,,,
row,AUTO-siret3_r014_c007,AUTO-siret3_r014_c007-R02,52.52,,,,,
row,AUTO-siret3_r014_c007,AUTO-siret3_r014_c007-R03,53.55,,,,,
row,AUTO-siret3_r014_c007,AUTO-siret3_r014_c007-R04,53.73,,,,,
row,AUTO-siret3_r014_c007,AUTO-siret3_r014_c007-R05,53.73,,,,,
row,AUTO-siret3_r014_c007,AUTO-siret3_r014_c007-R06,53.73,,,,,
row,AUTO-siret3_r014_c007,AUTO-siret3_r014_c007-R07,53.7,,,,,
row,AUTO-siret3_r014_c007,AUTO-siret3_r014_c007-R08,10.0,,,,,
block,AUTO-siret3_r014_c007,,373.6,123.3,1148.17,242,8,
row,AUTO-siret3_r014_c008,AUTO-siret3_r014_c008-R01,21.25,,,,,
row,AUTO-siret3_r014_c008,AUTO-siret3_r014_c008-R02,51.62,,,,,
row,AUTO-siret3_r014_c008,AUTO-siret3_r014_c008-R03,51.63,,,,,
row,AUTO-siret3_r014_c008,AUTO-siret3_r014_c008-R04,51.62,,,,,
row,AUTO-siret3_r014_c008,AUTO-siret3_r014_c008-R05,51.62,,,,,
row,AUTO-siret3_r014_c008,AUTO-siret3_r014_c008-R06,12.7,,,,,
block,AUTO-siret3_r014_c008,,240.45,91.25,478.88,179,6,
row,AUTO-siret3_r014_c009,AUTO-siret3_r014_c009-R01,7.68,,,,,
row,AUTO-siret3_r014_c009,AUTO-siret3_r014_c009-R02,26.6,,,,,
row,AUTO-siret3_r014_c009,AUTO-siret3_r014_c009-R03,30.58,,,,,
row,AUTO-siret3_r014_c009,AUTO-siret3_r014_c009-R04,36.52,,,,,
row,AUTO-siret3_r014_c009,AUTO-siret3_r014_c009-R05,43.7,,,,,
row,AUTO-siret3_r014_c009,AUTO-siret3_r014_c009-R06,53.07,,,,,
row,AUTO-siret3_r014_c009,AUTO-siret3_r014_c009-R07,58.83,,,,,
row,AUTO-siret3_r014_c009,AUTO-siret3_r014_c009-R08,69.33,,,,,
row,AUTO-siret3_r014_c009,AUTO-siret3_r014_c009-R09,69.87,,,,,
row,AUTO-siret3_r014_c009,AUTO-siret3_r014_c009-R10,63.57,,,,,
row,AUTO-siret3_r014_c009,AUTO-siret3_r014_c009-R11,51.05,,,,,
row,AUTO-siret3_r014_c009,AUTO-siret3_r014_c009-R12,42.45,,,,,
row,AUTO-siret3_r014_c009,AUTO-siret3_r014_c009-R13,29.05,,,,,
row,AUTO-siret3_r014_c009,AUTO-siret3_r014_c009-R14,20.47,,,,,
row,AUTO-siret3_r014_c009,AUTO-siret3_r014_c009-R15,13.1,,,,,
row,AUTO-siret3_r014_c009,AUTO-siret3_r014_c009-R16,7.3,,,,,
block,AUTO-siret3_r014_c009,,623.17,154.19,1889.52,321,16,
row,AUTO-siret3_r015_c004,AUTO-siret3_r015_c004-R01,9.07,,,,,
row,AUTO-siret3_r015_c004,AUTO-siret3_r015_c004-R02,24.05,,,,,
row,AUTO-siret3_r015_c004,AUTO-siret3_r015_c004-R03,31.83,,,,,
row,AUTO-siret3_r015_c004,AUTO-siret3_r015_c004-R04,37.17,,,,,
block,AUTO-siret3_r015_c004,,102.13,40.46,199.59,79,4,
row,AUTO-siret3_r015_c005,AUTO-siret3_r015_c005-R01,20.3,,,,,
row,AUTO-siret3_r015_c005,AUTO-siret3_r015_c005-R02,40.8,,,,,
row,AUTO-siret3_r015_c005,AUTO-siret3_r015_c005-R03,52.43,,,,,
row,AUTO-siret3_r015_c005,AUTO-siret3_r015_c005-R04,52.42,,,,,
row,AUTO-siret3_r015_c005,AUTO-siret3_r015_c005-R05,48.95,,,,,
row,AUTO-siret3_r015_c005,AUTO-siret3_r015_c005-R06,50.77,,,,,
row,AUTO-siret3_r015_c005,AUTO-siret3_r015_c005-R07,50.85,,,,,
row,AUTO-siret3_r015_c005,AUTO-siret3_r015_c005-R08,49.6,,,,,
row,AUTO-siret3_r015_c005,AUTO-siret3_r015_c005-R09,40.9,,,,,
row,AUTO-siret3_r015_c005,AUTO-siret3_r015_c005-R10,33.93,,,,,
row,AUTO-siret3_r015_c005,AUTO-siret3_r015_c005-R11,20.65,,,,,
block,AUTO-siret3_r015_c005,,461.6,133.05,1958.31,274,11,
row,AUTO-siret3_r015_c006,AUTO-siret3_r015_c006-R01,5.9,,,,,
row,AUTO-siret3_r015_c006,AUTO-siret3_r015_c006-R02,22.9,,,,,
row,AUTO-siret3_r015_c006,AUTO-siret3_r015_c006-R03,45.4,,,,,
row,AUTO-siret3_r015_c006,AUTO-siret3_r015_c006-R04,53.6,,,,,
row,AUTO-siret3_r015_c006,AUTO-siret3_r015_c006-R05,53.02,,,,,
row,AUTO-siret3_r015_c006,AUTO-siret3_r015_c006-R06,53.17,,,,,
row,AUTO-siret3_r015_c006,AUTO-siret3_r015_c006-R07,53.48,,,,,
row,AUTO-siret3_r015_c006,AUTO-siret3_r015_c006-R08,53.75,,,,,
row,AUTO-siret3_r015_c006,AUTO-siret3_r015_c006-R09,53.62,,,,,
row,AUTO-siret3_r015_c006,AUTO-siret3_r015_c006-R10,53.75,,,,,
row,AUTO-siret3_r015_c006,AUTO-siret3_r015_c006-R11,46.5,,,,,
row,AUTO-siret3_r015_c006,AUTO-siret3_r015_c006-R12,23.42,,,,,
block,AUTO-siret3_r015_c006,,518.52,175.31,2036.46,348,12,
row,AUTO-siret3_r015_c007,AUTO-siret3_r015_c007-R01,33.27,,,,,
row,AUTO-siret3_r015_c007,AUTO-siret3_r015_c007-R02,53.22,,,,,
row,AUTO-siret3_r015_c007,AUTO-siret3_r015_c007-R03,30.62,,,,,
row,AUTO-siret3_r015_c007,AUTO-siret3_r015_c007-R04,53.27,,,,,
row,AUTO-siret3_r015_c007,AUTO-siret3_r015_c007-R05,53.4,,,,,
row,AUTO-siret3_r015_c007,AUTO-siret3_r015_c007-R06,53.38,,,,,
row,AUTO-siret3_r015_c007,AUTO-siret3_r015_c007-R07,53.4,,,,,
row,AUTO-siret3_r015_c007,AUTO-siret3_r015_c007-R08,39.15,,,,,
row,AUTO-siret3_r015_c007,AUTO-siret3_r015_c007-R09,21.52,,,,,
block,AUTO-siret3_r015_c007,,391.25,146.85,1369.24,286,9,
row,AUTO-siret3_r015_c011,AUTO-siret3_r015_c011-R01,12.77,,,,,
row,AUTO-siret3_r015_c011,AUTO-siret3_r015_c011-R02,20.0,,,,,
row,AUTO-siret3_r015_c011,AUTO-siret3_r015_c011-R03,32.48,,,,,
row,AUTO-siret3_r015_c011,AUTO-siret3_r015_c011-R04,38.02,,,,,
row,AUTO-siret3_r015_c011,AUTO-siret3_r015_c011-R05,52.95,,,,,
row,AUTO-siret3_r015_c011,AUTO-siret3_r015_c011-R06,58.9,,,,,
row,AUTO-siret3_r015_c011,AUTO-siret3_r015_c011-R07,71.37,,,,,
row,AUTO-siret3_r015_c011,AUTO-siret3_r015_c011-R08,60.85,,,,,
row,AUTO-siret3_r015_c011,AUTO-siret3_r015_c011-R09,32.2,,,,,
row,AUTO-siret3_r015_c011,AUTO-siret3_r015_c011-R10,11.33,,,,,
row,AUTO-siret3_r015_c011,AUTO-siret3_r015_c011-R11,17.55,,,,,
block,AUTO-siret3_r015_c011,,408.43,113.62,1490.93,218,11,
row,AUTO-siret3_r016_c005,AUTO-siret3_r016_c005-R01,11.75,,,,,
row,AUTO-siret3_r016_c005,AUTO-siret3_r016_c005-R02,35.2,,,,,
row,AUTO-siret3_r016_c005,AUTO-siret3_r016_c005-R03,39.47,,,,,
row,AUTO-siret3_r016_c005,AUTO-siret3_r016_c005-R04,47.22,,,,,
row,AUTO-siret3_r016_c005,AUTO-siret3_r016_c005-R05,52.25,,,,,
block,AUTO-siret3_r016_c005,,185.9,73.37,407.62,142,5,
row,AUTO-siret3_r016_c007,AUTO-siret3_r016_c007-R01,15.43,,,,,
row,AUTO-siret3_r016_c007,AUTO-siret3_r016_c007-R02,26.13,,,,,
row,AUTO-siret3_r016_c007,AUTO-siret3_r016_c007-R03,40.38,,,,,
row,AUTO-siret3_r016_c007,AUTO-siret3_r016_c007-R04,53.22,,,,,
row,AUTO-siret3_r016_c007,AUTO-siret3_r016_c007-R05,53.12,,,,,
row,AUTO-siret3_r016_c007,AUTO-siret3_r016_c007-R06,53.37,,,,,
row,AUTO-siret3_r016_c007,AUTO-siret3_r016_c007-R07,50.33,,,,,
row,AUTO-siret3_r016_c007,AUTO-siret3_r016_c007-R08,28.5,,,,,
block,AUTO-siret3_r016_c007,,320.48,130.69,1937.69,248,8,
row,AUTO-siret3_r016_c008,AUTO-siret3_r016_c008-R01,18.93,,,,,
row,AUTO-siret3_r016_c008,AUTO-siret3_r016_c008-R02,52.55,,,,,
row,AUTO-siret3_r016_c008,AUTO-siret3_r016_c008-R03,52.7,,,,,
row,AUTO-siret3_r016_c008,AUTO-siret3_r016_c008-R04,52.73,,,,,
row,AUTO-siret3_r016_c008,AUTO-siret3_r016_c008-R05,51.77,,,,,
row,AUTO-siret3_r016_c008,AUTO-siret3_r016_c008-R06,52.72,,,,,
row,AUTO-siret3_r016_c008,AUTO-siret3_r016_c008-R07,43.25,,,,,
row,AUTO-siret3_r016_c008,AUTO-siret3_r016_c008-R08,52.73,,,,,
row,AUTO-siret3_r016_c008,AUTO-siret3_r016_c008-R09,49.73,,,,,
row,AUTO-siret3_r016_c008,AUTO-siret3_r016_c008-R10,37.47,,,,,
block,AUTO-siret3_r016_c008,,464.58,129.4,1870.38,260,10,
row,AUTO-siret3_r016_c009,AUTO-siret3_r016_c009-R01,24.85,,,,,
row,AUTO-siret3_r016_c009,AUTO-siret3_r016_c009-R02,33.35,,,,,
row,AUTO-siret3_r016_c009,AUTO-siret3_r016_c009-R03,46.2,,,,,
row,AUTO-siret3_r016_c009,AUTO-siret3_r016_c009-R04,53.78,,,,,
row,AUTO-siret3_r016_c009,AUTO-siret3_r016_c009-R05,53.95,,,,,
row,AUTO-siret3_r016_c009,AUTO-siret3_r016_c009-R06,45.05,,,,,
row,AUTO-siret3_r016_c009,AUTO-siret3_r016_c009-R07,53.7,,,,,
row,AUTO-siret3_r016_c009,AUTO-siret3_r016_c009-R08,53.98,,,,,
row,AUTO-siret3_r016_c009,AUTO-siret3_r016_c009-R09,53.9,,,,,
row,AUTO-siret3_r016_c009,AUTO-siret3_r016_c009-R10,53.95,,,,,
row,AUTO-siret3_r016_c009,AUTO-siret3_r016_c009-R11,46.68,,,,,
row,AUTO-siret3_r016_c009,AUTO-siret3_r016_c009-R12,24.05,,,,,
block,AUTO-siret3_r016_c009,,543.42,160.57,1842.1,321,12,
row,AUTO-siret3_r016_c011,AUTO-siret3_r016_c011-R01,11.43,,,,,
row,AUTO-siret3_r016_c011,AUTO-siret3_r016_c011-R02,17.2,,,,,
row,AUTO-siret3_r016_c011,AUTO-siret3_r016_c011-R03,8.45,,,,,
row,AUTO-siret3_r016_c011,AUTO-siret3_r016_c011-R04,9.57,,,,,
row,AUTO-siret3_r016_c011,AUTO-siret3_r016_c011-R05,29.02,,,,,
row,AUTO-siret3_r016_c011,AUTO-siret3_r016_c011-R06,50.73,,,,,
row,AUTO-siret3_r016_c011,AUTO-siret3_r016_c011-R07,41.72,,,,,
row,AUTO-siret3_r016_c011,AUTO-siret3_r016_c011-R08,49.9,,,,,
row,AUTO-siret3_r016_c011,AUTO-siret3_r016_c011-R09,66.9,,,,,
row,AUTO-siret3_r016_c011,AUTO-siret3_r016_c011-R10,43.0,,,,,
row,AUTO-siret3_r016_c011,AUTO-siret3_r016_c011-R11,53.15,,,,,
row,AUTO-siret3_r016_c011,AUTO-siret3_r016_c011-R12,47.95,,,,,
row,AUTO-siret3_r016_c011,AUTO-siret3_r016_c011-R13,38.3,,,,,
row,AUTO-siret3_r016_c011,AUTO-siret3_r016_c011-R14,29.48,,,,,
row,AUTO-siret3_r016_c011,AUTO-siret3_r016_c011-R15,18.23,,,,,
block,AUTO-siret3_r016_c011,,515.03,163.17,1401.26,322,15,
row,AUTO-siret3_r017_c010,AUTO-siret3_r017_c010-R01,51.18,,,,,
row,AUTO-siret3_r017_c010,AUTO-siret3_r017_c010-R02,50.35,,,,,
row,AUTO-siret3_r017_c010,AUTO-siret3_r017_c010-R03,51.18,,,,,
row,AUTO-siret3_r017_c010,AUTO-siret3_r017_c010-R04,51.18,,,,,
row,AUTO-siret3_r017_c010,AUTO-siret3_r017_c010-R05,48.68,,,,,
row,AUTO-siret3_r017_c010,AUTO-siret3_r017_c010-R06,51.18,,,,,
row,AUTO-siret3_r017_c010,AUTO-siret3_r017_c010-R07,49.88,,,,,
row,AUTO-siret3_r017_c010,AUTO-siret3_r017_c010-R08,51.18,,,,,
row,AUTO-siret3_r017_c010,AUTO-siret3_r017_c010-R09,51.18,,,,,
row,AUTO-siret3_r017_c010,AUTO-siret3_r017_c010-R10,51.18,,,,,
block,AUTO-siret3_r017_c010,,507.13,148.71,2063.55,302,10,
row,AUTO-siret3_r018_c007,AUTO-siret3_r018_c007-R01,5.07,,,,,
row,AUTO-siret3_r018_c007,AUTO-siret3_r018_c007-R02,44.2,,,,,
row,AUTO-siret3_r018_c007,AUTO-siret3_r018_c007-R03,50.1,,,,,
row,AUTO-siret3_r018_c007,AUTO-siret3_r018_c007-R04,65.73,,,,,
row,AUTO-siret3_r018_c007,AUTO-siret3_r018_c007-R05,72.05,,,,,
row,AUTO-siret3_r018_c007,AUTO-siret3_r018_c007-R06,59.55,,,,,
block,AUTO-siret3_r018_c007,,296.7,71.73,884.43,137,6,
row,AUTO-siret3_r018_c010,AUTO-siret3_r018_c010-R01,39.9,,,,,
row,AUTO-siret3_r018_c010,AUTO-siret3_r018_c010-R02,38.5,,,,,
row,AUTO-siret3_r018_c010,AUTO-siret3_r018_c010-R03,49.85,,,,,
row,AUTO-siret3_r018_c010,AUTO-siret3_r018_c010-R04,42.6,,,,,
row,AUTO-siret3_r018_c010,AUTO-siret3_r018_c010-R05,55.25,,,,,
row,AUTO-siret3_r018_c010,AUTO-siret3_r018_c010-R06,68.47,,,,,
row,AUTO-siret3_r018_c010,AUTO-siret3_r018_c010-R07,60.3,,,,,
row,AUTO-siret3_r018_c010,AUTO-siret3_r018_c010-R08,53.17,,,,,
row,AUTO-siret3_r018_c010,AUTO-siret3_r018_c010-R09,42.65,,,,,
row,AUTO-siret3_r018_c010,AUTO-siret3_r018_c010-R10,39.25,,,,,
row,AUTO-siret3_r018_c010,AUTO-siret3_r018_c010-R11,24.52,,,,,
row,AUTO-siret3_r018_c010,AUTO-siret3_r018_c010-R12,26.25,,,,,
row,AUTO-siret3_r018_c010,AUTO-siret3_r018_c010-R13,11.82,,,,,
block,AUTO-siret3_r018_c010,,552.55,145.53,1433.45,280,13,
row,AUTO-siret3_r018_c011,AUTO-siret3_r018_c011-R01,12.58,,,,,
row,AUTO-siret3_r018_c011,AUTO-siret3_r018_c011-R02,18.7,,,,,
row,AUTO-siret3_r018_c011,AUTO-siret3_r018_c011-R03,28.4,,,,,
row,AUTO-siret3_r018_c011,AUTO-siret3_r018_c011-R04,35.15,,,,,
row,AUTO-siret3_r018_c011,AUTO-siret3_r018_c011-R05,41.17,,,,,
row,AUTO-siret3_r018_c011,AUTO-siret3_r018_c011-R06,46.4,,,,,
row,AUTO-siret3_r018_c011,AUTO-siret3_r018_c011-R07,51.67,,,,,
row,AUTO-siret3_r018_c011,AUTO-siret3_r018_c011-R08,57.45,,,,,
row,AUTO-siret3_r018_c011,AUTO-siret3_r018_c011-R09,63.77,,,,,
row,AUTO-siret3_r018_c011,AUTO-siret3_r018_c011-R10,63.87,,,,,
row,AUTO-siret3_r018_c011,AUTO-siret3_r018_c011-R11,64.28,,,,,
row,AUTO-siret3_r018_c011,AUTO-siret3_r018_c011-R12,64.28,,,,,
row,AUTO-siret3_r018_c011,AUTO-siret3_r018_c011-R13,62.58,,,,,
row,AUTO-siret3_r018_c011,AUTO-siret3_r018_c011-R14,54.12,,,,,
row,AUTO-siret3_r018_c011,AUTO-siret3_r018_c011-R15,51.0,,,,,
row,AUTO-siret3_r018_c011,AUTO-siret3_r018_c011-R16,45.4,,,,,
row,AUTO-siret3_r018_c011,AUTO-siret3_r018_c011-R17,39.67,,,,,
row,AUTO-siret3_r018_c011,AUTO-siret3_r018_c011-R18,33.97,,,,,
row,AUTO-siret3_r018_c011,AUTO-siret3_r018_c011-R19,28.37,,,,,
row,AUTO-siret3_r018_c011,AUTO-siret3_r018_c011-R20,18.15,,,,,
row,AUTO-siret3_r018_c011,AUTO-siret3_r018_c011-R21,16.75,,,,,
block,AUTO-siret3_r018_c011,,897.75,193.76,1864.02,423,21,
row,AUTO-siret3_r018_c012,AUTO-siret3_r018_c012-R01,10.13,,,,,
row,AUTO-siret3_r018_c012,AUTO-siret3_r018_c012-R02,21.75,,,,,
row,AUTO-siret3_r018_c012,AUTO-siret3_r018_c012-R03,31.5,,,,,
row,AUTO-siret3_r018_c012,AUTO-siret3_r018_c012-R04,36.18,,,,,
row,AUTO-siret3_r018_c012,AUTO-siret3_r018_c012-R05,45.05,,,,,
row,AUTO-siret3_r018_c012,AUTO-siret3_r018_c012-R06,51.32,,,,,
row,AUTO-siret3_r018_c012,AUTO-siret3_r018_c012-R07,56.4,,,,,
row,AUTO-siret3_r018_c012,AUTO-siret3_r018_c012-R08,62.05,,,,,
row,AUTO-siret3_r018_c012,AUTO-siret3_r018_c012-R09,63.7,,,,,
row,AUTO-siret3_r018_c012,AUTO-siret3_r018_c012-R10,64.7,,,,,
row,AUTO-siret3_r018_c012,AUTO-siret3_r018_c012-R11,64.5,,,,,
row,AUTO-siret3_r018_c012,AUTO-siret3_r018_c012-R12,64.13,,,,,
row,AUTO-siret3_r018_c012,AUTO-siret3_r018_c012-R13,57.85,,,,,
row,AUTO-siret3_r018_c012,AUTO-siret3_r018_c012-R14,52.48,,,,,
row,AUTO-siret3_r018_c012,AUTO-siret3_r018_c012-R15,39.58,,,,,
row,AUTO-siret3_r018_c012,AUTO-siret3_r018_c012-R16,38.17,,,,,
row,AUTO-siret3_r018_c012,AUTO-siret3_r018_c012-R17,31.6,,,,,
row,AUTO-siret3_r018_c012,AUTO-siret3_r018_c012-R18,29.43,,,,,
row,AUTO-siret3_r018_c012,AUTO-siret3_r018_c012-R19,21.13,,,,,
row,AUTO-siret3_r018_c012,AUTO-siret3_r018_c012-R20,18.42,,,,,
row,AUTO-siret3_r018_c012,AUTO-siret3_r018_c012-R21,12.6,,,,,
block,AUTO-siret3_r018_c012,,872.66,156.07,1857.61,388,21,
row,AUTO-siret3_r018_c013,AUTO-siret3_r018_c013-R01,19.83,,,,,
row,AUTO-siret3_r018_c013,AUTO-siret3_r018_c013-R02,27.73,,,,,
row,AUTO-siret3_r018_c013,AUTO-siret3_r018_c013-R03,50.6,,,,,
row,AUTO-siret3_r018_c013,AUTO-siret3_r018_c013-R04,57.27,,,,,
row,AUTO-siret3_r018_c013,AUTO-siret3_r018_c013-R05,71.53,,,,,
row,AUTO-siret3_r018_c013,AUTO-siret3_r018_c013-R06,60.43,,,,,
row,AUTO-siret3_r018_c013,AUTO-siret3_r018_c013-R07,42.0,,,,,
row,AUTO-siret3_r018_c013,AUTO-siret3_r018_c013-R08,13.6,,,,,
row,AUTO-siret3_r018_c013,AUTO-siret3_r018_c013-R09,4.9,,,,,
row,AUTO-siret3_r018_c013,AUTO-siret3_r018_c013-R10,7.7,,,,,
block,AUTO-siret3_r018_c013,,355.58,68.82,1651.46,139,10,
row,AUTO-siret3_r019_c009,AUTO-siret3_r019_c009-R01,18.0,,,,,
row,AUTO-siret3_r019_c009,AUTO-siret3_r019_c009-R02,25.25,,,,,
row,AUTO-siret3_r019_c009,AUTO-siret3_r019_c009-R03,31.3,,,,,
row,AUTO-siret3_r019_c009,AUTO-siret3_r019_c009-R04,40.37,,,,,
row,AUTO-siret3_r019_c009,AUTO-siret3_r019_c009-R05,45.9,,,,,
row,AUTO-siret3_r019_c009,AUTO-siret3_r019_c009-R06,48.35,,,,,
row,AUTO-siret3_r019_c009,AUTO-siret3_r019_c009-R07,56.57,,,,,
row,AUTO-siret3_r019_c009,AUTO-siret3_r019_c009-R08,68.6,,,,,
row,AUTO-siret3_r019_c009,AUTO-siret3_r019_c009-R09,69.07,,,,,
row,AUTO-siret3_r019_c009,AUTO-siret3_r019_c009-R10,57.5,,,,,
row,AUTO-siret3_r019_c009,AUTO-siret3_r019_c009-R11,48.27,,,,,
row,AUTO-siret3_r019_c009,AUTO-siret3_r019_c009-R12,39.7,,,,,
row,AUTO-siret3_r019_c009,AUTO-siret3_r019_c009-R13,35.38,,,,,
row,AUTO-siret3_r019_c009,AUTO-siret3_r019_c009-R14,28.35,,,,,
row,AUTO-siret3_r019_c009,AUTO-siret3_r019_c009-R15,16.5,,,,,
block,AUTO-siret3_r019_c009,,629.13,171.65,1912.05,354,15,
row,AUTO-siret3_r019_c010,AUTO-siret3_r019_c010-R01,10.53,,,,,
row,AUTO-siret3_r019_c010,AUTO-siret3_r019_c010-R02,24.53,,,,,
row,AUTO-siret3_r019_c010,AUTO-siret3_r019_c010-R03,26.42,,,,,
row,AUTO-siret3_r019_c010,AUTO-siret3_r019_c010-R04,27.43,,,,,
row,AUTO-siret3_r019_c010,AUTO-siret3_r019_c010-R05,42.42,,,,,
row,AUTO-siret3_r019_c010,AUTO-siret3_r019_c010-R06,45.87,,,,,
row,AUTO-siret3_r019_c010,AUTO-siret3_r019_c010-R07,49.25,,,,,
row,AUTO-siret3_r019_c010,AUTO-siret3_r019_c010-R08,45.1,,,,,
row,AUTO-siret3_r019_c010,AUTO-siret3_r019_c010-R09,55.3,,,,,
row,AUTO-siret3_r019_c010,AUTO-siret3_r019_c010-R10,48.9,,,,,
row,AUTO-siret3_r019_c010,AUTO-siret3_r019_c010-R11,63.3,,,,,
row,AUTO-siret3_r019_c010,AUTO-siret3_r019_c010-R12,59.82,,,,,
row,AUTO-siret3_r019_c010,AUTO-siret3_r019_c010-R13,42.55,,,,,
row,AUTO-siret3_r019_c010,AUTO-siret3_r019_c010-R14,48.42,,,,,
row,AUTO-siret3_r019_c010,AUTO-siret3_r019_c010-R15,31.13,,,,,
row,AUTO-siret3_r019_c010,AUTO-siret3_r019_c010-R16,25.25,,,,,
row,AUTO-siret3_r019_c010,AUTO-siret3_r019_c010-R17,20.0,,,,,
row,AUTO-siret3_r019_c010,AUTO-siret3_r019_c010-R18,13.1,,,,,
block,AUTO-siret3_r019_c010,,679.32,86.89,1611.21,202,18,
row,AUTO-siret3_r019_c011,AUTO-siret3_r019_c011-R01,10.38,,,,,
row,AUTO-siret3_r019_c011,AUTO-siret3_r019_c011-R02,17.07,,,,,
row,AUTO-siret3_r019_c011,AUTO-siret3_r019_c011-R03,22.4,,,,,
row,AUTO-siret3_r019_c011,AUTO-siret3_r019_c011-R04,27.87,,,,,
row,AUTO-siret3_r019_c011,AUTO-siret3_r019_c011-R05,34.05,,,,,
row,AUTO-siret3_r019_c011,AUTO-siret3_r019_c011-R06,39.6,,,,,
row,AUTO-siret3_r019_c011,AUTO-siret3_r019_c011-R07,45.35,,,,,
row,AUTO-siret3_r019_c011,AUTO-siret3_r019_c011-R08,50.95,,,,,
row,AUTO-siret3_r019_c011,AUTO-siret3_r019_c011-R09,56.75,,,,,
row,AUTO-siret3_r019_c011,AUTO-siret3_r019_c011-R10,62.2,,,,,
row,AUTO-siret3_r019_c011,AUTO-siret3_r019_c011-R11,64.22,,,,,
row,AUTO-siret3_r019_c011,AUTO-siret3_r019_c011-R12,63.93,,,,,
row,AUTO-siret3_r019_c011,AUTO-siret3_r019_c011-R13,64.13,,,,,
row,AUTO-siret3_r019_c011,AUTO-siret3_r019_c011-R14,63.47,,,,,
row,AUTO-siret3_r019_c011,AUTO-siret3_r019_c011-R15,57.28,,,,,
row,AUTO-siret3_r019_c011,AUTO-siret3_r019_c011-R16,49.75,,,,,
row,AUTO-siret3_r019_c011,AUTO-siret3_r019_c011-R17,41.02,,,,,
row,AUTO-siret3_r019_c011,AUTO-siret3_r019_c011-R18,35.58,,,,,
row,AUTO-siret3_r019_c011,AUTO-siret3_r019_c011-R19,29.02,,,,,
row,AUTO-siret3_r019_c011,AUTO-siret3_r019_c011-R20,25.12,,,,,
row,AUTO-siret3_r019_c011,AUTO-siret3_r019_c011-R21,19.18,,,,,
row,AUTO-siret3_r019_c011,AUTO-siret3_r019_c011-R22,13.5,,,,,
row,AUTO-siret3_r019_c011,AUTO-siret3_r019_c011-R23,7.75,,,,,
block,AUTO-siret3_r019_c011,,900.57,281.58,1938.85,620,23,
row,AUTO-siret3_r019_c012,AUTO-siret3_r019_c012-R01,8.97,,,,,
row,AUTO-siret3_r019_c012,AUTO-siret3_r019_c012-R02,14.72,,,,,
row,AUTO-siret3_r019_c012,AUTO-siret3_r019_c012-R03,20.8,,,,,
row,AUTO-siret3_r019_c012,AUTO-siret3_r019_c012-R04,26.33,,,,,
row,AUTO-siret3_r019_c012,AUTO-siret3_r019_c012-R05,31.95,,,,,
row,AUTO-siret3_r019_c012,AUTO-siret3_r019_c012-R06,36.5,,,,,
row,AUTO-siret3_r019_c012,AUTO-siret3_r019_c012-R07,43.48,,,,,
row,AUTO-siret3_r019_c012,AUTO-siret3_r019_c012-R08,48.87,,,,,
row,AUTO-siret3_r019_c012,AUTO-siret3_r019_c012-R09,54.7,,,,,
row,AUTO-siret3_r019_c012,AUTO-siret3_r019_c012-R10,59.73,,,,,
row,AUTO-siret3_r019_c012,AUTO-siret3_r019_c012-R11,63.37,,,,,
row,AUTO-siret3_r019_c012,AUTO-siret3_r019_c012-R12,64.47,,,,,
row,AUTO-siret3_r019_c012,AUTO-siret3_r019_c012-R13,64.55,,,,,
row,AUTO-siret3_r019_c012,AUTO-siret3_r019_c012-R14,64.0,,,,,
row,AUTO-siret3_r019_c012,AUTO-siret3_r019_c012-R15,59.65,,,,,
row,AUTO-siret3_r019_c012,AUTO-siret3_r019_c012-R16,53.95,,,,,
row,AUTO-siret3_r019_c012,AUTO-siret3_r019_c012-R17,47.92,,,,,
row,AUTO-siret3_r019_c012,AUTO-siret3_r019_c012-R18,42.58,,,,,
row,AUTO-siret3_r019_c012,AUTO-siret3_r019_c012-R19,36.35,,,,,
row,AUTO-siret3_r019_c012,AUTO-siret3_r019_c012-R20,30.48,,,,,
row,AUTO-siret3_r019_c012,AUTO-siret3_r019_c012-R21,21.52,,,,,
row,AUTO-siret3_r019_c012,AUTO-siret3_r019_c012-R22,18.98,,,,,
row,AUTO-siret3_r019_c012,AUTO-siret3_r019_c012-R23,13.55,,,,,
row,AUTO-siret3_r019_c012,AUTO-siret3_r019_c012-R24,7.73,,,,,
block,AUTO-siret3_r019_c012,,935.15,315.48,1938.64,663,24,
row,AUTO-siret3_r019_c013,AUTO-siret3_r019_c013-R01,22.95,,,,,
row,AUTO-siret3_r019_c013,AUTO-siret3_r019_c013-R02,27.5,,,,,
row,AUTO-siret3_r019_c013,AUTO-siret3_r019_c013-R03,38.7,,,,,
row,AUTO-siret3_r019_c013,AUTO-siret3_r019_c013-R04,32.35,,,,,
row,AUTO-siret3_r019_c013,AUTO-siret3_r019_c013-R05,58.95,,,,,
row,AUTO-siret3_r019_c013,AUTO-siret3_r019_c013-R06,64.38,,,,,
row,AUTO-siret3_r019_c013,AUTO-siret3_r019_c013-R07,64.5,,,,,
row,AUTO-siret3_r019_c013,AUTO-siret3_r019_c013-R08,64.5,,,,,
row,AUTO-siret3_r019_c013,AUTO-siret3_r019_c013-R09,63.65,,,,,
row,AUTO-siret3_r019_c013,AUTO-siret3_r019_c013-R10,61.35,,,,,
row,AUTO-siret3_r019_c013,AUTO-siret3_r019_c013-R11,56.2,,,,,
row,AUTO-siret3_r019_c013,AUTO-siret3_r019_c013-R12,48.97,,,,,
row,AUTO-siret3_r019_c013,AUTO-siret3_r019_c013-R13,44.45,,,,,
row,AUTO-siret3_r019_c013,AUTO-siret3_r019_c013-R14,38.3,,,,,
row,AUTO-siret3_r019_c013,AUTO-siret3_r019_c013-R15,32.1,,,,,
row,AUTO-siret3_r019_c013,AUTO-siret3_r019_c013-R16,27.35,,,,,
row,AUTO-siret3_r019_c013,AUTO-siret3_r019_c013-R17,15.75,,,,,
row,AUTO-siret3_r019_c013,AUTO-siret3_r019_c013-R18,15.75,,,,,
row,AUTO-siret3_r019_c013,AUTO-siret3_r019_c013-R19,9.55,,,,,
block,AUTO-siret3_r019_c013,,787.25,205.69,1750.81,450,19,
row,AUTO-siret3_r020_c008,AUTO-siret3_r020_c008-R01,4.5,,,,,
row,AUTO-siret3_r020_c008,AUTO-siret3_r020_c008-R02,14.15,,,,,
row,AUTO-siret3_r020_c008,AUTO-siret3_r020_c008-R03,27.7,,,,,
row,AUTO-siret3_r020_c008,AUTO-siret3_r020_c008-R04,33.1,,,,,
row,AUTO-siret3_r020_c008,AUTO-siret3_r020_c008-R05,41.55,,,,,
row,AUTO-siret3_r020_c008,AUTO-siret3_r020_c008-R06,37.15,,,,,
row,AUTO-siret3_r020_c008,AUTO-siret3_r020_c008-R07,23.57,,,,,
block,AUTO-siret3_r020_c008,,181.73,76.93,440.27,148,7,
row,AUTO-siret3_r020_c011,AUTO-siret3_r020_c011-R01,3.65,,,,,
row,AUTO-siret3_r020_c011,AUTO-siret3_r020_c011-R02,9.85,,,,,
row,AUTO-siret3_r020_c011,AUTO-siret3_r020_c011-R03,16.2,,,,,
row,AUTO-siret3_r020_c011,AUTO-siret3_r020_c011-R04,19.55,,,,,
row,AUTO-siret3_r020_c011,AUTO-siret3_r020_c011-R05,27.68,,,,,
row,AUTO-siret3_r020_c011,AUTO-siret3_r020_c011-R06,35.65,,,,,
row,AUTO-siret3_r020_c011,AUTO-siret3_r020_c011-R07,42.68,,,,,
row,AUTO-siret3_r020_c011,AUTO-siret3_r020_c011-R08,48.02,,,,,
row,AUTO-siret3_r020_c011,AUTO-siret3_r020_c011-R09,51.67,,,,,
row,AUTO-siret3_r020_c011,AUTO-siret3_r020_c011-R10,58.75,,,,,
row,AUTO-siret3_r020_c011,AUTO-siret3_r020_c011-R11,63.9,,,,,
row,AUTO-siret3_r020_c011,AUTO-siret3_r020_c011-R12,64.13,,,,,
row,AUTO-siret3_r020_c011,AUTO-siret3_r020_c011-R13,64.3,,,,,
row,AUTO-siret3_r020_c011,AUTO-siret3_r020_c011-R14,64.08,,,,,
row,AUTO-siret3_r020_c011,AUTO-siret3_r020_c011-R15,59.55,,,,,
row,AUTO-siret3_r020_c011,AUTO-siret3_r020_c011-R16,54.48,,,,,
row,AUTO-siret3_r020_c011,AUTO-siret3_r020_c011-R17,48.75,,,,,
row,AUTO-siret3_r020_c011,AUTO-siret3_r020_c011-R18,42.38,,,,,
row,AUTO-siret3_r020_c011,AUTO-siret3_r020_c011-R19,37.1,,,,,
row,AUTO-siret3_r020_c011,AUTO-siret3_r020_c011-R20,30.52,,,,,
row,AUTO-siret3_r020_c011,AUTO-siret3_r020_c011-R21,25.27,,,,,
row,AUTO-siret3_r020_c011,AUTO-siret3_r020_c011-R22,16.25,,,,,
block,AUTO-siret3_r020_c011,,884.4,216.25,1906.57,505,22,
row,AUTO-siret3_r020_c012,AUTO-siret3_r020_c012-R01,13.48,,,,,
row,AUTO-siret3_r020_c012,AUTO-siret3_r020_c012-R02,19.05,,,,,
row,AUTO-siret3_r020_c012,AUTO-siret3_r020_c012-R03,24.98,,,,,
row,AUTO-siret3_r020_c012,AUTO-siret3_r020_c012-R04,30.37,,,,,
row,AUTO-siret3_r020_c012,AUTO-siret3_r020_c012-R05,36.52,,,,,
row,AUTO-siret3_r020_c012,AUTO-siret3_r020_c012-R06,42.22,,,,,
row,AUTO-siret3_r020_c012,AUTO-siret3_r020_c012-R07,47.35,,,,,
row,AUTO-siret3_r020_c012,AUTO-siret3_r020_c012-R08,53.43,,,,,
row,AUTO-siret3_r020_c012,AUTO-siret3_r020_c012-R09,58.73,,,,,
row,AUTO-siret3_r020_c012,AUTO-siret3_r020_c012-R10,63.57,,,,,
row,AUTO-siret3_r020_c012,AUTO-siret3_r020_c012-R11,63.62,,,,,
row,AUTO-siret3_r020_c012,AUTO-siret3_r020_c012-R12,64.48,,,,,
row,AUTO-siret3_r020_c012,AUTO-siret3_r020_c012-R13,64.13,,,,,
row,AUTO-siret3_r020_c012,AUTO-siret3_r020_c012-R14,60.5,,,,,
row,AUTO-siret3_r020_c012,AUTO-siret3_r020_c012-R15,54.1,,,,,
row,AUTO-siret3_r020_c012,AUTO-siret3_r020_c012-R16,47.97,,,,,
row,AUTO-siret3_r020_c012,AUTO-siret3_r020_c012-R17,38.6,,,,,
row,AUTO-siret3_r020_c012,AUTO-siret3_r020_c012-R18,33.78,,,,,
row,AUTO-siret3_r020_c012,AUTO-siret3_r020_c012-R19,26.5,,,,,
row,AUTO-siret3_r020_c012,AUTO-siret3_r020_c012-R20,21.45,,,,,
row,AUTO-siret3_r020_c012,AUTO-siret3_r020_c012-R21,15.98,,,,,
row,AUTO-siret3_r020_c012,AUTO-siret3_r020_c012-R22,9.65,,,,,
row,AUTO-siret3_r020_c012,AUTO-siret3_r020_c012-R23,4.2,,,,,
block,AUTO-siret3_r020_c012,,894.65,250.9,1923.12,552,23,
row,AUTO-siret3_r020_c013,AUTO-siret3_r020_c013-R01,9.65,,,,,
row,AUTO-siret3_r020_c013,AUTO-siret3_r020_c013-R02,24.78,,,,,
row,AUTO-siret3_r020_c013,AUTO-siret3_r020_c013-R03,29.95,,,,,
row,AUTO-siret3_r020_c013,AUTO-siret3_r020_c013-R04,28.93,,,,,
row,AUTO-siret3_r020_c013,AUTO-siret3_r020_c013-R05,30.5,,,,,
row,AUTO-siret3_r020_c013,AUTO-siret3_r020_c013-R06,49.9,,,,,
row,AUTO-siret3_r020_c013,AUTO-siret3_r020_c013-R07,49.7,,,,,
row,AUTO-siret3_r020_c013,AUTO-siret3_r020_c013-R08,68.87,,,,,
row,AUTO-siret3_r020_c013,AUTO-siret3_r020_c013-R09,63.33,,,,,
row,AUTO-siret3_r020_c013,AUTO-siret3_r020_c013-R10,52.78,,,,,
row,AUTO-siret3_r020_c013,AUTO-siret3_r020_c013-R11,48.9,,,,,
row,AUTO-siret3_r020_c013,AUTO-siret3_r020_c013-R12,29.8,,,,,
row,AUTO-siret3_r020_c013,AUTO-siret3_r020_c013-R13,28.03,,,,,
row,AUTO-siret3_r020_c013,AUTO-siret3_r020_c013-R14,28.1,,,,,
block,AUTO-siret3_r020_c013,,543.2,53.86,1591.17,142,14,
row,AUTO-siret3_r020_c014,AUTO-siret3_r020_c014-R01,11.63,,,,,
row,AUTO-siret3_r020_c014,AUTO-siret3_r020_c014-R02,22.32,,,,,
row,AUTO-siret3_r020_c014,AUTO-siret3_r020_c014-R03,26.07,,,,,
row,AUTO-siret3_r020_c014,AUTO-siret3_r020_c014-R04,32.3,,,,,
row,AUTO-siret3_r020_c014,AUTO-siret3_r020_c014-R05,50.0,,,,,
row,AUTO-siret3_r020_c014,AUTO-siret3_r020_c014-R06,32.0,,,,,
row,AUTO-siret3_r020_c014,AUTO-siret3_r020_c014-R07,55.1,,,,,
row,AUTO-siret3_r020_c014,AUTO-siret3_r020_c014-R08,69.22,,,,,
row,AUTO-siret3_r020_c014,AUTO-siret3_r020_c014-R09,56.03,,,,,
row,AUTO-siret3_r020_c014,AUTO-siret3_r020_c014-R10,56.02,,,,,
row,AUTO-siret3_r020_c014,AUTO-siret3_r020_c014-R11,51.75,,,,,
row,AUTO-siret3_r020_c014,AUTO-siret3_r020_c014-R12,36.77,,,,,
row,AUTO-siret3_r020_c014,AUTO-siret3_r020_c014-R13,31.8,,,,,
block,AUTO-siret3_r020_c014,,531.03,109.82,1318.58,236,13,
row,AUTO-siret3_r020_c015,AUTO-siret3_r020_c015-R01,17.8,,,,,
row,AUTO-siret3_r020_c015,AUTO-siret3_r020_c015-R02,44.93,,,,,
row,AUTO-siret3_r020_c015,AUTO-siret3_r020_c015-R03,51.3,,,,,
row,AUTO-siret3_r020_c015,AUTO-siret3_r020_c015-R04,59.07,,,,,
row,AUTO-siret3_r020_c015,AUTO-siret3_r020_c015-R05,67.65,,,,,
row,AUTO-siret3_r020_c015,AUTO-siret3_r020_c015-R06,64.48,,,,,
row,AUTO-siret3_r020_c015,AUTO-siret3_r020_c015-R07,59.42,,,,,
row,AUTO-siret3_r020_c015,AUTO-siret3_r020_c015-R08,19.95,,,,,
block,AUTO-siret3_r020_c015,,384.6,89.31,1489.43,176,8,
row,AUTO-siret3_r021_c011,AUTO-siret3_r021_c011-R01,42.92,,,,,
row,AUTO-siret3_r021_c011,AUTO-siret3_r021_c011-R02,66.08,,,,,
row,AUTO-siret3_r021_c011,AUTO-siret3_r021_c011-R03,70.62,,,,,
row,AUTO-siret3_r021_c011,AUTO-siret3_r021_c011-R04,59.68,,,,,
row,AUTO-siret3_r021_c011,AUTO-siret3_r021_c011-R05,52.57,,,,,
row,AUTO-siret3_r021_c011,AUTO-siret3_r021_c011-R06,50.83,,,,,
row,AUTO-siret3_r021_c011,AUTO-siret3_r021_c011-R07,40.07,,,,,
row,AUTO-siret3_r021_c011,AUTO-siret3_r021_c011-R08,30.6,,,,,
row,AUTO-siret3_r021_c011,AUTO-siret3_r021_c011-R09,13.95,,,,,
row,AUTO-siret3_r021_c011,AUTO-siret3_r021_c011-R10,7.0,,,,,
block,AUTO-siret3_r021_c011,,434.32,132.61,1455.09,265,10,
row,AUTO-siret3_r021_c013,AUTO-siret3_r021_c013-R01,14.97,,,,,
row,AUTO-siret3_r021_c013,AUTO-siret3_r021_c013-R02,20.42,,,,,
row,AUTO-siret3_r021_c013,AUTO-siret3_r021_c013-R03,27.18,,,,,
row,AUTO-siret3_r021_c013,AUTO-siret3_r021_c013-R04,32.6,,,,,
row,AUTO-siret3_r021_c013,AUTO-siret3_r021_c013-R05,38.03,,,,,
row,AUTO-siret3_r021_c013,AUTO-siret3_r021_c013-R06,44.17,,,,,
row,AUTO-siret3_r021_c013,AUTO-siret3_r021_c013-R07,50.4,,,,,
row,AUTO-siret3_r021_c013,AUTO-siret3_r021_c013-R08,52.23,,,,,
row,AUTO-siret3_r021_c013,AUTO-siret3_r021_c013-R09,62.23,,,,,
row,AUTO-siret3_r021_c013,AUTO-siret3_r021_c013-R10,64.45,,,,,
row,AUTO-siret3_r021_c013,AUTO-siret3_r021_c013-R11,64.57,,,,,
row,AUTO-siret3_r021_c013,AUTO-siret3_r021_c013-R12,64.42,,,,,
row,AUTO-siret3_r021_c013,AUTO-siret3_r021_c013-R13,63.03,,,,,
row,AUTO-siret3_r021_c013,AUTO-siret3_r021_c013-R14,52.32,,,,,
row,AUTO-siret3_r021_c013,AUTO-siret3_r021_c013-R15,47.92,,,,,
row,AUTO-siret3_r021_c013,AUTO-siret3_r021_c013-R16,43.9,,,,,
row,AUTO-siret3_r021_c013,AUTO-siret3_r021_c013-R17,38.37,,,,,
row,AUTO-siret3_r021_c013,AUTO-siret3_r021_c013-R18,33.75,,,,,
row,AUTO-siret3_r021_c013,AUTO-siret3_r021_c013-R19,28.7,,,,,
row,AUTO-siret3_r021_c013,AUTO-siret3_r021_c013-R20,22.65,,,,,
row,AUTO-siret3_r021_c013,AUTO-siret3_r021_c013-R21,17.27,,,,,
row,AUTO-siret3_r021_c013,AUTO-siret3_r021_c013-R22,9.08,,,,,
block,AUTO-siret3_r021_c013,,892.67,271.31,1878.69,617,22,
row,AUTO-siret3_r021_c014,AUTO-siret3_r021_c014-R01,7.35,,,,,
row,AUTO-siret3_r021_c014,AUTO-siret3_r021_c014-R02,14.0,,,,,
row,AUTO-siret3_r021_c014,AUTO-siret3_r021_c014-R03,19.9,,,,,
row,AUTO-siret3_r021_c014,AUTO-siret3_r021_c014-R04,24.9,,,,,
row,AUTO-siret3_r021_c014,AUTO-siret3_r021_c014-R05,29.55,,,,,
row,AUTO-siret3_r021_c014,AUTO-siret3_r021_c014-R06,35.97,,,,,
row,AUTO-siret3_r021_c014,AUTO-siret3_r021_c014-R07,39.98,,,,,
row,AUTO-siret3_r021_c014,AUTO-siret3_r021_c014-R08,40.92,,,,,
row,AUTO-siret3_r021_c014,AUTO-siret3_r021_c014-R09,54.3,,,,,
row,AUTO-siret3_r021_c014,AUTO-siret3_r021_c014-R10,60.1,,,,,
row,AUTO-siret3_r021_c014,AUTO-siret3_r021_c014-R11,64.7,,,,,
row,AUTO-siret3_r021_c014,AUTO-siret3_r021_c014-R12,64.45,,,,,
row,AUTO-siret3_r021_c014,AUTO-siret3_r021_c014-R13,64.35,,,,,
row,AUTO-siret3_r021_c014,AUTO-siret3_r021_c014-R14,64.65,,,,,
row,AUTO-siret3_r021_c014,AUTO-siret3_r021_c014-R15,57.8,,,,,
row,AUTO-siret3_r021_c014,AUTO-siret3_r021_c014-R16,54.65,,,,,
row,AUTO-siret3_r021_c014,AUTO-siret3_r021_c014-R17,49.83,,,,,
row,AUTO-siret3_r021_c014,AUTO-siret3_r021_c014-R18,44.43,,,,,
row,AUTO-siret3_r021_c014,AUTO-siret3_r021_c014-R19,37.28,,,,,
row,AUTO-siret3_r021_c014,AUTO-siret3_r021_c014-R20,14.77,,,,,
row,AUTO-siret3_r021_c014,AUTO-siret3_r021_c014-R21,26.15,,,,,
row,AUTO-siret3_r021_c014,AUTO-siret3_r021_c014-R22,19.4,,,,,
row,AUTO-siret3_r021_c014,AUTO-siret3_r021_c014-R23,14.5,,,,,
row,AUTO-siret3_r021_c014,AUTO-siret3_r021_c014-R24,7.6,,,,,
block,AUTO-siret3_r021_c014,,911.53,259.63,1847.26,582,24,
row,AUTO-siret3_r021_c015,AUTO-siret3_r021_c015-R01,18.43,,,,,
row,AUTO-siret3_r021_c015,AUTO-siret3_r021_c015-R02,35.05,,,,,
row,AUTO-siret3_r021_c015,AUTO-siret3_r021_c015-R03,46.02,,,,,
row,AUTO-siret3_r021_c015,AUTO-siret3_r021_c015-R04,49.52,,,,,
row,AUTO-siret3_r021_c015,AUTO-siret3_r021_c015-R05,68.65,,,,,
row,AUTO-siret3_r021_c015,AUTO-siret3_r021_c015-R06,50.4,,,,,
row,AUTO-siret3_r021_c015,AUTO-siret3_r021_c015-R07,30.0,,,,,
row,AUTO-siret3_r021_c015,AUTO-siret3_r021_c015-R08,29.15,,,,,
row,AUTO-siret3_r021_c015,AUTO-siret3_r021_c015-R09,10.73,,,,,
block,AUTO-siret3_r021_c015,,337.95,98.67,1551.62,196,9,
row,AUTO-siret3_r021_c016,AUTO-siret3_r021_c016-R01,8.47,,,,,
row,AUTO-siret3_r021_c016,AUTO-siret3_r021_c016-R02,23.82,,,,,
row,AUTO-siret3_r021_c016,AUTO-siret3_r021_c016-R03,17.95,,,,,
row,AUTO-siret3_r021_c016,AUTO-siret3_r021_c016-R04,27.08,,,,,
row,AUTO-siret3_r021_c016,AUTO-siret3_r021_c016-R05,47.45,,,,,
row,AUTO-siret3_r021_c016,AUTO-siret3_r021_c016-R06,52.4,,,,,
row,AUTO-siret3_r021_c016,AUTO-siret3_r021_c016-R07,54.3,,,,,
row,AUTO-siret3_r021_c016,AUTO-siret3_r021_c016-R08,62.85,,,,,
row,AUTO-siret3_r021_c016,AUTO-siret3_r021_c016-R09,59.08,,,,,
row,AUTO-siret3_r021_c016,AUTO-siret3_r021_c016-R10,48.25,,,,,
row,AUTO-siret3_r021_c016,AUTO-siret3_r021_c016-R11,17.65,,,,,
block,AUTO-siret3_r021_c016,,419.31,113.44,1433.8,226,11,
row,AUTO-siret3_r022_c012,AUTO-siret3_r022_c012-R01,45.47,,,,,
row,AUTO-siret3_r022_c012,AUTO-siret3_r022_c012-R02,54.03,,,,,
row,AUTO-siret3_r022_c012,AUTO-siret3_r022_c012-R03,44.68,,,,,
row,AUTO-siret3_r022_c012,AUTO-siret3_r022_c012-R04,34.55,,,,,
row,AUTO-siret3_r022_c012,AUTO-siret3_r022_c012-R05,28.8,,,,,
row,AUTO-siret3_r022_c012,AUTO-siret3_r022_c012-R06,18.05,,,,,
block,AUTO-siret3_r022_c012,,225.58,91.98,460.12,179,6,
row,AUTO-siret3_r022_c013,AUTO-siret3_r022_c013-R01,9.43,,,,,
row,AUTO-siret3_r022_c013,AUTO-siret3_r022_c013-R02,14.82,,,,,
row,AUTO-siret3_r022_c013,AUTO-siret3_r022_c013-R03,19.88,,,,,
row,AUTO-siret3_r022_c013,AUTO-siret3_r022_c013-R04,24.98,,,,,
row,AUTO-siret3_r022_c013,AUTO-siret3_r022_c013-R05,30.93,,,,,
row,AUTO-siret3_r022_c013,AUTO-siret3_r022_c013-R06,36.37,,,,,
row,AUTO-siret3_r022_c013,AUTO-siret3_r022_c013-R07,41.35,,,,,
row,AUTO-siret3_r022_c013,AUTO-siret3_r022_c013-R08,45.9,,,,,
row,AUTO-siret3_r022_c013,AUTO-siret3_r022_c013-R09,50.25,,,,,
row,AUTO-siret3_r022_c013,AUTO-siret3_r022_c013-R10,61.0,,,,,
row,AUTO-siret3_r022_c013,AUTO-siret3_r022_c013-R11,64.43,,,,,
row,AUTO-siret3_r022_c013,AUTO-siret3_r022_c013-R12,55.0,,,,,
row,AUTO-siret3_r022_c013,AUTO-siret3_r022_c013-R13,61.42,,,,,
row,AUTO-siret3_r022_c013,AUTO-siret3_r022_c013-R14,60.75,,,,,
row,AUTO-siret3_r022_c013,AUTO-siret3_r022_c013-R15,45.83,,,,,
row,AUTO-siret3_r022_c013,AUTO-siret3_r022_c013-R16,43.22,,,,,
row,AUTO-siret3_r022_c013,AUTO-siret3_r022_c013-R17,38.47,,,,,
row,AUTO-siret3_r022_c013,AUTO-siret3_r022_c013-R18,35.35,,,,,
row,AUTO-siret3_r022_c013,AUTO-siret3_r022_c013-R19,30.8,,,,,
row,AUTO-siret3_r022_c013,AUTO-siret3_r022_c013-R20,25.37,,,,,
row,AUTO-siret3_r022_c013,AUTO-siret3_r022_c013-R21,19.9,,,,,
row,AUTO-siret3_r022_c013,AUTO-siret3_r022_c013-R22,13.6,,,,,
row,AUTO-siret3_r022_c013,AUTO-siret3_r022_c013-R23,8.4,,,,,
block,AUTO-siret3_r022_c013,,837.45,249.68,1811.59,567,23,
row,AUTO-siret3_r022_c014,AUTO-siret3_r022_c014-R01,10.08,,,,,
row,AUTO-siret3_r022_c014,AUTO-siret3_r022_c014-R02,23.8,,,,,
row,AUTO-siret3_r022_c014,AUTO-siret3_r022_c014-R03,32.98,,,,,
row,AUTO-siret3_r022_c014,AUTO-siret3_r022_c014-R04,40.85,,,,,
row,AUTO-siret3_r022_c014,AUTO-siret3_r022_c014-R05,35.27,,,,,
row,AUTO-siret3_r022_c014,AUTO-siret3_r022_c014-R06,30.25,,,,,
row,AUTO-siret3_r022_c014,AUTO-siret3_r022_c014-R07,56.72,,,,,
row,AUTO-siret3_r022_c014,AUTO-siret3_r022_c014-R08,64.92,,,,,
row,AUTO-siret3_r022_c014,AUTO-siret3_r022_c014-R09,56.43,,,,,
row,AUTO-siret3_r022_c014,AUTO-siret3_r022_c014-R10,56.75,,,,,
row,AUTO-siret3_r022_c014,AUTO-siret3_r022_c014-R11,57.45,,,,,
row,AUTO-siret3_r022_c014,AUTO-siret3_r022_c014-R12,52.48,,,,,
row,AUTO-siret3_r022_c014,AUTO-siret3_r022_c014-R13,46.5,,,,,
row,AUTO-siret3_r022_c014,AUTO-siret3_r022_c014-R14,41.15,,,,,
row,AUTO-siret3_r022_c014,AUTO-siret3_r022_c014-R15,28.4,,,,,
row,AUTO-siret3_r022_c014,AUTO-siret3_r022_c014-R16,28.05,,,,,
row,AUTO-siret3_r022_c014,AUTO-siret3_r022_c014-R17,23.32,,,,,
row,AUTO-siret3_r022_c014,AUTO-siret3_r022_c014-R18,8.32,,,,,
block,AUTO-siret3_r022_c014,,693.72,136.88,1590.41,300,18,
row,AUTO-siret3_r022_c015,AUTO-siret3_r022_c015-R01,11.55,,,,,
row,AUTO-siret3_r022_c015,AUTO-siret3_r022_c015-R02,28.25,,,,,
row,AUTO-siret3_r022_c015,AUTO-siret3_r022_c015-R03,33.83,,,,,
row,AUTO-siret3_r022_c015,AUTO-siret3_r022_c015-R04,41.95,,,,,
row,AUTO-siret3_r022_c015,AUTO-siret3_r022_c015-R05,67.37,,,,,
row,AUTO-siret3_r022_c015,AUTO-siret3_r022_c015-R06,70.42,,,,,
row,AUTO-siret3_r022_c015,AUTO-siret3_r022_c015-R07,58.15,,,,,
row,AUTO-siret3_r022_c015,AUTO-siret3_r022_c015-R08,48.28,,,,,
row,AUTO-siret3_r022_c015,AUTO-siret3_r022_c015-R09,40.92,,,,,
row,AUTO-siret3_r022_c015,AUTO-siret3_r022_c015-R10,29.88,,,,,
row,AUTO-siret3_r022_c015,AUTO-siret3_r022_c015-R11,19.95,,,,,
block,AUTO-siret3_r022_c015,,450.55,140.94,1819.42,276,11,
row,AUTO-siret3_r022_c016,AUTO-siret3_r022_c016-R01,6.28,,,,,
row,AUTO-siret3_r022_c016,AUTO-siret3_r022_c016-R02,16.22,,,,,
row,AUTO-siret3_r022_c016,AUTO-siret3_r022_c016-R03,30.0,,,,,
row,AUTO-siret3_r022_c016,AUTO-siret3_r022_c016-R04,46.97,,,,,
row,AUTO-siret3_r022_c016,AUTO-siret3_r022_c016-R05,50.02,,,,,
row,AUTO-siret3_r022_c016,AUTO-siret3_r022_c016-R06,56.97,,,,,
row,AUTO-siret3_r022_c016,AUTO-siret3_r022_c016-R07,61.85,,,,,
row,AUTO-siret3_r022_c016,AUTO-siret3_r022_c016-R08,67.15,,,,,
row,AUTO-siret3_r022_c016,AUTO-siret3_r022_c016-R09,70.8,,,,,
row,AUTO-siret3_r022_c016,AUTO-siret3_r022_c016-R10,61.7,,,,,
row,AUTO-siret3_r022_c016,AUTO-siret3_r022_c016-R11,34.93,,,,,
row,AUTO-siret3_r022_c016,AUTO-siret3_r022_c016-R12,37.92,,,,,
row,AUTO-siret3_r022_c016,AUTO-siret3_r022_c016-R13,37.58,,,,,
row,AUTO-siret3_r022_c016,AUTO-siret3_r022_c016-R14,26.97,,,,,
row,AUTO-siret3_r022_c016,AUTO-siret3_r022_c016-R15,14.62,,,,,
block,AUTO-siret3_r022_c016,,620.0,167.44,1776.94,325,15,
row,AUTO-siret3_r022_c017,AUTO-siret3_r022_c017-R01,51.2,,,,,
row,AUTO-siret3_r022_c017,AUTO-siret3_r022_c017-R02,50.92,,,,,
row,AUTO-siret3_r022_c017,AUTO-siret3_r022_c017-R03,50.7,,,,,
row,AUTO-siret3_r022_c017,AUTO-siret3_r022_c017-R04,50.15,,,,,
row,AUTO-siret3_r022_c017,AUTO-siret3_r022_c017-R05,50.75,,,,,
row,AUTO-siret3_r022_c017,AUTO-siret3_r022_c017-R06,48.43,,,,,
row,AUTO-siret3_r022_c017,AUTO-siret3_r022_c017-R07,51.17,,,,,
row,AUTO-siret3_r022_c017,AUTO-siret3_r022_c017-R08,33.05,,,,,
row,AUTO-siret3_r022_c017,AUTO-siret3_r022_c017-R09,32.4,,,,,
row,AUTO-siret3_r022_c017,AUTO-siret3_r022_c017-R10,43.02,,,,,
row,AUTO-siret3_r022_c017,AUTO-siret3_r022_c017-R11,50.15,,,,,
block,AUTO-siret3_r022_c017,,511.95,131.5,1848.9,265,11,
row,AUTO-siret3_r023_c010,AUTO-siret3_r023_c010-R01,15.17,,,,,
row,AUTO-siret3_r023_c010,AUTO-siret3_r023_c010-R02,25.45,,,,,
row,AUTO-siret3_r023_c010,AUTO-siret3_r023_c010-R03,38.02,,,,,
row,AUTO-siret3_r023_c010,AUTO-siret3_r023_c010-R04,21.45,,,,,
row,AUTO-siret3_r023_c010,AUTO-siret3_r023_c010-R05,3.27,,,,,
block,AUTO-siret3_r023_c010,,103.38,43.21,294.56,81,5,
row,AUTO-siret3_r023_c011,AUTO-siret3_r023_c011-R01,17.9,,,,,
row,AUTO-siret3_r023_c011,AUTO-siret3_r023_c011-R02,27.35,,,,,
row,AUTO-siret3_r023_c011,AUTO-siret3_r023_c011-R03,33.25,,,,,
row,AUTO-siret3_r023_c011,AUTO-siret3_r023_c011-R04,40.23,,,,,
row,AUTO-siret3_r023_c011,AUTO-siret3_r023_c011-R05,48.75,,,,,
row,AUTO-siret3_r023_c011,AUTO-siret3_r023_c011-R06,54.55,,,,,
row,AUTO-siret3_r023_c011,AUTO-siret3_r023_c011-R07,54.58,,,,,
row,AUTO-siret3_r023_c011,AUTO-siret3_r023_c011-R08,45.05,,,,,
row,AUTO-siret3_r023_c011,AUTO-siret3_r023_c011-R09,35.53,,,,,
row,AUTO-siret3_r023_c011,AUTO-siret3_r023_c011-R10,27.73,,,,,
block,AUTO-siret3_r023_c011,,384.91,143.85,1823.27,273,10,
row,AUTO-siret3_r023_c012,AUTO-siret3_r023_c012-R01,24.6,,,,,
row,AUTO-siret3_r023_c012,AUTO-siret3_r023_c012-R02,32.12,,,,,
row,AUTO-siret3_r023_c012,AUTO-siret3_r023_c012-R03,36.95,,,,,
row,AUTO-siret3_r023_c012,AUTO-siret3_r023_c012-R04,43.2,,,,,
row,AUTO-siret3_r023_c012,AUTO-siret3_r023_c012-R05,49.5,,,,,
row,AUTO-siret3_r023_c012,AUTO-siret3_r023_c012-R06,69.15,,,,,
row,AUTO-siret3_r023_c012,AUTO-siret3_r023_c012-R07,67.33,,,,,
row,AUTO-siret3_r023_c012,AUTO-siret3_r023_c012-R08,61.52,,,,,
row,AUTO-siret3_r023_c012,AUTO-siret3_r023_c012-R09,43.13,,,,,
row,AUTO-siret3_r023_c012,AUTO-siret3_r023_c012-R10,39.8,,,,,
row,AUTO-siret3_r023_c012,AUTO-siret3_r023_c012-R11,32.92,,,,,
row,AUTO-siret3_r023_c012,AUTO-siret3_r023_c012-R12,19.37,,,,,
block,AUTO-siret3_r023_c012,,519.6,144.47,1789.07,280,12,
row,AUTO-siret3_r023_c013,AUTO-siret3_r023_c013-R01,9.45,,,,,
row,AUTO-siret3_r023_c013,AUTO-siret3_r023_c013-R02,14.1,,,,,
row,AUTO-siret3_r023_c013,AUTO-siret3_r023_c013-R03,21.08,,,,,
row,AUTO-siret3_r023_c013,AUTO-siret3_r023_c013-R04,26.8,,,,,
row,AUTO-siret3_r023_c013,AUTO-siret3_r023_c013-R05,33.97,,,,,
row,AUTO-siret3_r023_c013,AUTO-siret3_r023_c013-R06,49.55,,,,,
row,AUTO-siret3_r023_c013,AUTO-siret3_r023_c013-R07,57.68,,,,,
row,AUTO-siret3_r023_c013,AUTO-siret3_r023_c013-R08,62.23,,,,,
row,AUTO-siret3_r023_c013,AUTO-siret3_r023_c013-R09,60.25,,,,,
row,AUTO-siret3_r023_c013,AUTO-siret3_r023_c013-R10,52.0,,,,,
row,AUTO-siret3_r023_c013,AUTO-siret3_r023_c013-R11,40.9,,,,,
row,AUTO-siret3_r023_c013,AUTO-siret3_r023_c013-R12,29.48,,,,,
row,AUTO-siret3_r023_c013,AUTO-siret3_r023_c013-R13,14.32,,,,,
block,AUTO-siret3_r023_c013,,471.8,121.57,1750.99,241,13,
row,AUTO-siret3_r023_c014,AUTO-siret3_r023_c014-R01,22.93,,,,,
row,AUTO-siret3_r023_c014,AUTO-siret3_r023_c014-R02,29.55,,,,,
row,AUTO-siret3_r023_c014,AUTO-siret3_r023_c014-R03,33.55,,,,,
row,AUTO-siret3_r023_c014,AUTO-siret3_r023_c014-R04,34.5,,,,,
row,AUTO-siret3_r023_c014,AUTO-siret3_r023_c014-R05,42.87,,,,,
row,AUTO-siret3_r023_c014,AUTO-siret3_r023_c014-R06,52.53,,,,,
row,AUTO-siret3_r023_c014,AUTO-siret3_r023_c014-R07,58.05,,,,,
row,AUTO-siret3_r023_c014,AUTO-siret3_r023_c014-R08,63.97,,,,,
row,AUTO-siret3_r023_c014,AUTO-siret3_r023_c014-R09,64.75,,,,,
row,AUTO-siret3_r023_c014,AUTO-siret3_r023_c014-R10,64.65,,,,,
row,AUTO-siret3_r023_c014,AUTO-siret3_r023_c014-R11,64.53,,,,,
row,AUTO-siret3_r023_c014,AUTO-siret3_r023_c014-R12,61.93,,,,,
row,AUTO-siret3_r023_c014,AUTO-siret3_r023_c014-R13,10.65,,,,,
row,AUTO-siret3_r023_c014,AUTO-siret3_r023_c014-R14,44.27,,,,,
row,AUTO-siret3_r023_c014,AUTO-siret3_r023_c014-R15,32.9,,,,,
row,AUTO-siret3_r023_c014,AUTO-siret3_r023_c014-R16,23.38,,,,,
row,AUTO-siret3_r023_c014,AUTO-siret3_r023_c014-R17,19.7,,,,,
row,AUTO-siret3_r023_c014,AUTO-siret3_r023_c014-R18,8.65,,,,,
block,AUTO-siret3_r023_c014,,733.35,173.32,1538.72,400,18,
row,AUTO-siret3_r023_c015,AUTO-siret3_r023_c015-R01,24.0,,,,,
row,AUTO-siret3_r023_c015,AUTO-siret3_r023_c015-R02,35.33,,,,,
row,AUTO-siret3_r023_c015,AUTO-siret3_r023_c015-R03,30.68,,,,,
row,AUTO-siret3_r023_c015,AUTO-siret3_r023_c015-R04,57.5,,,,,
row,AUTO-siret3_r023_c015,AUTO-siret3_r023_c015-R05,65.95,,,,,
row,AUTO-siret3_r023_c015,AUTO-siret3_r023_c015-R06,66.55,,,,,
row,AUTO-siret3_r023_c015,AUTO-siret3_r023_c015-R07,59.65,,,,,
row,AUTO-siret3_r023_c015,AUTO-siret3_r023_c015-R08,50.13,,,,,
row,AUTO-siret3_r023_c015,AUTO-siret3_r023_c015-R09,35.5,,,,,
block,AUTO-siret3_r023_c015,,425.28,93.88,1498.13,193,9,
row,AUTO-siret3_r023_c016,AUTO-siret3_r023_c016-R01,11.13,,,,,
row,AUTO-siret3_r023_c016,AUTO-siret3_r023_c016-R02,14.97,,,,,
row,AUTO-siret3_r023_c016,AUTO-siret3_r023_c016-R03,13.0,,,,,
row,AUTO-siret3_r023_c016,AUTO-siret3_r023_c016-R04,35.45,,,,,
row,AUTO-siret3_r023_c016,AUTO-siret3_r023_c016-R05,18.23,,,,,
row,AUTO-siret3_r023_c016,AUTO-siret3_r023_c016-R06,61.32,,,,,
row,AUTO-siret3_r023_c016,AUTO-siret3_r023_c016-R07,61.0,,,,,
row,AUTO-siret3_r023_c016,AUTO-siret3_r023_c016-R08,63.6,,,,,
row,AUTO-siret3_r023_c016,AUTO-siret3_r023_c016-R09,62.88,,,,,
row,AUTO-siret3_r023_c016,AUTO-siret3_r023_c016-R10,54.75,,,,,
row,AUTO-siret3_r023_c016,AUTO-siret3_r023_c016-R11,50.0,,,,,
row,AUTO-siret3_r023_c016,AUTO-siret3_r023_c016-R12,43.9,,,,,
row,AUTO-siret3_r023_c016,AUTO-siret3_r023_c016-R13,37.03,,,,,
row,AUTO-siret3_r023_c016,AUTO-siret3_r023_c016-R14,31.25,,,,,
row,AUTO-siret3_r023_c016,AUTO-siret3_r023_c016-R15,24.83,,,,,
row,AUTO-siret3_r023_c016,AUTO-siret3_r023_c016-R16,19.0,,,,,
row,AUTO-siret3_r023_c016,AUTO-siret3_r023_c016-R17,12.35,,,,,
row,AUTO-siret3_r023_c016,AUTO-siret3_r023_c016-R18,6.23,,,,,
block,AUTO-siret3_r023_c016,,620.9,204.87,1544.48,404,18,
row,AUTO-siret3_r024_c011,AUTO-siret3_r024_c011-R01,15.6,,,,,
row,AUTO-siret3_r024_c011,AUTO-siret3_r024_c011-R02,50.48,,,,,
row,AUTO-siret3_r024_c011,AUTO-siret3_r024_c011-R03,57.77,,,,,
row,AUTO-siret3_r024_c011,AUTO-siret3_r024_c011-R04,42.08,,,,,
block,AUTO-siret3_r024_c011,,165.93,67.25,470.27,129,4,
row,AUTO-siret3_r024_c013,AUTO-siret3_r024_c013-R01,7.6,,,,,
row,AUTO-siret3_r024_c013,AUTO-siret3_r024_c013-R02,15.83,,,,,
row,AUTO-siret3_r024_c013,AUTO-siret3_r024_c013-R03,30.25,,,,,
row,AUTO-siret3_r024_c013,AUTO-siret3_r024_c013-R04,41.02,,,,,
row,AUTO-siret3_r024_c013,AUTO-siret3_r024_c013-R05,46.45,,,,,
row,AUTO-siret3_r024_c013,AUTO-siret3_r024_c013-R06,57.08,,,,,
row,AUTO-siret3_r024_c013,AUTO-siret3_r024_c013-R07,61.15,,,,,
row,AUTO-siret3_r024_c013,AUTO-siret3_r024_c013-R08,68.22,,,,,
row,AUTO-siret3_r024_c013,AUTO-siret3_r024_c013-R09,61.92,,,,,
row,AUTO-siret3_r024_c013,AUTO-siret3_r024_c013-R10,58.6,,,,,
row,AUTO-siret3_r024_c013,AUTO-siret3_r024_c013-R11,45.97,,,,,
row,AUTO-siret3_r024_c013,AUTO-siret3_r024_c013-R12,38.7,,,,,
row,AUTO-siret3_r024_c013,AUTO-siret3_r024_c013-R13,27.5,,,,,
block,AUTO-siret3_r024_c013,,560.3,154.25,1798.55,311,13,
row,AUTO-siret3_r024_c014,AUTO-siret3_r024_c014-R01,15.8,,,,,
row,AUTO-siret3_r024_c014,AUTO-siret3_r024_c014-R02,20.98,,,,,
row,AUTO-siret3_r024_c014,AUTO-siret3_r024_c014-R03,27.17,,,,,
row,AUTO-siret3_r024_c014,AUTO-siret3_r024_c014-R04,38.58,,,,,
row,AUTO-siret3_r024_c014,AUTO-siret3_r024_c014-R05,52.5,,,,,
row,AUTO-siret3_r024_c014,AUTO-siret3_r024_c014-R06,56.23,,,,,
row,AUTO-siret3_r024_c014,AUTO-siret3_r024_c014-R07,65.15,,,,,
row,AUTO-siret3_r024_c014,AUTO-siret3_r024_c014-R08,71.38,,,,,
row,AUTO-siret3_r024_c014,AUTO-siret3_r024_c014-R09,65.95,,,,,
row,AUTO-siret3_r024_c014,AUTO-siret3_r024_c014-R10,55.2,,,,,
row,AUTO-siret3_r024_c014,AUTO-siret3_r024_c014-R11,49.47,,,,,
row,AUTO-siret3_r024_c014,AUTO-siret3_r024_c014-R12,43.2,,,,,
row,AUTO-siret3_r024_c014,AUTO-siret3_r024_c014-R13,37.0,,,,,
row,AUTO-siret3_r024_c014,AUTO-siret3_r024_c014-R14,32.37,,,,,
row,AUTO-siret3_r024_c014,AUTO-siret3_r024_c014-R15,18.38,,,,,
row,AUTO-siret3_r024_c014,AUTO-siret3_r024_c014-R16,12.2,,,,,
row,AUTO-siret3_r024_c014,AUTO-siret3_r024_c014-R17,7.4,,,,,
block,AUTO-siret3_r024_c014,,668.96,154.7,1908.87,327,17,
row,AUTO-siret3_r024_c016,AUTO-siret3_r024_c016-R01,22.95,,,,,
row,AUTO-siret3_r024_c016,AUTO-siret3_r024_c016-R02,29.25,,,,,
row,AUTO-siret3_r024_c016,AUTO-siret3_r024_c016-R03,35.35,,,,,
row,AUTO-siret3_r024_c016,AUTO-siret3_r024_c016-R04,41.78,,,,,
row,AUTO-siret3_r024_c016,AUTO-siret3_r024_c016-R05,47.9,,,,,
row,AUTO-siret3_r024_c016,AUTO-siret3_r024_c016-R06,54.07,,,,,
row,AUTO-siret3_r024_c016,AUTO-siret3_r024_c016-R07,60.25,,,,,
row,AUTO-siret3_r024_c016,AUTO-siret3_r024_c016-R08,64.18,,,,,
row,AUTO-siret3_r024_c016,AUTO-siret3_r024_c016-R09,64.83,,,,,
row,AUTO-siret3_r024_c016,AUTO-siret3_r024_c016-R10,64.85,,,,,
row,AUTO-siret3_r024_c016,AUTO-siret3_r024_c016-R11,64.15,,,,,
row,AUTO-siret3_r024_c016,AUTO-siret3_r024_c016-R12,57.92,,,,,
row,AUTO-siret3_r024_c016,AUTO-siret3_r024_c016-R13,52.15,,,,,
row,AUTO-siret3_r024_c016,AUTO-siret3_r024_c016-R14,30.87,,,,,
row,AUTO-siret3_r024_c016,AUTO-siret3_r024_c016-R15,11.45,,,,,
block,AUTO-siret3_r024_c016,,701.95,279.32,1785.47,551,15,
row,AUTO-siret3_r024_c017,AUTO-siret3_r024_c017-R01,4.68,,,,,
row,AUTO-siret3_r024_c017,AUTO-siret3_r024_c017-R02,13.55,,,,,
row,AUTO-siret3_r024_c017,AUTO-siret3_r024_c017-R03,22.65,,,,,
row,AUTO-siret3_r024_c017,AUTO-siret3_r024_c017-R04,26.45,,,,,
row,AUTO-siret3_r024_c017,AUTO-siret3_r024_c017-R05,46.7,,,,,
row,AUTO-siret3_r024_c017,AUTO-siret3_r024_c017-R06,52.27,,,,,
row,AUTO-siret3_r024_c017,AUTO-siret3_r024_c017-R07,54.67,,,,,
row,AUTO-siret3_r024_c017,AUTO-siret3_r024_c017-R08,63.55,,,,,
row,AUTO-siret3_r024_c017,AUTO-siret3_r024_c017-R09,69.83,,,,,
row,AUTO-siret3_r024_c017,AUTO-siret3_r024_c017-R10,44.25,,,,,
row,AUTO-siret3_r024_c017,AUTO-siret3_r024_c017-R11,15.7,,,,,
row,AUTO-siret3_r024_c017,AUTO-siret3_r024_c017-R12,46.17,,,,,
row,AUTO-siret3_r024_c017,AUTO-siret3_r024_c017-R13,38.55,,,,,
row,AUTO-siret3_r024_c017,AUTO-siret3_r024_c017-R14,32.73,,,,,
row,AUTO-siret3_r024_c017,AUTO-siret3_r024_c017-R15,21.4,,,,,
row,AUTO-siret3_r024_c017,AUTO-siret3_r024_c017-R16,18.55,,,,,
row,AUTO-siret3_r024_c017,AUTO-siret3_r024_c017-R17,11.78,,,,,
block,AUTO-siret3_r024_c017,,583.48,163.91,1577.92,330,17,
row,AUTO-siret3_r025_c013,AUTO-siret3_r025_c013-R01,20.18,,,,,
row,AUTO-siret3_r025_c013,AUTO-siret3_r025_c013-R02,22.05,,,,,
row,AUTO-siret3_r025_c013,AUTO-siret3_r025_c013-R03,36.67,,,,,
row,AUTO-siret3_r025_c013,AUTO-siret3_r025_c013-R04,41.87,,,,,
row,AUTO-siret3_r025_c013,AUTO-siret3_r025_c013-R05,48.92,,,,,
row,AUTO-siret3_r025_c013,AUTO-siret3_r025_c013-R06,56.68,,,,,
row,AUTO-siret3_r025_c013,AUTO-siret3_r025_c013-R07,69.53,,,,,
row,AUTO-siret3_r025_c013,AUTO-siret3_r025_c013-R08,61.52,,,,,
row,AUTO-siret3_r025_c013,AUTO-siret3_r025_c013-R09,48.5,,,,,
row,AUTO-siret3_r025_c013,AUTO-siret3_r025_c013-R10,42.63,,,,,
row,AUTO-siret3_r025_c013,AUTO-siret3_r025_c013-R11,36.83,,,,,
row,AUTO-siret3_r025_c013,AUTO-siret3_r025_c013-R12,31.75,,,,,
row,AUTO-siret3_r025_c013,AUTO-siret3_r025_c013-R13,20.55,,,,,
block,AUTO-siret3_r025_c013,,537.68,150.59,1890.08,304,13,
row,AUTO-siret3_r025_c014,AUTO-siret3_r025_c014-R01,11.23,,,,,
row,AUTO-siret3_r025_c014,AUTO-siret3_r025_c014-R02,21.35,,,,,
row,AUTO-siret3_r025_c014,AUTO-siret3_r025_c014-R03,34.13,,,,,
row,AUTO-siret3_r025_c014,AUTO-siret3_r025_c014-R04,42.4,,,,,
row,AUTO-siret3_r025_c014,AUTO-siret3_r025_c014-R05,50.38,,,,,
row,AUTO-siret3_r025_c014,AUTO-siret3_r025_c014-R06,70.6,,,,,
row,AUTO-siret3_r025_c014,AUTO-siret3_r025_c014-R07,64.5,,,,,
row,AUTO-siret3_r025_c014,AUTO-siret3_r025_c014-R08,54.28,,,,,
row,AUTO-siret3_r025_c014,AUTO-siret3_r025_c014-R09,43.17,,,,,
row,AUTO-siret3_r025_c014,AUTO-siret3_r025_c014-R10,28.4,,,,,
block,AUTO-siret3_r025_c014,,420.43,121.35,1810.28,240,10,
row,AUTO-siret3_r025_c015,AUTO-siret3_r025_c015-R01,24.55,,,,,
row,AUTO-siret3_r025_c015,AUTO-siret3_r025_c015-R02,29.85,,,,,
row,AUTO-siret3_r025_c015,AUTO-siret3_r025_c015-R03,38.6,,,,,
row,AUTO-siret3_r025_c015,AUTO-siret3_r025_c015-R04,50.38,,,,,
row,AUTO-siret3_r025_c015,AUTO-siret3_r025_c015-R05,62.58,,,,,
row,AUTO-siret3_r025_c015,AUTO-siret3_r025_c015-R06,67.55,,,,,
row,AUTO-siret3_r025_c015,AUTO-siret3_r025_c015-R07,54.33,,,,,
row,AUTO-siret3_r025_c015,AUTO-siret3_r025_c015-R08,49.6,,,,,
row,AUTO-siret3_r025_c015,AUTO-siret3_r025_c015-R09,39.75,,,,,
row,AUTO-siret3_r025_c015,AUTO-siret3_r025_c015-R10,34.55,,,,,
row,AUTO-siret3_r025_c015,AUTO-siret3_r025_c015-R11,21.58,,,,,
row,AUTO-siret3_r025_c015,AUTO-siret3_r025_c015-R12,16.6,,,,,
row,AUTO-siret3_r025_c015,AUTO-siret3_r025_c015-R13,8.83,,,,,
block,AUTO-siret3_r025_c015,,498.73,143.44,1922.12,288,13,
row,AUTO-siret3_r025_c016,AUTO-siret3_r025_c016-R01,22.33,,,,,
row,AUTO-siret3_r025_c016,AUTO-siret3_r025_c016-R02,26.65,,,,,
row,AUTO-siret3_r025_c016,AUTO-siret3_r025_c016-R03,66.78,,,,,
row,AUTO-siret3_r025_c016,AUTO-siret3_r025_c016-R04,56.67,,,,,
row,AUTO-siret3_r025_c016,AUTO-siret3_r025_c016-R05,50.65,,,,,
row,AUTO-siret3_r025_c016,AUTO-siret3_r025_c016-R06,43.5,,,,,
row,AUTO-siret3_r025_c016,AUTO-siret3_r025_c016-R07,33.38,,,,,
row,AUTO-siret3_r025_c016,AUTO-siret3_r025_c016-R08,27.28,,,,,
block,AUTO-siret3_r025_c016,,327.23,130.22,1451.93,253,8,
row,AUTO-siret3_r025_c017,AUTO-siret3_r025_c017-R01,10.7,,,,,
row,AUTO-siret3_r025_c017,AUTO-siret3_r025_c017-R02,21.4,,,,,
row,AUTO-siret3_r025_c017,AUTO-siret3_r025_c017-R03,28.55,,,,,
row,AUTO-siret3_r025_c017,AUTO-siret3_r025_c017-R04,32.22,,,,,
row,AUTO-siret3_r025_c017,AUTO-siret3_r025_c017-R05,37.7,,,,,
row,AUTO-siret3_r025_c017,AUTO-siret3_r025_c017-R06,44.4,,,,,
row,AUTO-siret3_r025_c017,AUTO-siret3_r025_c017-R07,54.73,,,,,
row,AUTO-siret3_r025_c017,AUTO-siret3_r025_c017-R08,62.5,,,,,
row,AUTO-siret3_r025_c017,AUTO-siret3_r025_c017-R09,68.33,,,,,
row,AUTO-siret3_r025_c017,AUTO-siret3_r025_c017-R10,57.27,,,,,
row,AUTO-siret3_r025_c017,AUTO-siret3_r025_c017-R11,55.3,,,,,
row,AUTO-siret3_r025_c017,AUTO-siret3_r025_c017-R12,32.0,,,,,
row,AUTO-siret3_r025_c017,AUTO-siret3_r025_c017-R13,25.25,,,,,
row,AUTO-siret3_r025_c017,AUTO-siret3_r025_c017-R14,17.0,,,,,
block,AUTO-siret3_r025_c017,,547.35,147.32,1688.04,292,14,
row,AUTO-siret3_r025_c018,AUTO-siret3_r025_c018-R01,32.7,,,,,
row,AUTO-siret3_r025_c018,AUTO-siret3_r025_c018-R02,40.1,,,,,
row,AUTO-siret3_r025_c018,AUTO-siret3_r025_c018-R03,47.55,,,,,
row,AUTO-siret3_r025_c018,AUTO-siret3_r025_c018-R04,55.45,,,,,
row,AUTO-siret3_r025_c018,AUTO-siret3_r025_c018-R05,50.88,,,,,
row,AUTO-siret3_r025_c018,AUTO-siret3_r025_c018-R06,71.75,,,,,
row,AUTO-siret3_r025_c018,AUTO-siret3_r025_c018-R07,58.12,,,,,
row,AUTO-siret3_r025_c018,AUTO-siret3_r025_c018-R08,54.1,,,,,
row,AUTO-siret3_r025_c018,AUTO-siret3_r025_c018-R09,35.38,,,,,
row,AUTO-siret3_r025_c018,AUTO-siret3_r025_c018-R10,30.17,,,,,
row,AUTO-siret3_r025_c018,AUTO-siret3_r025_c018-R11,22.15,,,,,
row,AUTO-siret3_r025_c018,AUTO-siret3_r025_c018-R12,29.77,,,,,
row,AUTO-siret3_r025_c018,AUTO-siret3_r025_c018-R13,23.0,,,,,
row,AUTO-siret3_r025_c018,AUTO-siret3_r025_c018-R14,10.15,,,,,
block,AUTO-siret3_r025_c018,,561.28,133.31,1569.62,264,14,
row,AUTO-siret3_r025_c019,AUTO-siret3_r025_c019-R01,16.7,,,,,
row,AUTO-siret3_r025_c019,AUTO-siret3_r025_c019-R02,17.7,,,,,
row,AUTO-siret3_r025_c019,AUTO-siret3_r025_c019-R03,20.88,,,,,
row,AUTO-siret3_r025_c019,AUTO-siret3_r025_c019-R04,59.43,,,,,
row,AUTO-siret3_r025_c019,AUTO-siret3_r025_c019-R05,67.48,,,,,
row,AUTO-siret3_r025_c019,AUTO-siret3_r025_c019-R06,28.58,,,,,
row,AUTO-siret3_r025_c019,AUTO-siret3_r025_c019-R07,44.5,,,,,
row,AUTO-siret3_r025_c019,AUTO-siret3_r025_c019-R08,40.7,,,,,
row,AUTO-siret3_r025_c019,AUTO-siret3_r025_c019-R09,41.05,,,,,
row,AUTO-siret3_r025_c019,AUTO-siret3_r025_c019-R10,26.28,,,,,
row,AUTO-siret3_r025_c019,AUTO-siret3_r025_c019-R11,24.53,,,,,
block,AUTO-siret3_r025_c019,,387.8,92.38,1258.76,183,11,
row,AUTO-siret3_r025_c031,AUTO-siret3_r025_c031-R01,27.25,,,,,
row,AUTO-siret3_r025_c031,AUTO-siret3_r025_c031-R02,21.05,,,,,
row,AUTO-siret3_r025_c031,AUTO-siret3_r025_c031-R03,18.87,,,,,
row,AUTO-siret3_r025_c031,AUTO-siret3_r025_c031-R04,13.02,,,,,
block,AUTO-siret3_r025_c031,,80.2,27.99,336.82,56,4,
row,AUTO-siret3_r026_c015,AUTO-siret3_r026_c015-R01,12.12,,,,,
row,AUTO-siret3_r026_c015,AUTO-siret3_r026_c015-R02,30.37,,,,,
row,AUTO-siret3_r026_c015,AUTO-siret3_r026_c015-R03,36.95,,,,,
row,AUTO-siret3_r026_c015,AUTO-siret3_r026_c015-R04,44.5,,,,,
row,AUTO-siret3_r026_c015,AUTO-siret3_r026_c015-R05,50.35,,,,,
row,AUTO-siret3_r026_c015,AUTO-siret3_r026_c015-R06,59.83,,,,,
row,AUTO-siret3_r026_c015,AUTO-siret3_r026_c015-R07,70.15,,,,,
row,AUTO-siret3_r026_c015,AUTO-siret3_r026_c015-R08,68.63,,,,,
row,AUTO-siret3_r026_c015,AUTO-siret3_r026_c015-R09,53.55,,,,,
row,AUTO-siret3_r026_c015,AUTO-siret3_r026_c015-R10,43.75,,,,,
row,AUTO-siret3_r026_c015,AUTO-siret3_r026_c015-R11,40.15,,,,,
row,AUTO-siret3_r026_c015,AUTO-siret3_r026_c015-R12,25.52,,,,,
row,AUTO-siret3_r026_c015,AUTO-siret3_r026_c015-R13,15.22,,,,,
block,AUTO-siret3_r026_c015,,551.09,166.73,1921.77,342,13,
row,AUTO-siret3_r026_c016,AUTO-siret3_r026_c016-R01,8.85,,,,,
row,AUTO-siret3_r026_c016,AUTO-siret3_r026_c016-R02,11.32,,,,,
row,AUTO-siret3_r026_c016,AUTO-siret3_r026_c016-R03,33.88,,,,,
row,AUTO-siret3_r026_c016,AUTO-siret3_r026_c016-R04,41.35,,,,,
row,AUTO-siret3_r026_c016,AUTO-siret3_r026_c016-R05,56.45,,,,,
row,AUTO-siret3_r026_c016,AUTO-siret3_r026_c016-R06,62.15,,,,,
row,AUTO-siret3_r026_c016,AUTO-siret3_r026_c016-R07,69.48,,,,,
row,AUTO-siret3_r026_c016,AUTO-siret3_r026_c016-R08,56.68,,,,,
row,AUTO-siret3_r026_c016,AUTO-siret3_r026_c016-R09,65.52,,,,,
row,AUTO-siret3_r026_c016,AUTO-siret3_r026_c016-R10,58.85,,,,,
row,AUTO-siret3_r026_c016,AUTO-siret3_r026_c016-R11,56.05,,,,,
row,AUTO-siret3_r026_c016,AUTO-siret3_r026_c016-R12,46.35,,,,,
row,AUTO-siret3_r026_c016,AUTO-siret3_r026_c016-R13,37.13,,,,,
row,AUTO-siret3_r026_c016,AUTO-siret3_r026_c016-R14,26.4,,,,,
row,AUTO-siret3_r026_c016,AUTO-siret3_r026_c016-R15,17.4,,,,,
row,AUTO-siret3_r026_c016,AUTO-siret3_r026_c016-R16,12.92,,,,,
row,AUTO-siret3_r026_c016,AUTO-siret3_r026_c016-R17,7.05,,,,,
block,AUTO-siret3_r026_c016,,667.82,177.21,1841.65,355,17,
row,AUTO-siret3_r026_c017,AUTO-siret3_r026_c017-R01,50.97,,,,,
row,AUTO-siret3_r026_c017,AUTO-siret3_r026_c017-R02,48.35,,,,,
row,AUTO-siret3_r026_c017,AUTO-siret3_r026_c017-R03,48.8,,,,,
row,AUTO-siret3_r026_c017,AUTO-siret3_r026_c017-R04,48.1,,,,,
row,AUTO-siret3_r026_c017,AUTO-siret3_r026_c017-R05,47.45,,,,,
row,AUTO-siret3_r026_c017,AUTO-siret3_r026_c017-R06,51.17,,,,,
row,AUTO-siret3_r026_c017,AUTO-siret3_r026_c017-R07,51.07,,,,,
row,AUTO-siret3_r026_c017,AUTO-siret3_r026_c017-R08,51.2,,,,,
row,AUTO-siret3_r026_c017,AUTO-siret3_r026_c017-R09,51.2,,,,,
row,AUTO-siret3_r026_c017,AUTO-siret3_r026_c017-R10,49.87,,,,,
row,AUTO-siret3_r026_c017,AUTO-siret3_r026_c017-R11,47.17,,,,,
row,AUTO-siret3_r026_c017,AUTO-siret3_r026_c017-R12,50.95,,,,,
row,AUTO-siret3_r026_c017,AUTO-siret3_r026_c017-R13,43.87,,,,,
block,AUTO-siret3_r026_c017,,640.2,137.01,2088.48,274,13,
row,AUTO-siret3_r026_c018,AUTO-siret3_r026_c018-R01,27.8,,,,,
row,AUTO-siret3_r026_c018,AUTO-siret3_r026_c018-R02,32.2,,,,,
row,AUTO-siret3_r026_c018,AUTO-siret3_r026_c018-R03,46.65,,,,,
row,AUTO-siret3_r026_c018,AUTO-siret3_r026_c018-R04,59.55,,,,,
row,AUTO-siret3_r026_c018,AUTO-siret3_r026_c018-R05,66.82,,,,,
row,AUTO-siret3_r026_c018,AUTO-siret3_r026_c018-R06,72.2,,,,,
row,AUTO-siret3_r026_c018,AUTO-siret3_r026_c018-R07,54.92,,,,,
row,AUTO-siret3_r026_c018,AUTO-siret3_r026_c018-R08,30.45,,,,,
row,AUTO-siret3_r026_c018,AUTO-siret3_r026_c018-R09,31.57,,,,,
row,AUTO-siret3_r026_c018,AUTO-siret3_r026_c018-R10,32.8,,,,,
row,AUTO-siret3_r026_c018,AUTO-siret3_r026_c018-R11,29.1,,,,,
row,AUTO-siret3_r026_c018,AUTO-siret3_r026_c018-R12,17.4,,,,,
row,AUTO-siret3_r026_c018,AUTO-siret3_r026_c018-R13,12.5,,,,,
block,AUTO-siret3_r026_c018,,513.98,134.83,1563.58,276,13,
row,AUTO-siret3_r026_c019,AUTO-siret3_r026_c019-R01,4.45,,,,,
row,AUTO-siret3_r026_c019,AUTO-siret3_r026_c019-R02,17.3,,,,,
row,AUTO-siret3_r026_c019,AUTO-siret3_r026_c019-R03,21.25,,,,,
row,AUTO-siret3_r026_c019,AUTO-siret3_r026_c019-R04,16.7,,,,,
row,AUTO-siret3_r026_c019,AUTO-siret3_r026_c019-R05,33.4,,,,,
row,AUTO-siret3_r026_c019,AUTO-siret3_r026_c019-R06,36.55,,,,,
row,AUTO-siret3_r026_c019,AUTO-siret3_r026_c019-R07,51.35,,,,,
row,AUTO-siret3_r026_c019,AUTO-siret3_r026_c019-R08,57.2,,,,,
row,AUTO-siret3_r026_c019,AUTO-siret3_r026_c019-R09,64.15,,,,,
row,AUTO-siret3_r026_c019,AUTO-siret3_r026_c019-R10,71.7,,,,,
row,AUTO-siret3_r026_c019,AUTO-siret3_r026_c019-R11,64.7,,,,,
row,AUTO-siret3_r026_c019,AUTO-siret3_r026_c019-R12,54.95,,,,,
row,AUTO-siret3_r026_c019,AUTO-siret3_r026_c019-R13,34.1,,,,,
row,AUTO-siret3_r026_c019,AUTO-siret3_r026_c019-R14,26.73,,,,,
row,AUTO-siret3_r026_c019,AUTO-siret3_r026_c019-R15,29.07,,,,,
row,AUTO-siret3_r026_c019,AUTO-siret3_r026_c019-R16,11.52,,,,,
row,AUTO-siret3_r026_c019,AUTO-siret3_r026_c019-R17,7.15,,,,,
block,AUTO-siret3_r026_c019,,602.27,132.41,1740.2,262,17,
row,AUTO-siret3_r026_c020,AUTO-siret3_r026_c020-R01,16.65,,,,,
row,AUTO-siret3_r026_c020,AUTO-siret3_r026_c020-R02,35.27,,,,,
row,AUTO-siret3_r026_c020,AUTO-siret3_r026_c020-R03,59.8,,,,,
row,AUTO-siret3_r026_c020,AUTO-siret3_r026_c020-R04,70.15,,,,,
row,AUTO-siret3_r026_c020,AUTO-siret3_r026_c020-R05,67.65,,,,,
row,AUTO-siret3_r026_c020,AUTO-siret3_r026_c020-R06,57.98,,,,,
row,AUTO-siret3_r026_c020,AUTO-siret3_r026_c020-R07,47.37,,,,,
row,AUTO-siret3_r026_c020,AUTO-siret3_r026_c020-R08,36.55,,,,,
row,AUTO-siret3_r026_c020,AUTO-siret3_r026_c020-R09,26.9,,,,,
row,AUTO-siret3_r026_c020,AUTO-siret3_r026_c020-R10,24.15,,,,,
block,AUTO-siret3_r026_c020,,442.47,98.93,1602.45,198,10,
row,AUTO-siret3_r026_c021,AUTO-siret3_r026_c021-R01,14.47,,,,,
row,AUTO-siret3_r026_c021,AUTO-siret3_r026_c021-R02,8.52,,,,,
row,AUTO-siret3_r026_c021,AUTO-siret3_r026_c021-R03,28.42,,,,,
row,AUTO-siret3_r026_c021,AUTO-siret3_r026_c021-R04,71.85,,,,,
row,AUTO-siret3_r026_c021,AUTO-siret3_r026_c021-R05,60.15,,,,,
row,AUTO-siret3_r026_c021,AUTO-siret3_r026_c021-R06,46.38,,,,,
row,AUTO-siret3_r026_c021,AUTO-siret3_r026_c021-R07,46.7,,,,,
row,AUTO-siret3_r026_c021,AUTO-siret3_r026_c021-R08,43.45,,,,,
row,AUTO-siret3_r026_c021,AUTO-siret3_r026_c021-R09,29.37,,,,,
row,AUTO-siret3_r026_c021,AUTO-siret3_r026_c021-R10,26.18,,,,,
block,AUTO-siret3_r026_c021,,375.5,113.62,979.69,219,10,
row,AUTO-siret3_r026_c030,AUTO-siret3_r026_c030-R01,46.87,,,,,
row,AUTO-siret3_r026_c030,AUTO-siret3_r026_c030-R02,55.48,,,,,
row,AUTO-siret3_r026_c030,AUTO-siret3_r026_c030-R03,46.97,,,,,
row,AUTO-siret3_r026_c030,AUTO-siret3_r026_c030-R04,37.65,,,,,
block,AUTO-siret3_r026_c030,,186.98,50.23,571.77,106,4,
row,AUTO-siret3_r026_c031,AUTO-siret3_r026_c031-R01,6.42,,,,,
row,AUTO-siret3_r026_c031,AUTO-siret3_r026_c031-R02,11.0,,,,,
row,AUTO-siret3_r026_c031,AUTO-siret3_r026_c031-R03,17.37,,,,,
row,AUTO-siret3_r026_c031,AUTO-siret3_r026_c031-R04,21.75,,,,,
row,AUTO-siret3_r026_c031,AUTO-siret3_r026_c031-R05,31.42,,,,,
row,AUTO-siret3_r026_c031,AUTO-siret3_r026_c031-R06,36.33,,,,,
row,AUTO-siret3_r026_c031,AUTO-siret3_r026_c031-R07,45.2,,,,,
row,AUTO-siret3_r026_c031,AUTO-siret3_r026_c031-R08,53.17,,,,,
row,AUTO-siret3_r026_c031,AUTO-siret3_r026_c031-R09,59.28,,,,,
row,AUTO-siret3_r026_c031,AUTO-siret3_r026_c031-R10,68.02,,,,,
row,AUTO-siret3_r026_c031,AUTO-siret3_r026_c031-R11,66.65,,,,,
row,AUTO-siret3_r026_c031,AUTO-siret3_r026_c031-R12,63.45,,,,,
row,AUTO-siret3_r026_c031,AUTO-siret3_r026_c031-R13,52.58,,,,,
row,AUTO-siret3_r026_c031,AUTO-siret3_r026_c031-R14,47.5,,,,,
row,AUTO-siret3_r026_c031,AUTO-siret3_r026_c031-R15,37.02,,,,,
row,AUTO-siret3_r026_c031,AUTO-siret3_r026_c031-R16,28.9,,,,,
row,AUTO-siret3_r026_c031,AUTO-siret3_r026_c031-R17,20.37,,,,,
block,AUTO-siret3_r026_c031,,666.44,155.87,1930.88,334,17,
row,AUTO-siret3_r026_c032,AUTO-siret3_r026_c032-R01,52.93,,,,,
row,AUTO-siret3_r026_c032,AUTO-siret3_r026_c032-R02,44.43,,,,,
row,AUTO-siret3_r026_c032,AUTO-siret3_r026_c032-R03,35.78,,,,,
row,AUTO-siret3_r026_c032,AUTO-siret3_r026_c032-R04,28.45,,,,,
row,AUTO-siret3_r026_c032,AUTO-siret3_r026_c032-R05,23.25,,,,,
row,AUTO-siret3_r026_c032,AUTO-siret3_r026_c032-R06,16.8,,,,,
row,AUTO-siret3_r026_c032,AUTO-siret3_r026_c032-R07,6.8,,,,,
block,AUTO-siret3_r026_c032,,208.43,71.47,515.86,136,7,
row,AUTO-siret3_r027_c013,AUTO-siret3_r027_c013-R01,29.5,,,,,
block,AUTO-siret3_r027_c013,,29.5,13.28,0.0,25,1,
row,AUTO-siret3_r027_c018,AUTO-siret3_r027_c018-R01,14.55,,,,,
row,AUTO-siret3_r027_c018,AUTO-siret3_r027_c018-R02,19.55,,,,,
row,AUTO-siret3_r027_c018,AUTO-siret3_r027_c018-R03,23.67,,,,,
row,AUTO-siret3_r027_c018,AUTO-siret3_r027_c018-R04,32.55,,,,,
row,AUTO-siret3_r027_c018,AUTO-siret3_r027_c018-R05,34.37,,,,,
row,AUTO-siret3_r027_c018,AUTO-siret3_r027_c018-R06,37.48,,,,,
row,AUTO-siret3_r027_c018,AUTO-siret3_r027_c018-R07,37.8,,,,,
row,AUTO-siret3_r027_c018,AUTO-siret3_r027_c018-R08,42.02,,,,,
row,AUTO-siret3_r027_c018,AUTO-siret3_r027_c018-R09,62.13,,,,,
row,AUTO-siret3_r027_c018,AUTO-siret3_r027_c018-R10,61.38,,,,,
row,AUTO-siret3_r027_c018,AUTO-siret3_r027_c018-R11,67.6,,,,,
row,AUTO-siret3_r027_c018,AUTO-siret3_r027_c018-R12,58.13,,,,,
row,AUTO-siret3_r027_c018,AUTO-siret3_r027_c018-R13,40.7,,,,,
row,AUTO-siret3_r027_c018,AUTO-siret3_r027_c018-R14,24.22,,,,,
row,AUTO-siret3_r027_c018,AUTO-siret3_r027_c018-R15,16.5,,,,,
block,AUTO-siret3_r027_c018,,572.65,112.13,1779.67,243,15,
row,AUTO-siret3_r027_c019,AUTO-siret3_r027_c019-R01,17.15,,,,,
row,AUTO-siret3_r027_c019,AUTO-siret3_r027_c019-R02,35.68,,,,,
row,AUTO-siret3_r027_c019,AUTO-siret3_r027_c019-R03,57.43,,,,,
row,AUTO-siret3_r027_c019,AUTO-siret3_r027_c019-R04,64.12,,,,,
row,AUTO-siret3_r027_c019,AUTO-siret3_r027_c019-R05,71.02,,,,,
row,AUTO-siret3_r027_c019,AUTO-siret3_r027_c019-R06,62.92,,,,,
row,AUTO-siret3_r027_c019,AUTO-siret3_r027_c019-R07,48.3,,,,,
row,AUTO-siret3_r027_c019,AUTO-siret3_r027_c019-R08,43.22,,,,,
row,AUTO-siret3_r027_c019,AUTO-siret3_r027_c019-R09,36.25,,,,,
row,AUTO-siret3_r027_c019,AUTO-siret3_r027_c019-R10,30.05,,,,,
block,AUTO-siret3_r027_c019,,466.15,143.9,1704.52,285,10,
row,AUTO-siret3_r027_c020,AUTO-siret3_r027_c020-R01,11.62,,,,,
row,AUTO-siret3_r027_c020,AUTO-siret3_r027_c020-R02,15.88,,,,,
row,AUTO-siret3_r027_c020,AUTO-siret3_r027_c020-R03,24.8,,,,,
row,AUTO-siret3_r027_c020,AUTO-siret3_r027_c020-R04,28.43,,,,,
row,AUTO-siret3_r027_c020,AUTO-siret3_r027_c020-R05,35.83,,,,,
row,AUTO-siret3_r027_c020,AUTO-siret3_r027_c020-R06,43.18,,,,,
row,AUTO-siret3_r027_c020,AUTO-siret3_r027_c020-R07,48.37,,,,,
row,AUTO-siret3_r027_c020,AUTO-siret3_r027_c020-R08,57.43,,,,,
row,AUTO-siret3_r027_c020,AUTO-siret3_r027_c020-R09,53.85,,,,,
row,AUTO-siret3_r027_c020,AUTO-siret3_r027_c020-R10,71.4,,,,,
row,AUTO-siret3_r027_c020,AUTO-siret3_r027_c020-R11,61.57,,,,,
row,AUTO-siret3_r027_c020,AUTO-siret3_r027_c020-R12,39.7,,,,,
row,AUTO-siret3_r027_c020,AUTO-siret3_r027_c020-R13,34.0,,,,,
row,AUTO-siret3_r027_c020,AUTO-siret3_r027_c020-R14,31.1,,,,,
row,AUTO-siret3_r027_c020,AUTO-siret3_r027_c020-R15,20.55,,,,,
row,AUTO-siret3_r027_c020,AUTO-siret3_r027_c020-R16,9.35,,,,,
block,AUTO-siret3_r027_c020,,587.05,175.51,1854.82,351,16,
row,AUTO-siret3_r027_c021,AUTO-siret3_r027_c021-R01,5.3,,,,,
row,AUTO-siret3_r027_c021,AUTO-siret3_r027_c021-R02,42.65,,,,,
row,AUTO-siret3_r027_c021,AUTO-siret3_r027_c021-R03,60.95,,,,,
row,AUTO-siret3_r027_c021,AUTO-siret3_r027_c021-R04,72.02,,,,,
row,AUTO-siret3_r027_c021,AUTO-siret3_r027_c021-R05,68.48,,,,,
row,AUTO-siret3_r027_c021,AUTO-siret3_r027_c021-R06,58.0,,,,,
row,AUTO-siret3_r027_c021,AUTO-siret3_r027_c021-R07,49.73,,,,,
row,AUTO-siret3_r027_c021,AUTO-siret3_r027_c021-R08,46.5,,,,,
row,AUTO-siret3_r027_c021,AUTO-siret3_r027_c021-R09,31.12,,,,,
row,AUTO-siret3_r027_c021,AUTO-siret3_r027_c021-R10,29.27,,,,,
row,AUTO-siret3_r027_c021,AUTO-siret3_r027_c021-R11,23.3,,,,,
row,AUTO-siret3_r027_c021,AUTO-siret3_r027_c021-R12,16.75,,,,,
row,AUTO-siret3_r027_c021,AUTO-siret3_r027_c021-R13,9.57,,,,,
row,AUTO-siret3_r027_c021,AUTO-siret3_r027_c021-R14,5.78,,,,,
block,AUTO-siret3_r027_c021,,519.42,159.1,1656.21,323,14,
row,AUTO-siret3_r027_c022,AUTO-siret3_r027_c022-R01,5.38,,,,,
row,AUTO-siret3_r027_c022,AUTO-siret3_r027_c022-R02,14.52,,,,,
row,AUTO-siret3_r027_c022,AUTO-siret3_r027_c022-R03,23.18,,,,,
row,AUTO-siret3_r027_c022,AUTO-siret3_r027_c022-R04,32.8,,,,,
row,AUTO-siret3_r027_c022,AUTO-siret3_r027_c022-R05,39.02,,,,,
row,AUTO-siret3_r027_c022,AUTO-siret3_r027_c022-R06,45.53,,,,,
row,AUTO-siret3_r027_c022,AUTO-siret3_r027_c022-R07,49.38,,,,,
row,AUTO-siret3_r027_c022,AUTO-siret3_r027_c022-R08,59.82,,,,,
row,AUTO-siret3_r027_c022,AUTO-siret3_r027_c022-R09,66.92,,,,,
row,AUTO-siret3_r027_c022,AUTO-siret3_r027_c022-R10,72.0,,,,,
row,AUTO-siret3_r027_c022,AUTO-siret3_r027_c022-R11,64.25,,,,,
row,AUTO-siret3_r027_c022,AUTO-siret3_r027_c022-R12,53.73,,,,,
row,AUTO-siret3_r027_c022,AUTO-siret3_r027_c022-R13,49.4,,,,,
row,AUTO-siret3_r027_c022,AUTO-siret3_r027_c022-R14,30.55,,,,,
row,AUTO-siret3_r027_c022,AUTO-siret3_r027_c022-R15,10.47,,,,,
block,AUTO-siret3_r027_c022,,616.95,157.59,1739.58,325,15,
row,AUTO-siret3_r027_c023,AUTO-siret3_r027_c023-R01,7.4,,,,,
row,AUTO-siret3_r027_c023,AUTO-siret3_r027_c023-R02,39.73,,,,,
row,AUTO-siret3_r027_c023,AUTO-siret3_r027_c023-R03,56.5,,,,,
row,AUTO-siret3_r027_c023,AUTO-siret3_r027_c023-R04,59.95,,,,,
row,AUTO-siret3_r027_c023,AUTO-siret3_r027_c023-R05,64.6,,,,,
row,AUTO-siret3_r027_c023,AUTO-siret3_r027_c023-R06,69.67,,,,,
row,AUTO-siret3_r027_c023,AUTO-siret3_r027_c023-R07,64.32,,,,,
row,AUTO-siret3_r027_c023,AUTO-siret3_r027_c023-R08,52.75,,,,,
row,AUTO-siret3_r027_c023,AUTO-siret3_r027_c023-R09,44.22,,,,,
row,AUTO-siret3_r027_c023,AUTO-siret3_r027_c023-R10,38.2,,,,,
row,AUTO-siret3_r027_c023,AUTO-siret3_r027_c023-R11,30.27,,,,,
row,AUTO-siret3_r027_c023,AUTO-siret3_r027_c023-R12,18.95,,,,,
block,AUTO-siret3_r027_c023,,546.57,140.73,1553.97,284,12,
row,AUTO-siret3_r027_c024,AUTO-siret3_r027_c024-R01,35.67,,,,,
row,AUTO-siret3_r027_c024,AUTO-siret3_r027_c024-R02,42.95,,,,,
row,AUTO-siret3_r027_c024,AUTO-siret3_r027_c024-R03,53.25,,,,,
row,AUTO-siret3_r027_c024,AUTO-siret3_r027_c024-R04,10.97,,,,,
block,AUTO-siret3_r027_c024,,142.85,59.77,679.97,114,4,
row,AUTO-siret3_r027_c029,AUTO-siret3_r027_c029-R01,32.12,,,,,
row,AUTO-siret3_r027_c029,AUTO-siret3_r027_c029-R02,49.43,,,,,
row,AUTO-siret3_r027_c029,AUTO-siret3_r027_c029-R03,53.75,,,,,
row,AUTO-siret3_r027_c029,AUTO-siret3_r027_c029-R04,57.5,,,,,
row,AUTO-siret3_r027_c029,AUTO-siret3_r027_c029-R05,43.52,,,,,
row,AUTO-siret3_r027_c029,AUTO-siret3_r027_c029-R06,7.83,,,,,
block,AUTO-siret3_r027_c029,,244.15,84.31,1156.55,161,6,
row,AUTO-siret3_r027_c030,AUTO-siret3_r027_c030-R01,38.52,,,,,
row,AUTO-siret3_r027_c030,AUTO-siret3_r027_c030-R02,39.58,,,,,
row,AUTO-siret3_r027_c030,AUTO-siret3_r027_c030-R03,40.78,,,,,
row,AUTO-siret3_r027_c030,AUTO-siret3_r027_c030-R04,54.55,,,,,
row,AUTO-siret3_r027_c030,AUTO-siret3_r027_c030-R05,54.45,,,,,
row,AUTO-siret3_r027_c030,AUTO-siret3_r027_c030-R06,54.55,,,,,
row,AUTO-siret3_r027_c030,AUTO-siret3_r027_c030-R07,7.68,,,,,
block,AUTO-siret3_r027_c030,,290.1,103.42,968.23,201,7,
row,AUTO-siret3_r028_c014,AUTO-siret3_r028_c014-R01,17.1,,,,,
row,AUTO-siret3_r028_c014,AUTO-siret3_r028_c014-R02,40.3,,,,,
row,AUTO-siret3_r028_c014,AUTO-siret3_r028_c014-R03,12.83,,,,,
block,AUTO-siret3_r028_c014,,70.23,31.48,226.84,59,3,
row,AUTO-siret3_r028_c017,AUTO-siret3_r028_c017-R01,11.6,,,,,
row,AUTO-siret3_r028_c017,AUTO-siret3_r028_c017-R02,16.82,,,,,
row,AUTO-siret3_r028_c017,AUTO-siret3_r028_c017-R03,21.85,,,,,
row,AUTO-siret3_r028_c017,AUTO-siret3_r028_c017-R04,28.98,,,,,
row,AUTO-siret3_r028_c017,AUTO-siret3_r028_c017-R05,45.08,,,,,
row,AUTO-siret3_r028_c017,AUTO-siret3_r028_c017-R06,49.17,,,,,
row,AUTO-siret3_r028_c017,AUTO-siret3_r028_c017-R07,56.1,,,,,
row,AUTO-siret3_r028_c017,AUTO-siret3_r028_c017-R08,62.05,,,,,
row,AUTO-siret3_r028_c017,AUTO-siret3_r028_c017-R09,64.83,,,,,
row,AUTO-siret3_r028_c017,AUTO-siret3_r028_c017-R10,71.9,,,,,
row,AUTO-siret3_r028_c017,AUTO-siret3_r028_c017-R11,65.3,,,,,
row,AUTO-siret3_r028_c017,AUTO-siret3_r028_c017-R12,54.07,,,,,
row,AUTO-siret3_r028_c017,AUTO-siret3_r028_c017-R13,39.45,,,,,
row,AUTO-siret3_r028_c017,AUTO-siret3_r028_c017-R14,32.2,,,,,
row,AUTO-siret3_r028_c017,AUTO-siret3_r028_c017-R15,25.28,,,,,
row,AUTO-siret3_r028_c017,AUTO-siret3_r028_c017-R16,22.42,,,,,
row,AUTO-siret3_r028_c017,AUTO-siret3_r028_c017-R17,13.43,,,,,
block,AUTO-siret3_r028_c017,,680.53,167.23,1908.9,348,17,
row,AUTO-siret3_r028_c018,AUTO-siret3_r028_c018-R01,8.32,,,,,
row,AUTO-siret3_r028_c018,AUTO-siret3_r028_c018-R02,27.65,,,,,
row,AUTO-siret3_r028_c018,AUTO-siret3_r028_c018-R03,41.02,,,,,
row,AUTO-siret3_r028_c018,AUTO-siret3_r028_c018-R04,45.38,,,,,
row,AUTO-siret3_r028_c018,AUTO-siret3_r028_c018-R05,50.63,,,,,
row,AUTO-siret3_r028_c018,AUTO-siret3_r028_c018-R06,59.4,,,,,
row,AUTO-siret3_r028_c018,AUTO-siret3_r028_c018-R07,64.7,,,,,
row,AUTO-siret3_r028_c018,AUTO-siret3_r028_c018-R08,67.1,,,,,
row,AUTO-siret3_r028_c018,AUTO-siret3_r028_c018-R09,70.13,,,,,
row,AUTO-siret3_r028_c018,AUTO-siret3_r028_c018-R10,59.5,,,,,
row,AUTO-siret3_r028_c018,AUTO-siret3_r028_c018-R11,53.87,,,,,
row,AUTO-siret3_r028_c018,AUTO-siret3_r028_c018-R12,44.35,,,,,
row,AUTO-siret3_r028_c018,AUTO-siret3_r028_c018-R13,36.85,,,,,
row,AUTO-siret3_r028_c018,AUTO-siret3_r028_c018-R14,31.12,,,,,
row,AUTO-siret3_r028_c018,AUTO-siret3_r028_c018-R15,23.48,,,,,
row,AUTO-siret3_r028_c018,AUTO-siret3_r028_c018-R16,14.87,,,,,
block,AUTO-siret3_r028_c018,,698.37,208.59,1780.97,414,16,
row,AUTO-siret3_r028_c019,AUTO-siret3_r028_c019-R01,6.65,,,,,
row,AUTO-siret3_r028_c019,AUTO-siret3_r028_c019-R02,15.25,,,,,
row,AUTO-siret3_r028_c019,AUTO-siret3_r028_c019-R03,48.58,,,,,
row,AUTO-siret3_r028_c019,AUTO-siret3_r028_c019-R04,53.48,,,,,
row,AUTO-siret3_r028_c019,AUTO-siret3_r028_c019-R05,57.02,,,,,
row,AUTO-siret3_r028_c019,AUTO-siret3_r028_c019-R06,53.27,,,,,
row,AUTO-siret3_r028_c019,AUTO-siret3_r028_c019-R07,54.9,,,,,
row,AUTO-siret3_r028_c019,AUTO-siret3_r028_c019-R08,57.55,,,,,
row,AUTO-siret3_r028_c019,AUTO-siret3_r028_c019-R09,57.27,,,,,
row,AUTO-siret3_r028_c019,AUTO-siret3_r028_c019-R10,50.38,,,,,
row,AUTO-siret3_r028_c019,AUTO-siret3_r028_c019-R11,45.95,,,,,
row,AUTO-siret3_r028_c019,AUTO-siret3_r028_c019-R12,44.2,,,,,
row,AUTO-siret3_r028_c019,AUTO-siret3_r028_c019-R13,36.08,,,,,
row,AUTO-siret3_r028_c019,AUTO-siret3_r028_c019-R14,30.35,,,,,
row,AUTO-siret3_r028_c019,AUTO-siret3_r028_c019-R15,24.47,,,,,
row,AUTO-siret3_r028_c019,AUTO-siret3_r028_c019-R16,16.05,,,,,
block,AUTO-siret3_r028_c019,,651.45,169.69,1644.8,356,16,
row,AUTO-siret3_r028_c020,AUTO-siret3_r028_c020-R01,33.77,,,,,
row,AUTO-siret3_r028_c020,AUTO-siret3_r028_c020-R02,37.08,,,,,
row,AUTO-siret3_r028_c020,AUTO-siret3_r028_c020-R03,47.35,,,,,
row,AUTO-siret3_r028_c020,AUTO-siret3_r028_c020-R04,57.1,,,,,
row,AUTO-siret3_r028_c020,AUTO-siret3_r028_c020-R05,62.82,,,,,
row,AUTO-siret3_r028_c020,AUTO-siret3_r028_c020-R06,66.77,,,,,
row,AUTO-siret3_r028_c020,AUTO-siret3_r028_c020-R07,65.55,,,,,
row,AUTO-siret3_r028_c020,AUTO-siret3_r028_c020-R08,56.05,,,,,
row,AUTO-siret3_r028_c020,AUTO-siret3_r028_c020-R09,52.17,,,,,
row,AUTO-siret3_r028_c020,AUTO-siret3_r028_c020-R10,33.0,,,,,
row,AUTO-siret3_r028_c020,AUTO-siret3_r028_c020-R11,19.7,,,,,
row,AUTO-siret3_r028_c020,AUTO-siret3_r028_c020-R12,28.08,,,,,
row,AUTO-siret3_r028_c020,AUTO-siret3_r028_c020-R13,6.52,,,,,
block,AUTO-siret3_r028_c020,,565.96,145.35,1560.95,287,13,
row,AUTO-siret3_r028_c022,AUTO-siret3_r028_c022-R01,5.45,,,,,
row,AUTO-siret3_r028_c022,AUTO-siret3_r028_c022-R02,7.22,,,,,
row,AUTO-siret3_r028_c022,AUTO-siret3_r028_c022-R03,40.23,,,,,
row,AUTO-siret3_r028_c022,AUTO-siret3_r028_c022-R04,45.53,,,,,
row,AUTO-siret3_r028_c022,AUTO-siret3_r028_c022-R05,54.72,,,,,
row,AUTO-siret3_r028_c022,AUTO-siret3_r028_c022-R06,60.5,,,,,
row,AUTO-siret3_r028_c022,AUTO-siret3_r028_c022-R07,67.08,,,,,
row,AUTO-siret3_r028_c022,AUTO-siret3_r028_c022-R08,71.55,,,,,
row,AUTO-siret3_r028_c022,AUTO-siret3_r028_c022-R09,64.8,,,,,
row,AUTO-siret3_r028_c022,AUTO-siret3_r028_c022-R10,55.4,,,,,
row,AUTO-siret3_r028_c022,AUTO-siret3_r028_c022-R11,46.4,,,,,
row,AUTO-siret3_r028_c022,AUTO-siret3_r028_c022-R12,41.4,,,,,
row,AUTO-siret3_r028_c022,AUTO-siret3_r028_c022-R13,33.45,,,,,
block,AUTO-siret3_r028_c022,,593.73,131.21,1599.16,253,13,
row,AUTO-siret3_r028_c023,AUTO-siret3_r028_c023-R01,14.3,,,,,
row,AUTO-siret3_r028_c023,AUTO-siret3_r028_c023-R02,20.6,,,,,
row,AUTO-siret3_r028_c023,AUTO-siret3_r028_c023-R03,38.08,,,,,
row,AUTO-siret3_r028_c023,AUTO-siret3_r028_c023-R04,42.88,,,,,
row,AUTO-siret3_r028_c023,AUTO-siret3_r028_c023-R05,51.28,,,,,
row,AUTO-siret3_r028_c023,AUTO-siret3_r028_c023-R06,55.65,,,,,
row,AUTO-siret3_r028_c023,AUTO-siret3_r028_c023-R07,65.8,,,,,
row,AUTO-siret3_r028_c023,AUTO-siret3_r028_c023-R08,66.9,,,,,
row,AUTO-siret3_r028_c023,AUTO-siret3_r028_c023-R09,55.2,,,,,
row,AUTO-siret3_r028_c023,AUTO-siret3_r028_c023-R10,51.0,,,,,
row,AUTO-siret3_r028_c023,AUTO-siret3_r028_c023-R11,42.48,,,,,
row,AUTO-siret3_r028_c023,AUTO-siret3_r028_c023-R12,27.7,,,,,
row,AUTO-siret3_r028_c023,AUTO-siret3_r028_c023-R13,26.98,,,,,
row,AUTO-siret3_r028_c023,AUTO-siret3_r028_c023-R14,21.08,,,,,
row,AUTO-siret3_r028_c023,AUTO-siret3_r028_c023-R15,11.05,,,,,
block,AUTO-siret3_r028_c023,,590.96,129.98,1870.39,286,15,
row,AUTO-siret3_r028_c024,AUTO-siret3_r028_c024-R01,12.6,,,,,
row,AUTO-siret3_r028_c024,AUTO-siret3_r028_c024-R02,14.0,,,,,
row,AUTO-siret3_r028_c024,AUTO-siret3_r028_c024-R03,16.42,,,,,
row,AUTO-siret3_r028_c024,AUTO-siret3_r028_c024-R04,21.97,,,,,
row,AUTO-siret3_r028_c024,AUTO-siret3_r028_c024-R05,49.03,,,,,
row,AUTO-siret3_r028_c024,AUTO-siret3_r028_c024-R06,53.72,,,,,
row,AUTO-siret3_r028_c024,AUTO-siret3_r028_c024-R07,45.4,,,,,
block,AUTO-siret3_r028_c024,,213.15,59.79,965.65,123,7,
row,AUTO-siret3_r028_c028,AUTO-siret3_r028_c028-R01,5.18,,,,,
row,AUTO-siret3_r028_c028,AUTO-siret3_r028_c028-R02,4.4,,,,,
row,AUTO-siret3_r028_c028,AUTO-siret3_r028_c028-R03,4.7,,,,,
row,AUTO-siret3_r028_c028,AUTO-siret3_r028_c028-R04,37.05,,,,,
row,AUTO-siret3_r028_c028,AUTO-siret3_r028_c028-R05,59.83,,,,,
row,AUTO-siret3_r028_c028,AUTO-siret3_r028_c028-R06,72.22,,,,,
row,AUTO-siret3_r028_c028,AUTO-siret3_r028_c028-R07,32.2,,,,,
row,AUTO-siret3_r028_c028,AUTO-siret3_r028_c028-R08,27.85,,,,,
row,AUTO-siret3_r028_c028,AUTO-siret3_r028_c028-R09,28.37,,,,,
row,AUTO-siret3_r028_c028,AUTO-siret3_r028_c028-R10,24.1,,,,,
row,AUTO-siret3_r028_c028,AUTO-siret3_r028_c028-R11,18.1,,,,,
row,AUTO-siret3_r028_c028,AUTO-siret3_r028_c028-R12,17.17,,,,,
row,AUTO-siret3_r028_c028,AUTO-siret3_r028_c028-R13,11.6,,,,,
row,AUTO-siret3_r028_c028,AUTO-siret3_r028_c028-R14,12.98,,,,,
block,AUTO-siret3_r028_c028,,355.76,85.64,896.43,168,14,
row,AUTO-siret3_r028_c030,AUTO-siret3_r028_c030-R01,5.35,,,,,
row,AUTO-siret3_r028_c030,AUTO-siret3_r028_c030-R02,32.5,,,,,
row,AUTO-siret3_r028_c030,AUTO-siret3_r028_c030-R03,28.65,,,,,
row,AUTO-siret3_r028_c030,AUTO-siret3_r028_c030-R04,38.0,,,,,
row,AUTO-siret3_r028_c030,AUTO-siret3_r028_c030-R05,42.1,,,,,
row,AUTO-siret3_r028_c030,AUTO-siret3_r028_c030-R06,49.33,,,,,
row,AUTO-siret3_r028_c030,AUTO-siret3_r028_c030-R07,49.83,,,,,
row,AUTO-siret3_r028_c030,AUTO-siret3_r028_c030-R08,40.43,,,,,
row,AUTO-siret3_r028_c030,AUTO-siret3_r028_c030-R09,40.38,,,,,
row,AUTO-siret3_r028_c030,AUTO-siret3_r028_c030-R10,49.45,,,,,
block,AUTO-siret3_r028_c030,,376.0,117.88,1389.68,229,10,
row,AUTO-siret3_r028_c033,AUTO-siret3_r028_c033-R01,49.55,,,,,
row,AUTO-siret3_r028_c033,AUTO-siret3_r028_c033-R02,50.48,,,,,
row,AUTO-siret3_r028_c033,AUTO-siret3_r028_c033-R03,50.33,,,,,
row,AUTO-siret3_r028_c033,AUTO-siret3_r028_c033-R04,51.2,,,,,
row,AUTO-siret3_r028_c033,AUTO-siret3_r028_c033-R05,51.18,,,,,
row,AUTO-siret3_r028_c033,AUTO-siret3_r028_c033-R06,49.98,,,,,
row,AUTO-siret3_r028_c033,AUTO-siret3_r028_c033-R07,51.17,,,,,
row,AUTO-siret3_r028_c033,AUTO-siret3_r028_c033-R08,50.8,,,,,
block,AUTO-siret3_r028_c033,,404.67,80.27,1153.33,189,8,
row,AUTO-siret3_r029_c015,AUTO-siret3_r029_c015-R01,6.27,,,,,
row,AUTO-siret3_r029_c015,AUTO-siret3_r029_c015-R02,13.25,,,,,
row,AUTO-siret3_r029_c015,AUTO-siret3_r029_c015-R03,21.33,,,,,
row,AUTO-siret3_r029_c015,AUTO-siret3_r029_c015-R04,27.55,,,,,
row,AUTO-siret3_r029_c015,AUTO-siret3_r029_c015-R05,33.93,,,,,
row,AUTO-siret3_r029_c015,AUTO-siret3_r029_c015-R06,41.58,,,,,
row,AUTO-siret3_r029_c015,AUTO-siret3_r029_c015-R07,49.07,,,,,
row,AUTO-siret3_r029_c015,AUTO-siret3_r029_c015-R08,56.4,,,,,
row,AUTO-siret3_r029_c015,AUTO-siret3_r029_c015-R09,63.48,,,,,
block,AUTO-siret3_r029_c015,,312.85,134.23,728.69,255,9,
row,AUTO-siret3_r029_c016,AUTO-siret3_r029_c016-R01,13.0,,,,,
row,AUTO-siret3_r029_c016,AUTO-siret3_r029_c016-R02,22.1,,,,,
row,AUTO-siret3_r029_c016,AUTO-siret3_r029_c016-R03,27.57,,,,,
row,AUTO-siret3_r029_c016,AUTO-siret3_r029_c016-R04,34.57,,,,,
row,AUTO-siret3_r029_c016,AUTO-siret3_r029_c016-R05,43.22,,,,,
row,AUTO-siret3_r029_c016,AUTO-siret3_r029_c016-R06,48.2,,,,,
row,AUTO-siret3_r029_c016,AUTO-siret3_r029_c016-R07,56.05,,,,,
row,AUTO-siret3_r029_c016,AUTO-siret3_r029_c016-R08,62.0,,,,,
row,AUTO-siret3_r029_c016,AUTO-siret3_r029_c016-R09,69.1,,,,,
row,AUTO-siret3_r029_c016,AUTO-siret3_r029_c016-R10,64.03,,,,,
row,AUTO-siret3_r029_c016,AUTO-siret3_r029_c016-R11,50.15,,,,,
row,AUTO-siret3_r029_c016,AUTO-siret3_r029_c016-R12,50.15,,,,,
row,AUTO-siret3_r029_c016,AUTO-siret3_r029_c016-R13,46.65,,,,,
row,AUTO-siret3_r029_c016,AUTO-siret3_r029_c016-R14,38.32,,,,,
row,AUTO-siret3_r029_c016,AUTO-siret3_r029_c016-R15,24.53,,,,,
row,AUTO-siret3_r029_c016,AUTO-siret3_r029_c016-R16,11.7,,,,,
row,AUTO-siret3_r029_c016,AUTO-siret3_r029_c016-R17,7.22,,,,,
block,AUTO-siret3_r029_c016,,668.58,177.7,1955.3,367,17,
row,AUTO-siret3_r029_c019,AUTO-siret3_r029_c019-R01,16.55,,,,,
row,AUTO-siret3_r029_c019,AUTO-siret3_r029_c019-R02,57.05,,,,,
row,AUTO-siret3_r029_c019,AUTO-siret3_r029_c019-R03,57.08,,,,,
row,AUTO-siret3_r029_c019,AUTO-siret3_r029_c019-R04,40.23,,,,,
row,AUTO-siret3_r029_c019,AUTO-siret3_r029_c019-R05,30.17,,,,,
row,AUTO-siret3_r029_c019,AUTO-siret3_r029_c019-R06,10.62,,,,,
block,AUTO-siret3_r029_c019,,211.7,68.06,761.48,133,6,
row,AUTO-siret3_r029_c020,AUTO-siret3_r029_c020-R01,10.68,,,,,
row,AUTO-siret3_r029_c020,AUTO-siret3_r029_c020-R02,22.25,,,,,
row,AUTO-siret3_r029_c020,AUTO-siret3_r029_c020-R03,27.87,,,,,
row,AUTO-siret3_r029_c020,AUTO-siret3_r029_c020-R04,34.12,,,,,
row,AUTO-siret3_r029_c020,AUTO-siret3_r029_c020-R05,46.98,,,,,
row,AUTO-siret3_r029_c020,AUTO-siret3_r029_c020-R06,28.65,,,,,
row,AUTO-siret3_r029_c020,AUTO-siret3_r029_c020-R07,33.27,,,,,
row,AUTO-siret3_r029_c020,AUTO-siret3_r029_c020-R08,20.37,,,,,
block,AUTO-siret3_r029_c020,,224.2,65.57,635.89,134,8,
row,AUTO-siret3_r029_c021,AUTO-siret3_r029_c021-R01,42.4,,,,,
row,AUTO-siret3_r029_c021,AUTO-siret3_r029_c021-R02,53.45,,,,,
row,AUTO-siret3_r029_c021,AUTO-siret3_r029_c021-R03,62.83,,,,,
row,AUTO-siret3_r029_c021,AUTO-siret3_r029_c021-R04,71.43,,,,,
block,AUTO-siret3_r029_c021,,230.1,99.5,588.55,189,4,
row,AUTO-siret3_r029_c022,AUTO-siret3_r029_c022-R01,36.8,,,,,
row,AUTO-siret3_r029_c022,AUTO-siret3_r029_c022-R02,54.22,,,,,
row,AUTO-siret3_r029_c022,AUTO-siret3_r029_c022-R03,59.95,,,,,
row,AUTO-siret3_r029_c022,AUTO-siret3_r029_c022-R04,65.65,,,,,
row,AUTO-siret3_r029_c022,AUTO-siret3_r029_c022-R05,71.95,,,,,
row,AUTO-siret3_r029_c022,AUTO-siret3_r029_c022-R06,23.73,,,,,
row,AUTO-siret3_r029_c022,AUTO-siret3_r029_c022-R07,18.75,,,,,
block,AUTO-siret3_r029_c022,,331.05,129.55,1331.97,249,7,
row,AUTO-siret3_r029_c023,AUTO-siret3_r029_c023-R01,23.6,,,,,
row,AUTO-siret3_r029_c023,AUTO-siret3_r029_c023-R02,31.55,,,,,
row,AUTO-siret3_r029_c023,AUTO-siret3_r029_c023-R03,39.22,,,,,
row,AUTO-siret3_r029_c023,AUTO-siret3_r029_c023-R04,48.17,,,,,
row,AUTO-siret3_r029_c023,AUTO-siret3_r029_c023-R05,55.0,,,,,
row,AUTO-siret3_r029_c023,AUTO-siret3_r029_c023-R06,58.58,,,,,
row,AUTO-siret3_r029_c023,AUTO-siret3_r029_c023-R07,58.72,,,,,
row,AUTO-siret3_r029_c023,AUTO-siret3_r029_c023-R08,58.7,,,,,
row,AUTO-siret3_r029_c023,AUTO-siret3_r029_c023-R09,57.9,,,,,
row,AUTO-siret3_r029_c023,AUTO-siret3_r029_c023-R10,58.7,,,,,
row,AUTO-siret3_r029_c023,AUTO-siret3_r029_c023-R11,52.95,,,,,
row,AUTO-siret3_r029_c023,AUTO-siret3_r029_c023-R12,12.7,,,,,
row,AUTO-siret3_r029_c023,AUTO-siret3_r029_c023-R13,32.2,,,,,
row,AUTO-siret3_r029_c023,AUTO-siret3_r029_c023-R14,23.15,,,,,
row,AUTO-siret3_r029_c023,AUTO-siret3_r029_c023-R15,17.0,,,,,
row,AUTO-siret3_r029_c023,AUTO-siret3_r029_c023-R16,10.15,,,,,
block,AUTO-siret3_r029_c023,,638.3,235.88,1560.42,453,16,
row,AUTO-siret3_r029_c024,AUTO-siret3_r029_c024-R01,14.23,,,,,
row,AUTO-siret3_r029_c024,AUTO-siret3_r029_c024-R02,38.85,,,,,
row,AUTO-siret3_r029_c024,AUTO-siret3_r029_c024-R03,51.1,,,,,
row,AUTO-siret3_r029_c024,AUTO-siret3_r029_c024-R04,51.2,,,,,
row,AUTO-siret3_r029_c024,AUTO-siret3_r029_c024-R05,51.17,,,,,
row,AUTO-siret3_r029_c024,AUTO-siret3_r029_c024-R06,51.17,,,,,
row,AUTO-siret3_r029_c024,AUTO-siret3_r029_c024-R07,51.17,,,,,
row,AUTO-siret3_r029_c024,AUTO-siret3_r029_c024-R08,50.53,,,,,
row,AUTO-siret3_r029_c024,AUTO-siret3_r029_c024-R09,50.6,,,,,
block,AUTO-siret3_r029_c024,,410.02,148.79,1288.31,294,9,
row,AUTO-siret3_r029_c025,AUTO-siret3_r029_c025-R01,19.95,,,,,
row,AUTO-siret3_r029_c025,AUTO-siret3_r029_c025-R02,46.5,,,,,
row,AUTO-siret3_r029_c025,AUTO-siret3_r029_c025-R03,55.85,,,,,
row,AUTO-siret3_r029_c025,AUTO-siret3_r029_c025-R04,56.93,,,,,
row,AUTO-siret3_r029_c025,AUTO-siret3_r029_c025-R05,55.0,,,,,
row,AUTO-siret3_r029_c025,AUTO-siret3_r029_c025-R06,49.87,,,,,
row,AUTO-siret3_r029_c025,AUTO-siret3_r029_c025-R07,38.33,,,,,
row,AUTO-siret3_r029_c025,AUTO-siret3_r029_c025-R08,27.3,,,,,
block,AUTO-siret3_r029_c025,,349.73,112.67,1192.83,217,8,
row,AUTO-siret3_r029_c027,AUTO-siret3_r029_c027-R01,31.1,,,,,
row,AUTO-siret3_r029_c027,AUTO-siret3_r029_c027-R02,34.85,,,,,
row,AUTO-siret3_r029_c027,AUTO-siret3_r029_c027-R03,47.05,,,,,
row,AUTO-siret3_r029_c027,AUTO-siret3_r029_c027-R04,51.3,,,,,
block,AUTO-siret3_r029_c027,,164.3,68.04,446.73,131,4,
row,AUTO-siret3_r029_c028,AUTO-siret3_r029_c028-R01,43.5,,,,,
block,AUTO-siret3_r029_c028,,43.5,18.9,0.0,36,1,
row,AUTO-siret3_r029_c029,AUTO-siret3_r029_c029-R01,7.98,,,,,
row,AUTO-siret3_r029_c029,AUTO-siret3_r029_c029-R02,18.35,,,,,
row,AUTO-siret3_r029_c029,AUTO-siret3_r029_c029-R03,28.65,,,,,
row,AUTO-siret3_r029_c029,AUTO-siret3_r029_c029-R04,30.62,,,,,
row,AUTO-siret3_r029_c029,AUTO-siret3_r029_c029-R05,40.9,,,,,
row,AUTO-siret3_r029_c029,AUTO-siret3_r029_c029-R06,47.23,,,,,
row,AUTO-siret3_r029_c029,AUTO-siret3_r029_c029-R07,50.4,,,,,
row,AUTO-siret3_r029_c029,AUTO-siret3_r029_c029-R08,51.15,,,,,
row,AUTO-siret3_r029_c029,AUTO-siret3_r029_c029-R09,65.02,,,,,
row,AUTO-siret3_r029_c029,AUTO-siret3_r029_c029-R10,68.7,,,,,
row,AUTO-siret3_r029_c029,AUTO-siret3_r029_c029-R11,65.05,,,,,
row,AUTO-siret3_r029_c029,AUTO-siret3_r029_c029-R12,61.15,,,,,
row,AUTO-siret3_r029_c029,AUTO-siret3_r029_c029-R13,56.85,,,,,
row,AUTO-siret3_r029_c029,AUTO-siret3_r029_c029-R14,44.13,,,,,
row,AUTO-siret3_r029_c029,AUTO-siret3_r029_c029-R15,4.62,,,,,
block,AUTO-siret3_r029_c029,,640.8,164.52,1604.78,319,15,
row,AUTO-siret3_r029_c030,AUTO-siret3_r029_c030-R01,16.5,,,,,
row,AUTO-siret3_r029_c030,AUTO-siret3_r029_c030-R02,19.65,,,,,
row,AUTO-siret3_r029_c030,AUTO-siret3_r029_c030-R03,21.75,,,,,
row,AUTO-siret3_r029_c030,AUTO-siret3_r029_c030-R04,31.65,,,,,
row,AUTO-siret3_r029_c030,AUTO-siret3_r029_c030-R05,45.6,,,,,
row,AUTO-siret3_r029_c030,AUTO-siret3_r029_c030-R06,54.33,,,,,
row,AUTO-siret3_r029_c030,AUTO-siret3_r029_c030-R07,59.6,,,,,
row,AUTO-siret3_r029_c030,AUTO-siret3_r029_c030-R08,69.6,,,,,
row,AUTO-siret3_r029_c030,AUTO-siret3_r029_c030-R09,63.85,,,,,
row,AUTO-siret3_r029_c030,AUTO-siret3_r029_c030-R10,57.47,,,,,
row,AUTO-siret3_r029_c030,AUTO-siret3_r029_c030-R11,51.9,,,,,
row,AUTO-siret3_r029_c030,AUTO-siret3_r029_c030-R12,50.13,,,,,
row,AUTO-siret3_r029_c030,AUTO-siret3_r029_c030-R13,36.1,,,,,
row,AUTO-siret3_r029_c030,AUTO-siret3_r029_c030-R14,28.38,,,,,
row,AUTO-siret3_r029_c030,AUTO-siret3_r029_c030-R15,13.02,,,,,
row,AUTO-siret3_r029_c030,AUTO-siret3_r029_c030-R16,6.8,,,,,
block,AUTO-siret3_r029_c030,,626.33,164.21,1833.41,314,16,
row,AUTO-siret3_r029_c031,AUTO-siret3_r029_c031-R01,36.57,,,,,
block,AUTO-siret3_r029_c031,,36.57,15.67,0.0,30,1,
row,AUTO-siret3_r029_c032,AUTO-siret3_r029_c032-R01,29.88,,,,,
row,AUTO-siret3_r029_c032,AUTO-siret3_r029_c032-R02,28.4,,,,,
block,AUTO-siret3_r029_c032,,58.27,12.03,70.89,24,2,
row,AUTO-siret3_r029_c033,AUTO-siret3_r029_c033-R01,42.55,,,,,
row,AUTO-siret3_r029_c033,AUTO-siret3_r029_c033-R02,54.35,,,,,
row,AUTO-siret3_r029_c033,AUTO-siret3_r029_c033-R03,45.88,,,,,
row,AUTO-siret3_r029_c033,AUTO-siret3_r029_c033-R04,39.77,,,,,
row,AUTO-siret3_r029_c033,AUTO-siret3_r029_c033-R05,24.35,,,,,
row,AUTO-siret3_r029_c033,AUTO-siret3_r029_c033-R06,12.25,,,,,
row,AUTO-siret3_r029_c033,AUTO-siret3_r029_c033-R07,11.5,,,,,
block,AUTO-siret3_r029_c033,,230.65,26.14,568.95,60,7,
row,AUTO-siret3_r030_c016,AUTO-siret3_r030_c016-R01,11.5,,,,,
row,AUTO-siret3_r030_c016,AUTO-siret3_r030_c016-R02,17.03,,,,,
row,AUTO-siret3_r030_c016,AUTO-siret3_r030_c016-R03,21.75,,,,,
row,AUTO-siret3_r030_c016,AUTO-siret3_r030_c016-R04,26.25,,,,,
row,AUTO-siret3_r030_c016,AUTO-siret3_r030_c016-R05,37.88,,,,,
row,AUTO-siret3_r030_c016,AUTO-siret3_r030_c016-R06,44.5,,,,,
row,AUTO-siret3_r030_c016,AUTO-siret3_r030_c016-R07,52.3,,,,,
row,AUTO-siret3_r030_c016,AUTO-siret3_r030_c016-R08,57.33,,,,,
row,AUTO-siret3_r030_c016,AUTO-siret3_r030_c016-R09,63.5,,,,,
row,AUTO-siret3_r030_c016,AUTO-siret3_r030_c016-R10,72.07,,,,,
row,AUTO-siret3_r030_c016,AUTO-siret3_r030_c016-R11,56.53,,,,,
block,AUTO-siret3_r030_c016,,460.63,108.24,1102.25,228,11,
row,AUTO-siret3_r030_c018,AUTO-siret3_r030_c018-R01,14.3,,,,,
row,AUTO-siret3_r030_c018,AUTO-siret3_r030_c018-R02,20.4,,,,,
row,AUTO-siret3_r030_c018,AUTO-siret3_r030_c018-R03,38.9,,,,,
row,AUTO-siret3_r030_c018,AUTO-siret3_r030_c018-R04,45.73,,,,,
row,AUTO-siret3_r030_c018,AUTO-siret3_r030_c018-R05,52.28,,,,,
row,AUTO-siret3_r030_c018,AUTO-siret3_r030_c018-R06,59.83,,,,,
row,AUTO-siret3_r030_c018,AUTO-siret3_r030_c018-R07,66.08,,,,,
row,AUTO-siret3_r030_c018,AUTO-siret3_r030_c018-R08,72.25,,,,,
row,AUTO-siret3_r030_c018,AUTO-siret3_r030_c018-R09,60.4,,,,,
row,AUTO-siret3_r030_c018,AUTO-siret3_r030_c018-R10,53.23,,,,,
row,AUTO-siret3_r030_c018,AUTO-siret3_r030_c018-R11,43.35,,,,,
row,AUTO-siret3_r030_c018,AUTO-siret3_r030_c018-R12,36.78,,,,,
row,AUTO-siret3_r030_c018,AUTO-siret3_r030_c018-R13,28.45,,,,,
row,AUTO-siret3_r030_c018,AUTO-siret3_r030_c018-R14,18.28,,,,,
block,AUTO-siret3_r030_c018,,610.23,163.13,1923.12,326,14,
row,AUTO-siret3_r030_c020,AUTO-siret3_r030_c020-R01,18.03,,,,,
row,AUTO-siret3_r030_c020,AUTO-siret3_r030_c020-R02,28.78,,,,,
row,AUTO-siret3_r030_c020,AUTO-siret3_r030_c020-R03,36.8,,,,,
row,AUTO-siret3_r030_c020,AUTO-siret3_r030_c020-R04,42.88,,,,,
row,AUTO-siret3_r030_c020,AUTO-siret3_r030_c020-R05,49.8,,,,,
row,AUTO-siret3_r030_c020,AUTO-siret3_r030_c020-R06,57.05,,,,,
row,AUTO-siret3_r030_c020,AUTO-siret3_r030_c020-R07,65.33,,,,,
row,AUTO-siret3_r030_c020,AUTO-siret3_r030_c020-R08,70.25,,,,,
row,AUTO-siret3_r030_c020,AUTO-siret3_r030_c020-R09,68.35,,,,,
row,AUTO-siret3_r030_c020,AUTO-siret3_r030_c020-R10,58.38,,,,,
row,AUTO-siret3_r030_c020,AUTO-siret3_r030_c020-R11,54.05,,,,,
row,AUTO-siret3_r030_c020,AUTO-siret3_r030_c020-R12,48.05,,,,,
row,AUTO-siret3_r030_c020,AUTO-siret3_r030_c020-R13,36.23,,,,,
row,AUTO-siret3_r030_c020,AUTO-siret3_r030_c020-R14,27.9,,,,,
block,AUTO-siret3_r030_c020,,661.86,164.0,1796.03,342,14,
row,AUTO-siret3_r030_c021,AUTO-siret3_r030_c021-R01,17.67,,,,,
row,AUTO-siret3_r030_c021,AUTO-siret3_r030_c021-R02,66.93,,,,,
row,AUTO-siret3_r030_c021,AUTO-siret3_r030_c021-R03,72.22,,,,,
row,AUTO-siret3_r030_c021,AUTO-siret3_r030_c021-R04,61.22,,,,,
row,AUTO-siret3_r030_c021,AUTO-siret3_r030_c021-R05,56.73,,,,,
row,AUTO-siret3_r030_c021,AUTO-siret3_r030_c021-R06,48.75,,,,,
row,AUTO-siret3_r030_c021,AUTO-siret3_r030_c021-R07,36.5,,,,,
row,AUTO-siret3_r030_c021,AUTO-siret3_r030_c021-R08,28.7,,,,,
row,AUTO-siret3_r030_c021,AUTO-siret3_r030_c021-R09,21.45,,,,,
row,AUTO-siret3_r030_c021,AUTO-siret3_r030_c021-R10,15.7,,,,,
row,AUTO-siret3_r030_c021,AUTO-siret3_r030_c021-R11,10.68,,,,,
block,AUTO-siret3_r030_c021,,436.56,144.81,1578.98,285,11,
row,AUTO-siret3_r030_c023,AUTO-siret3_r030_c023-R01,19.08,,,,,
row,AUTO-siret3_r030_c023,AUTO-siret3_r030_c023-R02,27.93,,,,,
row,AUTO-siret3_r030_c023,AUTO-siret3_r030_c023-R03,19.75,,,,,
row,AUTO-siret3_r030_c023,AUTO-siret3_r030_c023-R04,46.08,,,,,
row,AUTO-siret3_r030_c023,AUTO-siret3_r030_c023-R05,48.78,,,,,
row,AUTO-siret3_r030_c023,AUTO-siret3_r030_c023-R06,69.6,,,,,
row,AUTO-siret3_r030_c023,AUTO-siret3_r030_c023-R07,64.03,,,,,
row,AUTO-siret3_r030_c023,AUTO-siret3_r030_c023-R08,58.17,,,,,
row,AUTO-siret3_r030_c023,AUTO-siret3_r030_c023-R09,48.5,,,,,
row,AUTO-siret3_r030_c023,AUTO-siret3_r030_c023-R10,42.18,,,,,
block,AUTO-siret3_r030_c023,,444.08,148.91,1433.53,295,10,
row,AUTO-siret3_r030_c024,AUTO-siret3_r030_c024-R01,58.72,,,,,
row,AUTO-siret3_r030_c024,AUTO-siret3_r030_c024-R02,58.5,,,,,
row,AUTO-siret3_r030_c024,AUTO-siret3_r030_c024-R03,58.75,,,,,
row,AUTO-siret3_r030_c024,AUTO-siret3_r030_c024-R04,58.78,,,,,
row,AUTO-siret3_r030_c024,AUTO-siret3_r030_c024-R05,56.13,,,,,
row,AUTO-siret3_r030_c024,AUTO-siret3_r030_c024-R06,49.7,,,,,
row,AUTO-siret3_r030_c024,AUTO-siret3_r030_c024-R07,43.0,,,,,
row,AUTO-siret3_r030_c024,AUTO-siret3_r030_c024-R08,33.95,,,,,
row,AUTO-siret3_r030_c024,AUTO-siret3_r030_c024-R09,27.98,,,,,
block,AUTO-siret3_r030_c024,,445.51,184.58,1050.54,358,9,
row,AUTO-siret3_r030_c025,AUTO-siret3_r030_c025-R01,7.13,,,,,
row,AUTO-siret3_r030_c025,AUTO-siret3_r030_c025-R02,9.47,,,,,
row,AUTO-siret3_r030_c025,AUTO-siret3_r030_c025-R03,48.7,,,,,
row,AUTO-siret3_r030_c025,AUTO-siret3_r030_c025-R04,50.77,,,,,
row,AUTO-siret3_r030_c025,AUTO-siret3_r030_c025-R05,51.27,,,,,
row,AUTO-siret3_r030_c025,AUTO-siret3_r030_c025-R06,50.1,,,,,
row,AUTO-siret3_r030_c025,AUTO-siret3_r030_c025-R07,48.8,,,,,
block,AUTO-siret3_r030_c025,,266.25,74.5,810.93,148,7,
row,AUTO-siret3_r030_c026,AUTO-siret3_r030_c026-R01,51.37,,,,,
block,AUTO-siret3_r030_c026,,51.37,23.14,0.0,44,1,
row,AUTO-siret3_r030_c027,AUTO-siret3_r030_c027-R01,45.75,,,,,
row,AUTO-siret3_r030_c027,AUTO-siret3_r030_c027-R02,51.17,,,,,
row,AUTO-siret3_r030_c027,AUTO-siret3_r030_c027-R03,18.32,,,,,
row,AUTO-siret3_r030_c027,AUTO-siret3_r030_c027-R04,26.1,,,,,
block,AUTO-siret3_r030_c027,,141.35,35.71,664.16,70,4,
row,AUTO-siret3_r030_c028,AUTO-siret3_r030_c028-R01,29.47,,,,,
row,AUTO-siret3_r030_c028,AUTO-siret3_r030_c028-R02,42.97,,,,,
row,AUTO-siret3_r030_c028,AUTO-siret3_r030_c028-R03,20.15,,,,,
row,AUTO-siret3_r030_c028,AUTO-siret3_r030_c028-R04,22.7,,,,,
row,AUTO-siret3_r030_c028,AUTO-siret3_r030_c028-R05,17.5,,,,,
block,AUTO-siret3_r030_c028,,132.8,41.87,225.3,82,5,
row,AUTO-siret3_r030_c029,AUTO-siret3_r030_c029-R01,52.87,,,,,
row,AUTO-siret3_r030_c029,AUTO-siret3_r030_c029-R02,40.77,,,,,
row,AUTO-siret3_r030_c029,AUTO-siret3_r030_c029-R03,42.27,,,,,
row,AUTO-siret3_r030_c029,AUTO-siret3_r030_c029-R04,43.13,,,,,
row,AUTO-siret3_r030_c029,AUTO-siret3_r030_c029-R05,35.38,,,,,
row,AUTO-siret3_r030_c029,AUTO-siret3_r030_c029-R06,18.85,,,,,
row,AUTO-siret3_r030_c029,AUTO-siret3_r030_c029-R07,14.1,,,,,
block,AUTO-siret3_r030_c029,,247.38,65.58,510.83,128,7,
row,AUTO-siret3_r030_c030,AUTO-siret3_r030_c030-R01,3.17,,,,,
row,AUTO-siret3_r030_c030,AUTO-siret3_r030_c030-R02,19.48,,,,,
row,AUTO-siret3_r030_c030,AUTO-siret3_r030_c030-R03,32.1,,,,,
row,AUTO-siret3_r030_c030,AUTO-siret3_r030_c030-R04,37.52,,,,,
row,AUTO-siret3_r030_c030,AUTO-siret3_r030_c030-R05,3.4,,,,,
row,AUTO-siret3_r030_c030,AUTO-siret3_r030_c030-R06,3.33,,,,,
row,AUTO-siret3_r030_c030,AUTO-siret3_r030_c030-R07,3.35,,,,,
row,AUTO-siret3_r030_c030,AUTO-siret3_r030_c030-R08,3.82,,,,,
row,AUTO-siret3_r030_c030,AUTO-siret3_r030_c030-R09,3.45,,,,,
row,AUTO-siret3_r030_c030,AUTO-siret3_r030_c030-R10,7.28,,,,,
row,AUTO-siret3_r030_c030,AUTO-siret3_r030_c030-R11,10.45,,,,,
row,AUTO-siret3_r030_c030,AUTO-siret3_r030_c030-R12,12.35,,,,,
row,AUTO-siret3_r030_c030,AUTO-siret3_r030_c030-R13,15.75,,,,,
row,AUTO-siret3_r030_c030,AUTO-siret3_r030_c030-R14,15.37,,,,,
row,AUTO-siret3_r030_c030,AUTO-siret3_r030_c030-R15,11.73,,,,,
block,AUTO-siret3_r030_c030,,182.55,52.08,381.68,100,15,
row,AUTO-siret3_r030_c031,AUTO-siret3_r030_c031-R01,50.9,,,,,
row,AUTO-siret3_r030_c031,AUTO-siret3_r030_c031-R02,48.9,,,,,
row,AUTO-siret3_r030_c031,AUTO-siret3_r030_c031-R03,51.15,,,,,
row,AUTO-siret3_r030_c031,AUTO-siret3_r030_c031-R04,54.1,,,,,
row,AUTO-siret3_r030_c031,AUTO-siret3_r030_c031-R05,53.65,,,,,
row,AUTO-siret3_r030_c031,AUTO-siret3_r030_c031-R06,54.18,,,,,
row,AUTO-siret3_r030_c031,AUTO-siret3_r030_c031-R07,54.2,,,,,
row,AUTO-siret3_r030_c031,AUTO-siret3_r030_c031-R08,54.2,,,,,
row,AUTO-siret3_r030_c031,AUTO-siret3_r030_c031-R09,8.83,,,,,
block,AUTO-siret3_r030_c031,,430.1,129.06,1508.76,259,9,
row,AUTO-siret3_r031_c019,AUTO-siret3_r031_c019-R01,16.95,,,,,
row,AUTO-siret3_r031_c019,AUTO-siret3_r031_c019-R02,22.3,,,,,
row,AUTO-siret3_r031_c019,AUTO-siret3_r031_c019-R03,36.25,,,,,
row,AUTO-siret3_r031_c019,AUTO-siret3_r031_c019-R04,41.68,,,,,
row,AUTO-siret3_r031_c019,AUTO-siret3_r031_c019-R05,49.97,,,,,
row,AUTO-siret3_r031_c019,AUTO-siret3_r031_c019-R06,55.72,,,,,
row,AUTO-siret3_r031_c019,AUTO-siret3_r031_c019-R07,67.12,,,,,
row,AUTO-siret3_r031_c019,AUTO-siret3_r031_c019-R08,71.6,,,,,
row,AUTO-siret3_r031_c019,AUTO-siret3_r031_c019-R09,67.2,,,,,
row,AUTO-siret3_r031_c019,AUTO-siret3_r031_c019-R10,62.25,,,,,
row,AUTO-siret3_r031_c019,AUTO-siret3_r031_c019-R11,47.9,,,,,
row,AUTO-siret3_r031_c019,AUTO-siret3_r031_c019-R12,43.17,,,,,
row,AUTO-siret3_r031_c019,AUTO-siret3_r031_c019-R13,36.1,,,,,
row,AUTO-siret3_r031_c019,AUTO-siret3_r031_c019-R14,28.07,,,,,
block,AUTO-siret3_r031_c019,,646.29,169.59,1822.95,354,14,
row,AUTO-siret3_r031_c020,AUTO-siret3_r031_c020-R01,13.57,,,,,
row,AUTO-siret3_r031_c020,AUTO-siret3_r031_c020-R02,19.58,,,,,
row,AUTO-siret3_r031_c020,AUTO-siret3_r031_c020-R03,30.88,,,,,
row,AUTO-siret3_r031_c020,AUTO-siret3_r031_c020-R04,37.17,,,,,
row,AUTO-siret3_r031_c020,AUTO-siret3_r031_c020-R05,43.48,,,,,
row,AUTO-siret3_r031_c020,AUTO-siret3_r031_c020-R06,53.82,,,,,
row,AUTO-siret3_r031_c020,AUTO-siret3_r031_c020-R07,61.73,,,,,
row,AUTO-siret3_r031_c020,AUTO-siret3_r031_c020-R08,66.93,,,,,
row,AUTO-siret3_r031_c020,AUTO-siret3_r031_c020-R09,69.53,,,,,
row,AUTO-siret3_r031_c020,AUTO-siret3_r031_c020-R10,61.32,,,,,
row,AUTO-siret3_r031_c020,AUTO-siret3_r031_c020-R11,47.5,,,,,
row,AUTO-siret3_r031_c020,AUTO-siret3_r031_c020-R12,36.32,,,,,
row,AUTO-siret3_r031_c020,AUTO-siret3_r031_c020-R13,34.63,,,,,
row,AUTO-siret3_r031_c020,AUTO-siret3_r031_c020-R14,20.25,,,,,
row,AUTO-siret3_r031_c020,AUTO-siret3_r031_c020-R15,11.35,,,,,
row,AUTO-siret3_r031_c020,AUTO-siret3_r031_c020-R16,10.08,,,,,
block,AUTO-siret3_r031_c020,,618.13,94.1,1916.99,206,16,
row,AUTO-siret3_r031_c021,AUTO-siret3_r031_c021-R01,5.58,,,,,
row,AUTO-siret3_r031_c021,AUTO-siret3_r031_c021-R02,16.6,,,,,
row,AUTO-siret3_r031_c021,AUTO-siret3_r031_c021-R03,23.7,,,,,
row,AUTO-siret3_r031_c021,AUTO-siret3_r031_c021-R04,30.33,,,,,
row,AUTO-siret3_r031_c021,AUTO-siret3_r031_c021-R05,37.53,,,,,
row,AUTO-siret3_r031_c021,AUTO-siret3_r031_c021-R06,47.68,,,,,
row,AUTO-siret3_r031_c021,AUTO-siret3_r031_c021-R07,52.88,,,,,
row,AUTO-siret3_r031_c021,AUTO-siret3_r031_c021-R08,57.9,,,,,
row,AUTO-siret3_r031_c021,AUTO-siret3_r031_c021-R09,63.33,,,,,
row,AUTO-siret3_r031_c021,AUTO-siret3_r031_c021-R10,70.05,,,,,
row,AUTO-siret3_r031_c021,AUTO-siret3_r031_c021-R11,62.05,,,,,
row,AUTO-siret3_r031_c021,AUTO-siret3_r031_c021-R12,55.13,,,,,
row,AUTO-siret3_r031_c021,AUTO-siret3_r031_c021-R13,45.27,,,,,
row,AUTO-siret3_r031_c021,AUTO-siret3_r031_c021-R14,38.15,,,,,
row,AUTO-siret3_r031_c021,AUTO-siret3_r031_c021-R15,22.2,,,,,
row,AUTO-siret3_r031_c021,AUTO-siret3_r031_c021-R16,13.15,,,,,
block,AUTO-siret3_r031_c021,,641.51,146.74,1955.47,310,16,
row,AUTO-siret3_r031_c022,AUTO-siret3_r031_c022-R01,15.67,,,,,
row,AUTO-siret3_r031_c022,AUTO-siret3_r031_c022-R02,22.4,,,,,
row,AUTO-siret3_r031_c022,AUTO-siret3_r031_c022-R03,29.47,,,,,
row,AUTO-siret3_r031_c022,AUTO-siret3_r031_c022-R04,35.88,,,,,
row,AUTO-siret3_r031_c022,AUTO-siret3_r031_c022-R05,42.77,,,,,
row,AUTO-siret3_r031_c022,AUTO-siret3_r031_c022-R06,56.3,,,,,
row,AUTO-siret3_r031_c022,AUTO-siret3_r031_c022-R07,64.4,,,,,
row,AUTO-siret3_r031_c022,AUTO-siret3_r031_c022-R08,70.8,,,,,
row,AUTO-siret3_r031_c022,AUTO-siret3_r031_c022-R09,68.85,,,,,
row,AUTO-siret3_r031_c022,AUTO-siret3_r031_c022-R10,63.5,,,,,
row,AUTO-siret3_r031_c022,AUTO-siret3_r031_c022-R11,57.83,,,,,
row,AUTO-siret3_r031_c022,AUTO-siret3_r031_c022-R12,47.33,,,,,
row,AUTO-siret3_r031_c022,AUTO-siret3_r031_c022-R13,42.18,,,,,
row,AUTO-siret3_r031_c022,AUTO-siret3_r031_c022-R14,29.38,,,,,
row,AUTO-siret3_r031_c022,AUTO-siret3_r031_c022-R15,18.2,,,,,
block,AUTO-siret3_r031_c022,,664.95,154.83,1909.72,343,15,
row,AUTO-siret3_r031_c024,AUTO-siret3_r031_c024-R01,17.55,,,,,
row,AUTO-siret3_r031_c024,AUTO-siret3_r031_c024-R02,27.17,,,,,
row,AUTO-siret3_r031_c024,AUTO-siret3_r031_c024-R03,31.67,,,,,
row,AUTO-siret3_r031_c024,AUTO-siret3_r031_c024-R04,36.73,,,,,
row,AUTO-siret3_r031_c024,AUTO-siret3_r031_c024-R05,47.12,,,,,
row,AUTO-siret3_r031_c024,AUTO-siret3_r031_c024-R06,51.0,,,,,
row,AUTO-siret3_r031_c024,AUTO-siret3_r031_c024-R07,48.15,,,,,
row,AUTO-siret3_r031_c024,AUTO-siret3_r031_c024-R08,49.6,,,,,
row,AUTO-siret3_r031_c024,AUTO-siret3_r031_c024-R09,47.8,,,,,
row,AUTO-siret3_r031_c024,AUTO-siret3_r031_c024-R10,67.73,,,,,
row,AUTO-siret3_r031_c024,AUTO-siret3_r031_c024-R11,58.82,,,,,
row,AUTO-siret3_r031_c024,AUTO-siret3_r031_c024-R12,43.17,,,,,
row,AUTO-siret3_r031_c024,AUTO-siret3_r031_c024-R13,39.97,,,,,
row,AUTO-siret3_r031_c024,AUTO-siret3_r031_c024-R14,34.73,,,,,
row,AUTO-siret3_r031_c024,AUTO-siret3_r031_c024-R15,23.93,,,,,
row,AUTO-siret3_r031_c024,AUTO-siret3_r031_c024-R16,18.32,,,,,
row,AUTO-siret3_r031_c024,AUTO-siret3_r031_c024-R17,11.08,,,,,
block,AUTO-siret3_r031_c024,,654.54,164.3,1730.36,337,17,
row,AUTO-siret3_r031_c025,AUTO-siret3_r031_c025-R01,15.93,,,,,
row,AUTO-siret3_r031_c025,AUTO-siret3_r031_c025-R02,23.93,,,,,
row,AUTO-siret3_r031_c025,AUTO-siret3_r031_c025-R03,35.4,,,,,
row,AUTO-siret3_r031_c025,AUTO-siret3_r031_c025-R04,48.92,,,,,
row,AUTO-siret3_r031_c025,AUTO-siret3_r031_c025-R05,52.12,,,,,
row,AUTO-siret3_r031_c025,AUTO-siret3_r031_c025-R06,50.35,,,,,
row,AUTO-siret3_r031_c025,AUTO-siret3_r031_c025-R07,40.2,,,,,
row,AUTO-siret3_r031_c025,AUTO-siret3_r031_c025-R08,27.35,,,,,
row,AUTO-siret3_r031_c025,AUTO-siret3_r031_c025-R09,8.38,,,,,
block,AUTO-siret3_r031_c025,,302.58,111.73,1992.48,218,9,
row,AUTO-siret3_r031_c026,AUTO-siret3_r031_c026-R01,22.25,,,,,
row,AUTO-siret3_r031_c026,AUTO-siret3_r031_c026-R02,38.22,,,,,
row,AUTO-siret3_r031_c026,AUTO-siret3_r031_c026-R03,43.83,,,,,
row,AUTO-siret3_r031_c026,AUTO-siret3_r031_c026-R04,48.1,,,,,
row,AUTO-siret3_r031_c026,AUTO-siret3_r031_c026-R05,59.45,,,,,
row,AUTO-siret3_r031_c026,AUTO-siret3_r031_c026-R06,65.7,,,,,
row,AUTO-siret3_r031_c026,AUTO-siret3_r031_c026-R07,65.97,,,,,
row,AUTO-siret3_r031_c026,AUTO-siret3_r031_c026-R08,50.0,,,,,
row,AUTO-siret3_r031_c026,AUTO-siret3_r031_c026-R09,36.88,,,,,
row,AUTO-siret3_r031_c026,AUTO-siret3_r031_c026-R10,36.05,,,,,
row,AUTO-siret3_r031_c026,AUTO-siret3_r031_c026-R11,24.25,,,,,
row,AUTO-siret3_r031_c026,AUTO-siret3_r031_c026-R12,20.3,,,,,
block,AUTO-siret3_r031_c026,,511.0,123.37,1636.33,254,12,
row,AUTO-siret3_r031_c027,AUTO-siret3_r031_c027-R01,53.4,,,,,
row,AUTO-siret3_r031_c027,AUTO-siret3_r031_c027-R02,53.4,,,,,
row,AUTO-siret3_r031_c027,AUTO-siret3_r031_c027-R03,13.1,,,,,
row,AUTO-siret3_r031_c027,AUTO-siret3_r031_c027-R04,53.22,,,,,
block,AUTO-siret3_r031_c027,,173.13,49.05,294.2,95,4,
row,AUTO-siret3_r031_c028,AUTO-siret3_r031_c028-R01,4.2,,,,,
row,AUTO-siret3_r031_c028,AUTO-siret3_r031_c028-R02,47.1,,,,,
row,AUTO-siret3_r031_c028,AUTO-siret3_r031_c028-R03,6.75,,,,,
block,AUTO-siret3_r031_c028,,58.05,24.97,134.47,48,3,
row,AUTO-siret3_r031_c030,AUTO-siret3_r031_c030-R01,4.18,,,,,
row,AUTO-siret3_r031_c030,AUTO-siret3_r031_c030-R02,16.68,,,,,
row,AUTO-siret3_r031_c030,AUTO-siret3_r031_c030-R03,22.37,,,,,
row,AUTO-siret3_r031_c030,AUTO-siret3_r031_c030-R04,22.55,,,,,
row,AUTO-siret3_r031_c030,AUTO-siret3_r031_c030-R05,47.2,,,,,
row,AUTO-siret3_r031_c030,AUTO-siret3_r031_c030-R06,47.7,,,,,
row,AUTO-siret3_r031_c030,AUTO-siret3_r031_c030-R07,47.63,,,,,
row,AUTO-siret3_r031_c030,AUTO-siret3_r031_c030-R08,49.05,,,,,
block,AUTO-siret3_r031_c030,,257.35,32.62,668.31,66,8,
row,AUTO-siret3_r031_c031,AUTO-siret3_r031_c031-R01,48.73,,,,,
row,AUTO-siret3_r031_c031,AUTO-siret3_r031_c031-R02,52.85,,,,,
row,AUTO-siret3_r031_c031,AUTO-siret3_r031_c031-R03,49.93,,,,,
row,AUTO-siret3_r031_c031,AUTO-siret3_r031_c031-R04,46.32,,,,,
row,AUTO-siret3_r031_c031,AUTO-siret3_r031_c031-R05,17.2,,,,,
row,AUTO-siret3_r031_c031,AUTO-siret3_r031_c031-R06,23.75,,,,,
row,AUTO-siret3_r031_c031,AUTO-siret3_r031_c031-R07,5.45,,,,,
block,AUTO-siret3_r031_c031,,244.23,67.22,685.98,129,7,
row,AUTO-siret3_r032_c018,AUTO-siret3_r032_c018-R01,52.43,,,,,
row,AUTO-siret3_r032_c018,AUTO-siret3_r032_c018-R02,62.92,,,,,
row,AUTO-siret3_r032_c018,AUTO-siret3_r032_c018-R03,72.25,,,,,
row,AUTO-siret3_r032_c018,AUTO-siret3_r032_c018-R04,64.18,,,,,
row,AUTO-siret3_r032_c018,AUTO-siret3_r032_c018-R05,21.95,,,,,
row,AUTO-siret3_r032_c018,AUTO-siret3_r032_c018-R06,17.4,,,,,
block,AUTO-siret3_r032_c018,,291.13,53.13,991.04,107,6,
row,AUTO-siret3_r032_c020,AUTO-siret3_r032_c020-R01,12.43,,,,,
row,AUTO-siret3_r032_c020,AUTO-siret3_r032_c020-R02,21.67,,,,,
row,AUTO-siret3_r032_c020,AUTO-siret3_r032_c020-R03,17.3,,,,,
row,AUTO-siret3_r032_c020,AUTO-siret3_r032_c020-R04,36.63,,,,,
row,AUTO-siret3_r032_c020,AUTO-siret3_r032_c020-R05,35.6,,,,,
row,AUTO-siret3_r032_c020,AUTO-siret3_r032_c020-R06,41.72,,,,,
row,AUTO-siret3_r032_c020,AUTO-siret3_r032_c020-R07,59.97,,,,,
row,AUTO-siret3_r032_c020,AUTO-siret3_r032_c020-R08,68.38,,,,,
row,AUTO-siret3_r032_c020,AUTO-siret3_r032_c020-R09,72.2,,,,,
row,AUTO-siret3_r032_c020,AUTO-siret3_r032_c020-R10,66.25,,,,,
row,AUTO-siret3_r032_c020,AUTO-siret3_r032_c020-R11,58.2,,,,,
row,AUTO-siret3_r032_c020,AUTO-siret3_r032_c020-R12,53.02,,,,,
row,AUTO-siret3_r032_c020,AUTO-siret3_r032_c020-R13,48.6,,,,,
row,AUTO-siret3_r032_c020,AUTO-siret3_r032_c020-R14,32.32,,,,,
row,AUTO-siret3_r032_c020,AUTO-siret3_r032_c020-R15,21.95,,,,,
row,AUTO-siret3_r032_c020,AUTO-siret3_r032_c020-R16,14.68,,,,,
block,AUTO-siret3_r032_c020,,660.92,198.32,1753.88,400,16,
row,AUTO-siret3_r032_c021,AUTO-siret3_r032_c021-R01,20.3,,,,,
row,AUTO-siret3_r032_c021,AUTO-siret3_r032_c021-R02,28.48,,,,,
row,AUTO-siret3_r032_c021,AUTO-siret3_r032_c021-R03,31.3,,,,,
row,AUTO-siret3_r032_c021,AUTO-siret3_r032_c021-R04,41.63,,,,,
row,AUTO-siret3_r032_c021,AUTO-siret3_r032_c021-R05,45.42,,,,,
row,AUTO-siret3_r032_c021,AUTO-siret3_r032_c021-R06,53.8,,,,,
row,AUTO-siret3_r032_c021,AUTO-siret3_r032_c021-R07,59.92,,,,,
row,AUTO-siret3_r032_c021,AUTO-siret3_r032_c021-R08,67.27,,,,,
row,AUTO-siret3_r032_c021,AUTO-siret3_r032_c021-R09,66.65,,,,,
row,AUTO-siret3_r032_c021,AUTO-siret3_r032_c021-R10,59.58,,,,,
row,AUTO-siret3_r032_c021,AUTO-siret3_r032_c021-R11,54.65,,,,,
row,AUTO-siret3_r032_c021,AUTO-siret3_r032_c021-R12,48.83,,,,,
row,AUTO-siret3_r032_c021,AUTO-siret3_r032_c021-R13,41.6,,,,,
row,AUTO-siret3_r032_c021,AUTO-siret3_r032_c021-R14,34.23,,,,,
row,AUTO-siret3_r032_c021,AUTO-siret3_r032_c021-R15,23.3,,,,,
row,AUTO-siret3_r032_c021,AUTO-siret3_r032_c021-R16,18.85,,,,,
row,AUTO-siret3_r032_c021,AUTO-siret3_r032_c021-R17,10.65,,,,,
block,AUTO-siret3_r032_c021,,706.45,179.77,1913.83,386,17,
row,AUTO-siret3_r032_c022,AUTO-siret3_r032_c022-R01,24.13,,,,,
row,AUTO-siret3_r032_c022,AUTO-siret3_r032_c022-R02,29.08,,,,,
row,AUTO-siret3_r032_c022,AUTO-siret3_r032_c022-R03,33.2,,,,,
row,AUTO-siret3_r032_c022,AUTO-siret3_r032_c022-R04,42.25,,,,,
row,AUTO-siret3_r032_c022,AUTO-siret3_r032_c022-R05,48.35,,,,,
row,AUTO-siret3_r032_c022,AUTO-siret3_r032_c022-R06,55.68,,,,,
row,AUTO-siret3_r032_c022,AUTO-siret3_r032_c022-R07,62.08,,,,,
row,AUTO-siret3_r032_c022,AUTO-siret3_r032_c022-R08,67.48,,,,,
row,AUTO-siret3_r032_c022,AUTO-siret3_r032_c022-R09,67.05,,,,,
row,AUTO-siret3_r032_c022,AUTO-siret3_r032_c022-R10,59.13,,,,,
row,AUTO-siret3_r032_c022,AUTO-siret3_r032_c022-R11,52.28,,,,,
row,AUTO-siret3_r032_c022,AUTO-siret3_r032_c022-R12,46.12,,,,,
row,AUTO-siret3_r032_c022,AUTO-siret3_r032_c022-R13,35.65,,,,,
row,AUTO-siret3_r032_c022,AUTO-siret3_r032_c022-R14,27.85,,,,,
block,AUTO-siret3_r032_c022,,650.3,130.46,1755.34,284,14,
row,AUTO-siret3_r032_c023,AUTO-siret3_r032_c023-R01,15.4,,,,,
row,AUTO-siret3_r032_c023,AUTO-siret3_r032_c023-R02,20.77,,,,,
row,AUTO-siret3_r032_c023,AUTO-siret3_r032_c023-R03,32.75,,,,,
row,AUTO-siret3_r032_c023,AUTO-siret3_r032_c023-R04,39.65,,,,,
row,AUTO-siret3_r032_c023,AUTO-siret3_r032_c023-R05,43.52,,,,,
row,AUTO-siret3_r032_c023,AUTO-siret3_r032_c023-R06,56.0,,,,,
row,AUTO-siret3_r032_c023,AUTO-siret3_r032_c023-R07,59.7,,,,,
row,AUTO-siret3_r032_c023,AUTO-siret3_r032_c023-R08,60.67,,,,,
row,AUTO-siret3_r032_c023,AUTO-siret3_r032_c023-R09,53.72,,,,,
row,AUTO-siret3_r032_c023,AUTO-siret3_r032_c023-R10,44.95,,,,,
row,AUTO-siret3_r032_c023,AUTO-siret3_r032_c023-R11,39.5,,,,,
row,AUTO-siret3_r032_c023,AUTO-siret3_r032_c023-R12,33.6,,,,,
row,AUTO-siret3_r032_c023,AUTO-siret3_r032_c023-R13,23.27,,,,,
block,AUTO-siret3_r032_c023,,523.52,100.27,1888.42,220,13,
row,AUTO-siret3_r032_c024,AUTO-siret3_r032_c024-R01,7.12,,,,,
row,AUTO-siret3_r032_c024,AUTO-siret3_r032_c024-R02,12.6,,,,,
row,AUTO-siret3_r032_c024,AUTO-siret3_r032_c024-R03,18.17,,,,,
row,AUTO-siret3_r032_c024,AUTO-siret3_r032_c024-R04,26.3,,,,,
row,AUTO-siret3_r032_c024,AUTO-siret3_r032_c024-R05,32.1,,,,,
row,AUTO-siret3_r032_c024,AUTO-siret3_r032_c024-R06,42.15,,,,,
row,AUTO-siret3_r032_c024,AUTO-siret3_r032_c024-R07,52.35,,,,,
row,AUTO-siret3_r032_c024,AUTO-siret3_r032_c024-R08,62.98,,,,,
row,AUTO-siret3_r032_c024,AUTO-siret3_r032_c024-R09,68.73,,,,,
row,AUTO-siret3_r032_c024,AUTO-siret3_r032_c024-R10,65.27,,,,,
row,AUTO-siret3_r032_c024,AUTO-siret3_r032_c024-R11,61.15,,,,,
row,AUTO-siret3_r032_c024,AUTO-siret3_r032_c024-R12,51.4,,,,,
row,AUTO-siret3_r032_c024,AUTO-siret3_r032_c024-R13,47.08,,,,,
row,AUTO-siret3_r032_c024,AUTO-siret3_r032_c024-R14,41.75,,,,,
block,AUTO-siret3_r032_c024,,589.15,159.74,1698.87,326,14,
row,AUTO-siret3_r032_c025,AUTO-siret3_r032_c025-R01,54.0,,,,,
row,AUTO-siret3_r032_c025,AUTO-siret3_r032_c025-R02,53.97,,,,,
row,AUTO-siret3_r032_c025,AUTO-siret3_r032_c025-R03,54.0,,,,,
row,AUTO-siret3_r032_c025,AUTO-siret3_r032_c025-R04,54.0,,,,,
row,AUTO-siret3_r032_c025,AUTO-siret3_r032_c025-R05,53.92,,,,,
row,AUTO-siret3_r032_c025,AUTO-siret3_r032_c025-R06,50.9,,,,,
row,AUTO-siret3_r032_c025,AUTO-siret3_r032_c025-R07,37.1,,,,,
row,AUTO-siret3_r032_c025,AUTO-siret3_r032_c025-R08,26.28,,,,,
block,AUTO-siret3_r032_c025,,384.17,154.13,1216.5,302,8,
row,AUTO-siret3_r032_c026,AUTO-siret3_r032_c026-R01,54.75,,,,,
row,AUTO-siret3_r032_c026,AUTO-siret3_r032_c026-R02,59.77,,,,,
row,AUTO-siret3_r032_c026,AUTO-siret3_r032_c026-R03,60.0,,,,,
row,AUTO-siret3_r032_c026,AUTO-siret3_r032_c026-R04,60.0,,,,,
row,AUTO-siret3_r032_c026,AUTO-siret3_r032_c026-R05,59.93,,,,,
row,AUTO-siret3_r032_c026,AUTO-siret3_r032_c026-R06,41.85,,,,,
row,AUTO-siret3_r032_c026,AUTO-siret3_r032_c026-R07,8.38,,,,,
block,AUTO-siret3_r032_c026,,344.67,66.92,1372.88,131,7,
row,AUTO-siret3_r032_c027,AUTO-siret3_r032_c027-R01,21.15,,,,,
row,AUTO-siret3_r032_c027,AUTO-siret3_r032_c027-R02,24.2,,,,,
row,AUTO-siret3_r032_c027,AUTO-siret3_r032_c027-R03,28.05,,,,,
row,AUTO-siret3_r032_c027,AUTO-siret3_r032_c027-R04,68.4,,,,,
row,AUTO-siret3_r032_c027,AUTO-siret3_r032_c027-R05,49.65,,,,,
row,AUTO-siret3_r032_c027,AUTO-siret3_r032_c027-R06,44.17,,,,,
row,AUTO-siret3_r032_c027,AUTO-siret3_r032_c027-R07,29.8,,,,,
row,AUTO-siret3_r032_c027,AUTO-siret3_r032_c027-R08,28.3,,,,,
row,AUTO-siret3_r032_c027,AUTO-siret3_r032_c027-R09,27.1,,,,,
row,AUTO-siret3_r032_c027,AUTO-siret3_r032_c027-R10,24.75,,,,,
block,AUTO-siret3_r032_c027,,345.58,98.74,950.95,208,10,
row,AUTO-siret3_r032_c028,AUTO-siret3_r032_c028-R01,6.18,,,,,
row,AUTO-siret3_r032_c028,AUTO-siret3_r032_c028-R02,19.55,,,,,
row,AUTO-siret3_r032_c028,AUTO-siret3_r032_c028-R03,28.5,,,,,
row,AUTO-siret3_r032_c028,AUTO-siret3_r032_c028-R04,41.8,,,,,
row,AUTO-siret3_r032_c028,AUTO-siret3_r032_c028-R05,50.8,,,,,
row,AUTO-siret3_r032_c028,AUTO-siret3_r032_c028-R06,55.12,,,,,
row,AUTO-siret3_r032_c028,AUTO-siret3_r032_c028-R07,54.45,,,,,
row,AUTO-siret3_r032_c028,AUTO-siret3_r032_c028-R08,54.75,,,,,
row,AUTO-siret3_r032_c028,AUTO-siret3_r032_c028-R09,54.55,,,,,
row,AUTO-siret3_r032_c028,AUTO-siret3_r032_c028-R10,54.45,,,,,
row,AUTO-siret3_r032_c028,AUTO-siret3_r032_c028-R11,54.43,,,,,
row,AUTO-siret3_r032_c028,AUTO-siret3_r032_c028-R12,51.8,,,,,
block,AUTO-siret3_r032_c028,,526.37,140.6,1532.36,311,12,
row,AUTO-siret3_r032_c029,AUTO-siret3_r032_c029-R01,16.08,,,,,
row,AUTO-siret3_r032_c029,AUTO-siret3_r032_c029-R02,6.65,,,,,
row,AUTO-siret3_r032_c029,AUTO-siret3_r032_c029-R03,51.13,,,,,
row,AUTO-siret3_r032_c029,AUTO-siret3_r032_c029-R04,51.2,,,,,
row,AUTO-siret3_r032_c029,AUTO-siret3_r032_c029-R05,44.87,,,,,
row,AUTO-siret3_r032_c029,AUTO-siret3_r032_c029-R06,29.18,,,,,
row,AUTO-siret3_r032_c029,AUTO-siret3_r032_c029-R07,17.8,,,,,
row,AUTO-siret3_r032_c029,AUTO-siret3_r032_c029-R08,51.23,,,,,
row,AUTO-siret3_r032_c029,AUTO-siret3_r032_c029-R09,51.22,,,,,
row,AUTO-siret3_r032_c029,AUTO-siret3_r032_c029-R10,50.9,,,,,
block,AUTO-siret3_r032_c029,,370.26,86.46,1071.78,170,10,
row,AUTO-siret3_r032_c030,AUTO-siret3_r032_c030-R01,32.05,,,,,
row,AUTO-siret3_r032_c030,AUTO-siret3_r032_c030-R02,30.7,,,,,
row,AUTO-siret3_r032_c030,AUTO-siret3_r032_c030-R03,35.05,,,,,
row,AUTO-siret3_r032_c030,AUTO-siret3_r032_c030-R04,44.7,,,,,
row,AUTO-siret3_r032_c030,AUTO-siret3_r032_c030-R05,53.5,,,,,
row,AUTO-siret3_r032_c030,AUTO-siret3_r032_c030-R06,53.53,,,,,
block,AUTO-siret3_r032_c030,,249.53,98.06,1029.1,187,6,
row,AUTO-siret3_r033_c018,AUTO-siret3_r033_c018-R01,44.48,,,,,
block,AUTO-siret3_r033_c018,,44.48,20.02,0.0,38,1,
row,AUTO-siret3_r033_c021,AUTO-siret3_r033_c021-R01,45.17,,,,,
row,AUTO-siret3_r033_c021,AUTO-siret3_r033_c021-R02,57.33,,,,,
row,AUTO-siret3_r033_c021,AUTO-siret3_r033_c021-R03,66.03,,,,,
row,AUTO-siret3_r033_c021,AUTO-siret3_r033_c021-R04,70.65,,,,,
row,AUTO-siret3_r033_c021,AUTO-siret3_r033_c021-R05,64.37,,,,,
row,AUTO-siret3_r033_c021,AUTO-siret3_r033_c021-R06,57.85,,,,,
row,AUTO-siret3_r033_c021,AUTO-siret3_r033_c021-R07,41.27,,,,,
row,AUTO-siret3_r033_c021,AUTO-siret3_r033_c021-R08,34.48,,,,,
row,AUTO-siret3_r033_c021,AUTO-siret3_r033_c021-R09,27.58,,,,,
row,AUTO-siret3_r033_c021,AUTO-siret3_r033_c021-R10,13.03,,,,,
block,AUTO-siret3_r033_c021,,477.75,167.48,1592.74,330,10,
row,AUTO-siret3_r033_c022,AUTO-siret3_r033_c022-R01,13.93,,,,,
row,AUTO-siret3_r033_c022,AUTO-siret3_r033_c022-R02,21.37,,,,,
row,AUTO-siret3_r033_c022,AUTO-siret3_r033_c022-R03,27.92,,,,,
row,AUTO-siret3_r033_c022,AUTO-siret3_r033_c022-R04,32.27,,,,,
row,AUTO-siret3_r033_c022,AUTO-siret3_r033_c022-R05,43.12,,,,,
row,AUTO-siret3_r033_c022,AUTO-siret3_r033_c022-R06,47.73,,,,,
row,AUTO-siret3_r033_c022,AUTO-siret3_r033_c022-R07,61.57,,,,,
row,AUTO-siret3_r033_c022,AUTO-siret3_r033_c022-R08,69.82,,,,,
row,AUTO-siret3_r033_c022,AUTO-siret3_r033_c022-R09,62.48,,,,,
row,AUTO-siret3_r033_c022,AUTO-siret3_r033_c022-R10,56.7,,,,,
row,AUTO-siret3_r033_c022,AUTO-siret3_r033_c022-R11,51.25,,,,,
row,AUTO-siret3_r033_c022,AUTO-siret3_r033_c022-R12,39.58,,,,,
row,AUTO-siret3_r033_c022,AUTO-siret3_r033_c022-R13,33.75,,,,,
row,AUTO-siret3_r033_c022,AUTO-siret3_r033_c022-R14,10.8,,,,,
row,AUTO-siret3_r033_c022,AUTO-siret3_r033_c022-R15,14.18,,,,,
row,AUTO-siret3_r033_c022,AUTO-siret3_r033_c022-R16,10.25,,,,,
block,AUTO-siret3_r033_c022,,596.72,110.42,1872.24,231,16,
row,AUTO-siret3_r033_c023,AUTO-siret3_r033_c023-R01,8.88,,,,,
row,AUTO-siret3_r033_c023,AUTO-siret3_r033_c023-R02,17.2,,,,,
row,AUTO-siret3_r033_c023,AUTO-siret3_r033_c023-R03,24.52,,,,,
row,AUTO-siret3_r033_c023,AUTO-siret3_r033_c023-R04,35.42,,,,,
row,AUTO-siret3_r033_c023,AUTO-siret3_r033_c023-R05,40.7,,,,,
row,AUTO-siret3_r033_c023,AUTO-siret3_r033_c023-R06,59.88,,,,,
row,AUTO-siret3_r033_c023,AUTO-siret3_r033_c023-R07,68.28,,,,,
row,AUTO-siret3_r033_c023,AUTO-siret3_r033_c023-R08,68.73,,,,,
row,AUTO-siret3_r033_c023,AUTO-siret3_r033_c023-R09,63.98,,,,,
row,AUTO-siret3_r033_c023,AUTO-siret3_r033_c023-R10,52.05,,,,,
row,AUTO-siret3_r033_c023,AUTO-siret3_r033_c023-R11,42.57,,,,,
row,AUTO-siret3_r033_c023,AUTO-siret3_r033_c023-R12,40.3,,,,,
row,AUTO-siret3_r033_c023,AUTO-siret3_r033_c023-R13,27.4,,,,,
row,AUTO-siret3_r033_c023,AUTO-siret3_r033_c023-R14,23.67,,,,,
row,AUTO-siret3_r033_c023,AUTO-siret3_r033_c023-R15,9.0,,,,,
block,AUTO-siret3_r033_c023,,582.58,142.26,1917.41,294,15,
row,AUTO-siret3_r033_c024,AUTO-siret3_r033_c024-R01,51.2,,,,,
row,AUTO-siret3_r033_c024,AUTO-siret3_r033_c024-R02,48.0,,,,,
row,AUTO-siret3_r033_c024,AUTO-siret3_r033_c024-R03,50.85,,,,,
row,AUTO-siret3_r033_c024,AUTO-siret3_r033_c024-R04,51.2,,,,,
row,AUTO-siret3_r033_c024,AUTO-siret3_r033_c024-R05,51.17,,,,,
row,AUTO-siret3_r033_c024,AUTO-siret3_r033_c024-R06,51.17,,,,,
row,AUTO-siret3_r033_c024,AUTO-siret3_r033_c024-R07,50.32,,,,,
row,AUTO-siret3_r033_c024,AUTO-siret3_r033_c024-R08,47.68,,,,,
row,AUTO-siret3_r033_c024,AUTO-siret3_r033_c024-R09,43.9,,,,,
row,AUTO-siret3_r033_c024,AUTO-siret3_r033_c024-R10,51.2,,,,,
row,AUTO-siret3_r033_c024,AUTO-siret3_r033_c024-R11,51.18,,,,,
row,AUTO-siret3_r033_c024,AUTO-siret3_r033_c024-R12,51.2,,,,,
block,AUTO-siret3_r033_c024,,599.07,150.69,2071.66,327,12,
row,AUTO-siret3_r033_c025,AUTO-siret3_r033_c025-R01,15.6,,,,,
row,AUTO-siret3_r033_c025,AUTO-siret3_r033_c025-R02,32.23,,,,,
row,AUTO-siret3_r033_c025,AUTO-siret3_r033_c025-R03,30.75,,,,,
row,AUTO-siret3_r033_c025,AUTO-siret3_r033_c025-R04,37.57,,,,,
row,AUTO-siret3_r033_c025,AUTO-siret3_r033_c025-R05,56.02,,,,,
row,AUTO-siret3_r033_c025,AUTO-siret3_r033_c025-R06,55.3,,,,,
row,AUTO-siret3_r033_c025,AUTO-siret3_r033_c025-R07,51.47,,,,,
row,AUTO-siret3_r033_c025,AUTO-siret3_r033_c025-R08,35.07,,,,,
row,AUTO-siret3_r033_c025,AUTO-siret3_r033_c025-R09,32.57,,,,,
row,AUTO-siret3_r033_c025,AUTO-siret3_r033_c025-R10,26.17,,,,,
row,AUTO-siret3_r033_c025,AUTO-siret3_r033_c025-R11,18.05,,,,,
row,AUTO-siret3_r033_c025,AUTO-siret3_r033_c025-R12,14.6,,,,,
row,AUTO-siret3_r033_c025,AUTO-siret3_r033_c025-R13,6.57,,,,,
block,AUTO-siret3_r033_c025,,411.99,127.73,1512.13,259,13,
row,AUTO-siret3_r033_c026,AUTO-siret3_r033_c026-R01,51.35,,,,,
row,AUTO-siret3_r033_c026,AUTO-siret3_r033_c026-R02,51.35,,,,,
row,AUTO-siret3_r033_c026,AUTO-siret3_r033_c026-R03,51.33,,,,,
row,AUTO-siret3_r033_c026,AUTO-siret3_r033_c026-R04,51.33,,,,,
row,AUTO-siret3_r033_c026,AUTO-siret3_r033_c026-R05,33.88,,,,,
row,AUTO-siret3_r033_c026,AUTO-siret3_r033_c026-R06,44.67,,,,,
row,AUTO-siret3_r033_c026,AUTO-siret3_r033_c026-R07,37.95,,,,,
row,AUTO-siret3_r033_c026,AUTO-siret3_r033_c026-R08,29.62,,,,,
row,AUTO-siret3_r033_c026,AUTO-siret3_r033_c026-R09,32.25,,,,,
row,AUTO-siret3_r033_c026,AUTO-siret3_r033_c026-R10,28.38,,,,,
row,AUTO-siret3_r033_c026,AUTO-siret3_r033_c026-R11,34.57,,,,,
row,AUTO-siret3_r033_c026,AUTO-siret3_r033_c026-R12,42.2,,,,,
row,AUTO-siret3_r033_c026,AUTO-siret3_r033_c026-R13,31.25,,,,,
block,AUTO-siret3_r033_c026,,520.13,140.06,1440.19,278,13,
row,AUTO-siret3_r033_c027,AUTO-siret3_r033_c027-R01,20.55,,,,,
row,AUTO-siret3_r033_c027,AUTO-siret3_r033_c027-R02,33.83,,,,,
row,AUTO-siret3_r033_c027,AUTO-siret3_r033_c027-R03,40.23,,,,,
row,AUTO-siret3_r033_c027,AUTO-siret3_r033_c027-R04,49.27,,,,,
row,AUTO-siret3_r033_c027,AUTO-siret3_r033_c027-R05,53.12,,,,,
row,AUTO-siret3_r033_c027,AUTO-siret3_r033_c027-R06,57.0,,,,,
row,AUTO-siret3_r033_c027,AUTO-siret3_r033_c027-R07,69.9,,,,,
row,AUTO-siret3_r033_c027,AUTO-siret3_r033_c027-R08,59.9,,,,,
row,AUTO-siret3_r033_c027,AUTO-siret3_r033_c027-R09,46.85,,,,,
row,AUTO-siret3_r033_c027,AUTO-siret3_r033_c027-R10,39.42,,,,,
row,AUTO-siret3_r033_c027,AUTO-siret3_r033_c027-R11,31.52,,,,,
row,AUTO-siret3_r033_c027,AUTO-siret3_r033_c027-R12,23.38,,,,,
row,AUTO-siret3_r033_c027,AUTO-siret3_r033_c027-R13,17.5,,,,,
block,AUTO-siret3_r033_c027,,542.47,119.48,1803.39,249,13,
row,AUTO-siret3_r033_c028,AUTO-siret3_r033_c028-R01,9.08,,,,,
row,AUTO-siret3_r033_c028,AUTO-siret3_r033_c028-R02,18.4,,,,,
row,AUTO-siret3_r033_c028,AUTO-siret3_r033_c028-R03,27.6,,,,,
row,AUTO-siret3_r033_c028,AUTO-siret3_r033_c028-R04,35.98,,,,,
row,AUTO-siret3_r033_c028,AUTO-siret3_r033_c028-R05,42.45,,,,,
row,AUTO-siret3_r033_c028,AUTO-siret3_r033_c028-R06,53.1,,,,,
row,AUTO-siret3_r033_c028,AUTO-siret3_r033_c028-R07,63.62,,,,,
row,AUTO-siret3_r033_c028,AUTO-siret3_r033_c028-R08,66.85,,,,,
row,AUTO-siret3_r033_c028,AUTO-siret3_r033_c028-R09,65.67,,,,,
row,AUTO-siret3_r033_c028,AUTO-siret3_r033_c028-R10,62.27,,,,,
row,AUTO-siret3_r033_c028,AUTO-siret3_r033_c028-R11,53.67,,,,,
row,AUTO-siret3_r033_c028,AUTO-siret3_r033_c028-R12,48.55,,,,,
row,AUTO-siret3_r033_c028,AUTO-siret3_r033_c028-R13,38.25,,,,,
row,AUTO-siret3_r033_c028,AUTO-siret3_r033_c028-R14,27.45,,,,,
row,AUTO-siret3_r033_c028,AUTO-siret3_r033_c028-R15,15.5,,,,,
row,AUTO-siret3_r033_c028,AUTO-siret3_r033_c028-R16,11.33,,,,,
block,AUTO-siret3_r033_c028,,639.77,130.64,1925.96,278,16,
row,AUTO-siret3_r033_c029,AUTO-siret3_r033_c029-R01,8.7,,,,,
row,AUTO-siret3_r033_c029,AUTO-siret3_r033_c029-R02,54.48,,,,,
row,AUTO-siret3_r033_c029,AUTO-siret3_r033_c029-R03,70.08,,,,,
row,AUTO-siret3_r033_c029,AUTO-siret3_r033_c029-R04,61.7,,,,,
row,AUTO-siret3_r033_c029,AUTO-siret3_r033_c029-R05,56.45,,,,,
row,AUTO-siret3_r033_c029,AUTO-siret3_r033_c029-R06,51.02,,,,,
row,AUTO-siret3_r033_c029,AUTO-siret3_r033_c029-R07,45.03,,,,,
row,AUTO-siret3_r033_c029,AUTO-siret3_r033_c029-R08,25.95,,,,,
row,AUTO-siret3_r033_c029,AUTO-siret3_r033_c029-R09,20.6,,,,,
row,AUTO-siret3_r033_c029,AUTO-siret3_r033_c029-R10,11.8,,,,,
block,AUTO-siret3_r033_c029,,405.81,101.53,1418.86,207,10,
row,AUTO-siret3_r033_c030,AUTO-siret3_r033_c030-R01,10.95,,,,,
row,AUTO-siret3_r033_c030,AUTO-siret3_r033_c030-R02,22.57,,,,,
row,AUTO-siret3_r033_c030,AUTO-siret3_r033_c030-R03,15.85,,,,,
block,AUTO-siret3_r033_c030,,49.37,22.21,134.7,42,3,
row,AUTO-siret3_r034_c019,AUTO-siret3_r034_c019-R01,7.95,,,,,
row,AUTO-siret3_r034_c019,AUTO-siret3_r034_c019-R02,14.4,,,,,
row,AUTO-siret3_r034_c019,AUTO-siret3_r034_c019-R03,31.1,,,,,
row,AUTO-siret3_r034_c019,AUTO-siret3_r034_c019-R04,42.62,,,,,
row,AUTO-siret3_r034_c019,AUTO-siret3_r034_c019-R05,50.08,,,,,
row,AUTO-siret3_r034_c019,AUTO-siret3_r034_c019-R06,55.4,,,,,
row,AUTO-siret3_r034_c019,AUTO-siret3_r034_c019-R07,61.85,,,,,
row,AUTO-siret3_r034_c019,AUTO-siret3_r034_c019-R08,55.95,,,,,
row,AUTO-siret3_r034_c019,AUTO-siret3_r034_c019-R09,14.0,,,,,
block,AUTO-siret3_r034_c019,,333.35,133.14,839.79,254,9,
row,AUTO-siret3_r034_c022,AUTO-siret3_r034_c022-R01,9.97,,,,,
row,AUTO-siret3_r034_c022,AUTO-siret3_r034_c022-R02,19.1,,,,,
row,AUTO-siret3_r034_c022,AUTO-siret3_r034_c022-R03,28.48,,,,,
row,AUTO-siret3_r034_c022,AUTO-siret3_r034_c022-R04,36.52,,,,,
row,AUTO-siret3_r034_c022,AUTO-siret3_r034_c022-R05,45.8,,,,,
row,AUTO-siret3_r034_c022,AUTO-siret3_r034_c022-R06,56.2,,,,,
row,AUTO-siret3_r034_c022,AUTO-siret3_r034_c022-R07,61.25,,,,,
row,AUTO-siret3_r034_c022,AUTO-siret3_r034_c022-R08,67.3,,,,,
row,AUTO-siret3_r034_c022,AUTO-siret3_r034_c022-R09,56.68,,,,,
row,AUTO-siret3_r034_c022,AUTO-siret3_r034_c022-R10,50.98,,,,,
row,AUTO-siret3_r034_c022,AUTO-siret3_r034_c022-R11,43.77,,,,,
row,AUTO-siret3_r034_c022,AUTO-siret3_r034_c022-R12,39.5,,,,,
row,AUTO-siret3_r034_c022,AUTO-siret3_r034_c022-R13,34.9,,,,,
row,AUTO-siret3_r034_c022,AUTO-siret3_r034_c022-R14,23.9,,,,,
block,AUTO-siret3_r034_c022,,574.35,158.61,1854.67,324,14,
row,AUTO-siret3_r034_c023,AUTO-siret3_r034_c023-R01,24.43,,,,,
row,AUTO-siret3_r034_c023,AUTO-siret3_r034_c023-R02,35.63,,,,,
row,AUTO-siret3_r034_c023,AUTO-siret3_r034_c023-R03,41.97,,,,,
row,AUTO-siret3_r034_c023,AUTO-siret3_r034_c023-R04,46.6,,,,,
row,AUTO-siret3_r034_c023,AUTO-siret3_r034_c023-R05,53.92,,,,,
row,AUTO-siret3_r034_c023,AUTO-siret3_r034_c023-R06,61.7,,,,,
row,AUTO-siret3_r034_c023,AUTO-siret3_r034_c023-R07,68.45,,,,,
row,AUTO-siret3_r034_c023,AUTO-siret3_r034_c023-R08,71.5,,,,,
row,AUTO-siret3_r034_c023,AUTO-siret3_r034_c023-R09,64.28,,,,,
row,AUTO-siret3_r034_c023,AUTO-siret3_r034_c023-R10,60.0,,,,,
row,AUTO-siret3_r034_c023,AUTO-siret3_r034_c023-R11,53.05,,,,,
row,AUTO-siret3_r034_c023,AUTO-siret3_r034_c023-R12,44.33,,,,,
row,AUTO-siret3_r034_c023,AUTO-siret3_r034_c023-R13,34.45,,,,,
row,AUTO-siret3_r034_c023,AUTO-siret3_r034_c023-R14,30.38,,,,,
block,AUTO-siret3_r034_c023,,690.68,176.44,1702.75,359,14,
row,AUTO-siret3_r034_c024,AUTO-siret3_r034_c024-R01,7.97,,,,,
row,AUTO-siret3_r034_c024,AUTO-siret3_r034_c024-R02,18.55,,,,,
row,AUTO-siret3_r034_c024,AUTO-siret3_r034_c024-R03,23.4,,,,,
row,AUTO-siret3_r034_c024,AUTO-siret3_r034_c024-R04,34.02,,,,,
row,AUTO-siret3_r034_c024,AUTO-siret3_r034_c024-R05,40.65,,,,,
row,AUTO-siret3_r034_c024,AUTO-siret3_r034_c024-R06,47.63,,,,,
row,AUTO-siret3_r034_c024,AUTO-siret3_r034_c024-R07,61.87,,,,,
row,AUTO-siret3_r034_c024,AUTO-siret3_r034_c024-R08,66.87,,,,,
row,AUTO-siret3_r034_c024,AUTO-siret3_r034_c024-R09,56.92,,,,,
row,AUTO-siret3_r034_c024,AUTO-siret3_r034_c024-R10,53.33,,,,,
row,AUTO-siret3_r034_c024,AUTO-siret3_r034_c024-R11,44.15,,,,,
row,AUTO-siret3_r034_c024,AUTO-siret3_r034_c024-R12,36.8,,,,,
row,AUTO-siret3_r034_c024,AUTO-siret3_r034_c024-R13,25.42,,,,,
block,AUTO-siret3_r034_c024,,517.6,124.42,1871.86,261,13,
row,AUTO-siret3_r034_c025,AUTO-siret3_r034_c025-R01,35.67,,,,,
row,AUTO-siret3_r034_c025,AUTO-siret3_r034_c025-R02,26.38,,,,,
row,AUTO-siret3_r034_c025,AUTO-siret3_r034_c025-R03,36.65,,,,,
row,AUTO-siret3_r034_c025,AUTO-siret3_r034_c025-R04,20.87,,,,,
row,AUTO-siret3_r034_c025,AUTO-siret3_r034_c025-R05,51.2,,,,,
row,AUTO-siret3_r034_c025,AUTO-siret3_r034_c025-R06,51.2,,,,,
row,AUTO-siret3_r034_c025,AUTO-siret3_r034_c025-R07,51.18,,,,,
block,AUTO-siret3_r034_c025,,273.15,73.98,866.81,149,7,
row,AUTO-siret3_r034_c026,AUTO-siret3_r034_c026-R01,12.68,,,,,
row,AUTO-siret3_r034_c026,AUTO-siret3_r034_c026-R02,21.15,,,,,
row,AUTO-siret3_r034_c026,AUTO-siret3_r034_c026-R03,27.45,,,,,
row,AUTO-siret3_r034_c026,AUTO-siret3_r034_c026-R04,26.97,,,,,
row,AUTO-siret3_r034_c026,AUTO-siret3_r034_c026-R05,22.2,,,,,
row,AUTO-siret3_r034_c026,AUTO-siret3_r034_c026-R06,35.65,,,,,
row,AUTO-siret3_r034_c026,AUTO-siret3_r034_c026-R07,33.9,,,,,
row,AUTO-siret3_r034_c026,AUTO-siret3_r034_c026-R08,42.52,,,,,
row,AUTO-siret3_r034_c026,AUTO-siret3_r034_c026-R09,49.27,,,,,
row,AUTO-siret3_r034_c026,AUTO-siret3_r034_c026-R10,47.57,,,,,
row,AUTO-siret3_r034_c026,AUTO-siret3_r034_c026-R11,31.7,,,,,
row,AUTO-siret3_r034_c026,AUTO-siret3_r034_c026-R12,28.55,,,,,
row,AUTO-siret3_r034_c026,AUTO-siret3_r034_c026-R13,21.62,,,,,
block,AUTO-siret3_r034_c026,,401.25,70.33,1397.38,152,13,
row,AUTO-siret3_r034_c027,AUTO-siret3_r034_c027-R01,13.4,,,,,
row,AUTO-siret3_r034_c027,AUTO-siret3_r034_c027-R02,23.62,,,,,
row,AUTO-siret3_r034_c027,AUTO-siret3_r034_c027-R03,29.25,,,,,
row,AUTO-siret3_r034_c027,AUTO-siret3_r034_c027-R04,40.35,,,,,
row,AUTO-siret3_r034_c027,AUTO-siret3_r034_c027-R05,45.15,,,,,
row,AUTO-siret3_r034_c027,AUTO-siret3_r034_c027-R06,55.98,,,,,
row,AUTO-siret3_r034_c027,AUTO-siret3_r034_c027-R07,70.6,,,,,
row,AUTO-siret3_r034_c027,AUTO-siret3_r034_c027-R08,68.87,,,,,
row,AUTO-siret3_r034_c027,AUTO-siret3_r034_c027-R09,63.05,,,,,
row,AUTO-siret3_r034_c027,AUTO-siret3_r034_c027-R10,55.8,,,,,
row,AUTO-siret3_r034_c027,AUTO-siret3_r034_c027-R11,50.18,,,,,
row,AUTO-siret3_r034_c027,AUTO-siret3_r034_c027-R12,44.07,,,,,
block,AUTO-siret3_r034_c027,,560.32,144.79,1566.09,292,12,
row,AUTO-siret3_r034_c028,AUTO-siret3_r034_c028-R01,21.12,,,,,
row,AUTO-siret3_r034_c028,AUTO-siret3_r034_c028-R02,42.62,,,,,
row,AUTO-siret3_r034_c028,AUTO-siret3_r034_c028-R03,46.87,,,,,
row,AUTO-siret3_r034_c028,AUTO-siret3_r034_c028-R04,57.7,,,,,
row,AUTO-siret3_r034_c028,AUTO-siret3_r034_c028-R05,70.05,,,,,
row,AUTO-siret3_r034_c028,AUTO-siret3_r034_c028-R06,68.43,,,,,
row,AUTO-siret3_r034_c028,AUTO-siret3_r034_c028-R07,63.1,,,,,
row,AUTO-siret3_r034_c028,AUTO-siret3_r034_c028-R08,52.43,,,,,
row,AUTO-siret3_r034_c028,AUTO-siret3_r034_c028-R09,45.58,,,,,
row,AUTO-siret3_r034_c028,AUTO-siret3_r034_c028-R10,35.45,,,,,
row,AUTO-siret3_r034_c028,AUTO-siret3_r034_c028-R11,27.1,,,,,
row,AUTO-siret3_r034_c028,AUTO-siret3_r034_c028-R12,22.13,,,,,
row,AUTO-siret3_r034_c028,AUTO-siret3_r034_c028-R13,17.75,,,,,
row,AUTO-siret3_r034_c028,AUTO-siret3_r034_c028-R14,10.63,,,,,
block,AUTO-siret3_r034_c028,,580.96,180.64,1744.77,356,14,
row,AUTO-siret3_r034_c029,AUTO-siret3_r034_c029-R01,7.7,,,,,
row,AUTO-siret3_r034_c029,AUTO-siret3_r034_c029-R02,33.3,,,,,
row,AUTO-siret3_r034_c029,AUTO-siret3_r034_c029-R03,24.25,,,,,
row,AUTO-siret3_r034_c029,AUTO-siret3_r034_c029-R04,10.35,,,,,
block,AUTO-siret3_r034_c029,,75.6,32.52,214.19,63,4,
row,AUTO-siret3_r035_c020,AUTO-siret3_r035_c020-R01,20.55,,,,,
row,AUTO-siret3_r035_c020,AUTO-siret3_r035_c020-R02,26.0,,,,,
row,AUTO-siret3_r035_c020,AUTO-siret3_r035_c020-R03,37.5,,,,,
row,AUTO-siret3_r035_c020,AUTO-siret3_r035_c020-R04,40.38,,,,,
row,AUTO-siret3_r035_c020,AUTO-siret3_r035_c020-R05,56.4,,,,,
row,AUTO-siret3_r035_c020,AUTO-siret3_r035_c020-R06,66.5,,,,,
row,AUTO-siret3_r035_c020,AUTO-siret3_r035_c020-R07,65.27,,,,,
block,AUTO-siret3_r035_c020,,312.6,102.59,980.83,203,7,
row,AUTO-siret3_r035_c021,AUTO-siret3_r035_c021-R01,12.5,,,,,
row,AUTO-siret3_r035_c021,AUTO-siret3_r035_c021-R02,30.33,,,,,
row,AUTO-siret3_r035_c021,AUTO-siret3_r035_c021-R03,35.58,,,,,
row,AUTO-siret3_r035_c021,AUTO-siret3_r035_c021-R04,43.47,,,,,
row,AUTO-siret3_r035_c021,AUTO-siret3_r035_c021-R05,48.03,,,,,
row,AUTO-siret3_r035_c021,AUTO-siret3_r035_c021-R06,61.25,,,,,
row,AUTO-siret3_r035_c021,AUTO-siret3_r035_c021-R07,68.28,,,,,
row,AUTO-siret3_r035_c021,AUTO-siret3_r035_c021-R08,70.85,,,,,
row,AUTO-siret3_r035_c021,AUTO-siret3_r035_c021-R09,65.2,,,,,
row,AUTO-siret3_r035_c021,AUTO-siret3_r035_c021-R10,60.5,,,,,
row,AUTO-siret3_r035_c021,AUTO-siret3_r035_c021-R11,54.27,,,,,
row,AUTO-siret3_r035_c021,AUTO-siret3_r035_c021-R12,47.65,,,,,
row,AUTO-siret3_r035_c021,AUTO-siret3_r035_c021-R13,37.9,,,,,
row,AUTO-siret3_r035_c021,AUTO-siret3_r035_c021-R14,25.5,,,,,
row,AUTO-siret3_r035_c021,AUTO-siret3_r035_c021-R15,11.58,,,,,
block,AUTO-siret3_r035_c021,,672.88,193.96,1864.03,402,15,
row,AUTO-siret3_r035_c022,AUTO-siret3_r035_c022-R01,9.92,,,,,
row,AUTO-siret3_r035_c022,AUTO-siret3_r035_c022-R02,16.38,,,,,
row,AUTO-siret3_r035_c022,AUTO-siret3_r035_c022-R03,21.27,,,,,
row,AUTO-siret3_r035_c022,AUTO-siret3_r035_c022-R04,27.95,,,,,
row,AUTO-siret3_r035_c022,AUTO-siret3_r035_c022-R05,38.55,,,,,
row,AUTO-siret3_r035_c022,AUTO-siret3_r035_c022-R06,48.02,,,,,
row,AUTO-siret3_r035_c022,AUTO-siret3_r035_c022-R07,56.43,,,,,
row,AUTO-siret3_r035_c022,AUTO-siret3_r035_c022-R08,61.62,,,,,
row,AUTO-siret3_r035_c022,AUTO-siret3_r035_c022-R09,71.92,,,,,
row,AUTO-siret3_r035_c022,AUTO-siret3_r035_c022-R10,68.25,,,,,
row,AUTO-siret3_r035_c022,AUTO-siret3_r035_c022-R11,58.0,,,,,
row,AUTO-siret3_r035_c022,AUTO-siret3_r035_c022-R12,54.22,,,,,
row,AUTO-siret3_r035_c022,AUTO-siret3_r035_c022-R13,45.12,,,,,
row,AUTO-siret3_r035_c022,AUTO-siret3_r035_c022-R14,38.38,,,,,
row,AUTO-siret3_r035_c022,AUTO-siret3_r035_c022-R15,34.03,,,,,
row,AUTO-siret3_r035_c022,AUTO-siret3_r035_c022-R16,26.65,,,,,
row,AUTO-siret3_r035_c022,AUTO-siret3_r035_c022-R17,22.7,,,,,
row,AUTO-siret3_r035_c022,AUTO-siret3_r035_c022-R18,13.95,,,,,
block,AUTO-siret3_r035_c022,,713.37,152.89,1945.27,333,18,
row,AUTO-siret3_r035_c023,AUTO-siret3_r035_c023-R01,23.17,,,,,
row,AUTO-siret3_r035_c023,AUTO-siret3_r035_c023-R02,28.22,,,,,
row,AUTO-siret3_r035_c023,AUTO-siret3_r035_c023-R03,42.13,,,,,
row,AUTO-siret3_r035_c023,AUTO-siret3_r035_c023-R04,55.18,,,,,
row,AUTO-siret3_r035_c023,AUTO-siret3_r035_c023-R05,60.32,,,,,
row,AUTO-siret3_r035_c023,AUTO-siret3_r035_c023-R06,66.4,,,,,
row,AUTO-siret3_r035_c023,AUTO-siret3_r035_c023-R07,71.42,,,,,
row,AUTO-siret3_r035_c023,AUTO-siret3_r035_c023-R08,63.0,,,,,
row,AUTO-siret3_r035_c023,AUTO-siret3_r035_c023-R09,49.63,,,,,
row,AUTO-siret3_r035_c023,AUTO-siret3_r035_c023-R10,45.63,,,,,
row,AUTO-siret3_r035_c023,AUTO-siret3_r035_c023-R11,34.27,,,,,
row,AUTO-siret3_r035_c023,AUTO-siret3_r035_c023-R12,26.73,,,,,
block,AUTO-siret3_r035_c023,,566.1,159.31,1790.95,336,12,
row,AUTO-siret3_r035_c024,AUTO-siret3_r035_c024-R01,16.37,,,,,
row,AUTO-siret3_r035_c024,AUTO-siret3_r035_c024-R02,31.25,,,,,
row,AUTO-siret3_r035_c024,AUTO-siret3_r035_c024-R03,41.37,,,,,
row,AUTO-siret3_r035_c024,AUTO-siret3_r035_c024-R04,48.45,,,,,
row,AUTO-siret3_r035_c024,AUTO-siret3_r035_c024-R05,61.22,,,,,
row,AUTO-siret3_r035_c024,AUTO-siret3_r035_c024-R06,71.15,,,,,
row,AUTO-siret3_r035_c024,AUTO-siret3_r035_c024-R07,62.92,,,,,
row,AUTO-siret3_r035_c024,AUTO-siret3_r035_c024-R08,55.82,,,,,
row,AUTO-siret3_r035_c024,AUTO-siret3_r035_c024-R09,48.42,,,,,
row,AUTO-siret3_r035_c024,AUTO-siret3_r035_c024-R10,42.22,,,,,
row,AUTO-siret3_r035_c024,AUTO-siret3_r035_c024-R11,31.55,,,,,
row,AUTO-siret3_r035_c024,AUTO-siret3_r035_c024-R12,25.38,,,,,
row,AUTO-siret3_r035_c024,AUTO-siret3_r035_c024-R13,19.45,,,,,
row,AUTO-siret3_r035_c024,AUTO-siret3_r035_c024-R14,9.2,,,,,
block,AUTO-siret3_r035_c024,,564.8,150.55,1822.53,312,14,
row,AUTO-siret3_r035_c025,AUTO-siret3_r035_c025-R01,9.83,,,,,
row,AUTO-siret3_r035_c025,AUTO-siret3_r035_c025-R02,18.65,,,,,
row,AUTO-siret3_r035_c025,AUTO-siret3_r035_c025-R03,25.5,,,,,
row,AUTO-siret3_r035_c025,AUTO-siret3_r035_c025-R04,30.37,,,,,
row,AUTO-siret3_r035_c025,AUTO-siret3_r035_c025-R05,36.65,,,,,
row,AUTO-siret3_r035_c025,AUTO-siret3_r035_c025-R06,41.42,,,,,
row,AUTO-siret3_r035_c025,AUTO-siret3_r035_c025-R07,46.82,,,,,
row,AUTO-siret3_r035_c025,AUTO-siret3_r035_c025-R08,52.75,,,,,
row,AUTO-siret3_r035_c025,AUTO-siret3_r035_c025-R09,59.95,,,,,
row,AUTO-siret3_r035_c025,AUTO-siret3_r035_c025-R10,57.77,,,,,
row,AUTO-siret3_r035_c025,AUTO-siret3_r035_c025-R11,60.63,,,,,
row,AUTO-siret3_r035_c025,AUTO-siret3_r035_c025-R12,62.15,,,,,
row,AUTO-siret3_r035_c025,AUTO-siret3_r035_c025-R13,62.53,,,,,
row,AUTO-siret3_r035_c025,AUTO-siret3_r035_c025-R14,58.65,,,,,
row,AUTO-siret3_r035_c025,AUTO-siret3_r035_c025-R15,48.2,,,,,
row,AUTO-siret3_r035_c025,AUTO-siret3_r035_c025-R16,45.73,,,,,
row,AUTO-siret3_r035_c025,AUTO-siret3_r035_c025-R17,42.8,,,,,
row,AUTO-siret3_r035_c025,AUTO-siret3_r035_c025-R18,34.7,,,,,
row,AUTO-siret3_r035_c025,AUTO-siret3_r035_c025-R19,21.22,,,,,
row,AUTO-siret3_r035_c025,AUTO-siret3_r035_c025-R20,14.4,,,,,
row,AUTO-siret3_r035_c025,AUTO-siret3_r035_c025-R21,9.3,,,,,
block,AUTO-siret3_r035_c025,,840.02,269.18,1876.29,541,21,
row,AUTO-siret3_r035_c026,AUTO-siret3_r035_c026-R01,19.43,,,,,
row,AUTO-siret3_r035_c026,AUTO-siret3_r035_c026-R02,23.57,,,,,
row,AUTO-siret3_r035_c026,AUTO-siret3_r035_c026-R03,35.48,,,,,
row,AUTO-siret3_r035_c026,AUTO-siret3_r035_c026-R04,39.92,,,,,
row,AUTO-siret3_r035_c026,AUTO-siret3_r035_c026-R05,45.2,,,,,
row,AUTO-siret3_r035_c026,AUTO-siret3_r035_c026-R06,50.42,,,,,
row,AUTO-siret3_r035_c026,AUTO-siret3_r035_c026-R07,55.95,,,,,
row,AUTO-siret3_r035_c026,AUTO-siret3_r035_c026-R08,61.62,,,,,
row,AUTO-siret3_r035_c026,AUTO-siret3_r035_c026-R09,35.17,,,,,
row,AUTO-siret3_r035_c026,AUTO-siret3_r035_c026-R10,68.83,,,,,
row,AUTO-siret3_r035_c026,AUTO-siret3_r035_c026-R11,61.1,,,,,
row,AUTO-siret3_r035_c026,AUTO-siret3_r035_c026-R12,55.9,,,,,
row,AUTO-siret3_r035_c026,AUTO-siret3_r035_c026-R13,50.8,,,,,
row,AUTO-siret3_r035_c026,AUTO-siret3_r035_c026-R14,38.43,,,,,
row,AUTO-siret3_r035_c026,AUTO-siret3_r035_c026-R15,31.7,,,,,
row,AUTO-siret3_r035_c026,AUTO-siret3_r035_c026-R16,26.75,,,,,
block,AUTO-siret3_r035_c026,,700.27,160.72,1641.01,332,16,
row,AUTO-siret3_r035_c027,AUTO-siret3_r035_c027-R01,13.98,,,,,
row,AUTO-siret3_r035_c027,AUTO-siret3_r035_c027-R02,27.07,,,,,
row,AUTO-siret3_r035_c027,AUTO-siret3_r035_c027-R03,38.93,,,,,
row,AUTO-siret3_r035_c027,AUTO-siret3_r035_c027-R04,50.45,,,,,
row,AUTO-siret3_r035_c027,AUTO-siret3_r035_c027-R05,61.6,,,,,
row,AUTO-siret3_r035_c027,AUTO-siret3_r035_c027-R06,62.33,,,,,
row,AUTO-siret3_r035_c027,AUTO-siret3_r035_c027-R07,59.22,,,,,
row,AUTO-siret3_r035_c027,AUTO-siret3_r035_c027-R08,54.98,,,,,
row,AUTO-siret3_r035_c027,AUTO-siret3_r035_c027-R09,50.98,,,,,
row,AUTO-siret3_r035_c027,AUTO-siret3_r035_c027-R10,41.5,,,,,
row,AUTO-siret3_r035_c027,AUTO-siret3_r035_c027-R11,32.75,,,,,
row,AUTO-siret3_r035_c027,AUTO-siret3_r035_c027-R12,25.23,,,,,
row,AUTO-siret3_r035_c027,AUTO-siret3_r035_c027-R13,17.2,,,,,
row,AUTO-siret3_r035_c027,AUTO-siret3_r035_c027-R14,7.8,,,,,
block,AUTO-siret3_r035_c027,,544.01,175.32,1579.73,351,14,
row,AUTO-siret3_r035_c028,AUTO-siret3_r035_c028-R01,19.15,,,,,
row,AUTO-siret3_r035_c028,AUTO-siret3_r035_c028-R02,16.25,,,,,
row,AUTO-siret3_r035_c028,AUTO-siret3_r035_c028-R03,25.97,,,,,
row,AUTO-siret3_r035_c028,AUTO-siret3_r035_c028-R04,28.87,,,,,
row,AUTO-siret3_r035_c028,AUTO-siret3_r035_c028-R05,31.53,,,,,
block,AUTO-siret3_r035_c028,,121.78,32.5,305.17,68,5,
row,AUTO-siret3_r036_c021,AUTO-siret3_r036_c021-R01,13.93,,,,,
row,AUTO-siret3_r036_c021,AUTO-siret3_r036_c021-R02,23.15,,,,,
row,AUTO-siret3_r036_c021,AUTO-siret3_r036_c021-R03,29.45,,,,,
row,AUTO-siret3_r036_c021,AUTO-siret3_r036_c021-R04,35.07,,,,,
row,AUTO-siret3_r036_c021,AUTO-siret3_r036_c021-R05,37.65,,,,,
row,AUTO-siret3_r036_c021,AUTO-siret3_r036_c021-R06,49.92,,,,,
row,AUTO-siret3_r036_c021,AUTO-siret3_r036_c021-R07,59.55,,,,,
row,AUTO-siret3_r036_c021,AUTO-siret3_r036_c021-R08,68.8,,,,,
row,AUTO-siret3_r036_c021,AUTO-siret3_r036_c021-R09,70.82,,,,,
row,AUTO-siret3_r036_c021,AUTO-siret3_r036_c021-R10,65.7,,,,,
block,AUTO-siret3_r036_c021,,454.05,131.37,1172.72,273,10,
row,AUTO-siret3_r036_c022,AUTO-siret3_r036_c022-R01,18.35,,,,,
row,AUTO-siret3_r036_c022,AUTO-siret3_r036_c022-R02,27.92,,,,,
row,AUTO-siret3_r036_c022,AUTO-siret3_r036_c022-R03,33.23,,,,,
row,AUTO-siret3_r036_c022,AUTO-siret3_r036_c022-R04,37.55,,,,,
row,AUTO-siret3_r036_c022,AUTO-siret3_r036_c022-R05,46.85,,,,,
row,AUTO-siret3_r036_c022,AUTO-siret3_r036_c022-R06,53.98,,,,,
row,AUTO-siret3_r036_c022,AUTO-siret3_r036_c022-R07,61.12,,,,,
row,AUTO-siret3_r036_c022,AUTO-siret3_r036_c022-R08,69.65,,,,,
row,AUTO-siret3_r036_c022,AUTO-siret3_r036_c022-R09,64.05,,,,,
row,AUTO-siret3_r036_c022,AUTO-siret3_r036_c022-R10,56.88,,,,,
row,AUTO-siret3_r036_c022,AUTO-siret3_r036_c022-R11,50.37,,,,,
row,AUTO-siret3_r036_c022,AUTO-siret3_r036_c022-R12,44.27,,,,,
row,AUTO-siret3_r036_c022,AUTO-siret3_r036_c022-R13,34.02,,,,,
row,AUTO-siret3_r036_c022,AUTO-siret3_r036_c022-R14,28.02,,,,,
row,AUTO-siret3_r036_c022,AUTO-siret3_r036_c022-R15,23.58,,,,,
row,AUTO-siret3_r036_c022,AUTO-siret3_r036_c022-R16,14.35,,,,,
row,AUTO-siret3_r036_c022,AUTO-siret3_r036_c022-R17,9.9,,,,,
block,AUTO-siret3_r036_c022,,674.1,175.06,1946.37,365,17,
row,AUTO-siret3_r036_c024,AUTO-siret3_r036_c024-R01,9.85,,,,,
row,AUTO-siret3_r036_c024,AUTO-siret3_r036_c024-R02,16.65,,,,,
row,AUTO-siret3_r036_c024,AUTO-siret3_r036_c024-R03,21.55,,,,,
row,AUTO-siret3_r036_c024,AUTO-siret3_r036_c024-R04,27.05,,,,,
row,AUTO-siret3_r036_c024,AUTO-siret3_r036_c024-R05,34.02,,,,,
row,AUTO-siret3_r036_c024,AUTO-siret3_r036_c024-R06,41.6,,,,,
row,AUTO-siret3_r036_c024,AUTO-siret3_r036_c024-R07,47.07,,,,,
row,AUTO-siret3_r036_c024,AUTO-siret3_r036_c024-R08,52.48,,,,,
row,AUTO-siret3_r036_c024,AUTO-siret3_r036_c024-R09,57.7,,,,,
row,AUTO-siret3_r036_c024,AUTO-siret3_r036_c024-R10,60.8,,,,,
row,AUTO-siret3_r036_c024,AUTO-siret3_r036_c024-R11,58.75,,,,,
row,AUTO-siret3_r036_c024,AUTO-siret3_r036_c024-R12,60.18,,,,,
row,AUTO-siret3_r036_c024,AUTO-siret3_r036_c024-R13,56.95,,,,,
row,AUTO-siret3_r036_c024,AUTO-siret3_r036_c024-R14,60.8,,,,,
row,AUTO-siret3_r036_c024,AUTO-siret3_r036_c024-R15,60.6,,,,,
row,AUTO-siret3_r036_c024,AUTO-siret3_r036_c024-R16,55.1,,,,,
row,AUTO-siret3_r036_c024,AUTO-siret3_r036_c024-R17,46.05,,,,,
row,AUTO-siret3_r036_c024,AUTO-siret3_r036_c024-R18,41.88,,,,,
row,AUTO-siret3_r036_c024,AUTO-siret3_r036_c024-R19,17.43,,,,,
row,AUTO-siret3_r036_c024,AUTO-siret3_r036_c024-R20,11.55,,,,,
block,AUTO-siret3_r036_c024,,838.05,198.0,1858.61,416,20,
row,AUTO-siret3_r036_c026,AUTO-siret3_r036_c026-R01,31.4,,,,,
row,AUTO-siret3_r036_c026,AUTO-siret3_r036_c026-R02,41.43,,,,,
row,AUTO-siret3_r036_c026,AUTO-siret3_r036_c026-R03,55.42,,,,,
row,AUTO-siret3_r036_c026,AUTO-siret3_r036_c026-R04,65.23,,,,,
row,AUTO-siret3_r036_c026,AUTO-siret3_r036_c026-R05,71.0,,,,,
row,AUTO-siret3_r036_c026,AUTO-siret3_r036_c026-R06,63.25,,,,,
row,AUTO-siret3_r036_c026,AUTO-siret3_r036_c026-R07,58.45,,,,,
row,AUTO-siret3_r036_c026,AUTO-siret3_r036_c026-R08,51.63,,,,,
row,AUTO-siret3_r036_c026,AUTO-siret3_r036_c026-R09,39.5,,,,,
row,AUTO-siret3_r036_c026,AUTO-siret3_r036_c026-R10,33.05,,,,,
row,AUTO-siret3_r036_c026,AUTO-siret3_r036_c026-R11,19.47,,,,,
row,AUTO-siret3_r036_c026,AUTO-siret3_r036_c026-R12,17.0,,,,,
block,AUTO-siret3_r036_c026,,546.83,163.56,1754.93,325,12,
row,AUTO-siret3_r036_c027,AUTO-siret3_r036_c027-R01,10.75,,,,,
row,AUTO-siret3_r036_c027,AUTO-siret3_r036_c027-R02,3.85,,,,,
row,AUTO-siret3_r036_c027,AUTO-siret3_r036_c027-R03,31.57,,,,,
block,AUTO-siret3_r036_c027,,46.17,15.37,14.86,31,3,
row,AUTO-siret3_r037_c022,AUTO-siret3_r037_c022-R01,13.4,,,,,
row,AUTO-siret3_r037_c022,AUTO-siret3_r037_c022-R02,18.22,,,,,
row,AUTO-siret3_r037_c022,AUTO-siret3_r037_c022-R03,26.42,,,,,
row,AUTO-siret3_r037_c022,AUTO-siret3_r037_c022-R04,39.55,,,,,
row,AUTO-siret3_r037_c022,AUTO-siret3_r037_c022-R05,48.1,,,,,
row,AUTO-siret3_r037_c022,AUTO-siret3_r037_c022-R06,52.95,,,,,
row,AUTO-siret3_r037_c022,AUTO-siret3_r037_c022-R07,67.6,,,,,
row,AUTO-siret3_r037_c022,AUTO-siret3_r037_c022-R08,69.2,,,,,
row,AUTO-siret3_r037_c022,AUTO-siret3_r037_c022-R09,42.22,,,,,
row,AUTO-siret3_r037_c022,AUTO-siret3_r037_c022-R10,50.52,,,,,
row,AUTO-siret3_r037_c022,AUTO-siret3_r037_c022-R11,37.35,,,,,
block,AUTO-siret3_r037_c022,,465.55,144.51,1444.38,282,11,
row,AUTO-siret3_r037_c023,AUTO-siret3_r037_c023-R01,45.77,,,,,
row,AUTO-siret3_r037_c023,AUTO-siret3_r037_c023-R02,66.37,,,,,
row,AUTO-siret3_r037_c023,AUTO-siret3_r037_c023-R03,71.7,,,,,
row,AUTO-siret3_r037_c023,AUTO-siret3_r037_c023-R04,54.22,,,,,
row,AUTO-siret3_r037_c023,AUTO-siret3_r037_c023-R05,49.7,,,,,
row,AUTO-siret3_r037_c023,AUTO-siret3_r037_c023-R06,46.62,,,,,
row,AUTO-siret3_r037_c023,AUTO-siret3_r037_c023-R07,40.83,,,,,
row,AUTO-siret3_r037_c023,AUTO-siret3_r037_c023-R08,34.98,,,,,
row,AUTO-siret3_r037_c023,AUTO-siret3_r037_c023-R09,21.57,,,,,
row,AUTO-siret3_r037_c023,AUTO-siret3_r037_c023-R10,15.85,,,,,
block,AUTO-siret3_r037_c023,,447.62,111.41,1435.61,225,10,
row,AUTO-siret3_r037_c024,AUTO-siret3_r037_c024-R01,11.7,,,,,
row,AUTO-siret3_r037_c024,AUTO-siret3_r037_c024-R02,25.47,,,,,
row,AUTO-siret3_r037_c024,AUTO-siret3_r037_c024-R03,30.95,,,,,
row,AUTO-siret3_r037_c024,AUTO-siret3_r037_c024-R04,40.82,,,,,
row,AUTO-siret3_r037_c024,AUTO-siret3_r037_c024-R05,50.6,,,,,
row,AUTO-siret3_r037_c024,AUTO-siret3_r037_c024-R06,55.15,,,,,
row,AUTO-siret3_r037_c024,AUTO-siret3_r037_c024-R07,59.93,,,,,
row,AUTO-siret3_r037_c024,AUTO-siret3_r037_c024-R08,59.75,,,,,
row,AUTO-siret3_r037_c024,AUTO-siret3_r037_c024-R09,52.23,,,,,
row,AUTO-siret3_r037_c024,AUTO-siret3_r037_c024-R10,58.77,,,,,
row,AUTO-siret3_r037_c024,AUTO-siret3_r037_c024-R11,59.62,,,,,
row,AUTO-siret3_r037_c024,AUTO-siret3_r037_c024-R12,54.65,,,,,
block,AUTO-siret3_r037_c024,,559.65,149.11,1435.08,303,12,
row,AUTO-siret3_r037_c025,AUTO-siret3_r037_c025-R01,32.2,,,,,
row,AUTO-siret3_r037_c025,AUTO-siret3_r037_c025-R02,37.15,,,,,
row,AUTO-siret3_r037_c025,AUTO-siret3_r037_c025-R03,43.02,,,,,
row,AUTO-siret3_r037_c025,AUTO-siret3_r037_c025-R04,48.17,,,,,
row,AUTO-siret3_r037_c025,AUTO-siret3_r037_c025-R05,53.73,,,,,
row,AUTO-siret3_r037_c025,AUTO-siret3_r037_c025-R06,58.45,,,,,
row,AUTO-siret3_r037_c025,AUTO-siret3_r037_c025-R07,62.8,,,,,
row,AUTO-siret3_r037_c025,AUTO-siret3_r037_c025-R08,62.22,,,,,
row,AUTO-siret3_r037_c025,AUTO-siret3_r037_c025-R09,61.0,,,,,
row,AUTO-siret3_r037_c025,AUTO-siret3_r037_c025-R10,50.48,,,,,
row,AUTO-siret3_r037_c025,AUTO-siret3_r037_c025-R11,51.67,,,,,
row,AUTO-siret3_r037_c025,AUTO-siret3_r037_c025-R12,52.25,,,,,
row,AUTO-siret3_r037_c025,AUTO-siret3_r037_c025-R13,45.3,,,,,
row,AUTO-siret3_r037_c025,AUTO-siret3_r037_c025-R14,39.55,,,,,
row,AUTO-siret3_r037_c025,AUTO-siret3_r037_c025-R15,25.53,,,,,
row,AUTO-siret3_r037_c025,AUTO-siret3_r037_c025-R16,23.7,,,,,
row,AUTO-siret3_r037_c025,AUTO-siret3_r037_c025-R17,8.85,,,,,
block,AUTO-siret3_r037_c025,,756.07,254.68,1716.33,508,17,
row,AUTO-siret3_r037_c026,AUTO-siret3_r037_c026-R01,23.3,,,,,
row,AUTO-siret3_r037_c026,AUTO-siret3_r037_c026-R02,34.75,,,,,
row,AUTO-siret3_r037_c026,AUTO-siret3_r037_c026-R03,46.32,,,,,
row,AUTO-siret3_r037_c026,AUTO-siret3_r037_c026-R04,38.8,,,,,
row,AUTO-siret3_r037_c026,AUTO-siret3_r037_c026-R05,32.15,,,,,
row,AUTO-siret3_r037_c026,AUTO-siret3_r037_c026-R06,25.48,,,,,
row,AUTO-siret3_r037_c026,AUTO-siret3_r037_c026-R07,17.25,,,,,
block,AUTO-siret3_r037_c026,,218.05,83.08,522.74,159,7,
row,AUTO-siret3_r038_c022,AUTO-siret3_r038_c022-R01,8.18,,,,,
row,AUTO-siret3_r038_c022,AUTO-siret3_r038_c022-R02,14.0,,,,,
row,AUTO-siret3_r038_c022,AUTO-siret3_r038_c022-R03,19.08,,,,,
row,AUTO-siret3_r038_c022,AUTO-siret3_r038_c022-R04,25.53,,,,,
row,AUTO-siret3_r038_c022,AUTO-siret3_r038_c022-R05,28.35,,,,,
row,AUTO-siret3_r038_c022,AUTO-siret3_r038_c022-R06,27.38,,,,,
row,AUTO-siret3_r038_c022,AUTO-siret3_r038_c022-R07,16.4,,,,,
row,AUTO-siret3_r038_c022,AUTO-siret3_r038_c022-R08,11.07,,,,,
block,AUTO-siret3_r038_c022,,149.98,48.03,236.0,103,8,
row,AUTO-siret3_r038_c023,AUTO-siret3_r038_c023-R01,10.7,,,,,
row,AUTO-siret3_r038_c023,AUTO-siret3_r038_c023-R02,16.4,,,,,
row,AUTO-siret3_r038_c023,AUTO-siret3_r038_c023-R03,22.28,,,,,
row,AUTO-siret3_r038_c023,AUTO-siret3_r038_c023-R04,28.0,,,,,
row,AUTO-siret3_r038_c023,AUTO-siret3_r038_c023-R05,34.4,,,,,
row,AUTO-siret3_r038_c023,AUTO-siret3_r038_c023-R06,39.15,,,,,
row,AUTO-siret3_r038_c023,AUTO-siret3_r038_c023-R07,44.6,,,,,
row,AUTO-siret3_r038_c023,AUTO-siret3_r038_c023-R08,50.9,,,,,
row,AUTO-siret3_r038_c023,AUTO-siret3_r038_c023-R09,56.4,,,,,
row,AUTO-siret3_r038_c023,AUTO-siret3_r038_c023-R10,61.78,,,,,
row,AUTO-siret3_r038_c023,AUTO-siret3_r038_c023-R11,65.37,,,,,
row,AUTO-siret3_r038_c023,AUTO-siret3_r038_c023-R12,65.55,,,,,
row,AUTO-siret3_r038_c023,AUTO-siret3_r038_c023-R13,65.5,,,,,
row,AUTO-siret3_r038_c023,AUTO-siret3_r038_c023-R14,64.35,,,,,
row,AUTO-siret3_r038_c023,AUTO-siret3_r038_c023-R15,58.3,,,,,
row,AUTO-siret3_r038_c023,AUTO-siret3_r038_c023-R16,52.82,,,,,
row,AUTO-siret3_r038_c023,AUTO-siret3_r038_c023-R17,47.42,,,,,
row,AUTO-siret3_r038_c023,AUTO-siret3_r038_c023-R18,41.42,,,,,
row,AUTO-siret3_r038_c023,AUTO-siret3_r038_c023-R19,35.92,,,,,
row,AUTO-siret3_r038_c023,AUTO-siret3_r038_c023-R20,26.9,,,,,
block,AUTO-siret3_r038_c023,,888.17,245.54,1808.05,553,20,
row,AUTO-siret3_r038_c024,AUTO-siret3_r038_c024-R01,9.4,,,,,
row,AUTO-siret3_r038_c024,AUTO-siret3_r038_c024-R02,16.33,,,,,
row,AUTO-siret3_r038_c024,AUTO-siret3_r038_c024-R03,20.97,,,,,
row,AUTO-siret3_r038_c024,AUTO-siret3_r038_c024-R04,28.5,,,,,
row,AUTO-siret3_r038_c024,AUTO-siret3_r038_c024-R05,41.17,,,,,
row,AUTO-siret3_r038_c024,AUTO-siret3_r038_c024-R06,46.65,,,,,
row,AUTO-siret3_r038_c024,AUTO-siret3_r038_c024-R07,45.6,,,,,
row,AUTO-siret3_r038_c024,AUTO-siret3_r038_c024-R08,55.05,,,,,
row,AUTO-siret3_r038_c024,AUTO-siret3_r038_c024-R09,59.45,,,,,
row,AUTO-siret3_r038_c024,AUTO-siret3_r038_c024-R10,49.92,,,,,
row,AUTO-siret3_r038_c024,AUTO-siret3_r038_c024-R11,49.25,,,,,
row,AUTO-siret3_r038_c024,AUTO-siret3_r038_c024-R12,46.2,,,,,
row,AUTO-siret3_r038_c024,AUTO-siret3_r038_c024-R13,43.15,,,,,
row,AUTO-siret3_r038_c024,AUTO-siret3_r038_c024-R14,17.4,,,,,
row,AUTO-siret3_r038_c024,AUTO-siret3_r038_c024-R15,17.42,,,,,
block,AUTO-siret3_r038_c024,,546.48,174.89,1625.31,351,15,
row,AUTO-siret3_r038_c025,AUTO-siret3_r038_c025-R01,42.2,,,,,
row,AUTO-siret3_r038_c025,AUTO-siret3_r038_c025-R02,39.65,,,,,
row,AUTO-siret3_r038_c025,AUTO-siret3_r038_c025-R03,38.8,,,,,
row,AUTO-siret3_r038_c025,AUTO-siret3_r038_c025-R04,27.73,,,,,
row,AUTO-siret3_r038_c025,AUTO-siret3_r038_c025-R05,21.5,,,,,
row,AUTO-siret3_r038_c025,AUTO-siret3_r038_c025-R06,7.0,,,,,
row,AUTO-siret3_r038_c025,AUTO-siret3_r038_c025-R07,4.35,,,,,
block,AUTO-siret3_r038_c025,,181.23,63.79,448.69,128,7,
row,AUTO-siret3_r039_c023,AUTO-siret3_r039_c023-R01,7.87,,,,,
row,AUTO-siret3_r039_c023,AUTO-siret3_r039_c023-R02,13.1,,,,,
row,AUTO-siret3_r039_c023,AUTO-siret3_r039_c023-R03,16.97,,,,,
row,AUTO-siret3_r039_c023,AUTO-siret3_r039_c023-R04,19.5,,,,,
row,AUTO-siret3_r039_c023,AUTO-siret3_r039_c023-R05,22.35,,,,,
row,AUTO-siret3_r039_c023,AUTO-siret3_r039_c023-R06,22.2,,,,,
row,AUTO-siret3_r039_c023,AUTO-siret3_r039_c023-R07,22.63,,,,,
row,AUTO-siret3_r039_c023,AUTO-siret3_r039_c023-R08,22.72,,,,,
block,AUTO-siret3_r039_c023,,147.34,59.0,265.01,119,8,
row,V01,V01-R01,1.1,,,,,
row,V01,V01-R02,6.4,,,,,
row,V01,V01-R03,12.4,,,,,
row,V01,V01-R04,18.0,,,,,
row,V01,V01-R05,24.3,,,,,
row,V01,V01-R06,30.18,,,,,
row,V01,V01-R07,36.07,,,,,
row,V01,V01-R08,42.3,,,,,
row,V01,V01-R09,48.03,,,,,
row,V01,V01-R10,55.79,,,,,
row,V01,V01-R11,63.29,,,,,
row,V01,V01-R12,64.61,,,,,
row,V01,V01-R13,64.54,,,,,
row,V01,V01-R14,64.35,,,,,
row,V01,V01-R15,63.45,,,,,
row,V01,V01-R16,58.0,,,,,
row,V01,V01-R17,52.38,,,,,
row,V01,V01-R18,46.02,,,,,
row,V01,V01-R19,39.85,,,,,
row,V01,V01-R20,34.01,,,,,
row,V01,V01-R21,28.36,,,,,
row,V01,V01-R22,22.53,,,,,
row,V01,V01-R23,16.74,,,,,
row,V01,V01-R24,11.33,,,,,
row,V01,V01-R25,6.06,,,,,
block,V01,,910.1,237.12,2068.03,399,25,
row,V02,V02-R01,5.13,,,,,
row,V02,V02-R02,11.98,,,,,
row,V02,V02-R03,18.97,,,,,
row,V02,V02-R04,26.52,,,,,
row,V02,V02-R05,33.77,,,,,
row,V02,V02-R06,40.98,,,,,
row,V02,V02-R07,47.69,,,,,
row,V02,V02-R08,55.38,,,,,
row,V02,V02-R09,55.58,,,,,
row,V02,V02-R10,55.49,,,,,
row,V02,V02-R11,55.55,,,,,
row,V02,V02-R12,55.51,,,,,
row,V02,V02-R13,55.55,,,,,
row,V02,V02-R14,55.52,,,,,
row,V02,V02-R15,55.62,,,,,
row,V02,V02-R16,55.61,,,,,
row,V02,V02-R17,55.56,,,,,
row,V02,V02-R18,55.57,,,,,
row,V02,V02-R19,53.84,,,,,
row,V02,V02-R20,46.52,,,,,
row,V02,V02-R21,40.02,,,,,
row,V02,V02-R22,33.58,,,,,
row,V02,V02-R23,25.73,,,,,
row,V02,V02-R24,18.8,,,,,
row,V02,V02-R25,12.03,,,,,
row,V02,V02-R26,4.99,,,,,
block,V02,,1031.45,299.06,1996.36,251,26,
total,,,112350.74,31811.25,320506.41,,2837,230
